{
"type": "FeatureCollection",
"features": [
{"type": "Feature", "properties": {"ProjectID": "P1248", "OBJECTID": 141142, "ID_LIC": 1301010, "Gasoducto": 10001019, "Tramo": 10001019001, "TdTrm": "Troncal", "PkiTrm": 0, "PkfTrm": 17797, "Long": 17797, "PrsDsn": 200.05746487, "Mapo": 60, "Diametro": 4, "Espesor": 4.78, "MatNyG": "API - 5L / 42000 / ERW / 250", "Construc": "Techint", "FchHab": 126230400000, "PrsMaxPru": 0, "PrsMinPru": 0, "FldPru": "Agua", "FchPru": 126230400000, "Unifilar": "GA-30-IF", "Fuente": "", "Licenciataria": 10001, "ID_TEOS": null, "Obs": "FchHab es FECHA_INSTALACION"}, "geometry": {"type": "LineString", "coordinates": [[-61.608929, -38.480217], [-61.608929, -38.480218], [-61.609995, -38.489556], [-61.610195, -38.491303], [-61.610787, -38.496913], [-61.611495, -38.503506], [-61.6121, -38.509134], [-61.612165, -38.509826], [-61.612061, -38.510173], [-61.612112, -38.510825], [-61.612643, -38.514847], [-61.613093, -38.518465], [-61.613149, -38.518883], [-61.613673, -38.52281], [-61.614329, -38.527713], [-61.615557, -38.536872], [-61.616035, -38.540505], [-61.616823, -38.546497], [-61.618086, -38.556724], [-61.619323, -38.566564], [-61.619459, -38.567754], [-61.621156, -38.581815], [-61.621627, -38.58561], [-61.622917, -38.596371], [-61.623005, -38.597068], [-61.623404, -38.600417], [-61.625156, -38.614819], [-61.625622, -38.618651], [-61.625883, -38.620594], [-61.625913, -38.620812], [-61.626005, -38.621495], [-61.626327, -38.624062], [-61.626369, -38.624389], [-61.628124, -38.638301], [-61.629148, -38.639148]]}},
{"type": "Feature", "properties": {"ProjectID": "P1248", "OBJECTID": 141143, "ID_LIC": 1302010, "Gasoducto": 10001018, "Tramo": 10001018001, "TdTrm": "Troncal", "PkiTrm": 0, "PkfTrm": 14872, "Long": 14872, "PrsDsn": 200.05746487, "Mapo": 60, "Diametro": 4, "Espesor": 4.78, "MatNyG": "API - 5L / 42000 / ERW / 250", "Construc": "Techint", "FchHab": 126230400000, "PrsMaxPru": 0, "PrsMinPru": 0, "FldPru": "Agua", "FchPru": 126230400000, "Unifilar": "GA-31-IF", "Fuente": "", "Licenciataria": 10001, "ID_TEOS": null, "Obs": "FchHab es FECHA_INSTALACION"}, "geometry": {"type": "LineString", "coordinates": [[-58.66614, -35.974626], [-58.666457, -35.974549], [-58.686633, -35.969632], [-58.701311, -35.966035], [-58.722189, -35.960922], [-58.742298, -35.95602], [-58.746783, -35.954916], [-58.750892, -35.953905], [-58.758044, -35.952144], [-58.764366, -35.950582], [-58.764423, -35.950583], [-58.765018, -35.950646], [-58.765116, -35.950657], [-58.774348, -35.948282], [-58.791788, -35.943847], [-58.800923, -35.942321], [-58.805957, -35.940233], [-58.810445, -35.93906], [-58.821464, -35.936244], [-58.82158, -35.935958], [-58.822023, -35.934443]]}},
{"type": "Feature", "properties": {"ProjectID": "P1248", "OBJECTID": 162, "NOMBRE": "GASODUCTO SAN MARTÍN", "longitud_km": 326.8, "pais": "ARGENTINA", "Shape__Length": 3.5477299499004986}, "geometry": {"type": "LineString", "coordinates": [[-62.39001, -38.682782], [-62.38958, -38.682679], [-62.386269, -38.682002], [-62.38591, -38.681363], [-62.382564, -38.680535], [-62.377496, -38.679329], [-62.368241, -38.67719], [-62.356007, -38.674886], [-62.354686, -38.674628], [-62.350795, -38.673715], [-62.3493, -38.673365], [-62.34803, -38.672853], [-62.332431, -38.66919], [-62.31456, -38.665089], [-62.294343, -38.660405], [-62.27777, -38.656497], [-62.261852, -38.652873], [-62.238676, -38.64758], [-62.220929, -38.643518], [-62.210762, -38.641007], [-62.135716, -38.62329], [-62.123615, -38.620247], [-62.105675, -38.615604], [-62.09694, -38.613215], [-62.080793, -38.608832], [-62.042228, -38.598439], [-62.028482, -38.594849], [-62.007157, -38.589014], [-61.995872, -38.586046], [-61.974165, -38.580308], [-61.92994, -38.568249], [-61.905188, -38.561216], [-61.904886, -38.561194], [-61.9036, -38.561137], [-61.903039, -38.560995], [-61.873553, -38.553204], [-61.860787, -38.549769], [-61.841494, -38.544536], [-61.827261, -38.540682], [-61.794483, -38.531701], [-61.793775, -38.531507], [-61.769303, -38.525028], [-61.766928, -38.524256], [-61.764292, -38.523325], [-61.749544, -38.519263], [-61.745105, -38.518195], [-61.740602, -38.516762], [-61.730328, -38.513469], [-61.725343, -38.512164], [-61.709331, -38.507993], [-61.684501, -38.5011], [-61.677762, -38.49935], [-61.623526, -38.484038], [-61.609331, -38.48017], [-61.602124, -38.478091], [-61.589141, -38.474534], [-61.585302, -38.473], [-61.575707, -38.469217], [-61.55937, -38.462771], [-61.543493, -38.456287], [-61.519396, -38.446312], [-61.502663, -38.43998], [-61.499045, -38.438598], [-61.484669, -38.432882], [-61.483661, -38.432496], [-61.48014, -38.431134], [-61.443764, -38.416881], [-61.419261, -38.407313], [-61.401628, -38.400797], [-61.394661, -38.397474], [-61.385533, -38.39411], [-61.385008, -38.393914], [-61.376334, -38.390463], [-61.35339, -38.38152], [-61.331111, -38.372736], [-61.310233, -38.364484], [-61.308308, -38.36347], [-61.292553, -38.357271], [-61.276515, -38.350821], [-61.262528, -38.345191], [-61.252709, -38.341289], [-61.206976, -38.322012], [-61.167433, -38.305194], [-61.15909, -38.30166], [-61.15049, -38.298051], [-61.141661, -38.294299], [-61.120374, -38.28503], [-61.10824, -38.279729], [-61.091216, -38.272596], [-61.084095, -38.269594], [-61.075126, -38.265716], [-61.074117, -38.264809], [-61.021866, -38.242863], [-61.018619, -38.241591], [-61.016567, -38.240547], [-61.004113, -38.235109], [-60.993055, -38.230418], [-60.917753, -38.197934], [-60.904964, -38.19237], [-60.90357, -38.191775], [-60.878289, -38.18075], [-60.863338, -38.173791], [-60.847112, -38.167238], [-60.729744, -38.11589], [-60.707706, -38.106139], [-60.706759, -38.105712], [-60.699823, -38.102643], [-60.68964, -38.098852], [-60.661594, -38.087268], [-60.661145, -38.087064], [-60.66034, -38.087077], [-60.660036, -38.086932], [-60.65797, -38.086039], [-60.657669, -38.085922], [-60.655034, -38.084744], [-60.648334, -38.081751], [-60.471303, -38.007446], [-60.032187, -37.823148], [-59.8031, -37.725969], [-59.778296, -37.705681], [-59.736721, -37.671864], [-59.67267, -37.641864], [-59.655204, -37.633589], [-59.56844, -37.592735], [-59.531063, -37.575146], [-59.512253, -37.566321], [-59.487384, -37.554605], [-59.485504, -37.55372], [-59.459898, -37.541748], [-59.457669, -37.540667], [-59.441869, -37.533098], [-59.432023, -37.528583], [-59.364881, -37.496908], [-59.328489, -37.476323], [-59.3257, -37.4741], [-59.310551, -37.461962], [-59.310202, -37.461774], [-59.290945, -37.446873], [-59.284324, -37.441418], [-59.276819, -37.43528], [-59.272249, -37.431549], [-59.267351, -37.423271], [-59.26631, -37.42154], [-59.264148, -37.41801], [-59.25813, -37.408061], [-59.257207, -37.406548], [-59.250375, -37.395076], [-59.238968, -37.376228], [-59.233303, -37.366729], [-59.227252, -37.356769], [-59.21964, -37.344168], [-59.219318, -37.342663], [-59.219087, -37.333586], [-59.218969, -37.330763], [-59.220332, -37.325507], [-59.222939, -37.321694], [-59.225665, -37.317976], [-59.227332, -37.31616], [-59.226522, -37.309065], [-59.220681, -37.299499], [-59.215386, -37.291136], [-59.2149, -37.290375], [-59.210365, -37.28311], [-59.209791, -37.282026], [-59.2094, -37.281033]]}},
{"type": "Feature", "properties": {"ProjectID": "P1248", "OBJECTID": 207, "NOMBRE": "GASODUCTO NEUBA I", "longitud_km": 304.9, "pais": "ARGENTINA", "Shape__Length": 3.125518701199907}, "geometry": {"type": "LineString", "coordinates": [[-62.389657, -38.683496], [-62.389201, -38.683376], [-62.387919, -38.683091], [-62.385461, -38.682541], [-62.385049, -38.681915], [-62.373623, -38.679681], [-62.363977, -38.67752], [-62.358785, -38.676297], [-62.355217, -38.675463], [-62.354352, -38.675249], [-62.34926, -38.673499], [-62.34797, -38.672959], [-62.329162, -38.668616], [-62.305521, -38.6632], [-62.292615, -38.66013], [-62.27856, -38.656824], [-62.269698, -38.654851], [-62.258953, -38.652355], [-62.255686, -38.651613], [-62.242312, -38.648525], [-62.219106, -38.643163], [-62.21069, -38.64114], [-62.160612, -38.629569], [-62.143462, -38.625341], [-62.135518, -38.623371], [-62.12907, -38.621766], [-62.123507, -38.620328], [-62.111783, -38.617304], [-62.105571, -38.615684], [-62.096929, -38.613352], [-62.09036, -38.611568], [-62.080999, -38.609053], [-62.07781, -38.608196], [-62.042139, -38.598573], [-62.02913, -38.595168], [-62.022822, -38.593499], [-62.013096, -38.590833], [-62.007029, -38.589156], [-62.002453, -38.58794], [-61.99585, -38.586208], [-61.985282, -38.583415], [-61.974097, -38.580463], [-61.970779, -38.579555], [-61.95994, -38.576609], [-61.935918, -38.570029], [-61.929363, -38.568229], [-61.914085, -38.563813], [-61.911854, -38.563158], [-61.905427, -38.561485], [-61.903812, -38.561325], [-61.90297, -38.561115], [-61.861703, -38.550212], [-61.84482, -38.545585], [-61.841408, -38.544645], [-61.836859, -38.543403], [-61.833061, -38.542392], [-61.827131, -38.540798], [-61.826087, -38.540504], [-61.79426, -38.531795], [-61.793662, -38.531625], [-61.784829, -38.529132], [-61.774567, -38.526539], [-61.769364, -38.525179], [-61.767036, -38.524466], [-61.764085, -38.523408], [-61.761644, -38.522762], [-61.74929, -38.519337], [-61.745063, -38.518363], [-61.740568, -38.516903], [-61.730182, -38.513587], [-61.725349, -38.512315], [-61.716642, -38.510048], [-61.70756, -38.507723], [-61.69534, -38.504318], [-61.688018, -38.502236], [-61.684349, -38.50122], [-61.671415, -38.497761], [-61.661818, -38.495074], [-61.65198, -38.492231], [-61.623414, -38.484148], [-61.620818, -38.483451], [-61.609279, -38.480305], [-61.60845, -38.480075], [-61.607817, -38.479892], [-61.601999, -38.478215], [-61.589114, -38.474691], [-61.585085, -38.473078], [-61.579249, -38.470794], [-61.575403, -38.469259], [-61.569094, -38.466762], [-61.56793, -38.466325], [-61.559132, -38.462847], [-61.555771, -38.461524], [-61.554063, -38.460845], [-61.550766, -38.459468], [-61.543372, -38.456379], [-61.53591, -38.453383], [-61.524703, -38.448699], [-61.519194, -38.446417], [-61.518379, -38.446073], [-61.507816, -38.44209], [-61.502396, -38.440041], [-61.499721, -38.439031], [-61.495682, -38.437363], [-61.48984, -38.43506], [-61.484599, -38.433026], [-61.483011, -38.4324], [-61.480045, -38.43124], [-61.473393, -38.428694], [-61.450127, -38.419704], [-61.443593, -38.416989], [-61.426159, -38.410087], [-61.419153, -38.407431], [-61.401451, -38.400932], [-61.394509, -38.397568], [-61.385424, -38.394203], [-61.384754, -38.393946], [-61.382858, -38.393175], [-61.376367, -38.39064], [-61.369425, -38.388066], [-61.365251, -38.386519], [-61.36045, -38.384496], [-61.355842, -38.382655], [-61.353273, -38.381637], [-61.346229, -38.378861], [-61.340339, -38.376549], [-61.332298, -38.373357], [-61.329567, -38.37228], [-61.320802, -38.368793], [-61.314901, -38.366446], [-61.310068, -38.3646], [-61.30812, -38.363561], [-61.306109, -38.362846], [-61.30495, -38.362409], [-61.297295, -38.359321], [-61.292735, -38.3575], [-61.28699, -38.355207], [-61.284383, -38.35416], [-61.280048, -38.352422], [-61.276363, -38.350925], [-61.262362, -38.345308], [-61.251976, -38.34116], [-61.242739, -38.337322], [-61.235964, -38.334465], [-61.228378, -38.331284], [-61.223127, -38.329045], [-61.206851, -38.322118], [-61.167385, -38.305303], [-61.158705, -38.30163], [-61.154178, -38.299729], [-61.150385, -38.298134], [-61.144715, -38.295764], [-61.141893, -38.294581], [-61.140241, -38.293833], [-61.134764, -38.291435], [-61.120232, -38.285128], [-61.108044, -38.279822], [-61.106736, -38.279249], [-61.091081, -38.272697], [-61.08694, -38.270966], [-61.084027, -38.269724], [-61.074988, -38.265807], [-61.073985, -38.264884], [-61.066743, -38.261923], [-61.051615, -38.255639], [-61.042335, -38.251755], [-61.021832, -38.242996], [-61.018571, -38.241671], [-61.016167, -38.240514], [-61.002617, -38.23462], [-60.992966, -38.230528], [-60.984378, -38.22686], [-60.970323, -38.220776], [-60.920986, -38.199438], [-60.917607, -38.197971], [-60.914442, -38.196613], [-60.904883, -38.192475], [-60.903544, -38.191891], [-60.898445, -38.189688], [-60.891697, -38.186766], [-60.890439, -38.18622], [-60.888049, -38.185177], [-60.880555, -38.181904], [-60.87151, -38.177742], [-60.86738, -38.175794], [-60.863129, -38.173802], [-60.847043, -38.167315], [-60.833852, -38.161545], [-60.8286, -38.15924], [-60.758442, -38.128649], [-60.729568, -38.115976], [-60.72835, -38.115444], [-60.725411, -38.11414], [-60.707571, -38.106217], [-60.699771, -38.102756], [-60.689313, -38.098902], [-60.686567, -38.097809], [-60.676171, -38.093488], [-60.661539, -38.087374], [-60.661091, -38.087176], [-60.66034, -38.087176], [-60.658141, -38.086232], [-60.658087, -38.086323], [-60.657586, -38.086105], [-60.657636, -38.086038], [-60.657376, -38.08593], [-60.656145, -38.085565], [-60.65508, -38.084614]]}},
{"type": "Feature", "properties": {"ProjectID": "P1248", "OBJECTID": 390, "NOMBRE": "GASODUCTO SAN MARTÍN", "longitud_km": 144.3, "pais": "ARGENTINA", "Shape__Length": 1.335034609445511}, "geometry": {"type": "LineString", "coordinates": [[-59.209322, -37.280829], [-59.209246, -37.280656], [-59.209045, -37.2804], [-59.208637, -37.279623], [-59.207055, -37.275543], [-59.204357, -37.269169], [-59.204056, -37.268478], [-59.19373, -37.244268], [-59.188156, -37.23123], [-59.180077, -37.211986], [-59.177041, -37.206218], [-59.17599, -37.203569], [-59.16966, -37.187878], [-59.168007, -37.182612], [-59.160089, -37.161753], [-59.155605, -37.151902], [-59.151571, -37.145437], [-59.14479, -37.128024], [-59.134898, -37.106174], [-59.13286, -37.101082], [-59.117217, -37.064287], [-59.101864, -37.02821], [-59.101746, -37.028039], [-59.100437, -37.027054], [-59.090738, -37.003786], [-59.084709, -36.988997], [-59.072928, -36.960906], [-59.057355, -36.923247], [-59.05613, -36.920288], [-59.040731, -36.883173], [-59.035613, -36.870892], [-59.023071, -36.840425], [-59.01348, -36.817496], [-59.000723, -36.786656], [-58.979287, -36.734344], [-58.954482, -36.674021], [-58.939998, -36.641737], [-58.938968, -36.639387], [-58.935583, -36.631703], [-58.932713, -36.624319], [-58.927757, -36.611738], [-58.924436, -36.60316], [-58.920686, -36.593513], [-58.914002, -36.577119], [-58.906953, -36.56017], [-58.899218, -36.541622], [-58.897024, -36.536256], [-58.889422, -36.517845], [-58.886826, -36.511594], [-58.877792, -36.486487], [-58.865004, -36.458966], [-58.859961, -36.446815], [-58.853524, -36.431296], [-58.842527, -36.405197], [-58.82889, -36.372749], [-58.825564, -36.364282], [-58.79429, -36.288857], [-58.792965, -36.285588], [-58.780643, -36.254258], [-58.761342, -36.205135], [-58.757812, -36.196287], [-58.757232, -36.19478], [-58.734992, -36.138447], [-58.733801, -36.135483], [-58.719987, -36.100448], [-58.719692, -36.099724], [-58.71855, -36.096872], [-58.699163, -36.048674], [-58.698906, -36.047833]]}},
{"type": "Feature", "properties": {"ProjectID": "P1248", "OBJECTID": 396, "NOMBRE": "GASODUCTO SAN MARTÍN", "longitud_km": 39.5, "pais": "ARGENTINA", "Shape__Length": 0.3751409288145679}, "geometry": {"type": "LineString", "coordinates": [[-67.942118, -46.660744], [-67.942417, -46.644171], [-67.942545, -46.643956], [-68.030279, -46.555586], [-68.030331, -46.555334], [-68.013324, -46.423677], [-68.013298, -46.422996], [-68.035112, -46.348276], [-68.041345, -46.326905]]}},
{"type": "Feature", "properties": {"ProjectID": "P1248", "OBJECTID": 456, "NOMBRE": "GASODUCTO SAN MARTÍN", "longitud_km": 121, "pais": "ARGENTINA", "Shape__Length": 1.1191835548096971}, "geometry": {"type": "LineString", "coordinates": [[-58.69881, -36.047609], [-58.698353, -36.046796], [-58.6677, -35.978067], [-58.666115, -35.974572], [-58.665565, -35.973335], [-58.628368, -35.889919], [-58.627709, -35.8885], [-58.617194, -35.864461], [-58.60307, -35.831888], [-58.597437, -35.817543], [-58.576435, -35.763623], [-58.57385, -35.756597], [-58.572439, -35.75299], [-58.571017, -35.749212], [-58.57106, -35.748844], [-58.571076, -35.74744], [-58.567128, -35.735148], [-58.564757, -35.726778], [-58.557885, -35.710738], [-58.553781, -35.701307], [-58.550971, -35.691269], [-58.543203, -35.672777], [-58.535736, -35.650008], [-58.535349, -35.648125], [-58.531744, -35.63829], [-58.526246, -35.624477], [-58.520211, -35.607897], [-58.519728, -35.606807], [-58.515968, -35.597761], [-58.515962, -35.597292], [-58.515657, -35.596482], [-58.511381, -35.588033], [-58.509729, -35.580546], [-58.502283, -35.560667], [-58.497949, -35.55021], [-58.493979, -35.537185], [-58.489687, -35.525643], [-58.486973, -35.51864], [-58.476019, -35.489817], [-58.470676, -35.475856], [-58.470676, -35.473026], [-58.467221, -35.466944], [-58.464968, -35.460836], [-58.464813, -35.460371], [-58.462994, -35.456091], [-58.451933, -35.426791], [-58.449599, -35.415386], [-58.448515, -35.413537], [-58.44402, -35.405793], [-58.442802, -35.402602], [-58.437974, -35.389872], [-58.435571, -35.385761], [-58.434713, -35.3813], [-58.395086, -35.279149], [-58.391647, -35.270066], [-58.389379, -35.264296], [-58.38935, -35.26419], [-58.389365, -35.264083], [-58.389713, -35.262904], [-58.389729, -35.262674], [-58.38967, -35.262432], [-58.385618, -35.251954], [-58.381509, -35.242798], [-58.377078, -35.232194], [-58.373601, -35.223623], [-58.36666, -35.207293], [-58.361744, -35.195575], [-58.358984, -35.189528], [-58.351556, -35.178088], [-58.348455, -35.168559], [-58.337746, -35.137862], [-58.330965, -35.120839], [-58.319292, -35.091681], [-58.305784, -35.072726], [-58.303888, -35.070116], [-58.302622, -35.068362], [-58.302008, -35.067527], [-58.29807, -35.064623], [-58.296831, -35.063699], [-58.288157, -35.045721], [-58.275754, -35.020165], [-58.274719, -35.018329], [-58.274199, -35.016949], [-58.273998, -35.016591]]}},
{"type": "Feature", "properties": {"ProjectID": "P1248", "OBJECTID": 474, "NOMBRE": "GASODUCTO SAN MARTÍN", "longitud_km": 18.8, "pais": "ARGENTINA", "Shape__Length": 0.17763834946911514}, "geometry": {"type": "LineString", "coordinates": [[-58.273271, -35.015307], [-58.272748, -35.014421], [-58.270712, -35.01064], [-58.266764, -35.00317], [-58.263524, -34.997053], [-58.258363, -34.987455], [-58.254608, -34.980353], [-58.252559, -34.976696], [-58.250488, -34.972678], [-58.247205, -34.966577], [-58.2408, -34.954777], [-58.236186, -34.945878], [-58.234212, -34.942835], [-58.232174, -34.938367], [-58.229878, -34.934163], [-58.226927, -34.92856], [-58.221424, -34.918417], [-58.21843, -34.912927], [-58.210158, -34.897952], [-58.208517, -34.89496], [-58.207852, -34.893798], [-58.205674, -34.890789], [-58.203909, -34.887225], [-58.203211, -34.886371], [-58.179973, -34.866134]]}},
{"type": "Feature", "properties": {"ProjectID": "P1248", "OBJECTID": 559, "NOMBRE": "GASODUCTO SAN MARTÍN", "longitud_km": 1029.9, "pais": "ARGENTINA", "Shape__Length": 10.305347207328838}, "geometry": {"type": "LineString", "coordinates": [[-68.060165, -46.259881], [-68.061128, -46.253564], [-68.061242, -46.250521], [-68.061449, -46.249683], [-68.061614, -46.248984], [-68.063472, -46.244942], [-68.066399, -46.234383], [-68.072304, -46.220077], [-68.089925, -46.159332], [-68.091829, -46.146217], [-68.092199, -46.145118], [-68.098917, -46.127768], [-68.127757, -46.026783], [-68.127928, -46.026486], [-68.15679, -45.997536], [-68.16157, -45.99111], [-68.161713, -45.990825], [-68.165794, -45.98182], [-68.165822, -45.981692], [-68.165401, -45.976769], [-68.16583, -45.971375], [-68.165487, -45.970122], [-68.166333, -45.961603], [-68.166258, -45.961337], [-68.163239, -45.954606], [-68.163183, -45.954394], [-68.163213, -45.947926], [-68.163144, -45.947411], [-68.162022, -45.943604], [-68.162058, -45.943406], [-68.170158, -45.923268], [-68.17021, -45.923039], [-68.170187, -45.922796], [-68.167414, -45.916193], [-68.167287, -45.915976], [-68.096371, -45.835069], [-68.096092, -45.834779], [-68.070256, -45.813005], [-68.047019, -45.790437], [-68.045992, -45.789225], [-68.044681, -45.787657], [-68.036353, -45.774884], [-68.025366, -45.755365], [-67.986866, -45.711131], [-67.986594, -45.710911], [-67.949893, -45.693708], [-67.915589, -45.677758], [-67.624346, -45.540239], [-67.6241, -45.540094], [-67.587973, -45.50869], [-67.561409, -45.48992], [-67.552632, -45.482203], [-67.53322, -45.47053], [-67.484286, -45.437219], [-67.440973, -45.408763], [-67.424045, -45.402498], [-67.411677, -45.395675], [-67.381636, -45.364385], [-67.354788, -45.347555], [-67.354632, -45.347414], [-67.354561, -45.347327], [-67.35451, -45.347245], [-67.35443, -45.347076], [-67.341091, -45.31298], [-67.340952, -45.312794], [-67.319817, -45.295465], [-67.300412, -45.258229], [-67.290398, -45.249389], [-67.170452, -45.101165], [-67.158648, -45.082548], [-67.158468, -45.082377], [-67.152261, -45.077847], [-67.146203, -45.066668], [-67.114016, -45.029859], [-67.109365, -45.024237], [-67.105809, -45.018955], [-67.100404, -45.011217], [-67.100112, -45.011029], [-67.096689, -45.009535], [-67.081036, -45.005727], [-67.073762, -45.002192], [-67.004449, -44.960176], [-66.941765, -44.930944], [-66.878518, -44.896372], [-66.878089, -44.896191], [-66.830088, -44.879104], [-66.763392, -44.847547], [-66.763162, -44.847362], [-66.687974, -44.755005], [-66.687755, -44.754848], [-66.683939, -44.754132], [-66.683693, -44.754037], [-66.683491, -44.7539], [-66.661517, -44.731854], [-66.655938, -44.726572], [-66.617145, -44.687786], [-66.610877, -44.681223], [-66.604525, -44.675242], [-66.505133, -44.592359], [-66.34154, -44.429977], [-66.309192, -44.400267], [-66.309043, -44.400012], [-66.30869, -44.397238], [-66.308569, -44.396984], [-66.22996, -44.318257], [-66.222398, -44.300771], [-66.222059, -44.298978], [-65.922314, -43.5977], [-65.921158, -43.592428], [-65.921173, -43.59221], [-65.923033, -43.586472], [-65.933844, -43.565775], [-65.933773, -43.563017], [-65.93495, -43.546895], [-65.935088, -43.546573], [-65.935748, -43.545716], [-65.935835, -43.54539], [-65.935736, -43.543073], [-65.919386, -43.51503], [-65.918995, -43.514258], [-65.917085, -43.500533], [-65.905602, -43.484706], [-65.904606, -43.483824], [-65.875168, -43.44311], [-65.873848, -43.440952], [-65.861753, -43.402486], [-65.861456, -43.400928], [-65.861124, -43.39392], [-65.861246, -43.39107], [-65.861842, -43.387799], [-65.861789, -43.385435], [-65.861703, -43.379848], [-65.861993, -43.373489], [-65.861837, -43.372331], [-65.858666, -43.363384], [-65.858227, -43.357198], [-65.856768, -43.352267], [-65.854022, -43.341532], [-65.850744, -43.328667], [-65.850471, -43.327087], [-65.845119, -43.304662], [-65.844023, -43.300604], [-65.756757, -42.845743], [-65.742906, -42.7705], [-65.725153, -42.702617], [-65.72246, -42.685789], [-65.722381, -42.685637], [-65.695795, -42.64769], [-65.682184, -42.605088], [-65.68208, -42.604866], [-65.676766, -42.59637], [-65.646396, -42.532546], [-65.646346, -42.532384], [-65.634505, -42.3331], [-65.634634, -42.330403], [-65.631722, -42.308544], [-65.626873, -42.291118], [-65.626743, -42.290905], [-65.61138, -42.269464], [-65.523355, -42.19698], [-65.517776, -42.192783], [-65.515244, -42.186646], [-65.513748, -42.17393], [-65.505074, -42.148813], [-65.505012, -42.148552], [-65.50488, -42.143678], [-65.504898, -42.143461], [-65.506317, -42.138771], [-65.508083, -42.136071], [-65.513929, -42.115817], [-65.513952, -42.115623], [-65.513536, -42.111715], [-65.513557, -42.111536], [-65.53324, -42.047651], [-65.533262, -42.047432], [-65.531973, -42.039824], [-65.531899, -42.039609], [-65.52593, -42.025955], [-65.516656, -42.008344], [-65.516612, -42.00816], [-65.516874, -42.003125], [-65.516795, -41.994902], [-65.51078, -41.974577], [-65.509107, -41.950612], [-65.512962, -41.923048], [-65.512935, -41.922946], [-65.510135, -41.916141], [-65.507331, -41.911422], [-65.507291, -41.911335], [-65.504267, -41.899642], [-65.504255, -41.89941], [-65.504282, -41.899238], [-65.508555, -41.885504], [-65.510873, -41.876014], [-65.511173, -41.875056], [-65.512752, -41.872489], [-65.519905, -41.865273], [-65.519977, -41.865147], [-65.526721, -41.843134], [-65.526789, -41.842768], [-65.526776, -41.842481], [-65.525945, -41.837454], [-65.526416, -41.826001], [-65.526356, -41.825663], [-65.523976, -41.819011], [-65.52056, -41.812817], [-65.517582, -41.806226], [-65.517455, -41.806034], [-65.515909, -41.804033], [-65.515706, -41.803827], [-65.507795, -41.7968], [-65.505305, -41.793824], [-65.49507, -41.780753], [-65.489273, -41.773181], [-65.48923, -41.772986], [-65.492193, -41.75738], [-65.492193, -41.757126], [-65.485618, -41.743195], [-65.483485, -41.740299], [-65.483354, -41.740177], [-65.463539, -41.726332], [-65.463304, -41.726121], [-65.451919, -41.715004], [-65.451354, -41.714634], [-65.448971, -41.713096], [-65.44879, -41.712929], [-65.437657, -41.699958], [-65.433203, -41.694618], [-65.432962, -41.69426], [-65.407204, -41.615624], [-65.360924, -41.417643], [-65.360819, -41.417489], [-65.360699, -41.417403], [-65.359752, -41.416629], [-65.359552, -41.416426], [-65.359373, -41.416122], [-65.359299, -41.415843], [-65.327346, -41.145758], [-65.327274, -41.145483], [-65.303894, -41.068935], [-65.303823, -41.068743], [-65.301737, -41.064805], [-65.301679, -41.064627], [-65.301314, -41.06016], [-65.301233, -41.059907], [-65.254741, -40.906526], [-65.221469, -40.796013], [-65.221389, -40.795893], [-65.221308, -40.795809], [-65.114187, -40.693944], [-65.069625, -40.651376], [-65.069427, -40.651256], [-65.068863, -40.65102], [-65.068672, -40.6509], [-65.062921, -40.645347], [-64.79646, -40.386291], [-64.509081, -40.119266], [-64.502884, -40.113624], [-64.497015, -40.10834], [-64.493438, -40.105327], [-64.462818, -40.079808], [-64.462583, -40.079515], [-64.462258, -40.077578], [-64.462004, -40.07718], [-64.458227, -40.0728], [-64.452865, -40.067199], [-64.453107, -40.066856], [-64.470305, -40.058755], [-64.470983, -40.058856], [-64.471015, -40.058726], [-64.470289, -40.058678], [-64.452968, -40.066495], [-64.452646, -40.066553], [-64.452158, -40.06646], [-64.449478, -40.063547], [-64.37465, -39.986008], [-64.374205, -39.98564], [-63.412142, -39.334411], [-63.411855, -39.334148], [-63.407692, -39.329886], [-63.401044, -39.324382], [-63.39256, -39.319763], [-63.327826, -39.2745], [-63.326988, -39.273773], [-63.326583, -39.273316], [-63.326036, -39.27284], [-63.177189, -39.167227], [-63.147189, -39.145174], [-63.11747, -39.123333], [-63.094881, -39.106416], [-63.031283, -39.059342], [-62.978505, -39.020172], [-62.947428, -38.997086], [-62.896824, -38.958974], [-62.83087, -38.909215], [-62.794665, -38.881877], [-62.765593, -38.859883], [-62.741367, -38.840907], [-62.724038, -38.827676], [-62.701722, -38.81176], [-62.679728, -38.799604], [-62.668511, -38.792771], [-62.630247, -38.77225], [-62.589213, -38.750406], [-62.568917, -38.739668], [-62.550391, -38.729948], [-62.518498, -38.713089], [-62.518398, -38.713052], [-62.517826, -38.712929], [-62.517678, -38.712874], [-62.516685, -38.712208], [-62.51635, -38.712017], [-62.516191, -38.711955], [-62.514892, -38.711749], [-62.514677, -38.711692], [-62.513555, -38.711168], [-62.42852, -38.693021], [-62.394074, -38.684544]]}},
{"type": "Feature", "properties": {"ProjectID": "P1248", "OBJECTID": 573, "NOMBRE": "GASODUCTO SAN MARTÍN", "longitud_km": 752.1, "pais": "ARGENTINA", "Shape__Length": 7.8242747371367605}, "geometry": {"type": "LineString", "coordinates": [[-68.415378, -52.382415], [-68.413456, -52.362306], [-68.412984, -52.347306], [-68.412042, -52.330761], [-68.412088, -52.330682], [-68.41222, -52.330607], [-68.499323, -52.312782], [-68.499684, -52.312659], [-68.515739, -52.301029], [-68.519803, -52.297523], [-68.522993, -52.295527], [-68.524931, -52.294217], [-68.525329, -52.294097], [-68.560081, -52.289713], [-68.560784, -52.289592], [-68.561928, -52.289336], [-68.583852, -52.284101], [-68.592708, -52.281114], [-68.625191, -52.274222], [-68.625745, -52.274057], [-68.649766, -52.265012], [-68.687927, -52.25059], [-68.69055, -52.249263], [-68.69089, -52.249157], [-68.691827, -52.249066], [-68.69225, -52.248955], [-68.692528, -52.248853], [-68.715642, -52.238652], [-68.716227, -52.238499], [-68.716758, -52.2384], [-68.752053, -52.234263], [-68.752873, -52.234147], [-68.8255, -52.222442], [-68.829748, -52.221478], [-68.833277, -52.220754], [-68.833548, -52.22064], [-68.834043, -52.220307], [-68.834362, -52.220148], [-68.834642, -52.220057], [-68.857319, -52.214355], [-68.862286, -52.213724], [-68.862634, -52.2136], [-68.954144, -52.135581], [-68.954697, -52.135234], [-68.955462, -52.134848], [-69.005878, -52.113606], [-69.0084, -52.112181], [-69.010388, -52.110995], [-69.245861, -51.924139], [-69.246438, -51.923771], [-69.252127, -51.920963], [-69.261273, -51.913809], [-69.266031, -51.909581], [-69.269342, -51.9056], [-69.270056, -51.904934], [-69.300334, -51.880193], [-69.300796, -51.879673], [-69.302334, -51.876668], [-69.306855, -51.871799], [-69.307317, -51.871156], [-69.308597, -51.868408], [-69.309085, -51.867931], [-69.316576, -51.863574], [-69.329549, -51.856602], [-69.330226, -51.856118], [-69.379178, -51.816368], [-69.379587, -51.81614], [-69.389568, -51.813047], [-69.390165, -51.812795], [-69.50773, -51.723344], [-69.54157, -51.697368], [-69.570137, -51.675648], [-69.58557, -51.663915], [-69.616309, -51.643458], [-69.616581, -51.643303], [-69.639721, -51.634923], [-69.640113, -51.634766], [-69.659137, -51.623284], [-69.659276, -51.623127], [-69.659377, -51.622946], [-69.65941, -51.622729], [-69.63907, -51.550046], [-69.605689, -51.329101], [-69.605607, -51.328755], [-69.555369, -51.180193], [-69.55538, -51.179989], [-69.584552, -51.101661], [-69.584601, -51.101352], [-69.586196, -51.054391], [-69.586165, -51.054138], [-69.570506, -51.007978], [-69.562196, -50.970103], [-69.557319, -50.913013], [-69.557229, -50.912825], [-69.549585, -50.899961], [-69.549584, -50.899731], [-69.555147, -50.888534], [-69.555182, -50.888277], [-69.550038, -50.829291], [-69.543719, -50.793929], [-69.543535, -50.793457], [-69.540689, -50.789372], [-69.522682, -50.765345], [-69.505484, -50.742519], [-69.447304, -50.687624], [-69.447119, -50.687316], [-69.440307, -50.671141], [-69.44015, -50.670945], [-69.439232, -50.670268], [-69.438905, -50.670147], [-69.425323, -50.666798], [-69.425107, -50.666704], [-69.424953, -50.666573], [-69.368376, -50.612801], [-69.368089, -50.612369], [-69.268164, -50.378732], [-69.20644, -50.288623], [-69.206344, -50.288427], [-69.206299, -50.28816], [-69.207132, -50.279969], [-69.20714, -50.279604], [-69.207037, -50.279338], [-69.206836, -50.279063], [-69.054208, -50.110882], [-69.053997, -50.1106], [-69.03276, -50.060114], [-69.032677, -50.059853], [-69.034268, -50.038798], [-69.03423, -50.038503], [-69.030801, -50.023345], [-69.030523, -50.02275], [-69.026398, -50.016632], [-69.020169, -50.010165], [-68.97018, -49.958769], [-68.699822, -49.79955], [-68.677511, -49.781446], [-68.657913, -49.758377], [-68.657648, -49.758229], [-68.357292, -49.671484], [-68.336955, -49.665787], [-68.310572, -49.660398], [-68.215335, -49.632677], [-68.214823, -49.63242], [-68.210566, -49.629632], [-67.966394, -49.431941], [-67.961019, -49.424447], [-67.960828, -49.424277], [-67.949674, -49.418174], [-67.94008, -49.410389], [-67.912503, -49.397625], [-67.912293, -49.397481], [-67.912096, -49.397265], [-67.896882, -49.375158], [-67.857699, -49.341479], [-67.84519, -49.326895], [-67.836934, -49.316494], [-67.827122, -49.305], [-67.82694, -49.304845], [-67.826675, -49.304696], [-67.813604, -49.298246], [-67.813355, -49.298081], [-67.813161, -49.29786], [-67.795583, -49.267376], [-67.795294, -49.266937], [-67.793949, -49.264875], [-67.786657, -49.252078], [-67.786405, -49.251522], [-67.777399, -49.226729], [-67.774315, -49.221297], [-67.770677, -49.218234], [-67.725973, -49.177456], [-67.721344, -49.173854], [-67.721256, -49.173723], [-67.721181, -49.17357], [-67.720286, -49.1633], [-67.720235, -49.163115], [-67.707139, -49.13303], [-67.707108, -49.132896], [-67.707118, -49.13275], [-67.707854, -49.12994], [-67.707887, -49.129734], [-67.707868, -49.129489], [-67.689801, -49.022223], [-67.689797, -49.022005], [-67.689801, -49.021712], [-67.798505, -48.404092], [-67.798513, -48.403802], [-67.798425, -48.403521], [-67.685251, -48.108509], [-67.685054, -48.1081], [-67.625704, -48.000435], [-67.614547, -47.985084], [-67.614054, -47.98422], [-67.608119, -47.971777], [-67.604281, -47.962055], [-67.59759, -47.950271], [-67.596989, -47.947626], [-67.596869, -47.947364], [-67.568092, -47.896559], [-67.567863, -47.896226], [-67.543081, -47.86799], [-67.542744, -47.867653], [-67.540209, -47.865955], [-67.540003, -47.865745], [-67.538116, -47.862443], [-67.53783, -47.862106], [-67.531844, -47.855387], [-67.529698, -47.852162], [-67.521351, -47.842583], [-67.519125, -47.84091], [-67.506165, -47.826149], [-67.50482, -47.823862], [-67.501715, -47.821251], [-67.47983, -47.796407], [-67.475882, -47.791766], [-67.471612, -47.785717], [-67.467194, -47.782023], [-67.419356, -47.727486], [-67.418997, -47.727112], [-67.415922, -47.725044], [-67.415532, -47.724643], [-67.40931, -47.717992], [-67.395616, -47.704149], [-67.388588, -47.692679], [-67.377256, -47.679736], [-67.369875, -47.672102], [-67.358399, -47.658262], [-67.35827, -47.658008], [-67.352799, -47.637247], [-67.349744, -47.629744], [-67.34748, -47.622158], [-67.34719, -47.621406], [-67.343755, -47.613283], [-67.343178, -47.61191], [-67.342668, -47.610271], [-67.342427, -47.609523], [-67.341649, -47.602915], [-67.341373, -47.601746], [-67.330729, -47.566764], [-67.330687, -47.566177], [-67.330698, -47.565938], [-67.350613, -47.488038], [-67.350707, -47.487705], [-67.35555, -47.479258], [-67.355633, -47.479027], [-67.355649, -47.478786], [-67.354397, -47.473515], [-67.354423, -47.473276], [-67.434229, -47.155422], [-67.451934, -47.083911], [-67.455988, -47.067488], [-67.456097, -47.067237], [-67.481792, -47.040951], [-67.483329, -47.039395], [-67.561132, -46.98626], [-67.563082, -46.984733], [-67.567118, -46.982221], [-67.755778, -46.852666], [-67.756193, -46.85232], [-67.756505, -46.85195], [-67.756598, -46.851538], [-67.756814, -46.849867], [-67.756912, -46.849494], [-67.757275, -46.849143], [-67.815793, -46.790772], [-67.822284, -46.785912], [-67.851202, -46.757118], [-67.851423, -46.756825], [-67.855082, -46.751454], [-67.855508, -46.750966], [-67.938991, -46.667255], [-67.939175, -46.667136], [-67.943273, -46.665519], [-67.943479, -46.665407], [-67.943579, -46.66528], [-67.943648, -46.665103], [-67.943648, -46.663749], [-67.943769, -46.660804]]}},
{"type": "Feature", "properties": {"ProjectID": "P1248", "OBJECTID": 141191, "ID_LIC": 1501010, "Gasoducto": 10001007, "Tramo": 10001007001, "TdTrm": "Troncal", "PkiTrm": 99650, "PkfTrm": 136270, "Long": 36620, "PrsDsn": 171.43132367, "Mapo": 70, "Diametro": 24, "Espesor": 15.88, "MatNyG": "API - 5L / 65000 / DSAW / 230", "Construc": "All Seas Solitaire", "FchHab": 1262304000000, "PrsMaxPru": 0, "PrsMinPru": 0, "FldPru": "Agua", "FchPru": 1262304000000, "Unifilar": "GA-01-AD-02-AG-03-AI", "Fuente": "", "Licenciataria": 10001, "ID_TEOS": null, "Obs": "FchHab es FECHA_INSTALACION"}, "geometry": {"type": "LineString", "coordinates": [[-68.591917, -52.679656], [-68.591659, -52.679443], [-68.591583, -52.67936], [-68.591579, -52.679356], [-68.591567, -52.679345], [-68.591561, -52.679339], [-68.591551, -52.679329], [-68.591543, -52.67932], [-68.591535, -52.679311], [-68.591527, -52.6793], [-68.59152, -52.679291], [-68.591514, -52.679282], [-68.591506, -52.67927], [-68.591498, -52.679257], [-68.591491, -52.679245], [-68.591484, -52.679231], [-68.591477, -52.679215], [-68.591471, -52.6792], [-68.591467, -52.679187], [-68.591463, -52.679174], [-68.59146, -52.679164], [-68.591457, -52.67915], [-68.591454, -52.679133], [-68.591453, -52.679113], [-68.591453, -52.679104], [-68.591453, -52.67909], [-68.591485, -52.677866], [-68.591486, -52.677852], [-68.591486, -52.677835], [-68.591484, -52.677816], [-68.591483, -52.677806], [-68.591476, -52.677782], [-68.591472, -52.677769], [-68.591468, -52.677756], [-68.591463, -52.677741], [-68.591454, -52.677722], [-68.591442, -52.6777], [-68.591434, -52.677688], [-68.591426, -52.677676], [-68.591417, -52.677663], [-68.591402, -52.677644], [-68.591385, -52.677624], [-68.591373, -52.677613], [-68.591361, -52.677602], [-68.591349, -52.677591], [-68.591322, -52.677568], [-68.591258, -52.677512], [-68.591076, -52.677387], [-68.590991, -52.677313], [-68.590906, -52.67724], [-68.590822, -52.677166], [-68.590737, -52.677092], [-68.590652, -52.677018], [-68.590568, -52.676945], [-68.590482, -52.676872], [-68.590396, -52.676799], [-68.590311, -52.676725], [-68.590226, -52.676651], [-68.590141, -52.676578], [-68.590056, -52.676504], [-68.589968, -52.676432], [-68.589885, -52.676358], [-68.589808, -52.676281], [-68.589723, -52.676208], [-68.58964, -52.676133], [-68.589558, -52.676059], [-68.589475, -52.675984], [-68.589392, -52.67591], [-68.589308, -52.675836], [-68.589223, -52.675762], [-68.589138, -52.675689], [-68.589052, -52.675615], [-68.588967, -52.675542], [-68.588881, -52.675469], [-68.588795, -52.675396], [-68.58871, -52.675322], [-68.588625, -52.675249], [-68.58854, -52.675176], [-68.588454, -52.675102], [-68.588371, -52.675028], [-68.588285, -52.674955], [-68.5882, -52.674881], [-68.588115, -52.674808], [-68.588031, -52.674734], [-68.587947, -52.67466], [-68.587863, -52.674586], [-68.587778, -52.674512], [-68.587695, -52.674438], [-68.587611, -52.674364], [-68.587527, -52.67429], [-68.587443, -52.674216], [-68.58736, -52.674142], [-68.587274, -52.674069], [-68.587188, -52.673996], [-68.587102, -52.673923], [-68.587016, -52.673849], [-68.586932, -52.673776], [-68.586848, -52.673702], [-68.586762, -52.673628], [-68.586678, -52.673554], [-68.586594, -52.673481], [-68.58651, -52.673407], [-68.586426, -52.673333], [-68.586341, -52.673259], [-68.586257, -52.673185], [-68.586171, -52.673112], [-68.586086, -52.673038], [-68.586001, -52.672965], [-68.585915, -52.672892], [-68.58583, -52.672819], [-68.585745, -52.672745], [-68.58566, -52.672671], [-68.585577, -52.672597], [-68.585492, -52.672523], [-68.585409, -52.672449], [-68.585325, -52.672375], [-68.58524, -52.672302], [-68.585156, -52.672228], [-68.585072, -52.672154], [-68.584988, -52.67208], [-68.584904, -52.672006], [-68.584821, -52.671932], [-68.584737, -52.671858], [-68.584653, -52.671784], [-68.584568, -52.67171], [-68.584485, -52.671636], [-68.584399, -52.671563], [-68.584314, -52.671489], [-68.584229, -52.671416], [-68.584145, -52.671342], [-68.584062, -52.671267], [-68.583979, -52.671193], [-68.583896, -52.671119], [-68.583812, -52.671045], [-68.583728, -52.670971], [-68.583644, -52.670897], [-68.58356, -52.670823], [-68.583477, -52.670749], [-68.583393, -52.670675], [-68.58331, -52.6706], [-68.583225, -52.670527], [-68.583139, -52.670453], [-68.583055, -52.670379], [-68.582971, -52.670306], [-68.582887, -52.670232], [-68.582804, -52.670158], [-68.582718, -52.670084], [-68.582634, -52.670011], [-68.582549, -52.669937], [-68.582461, -52.669864], [-68.582375, -52.669791], [-68.58229, -52.669718], [-68.582203, -52.669645], [-68.582118, -52.669572], [-68.582032, -52.669499], [-68.581945, -52.669426], [-68.58186, -52.669353], [-68.581773, -52.66928], [-68.581687, -52.669207], [-68.5816, -52.669134], [-68.581513, -52.669061], [-68.581428, -52.668988], [-68.581342, -52.668915], [-68.581256, -52.668842], [-68.58117, -52.668769], [-68.581083, -52.668696], [-68.580996, -52.668624], [-68.580908, -52.668551], [-68.580821, -52.668479], [-68.580736, -52.668405], [-68.580649, -52.668333], [-68.580562, -52.66826], [-68.580475, -52.668187], [-68.580389, -52.668114], [-68.580302, -52.668041], [-68.580215, -52.667969], [-68.58013, -52.667895], [-68.580044, -52.667822], [-68.57996, -52.667748], [-68.579876, -52.667674], [-68.579792, -52.6676], [-68.579707, -52.667527], [-68.579625, -52.667452], [-68.579542, -52.667378], [-68.579459, -52.667303], [-68.579374, -52.66723], [-68.579291, -52.667155], [-68.579209, -52.667081], [-68.579128, -52.667006], [-68.579044, -52.666932], [-68.57896, -52.666858], [-68.578878, -52.666783], [-68.578797, -52.666708], [-68.578715, -52.666633], [-68.578632, -52.666559], [-68.578549, -52.666484], [-68.578466, -52.66641], [-68.578385, -52.666335], [-68.578304, -52.66626], [-68.578224, -52.666184], [-68.578141, -52.66611], [-68.578058, -52.666035], [-68.577977, -52.66596], [-68.577896, -52.665885], [-68.577817, -52.665809], [-68.577736, -52.665734], [-68.577654, -52.665659], [-68.577574, -52.665584], [-68.577491, -52.665509], [-68.577403, -52.665437], [-68.577322, -52.665362], [-68.57724, -52.665287], [-68.577156, -52.665213], [-68.577074, -52.665138], [-68.576989, -52.665065], [-68.576905, -52.664991], [-68.57682, -52.664917], [-68.576735, -52.664844], [-68.576651, -52.66477], [-68.576566, -52.664696], [-68.576482, -52.664622], [-68.576397, -52.664549], [-68.576312, -52.664476], [-68.576226, -52.664402], [-68.576139, -52.66433], [-68.576056, -52.664255], [-68.575971, -52.664182], [-68.575884, -52.664109], [-68.575797, -52.664036], [-68.575714, -52.663962], [-68.575628, -52.663889], [-68.575542, -52.663816], [-68.575456, -52.663743], [-68.575371, -52.663669], [-68.575288, -52.663595], [-68.575201, -52.663522], [-68.575117, -52.663448], [-68.575032, -52.663375], [-68.574948, -52.663301], [-68.574862, -52.663228], [-68.574778, -52.663154], [-68.574692, -52.663081], [-68.574606, -52.663008], [-68.57452, -52.662935], [-68.574434, -52.662862], [-68.574348, -52.662789], [-68.574261, -52.662716], [-68.574177, -52.662642], [-68.57409, -52.66257], [-68.574002, -52.662497], [-68.573916, -52.662424], [-68.573831, -52.662351], [-68.573746, -52.662277], [-68.573658, -52.662205], [-68.573571, -52.662132], [-68.573486, -52.662059], [-68.573399, -52.661986], [-68.573315, -52.661912], [-68.573228, -52.66184], [-68.573142, -52.661766], [-68.573057, -52.661693], [-68.572971, -52.66162], [-68.572888, -52.661545], [-68.572802, -52.661472], [-68.572718, -52.661399], [-68.572633, -52.661325], [-68.572548, -52.661252], [-68.572462, -52.661179], [-68.572378, -52.661104], [-68.572294, -52.661031], [-68.572208, -52.660958], [-68.572124, -52.660884], [-68.57204, -52.66081], [-68.571953, -52.660737], [-68.571868, -52.660663], [-68.571784, -52.660589], [-68.5717, -52.660516], [-68.571617, -52.660441], [-68.571531, -52.660368], [-68.571448, -52.660294], [-68.571364, -52.66022], [-68.571279, -52.660146], [-68.571194, -52.660073], [-68.571109, -52.659999], [-68.571026, -52.659925], [-68.570942, -52.659851], [-68.570858, -52.659777], [-68.570773, -52.659703], [-68.570689, -52.65963], [-68.570604, -52.659556], [-68.57052, -52.659482], [-68.570437, -52.659408], [-68.570351, -52.659335], [-68.570267, -52.659261], [-68.570182, -52.659187], [-68.570098, -52.659114], [-68.570013, -52.65904], [-68.569927, -52.658967], [-68.569843, -52.658893], [-68.569757, -52.65882], [-68.569674, -52.658745], [-68.569589, -52.658672], [-68.569503, -52.658599], [-68.569419, -52.658525], [-68.569336, -52.658451], [-68.569253, -52.658376], [-68.569167, -52.658303], [-68.569082, -52.65823], [-68.568997, -52.658156], [-68.568913, -52.658082], [-68.568828, -52.658009], [-68.568744, -52.657935], [-68.568662, -52.65786], [-68.568579, -52.657786], [-68.568493, -52.657713], [-68.568409, -52.657639], [-68.568324, -52.657565], [-68.56824, -52.657491], [-68.568154, -52.657418], [-68.568069, -52.657345], [-68.567984, -52.657271], [-68.567902, -52.657197], [-68.567817, -52.657123], [-68.567734, -52.657049], [-68.567649, -52.656975], [-68.567564, -52.656902], [-68.567481, -52.656827], [-68.567399, -52.656752], [-68.567313, -52.656679], [-68.567227, -52.656606], [-68.567143, -52.656532], [-68.56706, -52.656458], [-68.566976, -52.656384], [-68.566892, -52.65631], [-68.566807, -52.656237], [-68.566726, -52.656161], [-68.566641, -52.656088], [-68.566557, -52.656014], [-68.566476, -52.655939], [-68.56639, -52.655866], [-68.566307, -52.655791], [-68.566224, -52.655717], [-68.56614, -52.655643], [-68.566056, -52.65557], [-68.565972, -52.655495], [-68.565888, -52.655422], [-68.565804, -52.655348], [-68.565721, -52.655274], [-68.565635, -52.6552], [-68.565553, -52.655126], [-68.565468, -52.655052], [-68.565382, -52.654979], [-68.565298, -52.654905], [-68.565213, -52.654831], [-68.56513, -52.654757], [-68.565046, -52.654683], [-68.56496, -52.65461], [-68.564875, -52.654537], [-68.564791, -52.654463], [-68.564706, -52.654389], [-68.564622, -52.654315], [-68.564537, -52.654242], [-68.564452, -52.654168], [-68.564368, -52.654094], [-68.564283, -52.654021], [-68.564199, -52.653947], [-68.564114, -52.653873], [-68.564029, -52.6538], [-68.563946, -52.653725], [-68.563859, -52.653653], [-68.563775, -52.653579], [-68.563692, -52.653505], [-68.563608, -52.653431], [-68.563524, -52.653357], [-68.56344, -52.653283], [-68.563355, -52.653209], [-68.56327, -52.653136], [-68.563186, -52.653062], [-68.563101, -52.652989], [-68.563019, -52.652914], [-68.562934, -52.65284], [-68.56285, -52.652766], [-68.562763, -52.652694], [-68.562679, -52.65262], [-68.562596, -52.652545], [-68.56251, -52.652472], [-68.562426, -52.652399], [-68.56234, -52.652325], [-68.562255, -52.652252], [-68.562171, -52.652178], [-68.562086, -52.652104], [-68.561999, -52.652032], [-68.561913, -52.651959], [-68.56183, -52.651885], [-68.561746, -52.651811], [-68.56166, -52.651738], [-68.561577, -52.651663], [-68.561491, -52.65159], [-68.561409, -52.651515], [-68.561323, -52.651442], [-68.561241, -52.651367], [-68.561156, -52.651294], [-68.561071, -52.65122], [-68.560987, -52.651147], [-68.560904, -52.651073], [-68.56082, -52.650999], [-68.560737, -52.650924], [-68.560654, -52.65085], [-68.56057, -52.650776], [-68.560485, -52.650702], [-68.5604, -52.650629], [-68.560315, -52.650555], [-68.560233, -52.650481], [-68.560149, -52.650407], [-68.560063, -52.650334], [-68.559978, -52.65026], [-68.559893, -52.650186], [-68.559809, -52.650113], [-68.559725, -52.650039], [-68.559642, -52.649964], [-68.559555, -52.649892], [-68.559469, -52.649819], [-68.559386, -52.649744], [-68.559302, -52.64967], [-68.559216, -52.649598], [-68.559132, -52.649524], [-68.559049, -52.649449], [-68.558965, -52.649375], [-68.55888, -52.649302], [-68.558797, -52.649228], [-68.558713, -52.649154], [-68.558629, -52.64908], [-68.558544, -52.649006], [-68.55846, -52.648932], [-68.558376, -52.648859], [-68.558292, -52.648785], [-68.558207, -52.648711], [-68.558124, -52.648637], [-68.558039, -52.648563], [-68.557953, -52.64849], [-68.55787, -52.648416], [-68.557785, -52.648342], [-68.557701, -52.648268], [-68.557617, -52.648194], [-68.557533, -52.64812], [-68.557449, -52.648046], [-68.557365, -52.647973], [-68.557281, -52.647899], [-68.557198, -52.647824], [-68.557115, -52.64775], [-68.557031, -52.647676], [-68.556946, -52.647603], [-68.556862, -52.647529], [-68.556778, -52.647455], [-68.556694, -52.647381], [-68.55661, -52.647307], [-68.556526, -52.647233], [-68.556441, -52.64716], [-68.556356, -52.647086], [-68.556272, -52.647012], [-68.556188, -52.646938], [-68.556103, -52.646865], [-68.556019, -52.646791], [-68.555936, -52.646716], [-68.555853, -52.646642], [-68.55577, -52.646568], [-68.555685, -52.646494], [-68.555601, -52.64642], [-68.555517, -52.646346], [-68.555433, -52.646272], [-68.555348, -52.646199], [-68.555264, -52.646125], [-68.555178, -52.646052], [-68.555096, -52.645977], [-68.555011, -52.645904], [-68.554927, -52.64583], [-68.554842, -52.645756], [-68.554756, -52.645683], [-68.554671, -52.64561], [-68.554589, -52.645535], [-68.554502, -52.645462], [-68.554418, -52.645388], [-68.554333, -52.645315], [-68.554246, -52.645242], [-68.554161, -52.645169], [-68.554077, -52.645095], [-68.55399, -52.645022], [-68.553906, -52.644948], [-68.553822, -52.644874], [-68.553738, -52.644801], [-68.553652, -52.644727], [-68.553568, -52.644653], [-68.553484, -52.64458], [-68.553398, -52.644506], [-68.553314, -52.644433], [-68.553228, -52.644359], [-68.553144, -52.644286], [-68.55306, -52.644212], [-68.552976, -52.644138], [-68.552892, -52.644064], [-68.552809, -52.64399], [-68.552725, -52.643916], [-68.552644, -52.643841], [-68.552559, -52.643767], [-68.552474, -52.643693], [-68.55239, -52.64362], [-68.552309, -52.643544], [-68.552224, -52.643471], [-68.552138, -52.643398], [-68.552054, -52.643324], [-68.551969, -52.64325], [-68.551885, -52.643177], [-68.551801, -52.643102], [-68.551716, -52.643029], [-68.551632, -52.642955], [-68.551548, -52.642881], [-68.551464, -52.642807], [-68.551378, -52.642734], [-68.551297, -52.642659], [-68.551213, -52.642585], [-68.551129, -52.642511], [-68.551045, -52.642437], [-68.550959, -52.642364], [-68.550874, -52.642291], [-68.55079, -52.642217], [-68.550705, -52.642143], [-68.550619, -52.64207], [-68.550537, -52.641995], [-68.550452, -52.641922], [-68.550365, -52.641849], [-68.550279, -52.641777], [-68.550196, -52.641702], [-68.550111, -52.641629], [-68.550025, -52.641555], [-68.549939, -52.641482], [-68.549853, -52.64141], [-68.549768, -52.641336], [-68.549683, -52.641263], [-68.549598, -52.641189], [-68.549514, -52.641115], [-68.549429, -52.641041], [-68.549343, -52.640969], [-68.549258, -52.640895], [-68.549174, -52.640821], [-68.549091, -52.640747], [-68.549008, -52.640673], [-68.548925, -52.640598], [-68.54884, -52.640525], [-68.548757, -52.64045], [-68.548674, -52.640376], [-68.548589, -52.640302], [-68.548506, -52.640228], [-68.548421, -52.640155], [-68.548337, -52.640081], [-68.548252, -52.640007], [-68.548166, -52.639934], [-68.548082, -52.63986], [-68.548, -52.639785], [-68.547917, -52.639711], [-68.547834, -52.639637], [-68.547751, -52.639563], [-68.547667, -52.639489], [-68.547581, -52.639415], [-68.547501, -52.63934], [-68.547416, -52.639267], [-68.54733, -52.639194], [-68.547248, -52.639119], [-68.547167, -52.639044], [-68.547083, -52.63897], [-68.546999, -52.638896], [-68.546916, -52.638822], [-68.546829, -52.638749], [-68.546743, -52.638676], [-68.546659, -52.638602], [-68.546573, -52.638529], [-68.546498, -52.638452], [-68.546414, -52.638378], [-68.54633, -52.638304], [-68.546247, -52.638229], [-68.546161, -52.638156], [-68.546076, -52.638083], [-68.545993, -52.638009], [-68.545906, -52.637936], [-68.54582, -52.637863], [-68.545734, -52.63779], [-68.545649, -52.637716], [-68.545565, -52.637642], [-68.545478, -52.63757], [-68.545393, -52.637496], [-68.545309, -52.637422], [-68.545224, -52.637349], [-68.545138, -52.637276], [-68.545054, -52.637202], [-68.544967, -52.637129], [-68.544881, -52.637056], [-68.544795, -52.636983], [-68.544709, -52.63691], [-68.544625, -52.636836], [-68.544541, -52.636762], [-68.544457, -52.636688], [-68.544372, -52.636615], [-68.544287, -52.636542], [-68.5442, -52.636469], [-68.544115, -52.636395], [-68.544032, -52.636321], [-68.543947, -52.636247], [-68.543862, -52.636174], [-68.543778, -52.6361], [-68.543693, -52.636027], [-68.543608, -52.635953], [-68.543523, -52.63588], [-68.543438, -52.635806], [-68.543354, -52.635732], [-68.543271, -52.635658], [-68.543184, -52.635585], [-68.543096, -52.635513], [-68.54301, -52.63544], [-68.542925, -52.635366], [-68.54284, -52.635293], [-68.542755, -52.635219], [-68.542668, -52.635147], [-68.542581, -52.635075], [-68.542495, -52.635001], [-68.542408, -52.634929], [-68.54232, -52.634857], [-68.542233, -52.634784], [-68.542147, -52.634711], [-68.542061, -52.634638], [-68.541975, -52.634565], [-68.541887, -52.634492], [-68.5418, -52.63442], [-68.541713, -52.634347], [-68.541629, -52.634273], [-68.541542, -52.634201], [-68.541458, -52.634127], [-68.541374, -52.634053], [-68.541288, -52.63398], [-68.541202, -52.633907], [-68.541119, -52.633832], [-68.541034, -52.633759], [-68.540947, -52.633686], [-68.540862, -52.633613], [-68.540778, -52.633539], [-68.540693, -52.633466], [-68.540609, -52.633391], [-68.540526, -52.633317], [-68.540444, -52.633243], [-68.540359, -52.633169], [-68.540274, -52.633095], [-68.540191, -52.633021], [-68.540108, -52.632947], [-68.540024, -52.632873], [-68.539941, -52.632798], [-68.539859, -52.632724], [-68.539777, -52.632649], [-68.539694, -52.632575], [-68.539612, -52.6325], [-68.53953, -52.632425], [-68.539447, -52.632351], [-68.539366, -52.632276], [-68.539284, -52.632201], [-68.539202, -52.632126], [-68.539119, -52.632052], [-68.539037, -52.631977], [-68.538959, -52.631901], [-68.538875, -52.631827], [-68.538791, -52.631753], [-68.538707, -52.631679], [-68.538628, -52.631604], [-68.538544, -52.63153], [-68.538461, -52.631455], [-68.538382, -52.631379], [-68.538302, -52.631304], [-68.538219, -52.631229], [-68.538137, -52.631155], [-68.538055, -52.63108], [-68.537973, -52.631005], [-68.537889, -52.630932], [-68.537803, -52.630858], [-68.537723, -52.630783], [-68.537641, -52.630708], [-68.537556, -52.630635], [-68.537474, -52.63056], [-68.537393, -52.630485], [-68.537307, -52.630412], [-68.537222, -52.630338], [-68.537138, -52.630264], [-68.537053, -52.630191], [-68.53697, -52.630116], [-68.536885, -52.630043], [-68.5368, -52.629969], [-68.536717, -52.629895], [-68.536629, -52.629823], [-68.536546, -52.629749], [-68.536462, -52.629675], [-68.536034, -52.629727], [-68.53595, -52.629653], [-68.535865, -52.629579], [-68.535782, -52.629505], [-68.535696, -52.629432], [-68.53561, -52.629359], [-68.535525, -52.629286], [-68.535439, -52.629213], [-68.535352, -52.62914], [-68.535265, -52.629067], [-68.535179, -52.628994], [-68.535094, -52.628921], [-68.535009, -52.628847], [-68.534924, -52.628774], [-68.534841, -52.6287], [-68.534756, -52.628626], [-68.534671, -52.628552], [-68.534588, -52.628478], [-68.534503, -52.628405], [-68.53442, -52.628331], [-68.534338, -52.628256], [-68.534255, -52.628181], [-68.534172, -52.628107], [-68.534087, -52.628033], [-68.534005, -52.627959], [-68.533921, -52.627885], [-68.533835, -52.627812], [-68.53375, -52.627738], [-68.533665, -52.627665], [-68.53358, -52.627591], [-68.533494, -52.627518], [-68.533409, -52.627445], [-68.533324, -52.627371], [-68.53324, -52.627298], [-68.533155, -52.627224], [-68.533071, -52.62715], [-68.532987, -52.627076], [-68.532903, -52.627002], [-68.532819, -52.626928], [-68.532735, -52.626854], [-68.53265, -52.626781], [-68.532565, -52.626707], [-68.53248, -52.626634], [-68.532396, -52.62656], [-68.53231, -52.626487], [-68.532224, -52.626414], [-68.532139, -52.62634], [-68.532053, -52.626267], [-68.531968, -52.626194], [-68.531882, -52.626121], [-68.531799, -52.626047], [-68.531715, -52.625973], [-68.531632, -52.625898], [-68.531549, -52.625824], [-68.531466, -52.62575], [-68.531382, -52.625676], [-68.531297, -52.625602], [-68.531212, -52.625529], [-68.531129, -52.625455], [-68.531045, -52.625381], [-68.530961, -52.625307], [-68.530877, -52.625233], [-68.530793, -52.625159], [-68.530709, -52.625085], [-68.530625, -52.625011], [-68.530541, -52.624937], [-68.530456, -52.624864], [-68.530373, -52.62479], [-68.530288, -52.624716], [-68.530203, -52.624642], [-68.530118, -52.624569], [-68.530035, -52.624495], [-68.529951, -52.624421], [-68.529867, -52.624347], [-68.529783, -52.624273], [-68.529698, -52.624199], [-68.529614, -52.624126], [-68.529529, -52.624052], [-68.529443, -52.623979], [-68.529358, -52.623905], [-68.529273, -52.623832], [-68.529189, -52.623758], [-68.529105, -52.623684], [-68.529021, -52.62361], [-68.528939, -52.623536], [-68.528855, -52.623462], [-68.52877, -52.623388], [-68.528685, -52.623315], [-68.528599, -52.623242], [-68.528514, -52.623168], [-68.528428, -52.623095], [-68.528343, -52.623022], [-68.528258, -52.622948], [-68.528173, -52.622875], [-68.52809, -52.622801], [-68.528007, -52.622726], [-68.527923, -52.622652], [-68.52784, -52.622578], [-68.527757, -52.622504], [-68.527674, -52.622429], [-68.52759, -52.622355], [-68.527508, -52.62228], [-68.527425, -52.622206], [-68.527343, -52.622132], [-68.527258, -52.622058], [-68.527174, -52.621984], [-68.527088, -52.621911], [-68.527004, -52.621837], [-68.52692, -52.621763], [-68.526837, -52.621689], [-68.526753, -52.621615], [-68.52667, -52.621541], [-68.526585, -52.621467], [-68.526501, -52.621393], [-68.526415, -52.62132], [-68.526328, -52.621248], [-68.526242, -52.621175], [-68.526156, -52.621102], [-68.526069, -52.621029], [-68.525981, -52.620957], [-68.525894, -52.620884], [-68.525807, -52.620812], [-68.525719, -52.62074], [-68.525631, -52.620667], [-68.525543, -52.620595], [-68.525454, -52.620524], [-68.525363, -52.620453], [-68.52527, -52.620383], [-68.525177, -52.620313], [-68.525083, -52.620244], [-68.52499, -52.620174], [-68.524895, -52.620105], [-68.5248, -52.620037], [-68.524704, -52.619968], [-68.524609, -52.619899], [-68.524512, -52.619831], [-68.524416, -52.619763], [-68.52432, -52.619695], [-68.524224, -52.619627], [-68.524128, -52.619558], [-68.524031, -52.619491], [-68.523933, -52.619424], [-68.523832, -52.619358], [-68.523732, -52.619292], [-68.52363, -52.619227], [-68.523527, -52.619162], [-68.523425, -52.619098], [-68.523322, -52.619034], [-68.523219, -52.618969], [-68.523115, -52.618905], [-68.523011, -52.618842], [-68.522905, -52.618778], [-68.522798, -52.618717], [-68.522691, -52.618655], [-68.522583, -52.618593], [-68.522475, -52.618532], [-68.522368, -52.61847], [-68.522259, -52.61841], [-68.522149, -52.61835], [-68.522038, -52.61829], [-68.521926, -52.618232], [-68.521814, -52.618173], [-68.521701, -52.618115], [-68.52159, -52.618056], [-68.521477, -52.617999], [-68.521365, -52.61794], [-68.521252, -52.617882], [-68.521138, -52.617825], [-68.521024, -52.617768], [-68.52091, -52.617711], [-68.520795, -52.617655], [-68.520677, -52.6176], [-68.52056, -52.617546], [-68.520443, -52.617491], [-68.520328, -52.617434], [-68.520214, -52.617377], [-68.520101, -52.61732], [-68.519986, -52.617263], [-68.519869, -52.617208], [-68.519751, -52.617154], [-68.519632, -52.617101], [-68.519511, -52.617049], [-68.51939, -52.616998], [-68.519268, -52.616948], [-68.519146, -52.616897], [-68.519024, -52.616847], [-68.518901, -52.616797], [-68.518778, -52.616747], [-68.518656, -52.616697], [-68.518533, -52.616646], [-68.51841, -52.616597], [-68.518288, -52.616547], [-68.518164, -52.616497], [-68.51804, -52.616448], [-68.517917, -52.616399], [-68.517793, -52.61635], [-68.517669, -52.616301], [-68.517545, -52.616253], [-68.517418, -52.616207], [-68.517291, -52.616161], [-68.517164, -52.616116], [-68.517035, -52.616071], [-68.516907, -52.616027], [-68.516777, -52.615985], [-68.516648, -52.615941], [-68.516525, -52.615891], [-68.516398, -52.615845], [-68.516269, -52.615802], [-68.516139, -52.615759], [-68.516008, -52.615717], [-68.515877, -52.615676], [-68.515745, -52.615636], [-68.515612, -52.615597], [-68.51548, -52.615556], [-68.515347, -52.615518], [-68.515214, -52.615479], [-68.515081, -52.61544], [-68.514949, -52.6154], [-68.514817, -52.615359], [-68.514686, -52.615318], [-68.514554, -52.615277], [-68.514422, -52.615238], [-68.514289, -52.615198], [-68.514155, -52.61516], [-68.514021, -52.615123], [-68.513887, -52.615085], [-68.513753, -52.615048], [-68.513618, -52.615011], [-68.513482, -52.614976], [-68.513346, -52.61494], [-68.51321, -52.614906], [-68.513074, -52.614871], [-68.512939, -52.614835], [-68.512803, -52.6148], [-68.512667, -52.614765], [-68.51253, -52.614731], [-68.512393, -52.614698], [-68.512256, -52.614664], [-68.512119, -52.614631], [-68.511981, -52.614598], [-68.511846, -52.614563], [-68.51171, -52.614527], [-68.511574, -52.614493], [-68.511436, -52.61446], [-68.511298, -52.614428], [-68.51116, -52.614397], [-68.511022, -52.614365], [-68.510883, -52.614334], [-68.510746, -52.6143], [-68.51061, -52.614266], [-68.510474, -52.614231], [-68.510337, -52.614197], [-68.510201, -52.614162], [-68.510066, -52.614127], [-68.50993, -52.614091], [-68.509793, -52.614058], [-68.509655, -52.614026], [-68.509516, -52.613995], [-68.509378, -52.613963], [-68.509241, -52.61393], [-68.509104, -52.613897], [-68.508967, -52.613863], [-68.508829, -52.613831], [-68.508691, -52.613798], [-68.508554, -52.613765], [-68.508417, -52.613732], [-68.50828, -52.613699], [-68.508143, -52.613666], [-68.508005, -52.613633], [-68.507868, -52.6136], [-68.507731, -52.613566], [-68.507594, -52.613533], [-68.507457, -52.613499], [-68.50732, -52.613465], [-68.507183, -52.613432], [-68.507046, -52.613399], [-68.506909, -52.613365], [-68.506772, -52.613332], [-68.506636, -52.613297], [-68.506499, -52.613264], [-68.506363, -52.613229], [-68.506226, -52.613195], [-68.506089, -52.613161], [-68.505953, -52.613127], [-68.505817, -52.613092], [-68.505679, -52.613059], [-68.505542, -52.613026], [-68.505405, -52.612993], [-68.505268, -52.61296], [-68.505131, -52.612926], [-68.504995, -52.612891], [-68.504858, -52.612857], [-68.504721, -52.612824], [-68.504584, -52.612791], [-68.504447, -52.612758], [-68.504309, -52.612725], [-68.504172, -52.612692], [-68.504035, -52.612658], [-68.503898, -52.612624], [-68.503762, -52.61259], [-68.503625, -52.612556], [-68.503488, -52.612523], [-68.503351, -52.612489], [-68.503214, -52.612455], [-68.503078, -52.612421], [-68.50294, -52.612388], [-68.502803, -52.612355], [-68.502666, -52.612322], [-68.502528, -52.612289], [-68.502392, -52.612256], [-68.502255, -52.612222], [-68.502117, -52.612189], [-68.50198, -52.612156], [-68.501843, -52.612123], [-68.501705, -52.612091], [-68.501568, -52.612058], [-68.50143, -52.612025], [-68.501293, -52.611992], [-68.501155, -52.611959], [-68.501018, -52.611926], [-68.500881, -52.611893], [-68.500743, -52.61186], [-68.500607, -52.611827], [-68.50047, -52.611793], [-68.500333, -52.61176], [-68.500195, -52.611727], [-68.500059, -52.611693], [-68.499923, -52.611658], [-68.499787, -52.611622], [-68.499651, -52.611587], [-68.499516, -52.611551], [-68.499381, -52.611515], [-68.499247, -52.611477], [-68.499112, -52.611441], [-68.498978, -52.611403], [-68.498844, -52.611365], [-68.498711, -52.611327], [-68.498577, -52.611288], [-68.498444, -52.61125], [-68.498311, -52.611211], [-68.498179, -52.611171], [-68.498047, -52.61113], [-68.497915, -52.61109], [-68.497783, -52.611049], [-68.497653, -52.611007], [-68.497524, -52.610964], [-68.497396, -52.610919], [-68.497268, -52.610874], [-68.497139, -52.61083], [-68.497011, -52.610786], [-68.496881, -52.610743], [-68.496751, -52.6107], [-68.496622, -52.610657], [-68.496493, -52.610613], [-68.496364, -52.610569], [-68.496237, -52.610524], [-68.49611, -52.610478], [-68.495983, -52.610432], [-68.495857, -52.610385], [-68.495732, -52.610337], [-68.495607, -52.610289], [-68.495484, -52.610239], [-68.495361, -52.61019], [-68.495239, -52.610139], [-68.495116, -52.61009], [-68.494994, -52.61004], [-68.494872, -52.609989], [-68.494749, -52.609939], [-68.494628, -52.609887], [-68.494507, -52.609836], [-68.494386, -52.609784], [-68.494267, -52.609731], [-68.494146, -52.609679], [-68.494027, -52.609627], [-68.493907, -52.609574], [-68.493788, -52.609521], [-68.493668, -52.609469], [-68.49355, -52.609415], [-68.493431, -52.609362], [-68.493313, -52.609308], [-68.493195, -52.609253], [-68.493078, -52.609198], [-68.492962, -52.609143], [-68.492845, -52.609088], [-68.49273, -52.609032], [-68.492615, -52.608976], [-68.4925, -52.60892], [-68.492386, -52.608862], [-68.492273, -52.608804], [-68.492161, -52.608746], [-68.492048, -52.608688], [-68.491936, -52.608629], [-68.491824, -52.608571], [-68.491713, -52.608512], [-68.491603, -52.608452], [-68.491493, -52.608392], [-68.491384, -52.608331], [-68.491275, -52.608271], [-68.491167, -52.608209], [-68.49106, -52.608148], [-68.490954, -52.608085], [-68.490846, -52.608024], [-68.49074, -52.607961], [-68.490635, -52.607898], [-68.49053, -52.607835], [-68.490427, -52.607771], [-68.490323, -52.607707], [-68.490219, -52.607643], [-68.490116, -52.607579], [-68.490013, -52.607515], [-68.489911, -52.60745], [-68.489808, -52.607385], [-68.489708, -52.607319], [-68.489607, -52.607254], [-68.489506, -52.607188], [-68.489406, -52.607122], [-68.489307, -52.607055], [-68.489208, -52.606988], [-68.489109, -52.606922], [-68.489011, -52.606854], [-68.488914, -52.606787], [-68.488817, -52.606719], [-68.488721, -52.606651], [-68.488625, -52.606582], [-68.488529, -52.606514], [-68.488434, -52.606446], [-68.488339, -52.606377], [-68.488244, -52.606308], [-68.48815, -52.606239], [-68.488057, -52.606169], [-68.487965, -52.606099], [-68.487874, -52.606028], [-68.487782, -52.605958], [-68.487693, -52.605886], [-68.487603, -52.605815], [-68.487515, -52.605743], [-68.487425, -52.605671], [-68.487338, -52.605599], [-68.487251, -52.605526], [-68.487165, -52.605453], [-68.487079, -52.60538], [-68.486994, -52.605307], [-68.48691, -52.605233], [-68.486825, -52.605159], [-68.48674, -52.605086], [-68.486655, -52.605012], [-68.486571, -52.604939], [-68.486486, -52.604865], [-68.486401, -52.604792], [-68.486317, -52.604718], [-68.486232, -52.604644], [-68.486146, -52.604571], [-68.486059, -52.604498], [-68.485973, -52.604426], [-68.485887, -52.604353], [-68.4858, -52.60428], [-68.485714, -52.604207], [-68.485628, -52.604134], [-68.485542, -52.604061], [-68.485457, -52.603987], [-68.485371, -52.603914], [-68.485284, -52.603842], [-68.485198, -52.603769], [-68.485111, -52.603696], [-68.485024, -52.603624], [-68.484937, -52.603551], [-68.484849, -52.603479], [-68.484763, -52.603406], [-68.484676, -52.603333], [-68.484589, -52.603261], [-68.484502, -52.603188], [-68.484416, -52.603115], [-68.48433, -52.603042], [-68.484243, -52.602969], [-68.484157, -52.602896], [-68.484071, -52.602823], [-68.483984, -52.602751], [-68.483897, -52.602678], [-68.48381, -52.602605], [-68.483725, -52.602532], [-68.483639, -52.602459], [-68.483553, -52.602386], [-68.483467, -52.602313], [-68.483381, -52.60224], [-68.483294, -52.602167], [-68.483208, -52.602094], [-68.483121, -52.602022], [-68.483034, -52.601949], [-68.482947, -52.601877], [-68.482861, -52.601804], [-68.482774, -52.601731], [-68.482688, -52.601658], [-68.482602, -52.601585], [-68.482517, -52.601512], [-68.482431, -52.601439], [-68.482345, -52.601366], [-68.482259, -52.601293], [-68.482173, -52.601219], [-68.482087, -52.601146], [-68.482001, -52.601073], [-68.481917, -52.601], [-68.481832, -52.600926], [-68.481746, -52.600853], [-68.48166, -52.60078], [-68.481575, -52.600707], [-68.481488, -52.600634], [-68.4814, -52.600562], [-68.481313, -52.600489], [-68.481227, -52.600416], [-68.481139, -52.600344], [-68.481053, -52.600271], [-68.480967, -52.600198], [-68.480882, -52.600124], [-68.480796, -52.600051], [-68.480711, -52.599978], [-68.480627, -52.599904], [-68.480542, -52.599831], [-68.480457, -52.599757], [-68.480372, -52.599684], [-68.480286, -52.599611], [-68.480201, -52.599537], [-68.480115, -52.599464], [-68.480029, -52.599391], [-68.479941, -52.599319], [-68.479853, -52.599247], [-68.479766, -52.599175], [-68.479678, -52.599102], [-68.479591, -52.59903], [-68.479506, -52.598956], [-68.479421, -52.598883], [-68.479337, -52.598809], [-68.479253, -52.598735], [-68.479166, -52.598662], [-68.47908, -52.598589], [-68.478994, -52.598516], [-68.478907, -52.598444], [-68.47882, -52.598371], [-68.478734, -52.598298], [-68.478646, -52.598226], [-68.47856, -52.598153], [-68.478475, -52.59808], [-68.47839, -52.598006], [-68.478304, -52.597933], [-68.478218, -52.59786], [-68.478131, -52.597787], [-68.478044, -52.597715], [-68.477957, -52.597642], [-68.477871, -52.597569], [-68.477783, -52.597497], [-68.477698, -52.597423], [-68.477614, -52.59735], [-68.477531, -52.597275], [-68.477447, -52.597202], [-68.477363, -52.597128], [-68.477278, -52.597054], [-68.477192, -52.596981], [-68.477106, -52.596908], [-68.477021, -52.596835], [-68.476936, -52.596761], [-68.47685, -52.596688], [-68.476764, -52.596615], [-68.476679, -52.596542], [-68.476593, -52.596469], [-68.476508, -52.596395], [-68.476425, -52.596321], [-68.476342, -52.596247], [-68.476258, -52.596173], [-68.476174, -52.596099], [-68.476089, -52.596025], [-68.476004, -52.595952], [-68.475919, -52.595879], [-68.475834, -52.595805], [-68.475749, -52.595732], [-68.475664, -52.595658], [-68.475578, -52.595585], [-68.475495, -52.595511], [-68.475409, -52.595438], [-68.475322, -52.595365], [-68.475235, -52.595293], [-68.475147, -52.595221], [-68.475059, -52.595149], [-68.474972, -52.595076], [-68.474885, -52.595003], [-68.474799, -52.59493], [-68.474711, -52.594858], [-68.474623, -52.594786], [-68.474535, -52.594714], [-68.474449, -52.594641], [-68.474365, -52.594567], [-68.474282, -52.594493], [-68.474198, -52.594419], [-68.474113, -52.594345], [-68.474027, -52.594272], [-68.473941, -52.594199], [-68.473856, -52.594126], [-68.473771, -52.594052], [-68.473687, -52.593978], [-68.473602, -52.593905], [-68.473517, -52.593832], [-68.473432, -52.593758], [-68.473346, -52.593685], [-68.47326, -52.593612], [-68.473173, -52.593539], [-68.473086, -52.593467], [-68.473001, -52.593393], [-68.472916, -52.59332], [-68.472831, -52.593247], [-68.472747, -52.593173], [-68.472663, -52.593099], [-68.472578, -52.593025], [-68.472492, -52.592952], [-68.472408, -52.592879], [-68.472323, -52.592805], [-68.472238, -52.592732], [-68.472152, -52.592658], [-68.472066, -52.592585], [-68.471981, -52.592512], [-68.471895, -52.592439], [-68.47181, -52.592365], [-68.471724, -52.592293], [-68.471638, -52.59222], [-68.471552, -52.592147], [-68.471467, -52.592073], [-68.471382, -52.592], [-68.471297, -52.591926], [-68.471211, -52.591853], [-68.471126, -52.59178], [-68.47104, -52.591707], [-68.470956, -52.591633], [-68.470871, -52.591559], [-68.470786, -52.591486], [-68.470703, -52.591412], [-68.47062, -52.591337], [-68.470535, -52.591264], [-68.470452, -52.591189], [-68.470369, -52.591115], [-68.470286, -52.591041], [-68.470202, -52.590967], [-68.470118, -52.590893], [-68.470035, -52.590819], [-68.469951, -52.590745], [-68.469867, -52.590671], [-68.469782, -52.590598], [-68.469695, -52.590525], [-68.469608, -52.590453], [-68.46952, -52.59038], [-68.469434, -52.590308], [-68.469347, -52.590235], [-68.469262, -52.590161], [-68.469177, -52.590088], [-68.469093, -52.590014], [-68.469008, -52.589941], [-68.468926, -52.589866], [-68.468844, -52.589791], [-68.468759, -52.589718], [-68.468675, -52.589644], [-68.468589, -52.589571], [-68.468503, -52.589498], [-68.468418, -52.589424], [-68.468332, -52.589351], [-68.468246, -52.589278], [-68.468158, -52.589206], [-68.46807, -52.589134], [-68.467983, -52.589062], [-68.467895, -52.588989], [-68.467807, -52.588917], [-68.46772, -52.588845], [-68.467632, -52.588772], [-68.467545, -52.5887], [-68.467457, -52.588628], [-68.467369, -52.588555], [-68.467283, -52.588482], [-68.467197, -52.58841], [-68.467111, -52.588337], [-68.467023, -52.588264], [-68.466937, -52.588191], [-68.466849, -52.588119], [-68.466762, -52.588046], [-68.466676, -52.587974], [-68.466589, -52.587901], [-68.466505, -52.587827], [-68.466419, -52.587754], [-68.466331, -52.587682], [-68.466244, -52.587609], [-68.466157, -52.587537], [-68.466071, -52.587464], [-68.465985, -52.587391], [-68.465899, -52.587318], [-68.465812, -52.587245], [-68.465725, -52.587173], [-68.465639, -52.5871], [-68.465553, -52.587027], [-68.465467, -52.586954], [-68.46538, -52.586881], [-68.465293, -52.586809], [-68.465206, -52.586736], [-68.465119, -52.586664], [-68.465031, -52.586591], [-68.464945, -52.586518], [-68.464858, -52.586446], [-68.464771, -52.586373], [-68.464685, -52.5863], [-68.464597, -52.586228], [-68.46451, -52.586155], [-68.464424, -52.586082], [-68.464339, -52.586009], [-68.464252, -52.585937], [-68.464165, -52.585864], [-68.464078, -52.585791], [-68.463993, -52.585718], [-68.463908, -52.585644], [-68.463822, -52.585571], [-68.463736, -52.585498], [-68.463649, -52.585426], [-68.463562, -52.585353], [-68.463474, -52.585281], [-68.463388, -52.585208], [-68.463302, -52.585135], [-68.463216, -52.585062], [-68.463129, -52.584989], [-68.463043, -52.584917], [-68.462956, -52.584844], [-68.462869, -52.584771], [-68.462784, -52.584698], [-68.462699, -52.584624], [-68.462613, -52.584551], [-68.462527, -52.584478], [-68.46244, -52.584406], [-68.462352, -52.584334], [-68.462263, -52.584262], [-68.462173, -52.584191], [-68.462085, -52.584118], [-68.461999, -52.584046], [-68.461914, -52.583972], [-68.461829, -52.583899], [-68.461745, -52.583825], [-68.461658, -52.583752], [-68.461572, -52.583679], [-68.461485, -52.583607], [-68.461398, -52.583534], [-68.461312, -52.583461], [-68.461226, -52.583388], [-68.46114, -52.583315], [-68.461052, -52.583243], [-68.460965, -52.583171], [-68.460878, -52.583098], [-68.460791, -52.583025], [-68.460704, -52.582953], [-68.460615, -52.582881], [-68.460528, -52.582809], [-68.46044, -52.582737], [-68.460352, -52.582664], [-68.460264, -52.582592], [-68.460177, -52.582519], [-68.46009, -52.582447], [-68.460003, -52.582374], [-68.459917, -52.582301], [-68.459831, -52.582228], [-68.459745, -52.582155], [-68.459661, -52.582081], [-68.459577, -52.582008], [-68.459493, -52.581934], [-68.459409, -52.58186], [-68.459324, -52.581786], [-68.459241, -52.581712], [-68.459158, -52.581638], [-68.459073, -52.581565], [-68.45899, -52.58149], [-68.458907, -52.581416], [-68.458824, -52.581342], [-68.458741, -52.581268], [-68.458657, -52.581193], [-68.458574, -52.581119], [-68.458492, -52.581045], [-68.458409, -52.58097], [-68.458327, -52.580896], [-68.458245, -52.580821], [-68.458165, -52.580745], [-68.458087, -52.580669], [-68.458005, -52.580594], [-68.457924, -52.580519], [-68.457842, -52.580444], [-68.457762, -52.580369], [-68.45768, -52.580294], [-68.457603, -52.580218], [-68.457526, -52.580141], [-68.457447, -52.580065], [-68.45737, -52.579989], [-68.457292, -52.579912], [-68.457215, -52.579836], [-68.457138, -52.579759], [-68.457063, -52.579682], [-68.456987, -52.579604], [-68.456911, -52.579527], [-68.456836, -52.57945], [-68.456763, -52.579372], [-68.456692, -52.579293], [-68.45662, -52.579215], [-68.456549, -52.579136], [-68.456478, -52.579057], [-68.456406, -52.578979], [-68.456334, -52.5789], [-68.456263, -52.578822], [-68.456192, -52.578743], [-68.456122, -52.578664], [-68.456051, -52.578585], [-68.45598, -52.578506], [-68.455908, -52.578428], [-68.455836, -52.578349], [-68.455764, -52.578271], [-68.455692, -52.578193], [-68.455621, -52.578114], [-68.455551, -52.578035], [-68.45548, -52.577956], [-68.455408, -52.577878], [-68.455334, -52.5778], [-68.45526, -52.577722], [-68.455186, -52.577644], [-68.455114, -52.577566], [-68.455044, -52.577487], [-68.454974, -52.577408], [-68.454903, -52.577329], [-68.454831, -52.577251], [-68.454759, -52.577172], [-68.454686, -52.577094], [-68.454613, -52.577016], [-68.45454, -52.576938], [-68.454465, -52.57686], [-68.454393, -52.576782], [-68.454325, -52.576702], [-68.454256, -52.576623], [-68.454186, -52.576544], [-68.454117, -52.576465], [-68.454046, -52.576386], [-68.453976, -52.576307], [-68.453906, -52.576227], [-68.453834, -52.576149], [-68.453761, -52.576071], [-68.453689, -52.575993], [-68.453617, -52.575914], [-68.453546, -52.575835], [-68.453474, -52.575757], [-68.453401, -52.575679], [-68.453328, -52.575601], [-68.453256, -52.575522], [-68.453184, -52.575444], [-68.45311, -52.575366], [-68.453035, -52.575289], [-68.452964, -52.57521], [-68.452895, -52.57513], [-68.452828, -52.57505], [-68.45276, -52.574971], [-68.452689, -52.574892], [-68.452619, -52.574813], [-68.452549, -52.574734], [-68.452476, -52.574656], [-68.452404, -52.574577], [-68.452333, -52.574499], [-68.452262, -52.57442], [-68.452193, -52.57434], [-68.452121, -52.574262], [-68.452047, -52.574184], [-68.451975, -52.574106], [-68.451901, -52.574028], [-68.451828, -52.57395], [-68.451754, -52.573872], [-68.451681, -52.573794], [-68.451609, -52.573716], [-68.451537, -52.573637], [-68.451462, -52.57356], [-68.45139, -52.573481], [-68.451319, -52.573403], [-68.451248, -52.573324], [-68.451176, -52.573245], [-68.451105, -52.573167], [-68.451033, -52.573089], [-68.450959, -52.573011], [-68.450888, -52.572932], [-68.450817, -52.572853], [-68.450744, -52.572775], [-68.450672, -52.572697], [-68.4506, -52.572618], [-68.450527, -52.57254], [-68.450455, -52.572462], [-68.450384, -52.572383], [-68.450314, -52.572304], [-68.450242, -52.572225], [-68.450169, -52.572147], [-68.450098, -52.572069], [-68.450027, -52.57199], [-68.449955, -52.571911], [-68.449885, -52.571832], [-68.449814, -52.571754], [-68.449744, -52.571675], [-68.449673, -52.571596], [-68.4496, -52.571518], [-68.449528, -52.571439], [-68.449456, -52.571361], [-68.449384, -52.571282], [-68.449312, -52.571204], [-68.449242, -52.571125], [-68.449173, -52.571045], [-68.449101, -52.570967], [-68.449029, -52.570889], [-68.448955, -52.570811], [-68.448883, -52.570732], [-68.448811, -52.570654], [-68.448739, -52.570576], [-68.448667, -52.570497], [-68.448592, -52.57042], [-68.448522, -52.570341], [-68.448451, -52.570262], [-68.44838, -52.570183], [-68.448308, -52.570105], [-68.448236, -52.570026], [-68.448165, -52.569948], [-68.448092, -52.569869], [-68.448018, -52.569792], [-68.447943, -52.569715], [-68.447866, -52.569638], [-68.447791, -52.56956], [-68.447719, -52.569482], [-68.447647, -52.569403], [-68.447574, -52.569326], [-68.447502, -52.569247], [-68.44743, -52.569169], [-68.44736, -52.56909], [-68.447291, -52.56901], [-68.447219, -52.568932], [-68.447148, -52.568853], [-68.447078, -52.568774], [-68.447008, -52.568695], [-68.446937, -52.568616], [-68.446866, -52.568537], [-68.446797, -52.568458], [-68.446726, -52.568379], [-68.446655, -52.5683], [-68.446582, -52.568222], [-68.446511, -52.568143], [-68.446441, -52.568064], [-68.44637, -52.567986], [-68.446298, -52.567907], [-68.446225, -52.567829], [-68.446154, -52.56775], [-68.446083, -52.567671], [-68.446012, -52.567593], [-68.445941, -52.567514], [-68.44587, -52.567435], [-68.445802, -52.567356], [-68.445733, -52.567276], [-68.445662, -52.567198], [-68.445589, -52.567119], [-68.445518, -52.56704], [-68.445448, -52.566961], [-68.445377, -52.566883], [-68.445307, -52.566803], [-68.445237, -52.566725], [-68.445165, -52.566646], [-68.445094, -52.566567], [-68.445024, -52.566488], [-68.444952, -52.56641], [-68.444881, -52.566331], [-68.444809, -52.566253], [-68.444738, -52.566174], [-68.444666, -52.566096], [-68.444594, -52.566017], [-68.444522, -52.565939], [-68.44445, -52.56586], [-68.444379, -52.565782], [-68.444306, -52.565703], [-68.444234, -52.565625], [-68.444164, -52.565546], [-68.444091, -52.565468], [-68.44402, -52.565389], [-68.443947, -52.565311], [-68.443876, -52.565232], [-68.443804, -52.565154], [-68.443732, -52.565075], [-68.44366, -52.564997], [-68.443589, -52.564918], [-68.443518, -52.564839], [-68.443447, -52.564761], [-68.443376, -52.564682], [-68.443306, -52.564603], [-68.443235, -52.564524], [-68.443163, -52.564446], [-68.44309, -52.564368], [-68.443017, -52.564289], [-68.442947, -52.56421], [-68.442876, -52.564132], [-68.442806, -52.564053], [-68.442735, -52.563974], [-68.442663, -52.563895], [-68.442595, -52.563816], [-68.442526, -52.563736], [-68.442455, -52.563658], [-68.442382, -52.563579], [-68.442311, -52.563501], [-68.44224, -52.563422], [-68.442171, -52.563343], [-68.4421, -52.563264], [-68.442029, -52.563185], [-68.441957, -52.563107], [-68.441887, -52.563027], [-68.441816, -52.562949], [-68.441746, -52.56287], [-68.441676, -52.562791], [-68.441606, -52.562712], [-68.441535, -52.562633], [-68.441465, -52.562554], [-68.441393, -52.562475], [-68.441323, -52.562396], [-68.441252, -52.562318], [-68.44118, -52.562239], [-68.441109, -52.56216], [-68.441038, -52.562081], [-68.440967, -52.562003], [-68.440896, -52.561924], [-68.440824, -52.561845], [-68.440753, -52.561767], [-68.440682, -52.561688], [-68.440611, -52.561609], [-68.440538, -52.561531], [-68.440468, -52.561452], [-68.440397, -52.561373], [-68.440328, -52.561294], [-68.440258, -52.561215], [-68.440187, -52.561136], [-68.440116, -52.561057], [-68.440045, -52.560979], [-68.439974, -52.5609], [-68.439903, -52.560821], [-68.439833, -52.560742], [-68.439763, -52.560663], [-68.439693, -52.560584], [-68.439622, -52.560505], [-68.43955, -52.560426], [-68.43948, -52.560348], [-68.43941, -52.560268], [-68.439338, -52.56019], [-68.439266, -52.560112], [-68.439195, -52.560033], [-68.439123, -52.559954], [-68.439052, -52.559876], [-68.43898, -52.559797], [-68.438908, -52.559719], [-68.438837, -52.55964], [-68.438767, -52.559561], [-68.438697, -52.559482], [-68.438626, -52.559403], [-68.438556, -52.559324], [-68.438486, -52.559245], [-68.438415, -52.559166], [-68.438344, -52.559087], [-68.438273, -52.559009], [-68.438203, -52.55893], [-68.438132, -52.558851], [-68.438062, -52.558772], [-68.437991, -52.558693], [-68.437922, -52.558614], [-68.437851, -52.558535], [-68.437781, -52.558456], [-68.43771, -52.558377], [-68.437641, -52.558298], [-68.43757, -52.558219], [-68.437499, -52.55814], [-68.437427, -52.558062], [-68.437355, -52.557983], [-68.437285, -52.557904], [-68.437214, -52.557825], [-68.437143, -52.557747], [-68.437072, -52.557668], [-68.437001, -52.557589], [-68.436931, -52.55751], [-68.43686, -52.557431], [-68.436789, -52.557352], [-68.436718, -52.557274], [-68.436646, -52.557195], [-68.436576, -52.557116], [-68.436504, -52.557038], [-68.436433, -52.556959], [-68.436361, -52.55688], [-68.43629, -52.556802], [-68.43622, -52.556723], [-68.436147, -52.556645], [-68.436075, -52.556566], [-68.436003, -52.556488], [-68.435932, -52.556409], [-68.435859, -52.556331], [-68.435785, -52.556253], [-68.435714, -52.556175], [-68.435642, -52.556096], [-68.435572, -52.556017], [-68.435501, -52.555938], [-68.43543, -52.55586], [-68.435358, -52.555781], [-68.435287, -52.555702], [-68.435216, -52.555624], [-68.435147, -52.555544], [-68.435082, -52.555464], [-68.435016, -52.555383], [-68.434951, -52.555303], [-68.434886, -52.555222], [-68.43482, -52.555141], [-68.434757, -52.55506], [-68.434694, -52.554979], [-68.434633, -52.554897], [-68.434571, -52.554816], [-68.43451, -52.554734], [-68.434447, -52.554653], [-68.434386, -52.554571], [-68.434325, -52.554489], [-68.434265, -52.554407], [-68.434206, -52.554325], [-68.434148, -52.554242], [-68.434092, -52.554159], [-68.434038, -52.554075], [-68.433985, -52.553992], [-68.433931, -52.553908], [-68.433877, -52.553824], [-68.433821, -52.553741], [-68.43377, -52.553657], [-68.43372, -52.553572], [-68.433669, -52.553488], [-68.433619, -52.553403], [-68.433569, -52.553319], [-68.433519, -52.553234], [-68.433469, -52.55315], [-68.433422, -52.553065], [-68.433373, -52.55298], [-68.433327, -52.552894], [-68.43328, -52.552809], [-68.433234, -52.552724], [-68.433188, -52.552639], [-68.433145, -52.552553], [-68.433105, -52.552466], [-68.433063, -52.55238], [-68.43302, -52.552294], [-68.43298, -52.552208], [-68.432939, -52.552121], [-68.432899, -52.552035], [-68.432861, -52.551948], [-68.432822, -52.551861], [-68.432783, -52.551775], [-68.432745, -52.551688], [-68.432708, -52.551601], [-68.432673, -52.551514], [-68.432639, -52.551426], [-68.432605, -52.551339], [-68.43257, -52.551251], [-68.432535, -52.551164], [-68.432502, -52.551077], [-68.432467, -52.550989], [-68.432435, -52.550902], [-68.432401, -52.550814], [-68.432368, -52.550727], [-68.432334, -52.550639], [-68.432298, -52.550552], [-68.432263, -52.550465], [-68.432226, -52.550378], [-68.432192, -52.55029], [-68.432159, -52.550203], [-68.432127, -52.550115], [-68.432091, -52.550028], [-68.432055, -52.549941], [-68.432022, -52.549853], [-68.43199, -52.549765], [-68.431957, -52.549678], [-68.431922, -52.54959], [-68.431888, -52.549503], [-68.431855, -52.549415], [-68.431822, -52.549328], [-68.431791, -52.54924], [-68.431759, -52.549152], [-68.431723, -52.549065], [-68.431689, -52.548978], [-68.431657, -52.54889], [-68.431625, -52.548802], [-68.431592, -52.548715], [-68.43156, -52.548627], [-68.431526, -52.548539], [-68.43149, -52.548452], [-68.431456, -52.548365], [-68.431421, -52.548278], [-68.431385, -52.548191], [-68.431348, -52.548103], [-68.431312, -52.548016], [-68.431276, -52.547929], [-68.431241, -52.547842], [-68.431206, -52.547755], [-68.431171, -52.547667], [-68.431141, -52.547579], [-68.431109, -52.547492], [-68.431077, -52.547404], [-68.431046, -52.547316], [-68.431013, -52.547228], [-68.430982, -52.547141], [-68.430949, -52.547053], [-68.430914, -52.546966], [-68.430881, -52.546878], [-68.430847, -52.546791], [-68.430812, -52.546704], [-68.430776, -52.546616], [-68.430741, -52.546529], [-68.430706, -52.546442], [-68.430672, -52.546354], [-68.430637, -52.546267], [-68.430602, -52.54618], [-68.430567, -52.546093], [-68.430532, -52.546005], [-68.430497, -52.545918], [-68.430463, -52.54583], [-68.430429, -52.545743], [-68.430394, -52.545656], [-68.430358, -52.545569], [-68.430324, -52.545481], [-68.430292, -52.545393], [-68.430258, -52.545306], [-68.430223, -52.545219], [-68.430189, -52.545131], [-68.430155, -52.545044], [-68.430121, -52.544956], [-68.430088, -52.544869], [-68.430053, -52.544782], [-68.430018, -52.544694], [-68.429984, -52.544607], [-68.429951, -52.544519], [-68.429917, -52.544432], [-68.429883, -52.544344], [-68.429848, -52.544257], [-68.429813, -52.54417], [-68.429778, -52.544082], [-68.42974, -52.543996], [-68.429705, -52.543908], [-68.429669, -52.543821], [-68.429634, -52.543734], [-68.4296, -52.543647], [-68.429569, -52.543559], [-68.429536, -52.543471], [-68.429502, -52.543384], [-68.429469, -52.543296], [-68.429437, -52.543208], [-68.429404, -52.543121], [-68.429371, -52.543033], [-68.429339, -52.542945], [-68.429305, -52.542858], [-68.429272, -52.54277], [-68.429236, -52.542683], [-68.429201, -52.542596], [-68.429166, -52.542509], [-68.429134, -52.542421], [-68.429101, -52.542333], [-68.429065, -52.542246], [-68.429031, -52.542159], [-68.428996, -52.542072], [-68.42896, -52.541984], [-68.428924, -52.541897], [-68.42889, -52.54181], [-68.428857, -52.541722], [-68.428825, -52.541635], [-68.428788, -52.541548], [-68.428751, -52.541461], [-68.428717, -52.541373], [-68.428683, -52.541286], [-68.428651, -52.541198], [-68.428618, -52.54111], [-68.428584, -52.541023], [-68.42855, -52.540936], [-68.428516, -52.540848], [-68.42848, -52.540761], [-68.428446, -52.540674], [-68.428412, -52.540586], [-68.428378, -52.540499], [-68.428343, -52.540411], [-68.428311, -52.540324], [-68.428278, -52.540236], [-68.428243, -52.540149], [-68.42821, -52.540061], [-68.428177, -52.539974], [-68.428145, -52.539886], [-68.42811, -52.539799], [-68.428076, -52.539711], [-68.428043, -52.539624], [-68.42801, -52.539536], [-68.427975, -52.539449], [-68.427941, -52.539361], [-68.427907, -52.539274], [-68.427873, -52.539186], [-68.427839, -52.539099], [-68.427806, -52.539011], [-68.427773, -52.538924], [-68.427739, -52.538836], [-68.427704, -52.538749], [-68.427673, -52.538661], [-68.427641, -52.538574], [-68.427609, -52.538486], [-68.427577, -52.538398], [-68.427542, -52.538311], [-68.427507, -52.538224], [-68.427471, -52.538136], [-68.427437, -52.538049], [-68.427404, -52.537961], [-68.427371, -52.537874], [-68.427339, -52.537786], [-68.427306, -52.537698], [-68.427271, -52.537611], [-68.427238, -52.537524], [-68.427207, -52.537436], [-68.427175, -52.537348], [-68.42714, -52.537261], [-68.427106, -52.537173], [-68.427073, -52.537086], [-68.427039, -52.536998], [-68.427006, -52.536911], [-68.426971, -52.536824], [-68.426936, -52.536736], [-68.426902, -52.536649], [-68.426868, -52.536561], [-68.426836, -52.536474], [-68.426803, -52.536386], [-68.426768, -52.536299], [-68.426733, -52.536211], [-68.426698, -52.536124], [-68.426662, -52.536037], [-68.426627, -52.53595], [-68.426593, -52.535862], [-68.426557, -52.535775], [-68.426521, -52.535688], [-68.426485, -52.535601], [-68.42645, -52.535514], [-68.426414, -52.535427], [-68.426377, -52.535339], [-68.426339, -52.535253], [-68.426303, -52.535166], [-68.426266, -52.535079], [-68.426231, -52.534991], [-68.426196, -52.534904], [-68.426161, -52.534817], [-68.426127, -52.534729], [-68.426094, -52.534642], [-68.426061, -52.534554], [-68.426027, -52.534467], [-68.425995, -52.534379], [-68.425962, -52.534291], [-68.425928, -52.534204], [-68.425892, -52.534117], [-68.425858, -52.534029], [-68.425823, -52.533942], [-68.425788, -52.533855], [-68.425756, -52.533767], [-68.425722, -52.53368], [-68.425685, -52.533593], [-68.425649, -52.533505], [-68.425615, -52.533418], [-68.425579, -52.533331], [-68.425545, -52.533244], [-68.425508, -52.533157], [-68.425472, -52.533069], [-68.425438, -52.532982], [-68.425403, -52.532895], [-68.425367, -52.532807], [-68.425332, -52.53272], [-68.425298, -52.532633], [-68.425264, -52.532545], [-68.42523, -52.532458], [-68.425196, -52.532371], [-68.425161, -52.532283], [-68.425127, -52.532196], [-68.425093, -52.532108], [-68.425059, -52.532021], [-68.425024, -52.531934], [-68.424992, -52.531846], [-68.424958, -52.531758], [-68.424923, -52.531671], [-68.424889, -52.531584], [-68.424855, -52.531496], [-68.424821, -52.531409], [-68.424786, -52.531322], [-68.424754, -52.531234], [-68.42472, -52.531146], [-68.424687, -52.531059], [-68.424654, -52.530971], [-68.424618, -52.530884], [-68.424583, -52.530797], [-68.424547, -52.53071], [-68.424514, -52.530622], [-68.42448, -52.530535], [-68.424448, -52.530447], [-68.424416, -52.530359], [-68.424383, -52.530272], [-68.424347, -52.530184], [-68.424314, -52.530097], [-68.42428, -52.530009], [-68.424248, -52.529922], [-68.424215, -52.529834], [-68.424181, -52.529747], [-68.424145, -52.52966], [-68.424111, -52.529572], [-68.424075, -52.529485], [-68.424041, -52.529398], [-68.424009, -52.52931], [-68.423975, -52.529223], [-68.423941, -52.529135], [-68.423908, -52.529048], [-68.423875, -52.52896], [-68.423842, -52.528873], [-68.42381, -52.528785], [-68.423776, -52.528698], [-68.423742, -52.52861], [-68.423706, -52.528523], [-68.423672, -52.528436], [-68.423636, -52.528349], [-68.423602, -52.528262], [-68.423568, -52.528174], [-68.423535, -52.528087], [-68.423501, -52.528], [-68.423468, -52.527912], [-68.423434, -52.527825], [-68.4234, -52.527738], [-68.423367, -52.52765], [-68.423333, -52.527563], [-68.4233, -52.527475], [-68.423267, -52.527388], [-68.423235, -52.5273], [-68.423201, -52.527213], [-68.423165, -52.527126], [-68.423131, -52.527038], [-68.423095, -52.526951], [-68.423063, -52.526864], [-68.42303, -52.526776], [-68.422997, -52.526689], [-68.422964, -52.526601], [-68.422932, -52.526514], [-68.422901, -52.526426], [-68.422868, -52.526338], [-68.422835, -52.526251], [-68.422802, -52.526163], [-68.42277, -52.526076], [-68.422737, -52.525988], [-68.422704, -52.525901], [-68.422673, -52.525813], [-68.422642, -52.525725], [-68.422609, -52.525638], [-68.422576, -52.52555], [-68.422544, -52.525463], [-68.422512, -52.525375], [-68.422478, -52.525288], [-68.422441, -52.525201], [-68.422407, -52.525113], [-68.422373, -52.525026], [-68.42234, -52.524939], [-68.422307, -52.524851], [-68.422273, -52.524764], [-68.422243, -52.524676], [-68.422211, -52.524588], [-68.422178, -52.524501], [-68.422147, -52.524413], [-68.422115, -52.524325], [-68.422083, -52.524238], [-68.42205, -52.52415], [-68.422018, -52.524063], [-68.421986, -52.523975], [-68.421953, -52.523888], [-68.42192, -52.5238], [-68.421887, -52.523713], [-68.421854, -52.523625], [-68.421821, -52.523538], [-68.421787, -52.52345], [-68.421754, -52.523363], [-68.421721, -52.523275], [-68.421689, -52.523188], [-68.421656, -52.5231], [-68.421622, -52.523013], [-68.421588, -52.522926], [-68.421554, -52.522838], [-68.421522, -52.522751], [-68.421488, -52.522663], [-68.421455, -52.522576], [-68.421421, -52.522489], [-68.421386, -52.522401], [-68.421351, -52.522314], [-68.421319, -52.522227], [-68.421285, -52.522139], [-68.421253, -52.522052], [-68.42122, -52.521964], [-68.421186, -52.521877], [-68.421152, -52.521789], [-68.421119, -52.521702], [-68.421085, -52.521615], [-68.421053, -52.521527], [-68.421018, -52.52144], [-68.420984, -52.521353], [-68.420949, -52.521265], [-68.420914, -52.521178], [-68.420879, -52.521091], [-68.420845, -52.521004], [-68.42081, -52.520917], [-68.420775, -52.520829], [-68.420744, -52.520742], [-68.420711, -52.520654], [-68.420675, -52.520567], [-68.420637, -52.52048], [-68.420603, -52.520393], [-68.420568, -52.520306], [-68.420534, -52.520218], [-68.4205, -52.520131], [-68.420466, -52.520044], [-68.420433, -52.519956], [-68.420397, -52.519869], [-68.42036, -52.519782], [-68.420323, -52.519696], [-68.420289, -52.519608], [-68.420256, -52.519521], [-68.420221, -52.519434], [-68.420186, -52.519346], [-68.420152, -52.519259], [-68.420115, -52.519172], [-68.420081, -52.519085], [-68.420045, -52.518998], [-68.420008, -52.518911], [-68.419973, -52.518824], [-68.419939, -52.518736], [-68.419904, -52.518649], [-68.419869, -52.518562], [-68.419832, -52.518475], [-68.419798, -52.518388], [-68.419763, -52.518301], [-68.419729, -52.518213], [-68.419694, -52.518126], [-68.419658, -52.518039], [-68.419624, -52.517952], [-68.419587, -52.517865], [-68.419552, -52.517778], [-68.419517, -52.517691], [-68.419481, -52.517604], [-68.419446, -52.517516], [-68.419411, -52.517429], [-68.419376, -52.517342], [-68.419341, -52.517255], [-68.419307, -52.517167], [-68.419273, -52.51708], [-68.419237, -52.516993], [-68.419204, -52.516906], [-68.419169, -52.516819], [-68.419135, -52.516731], [-68.419101, -52.516644], [-68.419068, -52.516556], [-68.419036, -52.516469], [-68.419003, -52.516381], [-68.418968, -52.516294], [-68.418936, -52.516207], [-68.418902, -52.516119], [-68.418867, -52.516032], [-68.418832, -52.515945], [-68.418798, -52.515857], [-68.418762, -52.51577], [-68.418727, -52.515683], [-68.418693, -52.515596], [-68.418657, -52.515509], [-68.418622, -52.515422], [-68.418587, -52.515335], [-68.418553, -52.515247], [-68.418518, -52.51516], [-68.418487, -52.515072], [-68.418449, -52.514986], [-68.418414, -52.514898], [-68.41838, -52.514811], [-68.418346, -52.514724], [-68.418309, -52.514637], [-68.418273, -52.51455], [-68.41824, -52.514462], [-68.418206, -52.514375], [-68.418172, -52.514288], [-68.418137, -52.5142], [-68.418103, -52.514113], [-68.41807, -52.514026], [-68.418036, -52.513938], [-68.418002, -52.513851], [-68.417967, -52.513764], [-68.417933, -52.513677], [-68.4179, -52.513589], [-68.417866, -52.513502], [-68.417833, -52.513414], [-68.417798, -52.513327], [-68.417762, -52.51324], [-68.417728, -52.513153], [-68.417696, -52.513065], [-68.417663, -52.512978], [-68.41763, -52.51289], [-68.417596, -52.512803], [-68.417562, -52.512716], [-68.417529, -52.512628], [-68.417494, -52.512541], [-68.417459, -52.512454], [-68.417425, -52.512366], [-68.417394, -52.512279], [-68.417361, -52.512191], [-68.417329, -52.512104], [-68.417297, -52.512016], [-68.417262, -52.511929], [-68.417226, -52.511842], [-68.417195, -52.511754], [-68.417162, -52.511666], [-68.417128, -52.511579], [-68.417093, -52.511492], [-68.417058, -52.511405], [-68.417025, -52.511317], [-68.416994, -52.511229], [-68.41696, -52.511142], [-68.416926, -52.511055], [-68.416892, -52.510967], [-68.416858, -52.51088], [-68.416825, -52.510793], [-68.416792, -52.510705], [-68.41676, -52.510618], [-68.416727, -52.51053], [-68.41669, -52.510443], [-68.416653, -52.510356], [-68.41662, -52.510269], [-68.416586, -52.510182], [-68.416555, -52.510094], [-68.416524, -52.510006], [-68.416492, -52.509918], [-68.416461, -52.509831], [-68.416427, -52.509743], [-68.416393, -52.509656], [-68.416361, -52.509568], [-68.416329, -52.509481], [-68.416295, -52.509393], [-68.416263, -52.509306], [-68.416231, -52.509218], [-68.4162, -52.50913], [-68.416168, -52.509043], [-68.416136, -52.508955], [-68.416103, -52.508868], [-68.416069, -52.50878], [-68.416036, -52.508693], [-68.416005, -52.508605], [-68.415972, -52.508517], [-68.415938, -52.50843], [-68.415902, -52.508343], [-68.415867, -52.508256], [-68.415836, -52.508168], [-68.415802, -52.508081], [-68.415768, -52.507994], [-68.415735, -52.507906], [-68.415701, -52.507819], [-68.415668, -52.507731], [-68.415634, -52.507644], [-68.415599, -52.507557], [-68.415564, -52.50747], [-68.415528, -52.507383], [-68.415493, -52.507295], [-68.415461, -52.507208], [-68.415426, -52.507121], [-68.415394, -52.507033], [-68.415358, -52.506946], [-68.415324, -52.506859], [-68.415289, -52.506771], [-68.415256, -52.506684], [-68.415222, -52.506597], [-68.415187, -52.50651], [-68.415151, -52.506422], [-68.415118, -52.506335], [-68.415084, -52.506248], [-68.41505, -52.50616], [-68.415015, -52.506073], [-68.414982, -52.505986], [-68.414949, -52.505898], [-68.414916, -52.505811], [-68.414884, -52.505723], [-68.414851, -52.505636], [-68.414817, -52.505548], [-68.414784, -52.505461], [-68.414748, -52.505374], [-68.414713, -52.505287], [-68.414677, -52.5052], [-68.414644, -52.505112], [-68.414611, -52.505025], [-68.414578, -52.504937], [-68.414544, -52.50485], [-68.414508, -52.504763], [-68.414475, -52.504675], [-68.414441, -52.504588], [-68.414406, -52.504501], [-68.41437, -52.504414], [-68.414334, -52.504327], [-68.414297, -52.50424], [-68.41426, -52.504153], [-68.414224, -52.504066], [-68.41419, -52.503979], [-68.414155, -52.503891], [-68.414121, -52.503804], [-68.414085, -52.503717], [-68.414051, -52.50363], [-68.414017, -52.503542], [-68.413982, -52.503455], [-68.413948, -52.503368], [-68.413914, -52.503281], [-68.41388, -52.503193], [-68.413844, -52.503106], [-68.413809, -52.503019], [-68.413775, -52.502932], [-68.413739, -52.502845], [-68.413704, -52.502758], [-68.413669, -52.50267], [-68.413635, -52.502583], [-68.413603, -52.502496], [-68.413569, -52.502408], [-68.413536, -52.502321], [-68.413503, -52.502233], [-68.41347, -52.502146], [-68.413436, -52.502058], [-68.413403, -52.501971], [-68.413371, -52.501883], [-68.413337, -52.501796], [-68.413303, -52.501709], [-68.413268, -52.501621], [-68.413233, -52.501534], [-68.4132, -52.501447], [-68.413167, -52.501359], [-68.413132, -52.501272], [-68.413098, -52.501185], [-68.413065, -52.501097], [-68.413032, -52.50101], [-68.412997, -52.500923], [-68.412964, -52.500835], [-68.412931, -52.500748], [-68.412897, -52.500661], [-68.412864, -52.500573], [-68.412832, -52.500485], [-68.4128, -52.500398], [-68.412767, -52.50031], [-68.412732, -52.500223], [-68.4127, -52.500135], [-68.412668, -52.500048], [-68.412636, -52.49996], [-68.412603, -52.499873], [-68.412572, -52.499785], [-68.412542, -52.499697], [-68.412509, -52.499609], [-68.412476, -52.499522], [-68.412441, -52.499435], [-68.412408, -52.499347], [-68.412375, -52.49926], [-68.412342, -52.499172], [-68.412308, -52.499085], [-68.412274, -52.498998], [-68.412239, -52.49891], [-68.412206, -52.498823], [-68.412172, -52.498736], [-68.412138, -52.498648], [-68.412105, -52.498561], [-68.412073, -52.498473], [-68.41204, -52.498386], [-68.412006, -52.498298], [-68.411973, -52.498211], [-68.411939, -52.498124], [-68.411908, -52.498036], [-68.411877, -52.497948], [-68.411844, -52.497861], [-68.41181, -52.497773], [-68.411776, -52.497686], [-68.41174, -52.497599], [-68.411709, -52.497511], [-68.411678, -52.497423], [-68.411644, -52.497336], [-68.411611, -52.497248], [-68.411579, -52.497161], [-68.411546, -52.497073], [-68.411512, -52.496986], [-68.411478, -52.496899], [-68.411444, -52.496811], [-68.41141, -52.496724], [-68.411374, -52.496637], [-68.411339, -52.49655], [-68.411306, -52.496462], [-68.411271, -52.496375], [-68.411237, -52.496288], [-68.411203, -52.4962], [-68.411169, -52.496113], [-68.411135, -52.496026], [-68.411101, -52.495939], [-68.411066, -52.495851], [-68.411032, -52.495764], [-68.410997, -52.495677], [-68.410964, -52.495589], [-68.410932, -52.495502], [-68.410898, -52.495414], [-68.410865, -52.495327], [-68.410832, -52.495239], [-68.410798, -52.495152], [-68.410762, -52.495065], [-68.410727, -52.494978], [-68.410692, -52.494891], [-68.410657, -52.494804], [-68.410623, -52.494716], [-68.410587, -52.494629], [-68.410551, -52.494542], [-68.410515, -52.494455], [-68.41048, -52.494368], [-68.410446, -52.494281], [-68.410411, -52.494194], [-68.410375, -52.494106], [-68.410341, -52.494019], [-68.410306, -52.493932], [-68.410271, -52.493845], [-68.410237, -52.493757], [-68.410202, -52.49367], [-68.410166, -52.493583], [-68.410131, -52.493496], [-68.410095, -52.493409], [-68.41006, -52.493322], [-68.410023, -52.493235], [-68.409987, -52.493148], [-68.409951, -52.493061], [-68.409915, -52.492974], [-68.409881, -52.492887], [-68.409848, -52.492799], [-68.409814, -52.492712], [-68.409781, -52.492624], [-68.409747, -52.492537], [-68.409713, -52.49245], [-68.409679, -52.492362], [-68.409644, -52.492275], [-68.409609, -52.492188], [-68.409574, -52.492101], [-68.40954, -52.492013], [-68.409505, -52.491926], [-68.409471, -52.491839], [-68.409435, -52.491752], [-68.4094, -52.491665], [-68.409366, -52.491577], [-68.409332, -52.49149], [-68.409297, -52.491403], [-68.409262, -52.491316], [-68.409228, -52.491228], [-68.409193, -52.491141], [-68.409159, -52.491054], [-68.409126, -52.490966], [-68.409093, -52.490879], [-68.409058, -52.490792], [-68.409024, -52.490704], [-68.40899, -52.490617], [-68.408957, -52.49053], [-68.408924, -52.490442], [-68.408891, -52.490355], [-68.408857, -52.490267], [-68.408823, -52.49018], [-68.408787, -52.490093], [-68.408753, -52.490006], [-68.408719, -52.489918], [-68.408685, -52.489831], [-68.408651, -52.489744], [-68.408618, -52.489656], [-68.408584, -52.489569], [-68.408548, -52.489482], [-68.408516, -52.489394], [-68.408482, -52.489307], [-68.408447, -52.48922], [-68.408413, -52.489132], [-68.408379, -52.489045], [-68.408345, -52.488958], [-68.408311, -52.48887], [-68.408278, -52.488783], [-68.408246, -52.488695], [-68.408213, -52.488608], [-68.40818, -52.48852], [-68.408148, -52.488433], [-68.408115, -52.488345], [-68.408084, -52.488257], [-68.408053, -52.48817], [-68.408022, -52.488082], [-68.407993, -52.487994], [-68.407962, -52.487906], [-68.407932, -52.487818], [-68.407903, -52.48773], [-68.407873, -52.487642], [-68.407843, -52.487554], [-68.407817, -52.487466], [-68.40779, -52.487377], [-68.407765, -52.487289], [-68.407739, -52.487201], [-68.407715, -52.487112], [-68.407692, -52.487023], [-68.407669, -52.486935], [-68.407648, -52.486846], [-68.407626, -52.486757], [-68.407605, -52.486668], [-68.407585, -52.486579], [-68.407565, -52.48649], [-68.407545, -52.486402], [-68.407526, -52.486313], [-68.407508, -52.486223], [-68.40749, -52.486134], [-68.407474, -52.486045], [-68.407459, -52.485956], [-68.407443, -52.485866], [-68.407429, -52.485777], [-68.407415, -52.485688], [-68.4074, -52.485598], [-68.407388, -52.485509], [-68.407377, -52.485419], [-68.407365, -52.48533], [-68.407356, -52.48524], [-68.407347, -52.48515], [-68.407338, -52.485061], [-68.40733, -52.484971], [-68.407324, -52.484881], [-68.407319, -52.484792], [-68.407313, -52.484702], [-68.407308, -52.484612], [-68.407304, -52.484523], [-68.4073, -52.484433], [-68.407297, -52.484343], [-68.407294, -52.484253], [-68.407292, -52.484164], [-68.407291, -52.484074], [-68.40729, -52.483984], [-68.407288, -52.483894], [-68.407288, -52.483804], [-68.407289, -52.483715], [-68.407292, -52.483625], [-68.407295, -52.483535], [-68.407296, -52.483445], [-68.407297, -52.483355], [-68.407298, -52.483265], [-68.407301, -52.483176], [-68.407304, -52.483086], [-68.407306, -52.482996], [-68.407308, -52.482906], [-68.40731, -52.482816], [-68.407311, -52.482726], [-68.407314, -52.482637], [-68.407315, -52.482547], [-68.407317, -52.482457], [-68.407319, -52.482367], [-68.407322, -52.482277], [-68.407323, -52.482187], [-68.407326, -52.482098], [-68.407329, -52.482008], [-68.40733, -52.481918], [-68.407332, -52.481828], [-68.407334, -52.481738], [-68.407335, -52.481648], [-68.407337, -52.481559], [-68.407339, -52.481469], [-68.40734, -52.481379], [-68.407341, -52.481289], [-68.407342, -52.481199], [-68.407344, -52.481109], [-68.407343, -52.481019], [-68.407344, -52.48093], [-68.407346, -52.48084], [-68.407347, -52.48075], [-68.407348, -52.48066], [-68.407349, -52.48057], [-68.407351, -52.48048], [-68.407352, -52.48039], [-68.407353, -52.480301], [-68.407354, -52.480211], [-68.407355, -52.480121], [-68.407358, -52.480031], [-68.407358, -52.479941], [-68.407359, -52.479851], [-68.40736, -52.479761], [-68.40736, -52.479672], [-68.407359, -52.479582], [-68.407358, -52.479492], [-68.407358, -52.479402], [-68.407358, -52.479312], [-68.407359, -52.479223], [-68.40736, -52.479133], [-68.407359, -52.479043], [-68.407361, -52.478953], [-68.407362, -52.478863], [-68.407365, -52.478773], [-68.407367, -52.478683], [-68.40737, -52.478594], [-68.407371, -52.478504], [-68.407373, -52.478414], [-68.407375, -52.478324], [-68.407378, -52.478234], [-68.407377, -52.478145], [-68.40738, -52.478055], [-68.407381, -52.477965], [-68.407383, -52.477875], [-68.407384, -52.477785], [-68.407384, -52.477695], [-68.407385, -52.477605], [-68.407386, -52.477516], [-68.407387, -52.477426], [-68.407388, -52.477336], [-68.40739, -52.477246], [-68.407389, -52.477156], [-68.407391, -52.477066], [-68.407392, -52.476977], [-68.407393, -52.476887], [-68.407394, -52.476797], [-68.407394, -52.476707], [-68.407395, -52.476617], [-68.407396, -52.476527], [-68.407396, -52.476437], [-68.407399, -52.476348], [-68.407401, -52.476258], [-68.407403, -52.476168], [-68.407404, -52.476078], [-68.407405, -52.475988], [-68.407406, -52.475898], [-68.407407, -52.475808], [-68.40741, -52.475719], [-68.407411, -52.475629], [-68.407414, -52.475539], [-68.407415, -52.475449], [-68.407416, -52.475359], [-68.407418, -52.475269], [-68.40742, -52.47518], [-68.407422, -52.47509], [-68.407424, -52.475], [-68.407425, -52.47491], [-68.407428, -52.47482], [-68.407431, -52.47473], [-68.407432, -52.474641], [-68.407435, -52.474551], [-68.407437, -52.474461], [-68.407439, -52.474371], [-68.407441, -52.474281], [-68.407444, -52.474192], [-68.407447, -52.474102], [-68.407449, -52.474012], [-68.407452, -52.473922], [-68.407456, -52.473832], [-68.407459, -52.473743], [-68.407463, -52.473653], [-68.407466, -52.473563], [-68.407469, -52.473473], [-68.407472, -52.473383], [-68.407474, -52.473294], [-68.407478, -52.473204], [-68.407482, -52.473114], [-68.407486, -52.473024], [-68.407489, -52.472934], [-68.407493, -52.472845], [-68.407499, -52.472755], [-68.407503, -52.472665], [-68.407507, -52.472576], [-68.407511, -52.472486], [-68.407514, -52.472396], [-68.407518, -52.472306], [-68.407522, -52.472216], [-68.407525, -52.472127], [-68.40753, -52.472037], [-68.407534, -52.471947], [-68.407535, -52.471857], [-68.407537, -52.471768], [-68.407539, -52.471678], [-68.407542, -52.471588], [-68.407543, -52.471498], [-68.407548, -52.471408], [-68.407554, -52.471319], [-68.407556, -52.471229], [-68.407556, -52.471139], [-68.407563, -52.471049], [-68.407567, -52.47096], [-68.407569, -52.47087], [-68.407572, -52.47078], [-68.407576, -52.47069], [-68.407579, -52.4706], [-68.407582, -52.470511], [-68.407583, -52.470421], [-68.407585, -52.470331], [-68.407588, -52.470241], [-68.407591, -52.470151], [-68.407593, -52.470061], [-68.407596, -52.469972], [-68.407599, -52.469882], [-68.407602, -52.469792], [-68.407604, -52.469702], [-68.407605, -52.469612], [-68.407608, -52.469523], [-68.407609, -52.469433], [-68.407613, -52.469343], [-68.407618, -52.469253], [-68.40762, -52.469163], [-68.407623, -52.469074], [-68.407626, -52.468984], [-68.407628, -52.468894], [-68.407634, -52.468804], [-68.407637, -52.468715], [-68.407639, -52.468625], [-68.407641, -52.468535], [-68.40764, -52.468445], [-68.407641, -52.468355], [-68.407644, -52.468265], [-68.407647, -52.468176], [-68.407649, -52.468086], [-68.407653, -52.467996], [-68.407655, -52.467906], [-68.407656, -52.467816], [-68.407657, -52.467726], [-68.40766, -52.467637], [-68.407661, -52.467547], [-68.407664, -52.467457], [-68.407666, -52.467367], [-68.407671, -52.467277], [-68.407672, -52.467188], [-68.407674, -52.467098], [-68.407676, -52.467008], [-68.407678, -52.466918], [-68.407679, -52.466828], [-68.407681, -52.466738], [-68.407682, -52.466648], [-68.407685, -52.466559], [-68.407687, -52.466469], [-68.40769, -52.466379], [-68.407688, -52.466289], [-68.407688, -52.466199], [-68.407688, -52.46611], [-68.407687, -52.46602], [-68.407686, -52.46593], [-68.407687, -52.46584], [-68.407688, -52.46575], [-68.407689, -52.46566], [-68.407692, -52.465571], [-68.407692, -52.465481], [-68.407692, -52.465391], [-68.407691, -52.465301], [-68.407694, -52.465211], [-68.407697, -52.465122], [-68.407699, -52.465032], [-68.4077, -52.464942], [-68.407703, -52.464852], [-68.407704, -52.464762], [-68.407704, -52.464672], [-68.407704, -52.464583], [-68.407702, -52.464493], [-68.407703, -52.464403], [-68.407709, -52.464313], [-68.407712, -52.464223], [-68.407714, -52.464134], [-68.407715, -52.464044], [-68.407717, -52.463954], [-68.407718, -52.463864], [-68.407719, -52.463774], [-68.407723, -52.463685], [-68.407726, -52.463595], [-68.407726, -52.463505], [-68.407725, -52.463415], [-68.407727, -52.463325], [-68.407728, -52.463235], [-68.40773, -52.463146], [-68.407732, -52.463056], [-68.407734, -52.462966], [-68.407737, -52.462876], [-68.407738, -52.462786], [-68.407738, -52.462696], [-68.407738, -52.462607], [-68.40774, -52.462517], [-68.407743, -52.462427], [-68.407744, -52.462337], [-68.407748, -52.462247], [-68.407751, -52.462158], [-68.407752, -52.462068], [-68.407753, -52.461978], [-68.407752, -52.461888], [-68.407753, -52.461798], [-68.407754, -52.461708], [-68.407752, -52.461619], [-68.407754, -52.461529], [-68.407756, -52.461439], [-68.40776, -52.461349], [-68.40776, -52.461259], [-68.407763, -52.461169], [-68.407766, -52.46108], [-68.40777, -52.46099], [-68.407774, -52.4609], [-68.407776, -52.46081], [-68.407779, -52.46072], [-68.407783, -52.460631], [-68.407786, -52.460541], [-68.407789, -52.460451], [-68.407791, -52.460361], [-68.407795, -52.460272], [-68.4078, -52.460182], [-68.407802, -52.460092], [-68.407805, -52.460002], [-68.407809, -52.459912], [-68.407811, -52.459823], [-68.407814, -52.459733], [-68.407817, -52.459643], [-68.40782, -52.459553], [-68.407821, -52.459463], [-68.407824, -52.459374], [-68.407826, -52.459284], [-68.407828, -52.459194], [-68.407833, -52.459104], [-68.407837, -52.459014], [-68.407842, -52.458925], [-68.407844, -52.458835], [-68.407845, -52.458745], [-68.407847, -52.458655], [-68.407849, -52.458565], [-68.407853, -52.458476], [-68.407856, -52.458386], [-68.40786, -52.458296], [-68.407863, -52.458206], [-68.407867, -52.458116], [-68.407871, -52.458027], [-68.407874, -52.457937], [-68.407878, -52.457847], [-68.407881, -52.457757], [-68.407885, -52.457667], [-68.407886, -52.457578], [-68.407887, -52.457488], [-68.407888, -52.457398], [-68.40789, -52.457308], [-68.407891, -52.457218], [-68.407894, -52.457128], [-68.407895, -52.457039], [-68.407896, -52.456949], [-68.407899, -52.456859], [-68.4079, -52.456769], [-68.407902, -52.456679], [-68.407902, -52.456589], [-68.407905, -52.4565], [-68.407911, -52.45641], [-68.407915, -52.45632], [-68.407919, -52.45623], [-68.407923, -52.456141], [-68.407926, -52.456051], [-68.407928, -52.455961], [-68.40793, -52.455871], [-68.407932, -52.455781], [-68.407933, -52.455691], [-68.407936, -52.455602], [-68.407937, -52.455512], [-68.407938, -52.455422], [-68.407941, -52.455332], [-68.407941, -52.455242], [-68.407942, -52.455153], [-68.407942, -52.455063], [-68.407942, -52.454973], [-68.407943, -52.454883], [-68.407944, -52.454793], [-68.407945, -52.454703], [-68.407946, -52.454613], [-68.407948, -52.454524], [-68.407949, -52.454434], [-68.40795, -52.454344], [-68.407948, -52.454254], [-68.407951, -52.454164], [-68.407954, -52.454074], [-68.407956, -52.453985], [-68.407959, -52.453895], [-68.407959, -52.453805], [-68.407958, -52.453715], [-68.407958, -52.453625], [-68.407958, -52.453536], [-68.407959, -52.453446], [-68.407962, -52.453356], [-68.407963, -52.453266], [-68.407963, -52.453176], [-68.407963, -52.453086], [-68.407964, -52.452997], [-68.407966, -52.452907], [-68.407966, -52.452817], [-68.407966, -52.452727], [-68.407967, -52.452637], [-68.40797, -52.452547], [-68.407971, -52.452458], [-68.407972, -52.452368], [-68.407975, -52.452278], [-68.407978, -52.452188], [-68.407982, -52.452098], [-68.407987, -52.452009], [-68.407987, -52.451919], [-68.407988, -52.451829], [-68.407989, -52.451739], [-68.407992, -52.451649], [-68.407993, -52.451559], [-68.407995, -52.45147], [-68.407997, -52.45138], [-68.408, -52.45129], [-68.408003, -52.4512], [-68.408007, -52.451111], [-68.408009, -52.451021], [-68.408012, -52.450931], [-68.408016, -52.450841], [-68.408019, -52.450751], [-68.408022, -52.450662], [-68.408026, -52.450572], [-68.408028, -52.450482], [-68.408032, -52.450392], [-68.408035, -52.450302], [-68.408038, -52.450213], [-68.408042, -52.450123], [-68.408045, -52.450033], [-68.40805, -52.449943], [-68.408053, -52.449853], [-68.408056, -52.449764], [-68.408061, -52.449674], [-68.408065, -52.449584], [-68.408069, -52.449494], [-68.408074, -52.449405], [-68.408079, -52.449315], [-68.408083, -52.449225], [-68.408088, -52.449135], [-68.408092, -52.449046], [-68.408096, -52.448956], [-68.408098, -52.448866], [-68.408101, -52.448776], [-68.408104, -52.448687], [-68.408108, -52.448597], [-68.408112, -52.448507], [-68.408117, -52.448417], [-68.408123, -52.448328], [-68.408128, -52.448238], [-68.408132, -52.448148], [-68.408136, -52.448058], [-68.40814, -52.447969], [-68.408143, -52.447879], [-68.408145, -52.447789], [-68.408149, -52.447699], [-68.408151, -52.447609], [-68.408153, -52.44752], [-68.408156, -52.44743], [-68.408156, -52.44734], [-68.408158, -52.44725], [-68.408161, -52.44716], [-68.408165, -52.447071], [-68.408169, -52.446981], [-68.408171, -52.446891], [-68.408175, -52.446801], [-68.408177, -52.446711], [-68.40818, -52.446622], [-68.408184, -52.446532], [-68.408185, -52.446442], [-68.408185, -52.446352], [-68.408186, -52.446262], [-68.408188, -52.446172], [-68.408189, -52.446083], [-68.40819, -52.445993], [-68.40819, -52.445903], [-68.408189, -52.445813], [-68.40819, -52.445723], [-68.408189, -52.445633], [-68.408189, -52.445544], [-68.408188, -52.445454], [-68.408191, -52.445364], [-68.408195, -52.445274], [-68.408199, -52.445184], [-68.408201, -52.445095], [-68.408203, -52.445005], [-68.408206, -52.444915], [-68.408209, -52.444825], [-68.408213, -52.444735], [-68.408214, -52.444646], [-68.408218, -52.444556], [-68.408221, -52.444466], [-68.408221, -52.444376], [-68.408223, -52.444286], [-68.408224, -52.444197], [-68.408226, -52.444107], [-68.408228, -52.444017], [-68.408229, -52.443927], [-68.408232, -52.443837], [-68.408234, -52.443747], [-68.408236, -52.443658], [-68.408236, -52.443568], [-68.408238, -52.443478], [-68.40824, -52.443388], [-68.408239, -52.443298], [-68.408239, -52.443208], [-68.40824, -52.443119], [-68.408241, -52.443029], [-68.408243, -52.442939], [-68.408241, -52.442849], [-68.408241, -52.442759], [-68.408243, -52.44267], [-68.408246, -52.44258], [-68.408249, -52.44249], [-68.40825, -52.4424], [-68.408251, -52.44231], [-68.408254, -52.44222], [-68.408256, -52.442131], [-68.408259, -52.442041], [-68.408263, -52.441951], [-68.408266, -52.441861], [-68.408267, -52.441771], [-68.408268, -52.441682], [-68.408272, -52.441592], [-68.408275, -52.441502], [-68.408278, -52.441412], [-68.408278, -52.441322], [-68.408278, -52.441233], [-68.408279, -52.441143], [-68.40828, -52.441053], [-68.408279, -52.440963], [-68.408278, -52.440873], [-68.408279, -52.440783], [-68.40828, -52.440694], [-68.408282, -52.440604], [-68.408284, -52.440514], [-68.408287, -52.440424], [-68.408288, -52.440334], [-68.408288, -52.440245], [-68.408289, -52.440155], [-68.40829, -52.440065], [-68.408293, -52.439975], [-68.408295, -52.439885], [-68.408298, -52.439795], [-68.408298, -52.439706], [-68.4083, -52.439616], [-68.408305, -52.439526], [-68.408304, -52.439436], [-68.408307, -52.439346], [-68.408311, -52.439257], [-68.408315, -52.439167], [-68.408318, -52.439077], [-68.408319, -52.438987], [-68.40832, -52.438897], [-68.408323, -52.438808], [-68.408326, -52.438718], [-68.408328, -52.438628], [-68.40833, -52.438538], [-68.408328, -52.438448], [-68.408328, -52.438359], [-68.40833, -52.438269], [-68.408331, -52.438179], [-68.408333, -52.438089], [-68.408335, -52.437999], [-68.408338, -52.437909], [-68.408339, -52.43782], [-68.408343, -52.43773], [-68.408346, -52.43764], [-68.40835, -52.43755], [-68.408353, -52.43746], [-68.408355, -52.437371], [-68.408357, -52.437281], [-68.408358, -52.437191], [-68.408358, -52.437101], [-68.408359, -52.437011], [-68.408362, -52.436922], [-68.408364, -52.436832], [-68.408365, -52.436742], [-68.408368, -52.436652], [-68.408369, -52.436562], [-68.40837, -52.436472], [-68.408372, -52.436383], [-68.408374, -52.436293], [-68.408376, -52.436203], [-68.408378, -52.436113], [-68.408379, -52.436023], [-68.408381, -52.435933], [-68.40838, -52.435843], [-68.40838, -52.435754], [-68.408381, -52.435664], [-68.408382, -52.435574], [-68.408385, -52.435484], [-68.408388, -52.435394], [-68.408391, -52.435304], [-68.408392, -52.435215], [-68.408392, -52.435125], [-68.408391, -52.435035], [-68.408391, -52.434945], [-68.408394, -52.434855], [-68.408398, -52.434766], [-68.408402, -52.434676], [-68.408406, -52.434586], [-68.408407, -52.434496], [-68.408411, -52.434407], [-68.408416, -52.434317], [-68.408418, -52.434227], [-68.408421, -52.434137], [-68.408423, -52.434047], [-68.408425, -52.433958], [-68.408426, -52.433868], [-68.408426, -52.433778], [-68.408429, -52.433688], [-68.408433, -52.433598], [-68.408432, -52.433508], [-68.408433, -52.433419], [-68.408436, -52.433329], [-68.408439, -52.433239], [-68.408438, -52.433149], [-68.408441, -52.433059], [-68.408439, -52.43297], [-68.408441, -52.43288], [-68.408442, -52.43279], [-68.408442, -52.4327], [-68.408443, -52.43261], [-68.408445, -52.43252], [-68.408448, -52.432431], [-68.408449, -52.432341], [-68.40845, -52.432251], [-68.408453, -52.432161], [-68.408455, -52.432071], [-68.40846, -52.431982], [-68.408461, -52.431892], [-68.408462, -52.431802], [-68.408464, -52.431712], [-68.408465, -52.431622], [-68.408467, -52.431532], [-68.40847, -52.431443], [-68.408473, -52.431353], [-68.408476, -52.431263], [-68.408478, -52.431173], [-68.408481, -52.431083], [-68.408481, -52.430994], [-68.408482, -52.430904], [-68.408484, -52.430814], [-68.408488, -52.430724], [-68.40849, -52.430634], [-68.408492, -52.430544], [-68.408495, -52.430455], [-68.408497, -52.430365], [-68.408499, -52.430275], [-68.408502, -52.430185], [-68.408504, -52.430095], [-68.408507, -52.430006], [-68.408508, -52.429916], [-68.408511, -52.429826], [-68.408511, -52.429736], [-68.408512, -52.429646], [-68.408515, -52.429556], [-68.408516, -52.429466], [-68.408517, -52.429377], [-68.40852, -52.429287], [-68.408521, -52.429197], [-68.408522, -52.429107], [-68.408526, -52.429017], [-68.408531, -52.428928], [-68.408536, -52.428838], [-68.408536, -52.428748], [-68.408537, -52.428658], [-68.408539, -52.428568], [-68.408547, -52.428479], [-68.408552, -52.428389], [-68.408555, -52.428299], [-68.408559, -52.42821], [-68.408562, -52.42812], [-68.408564, -52.42803], [-68.408566, -52.42794], [-68.408567, -52.42785], [-68.408569, -52.42776], [-68.408569, -52.427671], [-68.40857, -52.427581], [-68.408572, -52.427491], [-68.408571, -52.427401], [-68.408573, -52.427311], [-68.408577, -52.427222], [-68.408578, -52.427132], [-68.40858, -52.427042], [-68.408583, -52.426952], [-68.408584, -52.426862], [-68.408587, -52.426772], [-68.40859, -52.426683], [-68.408591, -52.426593], [-68.408592, -52.426503], [-68.408593, -52.426413], [-68.408596, -52.426323], [-68.4086, -52.426233], [-68.408603, -52.426144], [-68.408604, -52.426054], [-68.408607, -52.425964], [-68.408607, -52.425874], [-68.408606, -52.425784], [-68.408606, -52.425694], [-68.408606, -52.425605], [-68.408608, -52.425515], [-68.40861, -52.425425], [-68.408612, -52.425335], [-68.408613, -52.425245], [-68.408615, -52.425156], [-68.408617, -52.425066], [-68.408617, -52.424976], [-68.408619, -52.424886], [-68.408619, -52.424796], [-68.408621, -52.424706], [-68.408623, -52.424617], [-68.408626, -52.424527], [-68.40863, -52.424437], [-68.408633, -52.424347], [-68.408634, -52.424257], [-68.408637, -52.424167], [-68.408639, -52.424078], [-68.408641, -52.423988], [-68.408644, -52.423898], [-68.408649, -52.423808], [-68.408653, -52.423718], [-68.408656, -52.423629], [-68.408655, -52.423539], [-68.408655, -52.423449], [-68.408655, -52.423359], [-68.408655, -52.423269], [-68.408656, -52.42318], [-68.408657, -52.42309], [-68.408658, -52.423], [-68.408659, -52.42291], [-68.408659, -52.42282], [-68.40866, -52.42273], [-68.408661, -52.422641], [-68.408663, -52.422551], [-68.408665, -52.422461], [-68.408668, -52.422371], [-68.408671, -52.422281], [-68.408674, -52.422192], [-68.408678, -52.422102], [-68.408679, -52.422012], [-68.408681, -52.421922], [-68.408683, -52.421832], [-68.408682, -52.421742], [-68.408684, -52.421653], [-68.408685, -52.421563], [-68.408687, -52.421473], [-68.408689, -52.421383], [-68.408691, -52.421293], [-68.408691, -52.421203], [-68.408694, -52.421114], [-68.408698, -52.421024], [-68.4087, -52.420934], [-68.408703, -52.420844], [-68.408704, -52.420754], [-68.408707, -52.420664], [-68.408708, -52.420575], [-68.408712, -52.420485], [-68.408715, -52.420395], [-68.408719, -52.420305], [-68.408723, -52.420215], [-68.408728, -52.420126], [-68.408732, -52.420036], [-68.408736, -52.419946], [-68.408738, -52.419856], [-68.408742, -52.419767], [-68.408745, -52.419677], [-68.408746, -52.419587], [-68.408749, -52.419497], [-68.408752, -52.419407], [-68.408753, -52.419318], [-68.408756, -52.419228], [-68.408757, -52.419138], [-68.408758, -52.419048], [-68.408758, -52.418958], [-68.408759, -52.418868], [-68.40876, -52.418778], [-68.408763, -52.418689], [-68.408766, -52.418599], [-68.408764, -52.418509], [-68.408765, -52.418419], [-68.408765, -52.418329], [-68.408767, -52.41824], [-68.408767, -52.41815], [-68.408768, -52.41806], [-68.408771, -52.41797], [-68.408774, -52.41788], [-68.408773, -52.41779], [-68.408772, -52.417701], [-68.408774, -52.417611], [-68.408777, -52.417521], [-68.40878, -52.417431], [-68.408782, -52.417341], [-68.408784, -52.417252], [-68.408785, -52.417162], [-68.408786, -52.417072], [-68.408789, -52.416982], [-68.408793, -52.416892], [-68.408797, -52.416802], [-68.408801, -52.416713], [-68.408802, -52.416623], [-68.408803, -52.416533], [-68.408808, -52.416443], [-68.408809, -52.416353], [-68.408811, -52.416264], [-68.408813, -52.416174], [-68.408815, -52.416084], [-68.40882, -52.415994], [-68.408821, -52.415904], [-68.408822, -52.415814], [-68.408825, -52.415725], [-68.408827, -52.415635], [-68.40883, -52.415545], [-68.408833, -52.415455], [-68.408834, -52.415365], [-68.408834, -52.415276], [-68.408833, -52.415186], [-68.408834, -52.415096], [-68.408836, -52.415006], [-68.408838, -52.414916], [-68.408839, -52.414826], [-68.408841, -52.414737], [-68.408843, -52.414647], [-68.408846, -52.414557], [-68.408849, -52.414467], [-68.408853, -52.414377], [-68.408856, -52.414288], [-68.408858, -52.414198], [-68.408861, -52.414108], [-68.408865, -52.414018], [-68.408868, -52.413928], [-68.408872, -52.413839], [-68.408877, -52.413749], [-68.408882, -52.413659], [-68.408885, -52.413569], [-68.408887, -52.413479], [-68.408887, -52.41339], [-68.408889, -52.4133], [-68.40889, -52.41321], [-68.408889, -52.41312], [-68.408888, -52.41303], [-68.408888, -52.412941], [-68.408889, -52.412851], [-68.408892, -52.412761], [-68.408895, -52.412671], [-68.408898, -52.412581], [-68.408903, -52.412492], [-68.408906, -52.412402], [-68.408908, -52.412312], [-68.408911, -52.412222], [-68.408914, -52.412132], [-68.408916, -52.412042], [-68.408919, -52.411953], [-68.408923, -52.411863], [-68.408929, -52.411773], [-68.408931, -52.411683], [-68.408934, -52.411594], [-68.408937, -52.411504], [-68.408938, -52.411414], [-68.408936, -52.411324], [-68.408936, -52.411234], [-68.408939, -52.411145], [-68.408941, -52.411055], [-68.408945, -52.410965], [-68.408948, -52.410875], [-68.408952, -52.410785], [-68.408954, -52.410695], [-68.408955, -52.410606], [-68.408956, -52.410516], [-68.408957, -52.410426], [-68.408958, -52.410336], [-68.408958, -52.410246], [-68.408959, -52.410156], [-68.408959, -52.410067], [-68.408959, -52.409977], [-68.40896, -52.409887], [-68.40896, -52.409797], [-68.408961, -52.409707], [-68.408964, -52.409617], [-68.408965, -52.409527], [-68.408966, -52.409438], [-68.408966, -52.409348], [-68.408968, -52.409258], [-68.408971, -52.409168], [-68.408974, -52.409078], [-68.408975, -52.408989], [-68.408978, -52.408899], [-68.408982, -52.408809], [-68.408983, -52.408719], [-68.408984, -52.408629], [-68.408988, -52.408539], [-68.408991, -52.40845], [-68.408994, -52.40836], [-68.408993, -52.40827], [-68.408994, -52.40818], [-68.408996, -52.40809], [-68.408997, -52.408], [-68.408998, -52.407911], [-68.409001, -52.407821], [-68.409003, -52.407731], [-68.409006, -52.407641], [-68.409009, -52.407551], [-68.40901, -52.407462], [-68.409013, -52.407372], [-68.409015, -52.407282], [-68.409016, -52.407192], [-68.409019, -52.407102], [-68.409023, -52.407013], [-68.409026, -52.406923], [-68.409032, -52.406833], [-68.409034, -52.406743], [-68.409035, -52.406653], [-68.409037, -52.406564], [-68.409041, -52.406474], [-68.409044, -52.406384], [-68.409046, -52.406294], [-68.409047, -52.406204], [-68.409049, -52.406114], [-68.409053, -52.406025], [-68.409056, -52.405935], [-68.409059, -52.405845], [-68.409062, -52.405755], [-68.409062, -52.405666], [-68.409064, -52.405576], [-68.409066, -52.405486], [-68.409067, -52.405396], [-68.40907, -52.405306], [-68.409072, -52.405216], [-68.409073, -52.405126], [-68.409076, -52.405037], [-68.40908, -52.404947], [-68.409083, -52.404857], [-68.409086, -52.404767], [-68.40909, -52.404678], [-68.409095, -52.404588], [-68.409099, -52.404498], [-68.409105, -52.404408], [-68.409109, -52.404319], [-68.409113, -52.404229], [-68.409118, -52.404139], [-68.409122, -52.404049], [-68.409126, -52.40396], [-68.40913, -52.40387], [-68.409136, -52.40378], [-68.409143, -52.40369], [-68.40915, -52.403601], [-68.409157, -52.403511], [-68.409164, -52.403421], [-68.409172, -52.403332], [-68.409181, -52.403242], [-68.409191, -52.403153], [-68.409203, -52.403063], [-68.409214, -52.402974], [-68.409224, -52.402884], [-68.409235, -52.402795], [-68.409245, -52.402705], [-68.409256, -52.402616], [-68.409268, -52.402526], [-68.409282, -52.402437], [-68.409294, -52.402347], [-68.409306, -52.402258], [-68.40932, -52.402168], [-68.409335, -52.402079], [-68.40935, -52.40199], [-68.409363, -52.4019], [-68.409384, -52.401811], [-68.409405, -52.401723], [-68.409422, -52.401633], [-68.409441, -52.401544], [-68.40946, -52.401455], [-68.409483, -52.401367], [-68.409506, -52.401278], [-68.409529, -52.401189], [-68.409554, -52.401101], [-68.409577, -52.401012], [-68.409604, -52.400924], [-68.409632, -52.400836], [-68.409663, -52.400748], [-68.409692, -52.40066], [-68.409724, -52.400572], [-68.409757, -52.400485], [-68.409789, -52.400397], [-68.40982, -52.400309], [-68.409854, -52.400222], [-68.409887, -52.400135], [-68.409921, -52.400047], [-68.409954, -52.39996], [-68.409989, -52.399873], [-68.410021, -52.399785], [-68.410053, -52.399697], [-68.410087, -52.39961], [-68.410121, -52.399523], [-68.410156, -52.399435], [-68.410189, -52.399348], [-68.410223, -52.399261], [-68.410255, -52.399173], [-68.410289, -52.399085], [-68.410321, -52.398998], [-68.410353, -52.39891], [-68.410385, -52.398822], [-68.410417, -52.398735], [-68.41045, -52.398647], [-68.410482, -52.39856], [-68.410516, -52.398472], [-68.410548, -52.398385], [-68.410578, -52.398297], [-68.41061, -52.398209], [-68.410642, -52.398121], [-68.410674, -52.398034], [-68.410708, -52.397946], [-68.41074, -52.397859], [-68.410772, -52.397771], [-68.410805, -52.397684], [-68.410839, -52.397596], [-68.410871, -52.397509], [-68.410905, -52.397421], [-68.410935, -52.397333], [-68.410962, -52.397245], [-68.410993, -52.397157], [-68.411028, -52.39707], [-68.411063, -52.396983], [-68.411098, -52.396896], [-68.411131, -52.396808], [-68.411165, -52.396721], [-68.411199, -52.396634], [-68.411231, -52.396546], [-68.411265, -52.396458], [-68.411297, -52.396371], [-68.41133, -52.396283], [-68.411365, -52.396196], [-68.411397, -52.396108], [-68.41143, -52.396021], [-68.411463, -52.395933], [-68.411496, -52.395846], [-68.411529, -52.395758], [-68.411563, -52.395671], [-68.411597, -52.395584], [-68.411629, -52.395496], [-68.411662, -52.395409], [-68.411694, -52.395321], [-68.411726, -52.395233], [-68.411759, -52.395146], [-68.41179, -52.395058], [-68.411824, -52.39497], [-68.411857, -52.394883], [-68.411891, -52.394796], [-68.411926, -52.394708], [-68.411959, -52.394621], [-68.411994, -52.394534], [-68.412026, -52.394446], [-68.412059, -52.394359], [-68.412091, -52.394271], [-68.412125, -52.394183], [-68.412158, -52.394096], [-68.412192, -52.394009], [-68.412224, -52.393921], [-68.412257, -52.393834], [-68.412292, -52.393746], [-68.412327, -52.393659], [-68.412362, -52.393572], [-68.412395, -52.393485], [-68.41243, -52.393397], [-68.412464, -52.39331], [-68.4125, -52.393223], [-68.412538, -52.393136], [-68.412575, -52.39305], [-68.41261, -52.392963], [-68.412641, -52.392875], [-68.412674, -52.392788], [-68.412706, -52.3927], [-68.41274, -52.392612], [-68.412773, -52.392525], [-68.412804, -52.392437], [-68.412837, -52.39235], [-68.412871, -52.392262], [-68.412906, -52.392175], [-68.412936, -52.392087], [-68.412971, -52.392], [-68.413003, -52.391912], [-68.413038, -52.391825], [-68.413069, -52.391737], [-68.413102, -52.39165], [-68.413134, -52.391562], [-68.413167, -52.391475], [-68.413201, -52.391387], [-68.41323, -52.391299], [-68.413265, -52.391212], [-68.413301, -52.391125], [-68.413335, -52.391038], [-68.413367, -52.39095], [-68.413403, -52.390863], [-68.413437, -52.390776], [-68.413471, -52.390689], [-68.413506, -52.390601], [-68.413537, -52.390514], [-68.413569, -52.390426], [-68.413601, -52.390338], [-68.413633, -52.390251], [-68.413664, -52.390163], [-68.413698, -52.390076], [-68.41373, -52.389988], [-68.413764, -52.389901], [-68.413794, -52.389813], [-68.41383, -52.389726], [-68.413861, -52.389638], [-68.414341, -52.388612], [-68.414676, -52.38782], [-68.414911, -52.387262], [-68.414992, -52.386835], [-68.415188, -52.386082], [-68.415667, -52.384472], [-68.415626, -52.384175], [-68.415444, -52.382833], [-68.415405, -52.382579], [-68.415398, -52.382536], [-68.415378, -52.382415]]}},
{"type": "Feature", "properties": {"ProjectID": "P1248", "OBJECTID": 141200, "ID_LIC": "0101010", "Gasoducto": 10001006, "Tramo": 10001006020, "TdTrm": "Troncal", "PkiTrm": 0, "PkfTrm": 99226, "Long": 99226, "PrsDsn": 71.23252179, "Mapo": 70, "Diametro": 30, "Espesor": 10.31, "MatNyG": "API - 5L / 52000 / DSAW / 89", "Construc": "Techint", "FchHab": 263865600000, "PrsMaxPru": 0, "PrsMinPru": 0, "FldPru": "Agua", "FchPru": 263865600000, "Unifilar": "GA-01-AD-02-AG-03-AI", "Fuente": "", "Licenciataria": 10001, "ID_TEOS": null, "Obs": "FchHab es FECHA_INSTALACION"}, "geometry": {"type": "LineString", "coordinates": [[-68.159019, -53.362793], [-68.161476, -53.361467], [-68.172077, -53.358564], [-68.181623, -53.356], [-68.185938, -53.355295], [-68.188126, -53.354924], [-68.200441, -53.352946], [-68.214892, -53.350596], [-68.229274, -53.348268], [-68.243798, -53.345901], [-68.252509, -53.344496], [-68.258287, -53.343558], [-68.262731, -53.342837], [-68.272404, -53.340901], [-68.272538, -53.340879], [-68.285308, -53.33874], [-68.286969, -53.338471], [-68.297632, -53.336745], [-68.301519, -53.33646], [-68.30153, -53.336459], [-68.306467, -53.335956], [-68.311799, -53.335043], [-68.315991, -53.334304], [-68.316678, -53.334183], [-68.320951, -53.333429], [-68.328221, -53.332265], [-68.330393, -53.331883], [-68.330409, -53.33188], [-68.334521, -53.331086], [-68.344604, -53.329152], [-68.344626, -53.329148], [-68.347467, -53.328616], [-68.35107, -53.328111], [-68.355994, -53.327301], [-68.357236, -53.327121], [-68.358401, -53.327009], [-68.359004, -53.326962], [-68.359137, -53.326952], [-68.361085, -53.326802], [-68.363541, -53.326396], [-68.370261, -53.325167], [-68.371862, -53.324792], [-68.373412, -53.324538], [-68.374678, -53.32433], [-68.378472, -53.32349], [-68.378915, -53.323427], [-68.38485, -53.323184], [-68.386209, -53.323169], [-68.38662, -53.323238], [-68.387087, -53.323344], [-68.388087, -53.323645], [-68.388698, -53.323829], [-68.38892, -53.32386], [-68.389239, -53.323835], [-68.402135, -53.321437], [-68.402143, -53.321436], [-68.408812, -53.320208], [-68.411219, -53.319742], [-68.411297, -53.319728], [-68.416405, -53.318778], [-68.416411, -53.318777], [-68.419931, -53.318115], [-68.426533, -53.316821], [-68.428047, -53.316155], [-68.428231, -53.316076], [-68.428475, -53.316005], [-68.428875, -53.315878], [-68.430188, -53.315512], [-68.43725, -53.313543], [-68.443719, -53.311762], [-68.446016, -53.31113], [-68.457269, -53.308004], [-68.46506, -53.305835], [-68.469091, -53.304684], [-68.470408, -53.304294], [-68.470786, -53.304191], [-68.471893, -53.303889], [-68.473192, -53.303529], [-68.47428, -53.303292], [-68.476773, -53.302812], [-68.479447, -53.302198], [-68.481407, -53.301771], [-68.481862, -53.301732], [-68.482298, -53.301735], [-68.482768, -53.301691], [-68.483265, -53.301177], [-68.483609, -53.300568], [-68.483848, -53.300249], [-68.485123, -53.299619], [-68.490035, -53.297394], [-68.494921, -53.295188], [-68.495692, -53.29484], [-68.497703, -53.293932], [-68.499679, -53.29266], [-68.503849, -53.289898], [-68.505765, -53.288644], [-68.50834, -53.286957], [-68.515781, -53.282001], [-68.516872, -53.281284], [-68.520929, -53.278561], [-68.525299, -53.275701], [-68.525817, -53.275361], [-68.529806, -53.272747], [-68.534381, -53.269734], [-68.535152, -53.269237], [-68.53572, -53.268696], [-68.535738, -53.268678], [-68.536787, -53.267416], [-68.537228, -53.266862], [-68.537297, -53.266782], [-68.53771, -53.266297], [-68.543525, -53.262204], [-68.544714, -53.261691], [-68.547671, -53.260364], [-68.555072, -53.255825], [-68.561861, -53.25168], [-68.562748, -53.251279], [-68.564201, -53.248537], [-68.565287, -53.246337], [-68.567786, -53.239854], [-68.571125, -53.231117], [-68.571968, -53.228386], [-68.57203, -53.227974], [-68.57152, -53.222197], [-68.570699, -53.21328], [-68.569904, -53.204329], [-68.569385, -53.198626], [-68.569137, -53.195411], [-68.567454, -53.186522], [-68.565772, -53.177628], [-68.565201, -53.174688], [-68.562248, -53.168945], [-68.557645, -53.160453], [-68.554379, -53.154482], [-68.552193, -53.152138], [-68.544766, -53.144383], [-68.54399, -53.143628], [-68.537315, -53.136663], [-68.531127, -53.130202], [-68.531083, -53.130158], [-68.529865, -53.128891], [-68.522451, -53.121167], [-68.51509, -53.113399], [-68.514598, -53.112795], [-68.514263, -53.112289], [-68.514072, -53.111861], [-68.513742, -53.11055], [-68.513329, -53.109017], [-68.511441, -53.106942], [-68.511238, -53.106779], [-68.510853, -53.10654], [-68.509815, -53.105978], [-68.509028, -53.105511], [-68.505765, -53.103726], [-68.50287, -53.100777], [-68.501574, -53.100116], [-68.498694, -53.099548], [-68.497569, -53.099316], [-68.489419, -53.09792], [-68.488801, -53.097757], [-68.484682, -53.096659], [-68.483292, -53.09623], [-68.476018, -53.089561], [-68.474277, -53.087878], [-68.473476, -53.084459], [-68.473423, -53.084062], [-68.473557, -53.08381], [-68.475074, -53.081943], [-68.475661, -53.081301], [-68.47766, -53.07874], [-68.477798, -53.078567], [-68.482852, -53.075605], [-68.483342, -53.075309], [-68.484394, -53.07421], [-68.491575, -53.066348], [-68.498741, -53.058522], [-68.505902, -53.05068], [-68.510104, -53.045992], [-68.510266, -53.045419], [-68.510867, -53.042583], [-68.511401, -53.040198], [-68.511614, -53.03918], [-68.512815, -53.033553], [-68.514007, -53.028355], [-68.514464, -53.025984], [-68.514786, -53.024953], [-68.514845, -53.024696], [-68.515597, -53.022072], [-68.516091, -53.019564], [-68.516733, -53.015809], [-68.517102, -53.013732], [-68.518439, -53.006925], [-68.518554, -53.005866], [-68.520675, -53.001071], [-68.522443, -52.998388], [-68.525573, -52.994053], [-68.530482, -52.991077], [-68.540954, -52.984773], [-68.551231, -52.97834], [-68.561336, -52.971846], [-68.564836, -52.969601], [-68.57207, -52.965729], [-68.573788, -52.96372], [-68.574308, -52.962871], [-68.575462, -52.960913], [-68.577556, -52.957445], [-68.578197, -52.956413], [-68.579059, -52.955397], [-68.580714, -52.95314], [-68.581172, -52.952633], [-68.58163, -52.952236], [-68.582338, -52.951727], [-68.583054, -52.951016], [-68.583654, -52.950176], [-68.583999, -52.949509], [-68.585648, -52.943547], [-68.585935, -52.9432], [-68.587999, -52.941669], [-68.588083, -52.941608], [-68.588143, -52.941212], [-68.588284, -52.936313], [-68.588446, -52.933502], [-68.588401, -52.932246], [-68.588385, -52.931298], [-68.588166, -52.928324], [-68.588149, -52.927878], [-68.588284, -52.92511], [-68.588255, -52.923329], [-68.588013, -52.914415], [-68.588061, -52.905481], [-68.588333, -52.89656], [-68.588355, -52.895037], [-68.588439, -52.893156], [-68.588474, -52.891597], [-68.588391, -52.890368], [-68.588142, -52.887623], [-68.587657, -52.879412], [-68.587522, -52.878696], [-68.587475, -52.869723], [-68.587474, -52.860869], [-68.587473, -52.860806], [-68.587441, -52.857439], [-68.58747, -52.855934], [-68.587286, -52.853453], [-68.587247, -52.851936], [-68.587263, -52.851612], [-68.58724, -52.849262], [-68.587254, -52.849], [-68.587548, -52.846018], [-68.589082, -52.843088], [-68.589127, -52.843001], [-68.589172, -52.842915], [-68.589309, -52.842696], [-68.588437, -52.835946], [-68.588308, -52.834154], [-68.587749, -52.825212], [-68.587682, -52.816256], [-68.587659, -52.814075], [-68.58799, -52.807281], [-68.588265, -52.801764], [-68.588243, -52.798364], [-68.588258, -52.797979], [-68.588262, -52.793592], [-68.588455, -52.789393], [-68.589144, -52.780438], [-68.590058, -52.771495], [-68.59059, -52.762581], [-68.590744, -52.759747], [-68.592503, -52.753672], [-68.593879, -52.748837], [-68.593773, -52.744789], [-68.593673, -52.742652], [-68.593443, -52.735733], [-68.593173, -52.732909], [-68.593116, -52.732546], [-68.592149, -52.7269], [-68.591569, -52.722885], [-68.591439, -52.718004], [-68.591818, -52.709214], [-68.591817, -52.709129], [-68.59497, -52.703432], [-68.595454, -52.700571], [-68.596051, -52.696329], [-68.596665, -52.691663], [-68.596883, -52.689819], [-68.594102, -52.68293], [-68.594053, -52.682822], [-68.593216, -52.681202], [-68.591764, -52.679759]]}}
]
}
