{
"type": "FeatureCollection",
"features": [
{"type": "Feature", "id": 474, "properties": {"ProjectID": "P3127", "objectid": 474, "comments": "Interliga a Estação de Carmópolis, no município de Japaratuba-SE, com a Estação de Distribuição de Gás (EDG) Pilar, no município de Pilar-AL.", "created_date": 1619782609000, "created_user": "Alexandra Magalhães", "design_pressure_rating": 100, "edit_response": "Relative - Online - Fixed LRS", "equivalent_asset_type": "Flange", "from_date": 1619782609000, "from_measure": null, "from_network_route_id": null, "from_network_route_name": null, "grade": "Grade A", "in_service_date": null, "installed_date": null, "is_carrier_pipe": "Not Applicable", "join_type": "Flanged", "last_edited_date": 1688421363000, "last_edited_user": "Karen Taniguchi", "loc_error": null, "long_seam_weld_type": "High Frequency Electric Resistance Weld", "maintain_lrs": "No", "manufactured_date": null, "manufacturer": null, "material": "PENEDO - PILAR: X65 e CARMÓPOLIS - PENEDO: X70", "mill_location": null, "mill_test_pressure": null, "network_id": null, "nominal_diameter": 0, "origin": null, "outside_diameter": 26, "pipe_segment_type": "Pipe", "pipeline_id": "{0CFA44D5-6EC4-4C87-8065-ED91806F5C16}", "position_source": "Coordinate Located", "preserve_relate_identifier": null, "site_id": null, "smys": null, "specification": null, "tag_identifier": 4050.79, "to_date": null, "to_measure": null, "to_network_route_id": null, "to_network_route_name": null, "unique_id": "{2CF51C64-9F83-4287-814A-27054A870795}", "visual_offset": null, "wall_thickness": 0, "flow_rating": 10000, "pmoa_vigente": 82.3, "origem_geometria": "Levantamentos de PIG", "comprimento_calculado": 176.3, "comprimento_desenvolvido": 176.8, "st_length(shape)": 1.5998115693628745, "status": "Current", "description": "GASCAP 26\"", "codigo_trecho_simp": 233465, "nome_trecho_simp": "CARMÓPOLIS-PILAR", "numero_ao": "995/2022", "nome_ao": "Gasoduto Carmópolis-Pilar", "vazao_minima_ao": 5000000, "vazao_maxima_ao": 15000000, "globalid": "{1053FDCB-BCDC-49D4-B0E5-739477AE489E}"}, "geometry": {"type": "MultiLineString", "coordinates": [[[-36.973576, -10.627096], [-36.973508, -10.6271], [-36.973502, -10.627101], [-36.973502, -10.627101], [-36.973484, -10.627102], [-36.973483, -10.627102], [-36.973479, -10.627102], [-36.973479, -10.627102], [-36.973478, -10.627102], [-36.973468, -10.627102], [-36.97344, -10.627104], [-36.973424, -10.627105], [-36.973424, -10.627105], [-36.973422, -10.627105], [-36.973404, -10.627106], [-36.973388, -10.627107], [-36.97328, -10.627113], [-36.97317, -10.62712], [-36.973064, -10.627144], [-36.972961, -10.627187], [-36.972926, -10.627202], [-36.972823, -10.627247], [-36.972821, -10.627247], [-36.972721, -10.627292], [-36.972616, -10.627312], [-36.972598, -10.62731], [-36.972487, -10.627296], [-36.972381, -10.627281], [-36.972271, -10.627265], [-36.97216, -10.627249], [-36.97205, -10.627234], [-36.971939, -10.627219], [-36.971829, -10.627204], [-36.971718, -10.627189], [-36.97161, -10.627173], [-36.9715, -10.627155], [-36.971393, -10.627136], [-36.971285, -10.627116], [-36.971178, -10.627093], [-36.971071, -10.627069], [-36.970963, -10.627045], [-36.970856, -10.627022], [-36.97075, -10.626998], [-36.970642, -10.626975], [-36.970536, -10.626951], [-36.970535, -10.626951], [-36.970428, -10.626928], [-36.970333, -10.626907], [-36.970227, -10.626884], [-36.970124, -10.626861], [-36.970019, -10.626837], [-36.969915, -10.626813], [-36.969913, -10.626813], [-36.969807, -10.626789], [-36.969713, -10.626769], [-36.969604, -10.626746], [-36.969495, -10.626722], [-36.969389, -10.626699], [-36.969281, -10.626674], [-36.969172, -10.62665], [-36.969063, -10.626626], [-36.968954, -10.626602], [-36.968846, -10.626578], [-36.968763, -10.62656], [-36.968655, -10.626535], [-36.968548, -10.626511], [-36.968439, -10.626487], [-36.968414, -10.626482], [-36.968305, -10.626458], [-36.968196, -10.626435], [-36.968088, -10.626411], [-36.968087, -10.626411], [-36.96798, -10.626387], [-36.967872, -10.626363], [-36.967764, -10.626339], [-36.967681, -10.626321], [-36.967573, -10.626297], [-36.967465, -10.626273], [-36.967356, -10.626249], [-36.967251, -10.626226], [-36.967144, -10.626203], [-36.967036, -10.626179], [-36.966929, -10.626155], [-36.96682, -10.626131], [-36.966712, -10.626107], [-36.966617, -10.626086], [-36.966509, -10.626062], [-36.966403, -10.626039], [-36.966295, -10.626015], [-36.966186, -10.625991], [-36.966077, -10.625967], [-36.96597, -10.625944], [-36.965862, -10.62592], [-36.965754, -10.625896], [-36.965644, -10.625871], [-36.965536, -10.625847], [-36.965426, -10.625822], [-36.965317, -10.625797], [-36.965209, -10.625772], [-36.965139, -10.625754], [-36.965035, -10.625717], [-36.964937, -10.625663], [-36.964842, -10.625606], [-36.964749, -10.625544], [-36.96466, -10.62548], [-36.964577, -10.625411], [-36.964576, -10.625411], [-36.964498, -10.625333], [-36.964466, -10.625301], [-36.964397, -10.62523], [-36.964322, -10.625151], [-36.964245, -10.62507], [-36.964168, -10.624989], [-36.96409, -10.624909], [-36.964013, -10.62483], [-36.963935, -10.62475], [-36.963856, -10.624671], [-36.963777, -10.624592], [-36.963698, -10.624512], [-36.963621, -10.624432], [-36.963544, -10.624352], [-36.963502, -10.624309], [-36.963466, -10.624273], [-36.963384, -10.624197], [-36.963306, -10.624129], [-36.963301, -10.624126], [-36.963217, -10.624052], [-36.963134, -10.623977], [-36.963052, -10.623901], [-36.962969, -10.623825], [-36.962889, -10.623751], [-36.962807, -10.623675], [-36.962745, -10.623614], [-36.962664, -10.623536], [-36.96259, -10.623464], [-36.962584, -10.623459], [-36.962512, -10.623395], [-36.962423, -10.623327], [-36.962334, -10.623258], [-36.962246, -10.623191], [-36.962157, -10.623122], [-36.962068, -10.623054], [-36.961988, -10.622993], [-36.961908, -10.622933], [-36.961822, -10.622868], [-36.961746, -10.622812], [-36.961738, -10.622806], [-36.961652, -10.622744], [-36.96156, -10.622681], [-36.961559, -10.622681], [-36.961469, -10.622618], [-36.961379, -10.622553], [-36.961288, -10.62249], [-36.961196, -10.622428], [-36.961103, -10.622366], [-36.961012, -10.622307], [-36.960919, -10.622247], [-36.960826, -10.622185], [-36.960734, -10.622122], [-36.960648, -10.622053], [-36.960567, -10.621978], [-36.960486, -10.6219], [-36.960407, -10.621822], [-36.960328, -10.621745], [-36.960248, -10.621668], [-36.960173, -10.621589], [-36.960098, -10.621506], [-36.960026, -10.62143], [-36.960025, -10.62143], [-36.959949, -10.621349], [-36.959871, -10.62127], [-36.959792, -10.621191], [-36.959712, -10.621113], [-36.959632, -10.621034], [-36.959553, -10.620955], [-36.959475, -10.620875], [-36.959393, -10.6208], [-36.959311, -10.620727], [-36.959234, -10.620647], [-36.959157, -10.620566], [-36.959082, -10.620483], [-36.959008, -10.620401], [-36.958933, -10.620319], [-36.958858, -10.620237], [-36.958783, -10.620155], [-36.958707, -10.620072], [-36.95864, -10.619985], [-36.958639, -10.619985], [-36.95858, -10.61989], [-36.958551, -10.619844], [-36.958491, -10.619751], [-36.958431, -10.619657], [-36.958364, -10.619569], [-36.958364, -10.619569], [-36.958289, -10.619491], [-36.958211, -10.619412], [-36.958133, -10.619333], [-36.958056, -10.619253], [-36.957979, -10.619173], [-36.957902, -10.619093], [-36.957825, -10.619013], [-36.957749, -10.618932], [-36.957672, -10.618852], [-36.957597, -10.618774], [-36.957521, -10.618695], [-36.957446, -10.618617], [-36.95737, -10.618537], [-36.957293, -10.618457], [-36.957216, -10.618378], [-36.957209, -10.61837], [-36.95714, -10.618298], [-36.957063, -10.618217], [-36.956986, -10.618137], [-36.95691, -10.618058], [-36.956833, -10.617977], [-36.956755, -10.617897], [-36.956677, -10.617817], [-36.9566, -10.617737], [-36.956522, -10.617657], [-36.956445, -10.617577], [-36.956369, -10.617499], [-36.956291, -10.617419], [-36.956215, -10.617338], [-36.956143, -10.61726], [-36.956067, -10.617179], [-36.95599, -10.617098], [-36.955983, -10.61709], [-36.955913, -10.617018], [-36.955835, -10.616939], [-36.955757, -10.61686], [-36.955682, -10.616784], [-36.955605, -10.616704], [-36.955529, -10.616627], [-36.955452, -10.616547], [-36.955375, -10.616468], [-36.955298, -10.616389], [-36.955229, -10.616317], [-36.955157, -10.616241], [-36.955085, -10.616164], [-36.955013, -10.616087], [-36.954936, -10.616007], [-36.954859, -10.615928], [-36.954781, -10.61585], [-36.954781, -10.61585], [-36.95478, -10.615849], [-36.954755, -10.615823], [-36.954745, -10.615814], [-36.954705, -10.615773], [-36.95463, -10.615696], [-36.954557, -10.615615], [-36.954485, -10.615531], [-36.954416, -10.615444], [-36.954353, -10.615351], [-36.954293, -10.615258], [-36.954234, -10.615164], [-36.95418, -10.615076], [-36.954123, -10.614981], [-36.954066, -10.614886], [-36.954011, -10.614792], [-36.953956, -10.614697], [-36.9539, -10.614602], [-36.953843, -10.614507], [-36.953786, -10.614412], [-36.953728, -10.614318], [-36.953672, -10.614225], [-36.953613, -10.614131], [-36.953555, -10.614039], [-36.953491, -10.61395], [-36.953412, -10.613874], [-36.953321, -10.613812], [-36.953227, -10.613752], [-36.953134, -10.613693], [-36.95304, -10.613633], [-36.952946, -10.613574], [-36.952853, -10.613514], [-36.952759, -10.613454], [-36.952666, -10.613394], [-36.952572, -10.613335], [-36.95248, -10.613275], [-36.952386, -10.613215], [-36.952295, -10.613157], [-36.952201, -10.613098], [-36.952108, -10.61304], [-36.952013, -10.612981], [-36.951919, -10.612922], [-36.951825, -10.612863], [-36.951732, -10.612803], [-36.951635, -10.612746], [-36.95153, -10.612709], [-36.951419, -10.612706], [-36.95131, -10.612729], [-36.951204, -10.612762], [-36.951096, -10.612794], [-36.950989, -10.612825], [-36.950901, -10.61285], [-36.950793, -10.612881], [-36.950685, -10.612912], [-36.950577, -10.612945], [-36.95047, -10.612977], [-36.950364, -10.613011], [-36.950256, -10.613041], [-36.950147, -10.61305], [-36.950036, -10.613043], [-36.949925, -10.613036], [-36.949814, -10.613029], [-36.949703, -10.613022], [-36.949594, -10.613015], [-36.949483, -10.613008], [-36.949373, -10.613001], [-36.949263, -10.612993], [-36.949154, -10.612986], [-36.949042, -10.612981], [-36.94893, -10.612976], [-36.948819, -10.612971], [-36.948708, -10.612965], [-36.948596, -10.61296], [-36.948485, -10.612955], [-36.948373, -10.61295], [-36.948261, -10.612946], [-36.94815, -10.612939], [-36.948037, -10.612931], [-36.947925, -10.612923], [-36.947813, -10.612916], [-36.9477, -10.612908], [-36.947587, -10.612901], [-36.947476, -10.612895], [-36.947366, -10.612888], [-36.947254, -10.612882], [-36.947254, -10.612882], [-36.947144, -10.612876], [-36.947102, -10.612873], [-36.946992, -10.612867], [-36.94688, -10.612861], [-36.94677, -10.612854], [-36.946658, -10.612846], [-36.946549, -10.612838], [-36.946439, -10.612821], [-36.946333, -10.612787], [-36.946231, -10.612742], [-36.946128, -10.612697], [-36.946025, -10.612654], [-36.945922, -10.612612], [-36.945819, -10.612569], [-36.945715, -10.612528], [-36.945611, -10.612487], [-36.945507, -10.612447], [-36.945403, -10.612406], [-36.945299, -10.612365], [-36.945195, -10.612323], [-36.945092, -10.612281], [-36.944988, -10.612239], [-36.944885, -10.612198], [-36.944884, -10.612197], [-36.94478, -10.612155], [-36.944677, -10.612113], [-36.944573, -10.612072], [-36.944469, -10.61203], [-36.944366, -10.611988], [-36.944261, -10.611947], [-36.944157, -10.611905], [-36.944054, -10.611864], [-36.94395, -10.611823], [-36.943846, -10.611781], [-36.943742, -10.61174], [-36.943638, -10.6117], [-36.943537, -10.611662], [-36.943436, -10.611623], [-36.943335, -10.611582], [-36.943234, -10.611541], [-36.943134, -10.611499], [-36.943038, -10.611447], [-36.942959, -10.611372], [-36.942899, -10.611281], [-36.942848, -10.61119], [-36.942794, -10.611094], [-36.942739, -10.610999], [-36.942684, -10.610904], [-36.942628, -10.61081], [-36.942572, -10.610715], [-36.942517, -10.61062], [-36.942512, -10.610611], [-36.942464, -10.610524], [-36.942411, -10.610427], [-36.942358, -10.610329], [-36.942304, -10.610232], [-36.942248, -10.610139], [-36.942247, -10.610139], [-36.942246, -10.610137], [-36.942185, -10.610052], [-36.942113, -10.609969], [-36.94204, -10.609886], [-36.941967, -10.609802], [-36.941893, -10.609719], [-36.941817, -10.609637], [-36.941742, -10.609555], [-36.941667, -10.609472], [-36.941594, -10.60939], [-36.941593, -10.609389], [-36.941519, -10.609308], [-36.941446, -10.609225], [-36.941373, -10.60914], [-36.941298, -10.609057], [-36.941223, -10.608976], [-36.941142, -10.6089], [-36.941048, -10.608843], [-36.940941, -10.60881], [-36.940832, -10.608785], [-36.940724, -10.608758], [-36.940618, -10.608731], [-36.94051, -10.608704], [-36.940401, -10.608676], [-36.940298, -10.608649], [-36.940194, -10.608622], [-36.940086, -10.608594], [-36.939979, -10.608566], [-36.939872, -10.608538], [-36.939765, -10.608508], [-36.939661, -10.608467], [-36.939565, -10.608412], [-36.93947, -10.608354], [-36.939376, -10.608296], [-36.939284, -10.608238], [-36.93919, -10.608177], [-36.939097, -10.608117], [-36.939005, -10.608057], [-36.938912, -10.607997], [-36.93882, -10.607937], [-36.938727, -10.607877], [-36.938632, -10.607816], [-36.938538, -10.607755], [-36.938465, -10.607709], [-36.938445, -10.607695], [-36.938427, -10.607684], [-36.938333, -10.607622], [-36.938239, -10.607561], [-36.938144, -10.6075], [-36.938049, -10.60744], [-36.937953, -10.607379], [-36.937857, -10.607319], [-36.937763, -10.60726], [-36.937762, -10.607259], [-36.937666, -10.607198], [-36.937572, -10.607138], [-36.937477, -10.607077], [-36.937384, -10.607017], [-36.937291, -10.606956], [-36.937198, -10.606896], [-36.937104, -10.606836], [-36.93701, -10.606776], [-36.936917, -10.606717], [-36.936824, -10.606657], [-36.936731, -10.606597], [-36.936636, -10.606537], [-36.936543, -10.606477], [-36.936449, -10.606417], [-36.936356, -10.606357], [-36.936263, -10.606297], [-36.936169, -10.606238], [-36.936075, -10.606179], [-36.935981, -10.60612], [-36.935888, -10.606062], [-36.935793, -10.606002], [-36.9357, -10.605943], [-36.935608, -10.605882], [-36.935516, -10.605822], [-36.935516, -10.605822], [-36.935424, -10.605761], [-36.935331, -10.6057], [-36.935239, -10.60564], [-36.935146, -10.60558], [-36.935054, -10.60552], [-36.934962, -10.605459], [-36.934869, -10.605398], [-36.934776, -10.605337], [-36.934683, -10.605278], [-36.934588, -10.605219], [-36.934493, -10.605161], [-36.934398, -10.605103], [-36.934303, -10.605045], [-36.934209, -10.604985], [-36.934176, -10.604962], [-36.934082, -10.604902], [-36.933989, -10.604841], [-36.933988, -10.60484], [-36.933896, -10.604781], [-36.933885, -10.604774], [-36.933819, -10.604732], [-36.933725, -10.604671], [-36.933632, -10.604612], [-36.933537, -10.604554], [-36.933439, -10.6045], [-36.93334, -10.604448], [-36.933241, -10.604396], [-36.933142, -10.604344], [-36.933043, -10.604292], [-36.932944, -10.60424], [-36.932847, -10.604188], [-36.932748, -10.604135], [-36.93265, -10.604083], [-36.932554, -10.604033], [-36.932456, -10.603982], [-36.932358, -10.60393], [-36.93226, -10.60388], [-36.93216, -10.603832], [-36.932106, -10.603809], [-36.932059, -10.603788], [-36.932058, -10.603788], [-36.931956, -10.603744], [-36.931939, -10.603737], [-36.931833, -10.603704], [-36.931824, -10.603703], [-36.931716, -10.603679], [-36.931614, -10.603631], [-36.931526, -10.603565], [-36.93144, -10.603497], [-36.931344, -10.603437], [-36.93125, -10.603376], [-36.931155, -10.603317], [-36.931059, -10.60327], [-36.930957, -10.603224], [-36.930877, -10.603178], [-36.930781, -10.603121], [-36.930686, -10.603063], [-36.93059, -10.603005], [-36.930494, -10.602948], [-36.930397, -10.602894], [-36.930298, -10.602841], [-36.930199, -10.602787], [-36.930099, -10.602734], [-36.93, -10.602682], [-36.929901, -10.602631], [-36.929802, -10.602579], [-36.929703, -10.602528], [-36.929605, -10.602476], [-36.929604, -10.602475], [-36.929604, -10.602475], [-36.929506, -10.602422], [-36.929415, -10.602372], [-36.929406, -10.602367], [-36.929307, -10.602313], [-36.929208, -10.602261], [-36.92911, -10.602208], [-36.929012, -10.602154], [-36.928913, -10.6021], [-36.928912, -10.6021], [-36.928814, -10.602048], [-36.928715, -10.601997], [-36.928616, -10.601944], [-36.928517, -10.601891], [-36.928418, -10.601837], [-36.928319, -10.601784], [-36.92822, -10.601731], [-36.928121, -10.601678], [-36.928022, -10.601626], [-36.927922, -10.601574], [-36.927823, -10.601522], [-36.927726, -10.601471], [-36.927627, -10.601419], [-36.927528, -10.601367], [-36.927428, -10.601315], [-36.927329, -10.601263], [-36.927229, -10.601211], [-36.92713, -10.601159], [-36.92712, -10.601154], [-36.927031, -10.601106], [-36.926933, -10.601054], [-36.926835, -10.601001], [-36.926736, -10.600948], [-36.92664, -10.600897], [-36.92664, -10.600897], [-36.926542, -10.600844], [-36.926443, -10.600791], [-36.926347, -10.60074], [-36.926248, -10.600688], [-36.92615, -10.600635], [-36.92605, -10.600582], [-36.925952, -10.600529], [-36.925854, -10.600476], [-36.925756, -10.600425], [-36.925658, -10.600372], [-36.925657, -10.600372], [-36.92556, -10.600319], [-36.925559, -10.600319], [-36.925461, -10.600267], [-36.925364, -10.600216], [-36.925266, -10.600163], [-36.925167, -10.60011], [-36.925069, -10.600057], [-36.924971, -10.600004], [-36.924872, -10.599952], [-36.924773, -10.599901], [-36.924676, -10.599849], [-36.92458, -10.599797], [-36.924483, -10.599744], [-36.924385, -10.59969], [-36.924287, -10.599637], [-36.92419, -10.599585], [-36.924092, -10.599535], [-36.923996, -10.599486], [-36.9239, -10.599438], [-36.923803, -10.599388], [-36.923705, -10.599337], [-36.923611, -10.59928], [-36.923522, -10.599213], [-36.923434, -10.599145], [-36.923346, -10.599077], [-36.923259, -10.59901], [-36.923171, -10.598943], [-36.923083, -10.598874], [-36.922996, -10.598805], [-36.92291, -10.598735], [-36.922851, -10.598686], [-36.922763, -10.598619], [-36.922675, -10.598555], [-36.922586, -10.598489], [-36.922497, -10.598421], [-36.922406, -10.598353], [-36.922317, -10.598284], [-36.922229, -10.598214], [-36.922141, -10.598145], [-36.922056, -10.598077], [-36.92197, -10.598009], [-36.921962, -10.598003], [-36.921933, -10.59798], [-36.921846, -10.597911], [-36.92176, -10.597842], [-36.921674, -10.597773], [-36.921587, -10.597704], [-36.921506, -10.59764], [-36.921419, -10.597573], [-36.921332, -10.597505], [-36.921245, -10.597437], [-36.921159, -10.597369], [-36.921072, -10.5973], [-36.920986, -10.597232], [-36.9209, -10.597164], [-36.920813, -10.597097], [-36.920726, -10.597029], [-36.920639, -10.596961], [-36.920551, -10.596894], [-36.920463, -10.596826], [-36.920463, -10.596826], [-36.92039, -10.596769], [-36.920376, -10.596758], [-36.920289, -10.59669], [-36.920202, -10.596622], [-36.920117, -10.596556], [-36.92003, -10.596488], [-36.919943, -10.59642], [-36.919856, -10.596351], [-36.919769, -10.596283], [-36.919682, -10.596215], [-36.919596, -10.596147], [-36.919512, -10.596083], [-36.919427, -10.596018], [-36.919341, -10.595951], [-36.919253, -10.595882], [-36.919166, -10.595814], [-36.919088, -10.595752], [-36.919082, -10.595748], [-36.919001, -10.595684], [-36.918913, -10.595615], [-36.91882, -10.595554], [-36.918721, -10.595502], [-36.918622, -10.595452], [-36.918523, -10.595401], [-36.918423, -10.595352], [-36.918326, -10.595303], [-36.918231, -10.595244], [-36.918231, -10.595244], [-36.918146, -10.595173], [-36.918064, -10.595097], [-36.917982, -10.595021], [-36.9179, -10.594946], [-36.917819, -10.594871], [-36.917738, -10.594795], [-36.917657, -10.594721], [-36.917575, -10.594644], [-36.917494, -10.594568], [-36.917412, -10.594491], [-36.917331, -10.594414], [-36.91725, -10.594337], [-36.917231, -10.594319], [-36.91715, -10.594242], [-36.917069, -10.594164], [-36.916988, -10.594089], [-36.916908, -10.594014], [-36.916828, -10.593939], [-36.916753, -10.593868], [-36.916748, -10.593864], [-36.916668, -10.593789], [-36.916587, -10.593713], [-36.916509, -10.59364], [-36.916438, -10.593557], [-36.916381, -10.59346], [-36.916328, -10.593362], [-36.916274, -10.593264], [-36.91622, -10.593166], [-36.916167, -10.593069], [-36.916113, -10.592971], [-36.91606, -10.592873], [-36.916055, -10.592865], [-36.916054, -10.592863], [-36.916051, -10.592857], [-36.916048, -10.592853], [-36.916048, -10.592852], [-36.916047, -10.592851], [-36.916047, -10.59285], [-36.916044, -10.592845], [-36.916006, -10.592776], [-36.915952, -10.592679], [-36.915898, -10.592582], [-36.915845, -10.592485], [-36.915844, -10.592485], [-36.915791, -10.592389], [-36.915739, -10.592293], [-36.915686, -10.592195], [-36.915639, -10.592109], [-36.915593, -10.592026], [-36.915585, -10.592012], [-36.915531, -10.591915], [-36.915477, -10.591819], [-36.915431, -10.591735], [-36.915424, -10.591722], [-36.915372, -10.591626], [-36.915318, -10.591529], [-36.915266, -10.591435], [-36.915214, -10.591337], [-36.915161, -10.59124], [-36.915115, -10.591157], [-36.91511, -10.591148], [-36.915109, -10.591145], [-36.915056, -10.591048], [-36.915002, -10.590951], [-36.915002, -10.59095], [-36.914949, -10.590854], [-36.914895, -10.590757], [-36.914841, -10.590659], [-36.914788, -10.590564], [-36.914735, -10.590466], [-36.914681, -10.590369], [-36.914628, -10.590271], [-36.914613, -10.590243], [-36.914576, -10.590173], [-36.914523, -10.590076], [-36.91447, -10.58998], [-36.914469, -10.589979], [-36.914416, -10.589883], [-36.914362, -10.589787], [-36.914349, -10.589763], [-36.914295, -10.589666], [-36.914243, -10.589569], [-36.914189, -10.589472], [-36.914137, -10.589376], [-36.914085, -10.58928], [-36.91408, -10.589271], [-36.914033, -10.589184], [-36.913981, -10.589091], [-36.913927, -10.588995], [-36.913873, -10.5889], [-36.91382, -10.588803], [-36.913767, -10.588707], [-36.913708, -10.588612], [-36.913638, -10.588526], [-36.913556, -10.58845], [-36.913471, -10.588382], [-36.913384, -10.588312], [-36.913297, -10.588242], [-36.913209, -10.588172], [-36.913122, -10.588103], [-36.913035, -10.588033], [-36.912949, -10.587962], [-36.912873, -10.587882], [-36.912809, -10.587791], [-36.912746, -10.587701], [-36.912682, -10.58761], [-36.912618, -10.587518], [-36.912554, -10.587428], [-36.912489, -10.587338], [-36.912424, -10.587248], [-36.912417, -10.587238], [-36.91236, -10.587158], [-36.912295, -10.587068], [-36.912231, -10.586979], [-36.912166, -10.586889], [-36.912101, -10.586799], [-36.912037, -10.58671], [-36.911975, -10.586622], [-36.911975, -10.586621], [-36.911911, -10.586533], [-36.911848, -10.586445], [-36.911782, -10.586355], [-36.911717, -10.586264], [-36.911653, -10.586175], [-36.911588, -10.586084], [-36.911523, -10.585994], [-36.911459, -10.585905], [-36.911394, -10.585814], [-36.911329, -10.585724], [-36.911264, -10.585633], [-36.911199, -10.585543], [-36.911134, -10.585453], [-36.911068, -10.585362], [-36.911003, -10.585273], [-36.910936, -10.585184], [-36.910868, -10.585096], [-36.910802, -10.585008], [-36.910743, -10.58493], [-36.910677, -10.58484], [-36.910613, -10.58475], [-36.910548, -10.584659], [-36.910484, -10.584568], [-36.91042, -10.584477], [-36.910403, -10.584453], [-36.910396, -10.584443], [-36.910396, -10.584443], [-36.910393, -10.584439], [-36.910393, -10.584439], [-36.910386, -10.584429], [-36.910362, -10.584395], [-36.910356, -10.584386], [-36.910292, -10.584295], [-36.910228, -10.584203], [-36.910164, -10.584112], [-36.9101, -10.584021], [-36.910036, -10.583929], [-36.909972, -10.583838], [-36.909907, -10.583747], [-36.909843, -10.583656], [-36.909778, -10.583565], [-36.909713, -10.583475], [-36.909648, -10.583385], [-36.909584, -10.583295], [-36.909519, -10.583205], [-36.909457, -10.583119], [-36.909392, -10.583028], [-36.909327, -10.582939], [-36.909263, -10.582849], [-36.90926, -10.582845], [-36.909198, -10.582759], [-36.909134, -10.58267], [-36.909069, -10.58258], [-36.909002, -10.582492], [-36.908929, -10.582409], [-36.908853, -10.582329], [-36.908777, -10.582248], [-36.908703, -10.582167], [-36.908628, -10.582085], [-36.908554, -10.582004], [-36.908478, -10.581923], [-36.908406, -10.581847], [-36.908399, -10.581839], [-36.908324, -10.58176], [-36.908248, -10.581679], [-36.908173, -10.581598], [-36.908097, -10.581517], [-36.908023, -10.581437], [-36.907949, -10.581357], [-36.907874, -10.581274], [-36.907799, -10.581192], [-36.907724, -10.581109], [-36.907648, -10.581027], [-36.907574, -10.580947], [-36.907569, -10.580942], [-36.907499, -10.580866], [-36.907423, -10.580785], [-36.907347, -10.580704], [-36.90727, -10.580622], [-36.907193, -10.580541], [-36.907115, -10.58046], [-36.907038, -10.580379], [-36.906962, -10.580298], [-36.906886, -10.580217], [-36.90681, -10.580136], [-36.906734, -10.580054], [-36.906658, -10.579973], [-36.906582, -10.579891], [-36.906506, -10.579808], [-36.90643, -10.579726], [-36.906355, -10.579645], [-36.906279, -10.579563], [-36.906203, -10.579481], [-36.906127, -10.579399], [-36.906052, -10.579318], [-36.905976, -10.579236], [-36.905901, -10.579154], [-36.905831, -10.579079], [-36.905756, -10.578996], [-36.90568, -10.578915], [-36.905603, -10.578834], [-36.905527, -10.578752], [-36.905451, -10.578671], [-36.905374, -10.578589], [-36.905373, -10.578588], [-36.905299, -10.578508], [-36.905223, -10.578427], [-36.905148, -10.578346], [-36.905073, -10.578264], [-36.904997, -10.578183], [-36.904922, -10.578103], [-36.904846, -10.578021], [-36.904772, -10.57794], [-36.904696, -10.577859], [-36.90462, -10.577777], [-36.904544, -10.577695], [-36.904468, -10.577613], [-36.904392, -10.577531], [-36.904316, -10.577449], [-36.904239, -10.577367], [-36.904163, -10.577285], [-36.904087, -10.577204], [-36.904011, -10.577122], [-36.903935, -10.57704], [-36.903859, -10.576958], [-36.903782, -10.576876], [-36.903706, -10.576794], [-36.90363, -10.576713], [-36.903553, -10.576631], [-36.903478, -10.576549], [-36.903402, -10.576467], [-36.903326, -10.576385], [-36.90325, -10.576303], [-36.903173, -10.576221], [-36.903098, -10.57614], [-36.903021, -10.576058], [-36.902945, -10.575977], [-36.902868, -10.575895], [-36.902794, -10.575815], [-36.902717, -10.575734], [-36.902642, -10.575653], [-36.902566, -10.575572], [-36.902559, -10.575564], [-36.90249, -10.575491], [-36.902418, -10.575406], [-36.902356, -10.575313], [-36.902308, -10.575231], [-36.9023, -10.575218], [-36.902245, -10.575122], [-36.902195, -10.575037], [-36.902189, -10.575027], [-36.902133, -10.574931], [-36.902079, -10.574838], [-36.902024, -10.574743], [-36.901969, -10.574648], [-36.901969, -10.574647], [-36.901913, -10.574552], [-36.901857, -10.574457], [-36.901801, -10.574361], [-36.901748, -10.57427], [-36.901693, -10.574175], [-36.901637, -10.57408], [-36.901582, -10.573986], [-36.901533, -10.573901], [-36.901527, -10.573891], [-36.901471, -10.573795], [-36.901416, -10.573699], [-36.90136, -10.573604], [-36.901304, -10.573508], [-36.901249, -10.573413], [-36.901193, -10.573319], [-36.901137, -10.573224], [-36.901082, -10.573131], [-36.901026, -10.573035], [-36.900971, -10.572942], [-36.900915, -10.572847], [-36.90086, -10.572751], [-36.900804, -10.572655], [-36.900749, -10.572561], [-36.900693, -10.572465], [-36.900637, -10.57237], [-36.900593, -10.572295], [-36.900581, -10.572275], [-36.900524, -10.572179], [-36.900468, -10.572084], [-36.900412, -10.571989], [-36.900356, -10.571893], [-36.9003, -10.571798], [-36.900244, -10.571702], [-36.900188, -10.571606], [-36.900132, -10.57151], [-36.900076, -10.571413], [-36.90002, -10.571317], [-36.899964, -10.571221], [-36.899908, -10.571125], [-36.899851, -10.571028], [-36.899795, -10.570932], [-36.899738, -10.570836], [-36.899681, -10.570739], [-36.899625, -10.570642], [-36.899568, -10.570545], [-36.899511, -10.570448], [-36.899454, -10.570352], [-36.899398, -10.570255], [-36.899342, -10.57016], [-36.899285, -10.570063], [-36.899229, -10.569967], [-36.899173, -10.56987], [-36.899117, -10.569774], [-36.899063, -10.569683], [-36.899007, -10.569587], [-36.898951, -10.56949], [-36.898895, -10.569394], [-36.898839, -10.569298], [-36.898783, -10.569201], [-36.898727, -10.569105], [-36.89867, -10.569009], [-36.898614, -10.568912], [-36.898558, -10.568816], [-36.898502, -10.56872], [-36.898447, -10.568626], [-36.898391, -10.568529], [-36.898335, -10.568432], [-36.898278, -10.568335], [-36.898222, -10.568239], [-36.898165, -10.568142], [-36.898109, -10.568046], [-36.898052, -10.56795], [-36.897995, -10.567854], [-36.897939, -10.567759], [-36.897883, -10.567663], [-36.897826, -10.567566], [-36.89777, -10.56747], [-36.897713, -10.567374], [-36.897657, -10.567277], [-36.897601, -10.56718], [-36.897545, -10.567084], [-36.89749, -10.56699], [-36.897431, -10.566895], [-36.89737, -10.566801], [-36.897369, -10.566801], [-36.897308, -10.566708], [-36.897263, -10.566642], [-36.897261, -10.56664], [-36.897257, -10.566633], [-36.897245, -10.566615], [-36.897184, -10.566522], [-36.897123, -10.56643], [-36.897122, -10.566429], [-36.897061, -10.566336], [-36.896999, -10.566243], [-36.896938, -10.566151], [-36.896879, -10.566061], [-36.896817, -10.565968], [-36.896755, -10.565876], [-36.896693, -10.565783], [-36.896631, -10.56569], [-36.89657, -10.565598], [-36.896507, -10.565505], [-36.896445, -10.565412], [-36.896383, -10.56532], [-36.896346, -10.565264], [-36.896341, -10.565257], [-36.896331, -10.565242], [-36.896327, -10.565236], [-36.896326, -10.565235], [-36.896321, -10.565227], [-36.89626, -10.565137], [-36.896204, -10.565053], [-36.896199, -10.565045], [-36.896139, -10.564953], [-36.896078, -10.564861], [-36.896016, -10.564769], [-36.895955, -10.564678], [-36.895893, -10.564587], [-36.895832, -10.564495], [-36.89577, -10.564403], [-36.89571, -10.564312], [-36.89565, -10.564222], [-36.895589, -10.56413], [-36.895533, -10.564045], [-36.895471, -10.563952], [-36.895409, -10.56386], [-36.895348, -10.563768], [-36.895287, -10.563676], [-36.895225, -10.563584], [-36.895164, -10.563493], [-36.895102, -10.563402], [-36.89504, -10.56331], [-36.894978, -10.563218], [-36.894917, -10.563126], [-36.894855, -10.563035], [-36.894793, -10.562943], [-36.894731, -10.562851], [-36.89467, -10.562758], [-36.894609, -10.562666], [-36.894549, -10.562574], [-36.894488, -10.562482], [-36.894428, -10.562392], [-36.894369, -10.562304], [-36.894366, -10.5623], [-36.894305, -10.562208], [-36.894243, -10.562116], [-36.894182, -10.562024], [-36.89412, -10.561932], [-36.894058, -10.561839], [-36.893995, -10.561747], [-36.893932, -10.561654], [-36.893869, -10.561561], [-36.893807, -10.561468], [-36.893746, -10.561377], [-36.893685, -10.561284], [-36.893675, -10.561269], [-36.893624, -10.561191], [-36.893562, -10.561098], [-36.8935, -10.561005], [-36.893438, -10.560912], [-36.893376, -10.560819], [-36.893315, -10.560726], [-36.893253, -10.560634], [-36.893191, -10.560541], [-36.893129, -10.560449], [-36.893067, -10.560356], [-36.893007, -10.560266], [-36.892945, -10.560175], [-36.892884, -10.560084], [-36.892878, -10.560076], [-36.892823, -10.559994], [-36.892761, -10.559902], [-36.892698, -10.55981], [-36.892636, -10.559718], [-36.892574, -10.559626], [-36.892512, -10.559533], [-36.892449, -10.55944], [-36.892388, -10.559347], [-36.892326, -10.559254], [-36.892264, -10.559161], [-36.892203, -10.559067], [-36.892142, -10.558974], [-36.892082, -10.558881], [-36.892021, -10.558788], [-36.891959, -10.558696], [-36.891897, -10.558604], [-36.891835, -10.558511], [-36.891772, -10.558418], [-36.89171, -10.558325], [-36.891647, -10.558233], [-36.891585, -10.55814], [-36.891522, -10.558047], [-36.89146, -10.557955], [-36.891399, -10.557863], [-36.891337, -10.55777], [-36.891275, -10.557678], [-36.891213, -10.557586], [-36.891151, -10.557494], [-36.891091, -10.557404], [-36.891029, -10.557312], [-36.890968, -10.557221], [-36.890912, -10.557137], [-36.89085, -10.557044], [-36.890789, -10.556952], [-36.89074, -10.556879], [-36.890727, -10.556859], [-36.890672, -10.556776], [-36.89061, -10.556683], [-36.890592, -10.556657], [-36.890588, -10.556651], [-36.890548, -10.556591], [-36.890487, -10.556499], [-36.890426, -10.556406], [-36.890416, -10.556392], [-36.890365, -10.556314], [-36.890305, -10.556221], [-36.890244, -10.55613], [-36.890184, -10.556038], [-36.890123, -10.555946], [-36.890062, -10.555855], [-36.890001, -10.555764], [-36.889944, -10.55568], [-36.889882, -10.555589], [-36.88982, -10.555498], [-36.889759, -10.555405], [-36.889698, -10.555313], [-36.889636, -10.555221], [-36.889574, -10.555129], [-36.889513, -10.555037], [-36.889451, -10.554946], [-36.889399, -10.554867], [-36.889393, -10.554858], [-36.889331, -10.554767], [-36.889269, -10.554676], [-36.889208, -10.554584], [-36.889147, -10.554493], [-36.889087, -10.554402], [-36.889025, -10.55431], [-36.888964, -10.55422], [-36.888903, -10.554128], [-36.888841, -10.554036], [-36.888779, -10.553944], [-36.888718, -10.553852], [-36.888656, -10.55376], [-36.888595, -10.553668], [-36.888533, -10.553577], [-36.888471, -10.553486], [-36.888409, -10.553394], [-36.888348, -10.553302], [-36.888286, -10.55321], [-36.888224, -10.553117], [-36.888163, -10.553025], [-36.888101, -10.552933], [-36.88804, -10.552841], [-36.88798, -10.552751], [-36.88792, -10.552661], [-36.887858, -10.552569], [-36.887797, -10.552478], [-36.887736, -10.552387], [-36.887674, -10.552296], [-36.887612, -10.552204], [-36.88755, -10.552112], [-36.887487, -10.55202], [-36.887424, -10.551927], [-36.887362, -10.551835], [-36.887301, -10.551743], [-36.887242, -10.551655], [-36.887181, -10.551563], [-36.887119, -10.55147], [-36.887056, -10.551376], [-36.886994, -10.551283], [-36.886932, -10.55119], [-36.88687, -10.551097], [-36.886809, -10.551005], [-36.886747, -10.550912], [-36.886685, -10.550819], [-36.886622, -10.550726], [-36.886559, -10.550633], [-36.886496, -10.550542], [-36.886434, -10.55045], [-36.886373, -10.55036], [-36.886312, -10.550269], [-36.88625, -10.550177], [-36.886189, -10.550086], [-36.886129, -10.549994], [-36.886068, -10.549902], [-36.886008, -10.549812], [-36.885947, -10.54972], [-36.885885, -10.549628], [-36.885824, -10.549536], [-36.885762, -10.549444], [-36.885761, -10.549443], [-36.885761, -10.549442], [-36.885761, -10.549442], [-36.8857, -10.549351], [-36.885639, -10.549259], [-36.885578, -10.549168], [-36.885577, -10.549167], [-36.885516, -10.549076], [-36.885455, -10.548986], [-36.885393, -10.548894], [-36.885331, -10.548801], [-36.885269, -10.548709], [-36.885208, -10.548616], [-36.885146, -10.548525], [-36.885084, -10.548432], [-36.885022, -10.548338], [-36.884993, -10.548294], [-36.884932, -10.5482], [-36.88487, -10.548107], [-36.884808, -10.548014], [-36.884745, -10.547921], [-36.884682, -10.547828], [-36.88462, -10.547735], [-36.884557, -10.547642], [-36.884497, -10.547551], [-36.884437, -10.547463], [-36.884376, -10.547371], [-36.884375, -10.54737], [-36.884313, -10.547276], [-36.88425, -10.547183], [-36.884188, -10.54709], [-36.884126, -10.546997], [-36.884064, -10.546904], [-36.884008, -10.546807], [-36.88396, -10.546706], [-36.883912, -10.546605], [-36.883864, -10.546505], [-36.883817, -10.546404], [-36.88377, -10.546306], [-36.883722, -10.546205], [-36.883674, -10.546104], [-36.883626, -10.546003], [-36.883578, -10.545902], [-36.88353, -10.545801], [-36.883482, -10.545699], [-36.883434, -10.545599], [-36.883386, -10.545498], [-36.883377, -10.545479], [-36.883338, -10.545397], [-36.883289, -10.545296], [-36.883241, -10.545195], [-36.883193, -10.545094], [-36.883145, -10.544994], [-36.883098, -10.544894], [-36.883051, -10.544795], [-36.883047, -10.544785], [-36.883005, -10.544694], [-36.882957, -10.544594], [-36.88291, -10.544494], [-36.882863, -10.544394], [-36.882817, -10.544297], [-36.882816, -10.544295], [-36.882816, -10.544294], [-36.882769, -10.544196], [-36.882722, -10.544097], [-36.882675, -10.543997], [-36.882627, -10.543897], [-36.882579, -10.543797], [-36.882531, -10.543697], [-36.882482, -10.543598], [-36.882435, -10.543498], [-36.882388, -10.543399], [-36.882341, -10.543302], [-36.882293, -10.543202], [-36.882285, -10.543184], [-36.882245, -10.543102], [-36.882197, -10.543002], [-36.882149, -10.542901], [-36.882102, -10.542802], [-36.882054, -10.542702], [-36.882006, -10.542602], [-36.881958, -10.542501], [-36.88191, -10.5424], [-36.881864, -10.542302], [-36.881863, -10.542301], [-36.881816, -10.542201], [-36.881769, -10.542102], [-36.881722, -10.542003], [-36.881675, -10.541904], [-36.881627, -10.541806], [-36.881579, -10.541707], [-36.88153, -10.541607], [-36.881482, -10.541508], [-36.881434, -10.541409], [-36.881386, -10.54131], [-36.881338, -10.541209], [-36.88129, -10.541109], [-36.881243, -10.541009], [-36.881195, -10.540908], [-36.881148, -10.540807], [-36.8811, -10.540706], [-36.881052, -10.540606], [-36.881004, -10.540505], [-36.880955, -10.540405], [-36.880907, -10.540304], [-36.880859, -10.540203], [-36.880812, -10.540105], [-36.880764, -10.540004], [-36.880716, -10.539903], [-36.880665, -10.539804], [-36.880612, -10.539706], [-36.880558, -10.539608], [-36.880505, -10.539513], [-36.880503, -10.539508], [-36.880451, -10.539415], [-36.880397, -10.539317], [-36.880345, -10.539223], [-36.880298, -10.539136], [-36.880255, -10.539057], [-36.880201, -10.538959], [-36.880147, -10.538862], [-36.880094, -10.538765], [-36.880044, -10.538673], [-36.880041, -10.538669], [-36.879987, -10.538571], [-36.879934, -10.538476], [-36.87988, -10.538378], [-36.879826, -10.538284], [-36.879772, -10.538186], [-36.879717, -10.538089], [-36.879663, -10.537993], [-36.879663, -10.537992], [-36.879663, -10.537991], [-36.879608, -10.537894], [-36.879555, -10.537797], [-36.879502, -10.537699], [-36.87945, -10.537601], [-36.879397, -10.537504], [-36.879344, -10.537407], [-36.879292, -10.537312], [-36.879239, -10.537216], [-36.879186, -10.537119], [-36.879132, -10.537023], [-36.87908, -10.536929], [-36.879028, -10.536834], [-36.878977, -10.536741], [-36.878927, -10.536649], [-36.878876, -10.536559], [-36.878826, -10.536468], [-36.878775, -10.536377], [-36.878724, -10.536284], [-36.878673, -10.536189], [-36.878673, -10.536189], [-36.878672, -10.536188], [-36.878621, -10.536094], [-36.878569, -10.536], [-36.878517, -10.535905], [-36.878464, -10.53581], [-36.878411, -10.535714], [-36.878357, -10.535617], [-36.878304, -10.53552], [-36.87825, -10.535423], [-36.878196, -10.535326], [-36.878142, -10.53523], [-36.878088, -10.535133], [-36.878039, -10.535046], [-36.878036, -10.535039], [-36.877981, -10.534942], [-36.877928, -10.534844], [-36.877874, -10.534746], [-36.877821, -10.534649], [-36.877767, -10.534551], [-36.877713, -10.534453], [-36.877659, -10.534355], [-36.877604, -10.534258], [-36.87755, -10.53416], [-36.877496, -10.534062], [-36.877442, -10.533964], [-36.877388, -10.533866], [-36.877334, -10.533768], [-36.87728, -10.53367], [-36.877226, -10.533572], [-36.877173, -10.533474], [-36.877119, -10.533378], [-36.877067, -10.533283], [-36.877014, -10.533186], [-36.876961, -10.533089], [-36.876908, -10.532992], [-36.876854, -10.532895], [-36.8768, -10.532798], [-36.876747, -10.532701], [-36.876694, -10.532604], [-36.876641, -10.532506], [-36.876634, -10.532494], [-36.876588, -10.53241], [-36.876535, -10.532313], [-36.876522, -10.532289], [-36.876468, -10.532194], [-36.876414, -10.532097], [-36.87636, -10.532001], [-36.876306, -10.531904], [-36.876252, -10.531808], [-36.876199, -10.531711], [-36.876146, -10.531614], [-36.876103, -10.531512], [-36.876075, -10.531404], [-36.876047, -10.531297], [-36.876019, -10.53119], [-36.875991, -10.531083], [-36.875963, -10.530976], [-36.875935, -10.53087], [-36.875907, -10.530763], [-36.875878, -10.530656], [-36.875849, -10.530549], [-36.875821, -10.530445], [-36.875792, -10.530338], [-36.875762, -10.53023], [-36.875734, -10.530124], [-36.875705, -10.530018], [-36.875677, -10.52991], [-36.875648, -10.529802], [-36.87562, -10.529695], [-36.875591, -10.529588], [-36.875563, -10.529483], [-36.875534, -10.529375], [-36.875506, -10.529267], [-36.875478, -10.529162], [-36.875449, -10.529053], [-36.875421, -10.528945], [-36.875392, -10.528837], [-36.875364, -10.52873], [-36.875336, -10.528623], [-36.875308, -10.528516], [-36.875305, -10.528505], [-36.875279, -10.528408], [-36.875251, -10.5283], [-36.875222, -10.528192], [-36.875192, -10.528084], [-36.875164, -10.527979], [-36.875134, -10.527871], [-36.875102, -10.527767], [-36.875066, -10.52766], [-36.875031, -10.527554], [-36.874996, -10.527448], [-36.874961, -10.527342], [-36.874927, -10.527236], [-36.874892, -10.527132], [-36.874857, -10.527026], [-36.874822, -10.526921], [-36.87479, -10.526824], [-36.874787, -10.526815], [-36.874752, -10.52671], [-36.874717, -10.526605], [-36.874682, -10.526499], [-36.874647, -10.526394], [-36.874612, -10.526288], [-36.874577, -10.526183], [-36.874542, -10.526077], [-36.874508, -10.525972], [-36.874472, -10.525866], [-36.874438, -10.52576], [-36.874403, -10.525654], [-36.874369, -10.525552], [-36.874334, -10.525449], [-36.874298, -10.525343], [-36.874261, -10.525238], [-36.874221, -10.525134], [-36.874169, -10.525036], [-36.874091, -10.524958], [-36.873998, -10.524894], [-36.873904, -10.524834], [-36.873808, -10.524775], [-36.873712, -10.524718], [-36.873616, -10.52466], [-36.873519, -10.524603], [-36.873423, -10.524546], [-36.873326, -10.524488], [-36.87323, -10.524431], [-36.873135, -10.524373], [-36.873134, -10.524373], [-36.873039, -10.524315], [-36.872943, -10.524257], [-36.872847, -10.524199], [-36.872752, -10.524142], [-36.872668, -10.524091], [-36.872572, -10.524034], [-36.872483, -10.523981], [-36.872388, -10.523923], [-36.872293, -10.523866], [-36.872198, -10.523809], [-36.872103, -10.523751], [-36.872011, -10.523696], [-36.871917, -10.523639], [-36.871822, -10.523581], [-36.871727, -10.523524], [-36.871634, -10.523468], [-36.871539, -10.523411], [-36.871443, -10.523354], [-36.871348, -10.523296], [-36.871254, -10.52324], [-36.871159, -10.523183], [-36.871063, -10.523125], [-36.870969, -10.523069], [-36.870874, -10.523011], [-36.870779, -10.522954], [-36.870684, -10.522898], [-36.870588, -10.522841], [-36.870492, -10.522783], [-36.870395, -10.522726], [-36.870299, -10.522668], [-36.870203, -10.522611], [-36.870107, -10.522553], [-36.870012, -10.522495], [-36.869916, -10.522438], [-36.869819, -10.52238], [-36.869723, -10.522323], [-36.869626, -10.522265], [-36.86953, -10.522207], [-36.869435, -10.522149], [-36.869338, -10.52209], [-36.869243, -10.522031], [-36.869147, -10.521973], [-36.869052, -10.521915], [-36.868956, -10.521857], [-36.86886, -10.521799], [-36.868764, -10.521741], [-36.868668, -10.521683], [-36.868572, -10.521625], [-36.868484, -10.521572], [-36.868388, -10.521514], [-36.868293, -10.521456], [-36.868196, -10.521398], [-36.8681, -10.52134], [-36.868005, -10.521284], [-36.86791, -10.521226], [-36.867813, -10.521168], [-36.867717, -10.521111], [-36.867621, -10.521053], [-36.867526, -10.520996], [-36.86743, -10.520939], [-36.867333, -10.520881], [-36.867237, -10.520822], [-36.867141, -10.520764], [-36.867047, -10.520706], [-36.866951, -10.520648], [-36.866855, -10.52059], [-36.86676, -10.520532], [-36.866664, -10.520474], [-36.866568, -10.520417], [-36.866472, -10.520359], [-36.866377, -10.520302], [-36.866281, -10.520245], [-36.866185, -10.520187], [-36.86609, -10.52013], [-36.865995, -10.520073], [-36.865899, -10.520016], [-36.865803, -10.519958], [-36.865707, -10.5199], [-36.865612, -10.519842], [-36.865517, -10.519784], [-36.865421, -10.519726], [-36.865326, -10.519669], [-36.865229, -10.519611], [-36.865133, -10.519554], [-36.865038, -10.519496], [-36.864945, -10.51944], [-36.864851, -10.519383], [-36.864756, -10.519326], [-36.86466, -10.519268], [-36.864564, -10.51921], [-36.864469, -10.519153], [-36.864375, -10.519095], [-36.864279, -10.519038], [-36.864183, -10.51898], [-36.864089, -10.518924], [-36.863994, -10.518867], [-36.863898, -10.51881], [-36.863803, -10.518754], [-36.86371, -10.518698], [-36.863616, -10.518641], [-36.863521, -10.518583], [-36.863426, -10.518526], [-36.863333, -10.51847], [-36.863238, -10.518412], [-36.863143, -10.518355], [-36.863048, -10.518297], [-36.862953, -10.518239], [-36.862858, -10.518181], [-36.862763, -10.518124], [-36.862667, -10.518067], [-36.862571, -10.518011], [-36.862476, -10.517954], [-36.86238, -10.517897], [-36.862286, -10.517841], [-36.862191, -10.517784], [-36.862095, -10.517726], [-36.862, -10.517669], [-36.861905, -10.517611], [-36.861819, -10.517559], [-36.86181, -10.517554], [-36.861715, -10.517496], [-36.86162, -10.517438], [-36.861525, -10.517381], [-36.86143, -10.517325], [-36.861334, -10.517267], [-36.861239, -10.517211], [-36.861144, -10.517153], [-36.861143, -10.517153], [-36.861047, -10.517095], [-36.860951, -10.517037], [-36.860854, -10.516979], [-36.860757, -10.516921], [-36.86066, -10.516863], [-36.860564, -10.516805], [-36.860467, -10.516746], [-36.86037, -10.516688], [-36.860274, -10.51663], [-36.860176, -10.516572], [-36.86008, -10.516514], [-36.859983, -10.516456], [-36.859888, -10.516399], [-36.859791, -10.516341], [-36.859696, -10.516283], [-36.8596, -10.516225], [-36.859505, -10.516168], [-36.85941, -10.516111], [-36.859315, -10.516054], [-36.85922, -10.515997], [-36.859126, -10.51594], [-36.859031, -10.515882], [-36.858936, -10.515825], [-36.858841, -10.515768], [-36.858747, -10.515711], [-36.858652, -10.515655], [-36.858556, -10.515598], [-36.858461, -10.51554], [-36.858366, -10.515483], [-36.85827, -10.515426], [-36.858174, -10.515369], [-36.85808, -10.515312], [-36.857983, -10.515254], [-36.857888, -10.515196], [-36.857794, -10.515138], [-36.857701, -10.515082], [-36.85761, -10.515026], [-36.857519, -10.514971], [-36.857424, -10.514913], [-36.857329, -10.514855], [-36.857233, -10.514798], [-36.857137, -10.514741], [-36.857041, -10.514683], [-36.856945, -10.514626], [-36.85685, -10.514569], [-36.85676, -10.514515], [-36.856664, -10.514457], [-36.856568, -10.5144], [-36.856472, -10.514342], [-36.856377, -10.514283], [-36.856282, -10.514225], [-36.856195, -10.514172], [-36.8561, -10.514114], [-36.856037, -10.514075], [-36.855941, -10.514018], [-36.855847, -10.513961], [-36.855751, -10.513903], [-36.855654, -10.513846], [-36.855558, -10.513788], [-36.855463, -10.51373], [-36.855367, -10.513671], [-36.855271, -10.513613], [-36.855175, -10.513554], [-36.855079, -10.513496], [-36.854984, -10.513438], [-36.854888, -10.51338], [-36.854793, -10.513321], [-36.854697, -10.513263], [-36.854601, -10.513206], [-36.854505, -10.513148], [-36.854409, -10.513091], [-36.854313, -10.513033], [-36.854218, -10.512977], [-36.854122, -10.512919], [-36.854028, -10.512863], [-36.853933, -10.512805], [-36.853837, -10.512747], [-36.853741, -10.512689], [-36.853646, -10.512632], [-36.85355, -10.512575], [-36.853454, -10.512517], [-36.853358, -10.51246], [-36.853263, -10.512404], [-36.853168, -10.512346], [-36.853073, -10.512288], [-36.852978, -10.512231], [-36.852883, -10.512174], [-36.852788, -10.512116], [-36.852692, -10.512059], [-36.852597, -10.512001], [-36.852501, -10.511944], [-36.852405, -10.511886], [-36.852309, -10.511829], [-36.852214, -10.511772], [-36.852119, -10.511714], [-36.852024, -10.511657], [-36.851928, -10.511599], [-36.851833, -10.511542], [-36.851738, -10.511485], [-36.851642, -10.511427], [-36.851547, -10.51137], [-36.851454, -10.511319], [-36.851396, -10.51129], [-36.851298, -10.511238], [-36.851219, -10.511195], [-36.851121, -10.511141], [-36.851024, -10.511088], [-36.850934, -10.511041], [-36.850835, -10.510989], [-36.850835, -10.510989], [-36.850736, -10.510937], [-36.850639, -10.510888], [-36.850542, -10.510836], [-36.850444, -10.510783], [-36.850347, -10.510729], [-36.850249, -10.510675], [-36.850153, -10.510623], [-36.850056, -10.510568], [-36.849966, -10.510503], [-36.849891, -10.510422], [-36.849836, -10.510342], [-36.849789, -10.510274], [-36.849772, -10.510251], [-36.849708, -10.510159], [-36.849644, -10.510069], [-36.849581, -10.509978], [-36.849517, -10.509886], [-36.849455, -10.509796], [-36.849393, -10.509706], [-36.849331, -10.509616], [-36.849269, -10.509525], [-36.849207, -10.509436], [-36.849144, -10.509344], [-36.84908, -10.509252], [-36.849016, -10.50916], [-36.848953, -10.509068], [-36.84889, -10.508978], [-36.848826, -10.508887], [-36.848763, -10.508796], [-36.8487, -10.508705], [-36.848637, -10.508614], [-36.848575, -10.508523], [-36.848512, -10.508432], [-36.84845, -10.50834], [-36.848388, -10.508251], [-36.848325, -10.50816], [-36.848263, -10.50807], [-36.84825, -10.508052], [-36.8482, -10.507979], [-36.848137, -10.507887], [-36.848074, -10.507795], [-36.848012, -10.507702], [-36.84795, -10.507611], [-36.847887, -10.507519], [-36.847823, -10.507426], [-36.847759, -10.507334], [-36.847692, -10.507245], [-36.847617, -10.507161], [-36.847538, -10.507081], [-36.847458, -10.507001], [-36.847379, -10.506922], [-36.847372, -10.506914], [-36.8473, -10.506844], [-36.847221, -10.506765], [-36.847141, -10.506687], [-36.847062, -10.506609], [-36.847062, -10.506609], [-36.847061, -10.506609], [-36.847059, -10.506607], [-36.847052, -10.5066], [-36.847042, -10.50659], [-36.846984, -10.506534], [-36.846905, -10.506456], [-36.846825, -10.506379], [-36.846742, -10.506305], [-36.846651, -10.506244], [-36.846551, -10.506195], [-36.846454, -10.506147], [-36.846355, -10.506099], [-36.846257, -10.506052], [-36.846156, -10.506005], [-36.846056, -10.505958], [-36.845956, -10.50591], [-36.845855, -10.505862], [-36.845762, -10.505802], [-36.845686, -10.50572], [-36.845623, -10.50563], [-36.845559, -10.50554], [-36.845501, -10.505445], [-36.845459, -10.505343], [-36.845426, -10.50524], [-36.845393, -10.50514], [-36.845362, -10.505042], [-36.845329, -10.504941], [-36.845295, -10.504836], [-36.845281, -10.504797], [-36.845251, -10.504706], [-36.845246, -10.504693], [-36.845201, -10.504592], [-36.845135, -10.504503], [-36.845087, -10.504453], [-36.845009, -10.504373], [-36.845009, -10.504373], [-36.844931, -10.504293], [-36.844891, -10.504253], [-36.844853, -10.504214], [-36.844775, -10.504134], [-36.844697, -10.504053], [-36.84462, -10.503972], [-36.844542, -10.503893], [-36.844464, -10.503813], [-36.844386, -10.503733], [-36.844309, -10.503653], [-36.844232, -10.503574], [-36.844155, -10.503493], [-36.844099, -10.503435], [-36.84402, -10.503358], [-36.84393, -10.503293], [-36.843831, -10.503242], [-36.843734, -10.503195], [-36.843636, -10.503146], [-36.843538, -10.503097], [-36.843521, -10.503088], [-36.843426, -10.503037], [-36.843329, -10.502983], [-36.843231, -10.502928], [-36.843134, -10.502872], [-36.843036, -10.502818], [-36.842937, -10.502763], [-36.842839, -10.502709], [-36.842755, -10.50266], [-36.842658, -10.502604], [-36.842562, -10.502546], [-36.842467, -10.50249], [-36.842374, -10.502431], [-36.842355, -10.502418], [-36.842342, -10.502409], [-36.84225, -10.502348], [-36.842157, -10.502289], [-36.842064, -10.502231], [-36.841991, -10.502187], [-36.8419, -10.502133], [-36.841808, -10.50208], [-36.841715, -10.502027], [-36.841622, -10.501974], [-36.841532, -10.501922], [-36.841445, -10.50187], [-36.841354, -10.501817], [-36.841274, -10.501771], [-36.841179, -10.501718], [-36.841086, -10.501664], [-36.840993, -10.501609], [-36.840904, -10.501556], [-36.84081, -10.501508], [-36.840706, -10.50148], [-36.840597, -10.501479], [-36.840487, -10.501474], [-36.840384, -10.501437], [-36.8403, -10.501376], [-36.840243, -10.501295], [-36.840203, -10.5012], [-36.840162, -10.5011], [-36.840122, -10.500999], [-36.840079, -10.500896], [-36.840036, -10.500794], [-36.839992, -10.500691], [-36.839947, -10.500589], [-36.839902, -10.500486], [-36.839856, -10.500384], [-36.839809, -10.500283], [-36.839762, -10.500183], [-36.839714, -10.500082], [-36.839667, -10.499982], [-36.839619, -10.499881], [-36.839573, -10.499781], [-36.839528, -10.499681], [-36.839483, -10.499582], [-36.839465, -10.499541], [-36.839419, -10.499441], [-36.839373, -10.499341], [-36.839325, -10.499242], [-36.839275, -10.49915], [-36.839208, -10.499065], [-36.839124, -10.498995], [-36.839036, -10.498934], [-36.838945, -10.498872], [-36.838856, -10.49881], [-36.838766, -10.498747], [-36.838675, -10.498683], [-36.838585, -10.498619], [-36.838496, -10.498554], [-36.838414, -10.498479], [-36.83834, -10.498396], [-36.838267, -10.498313], [-36.838195, -10.498231], [-36.838122, -10.498148], [-36.83805, -10.498065], [-36.837977, -10.497982], [-36.837904, -10.497898], [-36.837831, -10.497815], [-36.837759, -10.497731], [-36.837685, -10.497648], [-36.837612, -10.497565], [-36.837538, -10.497482], [-36.837463, -10.497399], [-36.837382, -10.497323], [-36.837301, -10.497266], [-36.837203, -10.497213], [-36.837105, -10.49716], [-36.837007, -10.497107], [-36.836908, -10.497054], [-36.836809, -10.497002], [-36.83671, -10.496949], [-36.836631, -10.496907], [-36.836533, -10.496855], [-36.836435, -10.496803], [-36.836336, -10.49675], [-36.836237, -10.496697], [-36.836138, -10.496644], [-36.83604, -10.496592], [-36.83594, -10.49654], [-36.835841, -10.496487], [-36.835741, -10.496434], [-36.835642, -10.496382], [-36.835542, -10.496329], [-36.835443, -10.496276], [-36.835344, -10.496223], [-36.835244, -10.49617], [-36.835145, -10.496116], [-36.835045, -10.496063], [-36.834946, -10.496009], [-36.834925, -10.495998], [-36.834865, -10.495966], [-36.834768, -10.495913], [-36.834681, -10.495866], [-36.834582, -10.495814], [-36.834484, -10.495761], [-36.834387, -10.495709], [-36.83429, -10.495658], [-36.834225, -10.495624], [-36.834216, -10.495619], [-36.834129, -10.495572], [-36.834031, -10.49552], [-36.833933, -10.495466], [-36.833836, -10.495415], [-36.833737, -10.495362], [-36.833638, -10.49531], [-36.833539, -10.495257], [-36.833442, -10.495205], [-36.833343, -10.495152], [-36.833244, -10.495099], [-36.833145, -10.495046], [-36.833046, -10.494993], [-36.832947, -10.49494], [-36.832849, -10.494886], [-36.83275, -10.494833], [-36.832651, -10.49478], [-36.832552, -10.494726], [-36.832455, -10.494674], [-36.832356, -10.494621], [-36.832257, -10.494568], [-36.832158, -10.494515], [-36.832059, -10.494462], [-36.831961, -10.494409], [-36.831862, -10.494355], [-36.831764, -10.494302], [-36.831665, -10.494249], [-36.831566, -10.494196], [-36.831469, -10.494143], [-36.83137, -10.494091], [-36.831271, -10.494038], [-36.831173, -10.493986], [-36.831074, -10.493933], [-36.830975, -10.49388], [-36.830876, -10.493827], [-36.830777, -10.493774], [-36.830678, -10.49372], [-36.830581, -10.493669], [-36.830482, -10.493616], [-36.830383, -10.493563], [-36.830284, -10.49351], [-36.830185, -10.493457], [-36.830087, -10.493404], [-36.829988, -10.493352], [-36.829891, -10.4933], [-36.829793, -10.493247], [-36.829697, -10.493196], [-36.829599, -10.493143], [-36.829501, -10.493091], [-36.829501, -10.493091], [-36.8295, -10.49309], [-36.829403, -10.493038], [-36.829305, -10.492986], [-36.829207, -10.492933], [-36.82911, -10.492881], [-36.829012, -10.492828], [-36.828914, -10.492776], [-36.82883, -10.492731], [-36.828733, -10.492679], [-36.828635, -10.492627], [-36.828537, -10.492575], [-36.82844, -10.492522], [-36.828342, -10.49247], [-36.828243, -10.492417], [-36.828145, -10.492365], [-36.828047, -10.492312], [-36.82795, -10.492259], [-36.827852, -10.492207], [-36.827754, -10.492154], [-36.827656, -10.492102], [-36.827558, -10.492049], [-36.82746, -10.491997], [-36.827362, -10.491945], [-36.827264, -10.491893], [-36.827166, -10.491841], [-36.827068, -10.491788], [-36.82697, -10.491735], [-36.826873, -10.491682], [-36.826775, -10.491629], [-36.826678, -10.491577], [-36.826582, -10.491525], [-36.826484, -10.491473], [-36.826386, -10.491419], [-36.826287, -10.491366], [-36.826188, -10.491312], [-36.826091, -10.49126], [-36.825992, -10.491207], [-36.825894, -10.491154], [-36.825794, -10.491102], [-36.825696, -10.49105], [-36.825597, -10.490997], [-36.825498, -10.490944], [-36.825399, -10.490891], [-36.8253, -10.490838], [-36.8252, -10.490786], [-36.825101, -10.490733], [-36.825101, -10.490733], [-36.825002, -10.490681], [-36.824903, -10.490628], [-36.824804, -10.490575], [-36.824706, -10.490522], [-36.824607, -10.490469], [-36.824508, -10.490416], [-36.824409, -10.490362], [-36.824313, -10.49031], [-36.824215, -10.490258], [-36.824117, -10.490205], [-36.824019, -10.490153], [-36.82392, -10.4901], [-36.823822, -10.490047], [-36.823723, -10.489996], [-36.823625, -10.489943], [-36.823526, -10.48989], [-36.823427, -10.489836], [-36.823329, -10.489783], [-36.823233, -10.48973], [-36.823135, -10.489676], [-36.823115, -10.489666], [-36.823035, -10.489622], [-36.822936, -10.489569], [-36.822837, -10.489516], [-36.82274, -10.489465], [-36.822641, -10.489412], [-36.822544, -10.489359], [-36.822448, -10.489307], [-36.822349, -10.489254], [-36.82225, -10.489201], [-36.822153, -10.489149], [-36.822055, -10.489096], [-36.821956, -10.489044], [-36.821857, -10.488991], [-36.821758, -10.488938], [-36.821659, -10.488885], [-36.821562, -10.488832], [-36.821463, -10.488779], [-36.821365, -10.488727], [-36.821266, -10.488674], [-36.821166, -10.488622], [-36.821067, -10.48857], [-36.820967, -10.488517], [-36.820868, -10.488465], [-36.820769, -10.488412], [-36.82067, -10.48836], [-36.820573, -10.488308], [-36.820474, -10.488255], [-36.820375, -10.488202], [-36.820375, -10.488202], [-36.820278, -10.48815], [-36.82018, -10.488098], [-36.820082, -10.488046], [-36.820081, -10.488046], [-36.819983, -10.487994], [-36.819885, -10.487942], [-36.819788, -10.48789], [-36.81969, -10.487838], [-36.81966, -10.487822], [-36.819592, -10.487786], [-36.819497, -10.487734], [-36.819399, -10.487681], [-36.819301, -10.487628], [-36.819203, -10.487575], [-36.819203, -10.487575], [-36.819202, -10.487575], [-36.819106, -10.487523], [-36.819008, -10.48747], [-36.818909, -10.487417], [-36.818827, -10.487373], [-36.81873, -10.487321], [-36.818633, -10.487268], [-36.818534, -10.487214], [-36.818438, -10.487162], [-36.818339, -10.487108], [-36.818241, -10.487054], [-36.818142, -10.487001], [-36.818133, -10.486996], [-36.818047, -10.486948], [-36.817949, -10.486894], [-36.817853, -10.486841], [-36.817755, -10.486788], [-36.817655, -10.486739], [-36.817552, -10.486696], [-36.817448, -10.486654], [-36.817343, -10.486611], [-36.817239, -10.486568], [-36.817139, -10.486525], [-36.817043, -10.486476], [-36.816948, -10.486417], [-36.816854, -10.486356], [-36.816762, -10.486297], [-36.816668, -10.486237], [-36.816574, -10.486177], [-36.816574, -10.486177], [-36.816478, -10.486117], [-36.816382, -10.486057], [-36.816288, -10.485999], [-36.816196, -10.485941], [-36.816179, -10.48593], [-36.816085, -10.48587], [-36.815991, -10.485809], [-36.815897, -10.485748], [-36.815801, -10.485691], [-36.815703, -10.485635], [-36.815609, -10.485577], [-36.815515, -10.485522], [-36.815423, -10.485464], [-36.815332, -10.485406], [-36.81524, -10.485347], [-36.815147, -10.485289], [-36.815055, -10.485231], [-36.814972, -10.485178], [-36.814882, -10.485119], [-36.81479, -10.485059], [-36.814699, -10.484999], [-36.814609, -10.484941], [-36.814524, -10.484887], [-36.814435, -10.484831], [-36.814343, -10.484774], [-36.814249, -10.484716], [-36.814155, -10.484659], [-36.814061, -10.484601], [-36.813967, -10.484543], [-36.81388, -10.484477], [-36.81388, -10.484476], [-36.813808, -10.484393], [-36.813749, -10.4843], [-36.813691, -10.484205], [-36.813635, -10.484109], [-36.813579, -10.484012], [-36.813524, -10.483916], [-36.813469, -10.48382], [-36.813413, -10.483723], [-36.813362, -10.483636], [-36.813306, -10.483539], [-36.81325, -10.483444], [-36.813194, -10.483347], [-36.813137, -10.483251], [-36.813082, -10.483156], [-36.813028, -10.483063], [-36.812972, -10.482966], [-36.812916, -10.482869], [-36.812865, -10.482781], [-36.812809, -10.482685], [-36.812754, -10.482589], [-36.812698, -10.482493], [-36.812641, -10.482396], [-36.812586, -10.482301], [-36.812531, -10.482206], [-36.812531, -10.482206], [-36.812531, -10.482206], [-36.812475, -10.48211], [-36.812419, -10.482015], [-36.812363, -10.481919], [-36.812307, -10.481824], [-36.812252, -10.481728], [-36.812196, -10.481633], [-36.81214, -10.481538], [-36.812084, -10.481443], [-36.812028, -10.481347], [-36.811973, -10.481251], [-36.811918, -10.481156], [-36.811862, -10.48106], [-36.811807, -10.480964], [-36.811751, -10.480868], [-36.811695, -10.480772], [-36.811639, -10.480677], [-36.811582, -10.480581], [-36.811525, -10.480485], [-36.811477, -10.480403], [-36.811421, -10.480309], [-36.811421, -10.480308], [-36.811365, -10.480213], [-36.811311, -10.480118], [-36.811256, -10.480021], [-36.811201, -10.479926], [-36.811147, -10.479832], [-36.811093, -10.479738], [-36.81104, -10.479649], [-36.810985, -10.479554], [-36.81093, -10.479461], [-36.810924, -10.47945], [-36.810872, -10.479363], [-36.810817, -10.479267], [-36.810761, -10.479172], [-36.810706, -10.479077], [-36.810649, -10.478981], [-36.810594, -10.478885], [-36.810537, -10.478788], [-36.810481, -10.478692], [-36.810425, -10.478596], [-36.810368, -10.478499], [-36.810313, -10.478404], [-36.810256, -10.478307], [-36.810199, -10.47821], [-36.810143, -10.478115], [-36.810087, -10.478019], [-36.810031, -10.477924], [-36.809976, -10.477828], [-36.809976, -10.477827], [-36.809921, -10.477731], [-36.809865, -10.477635], [-36.809809, -10.477539], [-36.809754, -10.477443], [-36.809698, -10.477348], [-36.809643, -10.477253], [-36.809588, -10.477158], [-36.809532, -10.477063], [-36.809478, -10.476972], [-36.809423, -10.476877], [-36.809367, -10.476782], [-36.809313, -10.476689], [-36.809259, -10.476597], [-36.809203, -10.476501], [-36.809147, -10.476406], [-36.809091, -10.47631], [-36.809037, -10.476216], [-36.808982, -10.47612], [-36.808926, -10.476024], [-36.80887, -10.475928], [-36.808816, -10.475835], [-36.808761, -10.475739], [-36.808705, -10.475643], [-36.808649, -10.475547], [-36.808593, -10.47545], [-36.808537, -10.475353], [-36.80848, -10.475258], [-36.808422, -10.475162], [-36.808365, -10.475067], [-36.808327, -10.475004], [-36.808307, -10.474972], [-36.808251, -10.474877], [-36.808195, -10.474781], [-36.808139, -10.474685], [-36.808083, -10.47459], [-36.808027, -10.474494], [-36.807971, -10.474399], [-36.807915, -10.474304], [-36.80786, -10.474208], [-36.807805, -10.474112], [-36.80775, -10.474016], [-36.807694, -10.473921], [-36.807638, -10.473826], [-36.807583, -10.473732], [-36.807527, -10.473637], [-36.807471, -10.473542], [-36.807415, -10.473447], [-36.80736, -10.473351], [-36.807309, -10.473263], [-36.807253, -10.473168], [-36.807247, -10.473158], [-36.807197, -10.473072], [-36.807141, -10.472977], [-36.807085, -10.472882], [-36.807029, -10.472787], [-36.806973, -10.472691], [-36.806917, -10.472596], [-36.80686, -10.472501], [-36.806804, -10.472406], [-36.806747, -10.472311], [-36.806692, -10.472218], [-36.806638, -10.472125], [-36.806584, -10.47203], [-36.806529, -10.471934], [-36.806474, -10.471838], [-36.806417, -10.471742], [-36.806362, -10.471647], [-36.806306, -10.471551], [-36.806306, -10.471551], [-36.806251, -10.471456], [-36.806195, -10.47136], [-36.806144, -10.471273], [-36.806089, -10.471178], [-36.806033, -10.471082], [-36.805978, -10.470989], [-36.805922, -10.470894], [-36.805866, -10.470798], [-36.805811, -10.470703], [-36.805756, -10.470611], [-36.8057, -10.470515], [-36.805693, -10.470504], [-36.805646, -10.470425], [-36.805644, -10.47042], [-36.805589, -10.470327], [-36.805534, -10.470233], [-36.805479, -10.470139], [-36.805424, -10.470043], [-36.805368, -10.469946], [-36.805312, -10.469852], [-36.80528, -10.469798], [-36.805271, -10.469781], [-36.805255, -10.469755], [-36.805198, -10.469658], [-36.805142, -10.469563], [-36.805089, -10.469473], [-36.805032, -10.469377], [-36.804976, -10.469281], [-36.80492, -10.469185], [-36.804865, -10.46909], [-36.804808, -10.468994], [-36.804751, -10.468897], [-36.804695, -10.468801], [-36.804639, -10.468706], [-36.804583, -10.468611], [-36.804527, -10.468516], [-36.804472, -10.46842], [-36.804416, -10.468326], [-36.80436, -10.468231], [-36.804305, -10.468136], [-36.804249, -10.468041], [-36.804194, -10.467945], [-36.80414, -10.467851], [-36.804084, -10.467757], [-36.804029, -10.467662], [-36.803973, -10.467568], [-36.803916, -10.467474], [-36.80386, -10.46738], [-36.803805, -10.467287], [-36.803748, -10.467192], [-36.803693, -10.467098], [-36.803693, -10.467097], [-36.803638, -10.467003], [-36.803582, -10.466908], [-36.803527, -10.466813], [-36.803471, -10.466717], [-36.803414, -10.466621], [-36.803356, -10.466525], [-36.803297, -10.466429], [-36.80324, -10.466332], [-36.803198, -10.466228], [-36.803198, -10.466228], [-36.803185, -10.466117], [-36.803188, -10.466004], [-36.803193, -10.465897], [-36.803201, -10.465785], [-36.803208, -10.465672], [-36.803216, -10.465561], [-36.803223, -10.465451], [-36.80323, -10.465339], [-36.803237, -10.465227], [-36.803243, -10.465116], [-36.80325, -10.465003], [-36.803256, -10.464895], [-36.803262, -10.464788], [-36.803268, -10.464675], [-36.803275, -10.464563], [-36.803281, -10.464452], [-36.803288, -10.46434], [-36.803294, -10.464228], [-36.803301, -10.464117], [-36.803307, -10.464005], [-36.803315, -10.463893], [-36.803321, -10.463782], [-36.803328, -10.46367], [-36.803335, -10.463559], [-36.803341, -10.463446], [-36.803347, -10.463337], [-36.803354, -10.463225], [-36.80336, -10.463117], [-36.803366, -10.463007], [-36.803372, -10.4629], [-36.803378, -10.46279], [-36.803384, -10.462679], [-36.80339, -10.462569], [-36.803396, -10.462459], [-36.803403, -10.462349], [-36.803409, -10.462239], [-36.803415, -10.462128], [-36.803421, -10.462017], [-36.803427, -10.461906], [-36.803434, -10.461795], [-36.80344, -10.461684], [-36.803447, -10.461573], [-36.803453, -10.461462], [-36.80346, -10.461351], [-36.803466, -10.46124], [-36.803472, -10.461129], [-36.803478, -10.46102], [-36.803484, -10.460909], [-36.80349, -10.460798], [-36.803497, -10.460687], [-36.803503, -10.460576], [-36.803503, -10.460576], [-36.803509, -10.460468], [-36.803515, -10.460357], [-36.803521, -10.460246], [-36.803528, -10.460136], [-36.803534, -10.460025], [-36.80354, -10.459913], [-36.803546, -10.459803], [-36.803552, -10.459691], [-36.803558, -10.45958], [-36.803564, -10.45947], [-36.80357, -10.459362], [-36.803576, -10.459251], [-36.803582, -10.459141], [-36.803588, -10.45903], [-36.803594, -10.458919], [-36.8036, -10.45881], [-36.803605, -10.4587], [-36.803611, -10.45859], [-36.803616, -10.458481], [-36.803622, -10.458371], [-36.803629, -10.45826], [-36.803635, -10.458151], [-36.803642, -10.458041], [-36.803648, -10.457933], [-36.803655, -10.457824], [-36.803655, -10.457824], [-36.803662, -10.457713], [-36.803668, -10.4576], [-36.803672, -10.457527], [-36.803674, -10.457489], [-36.803681, -10.457379], [-36.803687, -10.457267], [-36.803693, -10.457154], [-36.803699, -10.457042], [-36.803705, -10.456931], [-36.803711, -10.456822], [-36.803711, -10.456821], [-36.803717, -10.45671], [-36.803724, -10.4566], [-36.803731, -10.456488], [-36.803737, -10.456376], [-36.803744, -10.456264], [-36.80375, -10.456154], [-36.80375, -10.456143], [-36.803755, -10.456044], [-36.80376, -10.455934], [-36.803766, -10.455823], [-36.803771, -10.455715], [-36.803777, -10.455606], [-36.803783, -10.4555], [-36.803789, -10.455391], [-36.803796, -10.455282], [-36.803802, -10.455174], [-36.803808, -10.455069], [-36.803814, -10.454961], [-36.80382, -10.454853], [-36.803826, -10.454744], [-36.803832, -10.454638], [-36.803838, -10.45453], [-36.803844, -10.454421], [-36.80385, -10.454312], [-36.803856, -10.454203], [-36.803861, -10.454093], [-36.803867, -10.453985], [-36.803874, -10.453874], [-36.80388, -10.453764], [-36.803886, -10.453655], [-36.803893, -10.453545], [-36.803899, -10.453433], [-36.803903, -10.45336], [-36.803905, -10.453322], [-36.803912, -10.45321], [-36.803918, -10.453098], [-36.803924, -10.45299], [-36.803931, -10.452878], [-36.803938, -10.452767], [-36.803944, -10.452655], [-36.803952, -10.452554], [-36.803961, -10.452443], [-36.803965, -10.452398], [-36.803962, -10.45231], [-36.803929, -10.452228], [-36.803873, -10.45216], [-36.803798, -10.452113], [-36.803751, -10.452094], [-36.803648, -10.452051], [-36.803545, -10.452009], [-36.803442, -10.451964], [-36.803338, -10.451919], [-36.803235, -10.451874], [-36.803235, -10.451874], [-36.803133, -10.451829], [-36.803031, -10.451783], [-36.802928, -10.451738], [-36.802826, -10.451692], [-36.802724, -10.451646], [-36.802621, -10.451601], [-36.802518, -10.451555], [-36.802416, -10.451509], [-36.802317, -10.451464], [-36.802217, -10.451419], [-36.802117, -10.451375], [-36.802015, -10.451332], [-36.801914, -10.451288], [-36.801812, -10.451245], [-36.80171, -10.451202], [-36.801608, -10.451158], [-36.801505, -10.451114], [-36.801404, -10.451069], [-36.801302, -10.451024], [-36.801302, -10.451024], [-36.8012, -10.450978], [-36.801098, -10.450933], [-36.800996, -10.450888], [-36.800893, -10.450842], [-36.800792, -10.450798], [-36.80069, -10.450752], [-36.800588, -10.450706], [-36.800486, -10.450661], [-36.800383, -10.450616], [-36.80028, -10.450572], [-36.800178, -10.450527], [-36.800075, -10.450483], [-36.799972, -10.450438], [-36.799869, -10.450393], [-36.799767, -10.450348], [-36.799665, -10.450304], [-36.799562, -10.450259], [-36.79946, -10.450214], [-36.799358, -10.45017], [-36.799255, -10.450125], [-36.799153, -10.45008], [-36.79905, -10.450035], [-36.798947, -10.44999], [-36.798846, -10.449945], [-36.798744, -10.4499], [-36.798642, -10.449856], [-36.798539, -10.449811], [-36.798438, -10.449767], [-36.798336, -10.449722], [-36.798235, -10.449678], [-36.798134, -10.449634], [-36.798032, -10.449589], [-36.797929, -10.449544], [-36.797827, -10.4495], [-36.797724, -10.449456], [-36.79762, -10.449411], [-36.797517, -10.449366], [-36.797414, -10.449321], [-36.797311, -10.449276], [-36.797209, -10.449231], [-36.797105, -10.449186], [-36.797003, -10.449142], [-36.796899, -10.449097], [-36.796798, -10.449052], [-36.796695, -10.449007], [-36.796591, -10.448962], [-36.796487, -10.448916], [-36.796386, -10.448871], [-36.796282, -10.448826], [-36.796179, -10.448781], [-36.796076, -10.448736], [-36.795973, -10.448691], [-36.795871, -10.448647], [-36.795771, -10.448603], [-36.795672, -10.448561], [-36.795572, -10.448517], [-36.795472, -10.448472], [-36.795372, -10.448428], [-36.795272, -10.448383], [-36.795171, -10.448339], [-36.795071, -10.448295], [-36.79497, -10.448251], [-36.794868, -10.448207], [-36.794769, -10.448163], [-36.79467, -10.44812], [-36.794569, -10.448075], [-36.794468, -10.44803], [-36.794366, -10.447985], [-36.794265, -10.44794], [-36.794165, -10.447895], [-36.794064, -10.44785], [-36.793962, -10.447805], [-36.793861, -10.447761], [-36.79376, -10.447716], [-36.793659, -10.447672], [-36.793557, -10.447627], [-36.793454, -10.447582], [-36.793351, -10.447536], [-36.793248, -10.44749], [-36.793146, -10.447444], [-36.793043, -10.447397], [-36.792939, -10.447352], [-36.792927, -10.447347], [-36.792837, -10.447308], [-36.792745, -10.447267], [-36.792642, -10.447222], [-36.79254, -10.447178], [-36.792438, -10.447133], [-36.792395, -10.447115], [-36.792337, -10.44709], [-36.792235, -10.447045], [-36.792133, -10.447], [-36.792032, -10.446955], [-36.791931, -10.44691], [-36.791832, -10.446867], [-36.791751, -10.446831], [-36.79165, -10.446786], [-36.791549, -10.446742], [-36.791448, -10.446697], [-36.791347, -10.446653], [-36.791246, -10.446608], [-36.791145, -10.446564], [-36.791044, -10.446519], [-36.790943, -10.446475], [-36.790933, -10.44647], [-36.790842, -10.44643], [-36.790741, -10.446386], [-36.790643, -10.446343], [-36.790542, -10.446299], [-36.79044, -10.446255], [-36.790341, -10.446212], [-36.79024, -10.446168], [-36.790138, -10.446125], [-36.79004, -10.446082], [-36.789939, -10.446038], [-36.789838, -10.445993], [-36.789737, -10.445948], [-36.789635, -10.445902], [-36.789534, -10.445857], [-36.789432, -10.445812], [-36.78933, -10.445767], [-36.789231, -10.445723], [-36.789129, -10.445677], [-36.789028, -10.445632], [-36.788927, -10.445587], [-36.788826, -10.445542], [-36.788724, -10.445498], [-36.788622, -10.445453], [-36.788521, -10.445409], [-36.788419, -10.445365], [-36.788317, -10.44532], [-36.788214, -10.445276], [-36.788111, -10.445231], [-36.788008, -10.445186], [-36.787907, -10.445142], [-36.787804, -10.445097], [-36.787703, -10.445053], [-36.787603, -10.445009], [-36.787501, -10.444964], [-36.787399, -10.444919], [-36.787296, -10.444874], [-36.787193, -10.444828], [-36.78709, -10.444783], [-36.786988, -10.444738], [-36.786885, -10.444693], [-36.786782, -10.444648], [-36.786681, -10.444604], [-36.786578, -10.444559], [-36.786478, -10.444516], [-36.786378, -10.444473], [-36.786276, -10.444429], [-36.786173, -10.444384], [-36.786069, -10.444338], [-36.785969, -10.444294], [-36.785866, -10.444248], [-36.785763, -10.444203], [-36.785762, -10.444202], [-36.785761, -10.444202], [-36.785663, -10.444159], [-36.785565, -10.444116], [-36.785463, -10.444071], [-36.78536, -10.444026], [-36.785257, -10.443981], [-36.785154, -10.443936], [-36.785052, -10.443891], [-36.784953, -10.443849], [-36.784859, -10.443808], [-36.784757, -10.443763], [-36.784654, -10.443718], [-36.784552, -10.443673], [-36.784449, -10.443629], [-36.784346, -10.443584], [-36.784259, -10.443546], [-36.784156, -10.443501], [-36.784074, -10.443465], [-36.783971, -10.443419], [-36.783868, -10.443374], [-36.783765, -10.443329], [-36.783662, -10.443283], [-36.78356, -10.443238], [-36.78346, -10.443194], [-36.783356, -10.443148], [-36.783254, -10.443104], [-36.783152, -10.443059], [-36.78305, -10.443014], [-36.782948, -10.442969], [-36.782845, -10.442923], [-36.782744, -10.442879], [-36.782641, -10.442834], [-36.782542, -10.442791], [-36.782442, -10.442748], [-36.78234, -10.442702], [-36.78224, -10.442657], [-36.782137, -10.442611], [-36.782034, -10.442566], [-36.78193, -10.44252], [-36.781828, -10.442475], [-36.781725, -10.442429], [-36.781621, -10.442385], [-36.781518, -10.44234], [-36.781417, -10.442296], [-36.781316, -10.442252], [-36.781214, -10.442208], [-36.781112, -10.442163], [-36.781009, -10.442117], [-36.780907, -10.442071], [-36.780804, -10.442026], [-36.780701, -10.441981], [-36.780598, -10.441936], [-36.780495, -10.441891], [-36.780394, -10.441847], [-36.780291, -10.441802], [-36.780188, -10.441757], [-36.780086, -10.441712], [-36.779983, -10.441667], [-36.779883, -10.441622], [-36.779781, -10.441576], [-36.779679, -10.44153], [-36.779576, -10.441484], [-36.779473, -10.441438], [-36.77937, -10.441393], [-36.779267, -10.441348], [-36.779164, -10.441302], [-36.77906, -10.441257], [-36.778957, -10.441213], [-36.778854, -10.441168], [-36.778753, -10.441123], [-36.778651, -10.441079], [-36.778549, -10.441034], [-36.778446, -10.440989], [-36.778343, -10.440944], [-36.778242, -10.4409], [-36.77814, -10.440856], [-36.778037, -10.44081], [-36.777935, -10.440765], [-36.777832, -10.44072], [-36.777728, -10.440675], [-36.777626, -10.440629], [-36.777522, -10.440584], [-36.777419, -10.44054], [-36.777316, -10.440495], [-36.777213, -10.44045], [-36.77711, -10.440405], [-36.777007, -10.440359], [-36.776906, -10.440313], [-36.776804, -10.440267], [-36.776717, -10.440228], [-36.776618, -10.440184], [-36.776516, -10.440139], [-36.776413, -10.440094], [-36.776311, -10.440049], [-36.77621, -10.440005], [-36.776109, -10.43996], [-36.776007, -10.439915], [-36.775906, -10.43987], [-36.775906, -10.43987], [-36.775805, -10.439825], [-36.775703, -10.43978], [-36.775602, -10.439735], [-36.7755, -10.43969], [-36.775398, -10.439646], [-36.775319, -10.439611], [-36.775296, -10.439602], [-36.775194, -10.439557], [-36.775093, -10.439513], [-36.774991, -10.439468], [-36.77489, -10.439423], [-36.77489, -10.439423], [-36.774789, -10.439379], [-36.774688, -10.439334], [-36.774587, -10.43929], [-36.774564, -10.43928], [-36.774465, -10.439236], [-36.774363, -10.439192], [-36.774262, -10.439147], [-36.774252, -10.439143], [-36.774161, -10.439102], [-36.774059, -10.439057], [-36.773958, -10.439012], [-36.773856, -10.438968], [-36.773754, -10.438923], [-36.773652, -10.438878], [-36.773553, -10.438835], [-36.773454, -10.438791], [-36.773352, -10.438746], [-36.77325, -10.438701], [-36.773148, -10.438656], [-36.773047, -10.438612], [-36.772946, -10.438567], [-36.772845, -10.438523], [-36.772744, -10.438479], [-36.772642, -10.438434], [-36.77254, -10.43839], [-36.772437, -10.438345], [-36.772334, -10.4383], [-36.772231, -10.438255], [-36.772128, -10.43821], [-36.772025, -10.438165], [-36.771922, -10.43812], [-36.771819, -10.438074], [-36.771718, -10.438029], [-36.771615, -10.437984], [-36.771516, -10.437941], [-36.771514, -10.43794], [-36.771418, -10.437897], [-36.771315, -10.437852], [-36.771212, -10.437806], [-36.771109, -10.43776], [-36.771006, -10.437714], [-36.770903, -10.437668], [-36.770804, -10.437624], [-36.770701, -10.437579], [-36.770598, -10.437534], [-36.770495, -10.437488], [-36.770391, -10.437443], [-36.770288, -10.437397], [-36.770186, -10.437352], [-36.770087, -10.437309], [-36.769985, -10.437264], [-36.769881, -10.437219], [-36.769778, -10.437174], [-36.769676, -10.437129], [-36.769573, -10.437084], [-36.76947, -10.437038], [-36.769367, -10.436992], [-36.769265, -10.436945], [-36.769163, -10.436899], [-36.76906, -10.436853], [-36.768957, -10.436807], [-36.768854, -10.436762], [-36.768751, -10.436716], [-36.768649, -10.436671], [-36.768546, -10.436626], [-36.768443, -10.43658], [-36.76834, -10.436535], [-36.768237, -10.43649], [-36.768134, -10.436444], [-36.768031, -10.436398], [-36.767928, -10.436353], [-36.767826, -10.436307], [-36.767722, -10.436262], [-36.767619, -10.436217], [-36.767516, -10.436172], [-36.767412, -10.436127], [-36.767309, -10.436082], [-36.767209, -10.436039], [-36.767107, -10.435994], [-36.767006, -10.435949], [-36.766903, -10.435904], [-36.766801, -10.435859], [-36.766698, -10.435813], [-36.766596, -10.435768], [-36.766494, -10.435723], [-36.766393, -10.435678], [-36.766292, -10.435633], [-36.76619, -10.435588], [-36.766088, -10.435542], [-36.765985, -10.435497], [-36.765883, -10.435451], [-36.76578, -10.435406], [-36.765678, -10.435361], [-36.765575, -10.435316], [-36.765472, -10.435271], [-36.765369, -10.435226], [-36.765335, -10.435212], [-36.765267, -10.435182], [-36.765166, -10.435139], [-36.765065, -10.435094], [-36.764962, -10.435049], [-36.76486, -10.435003], [-36.764757, -10.434958], [-36.764655, -10.434912], [-36.764552, -10.434866], [-36.764452, -10.434822], [-36.764349, -10.434776], [-36.764246, -10.434731], [-36.764143, -10.434686], [-36.76404, -10.434641], [-36.763937, -10.434596], [-36.763834, -10.434551], [-36.763731, -10.434506], [-36.763629, -10.43446], [-36.763526, -10.434414], [-36.763424, -10.434368], [-36.763321, -10.434323], [-36.763219, -10.434278], [-36.763117, -10.434233], [-36.763015, -10.434189], [-36.763009, -10.434186], [-36.762991, -10.434178], [-36.762921, -10.434148], [-36.762912, -10.434144], [-36.762813, -10.434101], [-36.762711, -10.434056], [-36.762608, -10.434012], [-36.762506, -10.433967], [-36.762404, -10.433923], [-36.762301, -10.433879], [-36.7622, -10.433835], [-36.762103, -10.433793], [-36.762002, -10.433748], [-36.761904, -10.433705], [-36.761804, -10.433662], [-36.761703, -10.433618], [-36.761602, -10.433575], [-36.761501, -10.433532], [-36.761398, -10.433489], [-36.761295, -10.433446], [-36.761192, -10.433406], [-36.761089, -10.433368], [-36.760989, -10.43332], [-36.760904, -10.433253], [-36.760845, -10.43316], [-36.760816, -10.433061], [-36.760794, -10.432954], [-36.76077, -10.432848], [-36.760745, -10.432743], [-36.760721, -10.432636], [-36.760703, -10.432552], [-36.760699, -10.432535], [-36.760675, -10.432428], [-36.760652, -10.432333], [-36.760635, -10.432261], [-36.760633, -10.432252], [-36.760631, -10.432246], [-36.760626, -10.432224], [-36.760621, -10.432203], [-36.760621, -10.432201], [-36.76062, -10.432197], [-36.760618, -10.432187], [-36.7606, -10.432108], [-36.760575, -10.432002], [-36.760549, -10.431896], [-36.760547, -10.431887], [-36.760521, -10.43178], [-36.760495, -10.431672], [-36.760469, -10.431564], [-36.760444, -10.431455], [-36.760419, -10.43135], [-36.760395, -10.431243], [-36.760369, -10.431134], [-36.760344, -10.431026], [-36.760318, -10.430917], [-36.760292, -10.430809], [-36.760279, -10.430756], [-36.760265, -10.430701], [-36.760239, -10.430592], [-36.760213, -10.430483], [-36.760187, -10.430374], [-36.760162, -10.430265], [-36.760136, -10.430156], [-36.760111, -10.430046], [-36.760086, -10.42994], [-36.760062, -10.429834], [-36.760037, -10.429727], [-36.760034, -10.429717], [-36.760012, -10.42962], [-36.759987, -10.429513], [-36.759962, -10.429405], [-36.759937, -10.429296], [-36.759911, -10.42919], [-36.759884, -10.429082], [-36.759859, -10.428979], [-36.759834, -10.428871], [-36.759809, -10.428763], [-36.759784, -10.428654], [-36.759758, -10.428546], [-36.759732, -10.428439], [-36.759707, -10.428334], [-36.759683, -10.428234], [-36.759659, -10.428131], [-36.759633, -10.428023], [-36.759611, -10.427929], [-36.759586, -10.427823], [-36.759561, -10.427719], [-36.759536, -10.427612], [-36.759512, -10.427511], [-36.759487, -10.427406], [-36.759462, -10.427299], [-36.759437, -10.42719], [-36.759413, -10.427083], [-36.759389, -10.426976], [-36.759363, -10.426868], [-36.759338, -10.426761], [-36.759312, -10.426654], [-36.759286, -10.426547], [-36.759261, -10.426439], [-36.759237, -10.426331], [-36.759212, -10.426224], [-36.759187, -10.426116], [-36.759162, -10.426007], [-36.759137, -10.425899], [-36.759111, -10.425791], [-36.759085, -10.425686], [-36.759059, -10.425577], [-36.759034, -10.425471], [-36.759009, -10.425365], [-36.758984, -10.425257], [-36.758959, -10.425148], [-36.758934, -10.425039], [-36.758909, -10.42493], [-36.758884, -10.424821], [-36.758859, -10.424712], [-36.758834, -10.424608], [-36.758809, -10.424499], [-36.758784, -10.424394], [-36.758759, -10.424285], [-36.758734, -10.424177], [-36.758708, -10.424068], [-36.758683, -10.423962], [-36.758657, -10.423854], [-36.758632, -10.423745], [-36.758605, -10.423637], [-36.758579, -10.42353], [-36.758553, -10.423423], [-36.758527, -10.423315], [-36.758501, -10.423207], [-36.758476, -10.4231], [-36.758451, -10.422991], [-36.758427, -10.422883], [-36.758402, -10.422776], [-36.758378, -10.422669], [-36.758353, -10.422562], [-36.758327, -10.422455], [-36.758302, -10.422348], [-36.758277, -10.422243], [-36.758252, -10.422136], [-36.758227, -10.422029], [-36.758221, -10.422004], [-36.758195, -10.421896], [-36.758168, -10.421788], [-36.758142, -10.42168], [-36.758116, -10.421572], [-36.758091, -10.421466], [-36.758066, -10.421358], [-36.758041, -10.42125], [-36.758016, -10.421142], [-36.757991, -10.421034], [-36.757964, -10.420926], [-36.757938, -10.420819], [-36.757913, -10.420711], [-36.757887, -10.420604], [-36.757862, -10.420496], [-36.757837, -10.420389], [-36.75783, -10.420356], [-36.757828, -10.420348], [-36.757826, -10.420339], [-36.757825, -10.420336], [-36.757825, -10.420333], [-36.757823, -10.420328], [-36.757823, -10.420325], [-36.757822, -10.420322], [-36.757821, -10.420319], [-36.757813, -10.420281], [-36.757788, -10.420174], [-36.757763, -10.420069], [-36.757738, -10.419961], [-36.757713, -10.419853], [-36.757688, -10.419745], [-36.757662, -10.419637], [-36.757637, -10.419529], [-36.757612, -10.419421], [-36.757586, -10.419313], [-36.75756, -10.419206], [-36.757534, -10.419098], [-36.757508, -10.418991], [-36.757482, -10.418883], [-36.757457, -10.418778], [-36.757431, -10.41867], [-36.757406, -10.418563], [-36.75738, -10.418455], [-36.757354, -10.418347], [-36.757328, -10.418239], [-36.757302, -10.418132], [-36.757275, -10.418025], [-36.757262, -10.417971], [-36.757261, -10.417968], [-36.757257, -10.417949], [-36.757249, -10.417917], [-36.757223, -10.417809], [-36.757197, -10.417701], [-36.757172, -10.417595], [-36.757172, -10.417594], [-36.757172, -10.417594], [-36.757147, -10.417486], [-36.757122, -10.417378], [-36.757101, -10.417289], [-36.757076, -10.417183], [-36.75705, -10.417075], [-36.757025, -10.416972], [-36.756999, -10.416864], [-36.756974, -10.416756], [-36.756974, -10.416756], [-36.756949, -10.416651], [-36.756923, -10.416543], [-36.756898, -10.416435], [-36.756872, -10.416328], [-36.756847, -10.41622], [-36.756821, -10.416112], [-36.756796, -10.416004], [-36.756771, -10.415898], [-36.756746, -10.41579], [-36.75672, -10.415683], [-36.756694, -10.415575], [-36.756668, -10.415467], [-36.756642, -10.41536], [-36.756615, -10.415252], [-36.756589, -10.415145], [-36.756563, -10.415037], [-36.756538, -10.414929], [-36.756513, -10.414826], [-36.756488, -10.414718], [-36.756462, -10.41461], [-36.756436, -10.414503], [-36.75641, -10.414396], [-36.756384, -10.414288], [-36.756358, -10.414182], [-36.756332, -10.414074], [-36.756306, -10.413967], [-36.756279, -10.41386], [-36.756253, -10.413753], [-36.756227, -10.413646], [-36.756202, -10.41354], [-36.756202, -10.413539], [-36.756177, -10.413434], [-36.756151, -10.413327], [-36.756126, -10.413219], [-36.756101, -10.413113], [-36.756093, -10.413077], [-36.756076, -10.413007], [-36.75605, -10.412899], [-36.756024, -10.412791], [-36.755998, -10.412684], [-36.755972, -10.412575], [-36.755945, -10.412467], [-36.755919, -10.412359], [-36.755892, -10.412251], [-36.75589, -10.41224], [-36.755867, -10.412147], [-36.75584, -10.412039], [-36.755814, -10.411932], [-36.755788, -10.411825], [-36.755762, -10.411716], [-36.755762, -10.411715], [-36.755737, -10.411608], [-36.755711, -10.4115], [-36.755685, -10.411393], [-36.75566, -10.411285], [-36.755634, -10.411179], [-36.755609, -10.411072], [-36.755583, -10.410964], [-36.755558, -10.410857], [-36.755532, -10.410749], [-36.755507, -10.410644], [-36.755481, -10.410537], [-36.755455, -10.41043], [-36.755428, -10.410323], [-36.755406, -10.410233], [-36.755381, -10.410126], [-36.755355, -10.410018], [-36.755335, -10.409938], [-36.755333, -10.409928], [-36.75533, -10.409918], [-36.755329, -10.409913], [-36.755329, -10.409911], [-36.755302, -10.409804], [-36.755276, -10.409697], [-36.75525, -10.40959], [-36.755225, -10.409483], [-36.755201, -10.409385], [-36.755176, -10.409278], [-36.75515, -10.409171], [-36.755124, -10.409064], [-36.755099, -10.408957], [-36.755074, -10.408849], [-36.755049, -10.408742], [-36.755024, -10.408635], [-36.754999, -10.40853], [-36.754973, -10.408423], [-36.75495, -10.408328], [-36.754924, -10.40822], [-36.754898, -10.408112], [-36.754873, -10.408004], [-36.754846, -10.407897], [-36.754819, -10.40779], [-36.754791, -10.407682], [-36.754761, -10.407575], [-36.754723, -10.407471], [-36.754668, -10.407381], [-36.754598, -10.407296], [-36.754527, -10.40721], [-36.754457, -10.407126], [-36.754385, -10.40704], [-36.754385, -10.40704], [-36.754314, -10.406956], [-36.754242, -10.406871], [-36.754169, -10.406785], [-36.754097, -10.406699], [-36.754024, -10.406614], [-36.753951, -10.406528], [-36.753879, -10.406443], [-36.753879, -10.406443], [-36.753806, -10.406358], [-36.753735, -10.406275], [-36.753662, -10.406189], [-36.753589, -10.406104], [-36.753518, -10.40602], [-36.753446, -10.405935], [-36.753373, -10.405849], [-36.753301, -10.405764], [-36.75323, -10.40568], [-36.75323, -10.40568], [-36.75316, -10.405595], [-36.753088, -10.40551], [-36.753015, -10.405425], [-36.753015, -10.405424], [-36.752943, -10.40534], [-36.752871, -10.405254], [-36.752798, -10.405169], [-36.752725, -10.405084], [-36.752653, -10.404999], [-36.752581, -10.404915], [-36.752509, -10.40483], [-36.752437, -10.404745], [-36.752365, -10.40466], [-36.752293, -10.404575], [-36.752221, -10.404489], [-36.752149, -10.404404], [-36.752077, -10.40432], [-36.752005, -10.404234], [-36.751933, -10.404149], [-36.751863, -10.404065], [-36.751792, -10.40398], [-36.75172, -10.403894], [-36.751649, -10.403809], [-36.751595, -10.403745], [-36.751584, -10.403732], [-36.751581, -10.403729], [-36.751577, -10.403724], [-36.751505, -10.403639], [-36.751505, -10.403639], [-36.751434, -10.403554], [-36.751362, -10.40347], [-36.751291, -10.403385], [-36.751219, -10.4033], [-36.751154, -10.403221], [-36.751148, -10.403215], [-36.751076, -10.40313], [-36.751005, -10.403045], [-36.750932, -10.40296], [-36.750861, -10.402878], [-36.75086, -10.402877], [-36.750842, -10.402856], [-36.750789, -10.402793], [-36.750717, -10.402709], [-36.750645, -10.402624], [-36.750574, -10.402539], [-36.750574, -10.402539], [-36.750503, -10.402455], [-36.750503, -10.402455], [-36.750431, -10.40237], [-36.750359, -10.402285], [-36.75029, -10.402203], [-36.750218, -10.402118], [-36.750147, -10.402033], [-36.750076, -10.401948], [-36.750004, -10.401863], [-36.749933, -10.401778], [-36.749861, -10.401693], [-36.74979, -10.401608], [-36.749718, -10.401523], [-36.749646, -10.401438], [-36.749646, -10.401438], [-36.749575, -10.401353], [-36.749575, -10.401353], [-36.749504, -10.401269], [-36.749433, -10.401184], [-36.749361, -10.401099], [-36.74929, -10.401014], [-36.749219, -10.400929], [-36.749147, -10.400844], [-36.749076, -10.400759], [-36.749006, -10.400676], [-36.748934, -10.400591], [-36.748862, -10.400507], [-36.74879, -10.400422], [-36.748718, -10.400338], [-36.748718, -10.400338], [-36.748646, -10.400254], [-36.74858, -10.400175], [-36.748577, -10.400172], [-36.748574, -10.400169], [-36.748502, -10.400083], [-36.748431, -10.399997], [-36.74836, -10.399911], [-36.748288, -10.399825], [-36.748217, -10.39974], [-36.748145, -10.399655], [-36.748073, -10.399569], [-36.748002, -10.399484], [-36.74793, -10.399399], [-36.747858, -10.399313], [-36.747786, -10.399228], [-36.747779, -10.39922], [-36.747714, -10.399143], [-36.747642, -10.399057], [-36.74757, -10.398971], [-36.747498, -10.398885], [-36.747426, -10.398799], [-36.747355, -10.398716], [-36.747281, -10.398632], [-36.747281, -10.398631], [-36.747207, -10.398549], [-36.747133, -10.398468], [-36.747059, -10.398387], [-36.746985, -10.398307], [-36.74691, -10.398225], [-36.746838, -10.398146], [-36.746765, -10.398066], [-36.746691, -10.397985], [-36.746616, -10.397903], [-36.746542, -10.397822], [-36.746468, -10.397742], [-36.746397, -10.397664], [-36.746323, -10.397581], [-36.746315, -10.397572], [-36.746245, -10.397487], [-36.746238, -10.397478], [-36.746177, -10.3974], [-36.746112, -10.39731], [-36.746047, -10.397221], [-36.745981, -10.397133], [-36.745912, -10.397045], [-36.745843, -10.396957], [-36.745773, -10.39687], [-36.745703, -10.396784], [-36.745632, -10.396698], [-36.74556, -10.396613], [-36.745487, -10.396528], [-36.745415, -10.396445], [-36.74534, -10.396366], [-36.745339, -10.396365], [-36.74526, -10.396289], [-36.74518, -10.396211], [-36.745101, -10.396135], [-36.745021, -10.396058], [-36.744941, -10.395979], [-36.744861, -10.395903], [-36.744782, -10.395827], [-36.744702, -10.395752], [-36.744623, -10.395677], [-36.744544, -10.395601], [-36.744465, -10.395524], [-36.744385, -10.395446], [-36.744305, -10.395368], [-36.744226, -10.39529], [-36.744149, -10.395213], [-36.744071, -10.395136], [-36.743995, -10.395061], [-36.743917, -10.394985], [-36.743838, -10.394909], [-36.74376, -10.394834], [-36.74368, -10.394758], [-36.7436, -10.394682], [-36.743518, -10.394604], [-36.743439, -10.394528], [-36.743361, -10.394453], [-36.743288, -10.394375], [-36.743218, -10.39429], [-36.743148, -10.394205], [-36.743079, -10.39412], [-36.743009, -10.394036], [-36.742939, -10.393951], [-36.742869, -10.393866], [-36.742798, -10.393781], [-36.742729, -10.393698], [-36.74266, -10.393614], [-36.742589, -10.393529], [-36.742518, -10.393444], [-36.742448, -10.39336], [-36.742376, -10.393275], [-36.742306, -10.393191], [-36.742237, -10.393109], [-36.742167, -10.393025], [-36.742096, -10.39294], [-36.742025, -10.392855], [-36.741956, -10.392772], [-36.741886, -10.392688], [-36.741817, -10.392604], [-36.741747, -10.392519], [-36.741677, -10.392435], [-36.741606, -10.392349], [-36.741606, -10.392349], [-36.741536, -10.392265], [-36.741466, -10.39218], [-36.741396, -10.392095], [-36.741325, -10.39201], [-36.741254, -10.391925], [-36.741183, -10.39184], [-36.741111, -10.391755], [-36.74104, -10.39167], [-36.740972, -10.391589], [-36.740904, -10.391508], [-36.740833, -10.391423], [-36.740766, -10.391342], [-36.740696, -10.391256], [-36.740626, -10.391171], [-36.740556, -10.391084], [-36.740485, -10.390998], [-36.740415, -10.390912], [-36.740344, -10.390827], [-36.740272, -10.390741], [-36.7402, -10.390655], [-36.740129, -10.39057], [-36.740057, -10.390484], [-36.739986, -10.390399], [-36.739918, -10.390317], [-36.739846, -10.390231], [-36.739784, -10.390157], [-36.739713, -10.390071], [-36.739641, -10.389985], [-36.73957, -10.389899], [-36.739499, -10.389814], [-36.739428, -10.389729], [-36.73936, -10.389647], [-36.739289, -10.389561], [-36.739218, -10.389476], [-36.739147, -10.38939], [-36.739076, -10.389304], [-36.739005, -10.389218], [-36.738934, -10.389132], [-36.738862, -10.389049], [-36.738785, -10.388969], [-36.738705, -10.388892], [-36.738625, -10.388814], [-36.738545, -10.388737], [-36.738464, -10.38866], [-36.738384, -10.388584], [-36.738303, -10.388507], [-36.738223, -10.388431], [-36.738143, -10.388353], [-36.738063, -10.388276], [-36.737984, -10.3882], [-36.737904, -10.388123], [-36.737823, -10.388046], [-36.737743, -10.38797], [-36.737695, -10.387924], [-36.73769, -10.387919], [-36.737687, -10.387916], [-36.737663, -10.387893], [-36.737584, -10.387817], [-36.737583, -10.387817], [-36.737503, -10.38774], [-36.737423, -10.387663], [-36.737422, -10.387662], [-36.737343, -10.387586], [-36.737266, -10.38751], [-36.737191, -10.387438], [-36.737111, -10.387361], [-36.737032, -10.387286], [-36.736951, -10.38721], [-36.73687, -10.387133], [-36.736791, -10.387057], [-36.73671, -10.38698], [-36.736631, -10.386904], [-36.73663, -10.386903], [-36.736551, -10.386827], [-36.736471, -10.386749], [-36.736391, -10.386673], [-36.736311, -10.386596], [-36.73623, -10.386519], [-36.736149, -10.386442], [-36.736069, -10.386365], [-36.735988, -10.386288], [-36.73591, -10.386213], [-36.735829, -10.386135], [-36.73575, -10.386059], [-36.735669, -10.385981], [-36.735588, -10.385904], [-36.735506, -10.385826], [-36.735425, -10.385749], [-36.735344, -10.385671], [-36.735344, -10.385671], [-36.735263, -10.385593], [-36.735182, -10.385515], [-36.7351, -10.385437], [-36.73502, -10.385359], [-36.734941, -10.385283], [-36.734939, -10.385282], [-36.734858, -10.385205], [-36.734776, -10.385126], [-36.734694, -10.385047], [-36.734613, -10.384968], [-36.734531, -10.384889], [-36.73445, -10.384811], [-36.734411, -10.384775], [-36.734368, -10.384734], [-36.734286, -10.384657], [-36.734204, -10.384581], [-36.734131, -10.384497], [-36.734116, -10.384476], [-36.734076, -10.384417], [-36.734069, -10.384407], [-36.734069, -10.384407], [-36.734069, -10.384406], [-36.734054, -10.384386], [-36.734053, -10.384384], [-36.734053, -10.384383], [-36.734037, -10.38436], [-36.734037, -10.38436], [-36.734027, -10.384345], [-36.734012, -10.384323], [-36.734011, -10.384321], [-36.734005, -10.384313], [-36.733942, -10.384221], [-36.733878, -10.384128], [-36.733872, -10.384119], [-36.733815, -10.384036], [-36.733751, -10.383943], [-36.73369, -10.383853], [-36.733628, -10.383763], [-36.733567, -10.383673], [-36.733505, -10.383582], [-36.733444, -10.383492], [-36.733382, -10.383401], [-36.733321, -10.38331], [-36.733261, -10.383221], [-36.733199, -10.383128], [-36.733137, -10.383036], [-36.733075, -10.382944], [-36.733013, -10.382852], [-36.732951, -10.38276], [-36.732887, -10.382667], [-36.732832, -10.382586], [-36.732769, -10.382494], [-36.732706, -10.382402], [-36.732643, -10.382309], [-36.73258, -10.382217], [-36.732518, -10.382125], [-36.732455, -10.382032], [-36.732392, -10.381939], [-36.73233, -10.381848], [-36.732292, -10.381791], [-36.73223, -10.3817], [-36.73217, -10.381608], [-36.732109, -10.381515], [-36.732048, -10.381421], [-36.731986, -10.381329], [-36.731925, -10.381238], [-36.731863, -10.381148], [-36.73181, -10.381071], [-36.731747, -10.380981], [-36.731703, -10.380919], [-36.731639, -10.380828], [-36.731575, -10.380737], [-36.731513, -10.38065], [-36.731449, -10.38056], [-36.731385, -10.38047], [-36.73132, -10.380381], [-36.731256, -10.380291], [-36.731191, -10.380201], [-36.731127, -10.38011], [-36.731062, -10.38002], [-36.731062, -10.380019], [-36.730998, -10.37993], [-36.730938, -10.379842], [-36.730876, -10.379752], [-36.730814, -10.379661], [-36.730753, -10.379569], [-36.730694, -10.379476], [-36.730637, -10.379385], [-36.730581, -10.379298], [-36.730529, -10.37922], [-36.73047, -10.37913], [-36.730409, -10.379037], [-36.73035, -10.378949], [-36.730292, -10.378863], [-36.730292, -10.378861], [-36.73023, -10.37877], [-36.730168, -10.378679], [-36.730106, -10.378587], [-36.730044, -10.378496], [-36.729982, -10.378405], [-36.729982, -10.378405], [-36.729981, -10.378404], [-36.729921, -10.378315], [-36.72992, -10.378314], [-36.729861, -10.378227], [-36.729799, -10.378137], [-36.729737, -10.378047], [-36.729676, -10.377956], [-36.729614, -10.377866], [-36.729552, -10.377774], [-36.72949, -10.377682], [-36.729427, -10.37759], [-36.729366, -10.377501], [-36.729303, -10.37741], [-36.72924, -10.377318], [-36.729177, -10.377225], [-36.729114, -10.377134], [-36.72905, -10.377042], [-36.728987, -10.376949], [-36.728924, -10.376857], [-36.728862, -10.376764], [-36.728799, -10.376671], [-36.728736, -10.376578], [-36.728673, -10.376485], [-36.72861, -10.376392], [-36.728546, -10.376299], [-36.728482, -10.376206], [-36.728418, -10.376113], [-36.728355, -10.37602], [-36.728292, -10.375928], [-36.728291, -10.375927], [-36.72829, -10.375926], [-36.728228, -10.375835], [-36.728165, -10.375742], [-36.728103, -10.37565], [-36.728039, -10.375557], [-36.727977, -10.375466], [-36.727914, -10.375373], [-36.727851, -10.37528], [-36.727787, -10.375186], [-36.727724, -10.375093], [-36.727661, -10.375], [-36.727598, -10.374907], [-36.727535, -10.374813], [-36.727472, -10.37472], [-36.727409, -10.374627], [-36.727345, -10.374534], [-36.727282, -10.374441], [-36.727219, -10.374348], [-36.727155, -10.374255], [-36.727092, -10.374162], [-36.727028, -10.37407], [-36.726965, -10.373977], [-36.726903, -10.373886], [-36.726844, -10.373798], [-36.726782, -10.373706], [-36.72672, -10.373615], [-36.726659, -10.373525], [-36.726596, -10.373434], [-36.726534, -10.373344], [-36.726472, -10.373252], [-36.726409, -10.373161], [-36.726347, -10.373069], [-36.726284, -10.372978], [-36.726225, -10.372892], [-36.726164, -10.372801], [-36.726102, -10.372708], [-36.726039, -10.372616], [-36.725977, -10.372523], [-36.725915, -10.37243], [-36.725853, -10.372337], [-36.725792, -10.372247], [-36.725728, -10.372154], [-36.725666, -10.372063], [-36.725604, -10.371973], [-36.72554, -10.37188], [-36.725477, -10.371787], [-36.725414, -10.371695], [-36.725351, -10.371602], [-36.725289, -10.371512], [-36.725226, -10.371419], [-36.725162, -10.371326], [-36.725098, -10.371234], [-36.725035, -10.371141], [-36.724973, -10.371049], [-36.724912, -10.370959], [-36.72485, -10.370867], [-36.724788, -10.370775], [-36.724728, -10.370687], [-36.724667, -10.370597], [-36.724605, -10.370506], [-36.724543, -10.370415], [-36.72448, -10.370323], [-36.724418, -10.370233], [-36.724357, -10.370144], [-36.724295, -10.370053], [-36.724233, -10.369962], [-36.724213, -10.369933], [-36.724171, -10.369871], [-36.724109, -10.369781], [-36.724048, -10.369691], [-36.723986, -10.3696], [-36.723924, -10.369509], [-36.723862, -10.369418], [-36.723802, -10.36933], [-36.723741, -10.369241], [-36.723678, -10.36915], [-36.723672, -10.369141], [-36.723621, -10.369066], [-36.723558, -10.368975], [-36.723496, -10.368884], [-36.723434, -10.368793], [-36.723372, -10.368701], [-36.723309, -10.36861], [-36.723247, -10.368518], [-36.723186, -10.36843], [-36.723124, -10.368339], [-36.723063, -10.36825], [-36.723001, -10.368159], [-36.722938, -10.368067], [-36.722877, -10.367977], [-36.722814, -10.367884], [-36.722752, -10.367792], [-36.722691, -10.367702], [-36.722628, -10.367609], [-36.72257, -10.367523], [-36.722508, -10.367431], [-36.722445, -10.367338], [-36.722382, -10.367245], [-36.722319, -10.367152], [-36.722257, -10.367062], [-36.722257, -10.367061], [-36.722197, -10.366973], [-36.722134, -10.36688], [-36.722072, -10.36679], [-36.722009, -10.366698], [-36.721946, -10.366606], [-36.721884, -10.366515], [-36.721824, -10.366427], [-36.721764, -10.366338], [-36.721701, -10.366246], [-36.721637, -10.366154], [-36.721573, -10.366061], [-36.721518, -10.365985], [-36.721452, -10.365894], [-36.721451, -10.365893], [-36.721385, -10.365804], [-36.721321, -10.365718], [-36.721255, -10.365632], [-36.721187, -10.365543], [-36.721121, -10.365456], [-36.72112, -10.365455], [-36.721053, -10.365367], [-36.720986, -10.365279], [-36.720918, -10.36519], [-36.72085, -10.365101], [-36.720783, -10.365014], [-36.720715, -10.364925], [-36.720647, -10.364836], [-36.720578, -10.364747], [-36.72051, -10.364658], [-36.720442, -10.36457], [-36.720375, -10.364482], [-36.720307, -10.364394], [-36.720241, -10.364306], [-36.72024, -10.364306], [-36.720174, -10.364218], [-36.720106, -10.36413], [-36.720039, -10.364042], [-36.719972, -10.363954], [-36.719904, -10.363865], [-36.719836, -10.363776], [-36.719769, -10.363688], [-36.719705, -10.363605], [-36.719638, -10.363519], [-36.719571, -10.363432], [-36.719505, -10.363346], [-36.719438, -10.363259], [-36.719375, -10.363176], [-36.71931, -10.363091], [-36.719244, -10.363004], [-36.719178, -10.362917], [-36.719111, -10.36283], [-36.719044, -10.362742], [-36.718978, -10.362655], [-36.71891, -10.362566], [-36.718843, -10.362478], [-36.718777, -10.362392], [-36.718725, -10.362324], [-36.71866, -10.362239], [-36.718593, -10.362151], [-36.718525, -10.362062], [-36.718457, -10.361974], [-36.718389, -10.361886], [-36.718321, -10.361797], [-36.718254, -10.361708], [-36.718186, -10.361619], [-36.71812, -10.361533], [-36.718054, -10.361446], [-36.717986, -10.361357], [-36.717986, -10.361357], [-36.71792, -10.36127], [-36.717852, -10.361182], [-36.717785, -10.361093], [-36.717717, -10.361004], [-36.717649, -10.360915], [-36.717581, -10.360826], [-36.717513, -10.360738], [-36.717502, -10.360724], [-36.717501, -10.360723], [-36.717498, -10.36072], [-36.717496, -10.360718], [-36.717496, -10.360717], [-36.717494, -10.360714], [-36.717493, -10.360714], [-36.717492, -10.360713], [-36.71749, -10.360709], [-36.717486, -10.360704], [-36.717453, -10.360662], [-36.71745, -10.360658], [-36.717381, -10.36057], [-36.717314, -10.360481], [-36.71725, -10.360395], [-36.717183, -10.360307], [-36.717115, -10.360219], [-36.717048, -10.360133], [-36.716981, -10.360045], [-36.716914, -10.359957], [-36.716859, -10.359884], [-36.716801, -10.359809], [-36.716735, -10.359722], [-36.716669, -10.359634], [-36.716659, -10.359621], [-36.716602, -10.359546], [-36.716535, -10.359458], [-36.716468, -10.35937], [-36.716402, -10.359284], [-36.716335, -10.359195], [-36.716268, -10.359107], [-36.716202, -10.35902], [-36.716135, -10.358931], [-36.716077, -10.358854], [-36.716006, -10.358769], [-36.715931, -10.358687], [-36.715856, -10.358605], [-36.715782, -10.358524], [-36.715708, -10.358445], [-36.715633, -10.358363], [-36.715559, -10.358284], [-36.715484, -10.358202], [-36.715408, -10.358121], [-36.715333, -10.35804], [-36.715258, -10.357959], [-36.715186, -10.357882], [-36.715176, -10.357872], [-36.71511, -10.357801], [-36.715035, -10.35772], [-36.71496, -10.357638], [-36.714896, -10.357569], [-36.714821, -10.357488], [-36.714745, -10.357406], [-36.714669, -10.357324], [-36.714599, -10.357249], [-36.714532, -10.357176], [-36.714459, -10.357097], [-36.714458, -10.357096], [-36.714382, -10.357014], [-36.714305, -10.356932], [-36.714231, -10.356851], [-36.714157, -10.356771], [-36.714081, -10.356689], [-36.714005, -10.356607], [-36.713928, -10.356524], [-36.713854, -10.356443], [-36.713784, -10.356368], [-36.713708, -10.356286], [-36.713632, -10.356204], [-36.713556, -10.356121], [-36.713481, -10.356041], [-36.713417, -10.355971], [-36.713369, -10.35592], [-36.713341, -10.355889], [-36.713264, -10.355806], [-36.713188, -10.355724], [-36.713111, -10.355641], [-36.713061, -10.355588], [-36.713035, -10.355559], [-36.712958, -10.355476], [-36.712882, -10.355394], [-36.712806, -10.355312], [-36.712729, -10.35523], [-36.712653, -10.355149], [-36.712577, -10.355067], [-36.7125, -10.354985], [-36.712423, -10.354902], [-36.712416, -10.354894], [-36.712346, -10.354821], [-36.71227, -10.354738], [-36.712269, -10.354738], [-36.712189, -10.35466], [-36.712099, -10.354593], [-36.712026, -10.354546], [-36.711931, -10.354485], [-36.711838, -10.354425], [-36.711743, -10.354364], [-36.71165, -10.354304], [-36.711557, -10.354244], [-36.711465, -10.354185], [-36.711372, -10.354125], [-36.71128, -10.354066], [-36.711188, -10.354006], [-36.711097, -10.353947], [-36.711007, -10.353888], [-36.710915, -10.353829], [-36.710824, -10.353769], [-36.710732, -10.353709], [-36.71064, -10.353649], [-36.710547, -10.353589], [-36.710457, -10.353529], [-36.710455, -10.353529], [-36.710368, -10.353472], [-36.710278, -10.353413], [-36.710186, -10.353354], [-36.710093, -10.353293], [-36.710003, -10.353234], [-36.709909, -10.353172], [-36.709833, -10.353122], [-36.709742, -10.353063], [-36.70965, -10.353003], [-36.709557, -10.352942], [-36.709463, -10.35288], [-36.709368, -10.352819], [-36.709274, -10.352757], [-36.70918, -10.352696], [-36.709086, -10.352635], [-36.708991, -10.352574], [-36.708899, -10.352514], [-36.708806, -10.352454], [-36.708712, -10.352393], [-36.70862, -10.352334], [-36.708538, -10.35228], [-36.708444, -10.352218], [-36.708351, -10.352156], [-36.708258, -10.352093], [-36.708166, -10.352031], [-36.708073, -10.351968], [-36.707981, -10.351906], [-36.70789, -10.351845], [-36.707798, -10.351784], [-36.707708, -10.351723], [-36.707617, -10.351661], [-36.707526, -10.3516], [-36.707433, -10.351537], [-36.707342, -10.351475], [-36.707251, -10.351414], [-36.70716, -10.351353], [-36.707068, -10.351291], [-36.706977, -10.35123], [-36.706885, -10.351168], [-36.706793, -10.351107], [-36.706701, -10.351045], [-36.706609, -10.350983], [-36.706517, -10.350922], [-36.706427, -10.350861], [-36.706335, -10.3508], [-36.706245, -10.35074], [-36.706153, -10.350677], [-36.706061, -10.350615], [-36.70597, -10.350554], [-36.705878, -10.350491], [-36.705786, -10.350429], [-36.705694, -10.350367], [-36.705602, -10.350305], [-36.70551, -10.350243], [-36.705417, -10.350181], [-36.705323, -10.350121], [-36.705229, -10.350061], [-36.705135, -10.350002], [-36.705041, -10.349943], [-36.704947, -10.349885], [-36.704852, -10.349827], [-36.704757, -10.349769], [-36.704662, -10.349711], [-36.704567, -10.349653], [-36.704472, -10.349595], [-36.704376, -10.349536], [-36.704279, -10.349478], [-36.704181, -10.349422], [-36.704083, -10.349366], [-36.703986, -10.34931], [-36.70389, -10.349254], [-36.703848, -10.349229], [-36.703756, -10.349175], [-36.703663, -10.34912], [-36.703569, -10.349063], [-36.703477, -10.349007], [-36.703468, -10.349001], [-36.703381, -10.348949], [-36.703317, -10.348909], [-36.703225, -10.348852], [-36.703132, -10.348792], [-36.703036, -10.348732], [-36.703035, -10.348731], [-36.703003, -10.348712], [-36.702991, -10.348704], [-36.702978, -10.348696], [-36.702961, -10.348686], [-36.702956, -10.348683], [-36.702943, -10.348675], [-36.702942, -10.348675], [-36.70294, -10.348673], [-36.702844, -10.348614], [-36.702747, -10.348556], [-36.702747, -10.348556], [-36.702651, -10.348497], [-36.702555, -10.348438], [-36.702459, -10.348379], [-36.702363, -10.34832], [-36.702272, -10.348264], [-36.702177, -10.348205], [-36.702081, -10.348146], [-36.701985, -10.348087], [-36.70189, -10.348028], [-36.701794, -10.347968], [-36.701698, -10.347908], [-36.701603, -10.347847], [-36.701509, -10.347787], [-36.701414, -10.347726], [-36.701319, -10.347664], [-36.701237, -10.347611], [-36.701142, -10.34755], [-36.701048, -10.347488], [-36.700953, -10.347427], [-36.700859, -10.347365], [-36.700764, -10.347304], [-36.70067, -10.347242], [-36.700576, -10.347179], [-36.700484, -10.347118], [-36.70039, -10.347056], [-36.700296, -10.346993], [-36.700204, -10.346933], [-36.70011, -10.346871], [-36.700015, -10.346809], [-36.699921, -10.346747], [-36.699827, -10.346685], [-36.699733, -10.346623], [-36.699639, -10.346561], [-36.699546, -10.346499], [-36.699452, -10.346436], [-36.699358, -10.346374], [-36.699264, -10.346312], [-36.69917, -10.346251], [-36.699075, -10.346189], [-36.69898, -10.346129], [-36.698888, -10.346069], [-36.698797, -10.34601], [-36.69871, -10.345952], [-36.698621, -10.345893], [-36.69853, -10.345833], [-36.698437, -10.345772], [-36.698344, -10.34571], [-36.698266, -10.345658], [-36.698251, -10.345648], [-36.698157, -10.345586], [-36.698062, -10.345524], [-36.697968, -10.345462], [-36.697875, -10.345399], [-36.697783, -10.345339], [-36.697691, -10.345278], [-36.697597, -10.345216], [-36.697505, -10.345156], [-36.697504, -10.345156], [-36.697503, -10.345155], [-36.697408, -10.345093], [-36.697316, -10.345034], [-36.697221, -10.344972], [-36.697212, -10.344966], [-36.697138, -10.344918], [-36.697043, -10.344857], [-36.696962, -10.344804], [-36.696869, -10.344742], [-36.696778, -10.344681], [-36.696685, -10.344619], [-36.696591, -10.344556], [-36.696497, -10.344493], [-36.696403, -10.344431], [-36.696308, -10.34437], [-36.696214, -10.344308], [-36.69612, -10.344247], [-36.696029, -10.344188], [-36.695934, -10.344126], [-36.695839, -10.344065], [-36.695744, -10.344005], [-36.695651, -10.343943], [-36.695556, -10.343881], [-36.695462, -10.343819], [-36.695369, -10.343757], [-36.695275, -10.343694], [-36.695181, -10.343632], [-36.695088, -10.343571], [-36.69501, -10.34352], [-36.694996, -10.34351], [-36.694995, -10.34351], [-36.694903, -10.34345], [-36.694811, -10.34339], [-36.694719, -10.34333], [-36.694627, -10.34327], [-36.694534, -10.34321], [-36.694442, -10.34315], [-36.694349, -10.343089], [-36.694257, -10.343028], [-36.694167, -10.342969], [-36.694167, -10.342969], [-36.694074, -10.342908], [-36.693981, -10.342848], [-36.693888, -10.342788], [-36.693797, -10.342727], [-36.693704, -10.342667], [-36.693704, -10.342667], [-36.693612, -10.342607], [-36.69352, -10.342548], [-36.693429, -10.342488], [-36.693338, -10.342428], [-36.693246, -10.342368], [-36.693154, -10.342308], [-36.693062, -10.342247], [-36.69297, -10.342187], [-36.692878, -10.342126], [-36.692785, -10.342065], [-36.692692, -10.342005], [-36.6926, -10.341945], [-36.692507, -10.341884], [-36.692415, -10.341825], [-36.692322, -10.341764], [-36.692229, -10.341703], [-36.692135, -10.341642], [-36.692051, -10.341588], [-36.691958, -10.341528], [-36.691865, -10.341468], [-36.691773, -10.341406], [-36.691683, -10.341345], [-36.691657, -10.341328], [-36.691565, -10.341267], [-36.691472, -10.341207], [-36.69138, -10.341146], [-36.691287, -10.341086], [-36.691194, -10.341026], [-36.691101, -10.340965], [-36.691008, -10.340905], [-36.690914, -10.340844], [-36.690913, -10.340843], [-36.690903, -10.340837], [-36.690819, -10.340782], [-36.690725, -10.340721], [-36.69063, -10.34066], [-36.690536, -10.340598], [-36.690441, -10.340536], [-36.69044, -10.340535], [-36.690349, -10.340476], [-36.690255, -10.340414], [-36.69016, -10.340352], [-36.690066, -10.34029], [-36.689971, -10.340228], [-36.689877, -10.340166], [-36.689841, -10.340142], [-36.689783, -10.340104], [-36.689689, -10.340042], [-36.689594, -10.33998], [-36.689499, -10.339918], [-36.689408, -10.339858], [-36.689314, -10.339797], [-36.68922, -10.339735], [-36.689125, -10.339674], [-36.689031, -10.339612], [-36.688936, -10.33955], [-36.688842, -10.339489], [-36.688749, -10.339427], [-36.688748, -10.339427], [-36.688657, -10.339367], [-36.688657, -10.339367], [-36.688566, -10.339307], [-36.688474, -10.339248], [-36.688381, -10.339189], [-36.688288, -10.339129], [-36.688195, -10.339069], [-36.688102, -10.33901], [-36.688009, -10.338951], [-36.687916, -10.338891], [-36.687822, -10.338832], [-36.687729, -10.338773], [-36.687636, -10.338714], [-36.687543, -10.338655], [-36.687449, -10.338594], [-36.687355, -10.338534], [-36.687261, -10.338473], [-36.687167, -10.338412], [-36.687073, -10.338349], [-36.68698, -10.338287], [-36.686888, -10.338226], [-36.686794, -10.338163], [-36.686701, -10.338101], [-36.686607, -10.338038], [-36.686514, -10.337975], [-36.686424, -10.337914], [-36.686331, -10.337851], [-36.686238, -10.337788], [-36.686144, -10.337725], [-36.68605, -10.337663], [-36.685955, -10.337601], [-36.685861, -10.337539], [-36.685767, -10.337477], [-36.685672, -10.337415], [-36.685586, -10.337358], [-36.685492, -10.337296], [-36.685487, -10.337293], [-36.685475, -10.337285], [-36.685428, -10.337254], [-36.685426, -10.337253], [-36.685398, -10.337234], [-36.685304, -10.337172], [-36.68521, -10.33711], [-36.685116, -10.337048], [-36.685022, -10.336986], [-36.684928, -10.336925], [-36.684835, -10.336864], [-36.684744, -10.336804], [-36.684651, -10.336744], [-36.684558, -10.336684], [-36.684466, -10.336624], [-36.684374, -10.336564], [-36.684284, -10.336505], [-36.684194, -10.336446], [-36.684102, -10.336386], [-36.684019, -10.336332], [-36.683925, -10.336271], [-36.683832, -10.336212], [-36.683738, -10.336152], [-36.683723, -10.336141], [-36.68363, -10.336081], [-36.68363, -10.336081], [-36.683545, -10.336024], [-36.683452, -10.335962], [-36.68336, -10.335901], [-36.683268, -10.33584], [-36.683175, -10.33578], [-36.683083, -10.335719], [-36.68299, -10.335658], [-36.682897, -10.335597], [-36.682804, -10.335536], [-36.682713, -10.335477], [-36.68262, -10.335416], [-36.682527, -10.335355], [-36.682434, -10.335294], [-36.682341, -10.335233], [-36.68232, -10.335219], [-36.682251, -10.335174], [-36.682158, -10.335112], [-36.682065, -10.335052], [-36.681972, -10.334991], [-36.681963, -10.334985], [-36.681879, -10.334931], [-36.681786, -10.334872], [-36.681693, -10.334811], [-36.6816, -10.334751], [-36.681507, -10.33469], [-36.681415, -10.33463], [-36.681414, -10.33463], [-36.68132, -10.334569], [-36.68123, -10.33451], [-36.681139, -10.33445], [-36.681045, -10.334389], [-36.680951, -10.334328], [-36.680858, -10.334267], [-36.680764, -10.334206], [-36.68075, -10.334197], [-36.680661, -10.334137], [-36.680571, -10.334077], [-36.680569, -10.334075], [-36.680568, -10.334075], [-36.680477, -10.334014], [-36.680382, -10.333951], [-36.680306, -10.333902], [-36.680212, -10.333841], [-36.680117, -10.333779], [-36.680023, -10.333718], [-36.679929, -10.333656], [-36.679836, -10.333595], [-36.679835, -10.333594], [-36.679742, -10.333533], [-36.679647, -10.333471], [-36.679553, -10.333409], [-36.679459, -10.333347], [-36.679364, -10.333285], [-36.67927, -10.333224], [-36.679175, -10.333162], [-36.679081, -10.333101], [-36.678987, -10.33304], [-36.678892, -10.332979], [-36.678798, -10.332917], [-36.678703, -10.332855], [-36.678609, -10.332793], [-36.678516, -10.332732], [-36.678422, -10.33267], [-36.678328, -10.332608], [-36.678234, -10.332546], [-36.67814, -10.332483], [-36.67805, -10.332424], [-36.677959, -10.332364], [-36.677867, -10.332304], [-36.677775, -10.332244], [-36.677686, -10.332186], [-36.677594, -10.332126], [-36.677501, -10.332065], [-36.677408, -10.332005], [-36.677314, -10.331944], [-36.677222, -10.331883], [-36.677128, -10.331822], [-36.677034, -10.33176], [-36.676941, -10.331699], [-36.676847, -10.331637], [-36.676753, -10.331575], [-36.676659, -10.331512], [-36.676566, -10.33145], [-36.676472, -10.331389], [-36.676378, -10.331327], [-36.676284, -10.331265], [-36.67619, -10.331204], [-36.676096, -10.331142], [-36.676001, -10.331081], [-36.675907, -10.331019], [-36.675813, -10.330958], [-36.675719, -10.330896], [-36.675629, -10.330836], [-36.675535, -10.330774], [-36.675441, -10.330712], [-36.675348, -10.33065], [-36.675253, -10.330589], [-36.675159, -10.330529], [-36.675064, -10.330468], [-36.67497, -10.330407], [-36.674875, -10.330346], [-36.674781, -10.330285], [-36.674687, -10.330224], [-36.674594, -10.330164], [-36.674505, -10.330105], [-36.674412, -10.330044], [-36.674321, -10.329984], [-36.67423, -10.329924], [-36.674138, -10.329863], [-36.674047, -10.329803], [-36.673955, -10.329742], [-36.673863, -10.329682], [-36.67377, -10.329621], [-36.673678, -10.329561], [-36.673586, -10.3295], [-36.673494, -10.329439], [-36.673402, -10.329378], [-36.67331, -10.329318], [-36.673217, -10.329257], [-36.673124, -10.329196], [-36.673031, -10.329136], [-36.672937, -10.329075], [-36.672844, -10.329015], [-36.672751, -10.328953], [-36.672658, -10.328893], [-36.672566, -10.328831], [-36.672473, -10.32877], [-36.67238, -10.328709], [-36.672287, -10.328648], [-36.672194, -10.328587], [-36.672101, -10.328526], [-36.672008, -10.328465], [-36.671914, -10.328404], [-36.671822, -10.328344], [-36.671728, -10.328284], [-36.671639, -10.328226], [-36.671546, -10.328166], [-36.671453, -10.328105], [-36.67136, -10.328044], [-36.671268, -10.327983], [-36.671176, -10.327923], [-36.671083, -10.327862], [-36.67099, -10.327802], [-36.670897, -10.327741], [-36.670805, -10.32768], [-36.670712, -10.327619], [-36.670619, -10.327559], [-36.670526, -10.327499], [-36.670433, -10.327439], [-36.67034, -10.327379], [-36.670247, -10.327318], [-36.670154, -10.327256], [-36.670061, -10.327194], [-36.669968, -10.327133], [-36.669875, -10.327072], [-36.669782, -10.327011], [-36.669687, -10.32695], [-36.669594, -10.326888], [-36.669502, -10.326828], [-36.669405, -10.326775], [-36.669331, -10.326743], [-36.669248, -10.326692], [-36.669198, -10.326619], [-36.669178, -10.326533], [-36.669191, -10.326445], [-36.669243, -10.326361], [-36.669275, -10.326326], [-36.669342, -10.326238], [-36.669401, -10.326144], [-36.669462, -10.326049], [-36.669522, -10.325954], [-36.66958, -10.325864], [-36.669638, -10.325774], [-36.669697, -10.325684], [-36.669758, -10.32559], [-36.669818, -10.325495], [-36.669837, -10.325465], [-36.669877, -10.325403], [-36.669934, -10.325313], [-36.669993, -10.325222], [-36.670053, -10.32513], [-36.670112, -10.325036], [-36.670172, -10.324942], [-36.670231, -10.324848], [-36.670291, -10.324755], [-36.670352, -10.324661], [-36.670412, -10.324569], [-36.670473, -10.324476], [-36.670533, -10.324385], [-36.670592, -10.324293], [-36.670598, -10.324284], [-36.67065, -10.3242], [-36.670708, -10.324107], [-36.670764, -10.324014], [-36.670806, -10.323947], [-36.670865, -10.323853], [-36.670899, -10.32377], [-36.670902, -10.323681], [-36.670872, -10.323597], [-36.670804, -10.323524], [-36.670716, -10.323457], [-36.670626, -10.323389], [-36.670536, -10.323322], [-36.670446, -10.323255], [-36.670356, -10.323188], [-36.670265, -10.323121], [-36.670174, -10.323055], [-36.670084, -10.322989], [-36.669993, -10.322922], [-36.669902, -10.322856], [-36.669812, -10.322789], [-36.669723, -10.322723], [-36.669633, -10.322657], [-36.669543, -10.32259], [-36.669453, -10.322524], [-36.669362, -10.322458], [-36.669271, -10.322391], [-36.66918, -10.322325], [-36.669091, -10.32226], [-36.669002, -10.322195], [-36.668913, -10.32213], [-36.668826, -10.322067], [-36.668747, -10.32201], [-36.668741, -10.322006], [-36.668736, -10.322002], [-36.668647, -10.321938], [-36.668557, -10.321873], [-36.668468, -10.321807], [-36.668378, -10.321742], [-36.668289, -10.321676], [-36.6682, -10.32161], [-36.668112, -10.321545], [-36.668023, -10.32148], [-36.667934, -10.321414], [-36.667846, -10.321351], [-36.667757, -10.321285], [-36.667667, -10.32122], [-36.667577, -10.321155], [-36.667487, -10.32109], [-36.667397, -10.321024], [-36.667307, -10.320959], [-36.667217, -10.320894], [-36.667129, -10.32083], [-36.667039, -10.320765], [-36.66695, -10.320701], [-36.666862, -10.320637], [-36.666773, -10.320573], [-36.666683, -10.320507], [-36.666593, -10.320442], [-36.666503, -10.320376], [-36.666413, -10.320311], [-36.666324, -10.320245], [-36.666235, -10.32018], [-36.666145, -10.320114], [-36.666056, -10.320049], [-36.665967, -10.319984], [-36.665879, -10.319919], [-36.665789, -10.319853], [-36.665698, -10.319786], [-36.665607, -10.31972], [-36.665517, -10.319654], [-36.665425, -10.319587], [-36.665334, -10.31952], [-36.665243, -10.319454], [-36.665152, -10.319387], [-36.665061, -10.319321], [-36.664972, -10.319257], [-36.664882, -10.319192], [-36.664791, -10.319127], [-36.664699, -10.319061], [-36.664608, -10.318994], [-36.664516, -10.318928], [-36.664426, -10.318862], [-36.664335, -10.318795], [-36.664244, -10.318728], [-36.664153, -10.318661], [-36.664063, -10.318594], [-36.663972, -10.318528], [-36.663881, -10.318461], [-36.66379, -10.318395], [-36.663701, -10.31833], [-36.663614, -10.318267], [-36.663525, -10.318202], [-36.663437, -10.318138], [-36.663346, -10.318072], [-36.663256, -10.318007], [-36.663165, -10.317941], [-36.663075, -10.317875], [-36.662984, -10.317809], [-36.662893, -10.317743], [-36.662803, -10.317677], [-36.662712, -10.317612], [-36.662621, -10.317546], [-36.662531, -10.317479], [-36.66244, -10.317412], [-36.66235, -10.317345], [-36.662259, -10.317279], [-36.662168, -10.317213], [-36.662167, -10.317212], [-36.662077, -10.317147], [-36.661988, -10.317082], [-36.661897, -10.317016], [-36.661806, -10.31695], [-36.661715, -10.316883], [-36.661663, -10.316845], [-36.661662, -10.316845], [-36.661626, -10.316819], [-36.661536, -10.316753], [-36.661446, -10.316688], [-36.661355, -10.316621], [-36.661265, -10.316554], [-36.661174, -10.316487], [-36.661083, -10.316421], [-36.660995, -10.316356], [-36.660905, -10.31629], [-36.660814, -10.316224], [-36.660723, -10.316158], [-36.660632, -10.316092], [-36.660542, -10.316026], [-36.660451, -10.31596], [-36.660364, -10.315897], [-36.660278, -10.315834], [-36.660193, -10.315772], [-36.660104, -10.315708], [-36.660019, -10.315645], [-36.659929, -10.31558], [-36.65984, -10.315514], [-36.65975, -10.315448], [-36.659663, -10.315385], [-36.659579, -10.315323], [-36.659491, -10.315258], [-36.65949, -10.315258], [-36.659401, -10.315193], [-36.659311, -10.315128], [-36.659221, -10.315062], [-36.659132, -10.314997], [-36.659042, -10.314932], [-36.658953, -10.314866], [-36.658863, -10.3148], [-36.658774, -10.314735], [-36.658688, -10.314672], [-36.658601, -10.314609], [-36.658512, -10.314545], [-36.658433, -10.314488], [-36.658369, -10.314441], [-36.658279, -10.314375], [-36.658192, -10.314311], [-36.658102, -10.314245], [-36.658058, -10.314212], [-36.658013, -10.314179], [-36.657925, -10.314114], [-36.657834, -10.314047], [-36.657743, -10.31398], [-36.657653, -10.313913], [-36.657562, -10.313846], [-36.65747, -10.31378], [-36.657379, -10.313714], [-36.657287, -10.313648], [-36.657195, -10.313583], [-36.657103, -10.313518], [-36.657018, -10.313446], [-36.656954, -10.313355], [-36.656905, -10.313258], [-36.6569, -10.313248], [-36.656856, -10.313158], [-36.656809, -10.313059], [-36.656762, -10.312959], [-36.656715, -10.312858], [-36.656668, -10.312757], [-36.65662, -10.312657], [-36.656573, -10.312557], [-36.656525, -10.312457], [-36.656478, -10.312357], [-36.656431, -10.312257], [-36.656384, -10.312157], [-36.656337, -10.312058], [-36.656289, -10.311958], [-36.656242, -10.311857], [-36.656196, -10.311757], [-36.656149, -10.311656], [-36.656102, -10.311556], [-36.656071, -10.311489], [-36.656024, -10.31139], [-36.655978, -10.31129], [-36.655931, -10.31119], [-36.655883, -10.311088], [-36.655836, -10.310988], [-36.655789, -10.31089], [-36.655742, -10.31079], [-36.655695, -10.310689], [-36.655648, -10.310588], [-36.655602, -10.310489], [-36.655555, -10.310388], [-36.655508, -10.310289], [-36.655462, -10.31019], [-36.655415, -10.31009], [-36.655368, -10.30999], [-36.655321, -10.309891], [-36.655275, -10.309793], [-36.655227, -10.309693], [-36.65518, -10.309593], [-36.655133, -10.309494], [-36.655086, -10.309394], [-36.655038, -10.309294], [-36.654991, -10.309194], [-36.654955, -10.309117], [-36.654955, -10.309116], [-36.654944, -10.309094], [-36.654897, -10.308993], [-36.65485, -10.308894], [-36.654803, -10.308794], [-36.654756, -10.308694], [-36.654709, -10.308595], [-36.654661, -10.308495], [-36.654613, -10.308394], [-36.654564, -10.308294], [-36.654517, -10.308194], [-36.65447, -10.308095], [-36.654422, -10.307995], [-36.654375, -10.307895], [-36.654334, -10.307809], [-36.654287, -10.30771], [-36.654239, -10.30761], [-36.65419, -10.307509], [-36.654144, -10.307412], [-36.654096, -10.30731], [-36.65408, -10.307276], [-36.654032, -10.307175], [-36.653986, -10.307074], [-36.653938, -10.306973], [-36.653891, -10.306871], [-36.653844, -10.30677], [-36.653797, -10.306669], [-36.65375, -10.306568], [-36.653702, -10.306467], [-36.653654, -10.306366], [-36.653606, -10.306266], [-36.653558, -10.306166], [-36.65351, -10.306066], [-36.653463, -10.305969], [-36.653416, -10.305868], [-36.653369, -10.305768], [-36.653321, -10.305667], [-36.653274, -10.305567], [-36.653226, -10.305467], [-36.65318, -10.305369], [-36.653132, -10.30527], [-36.653085, -10.30517], [-36.653038, -10.30507], [-36.652992, -10.30497], [-36.652945, -10.30487], [-36.652898, -10.30477], [-36.652851, -10.30467], [-36.652804, -10.304569], [-36.652757, -10.304469], [-36.652709, -10.30437], [-36.652667, -10.304283], [-36.652663, -10.304274], [-36.652662, -10.304273], [-36.652615, -10.304174], [-36.652567, -10.304073], [-36.652519, -10.303972], [-36.65247, -10.30387], [-36.652422, -10.303769], [-36.652375, -10.30367], [-36.652327, -10.303569], [-36.652314, -10.30354], [-36.652267, -10.303439], [-36.65222, -10.303338], [-36.652172, -10.303237], [-36.652125, -10.303137], [-36.652082, -10.303046], [-36.652033, -10.302945], [-36.651985, -10.302843], [-36.651937, -10.302742], [-36.651889, -10.302641], [-36.651842, -10.302541], [-36.651795, -10.302442], [-36.651749, -10.302344], [-36.651701, -10.302242], [-36.651654, -10.302141], [-36.651606, -10.30204], [-36.651559, -10.301939], [-36.651511, -10.301838], [-36.651464, -10.301738], [-36.651416, -10.301638], [-36.651368, -10.301538], [-36.65132, -10.301438], [-36.651273, -10.301339], [-36.651226, -10.301238], [-36.65118, -10.301139], [-36.651133, -10.301038], [-36.651087, -10.300938], [-36.65104, -10.300837], [-36.650993, -10.300737], [-36.650946, -10.300636], [-36.650899, -10.300536], [-36.650852, -10.300437], [-36.650805, -10.300337], [-36.650758, -10.300237], [-36.650711, -10.300137], [-36.650664, -10.300038], [-36.650616, -10.299937], [-36.650569, -10.299836], [-36.650522, -10.299736], [-36.650474, -10.299636], [-36.650427, -10.299536], [-36.650387, -10.299451], [-36.650339, -10.299351], [-36.650291, -10.299251], [-36.650244, -10.29915], [-36.650197, -10.299052], [-36.650149, -10.298952], [-36.650102, -10.298853], [-36.650054, -10.298752], [-36.650006, -10.298651], [-36.649961, -10.298556], [-36.649913, -10.298456], [-36.64987, -10.298363], [-36.64982, -10.298262], [-36.649772, -10.298161], [-36.649724, -10.29806], [-36.649679, -10.297966], [-36.649632, -10.297866], [-36.649585, -10.297767], [-36.649538, -10.297666], [-36.64949, -10.297566], [-36.649444, -10.29747], [-36.649427, -10.297432], [-36.649399, -10.297374], [-36.649353, -10.297277], [-36.649305, -10.297178], [-36.649258, -10.297079], [-36.649211, -10.296979], [-36.649165, -10.296881], [-36.64916, -10.296871], [-36.649118, -10.296781], [-36.649071, -10.296681], [-36.649025, -10.296584], [-36.648979, -10.296486], [-36.648931, -10.296386], [-36.648893, -10.296306], [-36.648845, -10.296206], [-36.648799, -10.296109], [-36.648798, -10.296107], [-36.64875, -10.296007], [-36.648703, -10.295908], [-36.648656, -10.295808], [-36.64861, -10.295712], [-36.648561, -10.295612], [-36.648512, -10.295511], [-36.648463, -10.295412], [-36.648414, -10.295315], [-36.648364, -10.295219], [-36.648314, -10.295124], [-36.648261, -10.295025], [-36.648261, -10.295025], [-36.648207, -10.294925], [-36.648155, -10.294829], [-36.648102, -10.294731], [-36.648049, -10.294633], [-36.647996, -10.294534], [-36.647943, -10.294436], [-36.647889, -10.294337], [-36.647836, -10.294239], [-36.647783, -10.294142], [-36.647731, -10.294045], [-36.647679, -10.29395], [-36.647626, -10.293853], [-36.647573, -10.293755], [-36.647521, -10.293659], [-36.64747, -10.293562], [-36.647421, -10.293465], [-36.647372, -10.293365], [-36.647325, -10.293267], [-36.647279, -10.293167], [-36.647232, -10.293068], [-36.647186, -10.292967], [-36.647139, -10.292867], [-36.647092, -10.292767], [-36.647045, -10.292666], [-36.646998, -10.292566], [-36.646951, -10.292466], [-36.646903, -10.292366], [-36.646856, -10.292266], [-36.646856, -10.292266], [-36.646808, -10.292166], [-36.646761, -10.292065], [-36.646713, -10.291964], [-36.646666, -10.291864], [-36.646618, -10.291763], [-36.646571, -10.291663], [-36.646525, -10.291566], [-36.646477, -10.291466], [-36.64643, -10.291366], [-36.646382, -10.291265], [-36.646335, -10.291164], [-36.646286, -10.291063], [-36.646238, -10.290962], [-36.64619, -10.290861], [-36.646142, -10.29076], [-36.646095, -10.290658], [-36.646048, -10.290557], [-36.646001, -10.290458], [-36.645962, -10.290376], [-36.645915, -10.290275], [-36.645867, -10.290174], [-36.64586, -10.290159], [-36.645813, -10.290058], [-36.645767, -10.289959], [-36.645719, -10.289857], [-36.645672, -10.289756], [-36.645624, -10.289655], [-36.645577, -10.289554], [-36.645529, -10.289452], [-36.645481, -10.289351], [-36.645437, -10.289258], [-36.645389, -10.289156], [-36.645341, -10.289055], [-36.645301, -10.28897], [-36.645254, -10.288872], [-36.645207, -10.288772], [-36.645159, -10.288671], [-36.645113, -10.288576], [-36.645065, -10.288475], [-36.645017, -10.288373], [-36.64497, -10.288273], [-36.644922, -10.288173], [-36.64488, -10.288083], [-36.644833, -10.287984], [-36.644786, -10.287884], [-36.644738, -10.287784], [-36.644691, -10.287685], [-36.644643, -10.287585], [-36.644596, -10.287485], [-36.644549, -10.287387], [-36.644502, -10.287286], [-36.644455, -10.287186], [-36.644408, -10.287086], [-36.644372, -10.28701], [-36.644325, -10.28691], [-36.644277, -10.286809], [-36.64423, -10.286709], [-36.644183, -10.286609], [-36.644136, -10.286509], [-36.644088, -10.286409], [-36.644042, -10.286311], [-36.643994, -10.286211], [-36.643946, -10.286111], [-36.643899, -10.286011], [-36.643854, -10.285914], [-36.643807, -10.285816], [-36.64376, -10.285715], [-36.643713, -10.285616], [-36.643666, -10.285515], [-36.643619, -10.285416], [-36.643572, -10.285317], [-36.643525, -10.285217], [-36.643478, -10.285117], [-36.643431, -10.285018], [-36.643383, -10.284918], [-36.643335, -10.284817], [-36.643288, -10.284716], [-36.64324, -10.284616], [-36.643192, -10.284514], [-36.643144, -10.284412], [-36.643096, -10.284311], [-36.643054, -10.284222], [-36.643048, -10.28421], [-36.643001, -10.284109], [-36.642952, -10.284007], [-36.642904, -10.283905], [-36.642856, -10.283803], [-36.642808, -10.283702], [-36.642759, -10.2836], [-36.642712, -10.283499], [-36.642663, -10.283397], [-36.642615, -10.283296], [-36.642567, -10.283194], [-36.64252, -10.283094], [-36.642473, -10.282994], [-36.642426, -10.282894], [-36.642379, -10.282795], [-36.642332, -10.282697], [-36.642284, -10.282596], [-36.642237, -10.282498], [-36.64219, -10.282398], [-36.642142, -10.282299], [-36.642095, -10.282199], [-36.642047, -10.2821], [-36.642001, -10.282002], [-36.641962, -10.281903], [-36.641946, -10.281796], [-36.641961, -10.281688], [-36.641993, -10.281581], [-36.642026, -10.281474], [-36.642058, -10.281368], [-36.642091, -10.281261], [-36.642124, -10.281154], [-36.642157, -10.281047], [-36.642189, -10.280943], [-36.642221, -10.280835], [-36.642254, -10.280729], [-36.642286, -10.280623], [-36.642319, -10.280517], [-36.642322, -10.280506], [-36.642351, -10.280411], [-36.642384, -10.280303], [-36.642416, -10.280195], [-36.642449, -10.280088], [-36.642481, -10.279981], [-36.642511, -10.279882], [-36.642543, -10.279777], [-36.642575, -10.279671], [-36.642608, -10.279563], [-36.64264, -10.279456], [-36.642672, -10.279352], [-36.642704, -10.279245], [-36.642736, -10.279139], [-36.642767, -10.279034], [-36.6428, -10.278929], [-36.642833, -10.278823], [-36.642865, -10.278718], [-36.642898, -10.278612], [-36.64293, -10.278509], [-36.642963, -10.278404], [-36.642994, -10.278297], [-36.643012, -10.27819], [-36.643004, -10.278086], [-36.642972, -10.277994], [-36.642913, -10.277909], [-36.642837, -10.277829], [-36.642761, -10.277751], [-36.642686, -10.27767], [-36.642612, -10.27759], [-36.642538, -10.277508], [-36.642462, -10.277427], [-36.642394, -10.277352], [-36.642319, -10.277272], [-36.642244, -10.27719], [-36.642169, -10.277109], [-36.642094, -10.277027], [-36.64202, -10.276945], [-36.641945, -10.276863], [-36.64187, -10.276782], [-36.641796, -10.2767], [-36.641721, -10.276618], [-36.641647, -10.276536], [-36.641646, -10.276535], [-36.641572, -10.276455], [-36.641497, -10.276373], [-36.641431, -10.276302], [-36.641355, -10.276219], [-36.64128, -10.276137], [-36.641205, -10.276055], [-36.64113, -10.275973], [-36.641056, -10.275891], [-36.640983, -10.27581], [-36.640908, -10.275727], [-36.640833, -10.275645], [-36.640759, -10.275564], [-36.640684, -10.275483], [-36.640614, -10.275406], [-36.640539, -10.275326], [-36.640463, -10.275245], [-36.640388, -10.275164], [-36.640314, -10.275084], [-36.640238, -10.275003], [-36.640164, -10.274922], [-36.640088, -10.27484], [-36.640016, -10.27476], [-36.639941, -10.274678], [-36.639866, -10.274597], [-36.639791, -10.274514], [-36.639715, -10.274432], [-36.639639, -10.27435], [-36.639563, -10.274269], [-36.639487, -10.274186], [-36.639411, -10.274104], [-36.639335, -10.274021], [-36.639259, -10.273938], [-36.639183, -10.273854], [-36.639107, -10.273772], [-36.639107, -10.273771], [-36.63903, -10.273688], [-36.638953, -10.273606], [-36.638877, -10.273524], [-36.638801, -10.273442], [-36.638801, -10.273441], [-36.638725, -10.27336], [-36.63865, -10.273278], [-36.638576, -10.273197], [-36.638502, -10.273115], [-36.638429, -10.273033], [-36.638355, -10.272952], [-36.638282, -10.272872], [-36.638208, -10.272791], [-36.638134, -10.272709], [-36.638059, -10.272628], [-36.637986, -10.272548], [-36.637913, -10.272469], [-36.637839, -10.272388], [-36.637765, -10.272307], [-36.637691, -10.272226], [-36.637618, -10.272146], [-36.637544, -10.272066], [-36.63747, -10.271985], [-36.637396, -10.271905], [-36.637322, -10.271823], [-36.637247, -10.271742], [-36.637173, -10.271661], [-36.637098, -10.27158], [-36.637025, -10.2715], [-36.63695, -10.271419], [-36.636875, -10.271338], [-36.636801, -10.271258], [-36.636728, -10.271178], [-36.636653, -10.271096], [-36.636577, -10.271013], [-36.636502, -10.270931], [-36.636426, -10.270849], [-36.636351, -10.270767], [-36.636277, -10.270686], [-36.636203, -10.270605], [-36.636127, -10.270522], [-36.636051, -10.270439], [-36.635975, -10.270356], [-36.635898, -10.270273], [-36.635822, -10.270191], [-36.635748, -10.27011], [-36.635672, -10.270027], [-36.635596, -10.269944], [-36.63552, -10.269861], [-36.635444, -10.269778], [-36.635368, -10.269694], [-36.635291, -10.269611], [-36.635215, -10.269527], [-36.63514, -10.269444], [-36.635064, -10.269361], [-36.634992, -10.269283], [-36.634916, -10.269201], [-36.634841, -10.269119], [-36.634766, -10.269037], [-36.634749, -10.269018], [-36.634735, -10.269004], [-36.63473, -10.268999], [-36.634697, -10.268963], [-36.634696, -10.268961], [-36.63469, -10.268955], [-36.634615, -10.268874], [-36.63454, -10.268791], [-36.634464, -10.268709], [-36.634388, -10.268626], [-36.63432, -10.268553], [-36.634312, -10.268544], [-36.634236, -10.268463], [-36.63416, -10.26838], [-36.634086, -10.268299], [-36.634011, -10.268218], [-36.633935, -10.268136], [-36.63386, -10.268056], [-36.633785, -10.267975], [-36.633709, -10.267894], [-36.633709, -10.267893], [-36.633704, -10.267889], [-36.633704, -10.267888], [-36.6337, -10.267884], [-36.633696, -10.26788], [-36.633692, -10.267875], [-36.633686, -10.267869], [-36.633685, -10.267867], [-36.633682, -10.267865], [-36.633682, -10.267865], [-36.633681, -10.267864], [-36.633672, -10.267854], [-36.633671, -10.267853], [-36.633659, -10.26784], [-36.633656, -10.267836], [-36.633634, -10.267813], [-36.633559, -10.267732], [-36.633484, -10.267651], [-36.633412, -10.267574], [-36.633338, -10.267494], [-36.633263, -10.267413], [-36.633263, -10.267413], [-36.633238, -10.267386], [-36.633189, -10.267333], [-36.633188, -10.267332], [-36.633113, -10.267251], [-36.633038, -10.26717], [-36.632963, -10.267089], [-36.632887, -10.267008], [-36.63281, -10.266927], [-36.632734, -10.266847], [-36.632656, -10.266767], [-36.632579, -10.266686], [-36.632502, -10.266606], [-36.632494, -10.266598], [-36.632424, -10.266526], [-36.632347, -10.266446], [-36.632269, -10.266366], [-36.632191, -10.266285], [-36.632114, -10.266205], [-36.632036, -10.266125], [-36.631959, -10.266045], [-36.631882, -10.265964], [-36.631805, -10.265884], [-36.631729, -10.265803], [-36.631654, -10.265721], [-36.631581, -10.265637], [-36.631509, -10.265553], [-36.631436, -10.265469], [-36.631356, -10.265392], [-36.631261, -10.265333], [-36.631159, -10.265286], [-36.631057, -10.26524], [-36.630955, -10.265195], [-36.630852, -10.26515], [-36.630749, -10.265106], [-36.630645, -10.265063], [-36.630541, -10.265019], [-36.630438, -10.264975], [-36.630335, -10.264931], [-36.630231, -10.264887], [-36.630131, -10.264844], [-36.630029, -10.264801], [-36.630028, -10.264801], [-36.629924, -10.264757], [-36.629836, -10.264721], [-36.629732, -10.264677], [-36.629629, -10.264634], [-36.629526, -10.264591], [-36.629424, -10.264548], [-36.629322, -10.264505], [-36.62922, -10.264463], [-36.62913, -10.264426], [-36.629027, -10.264384], [-36.628923, -10.264343], [-36.62882, -10.264302], [-36.628716, -10.264261], [-36.628612, -10.264219], [-36.628507, -10.264177], [-36.628492, -10.264171], [-36.628479, -10.264165], [-36.628479, -10.264165], [-36.628475, -10.264164], [-36.628475, -10.264164], [-36.628465, -10.26416], [-36.628404, -10.264134], [-36.628301, -10.264091], [-36.6283, -10.26409], [-36.628197, -10.264045], [-36.628095, -10.263998], [-36.627992, -10.263951], [-36.627889, -10.263903], [-36.627787, -10.263857], [-36.627685, -10.263812], [-36.627581, -10.263767], [-36.627478, -10.263723], [-36.627374, -10.26368], [-36.627373, -10.263679], [-36.627371, -10.263678], [-36.62737, -10.263678], [-36.627368, -10.263677], [-36.62727, -10.263636], [-36.627168, -10.263593], [-36.627066, -10.263551], [-36.626964, -10.263509], [-36.626861, -10.26347], [-36.626754, -10.263443], [-36.626643, -10.263437], [-36.626532, -10.263442], [-36.626444, -10.263447], [-36.626333, -10.263453], [-36.626222, -10.26346], [-36.626112, -10.263468], [-36.626001, -10.263477], [-36.62589, -10.263485], [-36.625886, -10.263486], [-36.625779, -10.263494], [-36.625766, -10.263495], [-36.625722, -10.263496], [-36.625684, -10.263493], [-36.625681, -10.263492], [-36.625668, -10.26349], [-36.625562, -10.263472], [-36.625453, -10.263452], [-36.625344, -10.26343], [-36.625235, -10.263408], [-36.625126, -10.263385], [-36.625017, -10.263363], [-36.624908, -10.26334], [-36.624801, -10.263317], [-36.624692, -10.263293], [-36.624582, -10.26327], [-36.624473, -10.263247], [-36.624363, -10.263224], [-36.624254, -10.263201], [-36.624145, -10.263179], [-36.624035, -10.263156], [-36.623926, -10.263134], [-36.623816, -10.263111], [-36.623708, -10.263089], [-36.623599, -10.263066], [-36.623489, -10.263042], [-36.623382, -10.263019], [-36.623273, -10.262996], [-36.623166, -10.262973], [-36.623058, -10.262951], [-36.622947, -10.262928], [-36.622837, -10.262905], [-36.622728, -10.262882], [-36.622617, -10.26286], [-36.622507, -10.262838], [-36.622398, -10.262816], [-36.622288, -10.262794], [-36.622178, -10.262772], [-36.622068, -10.26275], [-36.621958, -10.262727], [-36.621848, -10.262705], [-36.621738, -10.262684], [-36.621685, -10.262673], [-36.621643, -10.262665], [-36.621533, -10.262644], [-36.621425, -10.262623], [-36.621314, -10.262603], [-36.621248, -10.262592], [-36.621145, -10.262554], [-36.62113, -10.262544], [-36.62112, -10.262538], [-36.621111, -10.262532], [-36.621087, -10.262515], [-36.620994, -10.262453], [-36.620905, -10.262391], [-36.620816, -10.262327], [-36.620725, -10.262262], [-36.620636, -10.262194], [-36.620547, -10.262126], [-36.620459, -10.262056], [-36.620369, -10.261986], [-36.62028, -10.261918], [-36.62019, -10.261849], [-36.620101, -10.261785], [-36.620009, -10.261719], [-36.619918, -10.261654], [-36.619828, -10.261588], [-36.619739, -10.261521], [-36.619651, -10.261453], [-36.619564, -10.261385], [-36.61948, -10.261318], [-36.619397, -10.261253], [-36.619309, -10.261184], [-36.61922, -10.261116], [-36.619132, -10.261048], [-36.619045, -10.260982], [-36.618955, -10.260915], [-36.618955, -10.260915], [-36.618866, -10.260847], [-36.618777, -10.260781], [-36.618777, -10.260781], [-36.618687, -10.260714], [-36.618596, -10.260647], [-36.618505, -10.260581], [-36.618413, -10.260514], [-36.618322, -10.260449], [-36.618232, -10.260385], [-36.618228, -10.260382], [-36.618222, -10.260378], [-36.618208, -10.260367], [-36.61819, -10.260355], [-36.618182, -10.260349], [-36.61818, -10.260348], [-36.618175, -10.260344], [-36.61817, -10.260341], [-36.618157, -10.260331], [-36.618142, -10.260321], [-36.618051, -10.260256], [-36.617961, -10.260192], [-36.617868, -10.260126], [-36.617777, -10.26006], [-36.617777, -10.26006], [-36.617777, -10.26006], [-36.617687, -10.259994], [-36.617598, -10.259927], [-36.617516, -10.259863], [-36.617433, -10.259797], [-36.617347, -10.259728], [-36.617261, -10.259659], [-36.617174, -10.259591], [-36.617089, -10.259525], [-36.617002, -10.259458], [-36.616921, -10.259395], [-36.616835, -10.259326], [-36.616749, -10.259257], [-36.616663, -10.259188], [-36.616578, -10.259122], [-36.61649, -10.259055], [-36.616404, -10.258991], [-36.616314, -10.258925], [-36.616225, -10.25886], [-36.616135, -10.258795], [-36.616045, -10.258729], [-36.615955, -10.258663], [-36.615865, -10.258596], [-36.615777, -10.258529], [-36.615777, -10.258529], [-36.61569, -10.258464], [-36.615601, -10.258397], [-36.615513, -10.25833], [-36.615424, -10.258263], [-36.615336, -10.258196], [-36.615336, -10.258196], [-36.61525, -10.25813], [-36.615162, -10.258062], [-36.615074, -10.257993], [-36.614988, -10.257926], [-36.614901, -10.257857], [-36.614901, -10.257857], [-36.614813, -10.257788], [-36.614768, -10.257752], [-36.614762, -10.257748], [-36.614738, -10.257729], [-36.61465, -10.25766], [-36.61465, -10.25766], [-36.614564, -10.257593], [-36.614477, -10.257524], [-36.61439, -10.257455], [-36.614303, -10.257384], [-36.614219, -10.257314], [-36.614134, -10.257242], [-36.614134, -10.257241], [-36.61405, -10.257169], [-36.613966, -10.257095], [-36.613882, -10.257022], [-36.613796, -10.256949], [-36.61371, -10.256878], [-36.613629, -10.256813], [-36.613629, -10.256813], [-36.613544, -10.256749], [-36.613457, -10.256685], [-36.61337, -10.256624], [-36.61328, -10.256562], [-36.61319, -10.256499], [-36.613111, -10.256443], [-36.61302, -10.256379], [-36.612929, -10.256314], [-36.612839, -10.256249], [-36.612749, -10.256184], [-36.612661, -10.25612], [-36.612572, -10.256052], [-36.612485, -10.255984], [-36.6124, -10.255916], [-36.612316, -10.255849], [-36.61223, -10.255782], [-36.612146, -10.255716], [-36.61206, -10.25565], [-36.611973, -10.255581], [-36.611889, -10.255513], [-36.611802, -10.255444], [-36.611715, -10.255376], [-36.611628, -10.255308], [-36.611541, -10.25524], [-36.611454, -10.255172], [-36.611367, -10.255103], [-36.611367, -10.255103], [-36.611292, -10.255044], [-36.611207, -10.254978], [-36.611122, -10.254912], [-36.611122, -10.254912], [-36.611035, -10.254844], [-36.611035, -10.254844], [-36.610949, -10.254776], [-36.610861, -10.254708], [-36.610774, -10.25464], [-36.610689, -10.254576], [-36.610603, -10.254511], [-36.610517, -10.254446], [-36.610517, -10.254446], [-36.610431, -10.254381], [-36.610345, -10.254317], [-36.61026, -10.254249], [-36.61025, -10.25424], [-36.610238, -10.254229], [-36.610225, -10.254218], [-36.610142, -10.254152], [-36.6101, -10.254124], [-36.610006, -10.254063], [-36.60991, -10.254003], [-36.609816, -10.253944], [-36.609722, -10.253886], [-36.609631, -10.253828], [-36.609537, -10.253764], [-36.609445, -10.253697], [-36.609357, -10.253628], [-36.609275, -10.253549], [-36.609217, -10.253458], [-36.609183, -10.25335], [-36.609162, -10.253239], [-36.609141, -10.253129], [-36.609123, -10.253017], [-36.609103, -10.252906], [-36.60908, -10.252796], [-36.609063, -10.252733], [-36.609025, -10.252628], [-36.608961, -10.252536], [-36.608874, -10.252464], [-36.608782, -10.252399], [-36.608693, -10.252333], [-36.608602, -10.252265], [-36.608514, -10.252199], [-36.608422, -10.252134], [-36.608329, -10.252068], [-36.608238, -10.252002], [-36.60815, -10.251937], [-36.608062, -10.25187], [-36.607974, -10.251802], [-36.607887, -10.251733], [-36.607865, -10.251716], [-36.607777, -10.251648], [-36.607697, -10.251572], [-36.607686, -10.25156], [-36.607679, -10.251551], [-36.60766, -10.251528], [-36.607593, -10.25146], [-36.607564, -10.251439], [-36.607475, -10.251373], [-36.607388, -10.251308], [-36.6073, -10.251242], [-36.607213, -10.251175], [-36.607126, -10.251107], [-36.60704, -10.251039], [-36.60704, -10.251039], [-36.606956, -10.250972], [-36.60687, -10.250904], [-36.606784, -10.250834], [-36.606784, -10.250834], [-36.606699, -10.250765], [-36.606613, -10.250695], [-36.606529, -10.250628], [-36.606444, -10.25056], [-36.606357, -10.25049], [-36.60627, -10.250421], [-36.606184, -10.250353], [-36.606096, -10.250284], [-36.606009, -10.250216], [-36.605923, -10.250148], [-36.605836, -10.250079], [-36.605748, -10.250009], [-36.60566, -10.24994], [-36.605572, -10.249871], [-36.605484, -10.249801], [-36.605397, -10.249733], [-36.605308, -10.249663], [-36.60522, -10.249594], [-36.605132, -10.249525], [-36.605044, -10.249456], [-36.604955, -10.249387], [-36.604867, -10.24932], [-36.604777, -10.249252], [-36.60469, -10.249188], [-36.604601, -10.249123], [-36.604512, -10.249059], [-36.604425, -10.248995], [-36.604336, -10.248929], [-36.604336, -10.248929], [-36.604246, -10.248864], [-36.604157, -10.248799], [-36.604067, -10.248733], [-36.603977, -10.248668], [-36.603887, -10.248602], [-36.603798, -10.248536], [-36.603708, -10.248471], [-36.603618, -10.248405], [-36.603528, -10.248339], [-36.60344, -10.248274], [-36.603351, -10.248208], [-36.603262, -10.248143], [-36.603173, -10.248077], [-36.603084, -10.248012], [-36.602996, -10.247947], [-36.602907, -10.247882], [-36.602819, -10.247817], [-36.602819, -10.247817], [-36.60273, -10.247752], [-36.602642, -10.247686], [-36.602553, -10.247621], [-36.602464, -10.247556], [-36.602377, -10.247492], [-36.602288, -10.247426], [-36.6022, -10.247361], [-36.602113, -10.247297], [-36.602024, -10.247232], [-36.601935, -10.247166], [-36.601846, -10.247101], [-36.601757, -10.247034], [-36.60167, -10.24697], [-36.601581, -10.246904], [-36.601493, -10.246839], [-36.601405, -10.246772], [-36.601316, -10.246706], [-36.601227, -10.246641], [-36.601139, -10.246575], [-36.60105, -10.24651], [-36.600962, -10.246445], [-36.600875, -10.246382], [-36.60079, -10.246318], [-36.600702, -10.246252], [-36.600614, -10.246186], [-36.600526, -10.246121], [-36.600438, -10.246057], [-36.600349, -10.245992], [-36.60026, -10.245927], [-36.600171, -10.245862], [-36.600082, -10.245797], [-36.599994, -10.245732], [-36.599904, -10.245668], [-36.599816, -10.245605], [-36.599727, -10.245541], [-36.599707, -10.245526], [-36.599691, -10.245514], [-36.599602, -10.24545], [-36.599554, -10.245415], [-36.599463, -10.24535], [-36.599371, -10.245285], [-36.59928, -10.245219], [-36.599189, -10.245153], [-36.5991, -10.245088], [-36.599009, -10.245022], [-36.598919, -10.244955], [-36.598828, -10.244889], [-36.598738, -10.244822], [-36.598648, -10.244755], [-36.598557, -10.244688], [-36.598459, -10.244635], [-36.598356, -10.244594], [-36.598261, -10.244539], [-36.598174, -10.244475], [-36.598089, -10.244412], [-36.598006, -10.24435], [-36.59792, -10.244284], [-36.597834, -10.244217], [-36.597747, -10.244149], [-36.59766, -10.244081], [-36.597573, -10.244012], [-36.597486, -10.243943], [-36.597399, -10.243875], [-36.597312, -10.243808], [-36.597277, -10.24378], [-36.597193, -10.24371], [-36.597115, -10.243641], [-36.597034, -10.243568], [-36.597018, -10.243555], [-36.596951, -10.243494], [-36.596864, -10.243423], [-36.596776, -10.243355], [-36.596688, -10.243288], [-36.5966, -10.243221], [-36.596512, -10.243153], [-36.596425, -10.243082], [-36.596341, -10.243009], [-36.596257, -10.242936], [-36.596173, -10.242864], [-36.59609, -10.242791], [-36.596009, -10.24272], [-36.595926, -10.242648], [-36.595842, -10.242575], [-36.595758, -10.242501], [-36.595675, -10.242428], [-36.595591, -10.242356], [-36.595539, -10.242311], [-36.59545, -10.242244], [-36.595352, -10.242194], [-36.595247, -10.242159], [-36.595192, -10.242144], [-36.595088, -10.242117], [-36.595041, -10.242105], [-36.594938, -10.242066], [-36.594841, -10.242011], [-36.594745, -10.241956], [-36.594644, -10.241907], [-36.594538, -10.241874], [-36.59443, -10.241848], [-36.594321, -10.241829], [-36.594209, -10.241824], [-36.594098, -10.241825], [-36.593986, -10.241824], [-36.593875, -10.241813], [-36.593767, -10.241787], [-36.593658, -10.241759], [-36.593567, -10.241733], [-36.593464, -10.24169], [-36.59345, -10.241682], [-36.593354, -10.241626], [-36.593258, -10.241569], [-36.593163, -10.241512], [-36.593083, -10.241464], [-36.592985, -10.24141], [-36.592879, -10.241378], [-36.592768, -10.241379], [-36.592658, -10.241399], [-36.592549, -10.241424], [-36.59244, -10.24145], [-36.592331, -10.241468], [-36.592219, -10.241475], [-36.592106, -10.241474], [-36.591995, -10.241458], [-36.591886, -10.24143], [-36.59178, -10.241395], [-36.591673, -10.241362], [-36.591567, -10.241328], [-36.59146, -10.241295], [-36.591351, -10.241271], [-36.591243, -10.241268], [-36.591225, -10.241269], [-36.591132, -10.241278], [-36.59102, -10.241289], [-36.590908, -10.241302], [-36.590797, -10.241315], [-36.590687, -10.241328], [-36.590685, -10.241328], [-36.590574, -10.241339], [-36.590463, -10.241346], [-36.590445, -10.241347], [-36.590334, -10.241355], [-36.590239, -10.241362], [-36.59013, -10.241369], [-36.590128, -10.241369], [-36.590016, -10.24137], [-36.589906, -10.241354], [-36.589799, -10.241319], [-36.589695, -10.241279], [-36.589591, -10.241237], [-36.589551, -10.24122], [-36.58945, -10.241179], [-36.589353, -10.241139], [-36.58927, -10.241106], [-36.589268, -10.241105], [-36.589263, -10.241103], [-36.589242, -10.241095], [-36.589223, -10.241087], [-36.589222, -10.241086], [-36.589217, -10.241085], [-36.589215, -10.241084], [-36.589124, -10.241049], [-36.58902, -10.24101], [-36.588992, -10.241], [-36.588895, -10.240956], [-36.588875, -10.240945], [-36.58878, -10.240886], [-36.588697, -10.24081], [-36.588622, -10.240728], [-36.588549, -10.240646], [-36.588478, -10.240562], [-36.588406, -10.240476], [-36.588334, -10.24039], [-36.588263, -10.240304], [-36.588191, -10.240219], [-36.588122, -10.240138], [-36.588114, -10.24013], [-36.588043, -10.240045], [-36.587978, -10.23997], [-36.587971, -10.239961], [-36.587971, -10.239961], [-36.587899, -10.239878], [-36.587827, -10.239795], [-36.587754, -10.239712], [-36.587754, -10.239711], [-36.587681, -10.239628], [-36.587608, -10.239545], [-36.587597, -10.239531], [-36.587537, -10.239462], [-36.587464, -10.239377], [-36.587392, -10.239293], [-36.587319, -10.239208], [-36.587246, -10.239124], [-36.587174, -10.239039], [-36.5871, -10.238953], [-36.587027, -10.238868], [-36.586954, -10.238784], [-36.586882, -10.238699], [-36.586809, -10.238615], [-36.586736, -10.23853], [-36.586663, -10.238447], [-36.586591, -10.238363], [-36.586518, -10.23828], [-36.586445, -10.238196], [-36.586373, -10.238112], [-36.5863, -10.238028], [-36.586228, -10.237945], [-36.586155, -10.237861], [-36.586082, -10.237777], [-36.58601, -10.237693], [-36.585937, -10.237609], [-36.585865, -10.237525], [-36.585792, -10.237441], [-36.58572, -10.237357], [-36.585647, -10.237273], [-36.585574, -10.237188], [-36.585502, -10.237104], [-36.585429, -10.237021], [-36.585375, -10.236958], [-36.585302, -10.236874], [-36.585229, -10.23679], [-36.585156, -10.236706], [-36.585083, -10.236622], [-36.58501, -10.236537], [-36.58501, -10.236537], [-36.58494, -10.236456], [-36.584866, -10.236372], [-36.584794, -10.236287], [-36.584721, -10.236205], [-36.584648, -10.23612], [-36.584575, -10.236037], [-36.584502, -10.235953], [-36.58443, -10.23587], [-36.584358, -10.235786], [-36.584285, -10.235702], [-36.584213, -10.235618], [-36.584141, -10.235534], [-36.584068, -10.23545], [-36.583996, -10.235366], [-36.583923, -10.235284], [-36.58385, -10.235199], [-36.583777, -10.235116], [-36.583704, -10.235033], [-36.58364, -10.234958], [-36.583567, -10.234874], [-36.583495, -10.23479], [-36.583423, -10.234707], [-36.58335, -10.234623], [-36.583278, -10.23454], [-36.583205, -10.234456], [-36.583132, -10.234372], [-36.58306, -10.234289], [-36.582987, -10.234204], [-36.582915, -10.23412], [-36.582843, -10.234037], [-36.58277, -10.233953], [-36.582697, -10.233869], [-36.582624, -10.233786], [-36.582554, -10.233704], [-36.582481, -10.233619], [-36.582409, -10.233535], [-36.582336, -10.233451], [-36.582264, -10.233367], [-36.582191, -10.233283], [-36.582118, -10.233198], [-36.582044, -10.233114], [-36.581971, -10.23303], [-36.581899, -10.232946], [-36.581826, -10.232862], [-36.581754, -10.232778], [-36.581683, -10.232696], [-36.581611, -10.232613], [-36.581539, -10.23253], [-36.581466, -10.232445], [-36.581393, -10.232361], [-36.58132, -10.232277], [-36.581247, -10.232193], [-36.581175, -10.232109], [-36.581102, -10.232026], [-36.58103, -10.231942], [-36.580957, -10.231858], [-36.580896, -10.231786], [-36.580825, -10.231703], [-36.580809, -10.231685], [-36.580736, -10.2316], [-36.580664, -10.231516], [-36.58059, -10.231433], [-36.580516, -10.231349], [-36.580441, -10.231266], [-36.580367, -10.231181], [-36.580292, -10.231096], [-36.58022, -10.231014], [-36.580146, -10.23093], [-36.580072, -10.230846], [-36.580001, -10.230763], [-36.579929, -10.230679], [-36.579856, -10.230595], [-36.579784, -10.23051], [-36.579711, -10.230426], [-36.579639, -10.230343], [-36.579566, -10.23026], [-36.579492, -10.230176], [-36.579419, -10.230092], [-36.579346, -10.230008], [-36.579276, -10.229926], [-36.579203, -10.229841], [-36.579131, -10.229757], [-36.579058, -10.229672], [-36.578985, -10.229587], [-36.578912, -10.229502], [-36.578838, -10.229418], [-36.578765, -10.229334], [-36.578692, -10.22925], [-36.578619, -10.229166], [-36.578546, -10.229083], [-36.578473, -10.228998], [-36.578399, -10.228914], [-36.578326, -10.22883], [-36.578253, -10.228746], [-36.57818, -10.228662], [-36.578107, -10.228577], [-36.578033, -10.228492], [-36.577961, -10.228408], [-36.57789, -10.228326], [-36.577817, -10.228241], [-36.577748, -10.228161], [-36.577675, -10.228077], [-36.577659, -10.228058], [-36.577603, -10.227993], [-36.577529, -10.227909], [-36.577456, -10.227825], [-36.577383, -10.227741], [-36.57731, -10.227657], [-36.577236, -10.227572], [-36.577163, -10.227488], [-36.577089, -10.227404], [-36.577016, -10.227319], [-36.576943, -10.227236], [-36.57687, -10.227152], [-36.576797, -10.227068], [-36.576723, -10.226984], [-36.57665, -10.226899], [-36.576577, -10.226815], [-36.576503, -10.226732], [-36.57643, -10.226648], [-36.576356, -10.226565], [-36.576282, -10.226482], [-36.576207, -10.226399], [-36.57614, -10.226325], [-36.576133, -10.226317], [-36.576059, -10.226238], [-36.576027, -10.226203], [-36.575984, -10.226156], [-36.57591, -10.226075], [-36.575835, -10.225993], [-36.575761, -10.225911], [-36.575687, -10.22583], [-36.575612, -10.225748], [-36.575537, -10.225667], [-36.575462, -10.225586], [-36.575387, -10.225505], [-36.575312, -10.225425], [-36.575237, -10.225344], [-36.575229, -10.225335], [-36.575154, -10.225254], [-36.575078, -10.225172], [-36.575006, -10.225094], [-36.574931, -10.225012], [-36.574856, -10.224932], [-36.574788, -10.224859], [-36.574712, -10.224779], [-36.574638, -10.224699], [-36.574563, -10.224618], [-36.574489, -10.224537], [-36.574413, -10.224456], [-36.574338, -10.224374], [-36.574262, -10.224292], [-36.574187, -10.22421], [-36.574111, -10.224128], [-36.574036, -10.224047], [-36.57396, -10.223966], [-36.573885, -10.223884], [-36.573809, -10.223801], [-36.573734, -10.223719], [-36.573658, -10.223638], [-36.573591, -10.223565], [-36.573516, -10.223485], [-36.573442, -10.223404], [-36.573366, -10.223323], [-36.573291, -10.223242], [-36.573216, -10.22316], [-36.573141, -10.223078], [-36.573068, -10.222998], [-36.572992, -10.222915], [-36.572917, -10.222833], [-36.572846, -10.222755], [-36.572838, -10.222746], [-36.572771, -10.222673], [-36.572697, -10.222592], [-36.572622, -10.222511], [-36.572548, -10.222429], [-36.572474, -10.222349], [-36.5724, -10.222268], [-36.572324, -10.222187], [-36.572249, -10.222108], [-36.572174, -10.222027], [-36.572099, -10.221947], [-36.572025, -10.221866], [-36.571951, -10.221786], [-36.571877, -10.221706], [-36.571801, -10.221624], [-36.571726, -10.221542], [-36.571651, -10.221459], [-36.571575, -10.221376], [-36.5715, -10.221293], [-36.571416, -10.22122], [-36.571317, -10.221175], [-36.571208, -10.221151], [-36.571098, -10.221135], [-36.570987, -10.221119], [-36.570876, -10.221103], [-36.570766, -10.221088], [-36.570656, -10.221071], [-36.570547, -10.221054], [-36.570437, -10.221037], [-36.570328, -10.221019], [-36.570219, -10.221003], [-36.57011, -10.220986], [-36.570001, -10.220969], [-36.569891, -10.220953], [-36.569782, -10.220936], [-36.569674, -10.22092], [-36.569564, -10.220903], [-36.569464, -10.220888], [-36.569355, -10.220868], [-36.569248, -10.220841], [-36.569139, -10.220816], [-36.569032, -10.220794], [-36.568922, -10.220771], [-36.568815, -10.220749], [-36.568714, -10.220726], [-36.568704, -10.220724], [-36.568606, -10.220695], [-36.568511, -10.220641], [-36.568441, -10.220556], [-36.568392, -10.22046], [-36.568348, -10.22036], [-36.568304, -10.220258], [-36.568261, -10.220157], [-36.568214, -10.220057], [-36.568159, -10.219962], [-36.568099, -10.21987], [-36.568038, -10.219777], [-36.567977, -10.219685], [-36.567916, -10.219594], [-36.567854, -10.219502], [-36.567792, -10.21941], [-36.567731, -10.219318], [-36.567671, -10.219227], [-36.56761, -10.219136], [-36.567549, -10.219043], [-36.567489, -10.218951], [-36.56743, -10.21886], [-36.56737, -10.218767], [-36.56731, -10.218675], [-36.567249, -10.218582], [-36.567189, -10.218491], [-36.567129, -10.218399], [-36.567069, -10.218309], [-36.567008, -10.218217], [-36.566949, -10.218127], [-36.566948, -10.218127], [-36.566886, -10.218034], [-36.566824, -10.217942], [-36.566762, -10.217849], [-36.5667, -10.217756], [-36.566641, -10.217668], [-36.566579, -10.217575], [-36.566517, -10.217482], [-36.566456, -10.217389], [-36.566394, -10.217294], [-36.566346, -10.217219], [-36.566284, -10.217124], [-36.566223, -10.217032], [-36.566161, -10.216938], [-36.566098, -10.216844], [-36.566035, -10.21675], [-36.565974, -10.216658], [-36.565912, -10.216566], [-36.56585, -10.216472], [-36.565787, -10.216378], [-36.565787, -10.216378], [-36.565724, -10.216284], [-36.565721, -10.21628], [-36.565666, -10.216197], [-36.565662, -10.216191], [-36.565661, -10.21619], [-36.565599, -10.216096], [-36.565539, -10.216007], [-36.565477, -10.215913], [-36.565415, -10.215818], [-36.565353, -10.215723], [-36.565291, -10.215628], [-36.565228, -10.215534], [-36.565165, -10.21544], [-36.565165, -10.21544], [-36.565102, -10.215346], [-36.565039, -10.215251], [-36.564979, -10.215161], [-36.564917, -10.215068], [-36.564856, -10.214975], [-36.564795, -10.214883], [-36.564734, -10.214792], [-36.564672, -10.2147], [-36.56461, -10.214606], [-36.564547, -10.214512], [-36.564485, -10.21442], [-36.564424, -10.214327], [-36.564362, -10.214235], [-36.564301, -10.214142], [-36.564239, -10.21405], [-36.564178, -10.213957], [-36.564118, -10.213865], [-36.564118, -10.213864], [-36.564064, -10.213781], [-36.564058, -10.213772], [-36.563997, -10.213679], [-36.563953, -10.213612], [-36.563936, -10.213586], [-36.563876, -10.213494], [-36.563809, -10.213408], [-36.563733, -10.213331], [-36.563655, -10.213252], [-36.563578, -10.213174], [-36.563577, -10.213173], [-36.5635, -10.213096], [-36.563422, -10.213018], [-36.563344, -10.212939], [-36.563267, -10.21286], [-36.563189, -10.212781], [-36.563112, -10.212701], [-36.563034, -10.212622], [-36.562955, -10.212542], [-36.56288, -10.212467], [-36.562801, -10.212388], [-36.562722, -10.212309], [-36.562643, -10.21223], [-36.562565, -10.212151], [-36.562487, -10.212072], [-36.562408, -10.211993], [-36.562329, -10.211914], [-36.562252, -10.211835], [-36.562174, -10.211756], [-36.562096, -10.211677], [-36.562019, -10.211598], [-36.561941, -10.211519], [-36.561865, -10.211442], [-36.561787, -10.211363], [-36.56171, -10.211285], [-36.561631, -10.211206], [-36.561553, -10.211127], [-36.561478, -10.21105], [-36.561399, -10.210972], [-36.561321, -10.210893], [-36.561243, -10.210814], [-36.561165, -10.210736], [-36.561087, -10.210657], [-36.561009, -10.210578], [-36.560932, -10.210499], [-36.560854, -10.21042], [-36.560777, -10.210341], [-36.560698, -10.21026], [-36.560623, -10.210184], [-36.560546, -10.210106], [-36.560468, -10.210027], [-36.560389, -10.209949], [-36.56031, -10.209868], [-36.560232, -10.20979], [-36.560153, -10.20971], [-36.560075, -10.20963], [-36.559996, -10.20955], [-36.559918, -10.20947], [-36.559841, -10.209391], [-36.559762, -10.209311], [-36.559682, -10.20923], [-36.559603, -10.20915], [-36.559524, -10.209069], [-36.559445, -10.208988], [-36.559366, -10.208908], [-36.559287, -10.208827], [-36.559208, -10.208748], [-36.559129, -10.208667], [-36.559051, -10.208589], [-36.558973, -10.208508], [-36.558894, -10.208428], [-36.558814, -10.208347], [-36.558736, -10.208267], [-36.558657, -10.208188], [-36.55858, -10.208109], [-36.558504, -10.208031], [-36.558426, -10.207952], [-36.558348, -10.207872], [-36.558271, -10.207792], [-36.558195, -10.207714], [-36.558118, -10.207635], [-36.558041, -10.207556], [-36.557977, -10.207491], [-36.55796, -10.207474], [-36.557959, -10.207473], [-36.557882, -10.207395], [-36.557805, -10.207317], [-36.557727, -10.207238], [-36.557649, -10.20716], [-36.557572, -10.207081], [-36.557494, -10.207002], [-36.557416, -10.206923], [-36.557339, -10.206845], [-36.557262, -10.206767], [-36.557185, -10.206689], [-36.55711, -10.206614], [-36.55703, -10.206535], [-36.556951, -10.206455], [-36.556873, -10.206375], [-36.556794, -10.206295], [-36.556716, -10.206216], [-36.556639, -10.206137], [-36.55656, -10.206057], [-36.556481, -10.205977], [-36.556402, -10.205897], [-36.556323, -10.205817], [-36.556244, -10.205737], [-36.556165, -10.205657], [-36.556086, -10.205577], [-36.556009, -10.205499], [-36.555931, -10.20542], [-36.55592, -10.205409], [-36.555918, -10.205407], [-36.555914, -10.205403], [-36.555886, -10.205374], [-36.555852, -10.20534], [-36.555773, -10.20526], [-36.555696, -10.205181], [-36.555617, -10.2051], [-36.555541, -10.205023], [-36.555465, -10.204946], [-36.55539, -10.204869], [-36.555312, -10.20479], [-36.555235, -10.204712], [-36.555157, -10.204633], [-36.55508, -10.204554], [-36.555003, -10.204476], [-36.554926, -10.204398], [-36.554849, -10.204319], [-36.554772, -10.20424], [-36.554694, -10.204161], [-36.554617, -10.204083], [-36.554539, -10.204004], [-36.554462, -10.203925], [-36.554384, -10.203846], [-36.554307, -10.203768], [-36.55423, -10.203689], [-36.554152, -10.20361], [-36.554074, -10.203532], [-36.553997, -10.203453], [-36.553919, -10.203374], [-36.553918, -10.203373], [-36.553896, -10.20335], [-36.553875, -10.203329], [-36.553865, -10.203318], [-36.553859, -10.203312], [-36.553858, -10.203311], [-36.553842, -10.203295], [-36.553766, -10.203217], [-36.55369, -10.203139], [-36.553612, -10.203059], [-36.553535, -10.20298], [-36.553457, -10.202901], [-36.553434, -10.202877], [-36.553356, -10.202798], [-36.553278, -10.202719], [-36.553222, -10.202663], [-36.553144, -10.202584], [-36.553066, -10.202506], [-36.552989, -10.202428], [-36.552912, -10.20235], [-36.552834, -10.202271], [-36.552757, -10.202191], [-36.552679, -10.202112], [-36.552603, -10.202035], [-36.552527, -10.201959], [-36.552449, -10.201881], [-36.552372, -10.201803], [-36.552295, -10.201724], [-36.552217, -10.201646], [-36.552141, -10.201569], [-36.552064, -10.201491], [-36.551986, -10.201412], [-36.55191, -10.201335], [-36.551832, -10.201254], [-36.551754, -10.201175], [-36.551676, -10.201095], [-36.551596, -10.201015], [-36.551519, -10.200937], [-36.551464, -10.200881], [-36.551392, -10.200808], [-36.551385, -10.2008], [-36.551306, -10.20072], [-36.551228, -10.20064], [-36.551149, -10.20056], [-36.55107, -10.20048], [-36.550993, -10.200401], [-36.550913, -10.200321], [-36.550835, -10.20024], [-36.550828, -10.200233], [-36.550757, -10.200159], [-36.55068, -10.200079], [-36.550619, -10.200017], [-36.550599, -10.199996], [-36.550523, -10.199917], [-36.550447, -10.199836], [-36.550431, -10.199819], [-36.55043, -10.199818], [-36.550369, -10.199756], [-36.55029, -10.199675], [-36.550212, -10.199594], [-36.550135, -10.199514], [-36.550058, -10.199432], [-36.549981, -10.199351], [-36.549903, -10.199271], [-36.549825, -10.199195], [-36.549745, -10.199118], [-36.549666, -10.199043], [-36.549586, -10.198966], [-36.549586, -10.198965], [-36.549508, -10.198888], [-36.549429, -10.198809], [-36.549429, -10.198808], [-36.549351, -10.19873], [-36.549276, -10.198654], [-36.549275, -10.198653], [-36.549197, -10.198574], [-36.54912, -10.198496], [-36.549042, -10.198417], [-36.548963, -10.198337], [-36.548883, -10.198257], [-36.548804, -10.198177], [-36.548727, -10.198098], [-36.54865, -10.19802], [-36.548573, -10.197941], [-36.548497, -10.197863], [-36.548418, -10.197783], [-36.54834, -10.197705], [-36.548261, -10.197625], [-36.548183, -10.197546], [-36.548107, -10.197468], [-36.54803, -10.197391], [-36.547952, -10.197312], [-36.547873, -10.197232], [-36.547795, -10.197153], [-36.547716, -10.197072], [-36.547639, -10.196993], [-36.547561, -10.196913], [-36.547483, -10.196834], [-36.547406, -10.196756], [-36.54733, -10.196679], [-36.547253, -10.1966], [-36.547175, -10.196522], [-36.547098, -10.196443], [-36.54702, -10.196365], [-36.546943, -10.196286], [-36.546866, -10.196209], [-36.546789, -10.19613], [-36.546712, -10.196053], [-36.546699, -10.196039], [-36.546623, -10.195961], [-36.546544, -10.195881], [-36.546466, -10.195802], [-36.546387, -10.195722], [-36.54631, -10.195643], [-36.546232, -10.195565], [-36.546153, -10.195485], [-36.546075, -10.195406], [-36.545997, -10.195327], [-36.545919, -10.195248], [-36.545841, -10.195169], [-36.545763, -10.19509], [-36.545686, -10.195013], [-36.545608, -10.194933], [-36.545531, -10.194855], [-36.545454, -10.194777], [-36.545376, -10.194699], [-36.54532, -10.194642], [-36.545298, -10.194619], [-36.54522, -10.19454], [-36.545142, -10.194461], [-36.545067, -10.194386], [-36.544989, -10.194307], [-36.544912, -10.194228], [-36.544834, -10.19415], [-36.544763, -10.194078], [-36.544686, -10.194], [-36.544608, -10.193921], [-36.54453, -10.193842], [-36.544452, -10.193762], [-36.544375, -10.193684], [-36.544297, -10.193605], [-36.54422, -10.193527], [-36.544141, -10.193449], [-36.544063, -10.19337], [-36.543984, -10.193291], [-36.543906, -10.193212], [-36.543827, -10.193132], [-36.54375, -10.193053], [-36.543672, -10.192975], [-36.543593, -10.192896], [-36.543515, -10.192817], [-36.543515, -10.192816], [-36.543437, -10.192737], [-36.543359, -10.192658], [-36.543281, -10.192579], [-36.543202, -10.192499], [-36.543124, -10.19242], [-36.543045, -10.192341], [-36.542968, -10.192263], [-36.542889, -10.192184], [-36.542809, -10.192104], [-36.54273, -10.192025], [-36.542651, -10.191946], [-36.542574, -10.191869], [-36.542495, -10.19179], [-36.542417, -10.191711], [-36.542339, -10.191632], [-36.54226, -10.191553], [-36.542181, -10.191474], [-36.542105, -10.191396], [-36.542026, -10.191316], [-36.541948, -10.191237], [-36.541869, -10.191158], [-36.541791, -10.191079], [-36.541712, -10.191], [-36.541635, -10.190921], [-36.541566, -10.190852], [-36.541488, -10.190773], [-36.54141, -10.190695], [-36.541333, -10.190617], [-36.541254, -10.190538], [-36.541177, -10.19046], [-36.5411, -10.190382], [-36.541023, -10.190304], [-36.540944, -10.190225], [-36.540866, -10.190146], [-36.540789, -10.190068], [-36.540712, -10.189989], [-36.540711, -10.189988], [-36.540633, -10.189909], [-36.540559, -10.189834], [-36.540546, -10.189821], [-36.540469, -10.189742], [-36.540392, -10.189663], [-36.540314, -10.189583], [-36.540235, -10.189504], [-36.540157, -10.189425], [-36.540079, -10.189345], [-36.54, -10.189267], [-36.53992, -10.189188], [-36.539842, -10.189109], [-36.539764, -10.189031], [-36.539686, -10.188953], [-36.539607, -10.188874], [-36.539528, -10.188795], [-36.53945, -10.188717], [-36.539372, -10.188637], [-36.539294, -10.188558], [-36.539217, -10.188481], [-36.539139, -10.188401], [-36.53906, -10.188322], [-36.538981, -10.188243], [-36.538902, -10.188164], [-36.538825, -10.188087], [-36.538746, -10.188008], [-36.538667, -10.18793], [-36.538596, -10.187859], [-36.538588, -10.187851], [-36.53851, -10.187772], [-36.538432, -10.187693], [-36.538353, -10.187614], [-36.538275, -10.187535], [-36.538197, -10.187456], [-36.538119, -10.187377], [-36.538041, -10.187299], [-36.537963, -10.187219], [-36.537884, -10.18714], [-36.537807, -10.187062], [-36.537733, -10.186988], [-36.537729, -10.186984], [-36.537651, -10.186905], [-36.537573, -10.186826], [-36.537494, -10.186747], [-36.537416, -10.186668], [-36.537337, -10.186589], [-36.537259, -10.186511], [-36.53718, -10.186432], [-36.537101, -10.186353], [-36.537023, -10.186275], [-36.536944, -10.186196], [-36.536866, -10.186117], [-36.536787, -10.186038], [-36.536708, -10.185958], [-36.53663, -10.185879], [-36.536553, -10.185803], [-36.536474, -10.185725], [-36.536395, -10.185646], [-36.536318, -10.185569], [-36.536239, -10.18549], [-36.536163, -10.185412], [-36.536085, -10.185333], [-36.536007, -10.185253], [-36.535927, -10.185174], [-36.535849, -10.185095], [-36.53577, -10.185016], [-36.53569, -10.184937], [-36.535613, -10.18486], [-36.535534, -10.184781], [-36.535455, -10.184702], [-36.535377, -10.184622], [-36.5353, -10.184545], [-36.535221, -10.184465], [-36.535143, -10.184386], [-36.535065, -10.184308], [-36.534986, -10.184229], [-36.534908, -10.18415], [-36.534829, -10.184072], [-36.534755, -10.183997], [-36.534676, -10.183918], [-36.534598, -10.18384], [-36.534518, -10.183761], [-36.534449, -10.183691], [-36.534372, -10.183611], [-36.534294, -10.183531], [-36.534216, -10.183452], [-36.534209, -10.183445], [-36.534134, -10.183368], [-36.534059, -10.183291], [-36.533981, -10.183213], [-36.533902, -10.183134], [-36.533824, -10.183056], [-36.533748, -10.182979], [-36.53367, -10.1829], [-36.533592, -10.182823], [-36.533515, -10.182745], [-36.533437, -10.182668], [-36.533358, -10.182589], [-36.53328, -10.18251], [-36.533202, -10.182432], [-36.533125, -10.182355], [-36.533048, -10.182277], [-36.53297, -10.182198], [-36.5329, -10.182126], [-36.532822, -10.182047], [-36.532744, -10.181968], [-36.532665, -10.181889], [-36.532586, -10.18181], [-36.532507, -10.181731], [-36.532429, -10.181653], [-36.532363, -10.181586], [-36.532285, -10.181506], [-36.532207, -10.181427], [-36.532129, -10.181347], [-36.532051, -10.181267], [-36.531973, -10.181188], [-36.531894, -10.181109], [-36.531815, -10.18103], [-36.531738, -10.180951], [-36.53166, -10.180872], [-36.531582, -10.180793], [-36.531504, -10.180713], [-36.531426, -10.180633], [-36.531352, -10.180557], [-36.531276, -10.18048], [-36.531198, -10.1804], [-36.53112, -10.180321], [-36.531042, -10.180243], [-36.530964, -10.180165], [-36.530886, -10.180086], [-36.530807, -10.180008], [-36.530729, -10.179929], [-36.53065, -10.17985], [-36.530571, -10.179771], [-36.530493, -10.179691], [-36.530416, -10.179613], [-36.53034, -10.179535], [-36.530262, -10.179455], [-36.530184, -10.179376], [-36.530106, -10.179296], [-36.530028, -10.179217], [-36.52995, -10.179138], [-36.529874, -10.179061], [-36.529798, -10.178985], [-36.52972, -10.178906], [-36.529643, -10.178827], [-36.529565, -10.178748], [-36.529489, -10.17867], [-36.529413, -10.178589], [-36.529341, -10.178504], [-36.529281, -10.17841], [-36.529229, -10.178312], [-36.529177, -10.178214], [-36.529125, -10.178115], [-36.529073, -10.178016], [-36.529022, -10.177918], [-36.528971, -10.177819], [-36.52892, -10.17772], [-36.52887, -10.177623], [-36.52882, -10.177527], [-36.528769, -10.177429], [-36.528759, -10.17741], [-36.528718, -10.177331], [-36.528666, -10.177232], [-36.528642, -10.177186], [-36.52859, -10.177087], [-36.528539, -10.176988], [-36.528489, -10.176891], [-36.528439, -10.176795], [-36.528387, -10.176696], [-36.528336, -10.176598], [-36.528285, -10.176499], [-36.528233, -10.176401], [-36.528182, -10.176302], [-36.52813, -10.176204], [-36.52813, -10.176203], [-36.528079, -10.176106], [-36.528027, -10.176008], [-36.527975, -10.17591], [-36.527924, -10.175812], [-36.527872, -10.175714], [-36.52782, -10.175615], [-36.527768, -10.175517], [-36.527717, -10.175418], [-36.527666, -10.175322], [-36.527615, -10.175224], [-36.527563, -10.175125], [-36.527512, -10.175026], [-36.527461, -10.174928], [-36.527409, -10.17483], [-36.527358, -10.174731], [-36.527306, -10.174633], [-36.527255, -10.174534], [-36.527204, -10.174436], [-36.527152, -10.174338], [-36.527101, -10.174239], [-36.52705, -10.174142], [-36.52703, -10.174104], [-36.527005, -10.174057], [-36.527, -10.174047], [-36.526947, -10.173949], [-36.526895, -10.17385], [-36.526843, -10.173752], [-36.526793, -10.173656], [-36.526741, -10.173557], [-36.52669, -10.173458], [-36.526638, -10.173359], [-36.526587, -10.173261], [-36.526535, -10.173163], [-36.526483, -10.173065], [-36.526483, -10.173064], [-36.526431, -10.172967], [-36.526431, -10.172966], [-36.526379, -10.172868], [-36.526327, -10.17277], [-36.526275, -10.172671], [-36.526223, -10.172573], [-36.526172, -10.172476], [-36.52612, -10.172377], [-36.526069, -10.172279], [-36.526017, -10.17218], [-36.525966, -10.172082], [-36.525916, -10.171985], [-36.525864, -10.171886], [-36.525813, -10.171788], [-36.525762, -10.171691], [-36.52571, -10.171594], [-36.525658, -10.171496], [-36.525607, -10.171399], [-36.525555, -10.171302], [-36.525504, -10.171203], [-36.525453, -10.171106], [-36.525402, -10.171009], [-36.525352, -10.170913], [-36.525301, -10.170815], [-36.525249, -10.170717], [-36.525198, -10.17062], [-36.525146, -10.170522], [-36.525095, -10.170426], [-36.525095, -10.170426], [-36.525044, -10.170328], [-36.524992, -10.17023], [-36.52494, -10.170132], [-36.524888, -10.170034], [-36.524839, -10.169939], [-36.524787, -10.169841], [-36.524736, -10.169742], [-36.524685, -10.169644], [-36.524634, -10.169546], [-36.524583, -10.169448], [-36.524532, -10.169351], [-36.524481, -10.169252], [-36.524429, -10.169153], [-36.524378, -10.169056], [-36.524328, -10.168958], [-36.524276, -10.16886], [-36.524225, -10.168765], [-36.524169, -10.168669], [-36.524105, -10.168579], [-36.52403, -10.168499], [-36.523944, -10.168429], [-36.523852, -10.168366], [-36.523761, -10.168301], [-36.523671, -10.168236], [-36.523581, -10.168171], [-36.523491, -10.168106], [-36.523491, -10.168106], [-36.523401, -10.16804], [-36.52331, -10.167975], [-36.52322, -10.167909], [-36.52313, -10.167843], [-36.523042, -10.167779], [-36.522953, -10.167715], [-36.522862, -10.167649], [-36.522772, -10.167584], [-36.522681, -10.167519], [-36.522592, -10.167455], [-36.522504, -10.167391], [-36.522413, -10.167325], [-36.522322, -10.16726], [-36.522232, -10.167194], [-36.522143, -10.16713], [-36.522052, -10.167064], [-36.521962, -10.166998], [-36.521873, -10.166934], [-36.521782, -10.166869], [-36.521696, -10.166807], [-36.521608, -10.166743], [-36.521517, -10.166677], [-36.521428, -10.166611], [-36.521339, -10.166546], [-36.52125, -10.166481], [-36.52116, -10.166417], [-36.52107, -10.166352], [-36.52098, -10.166288], [-36.52089, -10.166223], [-36.520802, -10.16616], [-36.520712, -10.166095], [-36.520622, -10.16603], [-36.520532, -10.165965], [-36.520442, -10.165901], [-36.520352, -10.165836], [-36.520262, -10.165771], [-36.520172, -10.165705], [-36.520081, -10.16564], [-36.519991, -10.165575], [-36.519903, -10.165512], [-36.519813, -10.165448], [-36.519721, -10.165383], [-36.519633, -10.165319], [-36.519556, -10.165265], [-36.519465, -10.1652], [-36.519375, -10.165135], [-36.519284, -10.16507], [-36.519193, -10.165005], [-36.519104, -10.164941], [-36.519013, -10.164876], [-36.518923, -10.164811], [-36.518833, -10.164746], [-36.518745, -10.164682], [-36.518654, -10.164616], [-36.518565, -10.164552], [-36.518474, -10.164486], [-36.518383, -10.164421], [-36.518292, -10.164355], [-36.518204, -10.164292], [-36.518113, -10.164226], [-36.518022, -10.164161], [-36.517931, -10.164096], [-36.517843, -10.164032], [-36.517752, -10.163967], [-36.517661, -10.163901], [-36.517574, -10.163837], [-36.517483, -10.163771], [-36.517392, -10.163706], [-36.517381, -10.163698], [-36.517302, -10.163643], [-36.517211, -10.163579], [-36.51712, -10.163514], [-36.517044, -10.16346], [-36.516953, -10.163394], [-36.516862, -10.163329], [-36.516771, -10.163264], [-36.516681, -10.163199], [-36.516592, -10.163135], [-36.516502, -10.163068], [-36.516413, -10.163003], [-36.516325, -10.162938], [-36.51627, -10.162899], [-36.51618, -10.162834], [-36.51609, -10.16277], [-36.516, -10.162705], [-36.515911, -10.16264], [-36.515823, -10.162577], [-36.515733, -10.162511], [-36.515643, -10.162446], [-36.515554, -10.162381], [-36.515464, -10.162315], [-36.515376, -10.162251], [-36.515286, -10.162185], [-36.515201, -10.162124], [-36.515119, -10.162064], [-36.515112, -10.16206], [-36.515023, -10.161995], [-36.515022, -10.161995], [-36.515021, -10.161994], [-36.514931, -10.161929], [-36.51484, -10.161863], [-36.514749, -10.161798], [-36.514659, -10.161733], [-36.514571, -10.161668], [-36.514491, -10.161611], [-36.514483, -10.161604], [-36.514392, -10.161538], [-36.514302, -10.161473], [-36.514212, -10.161408], [-36.514122, -10.161342], [-36.514032, -10.161276], [-36.513942, -10.161211], [-36.513854, -10.161148], [-36.513763, -10.161082], [-36.513674, -10.161018], [-36.513584, -10.160952], [-36.513494, -10.160886], [-36.513403, -10.16082], [-36.513314, -10.160753], [-36.513225, -10.160685], [-36.51315, -10.160628], [-36.513077, -10.160575], [-36.512986, -10.160509], [-36.512899, -10.160444], [-36.51281, -10.160378], [-36.51272, -10.160313], [-36.512632, -10.160249], [-36.512541, -10.160183], [-36.512452, -10.160118], [-36.512404, -10.160083], [-36.512382, -10.160067], [-36.512375, -10.160062], [-36.512313, -10.160016], [-36.512224, -10.159952], [-36.512134, -10.15989], [-36.512055, -10.159836], [-36.511964, -10.159774], [-36.511871, -10.15971], [-36.511781, -10.159646], [-36.51169, -10.159581], [-36.511601, -10.159517], [-36.51151, -10.159453], [-36.511424, -10.159392], [-36.511333, -10.159327], [-36.511242, -10.159262], [-36.511152, -10.159197], [-36.511061, -10.159132], [-36.510971, -10.159068], [-36.510881, -10.159002], [-36.510791, -10.158937], [-36.5107, -10.158873], [-36.51061, -10.158809], [-36.51052, -10.158744], [-36.51043, -10.158678], [-36.510339, -10.158612], [-36.510249, -10.158547], [-36.510159, -10.158481], [-36.510068, -10.158415], [-36.509978, -10.15835], [-36.509887, -10.158285], [-36.509796, -10.15822], [-36.509707, -10.158156], [-36.509618, -10.158094], [-36.509529, -10.15803], [-36.509438, -10.157965], [-36.509348, -10.157899], [-36.50926, -10.157834], [-36.509169, -10.157768], [-36.509079, -10.157703], [-36.508988, -10.157638], [-36.508978, -10.15763], [-36.508915, -10.157586], [-36.508909, -10.157581], [-36.508903, -10.157577], [-36.508898, -10.157574], [-36.508897, -10.157573], [-36.508806, -10.157509], [-36.508714, -10.157444], [-36.508623, -10.15738], [-36.508532, -10.157315], [-36.508442, -10.15725], [-36.508351, -10.157185], [-36.508259, -10.15712], [-36.508168, -10.157054], [-36.508078, -10.156988], [-36.507987, -10.156923], [-36.507897, -10.156857], [-36.50782, -10.156801], [-36.50773, -10.156736], [-36.507644, -10.156676], [-36.507554, -10.156611], [-36.507464, -10.156547], [-36.507373, -10.156483], [-36.507283, -10.156418], [-36.507192, -10.156353], [-36.507102, -10.156288], [-36.507012, -10.156223], [-36.506921, -10.156158], [-36.506833, -10.156094], [-36.506743, -10.156029], [-36.506653, -10.155964], [-36.506563, -10.155899], [-36.506473, -10.155834], [-36.506383, -10.155769], [-36.506292, -10.155704], [-36.506214, -10.155648], [-36.506126, -10.155585], [-36.506036, -10.15552], [-36.505947, -10.155457], [-36.50586, -10.155395], [-36.50577, -10.155328], [-36.505681, -10.155261], [-36.505593, -10.155193], [-36.505501, -10.15513], [-36.505402, -10.15508], [-36.505296, -10.155044], [-36.50519, -10.155017], [-36.505084, -10.154992], [-36.504975, -10.154967], [-36.504872, -10.154943], [-36.504764, -10.154918], [-36.504654, -10.154893], [-36.504546, -10.154868], [-36.504438, -10.154842], [-36.504331, -10.154817], [-36.504222, -10.154791], [-36.504133, -10.15477], [-36.504025, -10.154745], [-36.503992, -10.154737], [-36.503918, -10.15472], [-36.503811, -10.154695], [-36.503703, -10.15467], [-36.503594, -10.154645], [-36.503486, -10.15462], [-36.503378, -10.154596], [-36.50327, -10.154571], [-36.50327, -10.154571], [-36.503162, -10.154547], [-36.503055, -10.154523], [-36.502947, -10.154498], [-36.502839, -10.154473], [-36.502732, -10.154449], [-36.502624, -10.154424], [-36.502516, -10.154399], [-36.502408, -10.154373], [-36.502299, -10.154347], [-36.50219, -10.154321], [-36.502081, -10.154295], [-36.501973, -10.154269], [-36.501866, -10.154238], [-36.501763, -10.154194], [-36.501667, -10.154144], [-36.501568, -10.154092], [-36.501469, -10.15404], [-36.501374, -10.15399], [-36.501276, -10.153938], [-36.501178, -10.153885], [-36.50108, -10.153833], [-36.500983, -10.15378], [-36.500885, -10.153727], [-36.500787, -10.153674], [-36.500689, -10.153621], [-36.500591, -10.153568], [-36.500497, -10.153507], [-36.50041, -10.153437], [-36.500324, -10.153367], [-36.500239, -10.153296], [-36.500153, -10.153224], [-36.500068, -10.153152], [-36.499983, -10.15308], [-36.499898, -10.153008], [-36.499898, -10.153008], [-36.499813, -10.152936], [-36.499728, -10.152865], [-36.499643, -10.152793], [-36.499558, -10.152721], [-36.499476, -10.152651], [-36.499391, -10.152579], [-36.499306, -10.152508], [-36.49922, -10.152436], [-36.499214, -10.15243], [-36.499143, -10.152371], [-36.499135, -10.152364], [-36.49905, -10.152292], [-36.498964, -10.15222], [-36.498878, -10.152149], [-36.498786, -10.152084], [-36.498685, -10.152035], [-36.49858, -10.151996], [-36.498474, -10.151957], [-36.498368, -10.151919], [-36.498262, -10.151881], [-36.498156, -10.151843], [-36.498053, -10.151806], [-36.497947, -10.151767], [-36.497841, -10.151729], [-36.497738, -10.151692], [-36.497632, -10.151654], [-36.497534, -10.151619], [-36.497516, -10.151613], [-36.497411, -10.151575], [-36.497307, -10.151537], [-36.497202, -10.151499], [-36.4971, -10.151462], [-36.496995, -10.151425], [-36.49689, -10.151387], [-36.496784, -10.15135], [-36.496681, -10.151313], [-36.496578, -10.151276], [-36.496473, -10.151238], [-36.496367, -10.1512], [-36.49626, -10.151163], [-36.496154, -10.151125], [-36.496049, -10.151088], [-36.495943, -10.15105], [-36.495837, -10.151013], [-36.495733, -10.150977], [-36.495629, -10.150941], [-36.495525, -10.150899], [-36.495428, -10.150846], [-36.495338, -10.150781], [-36.495258, -10.150705], [-36.495189, -10.150618], [-36.495127, -10.150526], [-36.495065, -10.150433], [-36.495005, -10.150343], [-36.494943, -10.150251], [-36.494882, -10.150161], [-36.494818, -10.15007], [-36.494755, -10.149978], [-36.494692, -10.149887], [-36.494633, -10.149801], [-36.494575, -10.149715], [-36.494512, -10.149623], [-36.494448, -10.149532], [-36.494385, -10.149441], [-36.494322, -10.149349], [-36.494259, -10.149258], [-36.494196, -10.149166], [-36.494133, -10.149075], [-36.494071, -10.148986], [-36.494008, -10.148895], [-36.493944, -10.148803], [-36.49388, -10.148711], [-36.493816, -10.148619], [-36.493752, -10.148527], [-36.49369, -10.148438], [-36.493626, -10.148346], [-36.493563, -10.148254], [-36.493499, -10.148162], [-36.493436, -10.14807], [-36.493373, -10.147978], [-36.493309, -10.147886], [-36.493246, -10.147793], [-36.493182, -10.147701], [-36.493119, -10.147609], [-36.493056, -10.147518], [-36.493005, -10.147444], [-36.492994, -10.147428], [-36.492934, -10.14734], [-36.492934, -10.14734], [-36.492872, -10.147249], [-36.492809, -10.147158], [-36.492747, -10.147068], [-36.492685, -10.146978], [-36.492622, -10.146888], [-36.49256, -10.146797], [-36.492498, -10.146706], [-36.492435, -10.146615], [-36.492372, -10.146524], [-36.492309, -10.146433], [-36.492247, -10.146341], [-36.492185, -10.146249], [-36.492124, -10.14616], [-36.492061, -10.146068], [-36.492, -10.145977], [-36.491937, -10.145886], [-36.491875, -10.145794], [-36.491812, -10.145703], [-36.49175, -10.145615], [-36.491687, -10.145524], [-36.491625, -10.145433], [-36.491563, -10.145341], [-36.491501, -10.145251], [-36.491439, -10.14516], [-36.49138, -10.145074], [-36.49132, -10.144987], [-36.491257, -10.144895], [-36.491194, -10.144805], [-36.491133, -10.144716], [-36.491072, -10.144627], [-36.491009, -10.144536], [-36.490946, -10.144445], [-36.490884, -10.144354], [-36.490821, -10.144262], [-36.490759, -10.14417], [-36.490697, -10.144079], [-36.490636, -10.143991], [-36.490574, -10.143899], [-36.490511, -10.143807], [-36.490447, -10.143715], [-36.490386, -10.143626], [-36.490322, -10.143534], [-36.490259, -10.143442], [-36.490196, -10.143351], [-36.490148, -10.143282], [-36.490084, -10.14319], [-36.490021, -10.143099], [-36.489958, -10.143007], [-36.489942, -10.142985], [-36.489927, -10.142963], [-36.489864, -10.142872], [-36.489801, -10.14278], [-36.489738, -10.142689], [-36.489675, -10.142598], [-36.489614, -10.142509], [-36.489551, -10.142419], [-36.489488, -10.142327], [-36.489425, -10.142237], [-36.489361, -10.142145], [-36.489297, -10.142053], [-36.489232, -10.141961], [-36.489168, -10.141869], [-36.489104, -10.141778], [-36.489041, -10.141687], [-36.488977, -10.141595], [-36.488913, -10.141502], [-36.488858, -10.141422], [-36.488851, -10.141411], [-36.488788, -10.141321], [-36.488725, -10.141229], [-36.488663, -10.141138], [-36.4886, -10.141047], [-36.488537, -10.140954], [-36.488474, -10.140863], [-36.488411, -10.140772], [-36.488348, -10.14068], [-36.488284, -10.140589], [-36.488221, -10.140498], [-36.488157, -10.140407], [-36.488095, -10.140318], [-36.488031, -10.140226], [-36.487968, -10.140135], [-36.487904, -10.140043], [-36.487841, -10.139952], [-36.48778, -10.139862], [-36.487716, -10.139771], [-36.487653, -10.13968], [-36.48759, -10.139588], [-36.487527, -10.139496], [-36.487464, -10.139403], [-36.487402, -10.139311], [-36.487346, -10.13923], [-36.48734, -10.13922], [-36.487277, -10.139128], [-36.487237, -10.13907], [-36.487174, -10.138977], [-36.487158, -10.138954], [-36.487143, -10.138931], [-36.487098, -10.138863], [-36.487038, -10.13877], [-36.486975, -10.138679], [-36.486912, -10.138587], [-36.486892, -10.138558], [-36.486881, -10.138544], [-36.486817, -10.138452], [-36.486759, -10.138367], [-36.486695, -10.138275], [-36.486682, -10.138256], [-36.486632, -10.138185], [-36.486567, -10.138094], [-36.486504, -10.138004], [-36.48644, -10.137912], [-36.486384, -10.137831], [-36.48632, -10.137738], [-36.486259, -10.137646], [-36.486196, -10.137553], [-36.486134, -10.137461], [-36.486073, -10.13737], [-36.48601, -10.137279], [-36.485947, -10.137187], [-36.485884, -10.137095], [-36.485821, -10.137003], [-36.485759, -10.136913], [-36.485696, -10.136821], [-36.485634, -10.136732], [-36.485572, -10.136641], [-36.485511, -10.136552], [-36.485449, -10.136461], [-36.485387, -10.136371], [-36.485324, -10.136279], [-36.485261, -10.136187], [-36.485198, -10.136095], [-36.485136, -10.136004], [-36.485072, -10.135912], [-36.485009, -10.135821], [-36.484945, -10.13573], [-36.484882, -10.135642], [-36.484817, -10.135552], [-36.484752, -10.135462], [-36.484686, -10.135372], [-36.484619, -10.135282], [-36.484552, -10.135193], [-36.484485, -10.135103], [-36.484417, -10.135014], [-36.484351, -10.134924], [-36.484283, -10.134835], [-36.484217, -10.134745], [-36.48415, -10.134656], [-36.484084, -10.134567], [-36.484017, -10.134477], [-36.48395, -10.134388], [-36.483883, -10.134298], [-36.483815, -10.134208], [-36.483748, -10.134119], [-36.483681, -10.13403], [-36.483617, -10.133945], [-36.48355, -10.133856], [-36.483484, -10.133768], [-36.483417, -10.133678], [-36.48335, -10.133589], [-36.483284, -10.1335], [-36.483217, -10.133411], [-36.483151, -10.133323], [-36.483084, -10.133234], [-36.483017, -10.133144], [-36.482951, -10.133057], [-36.482883, -10.132967], [-36.482817, -10.132878], [-36.482749, -10.132788], [-36.482686, -10.132702], [-36.482618, -10.132612], [-36.48255, -10.132521], [-36.482481, -10.13243], [-36.482413, -10.132341], [-36.482346, -10.132252], [-36.482345, -10.132251], [-36.482345, -10.132251], [-36.482332, -10.132233], [-36.482301, -10.132193], [-36.4823, -10.132191], [-36.482279, -10.132163], [-36.482212, -10.132075], [-36.482145, -10.131987], [-36.482079, -10.1319], [-36.482013, -10.131812], [-36.481947, -10.131725], [-36.481881, -10.131638], [-36.481816, -10.131553], [-36.48175, -10.131465], [-36.481685, -10.131378], [-36.481618, -10.131289], [-36.481551, -10.131201], [-36.481485, -10.131113], [-36.481419, -10.131026], [-36.481352, -10.130937], [-36.481285, -10.130849], [-36.481218, -10.13076], [-36.481151, -10.130671], [-36.481085, -10.130583], [-36.481018, -10.130494], [-36.480951, -10.130406], [-36.480885, -10.130318], [-36.480819, -10.13023], [-36.480754, -10.130144], [-36.480689, -10.130057], [-36.480622, -10.129968], [-36.480555, -10.129878], [-36.480488, -10.129789], [-36.480421, -10.129698], [-36.480352, -10.129608], [-36.480284, -10.129518], [-36.480218, -10.12943], [-36.480151, -10.129343], [-36.480084, -10.129254], [-36.480016, -10.129166], [-36.479952, -10.129079], [-36.479885, -10.128991], [-36.479819, -10.128902], [-36.479753, -10.128814], [-36.479686, -10.128725], [-36.47962, -10.128636], [-36.479553, -10.128548], [-36.479488, -10.128463], [-36.479421, -10.128374], [-36.479353, -10.128285], [-36.479285, -10.128196], [-36.479218, -10.128107], [-36.479168, -10.128041], [-36.479101, -10.127953], [-36.479035, -10.127864], [-36.478968, -10.127777], [-36.478901, -10.127689], [-36.478835, -10.127602], [-36.478769, -10.127515], [-36.478703, -10.127428], [-36.478637, -10.127341], [-36.478569, -10.127252], [-36.478502, -10.127164], [-36.478435, -10.127075], [-36.478368, -10.126986], [-36.478302, -10.126898], [-36.478237, -10.126812], [-36.478172, -10.126725], [-36.478106, -10.126639], [-36.478039, -10.12655], [-36.477972, -10.126462], [-36.477904, -10.126372], [-36.477837, -10.126283], [-36.477769, -10.126194], [-36.477702, -10.126105], [-36.477635, -10.126017], [-36.477567, -10.125928], [-36.477501, -10.12584], [-36.477435, -10.125752], [-36.477369, -10.125664], [-36.477302, -10.125577], [-36.477235, -10.125489], [-36.477168, -10.125401], [-36.477148, -10.125375], [-36.4771, -10.125312], [-36.477032, -10.125222], [-36.476963, -10.125132], [-36.476895, -10.125042], [-36.476827, -10.124952], [-36.476759, -10.124862], [-36.476691, -10.124773], [-36.476631, -10.124692], [-36.476624, -10.124683], [-36.476556, -10.124593], [-36.476489, -10.124505], [-36.476421, -10.124415], [-36.476354, -10.124327], [-36.476286, -10.124237], [-36.476219, -10.124148], [-36.476152, -10.124059], [-36.476084, -10.123969], [-36.476017, -10.12388], [-36.475948, -10.123788], [-36.47588, -10.123697], [-36.475811, -10.123606], [-36.475746, -10.12352], [-36.475678, -10.12343], [-36.475609, -10.12334], [-36.475543, -10.123253], [-36.475476, -10.123164], [-36.475408, -10.123075], [-36.47534, -10.122986], [-36.475274, -10.122898], [-36.475208, -10.122811], [-36.475207, -10.12281], [-36.475207, -10.12281], [-36.475201, -10.122802], [-36.475201, -10.122802], [-36.4752, -10.122801], [-36.475199, -10.122799], [-36.475196, -10.122795], [-36.475194, -10.122793], [-36.475182, -10.122777], [-36.47514, -10.122721], [-36.475074, -10.122634], [-36.475006, -10.122545], [-36.47494, -10.122457], [-36.474873, -10.122368], [-36.474806, -10.122278], [-36.474742, -10.122187], [-36.474686, -10.122092], [-36.474631, -10.121997], [-36.474591, -10.12193], [-36.474528, -10.121839], [-36.474452, -10.121757], [-36.474379, -10.121689], [-36.474348, -10.121659], [-36.474285, -10.121598], [-36.474251, -10.121565], [-36.474217, -10.121533], [-36.47415, -10.121467], [-36.474135, -10.121451], [-36.474126, -10.121441], [-36.474047, -10.121368], [-36.473953, -10.121312], [-36.473874, -10.121284], [-36.473782, -10.12123], [-36.473742, -10.121193], [-36.473662, -10.121118], [-36.473584, -10.121043], [-36.473508, -10.120967], [-36.47343, -10.12089], [-36.47335, -10.120814], [-36.47327, -10.120744], [-36.473184, -10.120674], [-36.4731, -10.120606], [-36.473019, -10.120539], [-36.472938, -10.120473], [-36.472865, -10.120413], [-36.472783, -10.120347], [-36.472702, -10.120281], [-36.472621, -10.120215], [-36.472621, -10.120215], [-36.47254, -10.120149], [-36.472459, -10.120082], [-36.472378, -10.120017], [-36.472295, -10.119949], [-36.472213, -10.119882], [-36.47213, -10.119814], [-36.472048, -10.119747], [-36.471965, -10.119679], [-36.471882, -10.119611], [-36.471799, -10.119543], [-36.471713, -10.119473], [-36.471628, -10.119404], [-36.471546, -10.119338], [-36.471461, -10.119269], [-36.471377, -10.119202], [-36.471293, -10.119134], [-36.47121, -10.119067], [-36.471125, -10.118998], [-36.471042, -10.118932], [-36.470957, -10.118863], [-36.470873, -10.118795], [-36.470786, -10.118724], [-36.470701, -10.118655], [-36.470615, -10.118586], [-36.470527, -10.118515], [-36.47044, -10.118445], [-36.470353, -10.118375], [-36.470267, -10.118306], [-36.47018, -10.118236], [-36.470095, -10.118167], [-36.470009, -10.118097], [-36.469923, -10.118028], [-36.469836, -10.117957], [-36.46975, -10.117887], [-36.469665, -10.117818], [-36.469578, -10.117748], [-36.469578, -10.117748], [-36.469491, -10.117679], [-36.469406, -10.11761], [-36.469321, -10.117542], [-36.469235, -10.117473], [-36.469189, -10.117435], [-36.469185, -10.117432], [-36.469175, -10.117424], [-36.469174, -10.117423], [-36.469164, -10.117415], [-36.469164, -10.117415], [-36.469164, -10.117415], [-36.469079, -10.117346], [-36.468993, -10.117276], [-36.468935, -10.117229], [-36.468848, -10.117159], [-36.468761, -10.117089], [-36.468685, -10.117026], [-36.468598, -10.116956], [-36.468512, -10.116885], [-36.468436, -10.116823], [-36.468348, -10.116752], [-36.46826, -10.11668], [-36.468174, -10.116609], [-36.468095, -10.116545], [-36.468006, -10.116474], [-36.467917, -10.116403], [-36.467836, -10.116338], [-36.467748, -10.116267], [-36.46766, -10.116196], [-36.467571, -10.116125], [-36.467483, -10.116054], [-36.467394, -10.115983], [-36.467306, -10.115912], [-36.467218, -10.115841], [-36.467131, -10.115771], [-36.467045, -10.115702], [-36.466957, -10.11563], [-36.466869, -10.115559], [-36.466781, -10.115487], [-36.466692, -10.115415], [-36.466604, -10.115344], [-36.466515, -10.115272], [-36.466427, -10.115201], [-36.466338, -10.115128], [-36.466252, -10.115058], [-36.466164, -10.114987], [-36.466077, -10.114916], [-36.465989, -10.114845], [-36.465901, -10.114774], [-36.465814, -10.114704], [-36.465727, -10.114633], [-36.465639, -10.114562], [-36.465551, -10.114491], [-36.465464, -10.11442], [-36.465377, -10.114351], [-36.46529, -10.11428], [-36.465202, -10.114209], [-36.465114, -10.114138], [-36.465027, -10.114067], [-36.464939, -10.113996], [-36.464853, -10.113926], [-36.464766, -10.113855], [-36.464721, -10.113819], [-36.464678, -10.113784], [-36.464592, -10.113714], [-36.464506, -10.113644], [-36.464419, -10.113574], [-36.464332, -10.113503], [-36.464246, -10.113433], [-36.464159, -10.113362], [-36.464073, -10.113293], [-36.463986, -10.113223], [-36.4639, -10.113153], [-36.463813, -10.113082], [-36.463726, -10.113012], [-36.46364, -10.112942], [-36.463553, -10.112872], [-36.463466, -10.112801], [-36.46338, -10.112731], [-36.463297, -10.112662], [-36.463273, -10.112643], [-36.4632, -10.112582], [-36.463191, -10.112575], [-36.463107, -10.112505], [-36.46302, -10.112433], [-36.462934, -10.112363], [-36.462848, -10.112293], [-36.46276, -10.112222], [-36.462673, -10.112153], [-36.462579, -10.112091], [-36.46248, -10.112036], [-36.462381, -10.111983], [-36.462282, -10.111929], [-36.462185, -10.111874], [-36.46209, -10.11182], [-36.461994, -10.111765], [-36.461897, -10.111709], [-36.461799, -10.111653], [-36.461702, -10.111597], [-36.461604, -10.111541], [-36.461506, -10.111485], [-36.46141, -10.111429], [-36.461312, -10.111372], [-36.461213, -10.111315], [-36.461114, -10.111259], [-36.461015, -10.111202], [-36.460916, -10.111145], [-36.460819, -10.111089], [-36.460721, -10.111033], [-36.460624, -10.110977], [-36.460527, -10.110922], [-36.460431, -10.110866], [-36.460333, -10.110811], [-36.460236, -10.110755], [-36.46014, -10.1107], [-36.460044, -10.110643], [-36.459946, -10.110587], [-36.45985, -10.110531], [-36.459753, -10.110476], [-36.459655, -10.11042], [-36.459558, -10.110364], [-36.459461, -10.110307], [-36.459363, -10.110251], [-36.459268, -10.110196], [-36.45917, -10.110141], [-36.459073, -10.110085], [-36.458978, -10.110031], [-36.458881, -10.109976], [-36.458784, -10.109921], [-36.458689, -10.109867], [-36.458593, -10.109812], [-36.458497, -10.109756], [-36.458399, -10.1097], [-36.458304, -10.109646], [-36.458207, -10.10959], [-36.45811, -10.109534], [-36.458013, -10.109478], [-36.457916, -10.109422], [-36.457819, -10.109366], [-36.457723, -10.109311], [-36.457625, -10.109256], [-36.457529, -10.109201], [-36.457433, -10.109147], [-36.457336, -10.109091], [-36.457239, -10.109036], [-36.457143, -10.108982], [-36.457047, -10.108927], [-36.45695, -10.108871], [-36.456853, -10.108816], [-36.456756, -10.108761], [-36.456659, -10.108706], [-36.456564, -10.108651], [-36.456467, -10.108596], [-36.456369, -10.10854], [-36.456272, -10.108484], [-36.456176, -10.108429], [-36.456083, -10.108376], [-36.455987, -10.108321], [-36.45589, -10.108266], [-36.455794, -10.108212], [-36.455699, -10.108158], [-36.455602, -10.108103], [-36.455593, -10.108097], [-36.455506, -10.108047], [-36.45541, -10.107992], [-36.455314, -10.107938], [-36.455217, -10.107883], [-36.45512, -10.107828], [-36.455024, -10.107773], [-36.454927, -10.107718], [-36.45483, -10.107663], [-36.454734, -10.107608], [-36.454733, -10.107608], [-36.454638, -10.107554], [-36.45454, -10.107498], [-36.454443, -10.107443], [-36.454346, -10.107387], [-36.454248, -10.107332], [-36.45415, -10.107276], [-36.454055, -10.107222], [-36.453957, -10.107167], [-36.453861, -10.107112], [-36.453764, -10.107056], [-36.453666, -10.107001], [-36.45357, -10.106945], [-36.453475, -10.106891], [-36.45338, -10.106837], [-36.453283, -10.106782], [-36.453187, -10.106727], [-36.45309, -10.106672], [-36.452993, -10.106617], [-36.452898, -10.106563], [-36.452801, -10.106507], [-36.452712, -10.106456], [-36.452616, -10.1064], [-36.45252, -10.106344], [-36.452426, -10.106287], [-36.452334, -10.106225], [-36.45225, -10.106152], [-36.452176, -10.10607], [-36.452111, -10.105981], [-36.452051, -10.105889], [-36.451992, -10.105796], [-36.451934, -10.105703], [-36.451875, -10.10561], [-36.451817, -10.105516], [-36.451759, -10.105423], [-36.451703, -10.105331], [-36.451647, -10.105238], [-36.451588, -10.105144], [-36.451531, -10.105051], [-36.451474, -10.104957], [-36.451417, -10.104862], [-36.451361, -10.10477], [-36.451341, -10.104738], [-36.451305, -10.104677], [-36.451249, -10.104585], [-36.451192, -10.104491], [-36.451136, -10.104396], [-36.451081, -10.104303], [-36.451025, -10.104208], [-36.45097, -10.104115], [-36.450913, -10.104021], [-36.450856, -10.103929], [-36.450793, -10.103839], [-36.450723, -10.103754], [-36.450646, -10.103674], [-36.450569, -10.103592], [-36.450492, -10.103512], [-36.450415, -10.103434], [-36.450337, -10.103355], [-36.450258, -10.103275], [-36.45018, -10.103196], [-36.450103, -10.103118], [-36.450027, -10.10304], [-36.44995, -10.102959], [-36.449871, -10.102878], [-36.449791, -10.102796], [-36.449711, -10.102714], [-36.449632, -10.102632], [-36.449552, -10.10255], [-36.449474, -10.102467], [-36.449397, -10.102384], [-36.449341, -10.102322], [-36.449332, -10.102312], [-36.449258, -10.102226], [-36.449185, -10.10214], [-36.449107, -10.102059], [-36.449028, -10.101979], [-36.448949, -10.101897], [-36.448872, -10.101818], [-36.448796, -10.101742], [-36.448714, -10.101671], [-36.448633, -10.1016], [-36.448558, -10.101525], [-36.448558, -10.101525], [-36.44848, -10.101446], [-36.448401, -10.101366], [-36.448324, -10.101286], [-36.448246, -10.101207], [-36.448167, -10.101126], [-36.448089, -10.101048], [-36.448013, -10.10097], [-36.447937, -10.100892], [-36.447862, -10.100815], [-36.447786, -10.100737], [-36.447711, -10.100659], [-36.447635, -10.100581], [-36.447559, -10.100503], [-36.447486, -10.100429], [-36.44741, -10.100352], [-36.447333, -10.100276], [-36.447252, -10.100201], [-36.447166, -10.100134], [-36.447075, -10.100073], [-36.44698, -10.100017], [-36.446885, -10.099962], [-36.446789, -10.099907], [-36.446693, -10.099852], [-36.446597, -10.099798], [-36.446501, -10.099744], [-36.446405, -10.099689], [-36.446309, -10.099635], [-36.446212, -10.099581], [-36.446115, -10.099527], [-36.446017, -10.099472], [-36.445918, -10.099418], [-36.44582, -10.099363], [-36.445721, -10.099307], [-36.445623, -10.099252], [-36.445524, -10.099197], [-36.445426, -10.099141], [-36.445328, -10.099086], [-36.445328, -10.099086], [-36.445229, -10.09903], [-36.445131, -10.098975], [-36.445033, -10.09892], [-36.444936, -10.098865], [-36.444837, -10.098809], [-36.444739, -10.098755], [-36.444641, -10.098699], [-36.444542, -10.098644], [-36.444444, -10.098588], [-36.444347, -10.098533], [-36.444249, -10.098478], [-36.444152, -10.098423], [-36.444054, -10.098367], [-36.443956, -10.098311], [-36.443857, -10.098255], [-36.443759, -10.098199], [-36.443661, -10.098143], [-36.443565, -10.098088], [-36.44347, -10.098033], [-36.443372, -10.097977], [-36.443279, -10.097918], [-36.443192, -10.097849], [-36.443112, -10.097773], [-36.443036, -10.097693], [-36.442958, -10.097612], [-36.442883, -10.097532], [-36.442808, -10.097452], [-36.442734, -10.097372], [-36.442661, -10.097293], [-36.442587, -10.097212], [-36.442514, -10.097133], [-36.44244, -10.097053], [-36.442366, -10.096972], [-36.442292, -10.096892], [-36.442218, -10.096811], [-36.442144, -10.09673], [-36.44207, -10.096648], [-36.441996, -10.096567], [-36.441921, -10.096485], [-36.441846, -10.096403], [-36.441771, -10.096322], [-36.441697, -10.096241], [-36.441622, -10.096158], [-36.441547, -10.096077], [-36.441471, -10.095994], [-36.441397, -10.095913], [-36.441322, -10.095832], [-36.441246, -10.095749], [-36.441171, -10.095668], [-36.441171, -10.095668], [-36.441171, -10.095667], [-36.441096, -10.095585], [-36.441023, -10.095505], [-36.441023, -10.095504], [-36.441022, -10.095504], [-36.440949, -10.095423], [-36.440875, -10.095341], [-36.440801, -10.095259], [-36.440728, -10.095178], [-36.440653, -10.095094], [-36.440579, -10.09501], [-36.440505, -10.094927], [-36.440496, -10.094917], [-36.440444, -10.094831], [-36.440409, -10.094726], [-36.440373, -10.094621], [-36.440338, -10.094516], [-36.440285, -10.09442], [-36.44021, -10.094342], [-36.440145, -10.094274], [-36.440135, -10.094262], [-36.440124, -10.09425], [-36.440123, -10.09425], [-36.440113, -10.094238], [-36.440107, -10.094232], [-36.440104, -10.094228], [-36.440093, -10.094217], [-36.440086, -10.094209], [-36.440086, -10.094208], [-36.440086, -10.094208], [-36.440083, -10.094205], [-36.440083, -10.094205], [-36.44007, -10.094191], [-36.44007, -10.094191], [-36.440066, -10.094187], [-36.439939, -10.094053]], [[-36.439939, -10.094053], [-36.440057, -10.094177]], [[-36.439939, -10.094053], [-36.439779, -10.093859], [-36.439712, -10.093787], [-36.439675, -10.093763], [-36.439317, -10.093583], [-36.439271, -10.093549], [-36.439136, -10.093407], [-36.438611, -10.092821], [-36.438467, -10.092653], [-36.438437, -10.092608], [-36.438412, -10.092559], [-36.438343, -10.092406], [-36.438326, -10.092361], [-36.438229, -10.091933], [-36.437896, -10.090421], [-36.4374, -10.088142], [-36.437205, -10.087222], [-36.437036, -10.086403], [-36.436925, -10.085969], [-36.436447, -10.083759], [-36.436346, -10.083265], [-36.43633, -10.083213], [-36.436294, -10.083124], [-36.436257, -10.083062], [-36.436213, -10.083005], [-36.436146, -10.082943], [-36.436078, -10.082894], [-36.436035, -10.082871], [-36.435254, -10.082527], [-36.431713, -10.080922], [-36.430451, -10.080353], [-36.429931, -10.080114], [-36.429681, -10.079991], [-36.429379, -10.079829], [-36.429106, -10.079668], [-36.42787, -10.078888], [-36.427424, -10.078594], [-36.427386, -10.078559], [-36.426192, -10.077278], [-36.423886, -10.074779], [-36.423613, -10.074493], [-36.423563, -10.074446], [-36.423491, -10.074392], [-36.423411, -10.074348], [-36.422579, -10.073988], [-36.422281, -10.073845], [-36.421511, -10.073336], [-36.421314, -10.073195], [-36.421259, -10.073152], [-36.421213, -10.07311], [-36.421159, -10.073046], [-36.421124, -10.072994], [-36.42108, -10.072909], [-36.42105, -10.072843], [-36.420884, -10.072398], [-36.420691, -10.071862], [-36.420657, -10.071786], [-36.420612, -10.071714], [-36.420579, -10.071671], [-36.420449, -10.071521], [-36.42013, -10.071164], [-36.419313, -10.070238], [-36.419035, -10.069926], [-36.418927, -10.069813], [-36.418864, -10.069761], [-36.418772, -10.069703], [-36.418014, -10.069336], [-36.41798, -10.069305], [-36.417897, -10.069188], [-36.417878, -10.069168], [-36.417851, -10.069148], [-36.417764, -10.069101], [-36.417354, -10.068898], [-36.41704, -10.068762], [-36.417017, -10.068755], [-36.416987, -10.06875], [-36.416841, -10.068748], [-36.416792, -10.068735], [-36.416239, -10.068468], [-36.415886, -10.068288], [-36.415855, -10.06827], [-36.415826, -10.068247], [-36.415602, -10.068044], [-36.414807, -10.067318], [-36.414468, -10.067016], [-36.414217, -10.066775], [-36.414155, -10.066704], [-36.414104, -10.06663], [-36.414082, -10.06659], [-36.414055, -10.066528], [-36.41404, -10.066485], [-36.414024, -10.066419], [-36.414013, -10.06633], [-36.414013, -10.066159], [-36.414048, -10.06564], [-36.414165, -10.064203], [-36.414408, -10.061135], [-36.414504, -10.059853], [-36.414601, -10.058676], [-36.414603, -10.058585], [-36.414596, -10.058495], [-36.414579, -10.058407], [-36.413889, -10.055573], [-36.413696, -10.054752], [-36.413677, -10.054683], [-36.413646, -10.054598], [-36.413628, -10.054563], [-36.413599, -10.054521], [-36.413573, -10.054492], [-36.413508, -10.054432], [-36.413248, -10.05423], [-36.412093, -10.053301], [-36.411741, -10.053023], [-36.410187, -10.051771], [-36.40989, -10.051513], [-36.409165, -10.050905], [-36.409101, -10.050835], [-36.409008, -10.050717], [-36.408972, -10.050679], [-36.408937, -10.05065], [-36.408814, -10.05058], [-36.407754, -10.050058], [-36.407035, -10.0497], [-36.407008, -10.049683], [-36.406983, -10.049662], [-36.406879, -10.04956], [-36.40685, -10.049525], [-36.406813, -10.04946], [-36.406791, -10.049404], [-36.406734, -10.04922], [-36.406078, -10.046991], [-36.406026, -10.046835], [-36.405988, -10.046742], [-36.405967, -10.046698], [-36.404001, -10.043098], [-36.403397, -10.041984], [-36.403022, -10.041298], [-36.402749, -10.040816], [-36.402524, -10.040426], [-36.401528, -10.038661], [-36.400598, -10.037024], [-36.399729, -10.035482], [-36.399282, -10.03471], [-36.399006, -10.034222], [-36.398229, -10.032873], [-36.397351, -10.031329], [-36.396799, -10.030369], [-36.39486, -10.026958], [-36.390726, -10.019749], [-36.390342, -10.019068], [-36.389438, -10.017486], [-36.389127, -10.01693], [-36.389094, -10.016882], [-36.389022, -10.016797], [-36.388595, -10.016332], [-36.387339, -10.014939], [-36.3847, -10.012033], [-36.383914, -10.011154], [-36.383845, -10.011071], [-36.383812, -10.01102], [-36.383788, -10.010965], [-36.383761, -10.010868], [-36.383667, -10.010436], [-36.38349, -10.009679], [-36.382142, -10.003822], [-36.380026, -9.994597], [-36.3798, -9.993638], [-36.379782, -9.993581], [-36.379759, -9.993525], [-36.379663, -9.993329], [-36.379383, -9.992736], [-36.378487, -9.990811], [-36.378089, -9.989965], [-36.378051, -9.989897], [-36.378017, -9.98985], [-36.377949, -9.98978], [-36.377843, -9.9897], [-36.377584, -9.989521], [-36.377296, -9.989314], [-36.374671, -9.987407], [-36.373672, -9.986676], [-36.373234, -9.986363], [-36.372797, -9.986042], [-36.372649, -9.985925], [-36.372531, -9.985821], [-36.37245, -9.985757], [-36.372092, -9.985499], [-36.371964, -9.985425], [-36.371757, -9.985284], [-36.367726, -9.982344], [-36.36295, -9.978826], [-36.358375, -9.975449], [-36.356891, -9.974349], [-36.356353, -9.973956], [-36.35251, -9.971113], [-36.351836, -9.970617], [-36.351541, -9.970405], [-36.351478, -9.970364], [-36.351411, -9.97033], [-36.351341, -9.970302], [-36.351269, -9.970282], [-36.351195, -9.97027], [-36.35053, -9.970214], [-36.349863, -9.970148], [-36.348382, -9.970007], [-36.347737, -9.96994], [-36.347297, -9.969883], [-36.346971, -9.969852], [-36.34667, -9.969825], [-36.346268, -9.969801], [-36.343253, -9.969508], [-36.342712, -9.96946], [-36.342632, -9.969446], [-36.34253, -9.969414], [-36.342433, -9.969368], [-36.342364, -9.969325], [-36.342281, -9.969256], [-36.342226, -9.969198], [-36.341881, -9.968765], [-36.340786, -9.967372], [-36.340554, -9.967066], [-36.340205, -9.966633], [-36.340057, -9.966427], [-36.33983, -9.966129], [-36.339717, -9.96601], [-36.339627, -9.965904], [-36.338924, -9.965015], [-36.338033, -9.9639], [-36.337271, -9.962939], [-36.336055, -9.961383], [-36.335885, -9.961143], [-36.335541, -9.960605], [-36.33448, -9.95892], [-36.334013, -9.95817], [-36.333994, -9.958144], [-36.333972, -9.95812], [-36.333919, -9.958075], [-36.333844, -9.958024], [-36.333784, -9.957992], [-36.333622, -9.957919], [-36.33357, -9.957887], [-36.333341, -9.957718], [-36.333047, -9.957465], [-36.332621, -9.957072], [-36.332238, -9.956697], [-36.331768, -9.95625], [-36.331049, -9.955587], [-36.330773, -9.955315], [-36.330396, -9.954975], [-36.330072, -9.954667], [-36.329523, -9.954163], [-36.329471, -9.95412], [-36.329416, -9.954084], [-36.329357, -9.954053], [-36.329274, -9.954022], [-36.329188, -9.954003], [-36.329099, -9.953996], [-36.328212, -9.954046], [-36.3281, -9.95405], [-36.328, -9.954049], [-36.327952, -9.954051], [-36.327335, -9.954106], [-36.326597, -9.954155], [-36.326555, -9.954165], [-36.326385, -9.954239], [-36.326338, -9.954252], [-36.325812, -9.954313], [-36.325272, -9.954364], [-36.325048, -9.954379], [-36.322802, -9.954589], [-36.322572, -9.954597], [-36.322391, -9.954596], [-36.320866, -9.954575], [-36.320823, -9.954571], [-36.320675, -9.954541], [-36.320406, -9.954475], [-36.317347, -9.953607], [-36.317278, -9.953585], [-36.315857, -9.953077], [-36.311901, -9.951655], [-36.311824, -9.951622], [-36.311788, -9.951601], [-36.311737, -9.951566], [-36.311689, -9.951526], [-36.311659, -9.951497], [-36.311517, -9.951342], [-36.311051, -9.95078], [-36.310993, -9.950724], [-36.310928, -9.950677], [-36.310744, -9.950566], [-36.309123, -9.949649], [-36.30388, -9.946693], [-36.303291, -9.946365], [-36.303009, -9.946201], [-36.30295, -9.946157], [-36.302896, -9.946107], [-36.302833, -9.946032], [-36.302782, -9.945948], [-36.302725, -9.945828], [-36.302565, -9.945453], [-36.301214, -9.942186], [-36.300269, -9.939826], [-36.299699, -9.938368], [-36.296334, -9.929847], [-36.295889, -9.928707], [-36.294463, -9.925107], [-36.28915, -9.911624], [-36.286632, -9.90524], [-36.285535, -9.902474], [-36.2853, -9.901872], [-36.285279, -9.901795], [-36.28527, -9.901735], [-36.285248, -9.901316], [-36.285133, -9.898035], [-36.285125, -9.897591], [-36.285115, -9.897478], [-36.285106, -9.897437], [-36.285093, -9.897397], [-36.28507, -9.897347], [-36.284986, -9.897205], [-36.284954, -9.897161], [-36.282619, -9.894284], [-36.281849, -9.893346], [-36.280963, -9.892249], [-36.280386, -9.891527], [-36.279827, -9.890844], [-36.277886, -9.888427], [-36.277345, -9.887725], [-36.2732, -9.88228], [-36.272545, -9.881405], [-36.272508, -9.881369], [-36.272271, -9.881176], [-36.270297, -9.879627], [-36.270265, -9.879599], [-36.269896, -9.879181], [-36.269395, -9.878602], [-36.268821, -9.877948], [-36.268377, -9.877416], [-36.26818, -9.87719], [-36.267934, -9.876932], [-36.267733, -9.876696], [-36.267219, -9.876114], [-36.266863, -9.875695], [-36.266747, -9.875564], [-36.266665, -9.875481], [-36.266622, -9.875442], [-36.266575, -9.875408], [-36.266524, -9.875379], [-36.266434, -9.875343], [-36.266337, -9.875318], [-36.266012, -9.875259], [-36.260738, -9.874411], [-36.258845, -9.874104], [-36.253245, -9.873211], [-36.252817, -9.873138], [-36.252759, -9.873124], [-36.252674, -9.873095], [-36.252619, -9.873071], [-36.252566, -9.873043], [-36.252515, -9.873012], [-36.252467, -9.872976], [-36.252399, -9.872917], [-36.252186, -9.87271], [-36.250216, -9.870738], [-36.249424, -9.869951], [-36.248831, -9.869348], [-36.248509, -9.868984], [-36.248459, -9.868932], [-36.248339, -9.868816], [-36.248046, -9.868561], [-36.247838, -9.868369], [-36.247008, -9.867539], [-36.246692, -9.867229], [-36.246584, -9.867127], [-36.246533, -9.867066], [-36.246502, -9.867022], [-36.246474, -9.866977], [-36.246439, -9.866905], [-36.246412, -9.866831], [-36.246296, -9.866448], [-36.244223, -9.859266], [-36.243922, -9.858448], [-36.243267, -9.856687], [-36.242703, -9.855191], [-36.242476, -9.854575], [-36.242129, -9.853655], [-36.240357, -9.848912], [-36.240305, -9.848788], [-36.240271, -9.848724], [-36.24023, -9.848664], [-36.240166, -9.848592], [-36.240065, -9.848504], [-36.237881, -9.84683], [-36.237236, -9.84634], [-36.236797, -9.846], [-36.236448, -9.845735], [-36.235833, -9.845256], [-36.235268, -9.844826], [-36.235227, -9.844791], [-36.235106, -9.844672], [-36.235066, -9.844636], [-36.234491, -9.844212], [-36.234366, -9.84411], [-36.233926, -9.843807], [-36.232984, -9.843083], [-36.232727, -9.842897], [-36.232665, -9.84286], [-36.231465, -9.842298], [-36.230602, -9.841886], [-36.230541, -9.841854], [-36.230482, -9.841819], [-36.230399, -9.841758], [-36.230347, -9.841713], [-36.225348, -9.837042], [-36.22035, -9.832349], [-36.218487, -9.830603], [-36.216877, -9.829087], [-36.216666, -9.828896], [-36.2166, -9.828843], [-36.216528, -9.828801], [-36.21647, -9.828775], [-36.21641, -9.828756], [-36.216327, -9.82874], [-36.215212, -9.828643], [-36.214795, -9.828601], [-36.213991, -9.82853], [-36.213225, -9.828457], [-36.212148, -9.828364], [-36.212088, -9.828352], [-36.211946, -9.82831], [-36.211924, -9.828301], [-36.211893, -9.828281], [-36.211829, -9.828226], [-36.211174, -9.827629], [-36.210925, -9.827409], [-36.210104, -9.826672], [-36.209545, -9.82616], [-36.209513, -9.826123], [-36.209288, -9.825803], [-36.209218, -9.825725], [-36.20899, -9.825506], [-36.208905, -9.825435], [-36.208796, -9.825354], [-36.208708, -9.825281], [-36.208591, -9.825169], [-36.208445, -9.825036], [-36.207704, -9.824382], [-36.207454, -9.824151], [-36.20613, -9.822974], [-36.205886, -9.822751], [-36.205712, -9.822598], [-36.20566, -9.822562], [-36.205454, -9.822461], [-36.205409, -9.822431], [-36.205035, -9.8221], [-36.204689, -9.821773], [-36.204546, -9.821643], [-36.204326, -9.82147], [-36.204278, -9.821438], [-36.204096, -9.821336], [-36.201073, -9.819746], [-36.200225, -9.81941], [-36.199732, -9.819222], [-36.199682, -9.819214], [-36.199488, -9.819211], [-36.198909, -9.819218], [-36.198516, -9.819203], [-36.198306, -9.819191], [-36.198176, -9.81919], [-36.198103, -9.819193], [-36.197789, -9.819217], [-36.197461, -9.819214], [-36.197107, -9.819221], [-36.196836, -9.819223], [-36.196772, -9.81922], [-36.19671, -9.81921], [-36.196649, -9.819194], [-36.19659, -9.819172], [-36.196533, -9.819144], [-36.196463, -9.819097], [-36.196228, -9.818916], [-36.193995, -9.817085], [-36.19245, -9.815823], [-36.19193, -9.815392], [-36.189276, -9.813209], [-36.188507, -9.812582], [-36.187219, -9.811522], [-36.185407, -9.810043], [-36.181644, -9.806958], [-36.181578, -9.806901], [-36.181115, -9.806479], [-36.180683, -9.80613], [-36.180456, -9.805959], [-36.18022, -9.80579], [-36.179659, -9.805327], [-36.179314, -9.80505], [-36.177594, -9.803637], [-36.176824, -9.803011], [-36.175306, -9.801763], [-36.175211, -9.801672], [-36.175168, -9.801625], [-36.175118, -9.801555], [-36.175088, -9.801498], [-36.175064, -9.801439], [-36.175045, -9.801378], [-36.175033, -9.801315], [-36.175028, -9.801251], [-36.175026, -9.801169], [-36.175111, -9.799706], [-36.175171, -9.798811], [-36.175208, -9.798187], [-36.175207, -9.798099], [-36.175198, -9.798034], [-36.175182, -9.797969], [-36.17516, -9.797907], [-36.175131, -9.797848], [-36.175096, -9.797792], [-36.175055, -9.79774], [-36.174993, -9.797677], [-36.174941, -9.797637], [-36.174884, -9.797602], [-36.174216, -9.797233], [-36.172756, -9.79641], [-36.167042, -9.793202], [-36.165688, -9.792437], [-36.164507, -9.79178], [-36.163179, -9.791028], [-36.160438, -9.789492], [-36.15802, -9.78813], [-36.157252, -9.787702], [-36.15686, -9.787479], [-36.156374, -9.787209], [-36.151988, -9.784746], [-36.151932, -9.78471], [-36.15188, -9.784669], [-36.151832, -9.784623], [-36.151611, -9.784383], [-36.15127, -9.784006], [-36.151099, -9.783799], [-36.150915, -9.783597], [-36.150756, -9.783408], [-36.150723, -9.783364], [-36.150337, -9.782748], [-36.147695, -9.778282], [-36.147384, -9.777817], [-36.147352, -9.777777], [-36.14717, -9.777612], [-36.146853, -9.777371], [-36.146788, -9.777304], [-36.146759, -9.777265], [-36.146205, -9.77632], [-36.144637, -9.773414], [-36.143585, -9.771831], [-36.142854, -9.770719], [-36.14231, -9.769884], [-36.142291, -9.769836], [-36.142283, -9.769778], [-36.142297, -9.769413], [-36.14227, -9.768221], [-36.142272, -9.768088], [-36.142297, -9.7679], [-36.1423, -9.767852], [-36.142272, -9.767313], [-36.142246, -9.767079], [-36.142241, -9.767048], [-36.142231, -9.767017], [-36.142094, -9.766713], [-36.141982, -9.766525], [-36.141966, -9.766486], [-36.141938, -9.766296], [-36.141915, -9.766079], [-36.141905, -9.765837], [-36.141875, -9.765434], [-36.14187, -9.765403], [-36.141858, -9.765364], [-36.14171, -9.764998], [-36.141591, -9.764718], [-36.141567, -9.764687], [-36.141224, -9.764349], [-36.141202, -9.764331], [-36.141178, -9.764318], [-36.140982, -9.764255], [-36.140529, -9.764184], [-36.140175, -9.764087], [-36.139835, -9.763985], [-36.139797, -9.763969], [-36.139764, -9.763946], [-36.139732, -9.76391], [-36.139712, -9.763874], [-36.1397, -9.763829], [-36.139544, -9.762782], [-36.139503, -9.762529], [-36.13949, -9.762486], [-36.139465, -9.762435], [-36.139439, -9.762398], [-36.139363, -9.76231], [-36.13934, -9.762266], [-36.139178, -9.761642], [-36.13907, -9.761254], [-36.139061, -9.761213], [-36.139039, -9.76067], [-36.139024, -9.759895], [-36.138974, -9.757953], [-36.138979, -9.757895], [-36.138987, -9.757852], [-36.139058, -9.757629], [-36.139379, -9.756815], [-36.139928, -9.755369], [-36.139931, -9.755356], [-36.139929, -9.755337], [-36.139924, -9.755323], [-36.139914, -9.755311], [-36.139727, -9.755185], [-36.138325, -9.754345], [-36.137185, -9.753653], [-36.134217, -9.751869], [-36.133561, -9.751472], [-36.132805, -9.751019], [-36.13052, -9.749642], [-36.129859, -9.749249], [-36.128249, -9.748277], [-36.127954, -9.748102], [-36.124472, -9.745999], [-36.118112, -9.742166], [-36.117477, -9.741783], [-36.117192, -9.741598], [-36.117115, -9.741556], [-36.117049, -9.741525], [-36.116634, -9.741349], [-36.116336, -9.741218], [-36.115833, -9.740986], [-36.115429, -9.740812], [-36.114818, -9.74054], [-36.114769, -9.740516], [-36.114621, -9.740428], [-36.114164, -9.740222], [-36.113961, -9.740139], [-36.113912, -9.740109], [-36.112744, -9.739076], [-36.112549, -9.73889], [-36.112248, -9.738627], [-36.112039, -9.738439], [-36.11168, -9.738133], [-36.111651, -9.738104], [-36.111517, -9.737923], [-36.111092, -9.73739], [-36.110412, -9.736519], [-36.105937, -9.730764], [-36.10589, -9.730709], [-36.105619, -9.730419], [-36.10549, -9.730309], [-36.10495, -9.729809], [-36.102266, -9.727297], [-36.100478, -9.725609], [-36.100141, -9.725296], [-36.098533, -9.723772], [-36.098049, -9.723286], [-36.097918, -9.723183], [-36.094902, -9.72033], [-36.090005, -9.715718], [-36.089515, -9.715271], [-36.089092, -9.714874], [-36.08685, -9.712805], [-36.083343, -9.709561], [-36.08312, -9.709344], [-36.08298, -9.709218], [-36.082762, -9.709033], [-36.082592, -9.708879], [-36.080556, -9.707007], [-36.079894, -9.706404], [-36.079325, -9.705876], [-36.075909, -9.702732], [-36.075605, -9.7025], [-36.075083, -9.702131], [-36.074722, -9.701852], [-36.074322, -9.701574], [-36.074264, -9.701531], [-36.073645, -9.701018], [-36.07342, -9.700827], [-36.073246, -9.70067], [-36.072927, -9.700338], [-36.072639, -9.700061], [-36.071928, -9.699464], [-36.071885, -9.699442], [-36.071739, -9.699386], [-36.070138, -9.698876], [-36.070094, -9.698856], [-36.069473, -9.698406], [-36.06933, -9.698292], [-36.069276, -9.698253], [-36.06925, -9.69823], [-36.069229, -9.698204], [-36.069211, -9.698175], [-36.069189, -9.698127], [-36.069177, -9.69811], [-36.069158, -9.698093], [-36.068578, -9.697674], [-36.068493, -9.697628], [-36.068343, -9.697558], [-36.068081, -9.697378], [-36.067484, -9.696913], [-36.067229, -9.696707], [-36.065635, -9.695363], [-36.065602, -9.695332], [-36.065496, -9.695182], [-36.065458, -9.695121], [-36.064546, -9.693511], [-36.064501, -9.69345], [-36.064469, -9.693418], [-36.064434, -9.69339], [-36.063042, -9.692385], [-36.062628, -9.692078], [-36.06209, -9.691712], [-36.061755, -9.691502], [-36.060051, -9.690465], [-36.058957, -9.689761], [-36.058913, -9.689729], [-36.058739, -9.689586], [-36.058132, -9.689197], [-36.058078, -9.689169], [-36.057833, -9.689076], [-36.05778, -9.689052], [-36.057041, -9.688611], [-36.056693, -9.688386], [-36.056666, -9.688357], [-36.056617, -9.688289], [-36.056569, -9.688214], [-36.056543, -9.688162], [-36.05639, -9.687794], [-36.055679, -9.686027], [-36.05557, -9.685776], [-36.055553, -9.685748], [-36.055536, -9.685728], [-36.055293, -9.685496], [-36.052553, -9.683118], [-36.051557, -9.682262], [-36.048537, -9.679718], [-36.041313, -9.673546], [-36.04012, -9.672534], [-36.038824, -9.671397], [-36.038326, -9.670998], [-36.038145, -9.670862], [-36.037751, -9.670613], [-36.036502, -9.669751], [-36.030926, -9.665882], [-36.025928, -9.662404], [-36.025356, -9.662015], [-36.024995, -9.661755], [-36.020323, -9.658499], [-36.019757, -9.658098], [-36.019688, -9.658054], [-36.019418, -9.657895], [-36.019173, -9.657754], [-36.018965, -9.657638], [-36.018735, -9.657517], [-36.016455, -9.656225], [-36.016318, -9.656151], [-36.016168, -9.656063], [-36.015723, -9.655815], [-36.015677, -9.655786], [-36.015621, -9.65574], [-36.015583, -9.655701], [-36.015421, -9.655509], [-36.015192, -9.655193], [-36.015154, -9.655149], [-36.014924, -9.654929], [-36.014699, -9.654694], [-36.014647, -9.654643], [-36.014591, -9.654595], [-36.014472, -9.654526], [-36.014429, -9.65449], [-36.010856, -9.650751], [-36.010622, -9.65051], [-36.010134, -9.650035], [-36.009641, -9.64947], [-36.009464, -9.649253], [-36.009434, -9.649215], [-36.009252, -9.648941], [-36.009097, -9.648717], [-36.008889, -9.648395], [-36.00848, -9.6478], [-36.008069, -9.647181], [-36.007833, -9.646803], [-36.007712, -9.646616], [-36.007348, -9.646073], [-36.006629, -9.645023], [-36.006312, -9.644519], [-36.005604, -9.643439], [-36.00549, -9.643235], [-36.005213, -9.642699], [-36.004559, -9.641455], [-36.004528, -9.64139], [-36.004486, -9.641282], [-36.004479, -9.641243], [-36.004473, -9.641092], [-36.004555, -9.640129], [-36.004569, -9.639936], [-36.004568, -9.639891], [-36.004504, -9.639586], [-36.004224, -9.638401], [-36.004124, -9.637951], [-36.004067, -9.637715], [-36.004039, -9.637638], [-36.004001, -9.637565], [-36.003954, -9.637498], [-36.003927, -9.637467], [-36.003882, -9.637424], [-36.003817, -9.637374], [-36.003601, -9.637234], [-36.003393, -9.63711], [-36.003341, -9.637085], [-36.003001, -9.63695], [-36.002939, -9.636913], [-36.002883, -9.636867], [-36.002575, -9.636492], [-36.000874, -9.634474], [-36.000847, -9.634434], [-36.00073, -9.634212], [-36.000661, -9.634074], [-36.000631, -9.634008], [-36.000138, -9.632825], [-35.998798, -9.629545], [-35.997581, -9.626587], [-35.996802, -9.624733], [-35.995218, -9.620897], [-35.995193, -9.62083], [-35.99514, -9.620653], [-35.995113, -9.620593], [-35.995088, -9.620552], [-35.995053, -9.620509], [-35.995005, -9.620464], [-35.994778, -9.620287], [-35.988972, -9.615205], [-35.98881, -9.615058], [-35.988675, -9.614903], [-35.988629, -9.614857], [-35.98811, -9.614422], [-35.987123, -9.613557], [-35.986308, -9.612878], [-35.985927, -9.612521], [-35.985754, -9.612337], [-35.985476, -9.612087], [-35.985392, -9.612018], [-35.984863, -9.611617], [-35.984778, -9.61155], [-35.984383, -9.611219], [-35.984093, -9.61096], [-35.983752, -9.610674], [-35.98256, -9.609613], [-35.982403, -9.60948], [-35.982127, -9.609212], [-35.981841, -9.608959], [-35.981273, -9.608472], [-35.98121, -9.608407], [-35.981096, -9.608257], [-35.9809, -9.607944], [-35.972725, -9.595765], [-35.971432, -9.593834], [-35.970946, -9.5931], [-35.969229, -9.590551], [-35.969174, -9.590458], [-35.96902, -9.590153], [-35.968998, -9.590103], [-35.968982, -9.590052], [-35.968883, -9.58967], [-35.968826, -9.589496], [-35.968801, -9.589448], [-35.968769, -9.589404], [-35.968732, -9.589365], [-35.9687, -9.589339], [-35.968666, -9.589317], [-35.968629, -9.589298], [-35.96793, -9.588987], [-35.96486, -9.587568], [-35.957618, -9.584201], [-35.957574, -9.584183], [-35.957512, -9.584167], [-35.957464, -9.58416], [-35.957416, -9.584159], [-35.957368, -9.584163], [-35.957152, -9.5842], [-35.95432, -9.58472], [-35.95407, -9.584758], [-35.954008, -9.584774], [-35.953939, -9.584808], [-35.953888, -9.584847], [-35.952136, -9.586442], [-35.951498, -9.587017], [-35.949982, -9.5884], [-35.949896, -9.588475], [-35.94807, -9.590149], [-35.948028, -9.590183], [-35.947968, -9.59022], [-35.947918, -9.59024], [-35.947844, -9.590256], [-35.947779, -9.590262], [-35.947389, -9.590281], [-35.940982, -9.590489], [-35.922391, -9.591063], [-35.918538, -9.591179], [-35.910891, -9.591398], [-35.910782, -9.591395], [-35.91033, -9.591359], [-35.910294, -9.591359], [-35.910258, -9.591365], [-35.910198, -9.591387], [-35.910146, -9.591423], [-35.91011, -9.591463], [-35.910079, -9.591519], [-35.910065, -9.591562], [-35.909956, -9.592073], [-35.909944, -9.59211], [-35.909922, -9.592154], [-35.909741, -9.592426], [-35.907694, -9.595571], [-35.906153, -9.597932], [-35.90611, -9.59799], [-35.906014, -9.59809], [-35.905975, -9.59814], [-35.905951, -9.59818], [-35.905931, -9.598223], [-35.905909, -9.598297], [-35.905901, -9.59836], [-35.9059, -9.598406], [-35.905905, -9.598453], [-35.905914, -9.598499], [-35.906052, -9.598968], [-35.906939, -9.60223], [-35.906953, -9.602268], [-35.906982, -9.60232], [-35.907021, -9.602365], [-35.907069, -9.6024], [-35.907114, -9.602421], [-35.907152, -9.602432], [-35.907732, -9.602561]]]}}
]
}
