{
"type": "FeatureCollection",
"features": [
{"type": "Feature", "properties": {"ProjectID": "P6250", "full_id": null, "osm_id": null, "osm_type": null, "man_made": null, "operator:wikidata": null, "bridge": null, "intermittent": null, "operator": null, "waterway": null, "tunnel": null, "name": null, "gnis:feature_id": null, "nhd:com_id": null, "pipe_type": null, "nhd:reach_code": null, "nhd:fdate": null, "location": null, "layer": null, "gnis:ftype": null, "gnis:fcode": null, "tiger:reviewed": null, "tiger:county": null, "tiger:cfcc": null, "substance": null, "tiger:upload_uuid": null, "tiger:tlid": null, "tiger:source": null, "path": null}, "geometry": {"type": "LineString", "coordinates": [[-120.456162, 36.857648], [-120.445863, 36.831822], [-120.396424, 36.776843], [-120.385438, 36.762542], [-120.387016, 36.724418]]}},
{"type": "Feature", "properties": {"ProjectID": "P6250", "full_id": null, "osm_id": null, "osm_type": null, "man_made": null, "operator:wikidata": null, "bridge": null, "intermittent": null, "operator": null, "waterway": null, "tunnel": null, "name": null, "gnis:feature_id": null, "nhd:com_id": null, "pipe_type": null, "nhd:reach_code": null, "nhd:fdate": null, "location": null, "layer": null, "gnis:ftype": null, "gnis:fcode": null, "tiger:reviewed": null, "tiger:county": null, "tiger:cfcc": null, "substance": null, "tiger:upload_uuid": null, "tiger:tlid": null, "tiger:source": null, "path": null}, "geometry": {"type": "LineString", "coordinates": [[-122.184105, 38.110924], [-122.179642, 38.107817], [-122.179127, 38.108223], [-122.177754, 38.109303], [-122.175436, 38.111464], [-122.172249, 38.114019], [-122.170887, 38.115111], [-122.167368, 38.118015], [-122.165051, 38.120648], [-122.161687, 38.121269], [-122.158098, 38.121931], [-122.154064, 38.125307], [-122.15106, 38.126995], [-122.149172, 38.129898], [-122.146254, 38.134557], [-122.147112, 38.136514], [-122.147284, 38.138877], [-122.145739, 38.140835], [-122.144451, 38.148935], [-122.14385, 38.15393], [-122.144709, 38.15582], [-122.144623, 38.156899], [-122.14428, 38.158047], [-122.143078, 38.158317], [-122.142305, 38.157979], [-122.141275, 38.158384], [-122.144108, 38.183149], [-122.14282, 38.183149], [-122.143078, 38.184026], [-122.138701, 38.190569], [-122.137499, 38.213772], [-122.140846, 38.213839], [-122.142134, 38.214648], [-122.153468, 38.213052], [-122.163677, 38.211614], [-122.170458, 38.212356], [-122.172432, 38.210265], [-122.175007, 38.208309], [-122.180157, 38.207702], [-122.180157, 38.206421], [-122.184019, 38.206421], [-122.184105, 38.207972], [-122.180157, 38.207702]]}},
{"type": "Feature", "properties": {"ProjectID": "P6250", "full_id": null, "osm_id": null, "osm_type": null, "man_made": null, "operator:wikidata": null, "bridge": null, "intermittent": null, "operator": null, "waterway": null, "tunnel": null, "name": null, "gnis:feature_id": null, "nhd:com_id": null, "pipe_type": null, "nhd:reach_code": null, "nhd:fdate": null, "location": null, "layer": null, "gnis:ftype": null, "gnis:fcode": null, "tiger:reviewed": null, "tiger:county": null, "tiger:cfcc": null, "substance": null, "tiger:upload_uuid": null, "tiger:tlid": null, "tiger:source": null, "path": null}, "geometry": {"type": "LineString", "coordinates": [[-122.329416, 37.912615], [-122.32667, 37.911904], [-122.326198, 37.913123]]}},
{"type": "Feature", "properties": {"ProjectID": "P6250", "full_id": null, "osm_id": null, "osm_type": null, "man_made": null, "operator:wikidata": null, "bridge": null, "intermittent": null, "operator": null, "waterway": null, "tunnel": null, "name": null, "gnis:feature_id": null, "nhd:com_id": null, "pipe_type": null, "nhd:reach_code": null, "nhd:fdate": null, "location": null, "layer": null, "gnis:ftype": null, "gnis:fcode": null, "tiger:reviewed": null, "tiger:county": null, "tiger:cfcc": null, "substance": null, "tiger:upload_uuid": null, "tiger:tlid": null, "tiger:source": null, "path": null}, "geometry": {"type": "LineString", "coordinates": [[-122.593946, 38.234944], [-122.578454, 38.251392], [-122.615576, 38.260693], [-122.625961, 38.249202], [-122.646689, 38.260997], [-122.657161, 38.266792], [-122.659135, 38.267972], [-122.663641, 38.272453], [-122.680292, 38.281044], [-122.681108, 38.27909], [-122.689562, 38.286467], [-122.692523, 38.287983], [-122.69836, 38.290846], [-122.703252, 38.294214], [-122.706127, 38.296235], [-122.726555, 38.30708], [-122.726641, 38.308965], [-122.725396, 38.309875], [-122.734494, 38.320919], [-122.734838, 38.322973], [-122.735138, 38.324757], [-122.735782, 38.325868], [-122.73767, 38.329302], [-122.738571, 38.331524], [-122.741361, 38.336035], [-122.741275, 38.346234], [-122.741447, 38.360941], [-122.741489, 38.378033], [-122.741382, 38.412593], [-122.739837, 38.414862], [-122.740781, 38.422915], [-122.743721, 38.445186], [-122.751317, 38.445287], [-122.751317, 38.452715], [-122.757025, 38.452614]]}},
{"type": "Feature", "properties": {"ProjectID": "P6250", "full_id": null, "osm_id": null, "osm_type": null, "man_made": null, "operator:wikidata": null, "bridge": null, "intermittent": null, "operator": null, "waterway": null, "tunnel": null, "name": null, "gnis:feature_id": null, "nhd:com_id": null, "pipe_type": null, "nhd:reach_code": null, "nhd:fdate": null, "location": null, "layer": null, "gnis:ftype": null, "gnis:fcode": null, "tiger:reviewed": null, "tiger:county": null, "tiger:cfcc": null, "substance": null, "tiger:upload_uuid": null, "tiger:tlid": null, "tiger:source": null, "path": null}, "geometry": {"type": "LineString", "coordinates": [[-119.736385, 36.757659], [-119.741192, 36.757384], [-119.74102, 36.755528], [-119.74411, 36.755596], [-119.74514, 36.707169]]}},
{"type": "Feature", "properties": {"ProjectID": "P6250", "full_id": null, "osm_id": null, "osm_type": null, "man_made": null, "operator:wikidata": null, "bridge": null, "intermittent": null, "operator": null, "waterway": null, "tunnel": null, "name": null, "gnis:feature_id": null, "nhd:com_id": null, "pipe_type": null, "nhd:reach_code": null, "nhd:fdate": null, "location": null, "layer": null, "gnis:ftype": null, "gnis:fcode": null, "tiger:reviewed": null, "tiger:county": null, "tiger:cfcc": null, "substance": null, "tiger:upload_uuid": null, "tiger:tlid": null, "tiger:source": null, "path": null}, "geometry": {"type": "LineString", "coordinates": [[-122.222783, 38.092068], [-122.230368, 38.093802], [-122.230668, 38.093025], [-122.233071, 38.093633], [-122.232728, 38.093971], [-122.233114, 38.094579], [-122.23423, 38.09468], [-122.23393, 38.095592], [-122.235088, 38.095862], [-122.234788, 38.096774], [-122.238307, 38.100861], [-122.238135, 38.11349], [-122.255988, 38.113997], [-122.257576, 38.112342], [-122.261181, 38.110856], [-122.265043, 38.109877]]}},
{"type": "Feature", "properties": {"ProjectID": "P6250", "full_id": null, "osm_id": null, "osm_type": null, "man_made": null, "operator:wikidata": null, "bridge": null, "intermittent": null, "operator": null, "waterway": null, "tunnel": null, "name": null, "gnis:feature_id": null, "nhd:com_id": null, "pipe_type": null, "nhd:reach_code": null, "nhd:fdate": null, "location": null, "layer": null, "gnis:ftype": null, "gnis:fcode": null, "tiger:reviewed": null, "tiger:county": null, "tiger:cfcc": null, "substance": null, "tiger:upload_uuid": null, "tiger:tlid": null, "tiger:source": null, "path": null}, "geometry": {"type": "LineString", "coordinates": [[-122.112651, 39.571491], [-122.107673, 39.571458], [-122.107544, 39.582076], [-122.137283, 39.582494], [-122.178955, 39.582275], [-122.178955, 39.581349], [-122.192688, 39.582407]]}},
{"type": "Feature", "properties": {"ProjectID": "P6250", "full_id": null, "osm_id": null, "osm_type": null, "man_made": null, "operator:wikidata": null, "bridge": null, "intermittent": null, "operator": null, "waterway": null, "tunnel": null, "name": null, "gnis:feature_id": null, "nhd:com_id": null, "pipe_type": null, "nhd:reach_code": null, "nhd:fdate": null, "location": null, "layer": null, "gnis:ftype": null, "gnis:fcode": null, "tiger:reviewed": null, "tiger:county": null, "tiger:cfcc": null, "substance": null, "tiger:upload_uuid": null, "tiger:tlid": null, "tiger:source": null, "path": null}, "geometry": {"type": "LineString", "coordinates": [[-121.988926, 38.938382], [-121.981115, 38.926431], [-121.970558, 38.910938], [-121.985364, 38.904626], [-121.989956, 38.903792], [-122.019954, 38.893571], [-122.03167, 38.893505], [-122.043085, 38.889997], [-122.071833, 38.886568]]}},
{"type": "Feature", "properties": {"ProjectID": "P6250", "full_id": null, "osm_id": null, "osm_type": null, "man_made": null, "operator:wikidata": null, "bridge": null, "intermittent": null, "operator": null, "waterway": null, "tunnel": null, "name": null, "gnis:feature_id": null, "nhd:com_id": null, "pipe_type": null, "nhd:reach_code": null, "nhd:fdate": null, "location": null, "layer": null, "gnis:ftype": null, "gnis:fcode": null, "tiger:reviewed": null, "tiger:county": null, "tiger:cfcc": null, "substance": null, "tiger:upload_uuid": null, "tiger:tlid": null, "tiger:source": null, "path": null}, "geometry": {"type": "LineString", "coordinates": [[-119.073773, 35.260058], [-118.897649, 35.148829], [-118.893357, 35.142933], [-118.851472, 35.141529], [-118.59278, 35.075108]]}},
{"type": "Feature", "properties": {"ProjectID": "P6250", "full_id": null, "osm_id": null, "osm_type": null, "man_made": null, "operator:wikidata": null, "bridge": null, "intermittent": null, "operator": null, "waterway": null, "tunnel": null, "name": null, "gnis:feature_id": null, "nhd:com_id": null, "pipe_type": null, "nhd:reach_code": null, "nhd:fdate": null, "location": null, "layer": null, "gnis:ftype": null, "gnis:fcode": null, "tiger:reviewed": null, "tiger:county": null, "tiger:cfcc": null, "substance": null, "tiger:upload_uuid": null, "tiger:tlid": null, "tiger:source": null, "path": null}, "geometry": {"type": "LineString", "coordinates": [[-122.038622, 38.247213], [-122.038536, 38.263793], [-122.036734, 38.264467], [-122.034245, 38.26467], [-122.03433, 38.26568], [-122.024374, 38.265613]]}},
{"type": "Feature", "properties": {"ProjectID": "P6250", "full_id": null, "osm_id": null, "osm_type": null, "man_made": null, "operator:wikidata": null, "bridge": null, "intermittent": null, "operator": null, "waterway": null, "tunnel": null, "name": null, "gnis:feature_id": null, "nhd:com_id": null, "pipe_type": null, "nhd:reach_code": null, "nhd:fdate": null, "location": null, "layer": null, "gnis:ftype": null, "gnis:fcode": null, "tiger:reviewed": null, "tiger:county": null, "tiger:cfcc": null, "substance": null, "tiger:upload_uuid": null, "tiger:tlid": null, "tiger:source": null, "path": null}, "geometry": {"type": "LineString", "coordinates": [[-122.130032, 38.004583], [-122.129946, 38.005023], [-122.131062, 38.005124], [-122.132521, 37.996298], [-122.132092, 37.994979], [-122.129302, 37.995723], [-122.128401, 37.993795], [-122.125654, 37.990413], [-122.128615, 37.989398], [-122.127113, 37.986625], [-122.127843, 37.986388], [-122.125783, 37.983682], [-122.122736, 37.983378], [-122.120204, 37.983276], [-122.117887, 37.983276], [-122.116427, 37.982972], [-122.115226, 37.981889]]}},
{"type": "Feature", "properties": {"ProjectID": "P6250", "full_id": null, "osm_id": null, "osm_type": null, "man_made": null, "operator:wikidata": null, "bridge": null, "intermittent": null, "operator": null, "waterway": null, "tunnel": null, "name": null, "gnis:feature_id": null, "nhd:com_id": null, "pipe_type": null, "nhd:reach_code": null, "nhd:fdate": null, "location": null, "layer": null, "gnis:ftype": null, "gnis:fcode": null, "tiger:reviewed": null, "tiger:county": null, "tiger:cfcc": null, "substance": null, "tiger:upload_uuid": null, "tiger:tlid": null, "tiger:source": null, "path": null}, "geometry": {"type": "LineString", "coordinates": [[-121.555739, 38.579176], [-121.555481, 38.576957], [-121.545954, 38.57689], [-121.54604, 38.574743]]}},
{"type": "Feature", "properties": {"ProjectID": "P6250", "full_id": null, "osm_id": null, "osm_type": null, "man_made": null, "operator:wikidata": null, "bridge": null, "intermittent": null, "operator": null, "waterway": null, "tunnel": null, "name": null, "gnis:feature_id": null, "nhd:com_id": null, "pipe_type": null, "nhd:reach_code": null, "nhd:fdate": null, "location": null, "layer": null, "gnis:ftype": null, "gnis:fcode": null, "tiger:reviewed": null, "tiger:county": null, "tiger:cfcc": null, "substance": null, "tiger:upload_uuid": null, "tiger:tlid": null, "tiger:source": null, "path": null}, "geometry": {"type": "LineString", "coordinates": [[-122.183996, 37.481726], [-122.183515, 37.481227], [-122.183236, 37.481159], [-122.182796, 37.481704], [-122.182195, 37.481959], [-122.179824, 37.482317], [-122.179255, 37.482257], [-122.17755, 37.481533], [-122.172829, 37.478868], [-122.170565, 37.477557], [-122.167465, 37.47571], [-122.165737, 37.474688], [-122.166821, 37.472576], [-122.167078, 37.472448], [-122.167443, 37.472338], [-122.173934, 37.459471], [-122.174782, 37.459922]]}},
{"type": "Feature", "properties": {"ProjectID": "P6250", "full_id": null, "osm_id": null, "osm_type": null, "man_made": null, "operator:wikidata": null, "bridge": null, "intermittent": null, "operator": null, "waterway": null, "tunnel": null, "name": null, "gnis:feature_id": null, "nhd:com_id": null, "pipe_type": null, "nhd:reach_code": null, "nhd:fdate": null, "location": null, "layer": null, "gnis:ftype": null, "gnis:fcode": null, "tiger:reviewed": null, "tiger:county": null, "tiger:cfcc": null, "substance": null, "tiger:upload_uuid": null, "tiger:tlid": null, "tiger:source": null, "path": null}, "geometry": {"type": "LineString", "coordinates": [[-122.346689, 37.919766], [-122.351561, 37.919758], [-122.351561, 37.92118]]}},
{"type": "Feature", "properties": {"ProjectID": "P6250", "full_id": null, "osm_id": null, "osm_type": null, "man_made": null, "operator:wikidata": null, "bridge": null, "intermittent": null, "operator": null, "waterway": null, "tunnel": null, "name": null, "gnis:feature_id": null, "nhd:com_id": null, "pipe_type": null, "nhd:reach_code": null, "nhd:fdate": null, "location": null, "layer": null, "gnis:ftype": null, "gnis:fcode": null, "tiger:reviewed": null, "tiger:county": null, "tiger:cfcc": null, "substance": null, "tiger:upload_uuid": null, "tiger:tlid": null, "tiger:source": null, "path": null}, "geometry": {"type": "LineString", "coordinates": [[-122.120891, 37.891857], [-122.110891, 37.891721], [-122.10866, 37.891315], [-122.105312, 37.890502], [-122.10248, 37.889012], [-122.099218, 37.886912], [-122.097759, 37.886167], [-122.094326, 37.886438], [-122.090378, 37.886167], [-122.08703, 37.885422], [-122.083683, 37.884338], [-122.081108, 37.883999], [-122.077417, 37.884948], [-122.069435, 37.888877], [-122.068577, 37.890299], [-122.067804, 37.892941], [-122.060852, 37.897682], [-122.062311, 37.901949], [-122.056303, 37.907705], [-122.052441, 37.908856], [-122.050381, 37.909195], [-122.047892, 37.910143], [-122.0436, 37.91319], [-122.033129, 37.907434], [-122.031756, 37.906622], [-122.033472, 37.903981], [-122.032356, 37.89775], [-122.032271, 37.894295], [-122.03064, 37.894634], [-122.032614, 37.89118], [-122.031241, 37.890638], [-122.032528, 37.887048], [-122.029438, 37.878512], [-122.025576, 37.877157], [-122.025147, 37.866316], [-122.02343, 37.866384], [-122.024546, 37.865097], [-122.021628, 37.862183], [-122.022142, 37.861167], [-122.021971, 37.860082], [-122.014246, 37.850595], [-122.013388, 37.85073], [-122.012358, 37.848765], [-122.01047, 37.847884], [-122.008667, 37.847138], [-122.007036, 37.846189], [-122.007465, 37.845105], [-122.006521, 37.843072], [-122.005406, 37.841174], [-122.005062, 37.839208], [-122.005062, 37.836971], [-122.00532, 37.835344], [-122.006264, 37.833582], [-122.006435, 37.832633], [-122.00429, 37.831412], [-122.003346, 37.827752], [-122.002058, 37.827684], [-122.001886, 37.826803], [-122.001972, 37.825853], [-122.001801, 37.825108], [-121.999912, 37.824565]]}},
{"type": "Feature", "properties": {"ProjectID": "P6250", "full_id": null, "osm_id": null, "osm_type": null, "man_made": null, "operator:wikidata": null, "bridge": null, "intermittent": null, "operator": null, "waterway": null, "tunnel": null, "name": null, "gnis:feature_id": null, "nhd:com_id": null, "pipe_type": null, "nhd:reach_code": null, "nhd:fdate": null, "location": null, "layer": null, "gnis:ftype": null, "gnis:fcode": null, "tiger:reviewed": null, "tiger:county": null, "tiger:cfcc": null, "substance": null, "tiger:upload_uuid": null, "tiger:tlid": null, "tiger:source": null, "path": null}, "geometry": {"type": "LineString", "coordinates": [[-121.482868, 38.533597], [-121.483383, 38.506669], [-121.474114, 38.507072], [-121.473599, 38.488398], [-121.468964, 38.488935], [-121.467591, 38.485307], [-121.46862, 38.485106], [-121.468878, 38.481545], [-121.466646, 38.48141], [-121.464634, 38.474227], [-121.463728, 38.470995], [-121.464758, 38.469315], [-121.462526, 38.459705], [-121.460981, 38.45984], [-121.457892, 38.434564], [-121.446219, 38.434161], [-121.444244, 38.434094], [-121.441927, 38.434699], [-121.439095, 38.435707], [-121.43652, 38.436178], [-121.434202, 38.435775], [-121.432228, 38.434901], [-121.430855, 38.434161], [-121.429911, 38.432816], [-121.428967, 38.431741], [-121.426392, 38.430665], [-121.423817, 38.430194], [-121.417723, 38.430665], [-121.417723, 38.423537], [-121.414805, 38.423537], [-121.412315, 38.423134], [-121.409397, 38.422125], [-121.406307, 38.421587], [-121.402016, 38.422327], [-121.399613, 38.422193], [-121.398153, 38.421386], [-121.396437, 38.42031], [-121.394978, 38.42078], [-121.392832, 38.416477], [-121.390171, 38.421049], [-121.390343, 38.423336], [-121.353092, 38.423739], [-121.334639, 38.423672], [-121.334725, 38.424681]]}},
{"type": "Feature", "properties": {"ProjectID": "P6250", "full_id": null, "osm_id": null, "osm_type": null, "man_made": null, "operator:wikidata": null, "bridge": null, "intermittent": null, "operator": null, "waterway": null, "tunnel": null, "name": null, "gnis:feature_id": null, "nhd:com_id": null, "pipe_type": null, "nhd:reach_code": null, "nhd:fdate": null, "location": null, "layer": null, "gnis:ftype": null, "gnis:fcode": null, "tiger:reviewed": null, "tiger:county": null, "tiger:cfcc": null, "substance": null, "tiger:upload_uuid": null, "tiger:tlid": null, "tiger:source": null, "path": null}, "geometry": {"type": "LineString", "coordinates": [[-121.961203, 38.889096], [-121.938372, 38.856954], [-121.92687, 38.841981], [-121.849108, 38.76874], [-121.835461, 38.757363], [-121.812459, 38.742367], [-121.807051, 38.738017], [-121.802588, 38.734201], [-121.803103, 38.732728], [-121.798382, 38.729849], [-121.788597, 38.720876], [-121.783791, 38.72101]]}},
{"type": "Feature", "properties": {"ProjectID": "P6250", "full_id": null, "osm_id": null, "osm_type": null, "man_made": null, "operator:wikidata": null, "bridge": null, "intermittent": null, "operator": null, "waterway": null, "tunnel": null, "name": null, "gnis:feature_id": null, "nhd:com_id": null, "pipe_type": null, "nhd:reach_code": null, "nhd:fdate": null, "location": null, "layer": null, "gnis:ftype": null, "gnis:fcode": null, "tiger:reviewed": null, "tiger:county": null, "tiger:cfcc": null, "substance": null, "tiger:upload_uuid": null, "tiger:tlid": null, "tiger:source": null, "path": null}, "geometry": {"type": "LineString", "coordinates": [[-122.263913, 39.531618], [-122.230797, 39.531585], [-122.231054, 39.524435], [-122.233801, 39.524303], [-122.233543, 39.522912]]}},
{"type": "Feature", "properties": {"ProjectID": "P6250", "full_id": null, "osm_id": null, "osm_type": null, "man_made": null, "operator:wikidata": null, "bridge": null, "intermittent": null, "operator": null, "waterway": null, "tunnel": null, "name": null, "gnis:feature_id": null, "nhd:com_id": null, "pipe_type": null, "nhd:reach_code": null, "nhd:fdate": null, "location": null, "layer": null, "gnis:ftype": null, "gnis:fcode": null, "tiger:reviewed": null, "tiger:county": null, "tiger:cfcc": null, "substance": null, "tiger:upload_uuid": null, "tiger:tlid": null, "tiger:source": null, "path": null}, "geometry": {"type": "LineString", "coordinates": [[-121.953135, 38.351686], [-121.933737, 38.351417], [-121.93408, 38.358551], [-121.906099, 38.358753], [-121.9067, 38.353907], [-121.909018, 38.350946]]}},
{"type": "Feature", "properties": {"ProjectID": "P6250", "full_id": null, "osm_id": null, "osm_type": null, "man_made": null, "operator:wikidata": null, "bridge": null, "intermittent": null, "operator": null, "waterway": null, "tunnel": null, "name": null, "gnis:feature_id": null, "nhd:com_id": null, "pipe_type": null, "nhd:reach_code": null, "nhd:fdate": null, "location": null, "layer": null, "gnis:ftype": null, "gnis:fcode": null, "tiger:reviewed": null, "tiger:county": null, "tiger:cfcc": null, "substance": null, "tiger:upload_uuid": null, "tiger:tlid": null, "tiger:source": null, "path": null}, "geometry": {"type": "LineString", "coordinates": [[-121.995063, 39.406356], [-121.983347, 39.402244], [-121.981587, 39.402742], [-121.958027, 39.394517], [-121.950431, 39.391334], [-121.950345, 39.390305], [-121.940732, 39.384169]]}},
{"type": "Feature", "properties": {"ProjectID": "P6250", "full_id": null, "osm_id": null, "osm_type": null, "man_made": null, "operator:wikidata": null, "bridge": null, "intermittent": null, "operator": null, "waterway": null, "tunnel": null, "name": null, "gnis:feature_id": null, "nhd:com_id": null, "pipe_type": null, "nhd:reach_code": null, "nhd:fdate": null, "location": null, "layer": null, "gnis:ftype": null, "gnis:fcode": null, "tiger:reviewed": null, "tiger:county": null, "tiger:cfcc": null, "substance": null, "tiger:upload_uuid": null, "tiger:tlid": null, "tiger:source": null, "path": null}, "geometry": {"type": "LineString", "coordinates": [[-121.574536, 37.965448], [-121.579291, 37.961757], [-121.596852, 37.948123], [-121.604233, 37.940272], [-121.604748, 37.93269], [-121.613846, 37.932825], [-121.622944, 37.92443], [-121.623116, 37.91793], [-121.626722, 37.917941], [-121.631355, 37.917955], [-121.713581, 37.918201], [-121.719793, 37.903013]]}},
{"type": "Feature", "properties": {"ProjectID": "P6250", "full_id": null, "osm_id": null, "osm_type": null, "man_made": null, "operator:wikidata": null, "bridge": null, "intermittent": null, "operator": null, "waterway": null, "tunnel": null, "name": null, "gnis:feature_id": null, "nhd:com_id": null, "pipe_type": null, "nhd:reach_code": null, "nhd:fdate": null, "location": null, "layer": null, "gnis:ftype": null, "gnis:fcode": null, "tiger:reviewed": null, "tiger:county": null, "tiger:cfcc": null, "substance": null, "tiger:upload_uuid": null, "tiger:tlid": null, "tiger:source": null, "path": null}, "geometry": {"type": "LineString", "coordinates": [[-121.980343, 39.056651], [-121.984377, 39.056584], [-121.984463, 39.057451]]}},
{"type": "Feature", "properties": {"ProjectID": "P6250", "full_id": null, "osm_id": null, "osm_type": null, "man_made": null, "operator:wikidata": null, "bridge": null, "intermittent": null, "operator": null, "waterway": null, "tunnel": null, "name": null, "gnis:feature_id": null, "nhd:com_id": null, "pipe_type": null, "nhd:reach_code": null, "nhd:fdate": null, "location": null, "layer": null, "gnis:ftype": null, "gnis:fcode": null, "tiger:reviewed": null, "tiger:county": null, "tiger:cfcc": null, "substance": null, "tiger:upload_uuid": null, "tiger:tlid": null, "tiger:source": null, "path": null}, "geometry": {"type": "LineString", "coordinates": [[-122.046776, 37.553832], [-122.044287, 37.552879], [-122.043171, 37.55356], [-122.037592, 37.551178], [-122.038364, 37.550498], [-122.036691, 37.550532], [-122.034459, 37.549545], [-122.031884, 37.548218], [-122.030211, 37.547299], [-122.029009, 37.544986], [-122.029438, 37.543557], [-122.023087, 37.540426], [-122.01828, 37.537976], [-121.990557, 37.523274], [-121.989527, 37.522048], [-121.989784, 37.521027], [-121.989012, 37.520415], [-121.985664, 37.518508], [-121.98472, 37.519393], [-121.973219, 37.510611], [-121.974592, 37.507207], [-121.971588, 37.505981], [-121.966438, 37.501691], [-121.963949, 37.503734], [-121.94367, 37.488232], [-121.942095, 37.487029], [-121.938114, 37.483985], [-121.939659, 37.483372], [-121.939144, 37.482419], [-121.938114, 37.482487], [-121.935625, 37.479422], [-121.929703, 37.468795], [-121.929381, 37.468147], [-121.926012, 37.46137], [-121.924467, 37.458576], [-121.923781, 37.455579]]}},
{"type": "Feature", "properties": {"ProjectID": "P6250", "full_id": null, "osm_id": null, "osm_type": null, "man_made": null, "operator:wikidata": null, "bridge": null, "intermittent": null, "operator": null, "waterway": null, "tunnel": null, "name": null, "gnis:feature_id": null, "nhd:com_id": null, "pipe_type": null, "nhd:reach_code": null, "nhd:fdate": null, "location": null, "layer": null, "gnis:ftype": null, "gnis:fcode": null, "tiger:reviewed": null, "tiger:county": null, "tiger:cfcc": null, "substance": null, "tiger:upload_uuid": null, "tiger:tlid": null, "tiger:source": null, "path": null}, "geometry": {"type": "LineString", "coordinates": [[-119.034462, 35.498832], [-119.032574, 35.506378], [-119.028969, 35.507217]]}},
{"type": "Feature", "properties": {"ProjectID": "P6250", "full_id": null, "osm_id": null, "osm_type": null, "man_made": null, "operator:wikidata": null, "bridge": null, "intermittent": null, "operator": null, "waterway": null, "tunnel": null, "name": null, "gnis:feature_id": null, "nhd:com_id": null, "pipe_type": null, "nhd:reach_code": null, "nhd:fdate": null, "location": null, "layer": null, "gnis:ftype": null, "gnis:fcode": null, "tiger:reviewed": null, "tiger:county": null, "tiger:cfcc": null, "substance": null, "tiger:upload_uuid": null, "tiger:tlid": null, "tiger:source": null, "path": null}, "geometry": {"type": "LineString", "coordinates": [[-121.474114, 38.562999], [-121.461411, 38.559375], [-121.459951, 38.557361], [-121.449909, 38.554609], [-121.450424, 38.553133], [-121.449909, 38.550985], [-121.44742, 38.550246]]}},
{"type": "Feature", "properties": {"ProjectID": "P6250", "full_id": null, "osm_id": null, "osm_type": null, "man_made": null, "operator:wikidata": null, "bridge": null, "intermittent": null, "operator": null, "waterway": null, "tunnel": null, "name": null, "gnis:feature_id": null, "nhd:com_id": null, "pipe_type": null, "nhd:reach_code": null, "nhd:fdate": null, "location": null, "layer": null, "gnis:ftype": null, "gnis:fcode": null, "tiger:reviewed": null, "tiger:county": null, "tiger:cfcc": null, "substance": null, "tiger:upload_uuid": null, "tiger:tlid": null, "tiger:source": null, "path": null}, "geometry": {"type": "LineString", "coordinates": [[-120.999299, 37.71316], [-121.056978, 37.71316], [-121.056978, 37.692515], [-120.995531, 37.639413]]}},
{"type": "Feature", "properties": {"ProjectID": "P6250", "full_id": null, "osm_id": null, "osm_type": null, "man_made": null, "operator:wikidata": null, "bridge": null, "intermittent": null, "operator": null, "waterway": null, "tunnel": null, "name": null, "gnis:feature_id": null, "nhd:com_id": null, "pipe_type": null, "nhd:reach_code": null, "nhd:fdate": null, "location": null, "layer": null, "gnis:ftype": null, "gnis:fcode": null, "tiger:reviewed": null, "tiger:county": null, "tiger:cfcc": null, "substance": null, "tiger:upload_uuid": null, "tiger:tlid": null, "tiger:source": null, "path": null}, "geometry": {"type": "LineString", "coordinates": [[-122.237878, 38.01919], [-122.244058, 38.016688], [-122.245088, 38.01679], [-122.245002, 38.015775], [-122.250795, 38.014998], [-122.250452, 38.013172], [-122.252426, 38.012496], [-122.257147, 38.017601]]}},
{"type": "Feature", "properties": {"ProjectID": "P6250", "full_id": null, "osm_id": null, "osm_type": null, "man_made": null, "operator:wikidata": null, "bridge": null, "intermittent": null, "operator": null, "waterway": null, "tunnel": null, "name": null, "gnis:feature_id": null, "nhd:com_id": null, "pipe_type": null, "nhd:reach_code": null, "nhd:fdate": null, "location": null, "layer": null, "gnis:ftype": null, "gnis:fcode": null, "tiger:reviewed": null, "tiger:county": null, "tiger:cfcc": null, "substance": null, "tiger:upload_uuid": null, "tiger:tlid": null, "tiger:source": null, "path": null}, "geometry": {"type": "LineString", "coordinates": [[-120.059688, 36.938936], [-120.055504, 36.937544], [-120.056191, 36.930409], [-120.045205, 36.930135], [-120.034905, 36.924097], [-120.047608, 36.923822], [-120.047951, 36.91998]]}},
{"type": "Feature", "properties": {"ProjectID": "P6250", "full_id": null, "osm_id": null, "osm_type": null, "man_made": null, "operator:wikidata": null, "bridge": null, "intermittent": null, "operator": null, "waterway": null, "tunnel": null, "name": null, "gnis:feature_id": null, "nhd:com_id": null, "pipe_type": null, "nhd:reach_code": null, "nhd:fdate": null, "location": null, "layer": null, "gnis:ftype": null, "gnis:fcode": null, "tiger:reviewed": null, "tiger:county": null, "tiger:cfcc": null, "substance": null, "tiger:upload_uuid": null, "tiger:tlid": null, "tiger:source": null, "path": null}, "geometry": {"type": "LineString", "coordinates": [[-121.872785, 38.019378], [-121.878204, 38.020982], [-121.877432, 38.022943], [-121.887045, 38.02558]]}},
{"type": "Feature", "properties": {"ProjectID": "P6250", "full_id": null, "osm_id": null, "osm_type": null, "man_made": null, "operator:wikidata": null, "bridge": null, "intermittent": null, "operator": null, "waterway": null, "tunnel": null, "name": null, "gnis:feature_id": null, "nhd:com_id": null, "pipe_type": null, "nhd:reach_code": null, "nhd:fdate": null, "location": null, "layer": null, "gnis:ftype": null, "gnis:fcode": null, "tiger:reviewed": null, "tiger:county": null, "tiger:cfcc": null, "substance": null, "tiger:upload_uuid": null, "tiger:tlid": null, "tiger:source": null, "path": null}, "geometry": {"type": "LineString", "coordinates": [[-119.557, 36.692098], [-119.557343, 36.677506], [-119.574166, 36.677506], [-119.645235, 36.677779], [-119.717675, 36.678057]]}},
{"type": "Feature", "properties": {"ProjectID": "P6250", "full_id": null, "osm_id": null, "osm_type": null, "man_made": null, "operator:wikidata": null, "bridge": null, "intermittent": null, "operator": null, "waterway": null, "tunnel": null, "name": null, "gnis:feature_id": null, "nhd:com_id": null, "pipe_type": null, "nhd:reach_code": null, "nhd:fdate": null, "location": null, "layer": null, "gnis:ftype": null, "gnis:fcode": null, "tiger:reviewed": null, "tiger:county": null, "tiger:cfcc": null, "substance": null, "tiger:upload_uuid": null, "tiger:tlid": null, "tiger:source": null, "path": null}, "geometry": {"type": "LineString", "coordinates": [[-122.500799, 37.903718], [-122.500852, 37.904031], [-122.500767, 37.904319], [-122.500563, 37.904471], [-122.501614, 37.907477], [-122.506249, 37.914062], [-122.506163, 37.915053], [-122.50685, 37.91617], [-122.50773, 37.918506], [-122.508502, 37.918235], [-122.509328, 37.920232], [-122.511646, 37.921248], [-122.512611, 37.921434], [-122.513191, 37.921383], [-122.513566, 37.922086], [-122.514156, 37.922611], [-122.514489, 37.923017], [-122.514811, 37.923491], [-122.514982, 37.923677], [-122.515014, 37.924989], [-122.515208, 37.925954], [-122.515336, 37.926648], [-122.515969, 37.929423], [-122.516248, 37.9312], [-122.51569, 37.93126], [-122.516195, 37.933858], [-122.515819, 37.935643], [-122.516345, 37.936785], [-122.516377, 37.9372], [-122.513598, 37.946304], [-122.512386, 37.948318], [-122.514231, 37.948817], [-122.513952, 37.950086], [-122.513748, 37.950281], [-122.51377, 37.950966], [-122.514746, 37.952083], [-122.51495, 37.952886], [-122.515615, 37.953453], [-122.515905, 37.953377], [-122.517353, 37.953521], [-122.518512, 37.953445], [-122.51863, 37.953597], [-122.518866, 37.953986], [-122.519757, 37.954138], [-122.520154, 37.954451], [-122.52187, 37.955044], [-122.523801, 37.95638], [-122.521902, 37.957852], [-122.52113, 37.957979], [-122.52098, 37.958368], [-122.519971, 37.958952], [-122.519757, 37.959654], [-122.521087, 37.963443], [-122.521827, 37.963968], [-122.522213, 37.96434], [-122.521913, 37.966328], [-122.526398, 37.968831], [-122.526956, 37.965313], [-122.526891, 37.964907], [-122.525497, 37.963841], [-122.524874, 37.963723], [-122.523608, 37.963841], [-122.522707, 37.963756], [-122.522106, 37.963537], [-122.521087, 37.963443]]}},
{"type": "Feature", "properties": {"ProjectID": "P6250", "full_id": null, "osm_id": null, "osm_type": null, "man_made": null, "operator:wikidata": null, "bridge": null, "intermittent": null, "operator": null, "waterway": null, "tunnel": null, "name": null, "gnis:feature_id": null, "nhd:com_id": null, "pipe_type": null, "nhd:reach_code": null, "nhd:fdate": null, "location": null, "layer": null, "gnis:ftype": null, "gnis:fcode": null, "tiger:reviewed": null, "tiger:county": null, "tiger:cfcc": null, "substance": null, "tiger:upload_uuid": null, "tiger:tlid": null, "tiger:source": null, "path": null}, "geometry": {"type": "LineString", "coordinates": [[-121.56835, 38.159668], [-121.568356, 38.157507]]}},
{"type": "Feature", "properties": {"ProjectID": "P6250", "full_id": null, "osm_id": null, "osm_type": null, "man_made": null, "operator:wikidata": null, "bridge": null, "intermittent": null, "operator": null, "waterway": null, "tunnel": null, "name": null, "gnis:feature_id": null, "nhd:com_id": null, "pipe_type": null, "nhd:reach_code": null, "nhd:fdate": null, "location": null, "layer": null, "gnis:ftype": null, "gnis:fcode": null, "tiger:reviewed": null, "tiger:county": null, "tiger:cfcc": null, "substance": null, "tiger:upload_uuid": null, "tiger:tlid": null, "tiger:source": null, "path": null}, "geometry": {"type": "LineString", "coordinates": [[-122.107544, 39.101025], [-122.133808, 39.101025]]}},
{"type": "Feature", "properties": {"ProjectID": "P6250", "full_id": null, "osm_id": null, "osm_type": null, "man_made": null, "operator:wikidata": null, "bridge": null, "intermittent": null, "operator": null, "waterway": null, "tunnel": null, "name": null, "gnis:feature_id": null, "nhd:com_id": null, "pipe_type": null, "nhd:reach_code": null, "nhd:fdate": null, "location": null, "layer": null, "gnis:ftype": null, "gnis:fcode": null, "tiger:reviewed": null, "tiger:county": null, "tiger:cfcc": null, "substance": null, "tiger:upload_uuid": null, "tiger:tlid": null, "tiger:source": null, "path": null}, "geometry": {"type": "LineString", "coordinates": [[-121.932642, 37.422117], [-121.92687, 37.423208], [-121.926699, 37.423497], [-121.923158, 37.424571], [-121.922085, 37.422867], [-121.920648, 37.423293], [-121.919982, 37.42302], [-121.921914, 37.420924], [-121.93217, 37.416987], [-121.930518, 37.415351], [-121.929896, 37.415368], [-121.929467, 37.414908], [-121.928308, 37.414329], [-121.915176, 37.416561], [-121.927686, 37.4115]]}},
{"type": "Feature", "properties": {"ProjectID": "P6250", "full_id": null, "osm_id": null, "osm_type": null, "man_made": null, "operator:wikidata": null, "bridge": null, "intermittent": null, "operator": null, "waterway": null, "tunnel": null, "name": null, "gnis:feature_id": null, "nhd:com_id": null, "pipe_type": null, "nhd:reach_code": null, "nhd:fdate": null, "location": null, "layer": null, "gnis:ftype": null, "gnis:fcode": null, "tiger:reviewed": null, "tiger:county": null, "tiger:cfcc": null, "substance": null, "tiger:upload_uuid": null, "tiger:tlid": null, "tiger:source": null, "path": null}, "geometry": {"type": "LineString", "coordinates": [[-121.923008, 38.399662], [-121.92318, 38.397106], [-121.915804, 38.402791], [-121.939573, 38.40242], [-121.943607, 38.396904], [-121.942234, 38.39381], [-121.942921, 38.391792]]}},
{"type": "Feature", "properties": {"ProjectID": "P6250", "full_id": null, "osm_id": null, "osm_type": null, "man_made": null, "operator:wikidata": null, "bridge": null, "intermittent": null, "operator": null, "waterway": null, "tunnel": null, "name": null, "gnis:feature_id": null, "nhd:com_id": null, "pipe_type": null, "nhd:reach_code": null, "nhd:fdate": null, "location": null, "layer": null, "gnis:ftype": null, "gnis:fcode": null, "tiger:reviewed": null, "tiger:county": null, "tiger:cfcc": null, "substance": null, "tiger:upload_uuid": null, "tiger:tlid": null, "tiger:source": null, "path": null}, "geometry": {"type": "LineString", "coordinates": [[-121.892023, 38.358821], [-121.882067, 38.343676], [-121.878376, 38.337146], [-121.839023, 38.256683]]}},
{"type": "Feature", "properties": {"ProjectID": "P6250", "full_id": null, "osm_id": null, "osm_type": null, "man_made": null, "operator:wikidata": null, "bridge": null, "intermittent": null, "operator": null, "waterway": null, "tunnel": null, "name": null, "gnis:feature_id": null, "nhd:com_id": null, "pipe_type": null, "nhd:reach_code": null, "nhd:fdate": null, "location": null, "layer": null, "gnis:ftype": null, "gnis:fcode": null, "tiger:reviewed": null, "tiger:county": null, "tiger:cfcc": null, "substance": null, "tiger:upload_uuid": null, "tiger:tlid": null, "tiger:source": null, "path": null}, "geometry": {"type": "LineString", "coordinates": [[-122.171095, 37.458094], [-122.171659, 37.457384]]}},
{"type": "Feature", "properties": {"ProjectID": "P6250", "full_id": null, "osm_id": null, "osm_type": null, "man_made": null, "operator:wikidata": null, "bridge": null, "intermittent": null, "operator": null, "waterway": null, "tunnel": null, "name": null, "gnis:feature_id": null, "nhd:com_id": null, "pipe_type": null, "nhd:reach_code": null, "nhd:fdate": null, "location": null, "layer": null, "gnis:ftype": null, "gnis:fcode": null, "tiger:reviewed": null, "tiger:county": null, "tiger:cfcc": null, "substance": null, "tiger:upload_uuid": null, "tiger:tlid": null, "tiger:source": null, "path": null}, "geometry": {"type": "LineString", "coordinates": [[-121.95322, 38.534739], [-121.952276, 38.53447], [-121.951504, 38.533195], [-121.950646, 38.53259], [-121.916485, 38.544742]]}},
{"type": "Feature", "properties": {"ProjectID": "P6250", "full_id": null, "osm_id": null, "osm_type": null, "man_made": null, "operator:wikidata": null, "bridge": null, "intermittent": null, "operator": null, "waterway": null, "tunnel": null, "name": null, "gnis:feature_id": null, "nhd:com_id": null, "pipe_type": null, "nhd:reach_code": null, "nhd:fdate": null, "location": null, "layer": null, "gnis:ftype": null, "gnis:fcode": null, "tiger:reviewed": null, "tiger:county": null, "tiger:cfcc": null, "substance": null, "tiger:upload_uuid": null, "tiger:tlid": null, "tiger:source": null, "path": null}, "geometry": {"type": "LineString", "coordinates": [[-122.328256, 37.917742], [-122.329397, 37.91668], [-122.330017, 37.916102], [-122.330963, 37.91466], [-122.331305, 37.914138]]}},
{"type": "Feature", "properties": {"ProjectID": "P6250", "full_id": null, "osm_id": null, "osm_type": null, "man_made": null, "operator:wikidata": null, "bridge": null, "intermittent": null, "operator": null, "waterway": null, "tunnel": null, "name": null, "gnis:feature_id": null, "nhd:com_id": null, "pipe_type": null, "nhd:reach_code": null, "nhd:fdate": null, "location": null, "layer": null, "gnis:ftype": null, "gnis:fcode": null, "tiger:reviewed": null, "tiger:county": null, "tiger:cfcc": null, "substance": null, "tiger:upload_uuid": null, "tiger:tlid": null, "tiger:source": null, "path": null}, "geometry": {"type": "LineString", "coordinates": [[-122.28384, 38.236697], [-122.287445, 38.242225], [-122.299462, 38.246539], [-122.306328, 38.250584], [-122.304955, 38.257863], [-122.308045, 38.32065], [-122.318344, 38.330346], [-122.332077, 38.352965], [-122.349244, 38.386881], [-122.365036, 38.403833], [-122.371216, 38.40733], [-122.382202, 38.411097], [-122.435761, 38.475632], [-122.469063, 38.504923], [-122.477646, 38.508416], [-122.486916, 38.517281], [-122.497559, 38.52319], [-122.499619, 38.527219], [-122.504425, 38.530173], [-122.506142, 38.534739], [-122.508202, 38.53823], [-122.511635, 38.548166], [-122.517472, 38.552462], [-122.525025, 38.55273]]}},
{"type": "Feature", "properties": {"ProjectID": "P6250", "full_id": null, "osm_id": null, "osm_type": null, "man_made": null, "operator:wikidata": null, "bridge": null, "intermittent": null, "operator": null, "waterway": null, "tunnel": null, "name": null, "gnis:feature_id": null, "nhd:com_id": null, "pipe_type": null, "nhd:reach_code": null, "nhd:fdate": null, "location": null, "layer": null, "gnis:ftype": null, "gnis:fcode": null, "tiger:reviewed": null, "tiger:county": null, "tiger:cfcc": null, "substance": null, "tiger:upload_uuid": null, "tiger:tlid": null, "tiger:source": null, "path": null}, "geometry": {"type": "LineString", "coordinates": [[-119.091453, 35.392015], [-119.091797, 35.427106], [-119.074459, 35.426966], [-119.074459, 35.431163], [-119.077721, 35.43382], [-119.077034, 35.436757], [-119.074974, 35.437037], [-119.074974, 35.448924], [-119.046993, 35.448784], [-119.047337, 35.458153], [-119.049568, 35.459412], [-119.046135, 35.471855], [-119.04356, 35.473253], [-119.042015, 35.477027], [-119.041672, 35.483178], [-119.039955, 35.484576], [-119.013863, 35.483737], [-119.013004, 35.495478], [-119.009915, 35.495478], [-119.009915, 35.496875]]}},
{"type": "Feature", "properties": {"ProjectID": "P6250", "full_id": null, "osm_id": null, "osm_type": null, "man_made": null, "operator:wikidata": null, "bridge": null, "intermittent": null, "operator": null, "waterway": null, "tunnel": null, "name": null, "gnis:feature_id": null, "nhd:com_id": null, "pipe_type": null, "nhd:reach_code": null, "nhd:fdate": null, "location": null, "layer": null, "gnis:ftype": null, "gnis:fcode": null, "tiger:reviewed": null, "tiger:county": null, "tiger:cfcc": null, "substance": null, "tiger:upload_uuid": null, "tiger:tlid": null, "tiger:source": null, "path": null}, "geometry": {"type": "LineString", "coordinates": [[-121.854858, 38.24236], [-121.865716, 38.242292], [-121.866617, 38.229618], [-121.866188, 38.229315], [-121.866446, 38.221459], [-121.867304, 38.221392]]}},
{"type": "Feature", "properties": {"ProjectID": "P6250", "full_id": null, "osm_id": null, "osm_type": null, "man_made": null, "operator:wikidata": null, "bridge": null, "intermittent": null, "operator": null, "waterway": null, "tunnel": null, "name": null, "gnis:feature_id": null, "nhd:com_id": null, "pipe_type": null, "nhd:reach_code": null, "nhd:fdate": null, "location": null, "layer": null, "gnis:ftype": null, "gnis:fcode": null, "tiger:reviewed": null, "tiger:county": null, "tiger:cfcc": null, "substance": null, "tiger:upload_uuid": null, "tiger:tlid": null, "tiger:source": null, "path": null}, "geometry": {"type": "LineString", "coordinates": [[-121.317043, 37.974786], [-121.31567, 37.97668], [-121.274471, 37.986422]]}},
{"type": "Feature", "properties": {"ProjectID": "P6250", "full_id": null, "osm_id": null, "osm_type": null, "man_made": null, "operator:wikidata": null, "bridge": null, "intermittent": null, "operator": null, "waterway": null, "tunnel": null, "name": null, "gnis:feature_id": null, "nhd:com_id": null, "pipe_type": null, "nhd:reach_code": null, "nhd:fdate": null, "location": null, "layer": null, "gnis:ftype": null, "gnis:fcode": null, "tiger:reviewed": null, "tiger:county": null, "tiger:cfcc": null, "substance": null, "tiger:upload_uuid": null, "tiger:tlid": null, "tiger:source": null, "path": null}, "geometry": {"type": "LineString", "coordinates": [[-122.147713, 37.711631], [-122.141962, 37.702837], [-122.139258, 37.699], [-122.139087, 37.686062], [-122.136984, 37.679711], [-122.131619, 37.670574], [-122.127242, 37.670913], [-122.121577, 37.671253], [-122.118075, 37.665709], [-122.110076, 37.653043], [-122.10012, 37.636563], [-122.082911, 37.608996], [-122.08128, 37.597504], [-122.080937, 37.596212], [-122.073813, 37.596484]]}},
{"type": "Feature", "properties": {"ProjectID": "P6250", "full_id": null, "osm_id": null, "osm_type": null, "man_made": null, "operator:wikidata": null, "bridge": null, "intermittent": null, "operator": null, "waterway": null, "tunnel": null, "name": null, "gnis:feature_id": null, "nhd:com_id": null, "pipe_type": null, "nhd:reach_code": null, "nhd:fdate": null, "location": null, "layer": null, "gnis:ftype": null, "gnis:fcode": null, "tiger:reviewed": null, "tiger:county": null, "tiger:cfcc": null, "substance": null, "tiger:upload_uuid": null, "tiger:tlid": null, "tiger:source": null, "path": null}, "geometry": {"type": "LineString", "coordinates": [[-121.438751, 38.618681], [-121.440465, 38.619561], [-121.440554, 38.621028], [-121.438751, 38.621095], [-121.438665, 38.622168], [-121.436348, 38.622168], [-121.436348, 38.623107], [-121.431082, 38.623022], [-121.429911, 38.622034], [-121.425705, 38.621967], [-121.424761, 38.622772], [-121.423645, 38.621967], [-121.420107, 38.623108]]}},
{"type": "Feature", "properties": {"ProjectID": "P6250", "full_id": null, "osm_id": null, "osm_type": null, "man_made": null, "operator:wikidata": null, "bridge": null, "intermittent": null, "operator": null, "waterway": null, "tunnel": null, "name": null, "gnis:feature_id": null, "nhd:com_id": null, "pipe_type": null, "nhd:reach_code": null, "nhd:fdate": null, "location": null, "layer": null, "gnis:ftype": null, "gnis:fcode": null, "tiger:reviewed": null, "tiger:county": null, "tiger:cfcc": null, "substance": null, "tiger:upload_uuid": null, "tiger:tlid": null, "tiger:source": null, "path": null}, "geometry": {"type": "LineString", "coordinates": [[-119.773636, 36.677506], [-119.772606, 36.63454], [-119.827023, 36.634126], [-119.836808, 36.62655], [-119.917145, 36.626274], [-119.917145, 36.633438], [-119.934998, 36.632887], [-120.097047, 36.552121], [-120.097733, 36.536123], [-120.105286, 36.528399], [-120.10666, 36.504118], [-120.008469, 36.470994], [-119.98581, 36.46989], [-119.98581, 36.485902], [-119.827023, 36.634126]]}},
{"type": "Feature", "properties": {"ProjectID": "P6250", "full_id": null, "osm_id": null, "osm_type": null, "man_made": null, "operator:wikidata": null, "bridge": null, "intermittent": null, "operator": null, "waterway": null, "tunnel": null, "name": null, "gnis:feature_id": null, "nhd:com_id": null, "pipe_type": null, "nhd:reach_code": null, "nhd:fdate": null, "location": null, "layer": null, "gnis:ftype": null, "gnis:fcode": null, "tiger:reviewed": null, "tiger:county": null, "tiger:cfcc": null, "substance": null, "tiger:upload_uuid": null, "tiger:tlid": null, "tiger:source": null, "path": null}, "geometry": {"type": "LineString", "coordinates": [[-121.746368, 38.698975], [-121.746283, 38.716925], [-121.764736, 38.716925], [-121.764994, 38.713376], [-121.772118, 38.713644], [-121.772375, 38.720876], [-121.783791, 38.72101]]}},
{"type": "Feature", "properties": {"ProjectID": "P6250", "full_id": null, "osm_id": null, "osm_type": null, "man_made": null, "operator:wikidata": null, "bridge": null, "intermittent": null, "operator": null, "waterway": null, "tunnel": null, "name": null, "gnis:feature_id": null, "nhd:com_id": null, "pipe_type": null, "nhd:reach_code": null, "nhd:fdate": null, "location": null, "layer": null, "gnis:ftype": null, "gnis:fcode": null, "tiger:reviewed": null, "tiger:county": null, "tiger:cfcc": null, "substance": null, "tiger:upload_uuid": null, "tiger:tlid": null, "tiger:source": null, "path": null}, "geometry": {"type": "LineString", "coordinates": [[-122.069994, 39.007401], [-122.069993, 39.000976], [-122.077203, 39.000976]]}},
{"type": "Feature", "properties": {"ProjectID": "P6250", "full_id": null, "osm_id": null, "osm_type": null, "man_made": null, "operator:wikidata": null, "bridge": null, "intermittent": null, "operator": null, "waterway": null, "tunnel": null, "name": null, "gnis:feature_id": null, "nhd:com_id": null, "pipe_type": null, "nhd:reach_code": null, "nhd:fdate": null, "location": null, "layer": null, "gnis:ftype": null, "gnis:fcode": null, "tiger:reviewed": null, "tiger:county": null, "tiger:cfcc": null, "substance": null, "tiger:upload_uuid": null, "tiger:tlid": null, "tiger:source": null, "path": null}, "geometry": {"type": "LineString", "coordinates": [[-122.374373, 40.60085], [-122.372074, 40.599421], [-122.371302, 40.597597], [-122.370443, 40.596814], [-122.368813, 40.595576], [-122.366924, 40.593947], [-122.365465, 40.5931], [-122.361431, 40.591796], [-122.359629, 40.591601], [-122.357826, 40.591601], [-122.357054, 40.591079], [-122.356882, 40.590232], [-122.357397, 40.58769], [-122.357397, 40.586582], [-122.355766, 40.585734], [-122.354136, 40.58593], [-122.353191, 40.586191], [-122.353191, 40.571588]]}},
{"type": "Feature", "properties": {"ProjectID": "P6250", "full_id": null, "osm_id": null, "osm_type": null, "man_made": null, "operator:wikidata": null, "bridge": null, "intermittent": null, "operator": null, "waterway": null, "tunnel": null, "name": null, "gnis:feature_id": null, "nhd:com_id": null, "pipe_type": null, "nhd:reach_code": null, "nhd:fdate": null, "location": null, "layer": null, "gnis:ftype": null, "gnis:fcode": null, "tiger:reviewed": null, "tiger:county": null, "tiger:cfcc": null, "substance": null, "tiger:upload_uuid": null, "tiger:tlid": null, "tiger:source": null, "path": null}, "geometry": {"type": "LineString", "coordinates": [[-121.968207, 37.41878], [-121.96646, 37.416493], [-121.965752, 37.416834], [-121.963778, 37.414687], [-121.962833, 37.415641], [-121.96234, 37.41622], [-121.961782, 37.416169], [-121.961117, 37.415692], [-121.956375, 37.415982], [-121.955452, 37.416953], [-121.954529, 37.417771], [-121.953092, 37.418879], [-121.952362, 37.419084], [-121.949723, 37.418998], [-121.944466, 37.419067], [-121.939981, 37.41985], [-121.940174, 37.420345], [-121.932642, 37.422117], [-121.932492, 37.421776], [-121.939981, 37.41985]]}},
{"type": "Feature", "properties": {"ProjectID": "P6250", "full_id": null, "osm_id": null, "osm_type": null, "man_made": null, "operator:wikidata": null, "bridge": null, "intermittent": null, "operator": null, "waterway": null, "tunnel": null, "name": null, "gnis:feature_id": null, "nhd:com_id": null, "pipe_type": null, "nhd:reach_code": null, "nhd:fdate": null, "location": null, "layer": null, "gnis:ftype": null, "gnis:fcode": null, "tiger:reviewed": null, "tiger:county": null, "tiger:cfcc": null, "substance": null, "tiger:upload_uuid": null, "tiger:tlid": null, "tiger:source": null, "path": null}, "geometry": {"type": "LineString", "coordinates": [[-119.729656, 36.890745], [-119.732952, 36.890742]]}},
{"type": "Feature", "properties": {"ProjectID": "P6250", "full_id": null, "osm_id": null, "osm_type": null, "man_made": null, "operator:wikidata": null, "bridge": null, "intermittent": null, "operator": null, "waterway": null, "tunnel": null, "name": null, "gnis:feature_id": null, "nhd:com_id": null, "pipe_type": null, "nhd:reach_code": null, "nhd:fdate": null, "location": null, "layer": null, "gnis:ftype": null, "gnis:fcode": null, "tiger:reviewed": null, "tiger:county": null, "tiger:cfcc": null, "substance": null, "tiger:upload_uuid": null, "tiger:tlid": null, "tiger:source": null, "path": null}, "geometry": {"type": "LineString", "coordinates": [[-122.085443, 39.52182], [-122.0857, 39.515166], [-122.084627, 39.515133]]}},
{"type": "Feature", "properties": {"ProjectID": "P6250", "full_id": null, "osm_id": null, "osm_type": null, "man_made": null, "operator:wikidata": null, "bridge": null, "intermittent": null, "operator": null, "waterway": null, "tunnel": null, "name": null, "gnis:feature_id": null, "nhd:com_id": null, "pipe_type": null, "nhd:reach_code": null, "nhd:fdate": null, "location": null, "layer": null, "gnis:ftype": null, "gnis:fcode": null, "tiger:reviewed": null, "tiger:county": null, "tiger:cfcc": null, "substance": null, "tiger:upload_uuid": null, "tiger:tlid": null, "tiger:source": null, "path": null}, "geometry": {"type": "LineString", "coordinates": [[-122.077782, 37.345767], [-122.068019, 37.338056], [-122.066946, 37.337442], [-122.049694, 37.337579], [-122.041369, 37.337579], [-122.04154, 37.322871], [-121.995535, 37.323008], [-121.996222, 37.32468], [-121.995578, 37.327308], [-121.995621, 37.337852], [-121.995771, 37.396116], [-121.999848, 37.396022], [-122.000374, 37.395928], [-122.005277, 37.39598], [-122.005759, 37.395937], [-122.009901, 37.396022], [-122.010856, 37.393397], [-122.018216, 37.395306], [-122.024395, 37.395204], [-122.05229, 37.400079], [-122.058406, 37.400659]]}},
{"type": "Feature", "properties": {"ProjectID": "P6250", "full_id": null, "osm_id": null, "osm_type": null, "man_made": null, "operator:wikidata": null, "bridge": null, "intermittent": null, "operator": null, "waterway": null, "tunnel": null, "name": null, "gnis:feature_id": null, "nhd:com_id": null, "pipe_type": null, "nhd:reach_code": null, "nhd:fdate": null, "location": null, "layer": null, "gnis:ftype": null, "gnis:fcode": null, "tiger:reviewed": null, "tiger:county": null, "tiger:cfcc": null, "substance": null, "tiger:upload_uuid": null, "tiger:tlid": null, "tiger:source": null, "path": null}, "geometry": {"type": "LineString", "coordinates": [[-119.098578, 35.296143], [-119.110422, 35.296213], [-119.092312, 35.282061], [-119.073773, 35.260058], [-119.091797, 35.245619], [-119.091797, 35.241413], [-119.096775, 35.241554], [-119.099178, 35.238469], [-119.101753, 35.238189], [-119.101582, 35.236086], [-119.106388, 35.231458], [-119.109993, 35.231318], [-119.109993, 35.228654], [-119.160633, 35.179281]]}},
{"type": "Feature", "properties": {"ProjectID": "P6250", "full_id": null, "osm_id": null, "osm_type": null, "man_made": null, "operator:wikidata": null, "bridge": null, "intermittent": null, "operator": null, "waterway": null, "tunnel": null, "name": null, "gnis:feature_id": null, "nhd:com_id": null, "pipe_type": null, "nhd:reach_code": null, "nhd:fdate": null, "location": null, "layer": null, "gnis:ftype": null, "gnis:fcode": null, "tiger:reviewed": null, "tiger:county": null, "tiger:cfcc": null, "substance": null, "tiger:upload_uuid": null, "tiger:tlid": null, "tiger:source": null, "path": null}, "geometry": {"type": "LineString", "coordinates": [[-121.969914, 38.24327], [-121.969442, 38.285086], [-121.969614, 38.301523], [-121.970472, 38.303207], [-121.971159, 38.304958], [-121.971502, 38.306709], [-121.970387, 38.309538], [-121.97073, 38.325363], [-121.973391, 38.325431], [-121.977511, 38.324892], [-121.982746, 38.327451], [-121.98575, 38.327518], [-121.984978, 38.335193], [-121.986609, 38.336944], [-121.985149, 38.355186], [-121.999655, 38.355455], [-121.999741, 38.356936], [-122.004719, 38.356734]]}},
{"type": "Feature", "properties": {"ProjectID": "P6250", "full_id": null, "osm_id": null, "osm_type": null, "man_made": null, "operator:wikidata": null, "bridge": null, "intermittent": null, "operator": null, "waterway": null, "tunnel": null, "name": null, "gnis:feature_id": null, "nhd:com_id": null, "pipe_type": null, "nhd:reach_code": null, "nhd:fdate": null, "location": null, "layer": null, "gnis:ftype": null, "gnis:fcode": null, "tiger:reviewed": null, "tiger:county": null, "tiger:cfcc": null, "substance": null, "tiger:upload_uuid": null, "tiger:tlid": null, "tiger:source": null, "path": null}, "geometry": {"type": "LineString", "coordinates": [[-121.949101, 37.362995], [-121.946483, 37.355661], [-121.945238, 37.356207]]}},
{"type": "Feature", "properties": {"ProjectID": "P6250", "full_id": null, "osm_id": null, "osm_type": null, "man_made": null, "operator:wikidata": null, "bridge": null, "intermittent": null, "operator": null, "waterway": null, "tunnel": null, "name": null, "gnis:feature_id": null, "nhd:com_id": null, "pipe_type": null, "nhd:reach_code": null, "nhd:fdate": null, "location": null, "layer": null, "gnis:ftype": null, "gnis:fcode": null, "tiger:reviewed": null, "tiger:county": null, "tiger:cfcc": null, "substance": null, "tiger:upload_uuid": null, "tiger:tlid": null, "tiger:source": null, "path": null}, "geometry": {"type": "LineString", "coordinates": [[-120.922051, 37.737599], [-120.916214, 37.7433], [-120.911751, 37.748187], [-120.900421, 37.752801], [-120.894928, 37.754702], [-120.877762, 37.755516], [-120.873642, 37.751987], [-120.886689, 37.744657], [-120.897332, 37.735426], [-120.901451, 37.732983], [-120.92212, 37.73244]]}},
{"type": "Feature", "properties": {"ProjectID": "P6250", "full_id": null, "osm_id": null, "osm_type": null, "man_made": null, "operator:wikidata": null, "bridge": null, "intermittent": null, "operator": null, "waterway": null, "tunnel": null, "name": null, "gnis:feature_id": null, "nhd:com_id": null, "pipe_type": null, "nhd:reach_code": null, "nhd:fdate": null, "location": null, "layer": null, "gnis:ftype": null, "gnis:fcode": null, "tiger:reviewed": null, "tiger:county": null, "tiger:cfcc": null, "substance": null, "tiger:upload_uuid": null, "tiger:tlid": null, "tiger:source": null, "path": null}, "geometry": {"type": "LineString", "coordinates": [[-121.39545, 38.481679], [-121.37176, 38.481679]]}},
{"type": "Feature", "properties": {"ProjectID": "P6250", "full_id": null, "osm_id": null, "osm_type": null, "man_made": null, "operator:wikidata": null, "bridge": null, "intermittent": null, "operator": null, "waterway": null, "tunnel": null, "name": null, "gnis:feature_id": null, "nhd:com_id": null, "pipe_type": null, "nhd:reach_code": null, "nhd:fdate": null, "location": null, "layer": null, "gnis:ftype": null, "gnis:fcode": null, "tiger:reviewed": null, "tiger:county": null, "tiger:cfcc": null, "substance": null, "tiger:upload_uuid": null, "tiger:tlid": null, "tiger:source": null, "path": null}, "geometry": {"type": "LineString", "coordinates": [[-122.064865, 37.406642], [-122.06435, 37.406915], [-122.056818, 37.405261], [-122.055831, 37.405057], [-122.052205, 37.403812], [-122.051196, 37.40296], [-122.050252, 37.403318], [-122.047119, 37.402841], [-122.046797, 37.403574], [-122.037592, 37.401409], [-122.036948, 37.401528], [-122.035596, 37.402176], [-122.034717, 37.402295], [-122.033687, 37.40221], [-122.033043, 37.402125], [-122.032678, 37.401528], [-122.020597, 37.404017], [-122.000213, 37.408483], [-121.998882, 37.407596], [-121.997166, 37.407869], [-121.996093, 37.409267], [-121.989999, 37.410801], [-121.977897, 37.410528], [-121.976781, 37.412096], [-121.975493, 37.412403], [-121.97588, 37.413528], [-121.976051, 37.414107], [-121.975279, 37.415096]]}},
{"type": "Feature", "properties": {"ProjectID": "P6250", "full_id": null, "osm_id": null, "osm_type": null, "man_made": null, "operator:wikidata": null, "bridge": null, "intermittent": null, "operator": null, "waterway": null, "tunnel": null, "name": null, "gnis:feature_id": null, "nhd:com_id": null, "pipe_type": null, "nhd:reach_code": null, "nhd:fdate": null, "location": null, "layer": null, "gnis:ftype": null, "gnis:fcode": null, "tiger:reviewed": null, "tiger:county": null, "tiger:cfcc": null, "substance": null, "tiger:upload_uuid": null, "tiger:tlid": null, "tiger:source": null, "path": null}, "geometry": {"type": "LineString", "coordinates": [[-120.061124, 36.778494], [-120.016022, 36.778493]]}},
{"type": "Feature", "properties": {"ProjectID": "P6250", "full_id": null, "osm_id": null, "osm_type": null, "man_made": null, "operator:wikidata": null, "bridge": null, "intermittent": null, "operator": null, "waterway": null, "tunnel": null, "name": null, "gnis:feature_id": null, "nhd:com_id": null, "pipe_type": null, "nhd:reach_code": null, "nhd:fdate": null, "location": null, "layer": null, "gnis:ftype": null, "gnis:fcode": null, "tiger:reviewed": null, "tiger:county": null, "tiger:cfcc": null, "substance": null, "tiger:upload_uuid": null, "tiger:tlid": null, "tiger:source": null, "path": null}, "geometry": {"type": "LineString", "coordinates": [[-121.373005, 38.66849], [-121.382704, 38.65976], [-121.39884, 38.645232], [-121.401415, 38.646774], [-121.409054, 38.647042], [-121.409054, 38.648249]]}},
{"type": "Feature", "properties": {"ProjectID": "P6250", "full_id": null, "osm_id": null, "osm_type": null, "man_made": null, "operator:wikidata": null, "bridge": null, "intermittent": null, "operator": null, "waterway": null, "tunnel": null, "name": null, "gnis:feature_id": null, "nhd:com_id": null, "pipe_type": null, "nhd:reach_code": null, "nhd:fdate": null, "location": null, "layer": null, "gnis:ftype": null, "gnis:fcode": null, "tiger:reviewed": null, "tiger:county": null, "tiger:cfcc": null, "substance": null, "tiger:upload_uuid": null, "tiger:tlid": null, "tiger:source": null, "path": null}, "geometry": {"type": "LineString", "coordinates": [[-122.07922, 39.540621], [-122.081666, 39.540852], [-122.084498, 39.540852], [-122.088497, 39.540047], [-122.094197, 39.5389], [-122.095056, 39.539495]]}},
{"type": "Feature", "properties": {"ProjectID": "P6250", "full_id": null, "osm_id": null, "osm_type": null, "man_made": null, "operator:wikidata": null, "bridge": null, "intermittent": null, "operator": null, "waterway": null, "tunnel": null, "name": null, "gnis:feature_id": null, "nhd:com_id": null, "pipe_type": null, "nhd:reach_code": null, "nhd:fdate": null, "location": null, "layer": null, "gnis:ftype": null, "gnis:fcode": null, "tiger:reviewed": null, "tiger:county": null, "tiger:cfcc": null, "substance": null, "tiger:upload_uuid": null, "tiger:tlid": null, "tiger:source": null, "path": null}, "geometry": {"type": "LineString", "coordinates": [[-122.512611, 37.921434], [-122.513201, 37.922619], [-122.513598, 37.923296], [-122.514489, 37.923017]]}},
{"type": "Feature", "properties": {"ProjectID": "P6250", "full_id": null, "osm_id": null, "osm_type": null, "man_made": null, "operator:wikidata": null, "bridge": null, "intermittent": null, "operator": null, "waterway": null, "tunnel": null, "name": null, "gnis:feature_id": null, "nhd:com_id": null, "pipe_type": null, "nhd:reach_code": null, "nhd:fdate": null, "location": null, "layer": null, "gnis:ftype": null, "gnis:fcode": null, "tiger:reviewed": null, "tiger:county": null, "tiger:cfcc": null, "substance": null, "tiger:upload_uuid": null, "tiger:tlid": null, "tiger:source": null, "path": null}, "geometry": {"type": "LineString", "coordinates": [[-122.252426, 38.012496], [-122.260923, 38.010602], [-122.26131, 38.011481], [-122.262855, 38.01138], [-122.264872, 38.011887], [-122.26646, 38.01253], [-122.27912, 38.012394], [-122.281995, 38.010771], [-122.285557, 38.008945], [-122.288947, 38.008235], [-122.289162, 38.007458], [-122.293367, 38.00438], [-122.301478, 38.004211], [-122.304268, 38.004482], [-122.307529, 38.005293], [-122.310319, 38.005057], [-122.317658, 38.002182], [-122.321777, 38.000221], [-122.32461, 37.998429], [-122.332034, 37.991698], [-122.333579, 37.98994], [-122.336068, 37.984562], [-122.337785, 37.982431], [-122.340746, 37.97898], [-122.342291, 37.975868], [-122.343535, 37.970861], [-122.352977, 37.965583], [-122.354393, 37.964839], [-122.355251, 37.96335], [-122.356539, 37.961151], [-122.356839, 37.958952], [-122.358899, 37.958512], [-122.360616, 37.958749], [-122.362419, 37.958711], [-122.36701, 37.958613], [-122.366881, 37.968189]]}},
{"type": "Feature", "properties": {"ProjectID": "P6250", "full_id": null, "osm_id": null, "osm_type": null, "man_made": null, "operator:wikidata": null, "bridge": null, "intermittent": null, "operator": null, "waterway": null, "tunnel": null, "name": null, "gnis:feature_id": null, "nhd:com_id": null, "pipe_type": null, "nhd:reach_code": null, "nhd:fdate": null, "location": null, "layer": null, "gnis:ftype": null, "gnis:fcode": null, "tiger:reviewed": null, "tiger:county": null, "tiger:cfcc": null, "substance": null, "tiger:upload_uuid": null, "tiger:tlid": null, "tiger:source": null, "path": null}, "geometry": {"type": "LineString", "coordinates": [[-119.645577, 36.63454], [-119.637337, 36.634264], [-119.638367, 36.591274], [-119.619484, 36.591274], [-119.619484, 36.576387]]}},
{"type": "Feature", "properties": {"ProjectID": "P6250", "full_id": null, "osm_id": null, "osm_type": null, "man_made": null, "operator:wikidata": null, "bridge": null, "intermittent": null, "operator": null, "waterway": null, "tunnel": null, "name": null, "gnis:feature_id": null, "nhd:com_id": null, "pipe_type": null, "nhd:reach_code": null, "nhd:fdate": null, "location": null, "layer": null, "gnis:ftype": null, "gnis:fcode": null, "tiger:reviewed": null, "tiger:county": null, "tiger:cfcc": null, "substance": null, "tiger:upload_uuid": null, "tiger:tlid": null, "tiger:source": null, "path": null}, "geometry": {"type": "LineString", "coordinates": [[-121.352921, 37.61532], [-121.265031, 37.541311], [-121.208726, 37.494474], [-121.17302, 37.460689], [-121.15501, 37.431581], [-121.134568, 37.398529], [-121.102296, 37.309015], [-121.084443, 37.241262], [-121.076203, 37.201348], [-121.017838, 37.110504], [-120.967026, 37.056822], [-120.895615, 36.980067], [-120.884629, 36.966901], [-120.793305, 36.899391], [-120.772195, 36.87247], [-120.756028, 36.851845], [-120.644303, 36.709165], [-120.615464, 36.674478], [-120.541993, 36.69375], [-120.476762, 36.694301], [-120.387016, 36.724418], [-120.358659, 36.733932], [-120.332566, 36.737234]]}},
{"type": "Feature", "properties": {"ProjectID": "P6250", "full_id": null, "osm_id": null, "osm_type": null, "man_made": null, "operator:wikidata": null, "bridge": null, "intermittent": null, "operator": null, "waterway": null, "tunnel": null, "name": null, "gnis:feature_id": null, "nhd:com_id": null, "pipe_type": null, "nhd:reach_code": null, "nhd:fdate": null, "location": null, "layer": null, "gnis:ftype": null, "gnis:fcode": null, "tiger:reviewed": null, "tiger:county": null, "tiger:cfcc": null, "substance": null, "tiger:upload_uuid": null, "tiger:tlid": null, "tiger:source": null, "path": null}, "geometry": {"type": "LineString", "coordinates": [[-121.929381, 37.468147], [-121.919146, 37.470703]]}},
{"type": "Feature", "properties": {"ProjectID": "P6250", "full_id": null, "osm_id": null, "osm_type": null, "man_made": null, "operator:wikidata": null, "bridge": null, "intermittent": null, "operator": null, "waterway": null, "tunnel": null, "name": null, "gnis:feature_id": null, "nhd:com_id": null, "pipe_type": null, "nhd:reach_code": null, "nhd:fdate": null, "location": null, "layer": null, "gnis:ftype": null, "gnis:fcode": null, "tiger:reviewed": null, "tiger:county": null, "tiger:cfcc": null, "substance": null, "tiger:upload_uuid": null, "tiger:tlid": null, "tiger:source": null, "path": null}, "geometry": {"type": "LineString", "coordinates": [[-122.008066, 39.659661], [-122.00768, 39.647072], [-122.003861, 39.647072]]}},
{"type": "Feature", "properties": {"ProjectID": "P6250", "full_id": null, "osm_id": null, "osm_type": null, "man_made": null, "operator:wikidata": null, "bridge": null, "intermittent": null, "operator": null, "waterway": null, "tunnel": null, "name": null, "gnis:feature_id": null, "nhd:com_id": null, "pipe_type": null, "nhd:reach_code": null, "nhd:fdate": null, "location": null, "layer": null, "gnis:ftype": null, "gnis:fcode": null, "tiger:reviewed": null, "tiger:county": null, "tiger:cfcc": null, "substance": null, "tiger:upload_uuid": null, "tiger:tlid": null, "tiger:source": null, "path": null}, "geometry": {"type": "LineString", "coordinates": [[-121.843486, 38.227528], [-121.842842, 38.227629], [-121.842885, 38.242191], [-121.830053, 38.242158], [-121.827564, 38.233495], [-121.799069, 38.155077], [-121.786194, 38.112275], [-121.756153, 38.086338], [-121.753063, 38.083365], [-121.747913, 38.078906], [-121.744223, 38.075325], [-121.732807, 38.073298], [-121.695643, 38.058635], [-121.691094, 38.054512]]}},
{"type": "Feature", "properties": {"ProjectID": "P6250", "full_id": null, "osm_id": null, "osm_type": null, "man_made": null, "operator:wikidata": null, "bridge": null, "intermittent": null, "operator": null, "waterway": null, "tunnel": null, "name": null, "gnis:feature_id": null, "nhd:com_id": null, "pipe_type": null, "nhd:reach_code": null, "nhd:fdate": null, "location": null, "layer": null, "gnis:ftype": null, "gnis:fcode": null, "tiger:reviewed": null, "tiger:county": null, "tiger:cfcc": null, "substance": null, "tiger:upload_uuid": null, "tiger:tlid": null, "tiger:source": null, "path": null}, "geometry": {"type": "LineString", "coordinates": [[-121.893396, 37.702022], [-121.904125, 37.701819], [-121.907473, 37.703652], [-121.909018, 37.702973], [-121.923094, 37.706301], [-121.92627, 37.705621], [-121.927643, 37.70501], [-121.935854, 37.702219], [-121.93923, 37.701072], [-121.933308, 37.693737], [-121.930218, 37.688779], [-121.929703, 37.686673], [-121.929102, 37.683956], [-121.926785, 37.68253], [-121.924467, 37.681783], [-121.923008, 37.681103], [-121.922321, 37.679337]]}},
{"type": "Feature", "properties": {"ProjectID": "P6250", "full_id": null, "osm_id": null, "osm_type": null, "man_made": null, "operator:wikidata": null, "bridge": null, "intermittent": null, "operator": null, "waterway": null, "tunnel": null, "name": null, "gnis:feature_id": null, "nhd:com_id": null, "pipe_type": null, "nhd:reach_code": null, "nhd:fdate": null, "location": null, "layer": null, "gnis:ftype": null, "gnis:fcode": null, "tiger:reviewed": null, "tiger:county": null, "tiger:cfcc": null, "substance": null, "tiger:upload_uuid": null, "tiger:tlid": null, "tiger:source": null, "path": null}, "geometry": {"type": "LineString", "coordinates": [[-122.139087, 39.825866], [-122.103853, 39.825875], [-122.104025, 39.83418], [-122.089005, 39.834114], [-122.088876, 39.842352], [-122.09055, 39.84334], [-122.091322, 39.843011]]}},
{"type": "Feature", "properties": {"ProjectID": "P6250", "full_id": null, "osm_id": null, "osm_type": null, "man_made": null, "operator:wikidata": null, "bridge": null, "intermittent": null, "operator": null, "waterway": null, "tunnel": null, "name": null, "gnis:feature_id": null, "nhd:com_id": null, "pipe_type": null, "nhd:reach_code": null, "nhd:fdate": null, "location": null, "layer": null, "gnis:ftype": null, "gnis:fcode": null, "tiger:reviewed": null, "tiger:county": null, "tiger:cfcc": null, "substance": null, "tiger:upload_uuid": null, "tiger:tlid": null, "tiger:source": null, "path": null}, "geometry": {"type": "LineString", "coordinates": [[-122.283158, 37.799568], [-122.282682, 37.800222], [-122.26706, 37.794186], [-122.266717, 37.79483], [-122.265472, 37.794491], [-122.263413, 37.797814], [-122.261267, 37.797035], [-122.259593, 37.79639], [-122.256846, 37.793949], [-122.255774, 37.794525], [-122.250624, 37.789845], [-122.246504, 37.787912], [-122.241955, 37.785707], [-122.243199, 37.784588]]}},
{"type": "Feature", "properties": {"ProjectID": "P6250", "full_id": null, "osm_id": null, "osm_type": null, "man_made": null, "operator:wikidata": null, "bridge": null, "intermittent": null, "operator": null, "waterway": null, "tunnel": null, "name": null, "gnis:feature_id": null, "nhd:com_id": null, "pipe_type": null, "nhd:reach_code": null, "nhd:fdate": null, "location": null, "layer": null, "gnis:ftype": null, "gnis:fcode": null, "tiger:reviewed": null, "tiger:county": null, "tiger:cfcc": null, "substance": null, "tiger:upload_uuid": null, "tiger:tlid": null, "tiger:source": null, "path": null}, "geometry": {"type": "LineString", "coordinates": [[-121.989613, 39.173856], [-121.987424, 39.172625], [-121.986737, 39.172991], [-121.989098, 39.175453], [-122.005019, 39.203161], [-122.004848, 39.203593], [-122.005835, 39.203859], [-122.002358, 39.213735], [-122.018366, 39.217459], [-122.01858, 39.217127], [-122.049952, 39.217359], [-122.037721, 39.292395], [-122.033987, 39.304483], [-122.03433, 39.315574], [-122.034366, 39.316238], [-122.035704, 39.341035], [-122.034631, 39.346312], [-122.035575, 39.359818], [-122.031241, 39.373057], [-122.031194, 39.38334], [-122.030443, 39.383135], [-122.029915, 39.382991], [-122.024031, 39.381383], [-122.025576, 39.37717], [-122.026777, 39.376838], [-122.026863, 39.375545]]}},
{"type": "Feature", "properties": {"ProjectID": "P6250", "full_id": null, "osm_id": null, "osm_type": null, "man_made": null, "operator:wikidata": null, "bridge": null, "intermittent": null, "operator": null, "waterway": null, "tunnel": null, "name": null, "gnis:feature_id": null, "nhd:com_id": null, "pipe_type": null, "nhd:reach_code": null, "nhd:fdate": null, "location": null, "layer": null, "gnis:ftype": null, "gnis:fcode": null, "tiger:reviewed": null, "tiger:county": null, "tiger:cfcc": null, "substance": null, "tiger:upload_uuid": null, "tiger:tlid": null, "tiger:source": null, "path": null}, "geometry": {"type": "LineString", "coordinates": [[-121.603696, 37.795085], [-121.558828, 37.757823]]}},
{"type": "Feature", "properties": {"ProjectID": "P6250", "full_id": null, "osm_id": null, "osm_type": null, "man_made": null, "operator:wikidata": null, "bridge": null, "intermittent": null, "operator": null, "waterway": null, "tunnel": null, "name": null, "gnis:feature_id": null, "nhd:com_id": null, "pipe_type": null, "nhd:reach_code": null, "nhd:fdate": null, "location": null, "layer": null, "gnis:ftype": null, "gnis:fcode": null, "tiger:reviewed": null, "tiger:county": null, "tiger:cfcc": null, "substance": null, "tiger:upload_uuid": null, "tiger:tlid": null, "tiger:source": null, "path": null}, "geometry": {"type": "LineString", "coordinates": [[-121.922493, 39.060716], [-121.922407, 39.062649], [-121.900606, 39.067247], [-121.889877, 39.062316], [-121.885328, 39.070046]]}},
{"type": "Feature", "properties": {"ProjectID": "P6250", "full_id": null, "osm_id": null, "osm_type": null, "man_made": null, "operator:wikidata": null, "bridge": null, "intermittent": null, "operator": null, "waterway": null, "tunnel": null, "name": null, "gnis:feature_id": null, "nhd:com_id": null, "pipe_type": null, "nhd:reach_code": null, "nhd:fdate": null, "location": null, "layer": null, "gnis:ftype": null, "gnis:fcode": null, "tiger:reviewed": null, "tiger:county": null, "tiger:cfcc": null, "substance": null, "tiger:upload_uuid": null, "tiger:tlid": null, "tiger:source": null, "path": null}, "geometry": {"type": "LineString", "coordinates": [[-120.995531, 37.639413], [-120.921022, 37.637074], [-120.922395, 37.712073], [-120.971867, 37.712772], [-120.999299, 37.71316], [-120.995531, 37.639413], [-120.993813, 37.605774]]}},
{"type": "Feature", "properties": {"ProjectID": "P6250", "full_id": null, "osm_id": null, "osm_type": null, "man_made": null, "operator:wikidata": null, "bridge": null, "intermittent": null, "operator": null, "waterway": null, "tunnel": null, "name": null, "gnis:feature_id": null, "nhd:com_id": null, "pipe_type": null, "nhd:reach_code": null, "nhd:fdate": null, "location": null, "layer": null, "gnis:ftype": null, "gnis:fcode": null, "tiger:reviewed": null, "tiger:county": null, "tiger:cfcc": null, "substance": null, "tiger:upload_uuid": null, "tiger:tlid": null, "tiger:source": null, "path": null}, "geometry": {"type": "LineString", "coordinates": [[-122.173848, 37.701173], [-122.164965, 37.687352], [-122.161961, 37.682734], [-122.154322, 37.674989], [-122.137671, 37.656985], [-122.124024, 37.642034], [-122.119989, 37.638364], [-122.134495, 37.637956]]}},
{"type": "Feature", "properties": {"ProjectID": "P6250", "full_id": null, "osm_id": null, "osm_type": null, "man_made": null, "operator:wikidata": null, "bridge": null, "intermittent": null, "operator": null, "waterway": null, "tunnel": null, "name": null, "gnis:feature_id": null, "nhd:com_id": null, "pipe_type": null, "nhd:reach_code": null, "nhd:fdate": null, "location": null, "layer": null, "gnis:ftype": null, "gnis:fcode": null, "tiger:reviewed": null, "tiger:county": null, "tiger:cfcc": null, "substance": null, "tiger:upload_uuid": null, "tiger:tlid": null, "tiger:source": null, "path": null}, "geometry": {"type": "LineString", "coordinates": [[-119.027081, 35.391989], [-119.023304, 35.38933], [-119.021072, 35.38807], [-119.021072, 35.386111], [-119.013777, 35.385621], [-119.010429, 35.383732], [-119.010344, 35.384572], [-119.008799, 35.384572], [-119.008627, 35.383032], [-119.007254, 35.382332], [-119.006481, 35.382752], [-119.003048, 35.382892], [-119.002962, 35.380443], [-119.00485, 35.380443], [-119.005022, 35.372675], [-119.00837, 35.372675], [-119.008455, 35.368965], [-119.00691, 35.368825], [-119.006996, 35.354126], [-119.002876, 35.354126], [-119.003048, 35.317997], [-119.091969, 35.317997], [-119.120522, 35.297841]]}},
{"type": "Feature", "properties": {"ProjectID": "P6250", "full_id": null, "osm_id": null, "osm_type": null, "man_made": null, "operator:wikidata": null, "bridge": null, "intermittent": null, "operator": null, "waterway": null, "tunnel": null, "name": null, "gnis:feature_id": null, "nhd:com_id": null, "pipe_type": null, "nhd:reach_code": null, "nhd:fdate": null, "location": null, "layer": null, "gnis:ftype": null, "gnis:fcode": null, "tiger:reviewed": null, "tiger:county": null, "tiger:cfcc": null, "substance": null, "tiger:upload_uuid": null, "tiger:tlid": null, "tiger:source": null, "path": null}, "geometry": {"type": "LineString", "coordinates": [[-121.684573, 36.886213], [-121.714785, 36.908178], [-121.761477, 36.910374], [-121.813662, 36.934528], [-121.849368, 36.954284], [-121.88782, 36.97184], [-121.950992, 36.989393], [-122.025149, 36.989393], [-122.063601, 37.044219]]}},
{"type": "Feature", "properties": {"ProjectID": "P6250", "full_id": null, "osm_id": null, "osm_type": null, "man_made": null, "operator:wikidata": null, "bridge": null, "intermittent": null, "operator": null, "waterway": null, "tunnel": null, "name": null, "gnis:feature_id": null, "nhd:com_id": null, "pipe_type": null, "nhd:reach_code": null, "nhd:fdate": null, "location": null, "layer": null, "gnis:ftype": null, "gnis:fcode": null, "tiger:reviewed": null, "tiger:county": null, "tiger:cfcc": null, "substance": null, "tiger:upload_uuid": null, "tiger:tlid": null, "tiger:source": null, "path": null}, "geometry": {"type": "LineString", "coordinates": [[-121.391718, 38.617989], [-121.391373, 38.619218], [-121.39163, 38.620022], [-121.394377, 38.620291], [-121.398153, 38.620425], [-121.403732, 38.620358], [-121.403732, 38.621162], [-121.40502, 38.621095], [-121.40502, 38.620157], [-121.406393, 38.619888], [-121.407681, 38.619352], [-121.410599, 38.619084], [-121.413946, 38.619218], [-121.414805, 38.619687], [-121.41594, 38.618443]]}},
{"type": "Feature", "properties": {"ProjectID": "P6250", "full_id": null, "osm_id": null, "osm_type": null, "man_made": null, "operator:wikidata": null, "bridge": null, "intermittent": null, "operator": null, "waterway": null, "tunnel": null, "name": null, "gnis:feature_id": null, "nhd:com_id": null, "pipe_type": null, "nhd:reach_code": null, "nhd:fdate": null, "location": null, "layer": null, "gnis:ftype": null, "gnis:fcode": null, "tiger:reviewed": null, "tiger:county": null, "tiger:cfcc": null, "substance": null, "tiger:upload_uuid": null, "tiger:tlid": null, "tiger:source": null, "path": null}, "geometry": {"type": "LineString", "coordinates": [[-122.422715, 38.243843], [-122.392674, 38.235888], [-122.362633, 38.231843], [-122.315769, 38.22982], [-122.309246, 38.224966], [-122.297402, 38.229281], [-122.282295, 38.233866], [-122.268734, 38.215121], [-122.257233, 38.215795], [-122.258606, 38.226044], [-122.28384, 38.236697], [-122.29826, 38.230764], [-122.314396, 38.239394], [-122.364006, 38.240877], [-122.390099, 38.247348], [-122.410698, 38.247888], [-122.439537, 38.247887], [-122.447262, 38.263524], [-122.446575, 38.267028], [-122.450867, 38.267837], [-122.448979, 38.280774], [-122.45945, 38.281583], [-122.455845, 38.29829], [-122.474556, 38.30058], [-122.476959, 38.30314], [-122.478333, 38.308258], [-122.482624, 38.314589], [-122.497902, 38.310144], [-122.51318, 38.338964], [-122.507858, 38.341252], [-122.504425, 38.345157], [-122.503395, 38.348523], [-122.543564, 38.413114], [-122.5597, 38.427639], [-122.589054, 38.439472], [-122.598324, 38.442161], [-122.614331, 38.449489], [-122.626176, 38.45537], [-122.632699, 38.457924], [-122.634158, 38.458226], [-122.637034, 38.456815], [-122.641068, 38.45742], [-122.647505, 38.457487], [-122.65111, 38.458697], [-122.652998, 38.461116], [-122.6542, 38.462326], [-122.657118, 38.462461], [-122.661238, 38.461453], [-122.663727, 38.461385], [-122.66613, 38.460041], [-122.668619, 38.4591], [-122.671452, 38.457353], [-122.671967, 38.454395], [-122.676087, 38.451505], [-122.680121, 38.448682], [-122.70175, 38.442834], [-122.705655, 38.443069], [-122.706728, 38.442766], [-122.707458, 38.443707], [-122.708187, 38.445522], [-122.718358, 38.445657], [-122.724066, 38.445892], [-122.729945, 38.445859], [-122.73943, 38.445489], [-122.743721, 38.445186], [-122.744451, 38.449455], [-122.744451, 38.459873], [-122.746126, 38.480471], [-122.790071, 38.520236], [-122.851869, 38.584674], [-122.886201, 38.619018], [-122.876588, 38.649054], [-122.882081, 38.668357], [-122.884828, 38.690871], [-122.917787, 38.711234], [-122.961732, 38.744445], [-122.978212, 38.76051], [-122.998811, 38.766935], [-123.012544, 38.781924], [-123.015291, 38.802261], [-123.016664, 38.832221], [-123.037263, 38.854682], [-123.056489, 38.882482], [-123.057863, 38.91134], [-123.068849, 38.938049], [-123.092195, 38.947662], [-123.104555, 38.960478], [-123.119661, 38.967952], [-123.122407, 39.004246], [-123.149873, 39.043721], [-123.186952, 39.093832], [-123.200685, 39.121539], [-123.204805, 39.165207]]}},
{"type": "Feature", "properties": {"ProjectID": "P6250", "full_id": null, "osm_id": null, "osm_type": null, "man_made": null, "operator:wikidata": null, "bridge": null, "intermittent": null, "operator": null, "waterway": null, "tunnel": null, "name": null, "gnis:feature_id": null, "nhd:com_id": null, "pipe_type": null, "nhd:reach_code": null, "nhd:fdate": null, "location": null, "layer": null, "gnis:ftype": null, "gnis:fcode": null, "tiger:reviewed": null, "tiger:county": null, "tiger:cfcc": null, "substance": null, "tiger:upload_uuid": null, "tiger:tlid": null, "tiger:source": null, "path": null}, "geometry": {"type": "LineString", "coordinates": [[-121.315842, 38.158384], [-121.326142, 38.159397], [-121.378804, 38.160767]]}},
{"type": "Feature", "properties": {"ProjectID": "P6250", "full_id": null, "osm_id": null, "osm_type": null, "man_made": null, "operator:wikidata": null, "bridge": null, "intermittent": null, "operator": null, "waterway": null, "tunnel": null, "name": null, "gnis:feature_id": null, "nhd:com_id": null, "pipe_type": null, "nhd:reach_code": null, "nhd:fdate": null, "location": null, "layer": null, "gnis:ftype": null, "gnis:fcode": null, "tiger:reviewed": null, "tiger:county": null, "tiger:cfcc": null, "substance": null, "tiger:upload_uuid": null, "tiger:tlid": null, "tiger:source": null, "path": null}, "geometry": {"type": "LineString", "coordinates": [[-122.210317, 38.086444], [-122.216034, 38.088905], [-122.216892, 38.088736], [-122.217794, 38.088837], [-122.223415, 38.090357], [-122.223501, 38.089209], [-122.22157, 38.088803], [-122.222514, 38.087621], [-122.223201, 38.087891], [-122.222428, 38.083095], [-122.22333, 38.082622], [-122.22157, 38.079447], [-122.220368, 38.079244], [-122.222471, 38.07519], [-122.221167, 38.073145]]}},
{"type": "Feature", "properties": {"ProjectID": "P6250", "full_id": null, "osm_id": null, "osm_type": null, "man_made": null, "operator:wikidata": null, "bridge": null, "intermittent": null, "operator": null, "waterway": null, "tunnel": null, "name": null, "gnis:feature_id": null, "nhd:com_id": null, "pipe_type": null, "nhd:reach_code": null, "nhd:fdate": null, "location": null, "layer": null, "gnis:ftype": null, "gnis:fcode": null, "tiger:reviewed": null, "tiger:county": null, "tiger:cfcc": null, "substance": null, "tiger:upload_uuid": null, "tiger:tlid": null, "tiger:source": null, "path": null}, "geometry": {"type": "LineString", "coordinates": [[-120.258344, 36.255497], [-120.258408, 36.222119]]}},
{"type": "Feature", "properties": {"ProjectID": "P6250", "full_id": null, "osm_id": null, "osm_type": null, "man_made": null, "operator:wikidata": null, "bridge": null, "intermittent": null, "operator": null, "waterway": null, "tunnel": null, "name": null, "gnis:feature_id": null, "nhd:com_id": null, "pipe_type": null, "nhd:reach_code": null, "nhd:fdate": null, "location": null, "layer": null, "gnis:ftype": null, "gnis:fcode": null, "tiger:reviewed": null, "tiger:county": null, "tiger:cfcc": null, "substance": null, "tiger:upload_uuid": null, "tiger:tlid": null, "tiger:source": null, "path": null}, "geometry": {"type": "LineString", "coordinates": [[-121.896744, 39.045186], [-121.903954, 39.034586], [-121.903782, 39.03812], [-121.908503, 39.038186]]}},
{"type": "Feature", "properties": {"ProjectID": "P6250", "full_id": null, "osm_id": null, "osm_type": null, "man_made": null, "operator:wikidata": null, "bridge": null, "intermittent": null, "operator": null, "waterway": null, "tunnel": null, "name": null, "gnis:feature_id": null, "nhd:com_id": null, "pipe_type": null, "nhd:reach_code": null, "nhd:fdate": null, "location": null, "layer": null, "gnis:ftype": null, "gnis:fcode": null, "tiger:reviewed": null, "tiger:county": null, "tiger:cfcc": null, "substance": null, "tiger:upload_uuid": null, "tiger:tlid": null, "tiger:source": null, "path": null}, "geometry": {"type": "LineString", "coordinates": [[-117.157658, 34.915479], [-117.158899, 34.900663]]}},
{"type": "Feature", "properties": {"ProjectID": "P6250", "full_id": null, "osm_id": null, "osm_type": null, "man_made": null, "operator:wikidata": null, "bridge": null, "intermittent": null, "operator": null, "waterway": null, "tunnel": null, "name": null, "gnis:feature_id": null, "nhd:com_id": null, "pipe_type": null, "nhd:reach_code": null, "nhd:fdate": null, "location": null, "layer": null, "gnis:ftype": null, "gnis:fcode": null, "tiger:reviewed": null, "tiger:county": null, "tiger:cfcc": null, "substance": null, "tiger:upload_uuid": null, "tiger:tlid": null, "tiger:source": null, "path": null}, "geometry": {"type": "LineString", "coordinates": [[-122.074757, 39.776748], [-122.080894, 39.764544], [-122.094691, 39.766474], [-122.10763, 39.768486], [-122.109947, 39.768618], [-122.125053, 39.79759], [-122.139087, 39.825866], [-122.14222, 39.831609], [-122.143199, 39.833895], [-122.143335, 39.834213], [-122.142305, 39.837178], [-122.142391, 39.851742], [-122.141533, 39.895843], [-122.148314, 39.907761], [-122.148314, 39.909736], [-122.149773, 39.913028], [-122.149987, 39.920467], [-122.150545, 39.924021], [-122.150202, 39.927806], [-122.15548, 39.93141], [-122.155373, 39.935276], [-122.158077, 39.93911], [-122.162004, 39.945213], [-122.155995, 39.954392], [-122.155652, 39.960872], [-122.158227, 39.971759], [-122.158957, 39.971727], [-122.169128, 39.98202], [-122.171917, 39.987051], [-122.172947, 39.989287], [-122.173848, 39.989451], [-122.174063, 39.991753], [-122.17535, 39.991852], [-122.197366, 40.000038], [-122.203889, 39.999939], [-122.203803, 40.000498], [-122.205691, 40.002142], [-122.207022, 40.00967], [-122.206464, 40.047066], [-122.206807, 40.048988], [-122.20788, 40.052995], [-122.208695, 40.055311], [-122.213266, 40.061684], [-122.213373, 40.064278], [-122.215096, 40.064304], [-122.21554, 40.065116], [-122.216098, 40.065132], [-122.216656, 40.06684], [-122.220111, 40.071651], [-122.224317, 40.076988], [-122.225304, 40.077448], [-122.225261, 40.078334], [-122.231441, 40.084212], [-122.233157, 40.084376], [-122.237063, 40.106371], [-122.249551, 40.131805], [-122.257233, 40.135611], [-122.257178, 40.140336], [-122.257147, 40.143026], [-122.240281, 40.14273], [-122.239637, 40.143518], [-122.238865, 40.144174], [-122.238028, 40.144387], [-122.23732, 40.144568], [-122.236397, 40.144469], [-122.235496, 40.144387], [-122.234144, 40.144141], [-122.232986, 40.144371], [-122.232256, 40.144387], [-122.229981, 40.144141], [-122.228501, 40.143583], [-122.227664, 40.142763], [-122.222278, 40.142632], [-122.222235, 40.144125], [-122.221463, 40.144108], [-122.221291, 40.142665], [-122.212129, 40.142763], [-122.215133, 40.147717], [-122.213802, 40.150046]]}},
{"type": "Feature", "properties": {"ProjectID": "P6250", "full_id": null, "osm_id": null, "osm_type": null, "man_made": null, "operator:wikidata": null, "bridge": null, "intermittent": null, "operator": null, "waterway": null, "tunnel": null, "name": null, "gnis:feature_id": null, "nhd:com_id": null, "pipe_type": null, "nhd:reach_code": null, "nhd:fdate": null, "location": null, "layer": null, "gnis:ftype": null, "gnis:fcode": null, "tiger:reviewed": null, "tiger:county": null, "tiger:cfcc": null, "substance": null, "tiger:upload_uuid": null, "tiger:tlid": null, "tiger:source": null, "path": null}, "geometry": {"type": "LineString", "coordinates": [[-122.352194, 40.666781], [-122.351754, 40.668384], [-122.351743, 40.669254], [-122.351754, 40.669368], [-122.351507, 40.669694], [-122.351754, 40.669946], [-122.351754, 40.67067], [-122.351636, 40.670898], [-122.351078, 40.672127], [-122.350949, 40.672493], [-122.350842, 40.672705], [-122.350659, 40.672957], [-122.350595, 40.673201], [-122.350284, 40.673453], [-122.350413, 40.673649], [-122.350209, 40.674202], [-122.349125, 40.675715], [-122.348439, 40.676334], [-122.347012, 40.677457], [-122.3467, 40.67792], [-122.346733, 40.678197], [-122.346668, 40.678514], [-122.346625, 40.679239], [-122.342827, 40.680801], [-122.343385, 40.688823], [-122.343299, 40.689994], [-122.342978, 40.690498], [-122.341969, 40.694631], [-122.336583, 40.701773], [-122.336648, 40.704148], [-122.333064, 40.710703], [-122.334695, 40.71124], [-122.334287, 40.712232], [-122.333837, 40.715046], [-122.333214, 40.715712], [-122.331219, 40.716607], [-122.330875, 40.718331], [-122.330446, 40.719697], [-122.329459, 40.720608], [-122.328365, 40.721161], [-122.327142, 40.722136], [-122.326412, 40.723226], [-122.324953, 40.726332], [-122.32446, 40.728072], [-122.324481, 40.729763], [-122.324352, 40.730934], [-122.323344, 40.731682], [-122.322614, 40.73321], [-122.324116, 40.733958], [-122.323451, 40.735486]]}},
{"type": "Feature", "properties": {"ProjectID": "P6250", "full_id": null, "osm_id": null, "osm_type": null, "man_made": null, "operator:wikidata": null, "bridge": null, "intermittent": null, "operator": null, "waterway": null, "tunnel": null, "name": null, "gnis:feature_id": null, "nhd:com_id": null, "pipe_type": null, "nhd:reach_code": null, "nhd:fdate": null, "location": null, "layer": null, "gnis:ftype": null, "gnis:fcode": null, "tiger:reviewed": null, "tiger:county": null, "tiger:cfcc": null, "substance": null, "tiger:upload_uuid": null, "tiger:tlid": null, "tiger:source": null, "path": null}, "geometry": {"type": "LineString", "coordinates": [[-122.578454, 38.251392], [-122.568627, 38.258402], [-122.439537, 38.247887], [-122.422715, 38.243843]]}},
{"type": "Feature", "properties": {"ProjectID": "P6250", "full_id": null, "osm_id": null, "osm_type": null, "man_made": null, "operator:wikidata": null, "bridge": null, "intermittent": null, "operator": null, "waterway": null, "tunnel": null, "name": null, "gnis:feature_id": null, "nhd:com_id": null, "pipe_type": null, "nhd:reach_code": null, "nhd:fdate": null, "location": null, "layer": null, "gnis:ftype": null, "gnis:fcode": null, "tiger:reviewed": null, "tiger:county": null, "tiger:cfcc": null, "substance": null, "tiger:upload_uuid": null, "tiger:tlid": null, "tiger:source": null, "path": null}, "geometry": {"type": "LineString", "coordinates": [[-120.756028, 36.851845], [-120.642244, 36.849957]]}},
{"type": "Feature", "properties": {"ProjectID": "P6250", "full_id": null, "osm_id": null, "osm_type": null, "man_made": null, "operator:wikidata": null, "bridge": null, "intermittent": null, "operator": null, "waterway": null, "tunnel": null, "name": null, "gnis:feature_id": null, "nhd:com_id": null, "pipe_type": null, "nhd:reach_code": null, "nhd:fdate": null, "location": null, "layer": null, "gnis:ftype": null, "gnis:fcode": null, "tiger:reviewed": null, "tiger:county": null, "tiger:cfcc": null, "substance": null, "tiger:upload_uuid": null, "tiger:tlid": null, "tiger:source": null, "path": null}, "geometry": {"type": "LineString", "coordinates": [[-121.299105, 38.721211], [-121.300392, 38.720809], [-121.310692, 38.721278], [-121.31567, 38.716724], [-121.319962, 38.715117], [-121.329757, 38.707558], [-121.335583, 38.703061], [-121.33215, 38.707348], [-121.331463, 38.723019]]}},
{"type": "Feature", "properties": {"ProjectID": "P6250", "full_id": null, "osm_id": null, "osm_type": null, "man_made": null, "operator:wikidata": null, "bridge": null, "intermittent": null, "operator": null, "waterway": null, "tunnel": null, "name": null, "gnis:feature_id": null, "nhd:com_id": null, "pipe_type": null, "nhd:reach_code": null, "nhd:fdate": null, "location": null, "layer": null, "gnis:ftype": null, "gnis:fcode": null, "tiger:reviewed": null, "tiger:county": null, "tiger:cfcc": null, "substance": null, "tiger:upload_uuid": null, "tiger:tlid": null, "tiger:source": null, "path": null}, "geometry": {"type": "LineString", "coordinates": [[-121.579291, 37.961757], [-121.572647, 37.962606]]}},
{"type": "Feature", "properties": {"ProjectID": "P6250", "full_id": null, "osm_id": null, "osm_type": null, "man_made": null, "operator:wikidata": null, "bridge": null, "intermittent": null, "operator": null, "waterway": null, "tunnel": null, "name": null, "gnis:feature_id": null, "nhd:com_id": null, "pipe_type": null, "nhd:reach_code": null, "nhd:fdate": null, "location": null, "layer": null, "gnis:ftype": null, "gnis:fcode": null, "tiger:reviewed": null, "tiger:county": null, "tiger:cfcc": null, "substance": null, "tiger:upload_uuid": null, "tiger:tlid": null, "tiger:source": null, "path": null}, "geometry": {"type": "LineString", "coordinates": [[-121.984377, 39.056584], [-121.988068, 39.056584], [-121.988068, 39.049386], [-121.984377, 39.049319], [-121.984334, 39.049852]]}},
{"type": "Feature", "properties": {"ProjectID": "P6250", "full_id": null, "osm_id": null, "osm_type": null, "man_made": null, "operator:wikidata": null, "bridge": null, "intermittent": null, "operator": null, "waterway": null, "tunnel": null, "name": null, "gnis:feature_id": null, "nhd:com_id": null, "pipe_type": null, "nhd:reach_code": null, "nhd:fdate": null, "location": null, "layer": null, "gnis:ftype": null, "gnis:fcode": null, "tiger:reviewed": null, "tiger:county": null, "tiger:cfcc": null, "substance": null, "tiger:upload_uuid": null, "tiger:tlid": null, "tiger:source": null, "path": null}, "geometry": {"type": "LineString", "coordinates": [[-122.296629, 37.871737], [-122.295335, 37.866468], [-122.293882, 37.860557], [-122.29002, 37.85012], [-122.292252, 37.849646], [-122.288818, 37.839344], [-122.292173, 37.838687], [-122.298517, 37.837446]]}},
{"type": "Feature", "properties": {"ProjectID": "P6250", "full_id": null, "osm_id": null, "osm_type": null, "man_made": null, "operator:wikidata": null, "bridge": null, "intermittent": null, "operator": null, "waterway": null, "tunnel": null, "name": null, "gnis:feature_id": null, "nhd:com_id": null, "pipe_type": null, "nhd:reach_code": null, "nhd:fdate": null, "location": null, "layer": null, "gnis:ftype": null, "gnis:fcode": null, "tiger:reviewed": null, "tiger:county": null, "tiger:cfcc": null, "substance": null, "tiger:upload_uuid": null, "tiger:tlid": null, "tiger:source": null, "path": null}, "geometry": {"type": "LineString", "coordinates": [[-119.032574, 35.506378], [-119.036007, 35.514204], [-119.03944, 35.514204], [-119.03944, 35.516299]]}},
{"type": "Feature", "properties": {"ProjectID": "P6250", "full_id": null, "osm_id": null, "osm_type": null, "man_made": null, "operator:wikidata": null, "bridge": null, "intermittent": null, "operator": null, "waterway": null, "tunnel": null, "name": null, "gnis:feature_id": null, "nhd:com_id": null, "pipe_type": null, "nhd:reach_code": null, "nhd:fdate": null, "location": null, "layer": null, "gnis:ftype": null, "gnis:fcode": null, "tiger:reviewed": null, "tiger:county": null, "tiger:cfcc": null, "substance": null, "tiger:upload_uuid": null, "tiger:tlid": null, "tiger:source": null, "path": null}, "geometry": {"type": "LineString", "coordinates": [[-121.425834, 37.753379], [-121.471411, 37.753141], [-121.47862, 37.750122], [-121.531621, 37.750155], [-121.531722, 37.74587], [-121.549302, 37.731151]]}},
{"type": "Feature", "properties": {"ProjectID": "P6250", "full_id": null, "osm_id": null, "osm_type": null, "man_made": null, "operator:wikidata": null, "bridge": null, "intermittent": null, "operator": null, "waterway": null, "tunnel": null, "name": null, "gnis:feature_id": null, "nhd:com_id": null, "pipe_type": null, "nhd:reach_code": null, "nhd:fdate": null, "location": null, "layer": null, "gnis:ftype": null, "gnis:fcode": null, "tiger:reviewed": null, "tiger:county": null, "tiger:cfcc": null, "substance": null, "tiger:upload_uuid": null, "tiger:tlid": null, "tiger:source": null, "path": null}, "geometry": {"type": "LineString", "coordinates": [[-122.063019, 39.523105], [-122.059908, 39.525461], [-122.059736, 39.524932], [-122.048278, 39.525263], [-122.052312, 39.53281]]}},
{"type": "Feature", "properties": {"ProjectID": "P6250", "full_id": null, "osm_id": null, "osm_type": null, "man_made": null, "operator:wikidata": null, "bridge": null, "intermittent": null, "operator": null, "waterway": null, "tunnel": null, "name": null, "gnis:feature_id": null, "nhd:com_id": null, "pipe_type": null, "nhd:reach_code": null, "nhd:fdate": null, "location": null, "layer": null, "gnis:ftype": null, "gnis:fcode": null, "tiger:reviewed": null, "tiger:county": null, "tiger:cfcc": null, "substance": null, "tiger:upload_uuid": null, "tiger:tlid": null, "tiger:source": null, "path": null}, "geometry": {"type": "LineString", "coordinates": [[-121.932793, 37.417039], [-121.93923, 37.416425], [-121.945238, 37.409471], [-121.937599, 37.399449], [-121.918266, 37.373176], [-121.91745, 37.374011]]}},
{"type": "Feature", "properties": {"ProjectID": "P6250", "full_id": null, "osm_id": null, "osm_type": null, "man_made": null, "operator:wikidata": null, "bridge": null, "intermittent": null, "operator": null, "waterway": null, "tunnel": null, "name": null, "gnis:feature_id": null, "nhd:com_id": null, "pipe_type": null, "nhd:reach_code": null, "nhd:fdate": null, "location": null, "layer": null, "gnis:ftype": null, "gnis:fcode": null, "tiger:reviewed": null, "tiger:county": null, "tiger:cfcc": null, "substance": null, "tiger:upload_uuid": null, "tiger:tlid": null, "tiger:source": null, "path": null}, "geometry": {"type": "LineString", "coordinates": [[-122.118075, 37.665709], [-122.109904, 37.666191], [-122.110763, 37.667414], [-122.106299, 37.669215], [-122.103038, 37.666463], [-122.100635, 37.666565], [-122.095871, 37.668467], [-122.095399, 37.667652], [-122.093124, 37.668366], [-122.092481, 37.667686], [-122.087202, 37.66986], [-122.086215, 37.668909], [-122.076731, 37.675465], [-122.077975, 37.676382], [-122.075315, 37.678284], [-122.070551, 37.68005], [-122.066302, 37.682326], [-122.06377, 37.683651], [-122.062225, 37.690137], [-122.062655, 37.691054], [-122.062397, 37.693737], [-122.061667, 37.694043]]}},
{"type": "Feature", "properties": {"ProjectID": "P6250", "full_id": null, "osm_id": null, "osm_type": null, "man_made": null, "operator:wikidata": null, "bridge": null, "intermittent": null, "operator": null, "waterway": null, "tunnel": null, "name": null, "gnis:feature_id": null, "nhd:com_id": null, "pipe_type": null, "nhd:reach_code": null, "nhd:fdate": null, "location": null, "layer": null, "gnis:ftype": null, "gnis:fcode": null, "tiger:reviewed": null, "tiger:county": null, "tiger:cfcc": null, "substance": null, "tiger:upload_uuid": null, "tiger:tlid": null, "tiger:source": null, "path": null}, "geometry": {"type": "LineString", "coordinates": [[-122.566995, 38.12475], [-122.568541, 38.126083], [-122.569249, 38.128447], [-122.568412, 38.132295], [-122.566738, 38.133949], [-122.56515, 38.137105], [-122.564807, 38.142134], [-122.566052, 38.147281], [-122.56515, 38.147619], [-122.568219, 38.156241], [-122.570236, 38.159987], [-122.574291, 38.163159], [-122.57545, 38.164053], [-122.577124, 38.16488], [-122.579012, 38.166533], [-122.582252, 38.168574], [-122.5909, 38.174917], [-122.593131, 38.177043], [-122.595449, 38.181462], [-122.595577, 38.182879], [-122.595964, 38.191615], [-122.596436, 38.196202], [-122.59562, 38.197821], [-122.594333, 38.205072], [-122.595105, 38.211142], [-122.594719, 38.211445], [-122.593946, 38.234944], [-122.599783, 38.227932], [-122.602272, 38.229213], [-122.606478, 38.223347], [-122.606006, 38.221729], [-122.607122, 38.220414], [-122.604718, 38.219571], [-122.598023, 38.20551], [-122.598882, 38.195865], [-122.600899, 38.190401], [-122.595577, 38.182879]]}},
{"type": "Feature", "properties": {"ProjectID": "P6250", "full_id": null, "osm_id": null, "osm_type": null, "man_made": null, "operator:wikidata": null, "bridge": null, "intermittent": null, "operator": null, "waterway": null, "tunnel": null, "name": null, "gnis:feature_id": null, "nhd:com_id": null, "pipe_type": null, "nhd:reach_code": null, "nhd:fdate": null, "location": null, "layer": null, "gnis:ftype": null, "gnis:fcode": null, "tiger:reviewed": null, "tiger:county": null, "tiger:cfcc": null, "substance": null, "tiger:upload_uuid": null, "tiger:tlid": null, "tiger:source": null, "path": null}, "geometry": {"type": "LineString", "coordinates": [[-119.772606, 36.773336], [-119.772606, 36.772305], [-119.763852, 36.772338], [-119.736128, 36.772443], [-119.736385, 36.757659], [-119.718103, 36.757522], [-119.699478, 36.757453], [-119.700165, 36.808323], [-119.760422, 36.808666], [-119.772606, 36.808735], [-119.772434, 36.793753]]}},
{"type": "Feature", "properties": {"ProjectID": "P6250", "full_id": null, "osm_id": null, "osm_type": null, "man_made": null, "operator:wikidata": null, "bridge": null, "intermittent": null, "operator": null, "waterway": null, "tunnel": null, "name": null, "gnis:feature_id": null, "nhd:com_id": null, "pipe_type": null, "nhd:reach_code": null, "nhd:fdate": null, "location": null, "layer": null, "gnis:ftype": null, "gnis:fcode": null, "tiger:reviewed": null, "tiger:county": null, "tiger:cfcc": null, "substance": null, "tiger:upload_uuid": null, "tiger:tlid": null, "tiger:source": null, "path": null}, "geometry": {"type": "LineString", "coordinates": [[-122.295492, 37.537329], [-122.291737, 37.539711]]}},
{"type": "Feature", "properties": {"ProjectID": "P6250", "full_id": null, "osm_id": null, "osm_type": null, "man_made": null, "operator:wikidata": null, "bridge": null, "intermittent": null, "operator": null, "waterway": null, "tunnel": null, "name": null, "gnis:feature_id": null, "nhd:com_id": null, "pipe_type": null, "nhd:reach_code": null, "nhd:fdate": null, "location": null, "layer": null, "gnis:ftype": null, "gnis:fcode": null, "tiger:reviewed": null, "tiger:county": null, "tiger:cfcc": null, "substance": null, "tiger:upload_uuid": null, "tiger:tlid": null, "tiger:source": null, "path": null}, "geometry": {"type": "LineString", "coordinates": [[-122.08662, 37.410915], [-122.087288, 37.409812], [-122.084026, 37.409301], [-122.08334, 37.408721], [-122.077332, 37.405892], [-122.076151, 37.405398], [-122.071066, 37.402892], [-122.070594, 37.402091], [-122.069199, 37.402057], [-122.069049, 37.403267], [-122.065594, 37.405892], [-122.064865, 37.406642], [-122.065036, 37.406795], [-122.06553, 37.406454], [-122.066388, 37.405994], [-122.066989, 37.405977], [-122.067053, 37.405687], [-122.067504, 37.405943]]}},
{"type": "Feature", "properties": {"ProjectID": "P6250", "full_id": null, "osm_id": null, "osm_type": null, "man_made": null, "operator:wikidata": null, "bridge": null, "intermittent": null, "operator": null, "waterway": null, "tunnel": null, "name": null, "gnis:feature_id": null, "nhd:com_id": null, "pipe_type": null, "nhd:reach_code": null, "nhd:fdate": null, "location": null, "layer": null, "gnis:ftype": null, "gnis:fcode": null, "tiger:reviewed": null, "tiger:county": null, "tiger:cfcc": null, "substance": null, "tiger:upload_uuid": null, "tiger:tlid": null, "tiger:source": null, "path": null}, "geometry": {"type": "LineString", "coordinates": [[-122.265871, 39.816418], [-122.271524, 39.821128], [-122.279978, 39.82805]]}},
{"type": "Feature", "properties": {"ProjectID": "P6250", "full_id": null, "osm_id": null, "osm_type": null, "man_made": null, "operator:wikidata": null, "bridge": null, "intermittent": null, "operator": null, "waterway": null, "tunnel": null, "name": null, "gnis:feature_id": null, "nhd:com_id": null, "pipe_type": null, "nhd:reach_code": null, "nhd:fdate": null, "location": null, "layer": null, "gnis:ftype": null, "gnis:fcode": null, "tiger:reviewed": null, "tiger:county": null, "tiger:cfcc": null, "substance": null, "tiger:upload_uuid": null, "tiger:tlid": null, "tiger:source": null, "path": null}, "geometry": {"type": "LineString", "coordinates": [[-120.971834, 37.480308], [-120.883943, 37.477039], [-120.890122, 37.542945]]}},
{"type": "Feature", "properties": {"ProjectID": "P6250", "full_id": null, "osm_id": null, "osm_type": null, "man_made": null, "operator:wikidata": null, "bridge": null, "intermittent": null, "operator": null, "waterway": null, "tunnel": null, "name": null, "gnis:feature_id": null, "nhd:com_id": null, "pipe_type": null, "nhd:reach_code": null, "nhd:fdate": null, "location": null, "layer": null, "gnis:ftype": null, "gnis:fcode": null, "tiger:reviewed": null, "tiger:county": null, "tiger:cfcc": null, "substance": null, "tiger:upload_uuid": null, "tiger:tlid": null, "tiger:source": null, "path": null}, "geometry": {"type": "LineString", "coordinates": [[-121.441497, 38.622202], [-121.441155, 38.633031], [-121.438322, 38.633031], [-121.438408, 38.659945]]}},
{"type": "Feature", "properties": {"ProjectID": "P6250", "full_id": null, "osm_id": null, "osm_type": null, "man_made": null, "operator:wikidata": null, "bridge": null, "intermittent": null, "operator": null, "waterway": null, "tunnel": null, "name": null, "gnis:feature_id": null, "nhd:com_id": null, "pipe_type": null, "nhd:reach_code": null, "nhd:fdate": null, "location": null, "layer": null, "gnis:ftype": null, "gnis:fcode": null, "tiger:reviewed": null, "tiger:county": null, "tiger:cfcc": null, "substance": null, "tiger:upload_uuid": null, "tiger:tlid": null, "tiger:source": null, "path": null}, "geometry": {"type": "LineString", "coordinates": [[-122.038794, 38.245899], [-122.038622, 38.247213], [-122.041197, 38.247146], [-122.041454, 38.24937], [-122.044458, 38.252471]]}},
{"type": "Feature", "properties": {"ProjectID": "P6250", "full_id": null, "osm_id": null, "osm_type": null, "man_made": null, "operator:wikidata": null, "bridge": null, "intermittent": null, "operator": null, "waterway": null, "tunnel": null, "name": null, "gnis:feature_id": null, "nhd:com_id": null, "pipe_type": null, "nhd:reach_code": null, "nhd:fdate": null, "location": null, "layer": null, "gnis:ftype": null, "gnis:fcode": null, "tiger:reviewed": null, "tiger:county": null, "tiger:cfcc": null, "substance": null, "tiger:upload_uuid": null, "tiger:tlid": null, "tiger:source": null, "path": null}, "geometry": {"type": "LineString", "coordinates": [[-121.970129, 37.509454], [-121.963949, 37.503734]]}},
{"type": "Feature", "properties": {"ProjectID": "P6250", "full_id": null, "osm_id": null, "osm_type": null, "man_made": null, "operator:wikidata": null, "bridge": null, "intermittent": null, "operator": null, "waterway": null, "tunnel": null, "name": null, "gnis:feature_id": null, "nhd:com_id": null, "pipe_type": null, "nhd:reach_code": null, "nhd:fdate": null, "location": null, "layer": null, "gnis:ftype": null, "gnis:fcode": null, "tiger:reviewed": null, "tiger:county": null, "tiger:cfcc": null, "substance": null, "tiger:upload_uuid": null, "tiger:tlid": null, "tiger:source": null, "path": null}, "geometry": {"type": "LineString", "coordinates": [[-121.395203, 41.051606], [-121.41429, 41.051072], [-121.436048, 41.050942], [-121.448751, 41.050942], [-121.451283, 41.051589], [-121.459522, 41.052787], [-121.460595, 41.053434], [-121.461024, 41.054275], [-121.460981, 41.056961], [-121.461067, 41.058224], [-121.465981, 41.06154], [-121.466646, 41.061702], [-121.471303, 41.061929], [-121.479714, 41.062608], [-121.480443, 41.062592], [-121.481838, 41.062171], [-121.48289, 41.062009], [-121.485443, 41.061686], [-121.488276, 41.061637], [-121.499391, 41.061654], [-121.508124, 41.06167], [-121.519046, 41.061751], [-121.527479, 41.061848], [-121.536137, 41.061896], [-121.537328, 41.061718], [-121.536684, 41.065407], [-121.534495, 41.077637], [-121.53398, 41.085675], [-121.53383, 41.08671], [-121.532478, 41.094263], [-121.530247, 41.106293], [-121.529946, 41.107489], [-121.526899, 41.121586], [-121.524668, 41.132383], [-121.520462, 41.152518], [-121.518338, 41.162292], [-121.504819, 41.183806], [-121.499906, 41.191734], [-121.500378, 41.196417], [-121.501193, 41.202907], [-121.501794, 41.208622], [-121.502395, 41.21524], [-121.503167, 41.221664], [-121.50321, 41.224053], [-121.503425, 41.235608], [-121.503511, 41.241126], [-121.50806, 41.248289], [-121.511922, 41.254258], [-121.517029, 41.262259], [-121.52102, 41.268163], [-121.524282, 41.274001], [-121.527286, 41.278774], [-121.535955, 41.284869], [-121.537671, 41.288029], [-121.537156, 41.289771], [-121.538401, 41.29206], [-121.538959, 41.292834], [-121.543465, 41.297767], [-121.543036, 41.301314], [-121.544194, 41.306633], [-121.544924, 41.310985], [-121.546168, 41.313016], [-121.546168, 41.313886], [-121.543808, 41.31769], [-121.544108, 41.324007], [-121.542993, 41.33013], [-121.541019, 41.341473], [-121.536813, 41.344775], [-121.536083, 41.347304], [-121.535225, 41.350268], [-121.535397, 41.352008], [-121.532822, 41.353941], [-121.529217, 41.357871], [-121.523123, 41.364764], [-121.514368, 41.375585], [-121.508617, 41.383184], [-121.502953, 41.390075], [-121.49394, 41.400634], [-121.488447, 41.4063], [-121.484156, 41.410484], [-121.480036, 41.415183], [-121.47892, 41.41853], [-121.472139, 41.426832], [-121.445618, 41.456108], [-121.345024, 41.562032], [-121.316596, 41.648747], [-121.301766, 41.693937], [-121.302452, 41.699192], [-121.298847, 41.702781], [-121.302967, 41.751593], [-121.306057, 41.77208], [-121.311722, 41.81828], [-121.31361, 41.819943], [-121.315756, 41.838331], [-121.316829, 41.845972], [-121.31979, 41.865982], [-121.327944, 41.895952], [-121.334016, 41.911555], [-121.334703, 41.91815], [-121.340904, 41.946852], [-121.343651, 41.958597], [-121.358392, 41.995142], [-121.358736, 41.996163]]}},
{"type": "Feature", "properties": {"ProjectID": "P6250", "full_id": null, "osm_id": null, "osm_type": null, "man_made": null, "operator:wikidata": null, "bridge": null, "intermittent": null, "operator": null, "waterway": null, "tunnel": null, "name": null, "gnis:feature_id": null, "nhd:com_id": null, "pipe_type": null, "nhd:reach_code": null, "nhd:fdate": null, "location": null, "layer": null, "gnis:ftype": null, "gnis:fcode": null, "tiger:reviewed": null, "tiger:county": null, "tiger:cfcc": null, "substance": null, "tiger:upload_uuid": null, "tiger:tlid": null, "tiger:source": null, "path": null}, "geometry": {"type": "LineString", "coordinates": [[-122.347741, 37.92399], [-122.347655, 37.921857], [-122.347269, 37.920334], [-122.346689, 37.919766], [-122.346196, 37.919285]]}},
{"type": "Feature", "properties": {"ProjectID": "P6250", "full_id": null, "osm_id": null, "osm_type": null, "man_made": null, "operator:wikidata": null, "bridge": null, "intermittent": null, "operator": null, "waterway": null, "tunnel": null, "name": null, "gnis:feature_id": null, "nhd:com_id": null, "pipe_type": null, "nhd:reach_code": null, "nhd:fdate": null, "location": null, "layer": null, "gnis:ftype": null, "gnis:fcode": null, "tiger:reviewed": null, "tiger:county": null, "tiger:cfcc": null, "substance": null, "tiger:upload_uuid": null, "tiger:tlid": null, "tiger:source": null, "path": null}, "geometry": {"type": "LineString", "coordinates": [[-122.054273, 39.508209], [-122.05641, 39.507087]]}},
{"type": "Feature", "properties": {"ProjectID": "P6250", "full_id": null, "osm_id": null, "osm_type": null, "man_made": null, "operator:wikidata": null, "bridge": null, "intermittent": null, "operator": null, "waterway": null, "tunnel": null, "name": null, "gnis:feature_id": null, "nhd:com_id": null, "pipe_type": null, "nhd:reach_code": null, "nhd:fdate": null, "location": null, "layer": null, "gnis:ftype": null, "gnis:fcode": null, "tiger:reviewed": null, "tiger:county": null, "tiger:cfcc": null, "substance": null, "tiger:upload_uuid": null, "tiger:tlid": null, "tiger:source": null, "path": null}, "geometry": {"type": "LineString", "coordinates": [[-122.393532, 37.750494], [-122.402973, 37.749815], [-122.403917, 37.744793], [-122.406921, 37.741942], [-122.407351, 37.737463], [-122.40263, 37.730064], [-122.39748, 37.71601], [-122.401257, 37.712344], [-122.403917, 37.711869], [-122.408724, 37.701207], [-122.403059, 37.68939], [-122.399283, 37.68613], [-122.396107, 37.683617], [-122.394219, 37.681103], [-122.394219, 37.679065], [-122.390699, 37.674922], [-122.392244, 37.671321], [-122.396021, 37.667516], [-122.398939, 37.664595], [-122.404518, 37.660994], [-122.407179, 37.656781], [-122.409239, 37.652976], [-122.409496, 37.650529], [-122.406921, 37.647947], [-122.404604, 37.644957], [-122.393704, 37.623885], [-122.396364, 37.623002], [-122.398424, 37.621574], [-122.402029, 37.620894], [-122.397909, 37.610628], [-122.385464, 37.602808], [-122.378769, 37.605052], [-122.374992, 37.603624], [-122.370358, 37.601516], [-122.366753, 37.598592], [-122.366238, 37.596892], [-122.36907, 37.593152], [-122.356625, 37.587507], [-122.355981, 37.587371], [-122.357268, 37.585551], [-122.359264, 37.586452], [-122.362225, 37.581844], [-122.36171, 37.581657], [-122.362633, 37.581181]]}},
{"type": "Feature", "properties": {"ProjectID": "P6250", "full_id": null, "osm_id": null, "osm_type": null, "man_made": null, "operator:wikidata": null, "bridge": null, "intermittent": null, "operator": null, "waterway": null, "tunnel": null, "name": null, "gnis:feature_id": null, "nhd:com_id": null, "pipe_type": null, "nhd:reach_code": null, "nhd:fdate": null, "location": null, "layer": null, "gnis:ftype": null, "gnis:fcode": null, "tiger:reviewed": null, "tiger:county": null, "tiger:cfcc": null, "substance": null, "tiger:upload_uuid": null, "tiger:tlid": null, "tiger:source": null, "path": null}, "geometry": {"type": "LineString", "coordinates": [[-122.119989, 37.638364], [-122.113896, 37.631363], [-122.103939, 37.622594], [-122.080593, 37.602332], [-122.073813, 37.596484]]}},
{"type": "Feature", "properties": {"ProjectID": "P6250", "full_id": null, "osm_id": null, "osm_type": null, "man_made": null, "operator:wikidata": null, "bridge": null, "intermittent": null, "operator": null, "waterway": null, "tunnel": null, "name": null, "gnis:feature_id": null, "nhd:com_id": null, "pipe_type": null, "nhd:reach_code": null, "nhd:fdate": null, "location": null, "layer": null, "gnis:ftype": null, "gnis:fcode": null, "tiger:reviewed": null, "tiger:county": null, "tiger:cfcc": null, "substance": null, "tiger:upload_uuid": null, "tiger:tlid": null, "tiger:source": null, "path": null}, "geometry": {"type": "LineString", "coordinates": [[-121.731949, 38.219436], [-121.731777, 38.222808], [-121.734009, 38.223078], [-121.737271, 38.229685], [-121.744309, 38.236697], [-121.744095, 38.23846], [-121.743279, 38.245191], [-121.750317, 38.247483], [-121.754265, 38.251258], [-121.75066, 38.251123], [-121.749973, 38.262176]]}},
{"type": "Feature", "properties": {"ProjectID": "P6250", "full_id": null, "osm_id": null, "osm_type": null, "man_made": null, "operator:wikidata": null, "bridge": null, "intermittent": null, "operator": null, "waterway": null, "tunnel": null, "name": null, "gnis:feature_id": null, "nhd:com_id": null, "pipe_type": null, "nhd:reach_code": null, "nhd:fdate": null, "location": null, "layer": null, "gnis:ftype": null, "gnis:fcode": null, "tiger:reviewed": null, "tiger:county": null, "tiger:cfcc": null, "substance": null, "tiger:upload_uuid": null, "tiger:tlid": null, "tiger:source": null, "path": null}, "geometry": {"type": "LineString", "coordinates": [[-119.814491, 36.77313], [-119.772606, 36.773336], [-119.772434, 36.793753]]}},
{"type": "Feature", "properties": {"ProjectID": "P6250", "full_id": null, "osm_id": null, "osm_type": null, "man_made": null, "operator:wikidata": null, "bridge": null, "intermittent": null, "operator": null, "waterway": null, "tunnel": null, "name": null, "gnis:feature_id": null, "nhd:com_id": null, "pipe_type": null, "nhd:reach_code": null, "nhd:fdate": null, "location": null, "layer": null, "gnis:ftype": null, "gnis:fcode": null, "tiger:reviewed": null, "tiger:county": null, "tiger:cfcc": null, "substance": null, "tiger:upload_uuid": null, "tiger:tlid": null, "tiger:source": null, "path": null}, "geometry": {"type": "LineString", "coordinates": [[-122.049952, 39.217359], [-122.079134, 39.195877], [-122.093897, 39.195744]]}},
{"type": "Feature", "properties": {"ProjectID": "P6250", "full_id": null, "osm_id": null, "osm_type": null, "man_made": null, "operator:wikidata": null, "bridge": null, "intermittent": null, "operator": null, "waterway": null, "tunnel": null, "name": null, "gnis:feature_id": null, "nhd:com_id": null, "pipe_type": null, "nhd:reach_code": null, "nhd:fdate": null, "location": null, "layer": null, "gnis:ftype": null, "gnis:fcode": null, "tiger:reviewed": null, "tiger:county": null, "tiger:cfcc": null, "substance": null, "tiger:upload_uuid": null, "tiger:tlid": null, "tiger:source": null, "path": null}, "geometry": {"type": "LineString", "coordinates": [[-121.950345, 37.369918], [-121.950302, 37.366235], [-121.949101, 37.362995], [-121.945367, 37.363438], [-121.945195, 37.364666], [-121.94335, 37.364632]]}},
{"type": "Feature", "properties": {"ProjectID": "P6250", "full_id": null, "osm_id": null, "osm_type": null, "man_made": null, "operator:wikidata": null, "bridge": null, "intermittent": null, "operator": null, "waterway": null, "tunnel": null, "name": null, "gnis:feature_id": null, "nhd:com_id": null, "pipe_type": null, "nhd:reach_code": null, "nhd:fdate": null, "location": null, "layer": null, "gnis:ftype": null, "gnis:fcode": null, "tiger:reviewed": null, "tiger:county": null, "tiger:cfcc": null, "substance": null, "tiger:upload_uuid": null, "tiger:tlid": null, "tiger:source": null, "path": null}, "geometry": {"type": "LineString", "coordinates": [[-119.729625, 36.885255], [-119.732952, 36.88525]]}},
{"type": "Feature", "properties": {"ProjectID": "P6250", "full_id": null, "osm_id": null, "osm_type": null, "man_made": null, "operator:wikidata": null, "bridge": null, "intermittent": null, "operator": null, "waterway": null, "tunnel": null, "name": null, "gnis:feature_id": null, "nhd:com_id": null, "pipe_type": null, "nhd:reach_code": null, "nhd:fdate": null, "location": null, "layer": null, "gnis:ftype": null, "gnis:fcode": null, "tiger:reviewed": null, "tiger:county": null, "tiger:cfcc": null, "substance": null, "tiger:upload_uuid": null, "tiger:tlid": null, "tiger:source": null, "path": null}, "geometry": {"type": "LineString", "coordinates": [[-120.124169, 36.624208], [-120.12434, 36.66181], [-120.169487, 36.661672]]}},
{"type": "Feature", "properties": {"ProjectID": "P6250", "full_id": null, "osm_id": null, "osm_type": null, "man_made": null, "operator:wikidata": null, "bridge": null, "intermittent": null, "operator": null, "waterway": null, "tunnel": null, "name": null, "gnis:feature_id": null, "nhd:com_id": null, "pipe_type": null, "nhd:reach_code": null, "nhd:fdate": null, "location": null, "layer": null, "gnis:ftype": null, "gnis:fcode": null, "tiger:reviewed": null, "tiger:county": null, "tiger:cfcc": null, "substance": null, "tiger:upload_uuid": null, "tiger:tlid": null, "tiger:source": null, "path": null}, "geometry": {"type": "LineString", "coordinates": [[-122.008109, 39.412258], [-122.006221, 39.412457], [-121.995277, 39.407152], [-121.995063, 39.406356], [-121.99811, 39.401913]]}},
{"type": "Feature", "properties": {"ProjectID": "P6250", "full_id": null, "osm_id": null, "osm_type": null, "man_made": null, "operator:wikidata": null, "bridge": null, "intermittent": null, "operator": null, "waterway": null, "tunnel": null, "name": null, "gnis:feature_id": null, "nhd:com_id": null, "pipe_type": null, "nhd:reach_code": null, "nhd:fdate": null, "location": null, "layer": null, "gnis:ftype": null, "gnis:fcode": null, "tiger:reviewed": null, "tiger:county": null, "tiger:cfcc": null, "substance": null, "tiger:upload_uuid": null, "tiger:tlid": null, "tiger:source": null, "path": null}, "geometry": {"type": "LineString", "coordinates": [[-120.091553, 36.990488], [-120.210343, 37.089693], [-120.375138, 37.221034], [-120.460969, 37.290443], [-120.5365, 37.319391], [-120.728074, 37.387072], [-120.736314, 37.390891], [-120.778886, 37.38489]]}},
{"type": "Feature", "properties": {"ProjectID": "P6250", "full_id": null, "osm_id": null, "osm_type": null, "man_made": null, "operator:wikidata": null, "bridge": null, "intermittent": null, "operator": null, "waterway": null, "tunnel": null, "name": null, "gnis:feature_id": null, "nhd:com_id": null, "pipe_type": null, "nhd:reach_code": null, "nhd:fdate": null, "location": null, "layer": null, "gnis:ftype": null, "gnis:fcode": null, "tiger:reviewed": null, "tiger:county": null, "tiger:cfcc": null, "substance": null, "tiger:upload_uuid": null, "tiger:tlid": null, "tiger:source": null, "path": null}, "geometry": {"type": "LineString", "coordinates": [[-119.91663, 36.793615], [-119.916287, 36.779043], [-119.934139, 36.778767], [-119.934225, 36.746106], [-119.871311, 36.746244], [-119.871397, 36.742736], [-119.821444, 36.743286], [-119.821529, 36.744043], [-119.819985, 36.74473], [-119.818869, 36.743492], [-119.817495, 36.743492], [-119.817495, 36.745074], [-119.813032, 36.745006], [-119.813118, 36.748307], [-119.814835, 36.748376], [-119.814491, 36.77313], [-119.814234, 36.779524], [-119.81595, 36.779455]]}},
{"type": "Feature", "properties": {"ProjectID": "P6250", "full_id": null, "osm_id": null, "osm_type": null, "man_made": null, "operator:wikidata": null, "bridge": null, "intermittent": null, "operator": null, "waterway": null, "tunnel": null, "name": null, "gnis:feature_id": null, "nhd:com_id": null, "pipe_type": null, "nhd:reach_code": null, "nhd:fdate": null, "location": null, "layer": null, "gnis:ftype": null, "gnis:fcode": null, "tiger:reviewed": null, "tiger:county": null, "tiger:cfcc": null, "substance": null, "tiger:upload_uuid": null, "tiger:tlid": null, "tiger:source": null, "path": null}, "geometry": {"type": "LineString", "coordinates": [[-119.039955, 35.484576], [-119.034805, 35.497295], [-119.034462, 35.498832], [-119.04253, 35.498972], [-119.04253, 35.500509]]}},
{"type": "Feature", "properties": {"ProjectID": "P6250", "full_id": null, "osm_id": null, "osm_type": null, "man_made": null, "operator:wikidata": null, "bridge": null, "intermittent": null, "operator": null, "waterway": null, "tunnel": null, "name": null, "gnis:feature_id": null, "nhd:com_id": null, "pipe_type": null, "nhd:reach_code": null, "nhd:fdate": null, "location": null, "layer": null, "gnis:ftype": null, "gnis:fcode": null, "tiger:reviewed": null, "tiger:county": null, "tiger:cfcc": null, "substance": null, "tiger:upload_uuid": null, "tiger:tlid": null, "tiger:source": null, "path": null}, "geometry": {"type": "LineString", "coordinates": [[-121.6626, 36.624348], [-121.714785, 36.644184], [-121.766971, 36.655202], [-121.813662, 36.64198]]}},
{"type": "Feature", "properties": {"ProjectID": "P6250", "full_id": null, "osm_id": null, "osm_type": null, "man_made": null, "operator:wikidata": null, "bridge": null, "intermittent": null, "operator": null, "waterway": null, "tunnel": null, "name": null, "gnis:feature_id": null, "nhd:com_id": null, "pipe_type": null, "nhd:reach_code": null, "nhd:fdate": null, "location": null, "layer": null, "gnis:ftype": null, "gnis:fcode": null, "tiger:reviewed": null, "tiger:county": null, "tiger:cfcc": null, "substance": null, "tiger:upload_uuid": null, "tiger:tlid": null, "tiger:source": null, "path": null}, "geometry": {"type": "LineString", "coordinates": [[-120.10666, 36.504118], [-120.324499, 36.372784], [-120.43625, 36.486454], [-120.507661, 36.546054], [-120.526201, 36.580799], [-120.615464, 36.674478]]}},
{"type": "Feature", "properties": {"ProjectID": "P6250", "full_id": null, "osm_id": null, "osm_type": null, "man_made": null, "operator:wikidata": null, "bridge": null, "intermittent": null, "operator": null, "waterway": null, "tunnel": null, "name": null, "gnis:feature_id": null, "nhd:com_id": null, "pipe_type": null, "nhd:reach_code": null, "nhd:fdate": null, "location": null, "layer": null, "gnis:ftype": null, "gnis:fcode": null, "tiger:reviewed": null, "tiger:county": null, "tiger:cfcc": null, "substance": null, "tiger:upload_uuid": null, "tiger:tlid": null, "tiger:source": null, "path": null}, "geometry": {"type": "LineString", "coordinates": [[-122.312714, 37.560468], [-122.309353, 37.557311], [-122.309707, 37.55709], [-122.309954, 37.557294], [-122.310394, 37.557005]]}},
{"type": "Feature", "properties": {"ProjectID": "P6250", "full_id": null, "osm_id": null, "osm_type": null, "man_made": null, "operator:wikidata": null, "bridge": null, "intermittent": null, "operator": null, "waterway": null, "tunnel": null, "name": null, "gnis:feature_id": null, "nhd:com_id": null, "pipe_type": null, "nhd:reach_code": null, "nhd:fdate": null, "location": null, "layer": null, "gnis:ftype": null, "gnis:fcode": null, "tiger:reviewed": null, "tiger:county": null, "tiger:cfcc": null, "substance": null, "tiger:upload_uuid": null, "tiger:tlid": null, "tiger:source": null, "path": null}, "geometry": {"type": "LineString", "coordinates": [[-121.5385, 38.611292], [-121.538701, 38.612478], [-121.539366, 38.612511], [-121.539602, 38.65589], [-121.557369, 38.655488], [-121.558142, 38.656091], [-121.559515, 38.656561], [-121.562133, 38.65646], [-121.576681, 38.656494], [-121.576381, 38.670199]]}},
{"type": "Feature", "properties": {"ProjectID": "P6250", "full_id": null, "osm_id": null, "osm_type": null, "man_made": null, "operator:wikidata": null, "bridge": null, "intermittent": null, "operator": null, "waterway": null, "tunnel": null, "name": null, "gnis:feature_id": null, "nhd:com_id": null, "pipe_type": null, "nhd:reach_code": null, "nhd:fdate": null, "location": null, "layer": null, "gnis:ftype": null, "gnis:fcode": null, "tiger:reviewed": null, "tiger:county": null, "tiger:cfcc": null, "substance": null, "tiger:upload_uuid": null, "tiger:tlid": null, "tiger:source": null, "path": null}, "geometry": {"type": "LineString", "coordinates": [[-122.234359, 38.037546], [-122.234573, 38.020103], [-122.236548, 38.020035], [-122.237878, 38.01919], [-122.237148, 38.018649]]}},
{"type": "Feature", "properties": {"ProjectID": "P6250", "full_id": null, "osm_id": null, "osm_type": null, "man_made": null, "operator:wikidata": null, "bridge": null, "intermittent": null, "operator": null, "waterway": null, "tunnel": null, "name": null, "gnis:feature_id": null, "nhd:com_id": null, "pipe_type": null, "nhd:reach_code": null, "nhd:fdate": null, "location": null, "layer": null, "gnis:ftype": null, "gnis:fcode": null, "tiger:reviewed": null, "tiger:county": null, "tiger:cfcc": null, "substance": null, "tiger:upload_uuid": null, "tiger:tlid": null, "tiger:source": null, "path": null}, "geometry": {"type": "LineString", "coordinates": [[-120.059688, 36.938936], [-120.108719, 36.938642], [-120.108719, 36.932605]]}},
{"type": "Feature", "properties": {"ProjectID": "P6250", "full_id": null, "osm_id": null, "osm_type": null, "man_made": null, "operator:wikidata": null, "bridge": null, "intermittent": null, "operator": null, "waterway": null, "tunnel": null, "name": null, "gnis:feature_id": null, "nhd:com_id": null, "pipe_type": null, "nhd:reach_code": null, "nhd:fdate": null, "location": null, "layer": null, "gnis:ftype": null, "gnis:fcode": null, "tiger:reviewed": null, "tiger:county": null, "tiger:cfcc": null, "substance": null, "tiger:upload_uuid": null, "tiger:tlid": null, "tiger:source": null, "path": null}, "geometry": {"type": "LineString", "coordinates": [[-119.772606, 36.63454], [-119.645577, 36.63454], [-119.645235, 36.677779]]}},
{"type": "Feature", "properties": {"ProjectID": "P6250", "full_id": null, "osm_id": null, "osm_type": null, "man_made": null, "operator:wikidata": null, "bridge": null, "intermittent": null, "operator": null, "waterway": null, "tunnel": null, "name": null, "gnis:feature_id": null, "nhd:com_id": null, "pipe_type": null, "nhd:reach_code": null, "nhd:fdate": null, "location": null, "layer": null, "gnis:ftype": null, "gnis:fcode": null, "tiger:reviewed": null, "tiger:county": null, "tiger:cfcc": null, "substance": null, "tiger:upload_uuid": null, "tiger:tlid": null, "tiger:source": null, "path": null}, "geometry": {"type": "LineString", "coordinates": [[-122.208309, 38.088905], [-122.198696, 38.083973], [-122.194147, 38.083906], [-122.191229, 38.081271], [-122.188225, 38.078704], [-122.184191, 38.071947], [-122.185478, 38.070325], [-122.182993, 38.068835], [-122.166767, 38.059108], [-122.163849, 38.066001]]}},
{"type": "Feature", "properties": {"ProjectID": "P6250", "full_id": null, "osm_id": null, "osm_type": null, "man_made": null, "operator:wikidata": null, "bridge": null, "intermittent": null, "operator": null, "waterway": null, "tunnel": null, "name": null, "gnis:feature_id": null, "nhd:com_id": null, "pipe_type": null, "nhd:reach_code": null, "nhd:fdate": null, "location": null, "layer": null, "gnis:ftype": null, "gnis:fcode": null, "tiger:reviewed": null, "tiger:county": null, "tiger:cfcc": null, "substance": null, "tiger:upload_uuid": null, "tiger:tlid": null, "tiger:source": null, "path": null}, "geometry": {"type": "LineString", "coordinates": [[-122.057934, 37.426343], [-122.056904, 37.42682], [-122.055531, 37.427297], [-122.055101, 37.428661], [-122.054844, 37.429478], [-122.053385, 37.429819], [-122.052183, 37.430092], [-122.050381, 37.426616], [-122.048235, 37.42573], [-122.045574, 37.42273], [-122.036133, 37.420686], [-122.030211, 37.419595], [-122.027035, 37.418504], [-122.026091, 37.419595], [-122.004204, 37.414891], [-122.003861, 37.415982], [-121.977425, 37.415164], [-121.976137, 37.415573], [-121.975279, 37.415096], [-121.972739, 37.416419], [-121.968207, 37.41878], [-121.967297, 37.419254], [-121.95631, 37.419663], [-121.944723, 37.419527], [-121.940174, 37.420345], [-121.940174, 37.421981], [-121.940689, 37.430092]]}},
{"type": "Feature", "properties": {"ProjectID": "P6250", "full_id": null, "osm_id": null, "osm_type": null, "man_made": null, "operator:wikidata": null, "bridge": null, "intermittent": null, "operator": null, "waterway": null, "tunnel": null, "name": null, "gnis:feature_id": null, "nhd:com_id": null, "pipe_type": null, "nhd:reach_code": null, "nhd:fdate": null, "location": null, "layer": null, "gnis:ftype": null, "gnis:fcode": null, "tiger:reviewed": null, "tiger:county": null, "tiger:cfcc": null, "substance": null, "tiger:upload_uuid": null, "tiger:tlid": null, "tiger:source": null, "path": null}, "geometry": {"type": "LineString", "coordinates": [[-122.363706, 37.921248], [-122.360144, 37.921147], [-122.360048, 37.925243], [-122.360015, 37.926665], [-122.362204, 37.926732], [-122.362032, 37.938376], [-122.361002, 37.93841], [-122.360745, 37.946059], [-122.362847, 37.94616], [-122.362804, 37.947311], [-122.365165, 37.948462], [-122.366109, 37.94924], [-122.367096, 37.950729], [-122.367117, 37.954028], [-122.379348, 37.954062], [-122.37937, 37.953538], [-122.380013, 37.953064], [-122.380657, 37.95303]]}},
{"type": "Feature", "properties": {"ProjectID": "P6250", "full_id": null, "osm_id": null, "osm_type": null, "man_made": null, "operator:wikidata": null, "bridge": null, "intermittent": null, "operator": null, "waterway": null, "tunnel": null, "name": null, "gnis:feature_id": null, "nhd:com_id": null, "pipe_type": null, "nhd:reach_code": null, "nhd:fdate": null, "location": null, "layer": null, "gnis:ftype": null, "gnis:fcode": null, "tiger:reviewed": null, "tiger:county": null, "tiger:cfcc": null, "substance": null, "tiger:upload_uuid": null, "tiger:tlid": null, "tiger:source": null, "path": null}, "geometry": {"type": "LineString", "coordinates": [[-121.973241, 38.241179], [-121.988025, 38.241652], [-121.987939, 38.243506], [-121.973262, 38.243304]]}},
{"type": "Feature", "properties": {"ProjectID": "P6250", "full_id": null, "osm_id": null, "osm_type": null, "man_made": null, "operator:wikidata": null, "bridge": null, "intermittent": null, "operator": null, "waterway": null, "tunnel": null, "name": null, "gnis:feature_id": null, "nhd:com_id": null, "pipe_type": null, "nhd:reach_code": null, "nhd:fdate": null, "location": null, "layer": null, "gnis:ftype": null, "gnis:fcode": null, "tiger:reviewed": null, "tiger:county": null, "tiger:cfcc": null, "substance": null, "tiger:upload_uuid": null, "tiger:tlid": null, "tiger:source": null, "path": null}, "geometry": {"type": "LineString", "coordinates": [[-121.942095, 37.487029], [-121.941204, 37.487595], [-121.939573, 37.486437], [-121.938028, 37.485756], [-121.935797, 37.485347], [-121.933651, 37.486165]]}},
{"type": "Feature", "properties": {"ProjectID": "P6250", "full_id": null, "osm_id": null, "osm_type": null, "man_made": null, "operator:wikidata": null, "bridge": null, "intermittent": null, "operator": null, "waterway": null, "tunnel": null, "name": null, "gnis:feature_id": null, "nhd:com_id": null, "pipe_type": null, "nhd:reach_code": null, "nhd:fdate": null, "location": null, "layer": null, "gnis:ftype": null, "gnis:fcode": null, "tiger:reviewed": null, "tiger:county": null, "tiger:cfcc": null, "substance": null, "tiger:upload_uuid": null, "tiger:tlid": null, "tiger:source": null, "path": null}, "geometry": {"type": "LineString", "coordinates": [[-122.173934, 37.459471], [-122.171095, 37.458094], [-122.169052, 37.457103], [-122.164063, 37.454591], [-122.163581, 37.455357]]}},
{"type": "Feature", "properties": {"ProjectID": "P6250", "full_id": null, "osm_id": null, "osm_type": null, "man_made": null, "operator:wikidata": null, "bridge": null, "intermittent": null, "operator": null, "waterway": null, "tunnel": null, "name": null, "gnis:feature_id": null, "nhd:com_id": null, "pipe_type": null, "nhd:reach_code": null, "nhd:fdate": null, "location": null, "layer": null, "gnis:ftype": null, "gnis:fcode": null, "tiger:reviewed": null, "tiger:county": null, "tiger:cfcc": null, "substance": null, "tiger:upload_uuid": null, "tiger:tlid": null, "tiger:source": null, "path": null}, "geometry": {"type": "LineString", "coordinates": [[-121.508274, 38.570851], [-121.509476, 38.568636], [-121.509647, 38.566355], [-121.502094, 38.56414], [-121.504669, 38.558905], [-121.505785, 38.558637], [-121.506643, 38.557831], [-121.507073, 38.556824], [-121.507073, 38.556019], [-121.506901, 38.554878], [-121.505613, 38.554072], [-121.504068, 38.553804], [-121.508617, 38.54501], [-121.508617, 38.543802], [-121.509304, 38.541721], [-121.50939, 38.540983], [-121.504841, 38.538364], [-121.50218, 38.537022], [-121.493168, 38.535142], [-121.482868, 38.533597], [-121.465101, 38.533665], [-121.464844, 38.539237], [-121.459694, 38.539438], [-121.459608, 38.538364], [-121.441755, 38.538297], [-121.441755, 38.539237], [-121.425791, 38.53964], [-121.408625, 38.53964], [-121.408796, 38.547628], [-121.418066, 38.549844], [-121.418409, 38.554475], [-121.422615, 38.562194], [-121.424589, 38.561657], [-121.428194, 38.567093]]}},
{"type": "Feature", "properties": {"ProjectID": "P6250", "full_id": null, "osm_id": null, "osm_type": null, "man_made": null, "operator:wikidata": null, "bridge": null, "intermittent": null, "operator": null, "waterway": null, "tunnel": null, "name": null, "gnis:feature_id": null, "nhd:com_id": null, "pipe_type": null, "nhd:reach_code": null, "nhd:fdate": null, "location": null, "layer": null, "gnis:ftype": null, "gnis:fcode": null, "tiger:reviewed": null, "tiger:county": null, "tiger:cfcc": null, "substance": null, "tiger:upload_uuid": null, "tiger:tlid": null, "tiger:source": null, "path": null}, "geometry": {"type": "LineString", "coordinates": [[-117.125247, 34.912965], [-117.193911, 34.838607], [-117.276309, 34.791253], [-117.336734, 34.658065], [-117.336734, 34.590261], [-117.328494, 34.551814], [-117.279055, 34.594783], [-117.23511, 34.608347], [-117.144473, 34.608347]]}},
{"type": "Feature", "properties": {"ProjectID": "P6250", "full_id": null, "osm_id": null, "osm_type": null, "man_made": null, "operator:wikidata": null, "bridge": null, "intermittent": null, "operator": null, "waterway": null, "tunnel": null, "name": null, "gnis:feature_id": null, "nhd:com_id": null, "pipe_type": null, "nhd:reach_code": null, "nhd:fdate": null, "location": null, "layer": null, "gnis:ftype": null, "gnis:fcode": null, "tiger:reviewed": null, "tiger:county": null, "tiger:cfcc": null, "substance": null, "tiger:upload_uuid": null, "tiger:tlid": null, "tiger:source": null, "path": null}, "geometry": {"type": "LineString", "coordinates": [[-122.172249, 38.114019], [-122.172175, 38.109911], [-122.161617, 38.102752], [-122.160845, 38.100523], [-122.159557, 38.099307], [-122.157669, 38.098362], [-122.156124, 38.098294], [-122.153635, 38.098362], [-122.151404, 38.097686], [-122.149601, 38.094917], [-122.141447, 38.090594], [-122.137842, 38.088432], [-122.136984, 38.087621], [-122.138014, 38.086], [-122.135696, 38.082419], [-122.137585, 38.081474], [-122.136383, 38.079514], [-122.139044, 38.079109], [-122.138615, 38.078095]]}},
{"type": "Feature", "properties": {"ProjectID": "P6250", "full_id": null, "osm_id": null, "osm_type": null, "man_made": null, "operator:wikidata": null, "bridge": null, "intermittent": null, "operator": null, "waterway": null, "tunnel": null, "name": null, "gnis:feature_id": null, "nhd:com_id": null, "pipe_type": null, "nhd:reach_code": null, "nhd:fdate": null, "location": null, "layer": null, "gnis:ftype": null, "gnis:fcode": null, "tiger:reviewed": null, "tiger:county": null, "tiger:cfcc": null, "substance": null, "tiger:upload_uuid": null, "tiger:tlid": null, "tiger:source": null, "path": null}, "geometry": {"type": "LineString", "coordinates": [[-122.179127, 38.108223], [-122.183161, 38.1039], [-122.182474, 38.10309], [-122.182989, 38.102482], [-122.184019, 38.102617], [-122.184792, 38.103022], [-122.199211, 38.099577], [-122.209168, 38.099645], [-122.208309, 38.088905], [-122.210317, 38.086444], [-122.221167, 38.073145], [-122.225561, 38.067758], [-122.224789, 38.061743], [-122.224231, 38.056134], [-122.225046, 38.05387], [-122.2229, 38.053836], [-122.2229, 38.054478], [-122.221956, 38.054411], [-122.221742, 38.055086], [-122.219682, 38.055762], [-122.213845, 38.055796]]}},
{"type": "Feature", "properties": {"ProjectID": "P6250", "full_id": null, "osm_id": null, "osm_type": null, "man_made": null, "operator:wikidata": null, "bridge": null, "intermittent": null, "operator": null, "waterway": null, "tunnel": null, "name": null, "gnis:feature_id": null, "nhd:com_id": null, "pipe_type": null, "nhd:reach_code": null, "nhd:fdate": null, "location": null, "layer": null, "gnis:ftype": null, "gnis:fcode": null, "tiger:reviewed": null, "tiger:county": null, "tiger:cfcc": null, "substance": null, "tiger:upload_uuid": null, "tiger:tlid": null, "tiger:source": null, "path": null}, "geometry": {"type": "LineString", "coordinates": [[-121.20821, 38.66983], [-121.209583, 38.670769], [-121.230869, 38.671104], [-121.232329, 38.671238], [-121.23353, 38.670568], [-121.234989, 38.669629], [-121.244431, 38.669696], [-121.244431, 38.664469], [-121.244345, 38.660716], [-121.225548, 38.660381], [-121.225634, 38.661654]]}},
{"type": "Feature", "properties": {"ProjectID": "P6250", "full_id": null, "osm_id": null, "osm_type": null, "man_made": null, "operator:wikidata": null, "bridge": null, "intermittent": null, "operator": null, "waterway": null, "tunnel": null, "name": null, "gnis:feature_id": null, "nhd:com_id": null, "pipe_type": null, "nhd:reach_code": null, "nhd:fdate": null, "location": null, "layer": null, "gnis:ftype": null, "gnis:fcode": null, "tiger:reviewed": null, "tiger:county": null, "tiger:cfcc": null, "substance": null, "tiger:upload_uuid": null, "tiger:tlid": null, "tiger:source": null, "path": null}, "geometry": {"type": "LineString", "coordinates": [[-121.950551, 37.511817], [-121.953907, 37.516738]]}},
{"type": "Feature", "properties": {"ProjectID": "P6250", "full_id": null, "osm_id": null, "osm_type": null, "man_made": null, "operator:wikidata": null, "bridge": null, "intermittent": null, "operator": null, "waterway": null, "tunnel": null, "name": null, "gnis:feature_id": null, "nhd:com_id": null, "pipe_type": null, "nhd:reach_code": null, "nhd:fdate": null, "location": null, "layer": null, "gnis:ftype": null, "gnis:fcode": null, "tiger:reviewed": null, "tiger:county": null, "tiger:cfcc": null, "substance": null, "tiger:upload_uuid": null, "tiger:tlid": null, "tiger:source": null, "path": null}, "geometry": {"type": "LineString", "coordinates": [[-120.21103, 36.194962], [-120.210343, 36.13843], [-120.254975, 36.137875]]}},
{"type": "Feature", "properties": {"ProjectID": "P6250", "full_id": null, "osm_id": null, "osm_type": null, "man_made": null, "operator:wikidata": null, "bridge": null, "intermittent": null, "operator": null, "waterway": null, "tunnel": null, "name": null, "gnis:feature_id": null, "nhd:com_id": null, "pipe_type": null, "nhd:reach_code": null, "nhd:fdate": null, "location": null, "layer": null, "gnis:ftype": null, "gnis:fcode": null, "tiger:reviewed": null, "tiger:county": null, "tiger:cfcc": null, "substance": null, "tiger:upload_uuid": null, "tiger:tlid": null, "tiger:source": null, "path": null}, "geometry": {"type": "LineString", "coordinates": [[-121.901379, 38.144143], [-121.90567, 38.158857]]}},
{"type": "Feature", "properties": {"ProjectID": "P6250", "full_id": null, "osm_id": null, "osm_type": null, "man_made": null, "operator:wikidata": null, "bridge": null, "intermittent": null, "operator": null, "waterway": null, "tunnel": null, "name": null, "gnis:feature_id": null, "nhd:com_id": null, "pipe_type": null, "nhd:reach_code": null, "nhd:fdate": null, "location": null, "layer": null, "gnis:ftype": null, "gnis:fcode": null, "tiger:reviewed": null, "tiger:county": null, "tiger:cfcc": null, "substance": null, "tiger:upload_uuid": null, "tiger:tlid": null, "tiger:source": null, "path": null}, "geometry": {"type": "LineString", "coordinates": [[-121.318073, 38.560516], [-121.315327, 38.562328], [-121.31052, 38.565214], [-121.309319, 38.564408], [-121.308031, 38.565885], [-121.305113, 38.566623], [-121.287603, 38.567227], [-121.286488, 38.56669], [-121.282539, 38.567697], [-121.281595, 38.568972], [-121.278591, 38.569307], [-121.275244, 38.569307], [-121.274471, 38.567697], [-121.271467, 38.566489], [-121.269236, 38.565549], [-121.267262, 38.563871], [-121.266747, 38.562663], [-121.266317, 38.55971], [-121.243143, 38.559576]]}},
{"type": "Feature", "properties": {"ProjectID": "P6250", "full_id": null, "osm_id": null, "osm_type": null, "man_made": null, "operator:wikidata": null, "bridge": null, "intermittent": null, "operator": null, "waterway": null, "tunnel": null, "name": null, "gnis:feature_id": null, "nhd:com_id": null, "pipe_type": null, "nhd:reach_code": null, "nhd:fdate": null, "location": null, "layer": null, "gnis:ftype": null, "gnis:fcode": null, "tiger:reviewed": null, "tiger:county": null, "tiger:cfcc": null, "substance": null, "tiger:upload_uuid": null, "tiger:tlid": null, "tiger:source": null, "path": null}, "geometry": {"type": "LineString", "coordinates": [[-121.723452, 38.130843], [-121.724396, 38.129156], [-121.726198, 38.129561], [-121.741562, 38.125915]]}},
{"type": "Feature", "properties": {"ProjectID": "P6250", "full_id": null, "osm_id": null, "osm_type": null, "man_made": null, "operator:wikidata": null, "bridge": null, "intermittent": null, "operator": null, "waterway": null, "tunnel": null, "name": null, "gnis:feature_id": null, "nhd:com_id": null, "pipe_type": null, "nhd:reach_code": null, "nhd:fdate": null, "location": null, "layer": null, "gnis:ftype": null, "gnis:fcode": null, "tiger:reviewed": null, "tiger:county": null, "tiger:cfcc": null, "substance": null, "tiger:upload_uuid": null, "tiger:tlid": null, "tiger:source": null, "path": null}, "geometry": {"type": "LineString", "coordinates": [[-122.080894, 39.764544], [-122.057362, 39.760902], [-122.055101, 39.760552], [-122.024889, 39.755934], [-122.019868, 39.755109], [-122.017894, 39.754482], [-122.016177, 39.753327], [-122.015437, 39.751947], [-122.014461, 39.750127], [-122.009783, 39.740821], [-122.007294, 39.737356], [-122.004247, 39.733462], [-122.002831, 39.731383], [-122.001114, 39.727125], [-121.997981, 39.720656], [-121.996093, 39.720623]]}},
{"type": "Feature", "properties": {"ProjectID": "P6250", "full_id": null, "osm_id": null, "osm_type": null, "man_made": null, "operator:wikidata": null, "bridge": null, "intermittent": null, "operator": null, "waterway": null, "tunnel": null, "name": null, "gnis:feature_id": null, "nhd:com_id": null, "pipe_type": null, "nhd:reach_code": null, "nhd:fdate": null, "location": null, "layer": null, "gnis:ftype": null, "gnis:fcode": null, "tiger:reviewed": null, "tiger:county": null, "tiger:cfcc": null, "substance": null, "tiger:upload_uuid": null, "tiger:tlid": null, "tiger:source": null, "path": null}, "geometry": {"type": "LineString", "coordinates": [[-122.242599, 37.780721], [-122.242384, 37.779399], [-122.240324, 37.779433], [-122.240109, 37.778313], [-122.237792, 37.778381]]}},
{"type": "Feature", "properties": {"ProjectID": "P6250", "full_id": null, "osm_id": null, "osm_type": null, "man_made": null, "operator:wikidata": null, "bridge": null, "intermittent": null, "operator": null, "waterway": null, "tunnel": null, "name": null, "gnis:feature_id": null, "nhd:com_id": null, "pipe_type": null, "nhd:reach_code": null, "nhd:fdate": null, "location": null, "layer": null, "gnis:ftype": null, "gnis:fcode": null, "tiger:reviewed": null, "tiger:county": null, "tiger:cfcc": null, "substance": null, "tiger:upload_uuid": null, "tiger:tlid": null, "tiger:source": null, "path": null}, "geometry": {"type": "LineString", "coordinates": [[-122.055874, 38.731121], [-122.057333, 38.71438], [-122.057591, 38.703865], [-122.051239, 38.694219], [-122.040339, 38.67432], [-122.026949, 38.649724], [-122.02652, 38.642283], [-122.00841, 38.617809], [-121.999912, 38.619419], [-121.999741, 38.620559], [-121.963606, 38.620425], [-121.963606, 38.619419]]}},
{"type": "Feature", "properties": {"ProjectID": "P6250", "full_id": null, "osm_id": null, "osm_type": null, "man_made": null, "operator:wikidata": null, "bridge": null, "intermittent": null, "operator": null, "waterway": null, "tunnel": null, "name": null, "gnis:feature_id": null, "nhd:com_id": null, "pipe_type": null, "nhd:reach_code": null, "nhd:fdate": null, "location": null, "layer": null, "gnis:ftype": null, "gnis:fcode": null, "tiger:reviewed": null, "tiger:county": null, "tiger:cfcc": null, "substance": null, "tiger:upload_uuid": null, "tiger:tlid": null, "tiger:source": null, "path": null}, "geometry": {"type": "LineString", "coordinates": [[-122.092953, 37.42832], [-122.093124, 37.426957], [-122.094069, 37.426343], [-122.092781, 37.425457], [-122.09321, 37.418981], [-122.089949, 37.418709], [-122.088983, 37.412386], [-122.08662, 37.410915], [-122.084026, 37.409301], [-122.082825, 37.410324], [-122.081108, 37.410324], [-122.079821, 37.409437], [-122.078705, 37.408483], [-122.07098, 37.408415], [-122.070036, 37.406846], [-122.076817, 37.406778]]}},
{"type": "Feature", "properties": {"ProjectID": "P6250", "full_id": null, "osm_id": null, "osm_type": null, "man_made": null, "operator:wikidata": null, "bridge": null, "intermittent": null, "operator": null, "waterway": null, "tunnel": null, "name": null, "gnis:feature_id": null, "nhd:com_id": null, "pipe_type": null, "nhd:reach_code": null, "nhd:fdate": null, "location": null, "layer": null, "gnis:ftype": null, "gnis:fcode": null, "tiger:reviewed": null, "tiger:county": null, "tiger:cfcc": null, "substance": null, "tiger:upload_uuid": null, "tiger:tlid": null, "tiger:source": null, "path": null}, "geometry": {"type": "LineString", "coordinates": [[-119.249873, 35.369429], [-119.21608, 35.375894], [-119.216767, 35.39045], [-119.105959, 35.390729], [-119.10347, 35.392199], [-119.091453, 35.392015], [-119.03472, 35.391149], [-119.034119, 35.392269], [-119.03266, 35.392549], [-119.028368, 35.392129], [-119.027081, 35.391989], [-119.026308, 35.392619], [-119.024677, 35.393528]]}},
{"type": "Feature", "properties": {"ProjectID": "P6250", "full_id": null, "osm_id": null, "osm_type": null, "man_made": null, "operator:wikidata": null, "bridge": null, "intermittent": null, "operator": null, "waterway": null, "tunnel": null, "name": null, "gnis:feature_id": null, "nhd:com_id": null, "pipe_type": null, "nhd:reach_code": null, "nhd:fdate": null, "location": null, "layer": null, "gnis:ftype": null, "gnis:fcode": null, "tiger:reviewed": null, "tiger:county": null, "tiger:cfcc": null, "substance": null, "tiger:upload_uuid": null, "tiger:tlid": null, "tiger:source": null, "path": null}, "geometry": {"type": "LineString", "coordinates": [[-121.714785, 36.644184], [-121.701053, 36.670624], [-121.698306, 36.736685], [-121.695559, 36.80269], [-121.643385, 36.827442], [-121.547244, 36.873032], [-121.373523, 36.839517]]}},
{"type": "Feature", "properties": {"ProjectID": "P6250", "full_id": null, "osm_id": null, "osm_type": null, "man_made": null, "operator:wikidata": null, "bridge": null, "intermittent": null, "operator": null, "waterway": null, "tunnel": null, "name": null, "gnis:feature_id": null, "nhd:com_id": null, "pipe_type": null, "nhd:reach_code": null, "nhd:fdate": null, "location": null, "layer": null, "gnis:ftype": null, "gnis:fcode": null, "tiger:reviewed": null, "tiger:county": null, "tiger:cfcc": null, "substance": null, "tiger:upload_uuid": null, "tiger:tlid": null, "tiger:source": null, "path": null}, "geometry": {"type": "LineString", "coordinates": [[-121.302573, 38.145591], [-121.300564, 38.155381], [-121.296144, 38.158823], [-121.295285, 38.160274], [-121.294856, 38.16547], [-121.295028, 38.166989], [-121.294084, 38.174748]]}},
{"type": "Feature", "properties": {"ProjectID": "P6250", "full_id": null, "osm_id": null, "osm_type": null, "man_made": null, "operator:wikidata": null, "bridge": null, "intermittent": null, "operator": null, "waterway": null, "tunnel": null, "name": null, "gnis:feature_id": null, "nhd:com_id": null, "pipe_type": null, "nhd:reach_code": null, "nhd:fdate": null, "location": null, "layer": null, "gnis:ftype": null, "gnis:fcode": null, "tiger:reviewed": null, "tiger:county": null, "tiger:cfcc": null, "substance": null, "tiger:upload_uuid": null, "tiger:tlid": null, "tiger:source": null, "path": null}, "geometry": {"type": "LineString", "coordinates": [[-121.748343, 38.005361], [-121.748085, 37.995351], [-121.746626, 37.993795], [-121.746665, 37.986799], [-121.75066, 37.979657], [-121.751003, 37.94704], [-121.740189, 37.918337], [-121.721276, 37.904127], [-121.719793, 37.903013], [-121.697016, 37.885896], [-121.683025, 37.874311], [-121.632557, 37.830192], [-121.614304, 37.806808], [-121.612816, 37.804901], [-121.603696, 37.795085], [-121.601605, 37.796918]]}},
{"type": "Feature", "properties": {"ProjectID": "P6250", "full_id": null, "osm_id": null, "osm_type": null, "man_made": null, "operator:wikidata": null, "bridge": null, "intermittent": null, "operator": null, "waterway": null, "tunnel": null, "name": null, "gnis:feature_id": null, "nhd:com_id": null, "pipe_type": null, "nhd:reach_code": null, "nhd:fdate": null, "location": null, "layer": null, "gnis:ftype": null, "gnis:fcode": null, "tiger:reviewed": null, "tiger:county": null, "tiger:cfcc": null, "substance": null, "tiger:upload_uuid": null, "tiger:tlid": null, "tiger:source": null, "path": null}, "geometry": {"type": "LineString", "coordinates": [[-120.300972, 36.341349], [-120.230942, 36.33836]]}},
{"type": "Feature", "properties": {"ProjectID": "P6250", "full_id": null, "osm_id": null, "osm_type": null, "man_made": null, "operator:wikidata": null, "bridge": null, "intermittent": null, "operator": null, "waterway": null, "tunnel": null, "name": null, "gnis:feature_id": null, "nhd:com_id": null, "pipe_type": null, "nhd:reach_code": null, "nhd:fdate": null, "location": null, "layer": null, "gnis:ftype": null, "gnis:fcode": null, "tiger:reviewed": null, "tiger:county": null, "tiger:cfcc": null, "substance": null, "tiger:upload_uuid": null, "tiger:tlid": null, "tiger:source": null, "path": null}, "geometry": {"type": "LineString", "coordinates": [[-121.262198, 38.664067], [-121.30846, 38.663598], [-121.308546, 38.668088], [-121.373005, 38.66849], [-121.362276, 38.678073], [-121.335583, 38.703061], [-121.337471, 38.703865], [-121.364594, 38.703463]]}},
{"type": "Feature", "properties": {"ProjectID": "P6250", "full_id": null, "osm_id": null, "osm_type": null, "man_made": null, "operator:wikidata": null, "bridge": null, "intermittent": null, "operator": null, "waterway": null, "tunnel": null, "name": null, "gnis:feature_id": null, "nhd:com_id": null, "pipe_type": null, "nhd:reach_code": null, "nhd:fdate": null, "location": null, "layer": null, "gnis:ftype": null, "gnis:fcode": null, "tiger:reviewed": null, "tiger:county": null, "tiger:cfcc": null, "substance": null, "tiger:upload_uuid": null, "tiger:tlid": null, "tiger:source": null, "path": null}, "geometry": {"type": "LineString", "coordinates": [[-122.295335, 37.866468], [-122.265987, 37.870111], [-122.266068, 37.87106], [-122.266331, 37.874176]]}},
{"type": "Feature", "properties": {"ProjectID": "P6250", "full_id": null, "osm_id": null, "osm_type": null, "man_made": null, "operator:wikidata": null, "bridge": null, "intermittent": null, "operator": null, "waterway": null, "tunnel": null, "name": null, "gnis:feature_id": null, "nhd:com_id": null, "pipe_type": null, "nhd:reach_code": null, "nhd:fdate": null, "location": null, "layer": null, "gnis:ftype": null, "gnis:fcode": null, "tiger:reviewed": null, "tiger:county": null, "tiger:cfcc": null, "substance": null, "tiger:upload_uuid": null, "tiger:tlid": null, "tiger:source": null, "path": null}, "geometry": {"type": "LineString", "coordinates": [[-121.416221, 37.753447], [-121.425834, 37.753379], [-121.425877, 37.768273]]}},
{"type": "Feature", "properties": {"ProjectID": "P6250", "full_id": null, "osm_id": null, "osm_type": null, "man_made": null, "operator:wikidata": null, "bridge": null, "intermittent": null, "operator": null, "waterway": null, "tunnel": null, "name": null, "gnis:feature_id": null, "nhd:com_id": null, "pipe_type": null, "nhd:reach_code": null, "nhd:fdate": null, "location": null, "layer": null, "gnis:ftype": null, "gnis:fcode": null, "tiger:reviewed": null, "tiger:county": null, "tiger:cfcc": null, "substance": null, "tiger:upload_uuid": null, "tiger:tlid": null, "tiger:source": null, "path": null}, "geometry": {"type": "LineString", "coordinates": [[-121.582689, 38.573938], [-121.568699, 38.577964], [-121.565437, 38.578769], [-121.567154, 38.581453]]}},
{"type": "Feature", "properties": {"ProjectID": "P6250", "full_id": null, "osm_id": null, "osm_type": null, "man_made": null, "operator:wikidata": null, "bridge": null, "intermittent": null, "operator": null, "waterway": null, "tunnel": null, "name": null, "gnis:feature_id": null, "nhd:com_id": null, "pipe_type": null, "nhd:reach_code": null, "nhd:fdate": null, "location": null, "layer": null, "gnis:ftype": null, "gnis:fcode": null, "tiger:reviewed": null, "tiger:county": null, "tiger:cfcc": null, "substance": null, "tiger:upload_uuid": null, "tiger:tlid": null, "tiger:source": null, "path": null}, "geometry": {"type": "LineString", "coordinates": [[-121.420728, 37.673224], [-121.352921, 37.61532], [-121.214906, 37.692515], [-121.214906, 37.750088], [-121.214906, 37.770716], [-121.234132, 37.770716], [-121.245119, 37.859677], [-121.234132, 37.87919], [-121.29593, 38.003739], [-121.301836, 38.014907], [-121.305295, 38.021446], [-121.324622, 38.057979], [-121.350862, 38.107548], [-121.378804, 38.160767], [-121.419096, 38.237439]]}},
{"type": "Feature", "properties": {"ProjectID": "P6250", "full_id": null, "osm_id": null, "osm_type": null, "man_made": null, "operator:wikidata": null, "bridge": null, "intermittent": null, "operator": null, "waterway": null, "tunnel": null, "name": null, "gnis:feature_id": null, "nhd:com_id": null, "pipe_type": null, "nhd:reach_code": null, "nhd:fdate": null, "location": null, "layer": null, "gnis:ftype": null, "gnis:fcode": null, "tiger:reviewed": null, "tiger:county": null, "tiger:cfcc": null, "substance": null, "tiger:upload_uuid": null, "tiger:tlid": null, "tiger:source": null, "path": null}, "geometry": {"type": "LineString", "coordinates": [[-122.244852, 40.403954], [-122.244508, 40.405082], [-122.244766, 40.407124], [-122.246332, 40.41], [-122.248499, 40.413561], [-122.249723, 40.415146], [-122.252834, 40.417433], [-122.256718, 40.420112], [-122.262189, 40.423772], [-122.271695, 40.430175], [-122.276545, 40.433278], [-122.284613, 40.439059], [-122.287864, 40.441501], [-122.290653, 40.443346], [-122.292702, 40.444783], [-122.295309, 40.446506], [-122.297831, 40.448253], [-122.314568, 40.459854], [-122.312937, 40.461315], [-122.316499, 40.463764], [-122.311907, 40.467846], [-122.305298, 40.469837], [-122.297187, 40.468564], [-122.296114, 40.468727], [-122.295985, 40.469674], [-122.295256, 40.471371], [-122.294312, 40.472514], [-122.293282, 40.474179], [-122.292938, 40.475093], [-122.293582, 40.488737], [-122.30298, 40.498528], [-122.303152, 40.51406], [-122.302873, 40.534758], [-122.301607, 40.534872]]}},
{"type": "Feature", "properties": {"ProjectID": "P6250", "full_id": null, "osm_id": null, "osm_type": null, "man_made": null, "operator:wikidata": null, "bridge": null, "intermittent": null, "operator": null, "waterway": null, "tunnel": null, "name": null, "gnis:feature_id": null, "nhd:com_id": null, "pipe_type": null, "nhd:reach_code": null, "nhd:fdate": null, "location": null, "layer": null, "gnis:ftype": null, "gnis:fcode": null, "tiger:reviewed": null, "tiger:county": null, "tiger:cfcc": null, "substance": null, "tiger:upload_uuid": null, "tiger:tlid": null, "tiger:source": null, "path": null}, "geometry": {"type": "LineString", "coordinates": [[-122.232213, 37.428047], [-122.232921, 37.428098], [-122.234788, 37.429223], [-122.237213, 37.43091], [-122.239745, 37.433074], [-122.240603, 37.434454], [-122.239273, 37.435084], [-122.241482, 37.436363], [-122.242835, 37.437146], [-122.241569, 37.437742], [-122.241375, 37.438304], [-122.240882, 37.438713], [-122.239831, 37.439804], [-122.239144, 37.440247], [-122.237749, 37.441269], [-122.236805, 37.441422], [-122.231762, 37.448799], [-122.230732, 37.451013]]}},
{"type": "Feature", "properties": {"ProjectID": "P6250", "full_id": null, "osm_id": null, "osm_type": null, "man_made": null, "operator:wikidata": null, "bridge": null, "intermittent": null, "operator": null, "waterway": null, "tunnel": null, "name": null, "gnis:feature_id": null, "nhd:com_id": null, "pipe_type": null, "nhd:reach_code": null, "nhd:fdate": null, "location": null, "layer": null, "gnis:ftype": null, "gnis:fcode": null, "tiger:reviewed": null, "tiger:county": null, "tiger:cfcc": null, "substance": null, "tiger:upload_uuid": null, "tiger:tlid": null, "tiger:source": null, "path": null}, "geometry": {"type": "LineString", "coordinates": [[-122.381057, 40.51808], [-122.391214, 40.508122], [-122.393274, 40.507143], [-122.398167, 40.507274], [-122.400999, 40.507013], [-122.410784, 40.505446], [-122.417307, 40.503945]]}},
{"type": "Feature", "properties": {"ProjectID": "P6250", "full_id": null, "osm_id": null, "osm_type": null, "man_made": null, "operator:wikidata": null, "bridge": null, "intermittent": null, "operator": null, "waterway": null, "tunnel": null, "name": null, "gnis:feature_id": null, "nhd:com_id": null, "pipe_type": null, "nhd:reach_code": null, "nhd:fdate": null, "location": null, "layer": null, "gnis:ftype": null, "gnis:fcode": null, "tiger:reviewed": null, "tiger:county": null, "tiger:cfcc": null, "substance": null, "tiger:upload_uuid": null, "tiger:tlid": null, "tiger:source": null, "path": null}, "geometry": {"type": "LineString", "coordinates": [[-122.223415, 38.090357], [-122.222783, 38.092068], [-122.222343, 38.093262], [-122.221742, 38.094039], [-122.221742, 38.095187], [-122.221184, 38.09593], [-122.220798, 38.096166], [-122.220669, 38.096707], [-122.220626, 38.09978], [-122.22084, 38.10032], [-122.221141, 38.100861], [-122.22054, 38.106534], [-122.221055, 38.10748], [-122.221227, 38.108797], [-122.221184, 38.111667], [-122.221291, 38.111836], [-122.221978, 38.111819], [-122.223029, 38.112241], [-122.224617, 38.112274], [-122.224832, 38.113203], [-122.224381, 38.113608], [-122.224102, 38.114165], [-122.223823, 38.114874], [-122.223308, 38.115432], [-122.222471, 38.116225], [-122.221935, 38.116816], [-122.222536, 38.117559], [-122.222106, 38.117761], [-122.221613, 38.117846], [-122.222943, 38.12134], [-122.222943, 38.12242], [-122.222943, 38.123163], [-122.223609, 38.123197], [-122.223566, 38.123923], [-122.224166, 38.123923], [-122.224123, 38.124244], [-122.223973, 38.124615], [-122.223651, 38.124834], [-122.223136, 38.125088], [-122.223544, 38.12551], [-122.224295, 38.125965], [-122.224896, 38.126033], [-122.224896, 38.130641], [-122.224531, 38.131502], [-122.225668, 38.131924], [-122.226977, 38.13059], [-122.229316, 38.130641], [-122.229359, 38.129746]]}},
{"type": "Feature", "properties": {"ProjectID": "P6250", "full_id": null, "osm_id": null, "osm_type": null, "man_made": null, "operator:wikidata": null, "bridge": null, "intermittent": null, "operator": null, "waterway": null, "tunnel": null, "name": null, "gnis:feature_id": null, "nhd:com_id": null, "pipe_type": null, "nhd:reach_code": null, "nhd:fdate": null, "location": null, "layer": null, "gnis:ftype": null, "gnis:fcode": null, "tiger:reviewed": null, "tiger:county": null, "tiger:cfcc": null, "substance": null, "tiger:upload_uuid": null, "tiger:tlid": null, "tiger:source": null, "path": null}, "geometry": {"type": "LineString", "coordinates": [[-122.107673, 39.571458], [-122.107801, 39.562526], [-122.078919, 39.540918], [-122.074867, 39.536047], [-122.065015, 39.524203], [-122.063556, 39.524203], [-122.063019, 39.523105], [-122.060466, 39.51788], [-122.065358, 39.519205], [-122.065401, 39.514802], [-122.066088, 39.514835]]}},
{"type": "Feature", "properties": {"ProjectID": "P6250", "full_id": null, "osm_id": null, "osm_type": null, "man_made": null, "operator:wikidata": null, "bridge": null, "intermittent": null, "operator": null, "waterway": null, "tunnel": null, "name": null, "gnis:feature_id": null, "nhd:com_id": null, "pipe_type": null, "nhd:reach_code": null, "nhd:fdate": null, "location": null, "layer": null, "gnis:ftype": null, "gnis:fcode": null, "tiger:reviewed": null, "tiger:county": null, "tiger:cfcc": null, "substance": null, "tiger:upload_uuid": null, "tiger:tlid": null, "tiger:source": null, "path": null}, "geometry": {"type": "LineString", "coordinates": [[-121.757097, 38.01023], [-121.750746, 38.009148], [-121.749888, 38.009757], [-121.748343, 38.009419], [-121.748343, 38.005361], [-121.750746, 38.005158], [-121.750403, 37.989331], [-121.749029, 37.988587], [-121.747656, 37.98764], [-121.746665, 37.986799], [-121.745424, 37.985746], [-121.744051, 37.984799], [-121.723194, 37.961929], [-121.721276, 37.904127], [-121.724053, 37.890028], [-121.723194, 37.888538], [-121.723538, 37.886099], [-121.724396, 37.884338], [-121.723881, 37.873905], [-121.724224, 37.872279], [-121.723881, 37.870788], [-121.721306, 37.868078], [-121.719418, 37.864961], [-121.720619, 37.863335], [-121.721478, 37.859676], [-121.721134, 37.857778], [-121.719933, 37.855474], [-121.717701, 37.852221], [-121.718044, 37.847613], [-121.719933, 37.845444], [-121.718388, 37.84219], [-121.715641, 37.840293], [-121.713238, 37.836497], [-121.715813, 37.830802], [-121.714096, 37.825786], [-121.71238, 37.823481], [-121.708946, 37.821718], [-121.706371, 37.820362], [-121.70208, 37.815751], [-121.702252, 37.811954], [-121.704483, 37.807614]]}},
{"type": "Feature", "properties": {"ProjectID": "P6250", "full_id": null, "osm_id": null, "osm_type": null, "man_made": null, "operator:wikidata": null, "bridge": null, "intermittent": null, "operator": null, "waterway": null, "tunnel": null, "name": null, "gnis:feature_id": null, "nhd:com_id": null, "pipe_type": null, "nhd:reach_code": null, "nhd:fdate": null, "location": null, "layer": null, "gnis:ftype": null, "gnis:fcode": null, "tiger:reviewed": null, "tiger:county": null, "tiger:cfcc": null, "substance": null, "tiger:upload_uuid": null, "tiger:tlid": null, "tiger:source": null, "path": null}, "geometry": {"type": "LineString", "coordinates": [[-120.883943, 37.477039], [-120.867464, 37.477039], [-120.867464, 37.458509], [-120.809785, 37.457419], [-120.736314, 37.390891]]}},
{"type": "Feature", "properties": {"ProjectID": "P6250", "full_id": null, "osm_id": null, "osm_type": null, "man_made": null, "operator:wikidata": null, "bridge": null, "intermittent": null, "operator": null, "waterway": null, "tunnel": null, "name": null, "gnis:feature_id": null, "nhd:com_id": null, "pipe_type": null, "nhd:reach_code": null, "nhd:fdate": null, "location": null, "layer": null, "gnis:ftype": null, "gnis:fcode": null, "tiger:reviewed": null, "tiger:county": null, "tiger:cfcc": null, "substance": null, "tiger:upload_uuid": null, "tiger:tlid": null, "tiger:source": null, "path": null}, "geometry": {"type": "LineString", "coordinates": [[-121.715641, 38.125375], [-121.723452, 38.130843], [-121.712551, 38.150893], [-121.704998, 38.148935], [-121.700192, 38.149273], [-121.700535, 38.148058], [-121.690922, 38.145628], [-121.679077, 38.144143], [-121.663714, 38.13746], [-121.684055, 38.122201], [-121.690836, 38.122741], [-121.691609, 38.119905], [-121.697273, 38.11376]]}},
{"type": "Feature", "properties": {"ProjectID": "P6250", "full_id": null, "osm_id": null, "osm_type": null, "man_made": null, "operator:wikidata": null, "bridge": null, "intermittent": null, "operator": null, "waterway": null, "tunnel": null, "name": null, "gnis:feature_id": null, "nhd:com_id": null, "pipe_type": null, "nhd:reach_code": null, "nhd:fdate": null, "location": null, "layer": null, "gnis:ftype": null, "gnis:fcode": null, "tiger:reviewed": null, "tiger:county": null, "tiger:cfcc": null, "substance": null, "tiger:upload_uuid": null, "tiger:tlid": null, "tiger:source": null, "path": null}, "geometry": {"type": "LineString", "coordinates": [[-122.292173, 37.838687], [-122.292423, 37.834463], [-122.293539, 37.833649], [-122.293539, 37.832565], [-122.293367, 37.831277], [-122.293024, 37.829921], [-122.292166, 37.828633]]}},
{"type": "Feature", "properties": {"ProjectID": "P6250", "full_id": null, "osm_id": null, "osm_type": null, "man_made": null, "operator:wikidata": null, "bridge": null, "intermittent": null, "operator": null, "waterway": null, "tunnel": null, "name": null, "gnis:feature_id": null, "nhd:com_id": null, "pipe_type": null, "nhd:reach_code": null, "nhd:fdate": null, "location": null, "layer": null, "gnis:ftype": null, "gnis:fcode": null, "tiger:reviewed": null, "tiger:county": null, "tiger:cfcc": null, "substance": null, "tiger:upload_uuid": null, "tiger:tlid": null, "tiger:source": null, "path": null}, "geometry": {"type": "LineString", "coordinates": [[-122.182993, 38.068835], [-122.18256, 38.067082], [-122.182388, 38.065595], [-122.180843, 38.064379]]}},
{"type": "Feature", "properties": {"ProjectID": "P6250", "full_id": null, "osm_id": null, "osm_type": null, "man_made": null, "operator:wikidata": null, "bridge": null, "intermittent": null, "operator": null, "waterway": null, "tunnel": null, "name": null, "gnis:feature_id": null, "nhd:com_id": null, "pipe_type": null, "nhd:reach_code": null, "nhd:fdate": null, "location": null, "layer": null, "gnis:ftype": null, "gnis:fcode": null, "tiger:reviewed": null, "tiger:county": null, "tiger:cfcc": null, "substance": null, "tiger:upload_uuid": null, "tiger:tlid": null, "tiger:source": null, "path": null}, "geometry": {"type": "LineString", "coordinates": [[-122.225668, 38.131924], [-122.228329, 38.132582], [-122.227707, 38.134725], [-122.227814, 38.134962], [-122.225647, 38.139839], [-122.226291, 38.140059], [-122.22657, 38.140345], [-122.227128, 38.140295], [-122.226956, 38.142084], [-122.226484, 38.142168], [-122.226419, 38.143299], [-122.229188, 38.145898], [-122.230561, 38.14583], [-122.230775, 38.14664], [-122.231677, 38.148328], [-122.232492, 38.149289], [-122.231677, 38.149694], [-122.232406, 38.15015], [-122.231441, 38.151686], [-122.232513, 38.152141], [-122.233372, 38.154098], [-122.234209, 38.153829], [-122.23511, 38.15506]]}},
{"type": "Feature", "properties": {"ProjectID": "P6250", "full_id": null, "osm_id": null, "osm_type": null, "man_made": null, "operator:wikidata": null, "bridge": null, "intermittent": null, "operator": null, "waterway": null, "tunnel": null, "name": null, "gnis:feature_id": null, "nhd:com_id": null, "pipe_type": null, "nhd:reach_code": null, "nhd:fdate": null, "location": null, "layer": null, "gnis:ftype": null, "gnis:fcode": null, "tiger:reviewed": null, "tiger:county": null, "tiger:cfcc": null, "substance": null, "tiger:upload_uuid": null, "tiger:tlid": null, "tiger:source": null, "path": null}, "geometry": {"type": "LineString", "coordinates": [[-122.088497, 39.540047], [-122.088876, 39.521952], [-122.093425, 39.521754], [-122.093511, 39.520727]]}},
{"type": "Feature", "properties": {"ProjectID": "P6250", "full_id": null, "osm_id": null, "osm_type": null, "man_made": null, "operator:wikidata": null, "bridge": null, "intermittent": null, "operator": null, "waterway": null, "tunnel": null, "name": null, "gnis:feature_id": null, "nhd:com_id": null, "pipe_type": null, "nhd:reach_code": null, "nhd:fdate": null, "location": null, "layer": null, "gnis:ftype": null, "gnis:fcode": null, "tiger:reviewed": null, "tiger:county": null, "tiger:cfcc": null, "substance": null, "tiger:upload_uuid": null, "tiger:tlid": null, "tiger:source": null, "path": null}, "geometry": {"type": "LineString", "coordinates": [[-121.724396, 38.129156], [-121.73255, 38.114773], [-121.741047, 38.106196], [-121.751518, 38.088499], [-121.748343, 38.085054], [-121.743622, 38.080528], [-121.748171, 38.071204], [-121.74757, 38.039642], [-121.746197, 38.039912], [-121.748428, 38.031597]]}},
{"type": "Feature", "properties": {"ProjectID": "P6250", "full_id": null, "osm_id": null, "osm_type": null, "man_made": null, "operator:wikidata": null, "bridge": null, "intermittent": null, "operator": null, "waterway": null, "tunnel": null, "name": null, "gnis:feature_id": null, "nhd:com_id": null, "pipe_type": null, "nhd:reach_code": null, "nhd:fdate": null, "location": null, "layer": null, "gnis:ftype": null, "gnis:fcode": null, "tiger:reviewed": null, "tiger:county": null, "tiger:cfcc": null, "substance": null, "tiger:upload_uuid": null, "tiger:tlid": null, "tiger:source": null, "path": null}, "geometry": {"type": "LineString", "coordinates": [[-121.364594, 38.617809], [-121.336656, 38.617306], [-121.336827, 38.63179], [-121.328116, 38.63169]]}},
{"type": "Feature", "properties": {"ProjectID": "P6250", "full_id": null, "osm_id": null, "osm_type": null, "man_made": null, "operator:wikidata": null, "bridge": null, "intermittent": null, "operator": null, "waterway": null, "tunnel": null, "name": null, "gnis:feature_id": null, "nhd:com_id": null, "pipe_type": null, "nhd:reach_code": null, "nhd:fdate": null, "location": null, "layer": null, "gnis:ftype": null, "gnis:fcode": null, "tiger:reviewed": null, "tiger:county": null, "tiger:cfcc": null, "substance": null, "tiger:upload_uuid": null, "tiger:tlid": null, "tiger:source": null, "path": null}, "geometry": {"type": "LineString", "coordinates": [[-121.800656, 37.700121], [-121.800613, 37.68939], [-121.805677, 37.688983], [-121.805248, 37.676824]]}},
{"type": "Feature", "properties": {"ProjectID": "P6250", "full_id": null, "osm_id": null, "osm_type": null, "man_made": null, "operator:wikidata": null, "bridge": null, "intermittent": null, "operator": null, "waterway": null, "tunnel": null, "name": null, "gnis:feature_id": null, "nhd:com_id": null, "pipe_type": null, "nhd:reach_code": null, "nhd:fdate": null, "location": null, "layer": null, "gnis:ftype": null, "gnis:fcode": null, "tiger:reviewed": null, "tiger:county": null, "tiger:cfcc": null, "substance": null, "tiger:upload_uuid": null, "tiger:tlid": null, "tiger:source": null, "path": null}, "geometry": {"type": "LineString", "coordinates": [[-122.35714, 40.665308], [-122.357032, 40.665625], [-122.358459, 40.665649], [-122.359264, 40.66582], [-122.359779, 40.666219], [-122.35994, 40.666406], [-122.360455, 40.666553], [-122.360508, 40.665519]]}},
{"type": "Feature", "properties": {"ProjectID": "P6250", "full_id": null, "osm_id": null, "osm_type": null, "man_made": null, "operator:wikidata": null, "bridge": null, "intermittent": null, "operator": null, "waterway": null, "tunnel": null, "name": null, "gnis:feature_id": null, "nhd:com_id": null, "pipe_type": null, "nhd:reach_code": null, "nhd:fdate": null, "location": null, "layer": null, "gnis:ftype": null, "gnis:fcode": null, "tiger:reviewed": null, "tiger:county": null, "tiger:cfcc": null, "substance": null, "tiger:upload_uuid": null, "tiger:tlid": null, "tiger:source": null, "path": null}, "geometry": {"type": "LineString", "coordinates": [[-119.75956, 36.815744], [-119.753552, 36.816019], [-119.754238, 36.837454], [-119.754067, 36.839378], [-119.747887, 36.839378], [-119.747887, 36.84501], [-119.738617, 36.844873], [-119.738789, 36.867124], [-119.74308, 36.867124]]}},
{"type": "Feature", "properties": {"ProjectID": "P6250", "full_id": null, "osm_id": null, "osm_type": null, "man_made": null, "operator:wikidata": null, "bridge": null, "intermittent": null, "operator": null, "waterway": null, "tunnel": null, "name": null, "gnis:feature_id": null, "nhd:com_id": null, "pipe_type": null, "nhd:reach_code": null, "nhd:fdate": null, "location": null, "layer": null, "gnis:ftype": null, "gnis:fcode": null, "tiger:reviewed": null, "tiger:county": null, "tiger:cfcc": null, "substance": null, "tiger:upload_uuid": null, "tiger:tlid": null, "tiger:source": null, "path": null}, "geometry": {"type": "LineString", "coordinates": [[-122.072997, 39.543698], [-122.079091, 39.554354], [-122.078962, 39.558093], [-122.07952, 39.558093], [-122.079306, 39.567555], [-122.074499, 39.568977], [-122.046518, 39.569143], [-122.046561, 39.574369], [-122.049007, 39.574469]]}},
{"type": "Feature", "properties": {"ProjectID": "P6250", "full_id": null, "osm_id": null, "osm_type": null, "man_made": null, "operator:wikidata": null, "bridge": null, "intermittent": null, "operator": null, "waterway": null, "tunnel": null, "name": null, "gnis:feature_id": null, "nhd:com_id": null, "pipe_type": null, "nhd:reach_code": null, "nhd:fdate": null, "location": null, "layer": null, "gnis:ftype": null, "gnis:fcode": null, "tiger:reviewed": null, "tiger:county": null, "tiger:cfcc": null, "substance": null, "tiger:upload_uuid": null, "tiger:tlid": null, "tiger:source": null, "path": null}, "geometry": {"type": "LineString", "coordinates": [[-122.030443, 39.383135], [-122.030125, 39.383572]]}},
{"type": "Feature", "properties": {"ProjectID": "P6250", "full_id": null, "osm_id": null, "osm_type": null, "man_made": null, "operator:wikidata": null, "bridge": null, "intermittent": null, "operator": null, "waterway": null, "tunnel": null, "name": null, "gnis:feature_id": null, "nhd:com_id": null, "pipe_type": null, "nhd:reach_code": null, "nhd:fdate": null, "location": null, "layer": null, "gnis:ftype": null, "gnis:fcode": null, "tiger:reviewed": null, "tiger:county": null, "tiger:cfcc": null, "substance": null, "tiger:upload_uuid": null, "tiger:tlid": null, "tiger:source": null, "path": null}, "geometry": {"type": "LineString", "coordinates": [[-121.547244, 36.873032], [-121.615909, 36.884017], [-121.654361, 36.895], [-121.684573, 36.886213], [-121.681826, 36.85765], [-121.643385, 36.827442]]}},
{"type": "Feature", "properties": {"ProjectID": "P6250", "full_id": null, "osm_id": null, "osm_type": null, "man_made": null, "operator:wikidata": null, "bridge": null, "intermittent": null, "operator": null, "waterway": null, "tunnel": null, "name": null, "gnis:feature_id": null, "nhd:com_id": null, "pipe_type": null, "nhd:reach_code": null, "nhd:fdate": null, "location": null, "layer": null, "gnis:ftype": null, "gnis:fcode": null, "tiger:reviewed": null, "tiger:county": null, "tiger:cfcc": null, "substance": null, "tiger:upload_uuid": null, "tiger:tlid": null, "tiger:source": null, "path": null}, "geometry": {"type": "LineString", "coordinates": [[-121.947624, 38.402551], [-121.948156, 38.400335], [-121.959658, 38.400402], [-121.959658, 38.398115], [-121.960344, 38.396366], [-121.962319, 38.39677], [-121.964979, 38.396702]]}},
{"type": "Feature", "properties": {"ProjectID": "P6250", "full_id": null, "osm_id": null, "osm_type": null, "man_made": null, "operator:wikidata": null, "bridge": null, "intermittent": null, "operator": null, "waterway": null, "tunnel": null, "name": null, "gnis:feature_id": null, "nhd:com_id": null, "pipe_type": null, "nhd:reach_code": null, "nhd:fdate": null, "location": null, "layer": null, "gnis:ftype": null, "gnis:fcode": null, "tiger:reviewed": null, "tiger:county": null, "tiger:cfcc": null, "substance": null, "tiger:upload_uuid": null, "tiger:tlid": null, "tiger:source": null, "path": null}, "geometry": {"type": "LineString", "coordinates": [[-119.717675, 36.678057], [-119.717331, 36.700081], [-119.745312, 36.698843], [-119.772778, 36.69843], [-119.773636, 36.677506], [-119.75853, 36.677782]]}},
{"type": "Feature", "properties": {"ProjectID": "P6250", "full_id": null, "osm_id": null, "osm_type": null, "man_made": null, "operator:wikidata": null, "bridge": null, "intermittent": null, "operator": null, "waterway": null, "tunnel": null, "name": null, "gnis:feature_id": null, "nhd:com_id": null, "pipe_type": null, "nhd:reach_code": null, "nhd:fdate": null, "location": null, "layer": null, "gnis:ftype": null, "gnis:fcode": null, "tiger:reviewed": null, "tiger:county": null, "tiger:cfcc": null, "substance": null, "tiger:upload_uuid": null, "tiger:tlid": null, "tiger:source": null, "path": null}, "geometry": {"type": "LineString", "coordinates": [[-121.785851, 38.445321], [-121.786194, 38.344147], [-121.795893, 38.322198], [-121.800528, 38.311356], [-121.80645, 38.298896], [-121.805334, 38.29802], [-121.805592, 38.242427], [-121.752119, 38.190704], [-121.739159, 38.184093], [-121.73933, 38.182541], [-121.732464, 38.17991], [-121.732589, 38.182473], [-121.732721, 38.185172], [-121.731949, 38.219436], [-121.721478, 38.219302], [-121.721306, 38.21566], [-121.714611, 38.213502], [-121.711865, 38.213367], [-121.709976, 38.207028], [-121.70826, 38.207028]]}},
{"type": "Feature", "properties": {"ProjectID": "P6250", "full_id": null, "osm_id": null, "osm_type": null, "man_made": null, "operator:wikidata": null, "bridge": null, "intermittent": null, "operator": null, "waterway": null, "tunnel": null, "name": null, "gnis:feature_id": null, "nhd:com_id": null, "pipe_type": null, "nhd:reach_code": null, "nhd:fdate": null, "location": null, "layer": null, "gnis:ftype": null, "gnis:fcode": null, "tiger:reviewed": null, "tiger:county": null, "tiger:cfcc": null, "substance": null, "tiger:upload_uuid": null, "tiger:tlid": null, "tiger:source": null, "path": null}, "geometry": {"type": "LineString", "coordinates": [[-122.242835, 37.437146], [-122.255688, 37.446141], [-122.258349, 37.446516], [-122.260022, 37.447198], [-122.260237, 37.450196], [-122.259893, 37.451388], [-122.25925, 37.452104], [-122.262855, 37.454114], [-122.265987, 37.455033], [-122.266588, 37.454897], [-122.267318, 37.455681], [-122.269034, 37.456021], [-122.270236, 37.455885], [-122.271609, 37.456805], [-122.273583, 37.456703], [-122.275214, 37.45735], [-122.276759, 37.457657], [-122.278047, 37.458202], [-122.279635, 37.458236], [-122.280879, 37.459156]]}},
{"type": "Feature", "properties": {"ProjectID": "P6250", "full_id": null, "osm_id": null, "osm_type": null, "man_made": null, "operator:wikidata": null, "bridge": null, "intermittent": null, "operator": null, "waterway": null, "tunnel": null, "name": null, "gnis:feature_id": null, "nhd:com_id": null, "pipe_type": null, "nhd:reach_code": null, "nhd:fdate": null, "location": null, "layer": null, "gnis:ftype": null, "gnis:fcode": null, "tiger:reviewed": null, "tiger:county": null, "tiger:cfcc": null, "substance": null, "tiger:upload_uuid": null, "tiger:tlid": null, "tiger:source": null, "path": null}, "geometry": {"type": "LineString", "coordinates": [[-122.266068, 37.87106], [-122.263413, 37.871195]]}},
{"type": "Feature", "properties": {"ProjectID": "P6250", "full_id": null, "osm_id": null, "osm_type": null, "man_made": null, "operator:wikidata": null, "bridge": null, "intermittent": null, "operator": null, "waterway": null, "tunnel": null, "name": null, "gnis:feature_id": null, "nhd:com_id": null, "pipe_type": null, "nhd:reach_code": null, "nhd:fdate": null, "location": null, "layer": null, "gnis:ftype": null, "gnis:fcode": null, "tiger:reviewed": null, "tiger:county": null, "tiger:cfcc": null, "substance": null, "tiger:upload_uuid": null, "tiger:tlid": null, "tiger:source": null, "path": null}, "geometry": {"type": "LineString", "coordinates": [[-122.034366, 39.316238], [-122.033343, 39.316238]]}},
{"type": "Feature", "properties": {"ProjectID": "P6250", "full_id": null, "osm_id": null, "osm_type": null, "man_made": null, "operator:wikidata": null, "bridge": null, "intermittent": null, "operator": null, "waterway": null, "tunnel": null, "name": null, "gnis:feature_id": null, "nhd:com_id": null, "pipe_type": null, "nhd:reach_code": null, "nhd:fdate": null, "location": null, "layer": null, "gnis:ftype": null, "gnis:fcode": null, "tiger:reviewed": null, "tiger:county": null, "tiger:cfcc": null, "substance": null, "tiger:upload_uuid": null, "tiger:tlid": null, "tiger:source": null, "path": null}, "geometry": {"type": "LineString", "coordinates": [[-121.935854, 37.702219], [-121.937771, 37.709152], [-121.939058, 37.710918], [-121.941891, 37.721713]]}},
{"type": "Feature", "properties": {"ProjectID": "P6250", "full_id": null, "osm_id": null, "osm_type": null, "man_made": null, "operator:wikidata": null, "bridge": null, "intermittent": null, "operator": null, "waterway": null, "tunnel": null, "name": null, "gnis:feature_id": null, "nhd:com_id": null, "pipe_type": null, "nhd:reach_code": null, "nhd:fdate": null, "location": null, "layer": null, "gnis:ftype": null, "gnis:fcode": null, "tiger:reviewed": null, "tiger:county": null, "tiger:cfcc": null, "substance": null, "tiger:upload_uuid": null, "tiger:tlid": null, "tiger:source": null, "path": null}, "geometry": {"type": "LineString", "coordinates": [[-121.97159, 37.23689], [-121.985322, 37.241263], [-121.956483, 37.274054], [-121.941377, 37.274054], [-121.939144, 37.268725], [-121.934166, 37.267769], [-121.926957, 37.268316], [-121.911507, 37.269682], [-121.900864, 37.273233], [-121.903611, 37.277058], [-121.895028, 37.280063], [-121.898668, 37.284987], [-121.901894, 37.289351], [-121.916314, 37.284161], [-121.918717, 37.28061], [-121.923867, 37.282795], [-121.928673, 37.281156], [-121.931076, 37.276785], [-121.934853, 37.275146], [-121.941377, 37.274054]]}},
{"type": "Feature", "properties": {"ProjectID": "P6250", "full_id": null, "osm_id": null, "osm_type": null, "man_made": null, "operator:wikidata": null, "bridge": null, "intermittent": null, "operator": null, "waterway": null, "tunnel": null, "name": null, "gnis:feature_id": null, "nhd:com_id": null, "pipe_type": null, "nhd:reach_code": null, "nhd:fdate": null, "location": null, "layer": null, "gnis:ftype": null, "gnis:fcode": null, "tiger:reviewed": null, "tiger:county": null, "tiger:cfcc": null, "substance": null, "tiger:upload_uuid": null, "tiger:tlid": null, "tiger:source": null, "path": null}, "geometry": {"type": "LineString", "coordinates": [[-122.21174, 39.789373], [-122.215862, 39.78938], [-122.215776, 39.783938], [-122.216592, 39.783773]]}},
{"type": "Feature", "properties": {"ProjectID": "P6250", "full_id": null, "osm_id": null, "osm_type": null, "man_made": null, "operator:wikidata": null, "bridge": null, "intermittent": null, "operator": null, "waterway": null, "tunnel": null, "name": null, "gnis:feature_id": null, "nhd:com_id": null, "pipe_type": null, "nhd:reach_code": null, "nhd:fdate": null, "location": null, "layer": null, "gnis:ftype": null, "gnis:fcode": null, "tiger:reviewed": null, "tiger:county": null, "tiger:cfcc": null, "substance": null, "tiger:upload_uuid": null, "tiger:tlid": null, "tiger:source": null, "path": null}, "geometry": {"type": "LineString", "coordinates": [[-122.041841, 39.545154], [-122.023859, 39.548563], [-122.00223, 39.549887], [-122.002444, 39.550747], [-122.0012, 39.550912]]}},
{"type": "Feature", "properties": {"ProjectID": "P6250", "full_id": null, "osm_id": null, "osm_type": null, "man_made": null, "operator:wikidata": null, "bridge": null, "intermittent": null, "operator": null, "waterway": null, "tunnel": null, "name": null, "gnis:feature_id": null, "nhd:com_id": null, "pipe_type": null, "nhd:reach_code": null, "nhd:fdate": null, "location": null, "layer": null, "gnis:ftype": null, "gnis:fcode": null, "tiger:reviewed": null, "tiger:county": null, "tiger:cfcc": null, "substance": null, "tiger:upload_uuid": null, "tiger:tlid": null, "tiger:source": null, "path": null}, "geometry": {"type": "LineString", "coordinates": [[-121.77363, 38.004883], [-121.768942, 38.006308], [-121.766367, 38.008337], [-121.765423, 38.009284], [-121.763277, 38.010974], [-121.757097, 38.01023], [-121.758041, 38.024836]]}},
{"type": "Feature", "properties": {"ProjectID": "P6250", "full_id": null, "osm_id": null, "osm_type": null, "man_made": null, "operator:wikidata": null, "bridge": null, "intermittent": null, "operator": null, "waterway": null, "tunnel": null, "name": null, "gnis:feature_id": null, "nhd:com_id": null, "pipe_type": null, "nhd:reach_code": null, "nhd:fdate": null, "location": null, "layer": null, "gnis:ftype": null, "gnis:fcode": null, "tiger:reviewed": null, "tiger:county": null, "tiger:cfcc": null, "substance": null, "tiger:upload_uuid": null, "tiger:tlid": null, "tiger:source": null, "path": null}, "geometry": {"type": "LineString", "coordinates": [[-122.080937, 37.596212], [-122.080851, 37.577508], [-122.077246, 37.570637], [-122.068234, 37.565603], [-122.065401, 37.563902], [-122.0642, 37.560092], [-122.061882, 37.562201], [-122.057161, 37.559956], [-122.056217, 37.55669], [-122.051926, 37.555941], [-122.050724, 37.556486], [-122.046776, 37.553832], [-122.044707, 37.556055], [-122.040253, 37.56084], [-122.038794, 37.561725], [-122.036905, 37.561657], [-122.036047, 37.562201], [-122.037077, 37.563086], [-122.037335, 37.564582], [-122.024288, 37.579549], [-122.02137, 37.587303], [-122.009525, 37.583834], [-122.008839, 37.582814], [-122.003002, 37.581657], [-122.001629, 37.582133], [-121.990643, 37.579617], [-121.990385, 37.580501], [-121.986179, 37.579004], [-121.980858, 37.578596], [-121.976481, 37.578528], [-121.973734, 37.57778], [-121.971159, 37.575875], [-121.968069, 37.572678], [-121.969614, 37.571726], [-121.969957, 37.570161], [-121.970043, 37.569073], [-121.973562, 37.566691]]}},
{"type": "Feature", "properties": {"ProjectID": "P6250", "full_id": null, "osm_id": null, "osm_type": null, "man_made": null, "operator:wikidata": null, "bridge": null, "intermittent": null, "operator": null, "waterway": null, "tunnel": null, "name": null, "gnis:feature_id": null, "nhd:com_id": null, "pipe_type": null, "nhd:reach_code": null, "nhd:fdate": null, "location": null, "layer": null, "gnis:ftype": null, "gnis:fcode": null, "tiger:reviewed": null, "tiger:county": null, "tiger:cfcc": null, "substance": null, "tiger:upload_uuid": null, "tiger:tlid": null, "tiger:source": null, "path": null}, "geometry": {"type": "LineString", "coordinates": [[-122.207645, 40.083963], [-122.186165, 40.08326], [-122.185736, 40.081092], [-122.176123, 40.080698]]}},
{"type": "Feature", "properties": {"ProjectID": "P6250", "full_id": null, "osm_id": null, "osm_type": null, "man_made": null, "operator:wikidata": null, "bridge": null, "intermittent": null, "operator": null, "waterway": null, "tunnel": null, "name": null, "gnis:feature_id": null, "nhd:com_id": null, "pipe_type": null, "nhd:reach_code": null, "nhd:fdate": null, "location": null, "layer": null, "gnis:ftype": null, "gnis:fcode": null, "tiger:reviewed": null, "tiger:county": null, "tiger:cfcc": null, "substance": null, "tiger:upload_uuid": null, "tiger:tlid": null, "tiger:source": null, "path": null}, "geometry": {"type": "LineString", "coordinates": [[-121.731939, 37.795426], [-121.734181, 37.791744], [-121.734524, 37.788353], [-121.734181, 37.784419], [-121.733837, 37.781162], [-121.733322, 37.777228], [-121.732979, 37.775328]]}},
{"type": "Feature", "properties": {"ProjectID": "P6250", "full_id": null, "osm_id": null, "osm_type": null, "man_made": null, "operator:wikidata": null, "bridge": null, "intermittent": null, "operator": null, "waterway": null, "tunnel": null, "name": null, "gnis:feature_id": null, "nhd:com_id": null, "pipe_type": null, "nhd:reach_code": null, "nhd:fdate": null, "location": null, "layer": null, "gnis:ftype": null, "gnis:fcode": null, "tiger:reviewed": null, "tiger:county": null, "tiger:cfcc": null, "substance": null, "tiger:upload_uuid": null, "tiger:tlid": null, "tiger:source": null, "path": null}, "geometry": {"type": "LineString", "coordinates": [[-120.971867, 37.712772], [-120.971833, 37.718319], [-120.958786, 37.718319], [-120.958786, 37.722664], [-120.941964, 37.723479], [-120.939904, 37.737599], [-120.922051, 37.737599], [-120.92212, 37.73244], [-120.922395, 37.712073]]}},
{"type": "Feature", "properties": {"ProjectID": "P6250", "full_id": null, "osm_id": null, "osm_type": null, "man_made": null, "operator:wikidata": null, "bridge": null, "intermittent": null, "operator": null, "waterway": null, "tunnel": null, "name": null, "gnis:feature_id": null, "nhd:com_id": null, "pipe_type": null, "nhd:reach_code": null, "nhd:fdate": null, "location": null, "layer": null, "gnis:ftype": null, "gnis:fcode": null, "tiger:reviewed": null, "tiger:county": null, "tiger:cfcc": null, "substance": null, "tiger:upload_uuid": null, "tiger:tlid": null, "tiger:source": null, "path": null}, "geometry": {"type": "LineString", "coordinates": [[-119.760422, 36.808666], [-119.760075, 36.805162], [-119.76368, 36.801725], [-119.763852, 36.772338]]}},
{"type": "Feature", "properties": {"ProjectID": "P6250", "full_id": null, "osm_id": null, "osm_type": null, "man_made": null, "operator:wikidata": null, "bridge": null, "intermittent": null, "operator": null, "waterway": null, "tunnel": null, "name": null, "gnis:feature_id": null, "nhd:com_id": null, "pipe_type": null, "nhd:reach_code": null, "nhd:fdate": null, "location": null, "layer": null, "gnis:ftype": null, "gnis:fcode": null, "tiger:reviewed": null, "tiger:county": null, "tiger:cfcc": null, "substance": null, "tiger:upload_uuid": null, "tiger:tlid": null, "tiger:source": null, "path": null}, "geometry": {"type": "LineString", "coordinates": [[-121.906099, 38.358753], [-121.892023, 38.358821], [-121.897774, 38.372751]]}},
{"type": "Feature", "properties": {"ProjectID": "P6250", "full_id": null, "osm_id": null, "osm_type": null, "man_made": null, "operator:wikidata": null, "bridge": null, "intermittent": null, "operator": null, "waterway": null, "tunnel": null, "name": null, "gnis:feature_id": null, "nhd:com_id": null, "pipe_type": null, "nhd:reach_code": null, "nhd:fdate": null, "location": null, "layer": null, "gnis:ftype": null, "gnis:fcode": null, "tiger:reviewed": null, "tiger:county": null, "tiger:cfcc": null, "substance": null, "tiger:upload_uuid": null, "tiger:tlid": null, "tiger:source": null, "path": null}, "geometry": {"type": "LineString", "coordinates": [[-122.057247, 39.766424], [-122.057362, 39.760902], [-122.057333, 39.738247]]}},
{"type": "Feature", "properties": {"ProjectID": "P6250", "full_id": null, "osm_id": null, "osm_type": null, "man_made": null, "operator:wikidata": null, "bridge": null, "intermittent": null, "operator": null, "waterway": null, "tunnel": null, "name": null, "gnis:feature_id": null, "nhd:com_id": null, "pipe_type": null, "nhd:reach_code": null, "nhd:fdate": null, "location": null, "layer": null, "gnis:ftype": null, "gnis:fcode": null, "tiger:reviewed": null, "tiger:county": null, "tiger:cfcc": null, "substance": null, "tiger:upload_uuid": null, "tiger:tlid": null, "tiger:source": null, "path": null}, "geometry": {"type": "LineString", "coordinates": [[-120.252925, 36.273739], [-120.258344, 36.255497], [-120.327762, 36.215473], [-120.38544, 36.206609], [-120.38544, 36.153402]]}},
{"type": "Feature", "properties": {"ProjectID": "P6250", "full_id": null, "osm_id": null, "osm_type": null, "man_made": null, "operator:wikidata": null, "bridge": null, "intermittent": null, "operator": null, "waterway": null, "tunnel": null, "name": null, "gnis:feature_id": null, "nhd:com_id": null, "pipe_type": null, "nhd:reach_code": null, "nhd:fdate": null, "location": null, "layer": null, "gnis:ftype": null, "gnis:fcode": null, "tiger:reviewed": null, "tiger:county": null, "tiger:cfcc": null, "substance": null, "tiger:upload_uuid": null, "tiger:tlid": null, "tiger:source": null, "path": null}, "geometry": {"type": "LineString", "coordinates": [[-121.244431, 38.664469], [-121.262198, 38.664067], [-121.262198, 38.660515], [-121.262713, 38.659041], [-121.264172, 38.658102], [-121.264258, 38.65522]]}},
{"type": "Feature", "properties": {"ProjectID": "P6250", "full_id": null, "osm_id": null, "osm_type": null, "man_made": null, "operator:wikidata": null, "bridge": null, "intermittent": null, "operator": null, "waterway": null, "tunnel": null, "name": null, "gnis:feature_id": null, "nhd:com_id": null, "pipe_type": null, "nhd:reach_code": null, "nhd:fdate": null, "location": null, "layer": null, "gnis:ftype": null, "gnis:fcode": null, "tiger:reviewed": null, "tiger:county": null, "tiger:cfcc": null, "substance": null, "tiger:upload_uuid": null, "tiger:tlid": null, "tiger:source": null, "path": null}, "geometry": {"type": "LineString", "coordinates": [[-122.083254, 40.330712], [-122.093811, 40.336535], [-122.099562, 40.339152], [-122.13913, 40.35616], [-122.152262, 40.36185], [-122.166338, 40.370024], [-122.174749, 40.370743], [-122.198353, 40.384932], [-122.203438, 40.386338], [-122.205648, 40.386599], [-122.209253, 40.388642], [-122.212172, 40.392009], [-122.221613, 40.397009], [-122.231827, 40.395817], [-122.23379, 40.40377], [-122.234198, 40.40375], [-122.234182, 40.404101], [-122.244852, 40.403954], [-122.245302, 40.402802], [-122.246761, 40.401054], [-122.249991, 40.399134], [-122.252941, 40.397549], [-122.255344, 40.396503], [-122.268112, 40.396789]]}},
{"type": "Feature", "properties": {"ProjectID": "P6250", "full_id": null, "osm_id": null, "osm_type": null, "man_made": null, "operator:wikidata": null, "bridge": null, "intermittent": null, "operator": null, "waterway": null, "tunnel": null, "name": null, "gnis:feature_id": null, "nhd:com_id": null, "pipe_type": null, "nhd:reach_code": null, "nhd:fdate": null, "location": null, "layer": null, "gnis:ftype": null, "gnis:fcode": null, "tiger:reviewed": null, "tiger:county": null, "tiger:cfcc": null, "substance": null, "tiger:upload_uuid": null, "tiger:tlid": null, "tiger:source": null, "path": null}, "geometry": {"type": "LineString", "coordinates": [[-122.718358, 38.445657], [-122.7167, 38.419674], [-122.713166, 38.364272], [-122.712135, 38.331558], [-122.742863, 38.333982], [-122.756939, 38.339906], [-122.767067, 38.349061], [-122.776337, 38.35835], [-122.79213, 38.372348], [-122.811356, 38.380422], [-122.823716, 38.391187], [-122.833329, 38.396568], [-122.851182, 38.398721], [-122.860108, 38.40195]]}},
{"type": "Feature", "properties": {"ProjectID": "P6250", "full_id": null, "osm_id": null, "osm_type": null, "man_made": null, "operator:wikidata": null, "bridge": null, "intermittent": null, "operator": null, "waterway": null, "tunnel": null, "name": null, "gnis:feature_id": null, "nhd:com_id": null, "pipe_type": null, "nhd:reach_code": null, "nhd:fdate": null, "location": null, "layer": null, "gnis:ftype": null, "gnis:fcode": null, "tiger:reviewed": null, "tiger:county": null, "tiger:cfcc": null, "substance": null, "tiger:upload_uuid": null, "tiger:tlid": null, "tiger:source": null, "path": null}, "geometry": {"type": "LineString", "coordinates": [[-122.088876, 39.521952], [-122.085443, 39.52182], [-122.085528, 39.522316]]}},
{"type": "Feature", "properties": {"ProjectID": "P6250", "full_id": null, "osm_id": null, "osm_type": null, "man_made": null, "operator:wikidata": null, "bridge": null, "intermittent": null, "operator": null, "waterway": null, "tunnel": null, "name": null, "gnis:feature_id": null, "nhd:com_id": null, "pipe_type": null, "nhd:reach_code": null, "nhd:fdate": null, "location": null, "layer": null, "gnis:ftype": null, "gnis:fcode": null, "tiger:reviewed": null, "tiger:county": null, "tiger:cfcc": null, "substance": null, "tiger:upload_uuid": null, "tiger:tlid": null, "tiger:source": null, "path": null}, "geometry": {"type": "LineString", "coordinates": [[-121.903954, 39.034586], [-121.903868, 39.032253], [-121.908588, 39.032386]]}},
{"type": "Feature", "properties": {"ProjectID": "P6250", "full_id": null, "osm_id": null, "osm_type": null, "man_made": null, "operator:wikidata": null, "bridge": null, "intermittent": null, "operator": null, "waterway": null, "tunnel": null, "name": null, "gnis:feature_id": null, "nhd:com_id": null, "pipe_type": null, "nhd:reach_code": null, "nhd:fdate": null, "location": null, "layer": null, "gnis:ftype": null, "gnis:fcode": null, "tiger:reviewed": null, "tiger:county": null, "tiger:cfcc": null, "substance": null, "tiger:upload_uuid": null, "tiger:tlid": null, "tiger:source": null, "path": null}, "geometry": {"type": "LineString", "coordinates": [[-121.876059, 37.701819], [-121.876059, 37.701139], [-121.874299, 37.701139], [-121.873355, 37.700325], [-121.871209, 37.700257], [-121.869879, 37.701038], [-121.852584, 37.701004], [-121.851425, 37.700834], [-121.85061, 37.70046], [-121.849966, 37.700121], [-121.849065, 37.699781], [-121.847992, 37.699917], [-121.84722, 37.700325], [-121.846232, 37.70097], [-121.820869, 37.700902], [-121.819625, 37.700426], [-121.81881, 37.700019], [-121.818166, 37.699713], [-121.816964, 37.699849], [-121.816278, 37.700562], [-121.807523, 37.70046], [-121.80675, 37.699985], [-121.805506, 37.698831], [-121.802673, 37.698864], [-121.801643, 37.699815], [-121.800656, 37.700121], [-121.799068, 37.700494], [-121.795206, 37.700494], [-121.793833, 37.701479], [-121.790915, 37.701207], [-121.790528, 37.70406], [-121.791773, 37.704705], [-121.788468, 37.707964], [-121.771817, 37.726839], [-121.764479, 37.734069], [-121.747184, 37.750935], [-121.736712, 37.761691], [-121.736465, 37.761695], [-121.733236, 37.761759]]}},
{"type": "Feature", "properties": {"ProjectID": "P6250", "full_id": null, "osm_id": null, "osm_type": null, "man_made": null, "operator:wikidata": null, "bridge": null, "intermittent": null, "operator": null, "waterway": null, "tunnel": null, "name": null, "gnis:feature_id": null, "nhd:com_id": null, "pipe_type": null, "nhd:reach_code": null, "nhd:fdate": null, "location": null, "layer": null, "gnis:ftype": null, "gnis:fcode": null, "tiger:reviewed": null, "tiger:county": null, "tiger:cfcc": null, "substance": null, "tiger:upload_uuid": null, "tiger:tlid": null, "tiger:source": null, "path": null}, "geometry": {"type": "LineString", "coordinates": [[-121.886101, 37.288056], [-121.876832, 37.275146], [-121.878205, 37.265857], [-121.876145, 37.246182], [-121.871339, 37.230876], [-121.861039, 37.219394], [-121.847993, 37.20791], [-121.839066, 37.200801], [-121.830826, 37.201894]]}},
{"type": "Feature", "properties": {"ProjectID": "P6250", "full_id": null, "osm_id": null, "osm_type": null, "man_made": null, "operator:wikidata": null, "bridge": null, "intermittent": null, "operator": null, "waterway": null, "tunnel": null, "name": null, "gnis:feature_id": null, "nhd:com_id": null, "pipe_type": null, "nhd:reach_code": null, "nhd:fdate": null, "location": null, "layer": null, "gnis:ftype": null, "gnis:fcode": null, "tiger:reviewed": null, "tiger:county": null, "tiger:cfcc": null, "substance": null, "tiger:upload_uuid": null, "tiger:tlid": null, "tiger:source": null, "path": null}, "geometry": {"type": "LineString", "coordinates": [[-121.288559, 38.141581], [-121.297646, 38.14448], [-121.297817, 38.145155], [-121.298933, 38.145763], [-121.302573, 38.145591], [-121.303225, 38.14556], [-121.30331, 38.141645], [-121.301079, 38.141577]]}},
{"type": "Feature", "properties": {"ProjectID": "P6250", "full_id": null, "osm_id": null, "osm_type": null, "man_made": null, "operator:wikidata": null, "bridge": null, "intermittent": null, "operator": null, "waterway": null, "tunnel": null, "name": null, "gnis:feature_id": null, "nhd:com_id": null, "pipe_type": null, "nhd:reach_code": null, "nhd:fdate": null, "location": null, "layer": null, "gnis:ftype": null, "gnis:fcode": null, "tiger:reviewed": null, "tiger:county": null, "tiger:cfcc": null, "substance": null, "tiger:upload_uuid": null, "tiger:tlid": null, "tiger:source": null, "path": null}, "geometry": {"type": "LineString", "coordinates": [[-122.078877, 39.115411], [-122.079048, 39.101025], [-122.107544, 39.101025], [-122.107544, 39.105421], [-122.111664, 39.105555]]}},
{"type": "Feature", "properties": {"ProjectID": "P6250", "full_id": null, "osm_id": null, "osm_type": null, "man_made": null, "operator:wikidata": null, "bridge": null, "intermittent": null, "operator": null, "waterway": null, "tunnel": null, "name": null, "gnis:feature_id": null, "nhd:com_id": null, "pipe_type": null, "nhd:reach_code": null, "nhd:fdate": null, "location": null, "layer": null, "gnis:ftype": null, "gnis:fcode": null, "tiger:reviewed": null, "tiger:county": null, "tiger:cfcc": null, "substance": null, "tiger:upload_uuid": null, "tiger:tlid": null, "tiger:source": null, "path": null}, "geometry": {"type": "LineString", "coordinates": [[-121.945367, 37.363438], [-121.943049, 37.363404]]}},
{"type": "Feature", "properties": {"ProjectID": "P6250", "full_id": "way", "osm_id": "underground", "osm_type": "w1115517253", "man_made": "pipeline", "operator:wikidata": "/Users/char/Desktop/gem o&g resources/gis data/Pacific Gas & Electric/1.geojson", "bridge": "Pacific Gas and Electric", "intermittent": "-1", "operator": "Q1815011", "waterway": "1115517253", "tunnel": null, "name": null, "gnis:feature_id": null, "nhd:com_id": null, "pipe_type": null, "nhd:reach_code": null, "nhd:fdate": null, "location": null, "layer": null, "gnis:ftype": null, "gnis:fcode": null, "tiger:reviewed": null, "tiger:county": null, "tiger:cfcc": null, "substance": null, "tiger:upload_uuid": null, "tiger:tlid": null, "tiger:source": null, "path": null}, "geometry": {"type": "LineString", "coordinates": [[-122.017196, 40.421661], [-122.016945, 40.422084], [-122.015465, 40.424194], [-122.013524, 40.426949], [-122.011531, 40.429522], [-122.010036, 40.431562], [-122.007912, 40.433321], [-122.005869, 40.434948], [-122.00225, 40.437863], [-121.999591, 40.440019], [-121.998246, 40.441098], [-121.995734, 40.445268], [-121.995757, 40.449922], [-121.992069, 40.457191], [-121.99164, 40.457862], [-121.988769, 40.461162], [-121.98638, 40.463881], [-121.982051, 40.46884], [-121.97795, 40.473629], [-121.975666, 40.476182], [-121.973172, 40.479312], [-121.970559, 40.482511], [-121.970054, 40.483059], [-121.969996, 40.483269], [-121.970306, 40.484183], [-121.970297, 40.484426], [-121.969195, 40.486464], [-121.968795, 40.487012], [-121.965204, 40.49045], [-121.964575, 40.491128], [-121.962138, 40.494388], [-121.957985, 40.49978], [-121.955424, 40.503101], [-121.951196, 40.508591], [-121.94946, 40.509312], [-121.94844, 40.509772], [-121.94359, 40.51367], [-121.936266, 40.519604], [-121.935556, 40.520231], [-121.931245, 40.52582], [-121.928885, 40.529064], [-121.927097, 40.531119], [-121.924169, 40.534728], [-121.915938, 40.540186], [-121.914274, 40.542955], [-121.911624, 40.547874], [-121.908563, 40.556888], [-121.907237, 40.558345], [-121.906217, 40.559142], [-121.901554, 40.561337], [-121.897252, 40.564405], [-121.88968, 40.568404], [-121.888288, 40.569571], [-121.886524, 40.570723], [-121.88206, 40.572729], [-121.878656, 40.57638], [-121.874479, 40.580103], [-121.870778, 40.583167], [-121.870178, 40.584268], [-121.869377, 40.585644], [-121.861928, 40.593183], [-121.854781, 40.600192], [-121.850956, 40.604019], [-121.849478, 40.605388], [-121.84923, 40.607031], [-121.845449, 40.609848], [-121.84388, 40.616631], [-121.842888, 40.620772], [-121.840428, 40.62425], [-121.837071, 40.628976], [-121.826738, 40.637853], [-121.821941, 40.641945], [-121.816581, 40.646497], [-121.814168, 40.64836], [-121.813155, 40.649503], [-121.81088, 40.65113], [-121.809178, 40.652534], [-121.807991, 40.653395], [-121.804691, 40.654618], [-121.798459, 40.656796], [-121.797882, 40.657128], [-121.787282, 40.666656], [-121.780573, 40.67262], [-121.775003, 40.678666], [-121.767293, 40.685161], [-121.762362, 40.689532], [-121.761342, 40.69138], [-121.757141, 40.697457], [-121.75438, 40.701481], [-121.753426, 40.702963], [-121.752997, 40.703256], [-121.750255, 40.704973], [-121.745478, 40.707825], [-121.74419, 40.708692], [-121.743155, 40.710247], [-121.734272, 40.724154], [-121.728836, 40.732862], [-121.723119, 40.74041], [-121.720539, 40.745175], [-121.71599, 40.753401], [-121.706171, 40.772599], [-121.705942, 40.773408], [-121.7029, 40.789837], [-121.701345, 40.798074], [-121.70103, 40.800291], [-121.700687, 40.801821], [-121.699562, 40.80499], [-121.69692, 40.812064], [-121.690969, 40.829003], [-121.690197, 40.830994], [-121.690008, 40.831732], [-121.689698, 40.832245], [-121.687572, 40.834481], [-121.68163, 40.840452], [-121.679899, 40.847454], [-121.678502, 40.852676], [-121.678307, 40.853261], [-121.67412, 40.86003], [-121.672462, 40.862804], [-121.671292, 40.864762], [-121.65786, 40.871653], [-121.647083, 40.877266], [-121.642138, 40.884978], [-121.635053, 40.896374]]}},
{"type": "Feature", "properties": {"ProjectID": "P6250", "full_id": null, "osm_id": null, "osm_type": null, "man_made": null, "operator:wikidata": null, "bridge": null, "intermittent": null, "operator": null, "waterway": null, "tunnel": null, "name": null, "gnis:feature_id": null, "nhd:com_id": null, "pipe_type": null, "nhd:reach_code": null, "nhd:fdate": null, "location": null, "layer": null, "gnis:ftype": null, "gnis:fcode": null, "tiger:reviewed": null, "tiger:county": null, "tiger:cfcc": null, "substance": null, "tiger:upload_uuid": null, "tiger:tlid": null, "tiger:source": null, "path": null}, "geometry": {"type": "LineString", "coordinates": [[-120.006225, 36.910954], [-119.991646, 36.910647], [-119.991989, 36.923273], [-119.976197, 36.923822]]}},
{"type": "Feature", "properties": {"ProjectID": "P6250", "full_id": null, "osm_id": null, "osm_type": null, "man_made": null, "operator:wikidata": null, "bridge": null, "intermittent": null, "operator": null, "waterway": null, "tunnel": null, "name": null, "gnis:feature_id": null, "nhd:com_id": null, "pipe_type": null, "nhd:reach_code": null, "nhd:fdate": null, "location": null, "layer": null, "gnis:ftype": null, "gnis:fcode": null, "tiger:reviewed": null, "tiger:county": null, "tiger:cfcc": null, "substance": null, "tiger:upload_uuid": null, "tiger:tlid": null, "tiger:source": null, "path": null}, "geometry": {"type": "LineString", "coordinates": [[-122.088768, 37.410106], [-122.088897, 37.409352], [-122.093489, 37.401409], [-122.091708, 37.400676], [-122.096322, 37.393346], [-122.095013, 37.391863], [-122.095592, 37.391522], [-122.095571, 37.391249], [-122.095807, 37.391283], [-122.095914, 37.386151], [-122.096279, 37.386049], [-122.096601, 37.386202]]}},
{"type": "Feature", "properties": {"ProjectID": "P6250", "full_id": null, "osm_id": null, "osm_type": null, "man_made": null, "operator:wikidata": null, "bridge": null, "intermittent": null, "operator": null, "waterway": null, "tunnel": null, "name": null, "gnis:feature_id": null, "nhd:com_id": null, "pipe_type": null, "nhd:reach_code": null, "nhd:fdate": null, "location": null, "layer": null, "gnis:ftype": null, "gnis:fcode": null, "tiger:reviewed": null, "tiger:county": null, "tiger:cfcc": null, "substance": null, "tiger:upload_uuid": null, "tiger:tlid": null, "tiger:source": null, "path": null}, "geometry": {"type": "LineString", "coordinates": [[-119.036007, 35.514204], [-119.03738, 35.527057], [-119.036694, 35.531668], [-119.033089, 35.535858], [-119.03635, 35.542982], [-119.03532, 35.549686], [-119.032059, 35.553318], [-119.032574, 35.558345], [-119.033089, 35.563373], [-119.036007, 35.566445], [-119.036007, 35.569656], [-119.037037, 35.573845], [-119.011116, 35.573426], [-119.008198, 35.5758]]}},
{"type": "Feature", "properties": {"ProjectID": "P6250", "full_id": null, "osm_id": null, "osm_type": null, "man_made": null, "operator:wikidata": null, "bridge": null, "intermittent": null, "operator": null, "waterway": null, "tunnel": null, "name": null, "gnis:feature_id": null, "nhd:com_id": null, "pipe_type": null, "nhd:reach_code": null, "nhd:fdate": null, "location": null, "layer": null, "gnis:ftype": null, "gnis:fcode": null, "tiger:reviewed": null, "tiger:county": null, "tiger:cfcc": null, "substance": null, "tiger:upload_uuid": null, "tiger:tlid": null, "tiger:source": null, "path": null}, "geometry": {"type": "LineString", "coordinates": [[-121.461413, 36.988845], [-121.475831, 36.981713], [-121.495058, 36.987198], [-121.514284, 37.009134], [-121.523897, 36.99707], [-121.53763, 37.00365], [-121.555482, 37.00365]]}},
{"type": "Feature", "properties": {"ProjectID": "P6250", "full_id": null, "osm_id": null, "osm_type": null, "man_made": null, "operator:wikidata": null, "bridge": null, "intermittent": null, "operator": null, "waterway": null, "tunnel": null, "name": null, "gnis:feature_id": null, "nhd:com_id": null, "pipe_type": null, "nhd:reach_code": null, "nhd:fdate": null, "location": null, "layer": null, "gnis:ftype": null, "gnis:fcode": null, "tiger:reviewed": null, "tiger:county": null, "tiger:cfcc": null, "substance": null, "tiger:upload_uuid": null, "tiger:tlid": null, "tiger:source": null, "path": null}, "geometry": {"type": "LineString", "coordinates": [[-121.438665, 38.622168], [-121.441497, 38.622202], [-121.444244, 38.622235], [-121.44433, 38.622906], [-121.447249, 38.622839], [-121.447506, 38.621297], [-121.447678, 38.619419], [-121.448536, 38.61734], [-121.452398, 38.613786], [-121.464758, 38.607213], [-121.468706, 38.605469], [-121.470509, 38.603256], [-121.471968, 38.599566], [-121.478062, 38.59581], [-121.480293, 38.596078], [-121.48098, 38.595609], [-121.483898, 38.59534], [-121.488018, 38.585948], [-121.49497, 38.587759], [-121.497116, 38.582459], [-121.502695, 38.583935], [-121.506214, 38.575213], [-121.50218, 38.574206]]}},
{"type": "Feature", "properties": {"ProjectID": "P6250", "full_id": null, "osm_id": null, "osm_type": null, "man_made": null, "operator:wikidata": null, "bridge": null, "intermittent": null, "operator": null, "waterway": null, "tunnel": null, "name": null, "gnis:feature_id": null, "nhd:com_id": null, "pipe_type": null, "nhd:reach_code": null, "nhd:fdate": null, "location": null, "layer": null, "gnis:ftype": null, "gnis:fcode": null, "tiger:reviewed": null, "tiger:county": null, "tiger:cfcc": null, "substance": null, "tiger:upload_uuid": null, "tiger:tlid": null, "tiger:source": null, "path": null}, "geometry": {"type": "LineString", "coordinates": [[-120.526201, 36.580799], [-120.600358, 36.609466], [-120.638811, 36.617182], [-120.703355, 36.601749], [-120.774768, 36.59734], [-120.876391, 36.610569], [-120.989001, 36.621592], [-121.082385, 36.639225], [-121.178515, 36.672276], [-121.252673, 36.718524], [-121.269741, 36.738588], [-121.293872, 36.766944], [-121.373523, 36.839517], [-121.442187, 36.936174], [-121.461413, 36.988845], [-121.549304, 37.085312], [-121.609729, 37.144448], [-121.741565, 37.249463], [-121.79375, 37.273509], [-121.804736, 37.321576], [-121.810965, 37.330932], [-121.829455, 37.358699], [-121.851428, 37.382709], [-121.858232, 37.386323], [-121.915176, 37.416561]]}},
{"type": "Feature", "properties": {"ProjectID": "P6250", "full_id": null, "osm_id": null, "osm_type": null, "man_made": null, "operator:wikidata": null, "bridge": null, "intermittent": null, "operator": null, "waterway": null, "tunnel": null, "name": null, "gnis:feature_id": null, "nhd:com_id": null, "pipe_type": null, "nhd:reach_code": null, "nhd:fdate": null, "location": null, "layer": null, "gnis:ftype": null, "gnis:fcode": null, "tiger:reviewed": null, "tiger:county": null, "tiger:cfcc": null, "substance": null, "tiger:upload_uuid": null, "tiger:tlid": null, "tiger:source": null, "path": null}, "geometry": {"type": "LineString", "coordinates": [[-120.061341, 36.603815], [-120.125714, 36.603677], [-120.134297, 36.612083], [-120.134125, 36.618008], [-120.123997, 36.617595], [-120.124169, 36.624208], [-120.116959, 36.62407]]}},
{"type": "Feature", "properties": {"ProjectID": "P6250", "full_id": null, "osm_id": null, "osm_type": null, "man_made": null, "operator:wikidata": null, "bridge": null, "intermittent": null, "operator": null, "waterway": null, "tunnel": null, "name": null, "gnis:feature_id": null, "nhd:com_id": null, "pipe_type": null, "nhd:reach_code": null, "nhd:fdate": null, "location": null, "layer": null, "gnis:ftype": null, "gnis:fcode": null, "tiger:reviewed": null, "tiger:county": null, "tiger:cfcc": null, "substance": null, "tiger:upload_uuid": null, "tiger:tlid": null, "tiger:source": null, "path": null}, "geometry": {"type": "LineString", "coordinates": [[-122.161081, 37.41017], [-122.163119, 37.411687], [-122.164814, 37.412488], [-122.167432, 37.413068], [-122.169256, 37.413715], [-122.174492, 37.417345], [-122.17623, 37.419885], [-122.177153, 37.420515], [-122.182217, 37.42193], [-122.181981, 37.422833], [-122.182388, 37.42406], [-122.182088, 37.425423], [-122.181919, 37.425797], [-122.181551, 37.426616], [-122.180908, 37.4282], [-122.182817, 37.428678], [-122.184362, 37.428916]]}},
{"type": "Feature", "properties": {"ProjectID": "P6250", "full_id": null, "osm_id": null, "osm_type": null, "man_made": null, "operator:wikidata": null, "bridge": null, "intermittent": null, "operator": null, "waterway": null, "tunnel": null, "name": null, "gnis:feature_id": null, "nhd:com_id": null, "pipe_type": null, "nhd:reach_code": null, "nhd:fdate": null, "location": null, "layer": null, "gnis:ftype": null, "gnis:fcode": null, "tiger:reviewed": null, "tiger:county": null, "tiger:cfcc": null, "substance": null, "tiger:upload_uuid": null, "tiger:tlid": null, "tiger:source": null, "path": null}, "geometry": {"type": "LineString", "coordinates": [[-121.523861, 38.57361], [-121.521063, 38.573132], [-121.51969, 38.573938], [-121.516686, 38.571656]]}},
{"type": "Feature", "properties": {"ProjectID": "P6250", "full_id": null, "osm_id": null, "osm_type": null, "man_made": null, "operator:wikidata": null, "bridge": null, "intermittent": null, "operator": null, "waterway": null, "tunnel": null, "name": null, "gnis:feature_id": null, "nhd:com_id": null, "pipe_type": null, "nhd:reach_code": null, "nhd:fdate": null, "location": null, "layer": null, "gnis:ftype": null, "gnis:fcode": null, "tiger:reviewed": null, "tiger:county": null, "tiger:cfcc": null, "substance": null, "tiger:upload_uuid": null, "tiger:tlid": null, "tiger:source": null, "path": null}, "geometry": {"type": "LineString", "coordinates": [[-121.87932, 37.701887], [-121.876059, 37.701819], [-121.876659, 37.704603]]}},
{"type": "Feature", "properties": {"ProjectID": "P6250", "full_id": null, "osm_id": null, "osm_type": null, "man_made": null, "operator:wikidata": null, "bridge": null, "intermittent": null, "operator": null, "waterway": null, "tunnel": null, "name": null, "gnis:feature_id": null, "nhd:com_id": null, "pipe_type": null, "nhd:reach_code": null, "nhd:fdate": null, "location": null, "layer": null, "gnis:ftype": null, "gnis:fcode": null, "tiger:reviewed": null, "tiger:county": null, "tiger:cfcc": null, "substance": null, "tiger:upload_uuid": null, "tiger:tlid": null, "tiger:source": null, "path": null}, "geometry": {"type": "LineString", "coordinates": [[-122.182217, 37.42193], [-122.183225, 37.4221], [-122.184749, 37.421964], [-122.185822, 37.422236], [-122.187173, 37.422901], [-122.189491, 37.424077], [-122.190306, 37.424332], [-122.197495, 37.422304], [-122.197731, 37.422679], [-122.200091, 37.421947], [-122.204833, 37.421316], [-122.206957, 37.42106], [-122.209511, 37.420549], [-122.211571, 37.420464], [-122.214274, 37.420549], [-122.215884, 37.420396], [-122.218051, 37.419748], [-122.224209, 37.426462], [-122.223651, 37.42711], [-122.222557, 37.427877], [-122.221313, 37.429461], [-122.220025, 37.430211], [-122.219338, 37.430501], [-122.219102, 37.431199], [-122.218866, 37.432154], [-122.216442, 37.434488], [-122.21554, 37.435033], [-122.214274, 37.435851], [-122.213159, 37.437333]]}},
{"type": "Feature", "properties": {"ProjectID": "P6250", "full_id": null, "osm_id": null, "osm_type": null, "man_made": null, "operator:wikidata": null, "bridge": null, "intermittent": null, "operator": null, "waterway": null, "tunnel": null, "name": null, "gnis:feature_id": null, "nhd:com_id": null, "pipe_type": null, "nhd:reach_code": null, "nhd:fdate": null, "location": null, "layer": null, "gnis:ftype": null, "gnis:fcode": null, "tiger:reviewed": null, "tiger:county": null, "tiger:cfcc": null, "substance": null, "tiger:upload_uuid": null, "tiger:tlid": null, "tiger:source": null, "path": null}, "geometry": {"type": "LineString", "coordinates": [[-121.666031, 38.560784], [-121.670837, 38.559106], [-121.733322, 38.544943], [-121.735726, 38.56065], [-121.737786, 38.56065], [-121.740017, 38.568972], [-121.740189, 38.571388], [-121.741219, 38.582258], [-121.739845, 38.5836], [-121.73933, 38.623711], [-121.747914, 38.629745], [-121.747055, 38.662459], [-121.74963, 38.662459], [-121.75066, 38.660448], [-121.754608, 38.660716], [-121.754952, 38.662995], [-121.764908, 38.662995], [-121.764779, 38.66209]]}},
{"type": "Feature", "properties": {"ProjectID": "P6250", "full_id": null, "osm_id": null, "osm_type": null, "man_made": null, "operator:wikidata": null, "bridge": null, "intermittent": null, "operator": null, "waterway": null, "tunnel": null, "name": null, "gnis:feature_id": null, "nhd:com_id": null, "pipe_type": null, "nhd:reach_code": null, "nhd:fdate": null, "location": null, "layer": null, "gnis:ftype": null, "gnis:fcode": null, "tiger:reviewed": null, "tiger:county": null, "tiger:cfcc": null, "substance": null, "tiger:upload_uuid": null, "tiger:tlid": null, "tiger:source": null, "path": null}, "geometry": {"type": "LineString", "coordinates": [[-122.7167, 38.419674], [-122.67952, 38.420243]]}},
{"type": "Feature", "properties": {"ProjectID": "P6250", "full_id": null, "osm_id": null, "osm_type": null, "man_made": null, "operator:wikidata": null, "bridge": null, "intermittent": null, "operator": null, "waterway": null, "tunnel": null, "name": null, "gnis:feature_id": null, "nhd:com_id": null, "pipe_type": null, "nhd:reach_code": null, "nhd:fdate": null, "location": null, "layer": null, "gnis:ftype": null, "gnis:fcode": null, "tiger:reviewed": null, "tiger:county": null, "tiger:cfcc": null, "substance": null, "tiger:upload_uuid": null, "tiger:tlid": null, "tiger:source": null, "path": null}, "geometry": {"type": "LineString", "coordinates": [[-117.518866, 35.003146], [-117.328494, 34.928729], [-117.157658, 34.915479], [-117.125247, 34.912965], [-117.075808, 34.890439], [-116.864322, 34.847623], [-116.891787, 34.409178]]}},
{"type": "Feature", "properties": {"ProjectID": "P6250", "full_id": null, "osm_id": null, "osm_type": null, "man_made": null, "operator:wikidata": null, "bridge": null, "intermittent": null, "operator": null, "waterway": null, "tunnel": null, "name": null, "gnis:feature_id": null, "nhd:com_id": null, "pipe_type": null, "nhd:reach_code": null, "nhd:fdate": null, "location": null, "layer": null, "gnis:ftype": null, "gnis:fcode": null, "tiger:reviewed": null, "tiger:county": null, "tiger:cfcc": null, "substance": null, "tiger:upload_uuid": null, "tiger:tlid": null, "tiger:source": null, "path": null}, "geometry": {"type": "LineString", "coordinates": [[-121.756949, 38.522082], [-121.757097, 38.506065], [-121.757011, 38.503109], [-121.758642, 38.499952], [-121.758556, 38.498877], [-121.770315, 38.467165], [-121.771, 38.467166], [-121.804133, 38.467232], [-121.803961, 38.475296]]}},
{"type": "Feature", "properties": {"ProjectID": "P6250", "full_id": null, "osm_id": null, "osm_type": null, "man_made": null, "operator:wikidata": null, "bridge": null, "intermittent": null, "operator": null, "waterway": null, "tunnel": null, "name": null, "gnis:feature_id": null, "nhd:com_id": null, "pipe_type": null, "nhd:reach_code": null, "nhd:fdate": null, "location": null, "layer": null, "gnis:ftype": null, "gnis:fcode": null, "tiger:reviewed": null, "tiger:county": null, "tiger:cfcc": null, "substance": null, "tiger:upload_uuid": null, "tiger:tlid": null, "tiger:source": null, "path": null}, "geometry": {"type": "LineString", "coordinates": [[-121.805592, 38.242427], [-121.830053, 38.242158], [-121.839023, 38.256683]]}},
{"type": "Feature", "properties": {"ProjectID": "P6250", "full_id": null, "osm_id": null, "osm_type": null, "man_made": null, "operator:wikidata": null, "bridge": null, "intermittent": null, "operator": null, "waterway": null, "tunnel": null, "name": null, "gnis:feature_id": null, "nhd:com_id": null, "pipe_type": null, "nhd:reach_code": null, "nhd:fdate": null, "location": null, "layer": null, "gnis:ftype": null, "gnis:fcode": null, "tiger:reviewed": null, "tiger:county": null, "tiger:cfcc": null, "substance": null, "tiger:upload_uuid": null, "tiger:tlid": null, "tiger:source": null, "path": null}, "geometry": {"type": "LineString", "coordinates": [[-122.103853, 39.825875], [-122.094412, 39.826006], [-122.094455, 39.828709], [-122.093993, 39.828725], [-122.093993, 39.829187]]}},
{"type": "Feature", "properties": {"ProjectID": "P6250", "full_id": null, "osm_id": null, "osm_type": null, "man_made": null, "operator:wikidata": null, "bridge": null, "intermittent": null, "operator": null, "waterway": null, "tunnel": null, "name": null, "gnis:feature_id": null, "nhd:com_id": null, "pipe_type": null, "nhd:reach_code": null, "nhd:fdate": null, "location": null, "layer": null, "gnis:ftype": null, "gnis:fcode": null, "tiger:reviewed": null, "tiger:county": null, "tiger:cfcc": null, "substance": null, "tiger:upload_uuid": null, "tiger:tlid": null, "tiger:source": null, "path": null}, "geometry": {"type": "LineString", "coordinates": [[-122.138225, 37.427492], [-122.143228, 37.421538], [-122.145181, 37.422594], [-122.145352, 37.42239], [-122.147284, 37.423361], [-122.148421, 37.421998], [-122.152305, 37.424077], [-122.151682, 37.424809], [-122.152348, 37.425065], [-122.152476, 37.425661], [-122.15209, 37.425764], [-122.151811, 37.425764]]}},
{"type": "Feature", "properties": {"ProjectID": "P6250", "full_id": null, "osm_id": null, "osm_type": null, "man_made": null, "operator:wikidata": null, "bridge": null, "intermittent": null, "operator": null, "waterway": null, "tunnel": null, "name": null, "gnis:feature_id": null, "nhd:com_id": null, "pipe_type": null, "nhd:reach_code": null, "nhd:fdate": null, "location": null, "layer": null, "gnis:ftype": null, "gnis:fcode": null, "tiger:reviewed": null, "tiger:county": null, "tiger:cfcc": null, "substance": null, "tiger:upload_uuid": null, "tiger:tlid": null, "tiger:source": null, "path": null}, "geometry": {"type": "LineString", "coordinates": [[-122.031069, 39.406389], [-122.031194, 39.38334], [-122.031198, 39.382677]]}},
{"type": "Feature", "properties": {"ProjectID": "P6250", "full_id": null, "osm_id": null, "osm_type": null, "man_made": null, "operator:wikidata": null, "bridge": null, "intermittent": null, "operator": null, "waterway": null, "tunnel": null, "name": null, "gnis:feature_id": null, "nhd:com_id": null, "pipe_type": null, "nhd:reach_code": null, "nhd:fdate": null, "location": null, "layer": null, "gnis:ftype": null, "gnis:fcode": null, "tiger:reviewed": null, "tiger:county": null, "tiger:cfcc": null, "substance": null, "tiger:upload_uuid": null, "tiger:tlid": null, "tiger:source": null, "path": null}, "geometry": {"type": "LineString", "coordinates": [[-121.972739, 37.416419], [-121.972103, 37.414653], [-121.963696, 37.40224], [-121.963284, 37.401631], [-121.969378, 37.39904], [-121.971309, 37.398971], [-121.971416, 37.399193], [-121.971674, 37.399466], [-121.97279, 37.399483], [-121.9747, 37.399193], [-121.974871, 37.398596], [-121.974571, 37.397983], [-121.977253, 37.396875], [-121.978905, 37.396875], [-121.979935, 37.396687], [-121.979935, 37.395937], [-121.984098, 37.395886], [-121.984613, 37.39592], [-121.984999, 37.396295], [-121.984999, 37.396823], [-121.988347, 37.395835], [-121.995771, 37.396116]]}},
{"type": "Feature", "properties": {"ProjectID": "P6250", "full_id": null, "osm_id": null, "osm_type": null, "man_made": null, "operator:wikidata": null, "bridge": null, "intermittent": null, "operator": null, "waterway": null, "tunnel": null, "name": null, "gnis:feature_id": null, "nhd:com_id": null, "pipe_type": null, "nhd:reach_code": null, "nhd:fdate": null, "location": null, "layer": null, "gnis:ftype": null, "gnis:fcode": null, "tiger:reviewed": null, "tiger:county": null, "tiger:cfcc": null, "substance": null, "tiger:upload_uuid": null, "tiger:tlid": null, "tiger:source": null, "path": null}, "geometry": {"type": "LineString", "coordinates": [[-122.073419, 39.071501], [-122.079048, 39.068114], [-122.090721, 39.068114]]}},
{"type": "Feature", "properties": {"ProjectID": "P6250", "full_id": null, "osm_id": null, "osm_type": null, "man_made": null, "operator:wikidata": null, "bridge": null, "intermittent": null, "operator": null, "waterway": null, "tunnel": null, "name": null, "gnis:feature_id": null, "nhd:com_id": null, "pipe_type": null, "nhd:reach_code": null, "nhd:fdate": null, "location": null, "layer": null, "gnis:ftype": null, "gnis:fcode": null, "tiger:reviewed": null, "tiger:county": null, "tiger:cfcc": null, "substance": null, "tiger:upload_uuid": null, "tiger:tlid": null, "tiger:source": null, "path": null}, "geometry": {"type": "LineString", "coordinates": [[-121.802588, 38.677872], [-121.802845, 38.721211], [-121.788597, 38.720876], [-121.76611, 38.701186], [-121.765251, 38.701253], [-121.762247, 38.698975], [-121.747828, 38.684706], [-121.747227, 38.683835], [-121.746712, 38.683835], [-121.746798, 38.684505], [-121.736026, 38.684471], [-121.736069, 38.690066], [-121.737185, 38.690635]]}},
{"type": "Feature", "properties": {"ProjectID": "P6250", "full_id": null, "osm_id": null, "osm_type": null, "man_made": null, "operator:wikidata": null, "bridge": null, "intermittent": null, "operator": null, "waterway": null, "tunnel": null, "name": null, "gnis:feature_id": null, "nhd:com_id": null, "pipe_type": null, "nhd:reach_code": null, "nhd:fdate": null, "location": null, "layer": null, "gnis:ftype": null, "gnis:fcode": null, "tiger:reviewed": null, "tiger:county": null, "tiger:cfcc": null, "substance": null, "tiger:upload_uuid": null, "tiger:tlid": null, "tiger:source": null, "path": null}, "geometry": {"type": "LineString", "coordinates": [[-121.922407, 39.057917], [-121.922493, 39.060716], [-121.923351, 39.06085]]}},
{"type": "Feature", "properties": {"ProjectID": "P6250", "full_id": null, "osm_id": null, "osm_type": null, "man_made": null, "operator:wikidata": null, "bridge": null, "intermittent": null, "operator": null, "waterway": null, "tunnel": null, "name": null, "gnis:feature_id": null, "nhd:com_id": null, "pipe_type": null, "nhd:reach_code": null, "nhd:fdate": null, "location": null, "layer": null, "gnis:ftype": null, "gnis:fcode": null, "tiger:reviewed": null, "tiger:county": null, "tiger:cfcc": null, "substance": null, "tiger:upload_uuid": null, "tiger:tlid": null, "tiger:source": null, "path": null}, "geometry": {"type": "LineString", "coordinates": [[-122.352848, 40.664852], [-122.356496, 40.665568], [-122.35691, 40.6654], [-122.35714, 40.665308], [-122.35691, 40.6654]]}},
{"type": "Feature", "properties": {"ProjectID": "P6250", "full_id": null, "osm_id": null, "osm_type": null, "man_made": null, "operator:wikidata": null, "bridge": null, "intermittent": null, "operator": null, "waterway": null, "tunnel": null, "name": null, "gnis:feature_id": null, "nhd:com_id": null, "pipe_type": null, "nhd:reach_code": null, "nhd:fdate": null, "location": null, "layer": null, "gnis:ftype": null, "gnis:fcode": null, "tiger:reviewed": null, "tiger:county": null, "tiger:cfcc": null, "substance": null, "tiger:upload_uuid": null, "tiger:tlid": null, "tiger:source": null, "path": null}, "geometry": {"type": "LineString", "coordinates": [[-121.663714, 38.13746], [-121.661396, 38.138472], [-121.648178, 38.140092]]}},
{"type": "Feature", "properties": {"ProjectID": "P6250", "full_id": null, "osm_id": null, "osm_type": null, "man_made": null, "operator:wikidata": null, "bridge": null, "intermittent": null, "operator": null, "waterway": null, "tunnel": null, "name": null, "gnis:feature_id": null, "nhd:com_id": null, "pipe_type": null, "nhd:reach_code": null, "nhd:fdate": null, "location": null, "layer": null, "gnis:ftype": null, "gnis:fcode": null, "tiger:reviewed": null, "tiger:county": null, "tiger:cfcc": null, "substance": null, "tiger:upload_uuid": null, "tiger:tlid": null, "tiger:source": null, "path": null}, "geometry": {"type": "LineString", "coordinates": [[-119.932938, 36.844461], [-119.917145, 36.834569], [-119.913025, 36.837317], [-119.893799, 36.837317]]}},
{"type": "Feature", "properties": {"ProjectID": "P6250", "full_id": null, "osm_id": null, "osm_type": null, "man_made": null, "operator:wikidata": null, "bridge": null, "intermittent": null, "operator": null, "waterway": null, "tunnel": null, "name": null, "gnis:feature_id": null, "nhd:com_id": null, "pipe_type": null, "nhd:reach_code": null, "nhd:fdate": null, "location": null, "layer": null, "gnis:ftype": null, "gnis:fcode": null, "tiger:reviewed": null, "tiger:county": null, "tiger:cfcc": null, "substance": null, "tiger:upload_uuid": null, "tiger:tlid": null, "tiger:source": null, "path": null}, "geometry": {"type": "LineString", "coordinates": [[-120.100017, 36.085138], [-120.087299, 36.070421]]}},
{"type": "Feature", "properties": {"ProjectID": "P6250", "full_id": null, "osm_id": null, "osm_type": null, "man_made": null, "operator:wikidata": null, "bridge": null, "intermittent": null, "operator": null, "waterway": null, "tunnel": null, "name": null, "gnis:feature_id": null, "nhd:com_id": null, "pipe_type": null, "nhd:reach_code": null, "nhd:fdate": null, "location": null, "layer": null, "gnis:ftype": null, "gnis:fcode": null, "tiger:reviewed": null, "tiger:county": null, "tiger:cfcc": null, "substance": null, "tiger:upload_uuid": null, "tiger:tlid": null, "tiger:source": null, "path": null}, "geometry": {"type": "LineString", "coordinates": [[-121.464634, 38.474227], [-121.427422, 38.474221], [-121.396437, 38.474288], [-121.396694, 38.47753], [-121.397445, 38.478051], [-121.39751, 38.481679], [-121.396008, 38.481646], [-121.39605, 38.482317], [-121.394076, 38.484635]]}},
{"type": "Feature", "properties": {"ProjectID": "P6250", "full_id": null, "osm_id": null, "osm_type": null, "man_made": null, "operator:wikidata": null, "bridge": null, "intermittent": null, "operator": null, "waterway": null, "tunnel": null, "name": null, "gnis:feature_id": null, "nhd:com_id": null, "pipe_type": null, "nhd:reach_code": null, "nhd:fdate": null, "location": null, "layer": null, "gnis:ftype": null, "gnis:fcode": null, "tiger:reviewed": null, "tiger:county": null, "tiger:cfcc": null, "substance": null, "tiger:upload_uuid": null, "tiger:tlid": null, "tiger:source": null, "path": null}, "geometry": {"type": "LineString", "coordinates": [[-121.724224, 38.172488], [-121.722937, 38.165808], [-121.76362, 38.160476], [-121.777439, 38.157372], [-121.782589, 38.153997], [-121.799069, 38.155077], [-121.901379, 38.144143], [-121.907215, 38.137392], [-121.937599, 38.11295], [-121.947727, 38.115651], [-121.950817, 38.120108], [-121.980686, 38.133747], [-121.985836, 38.137527], [-121.991329, 38.140632], [-122.004547, 38.141713]]}},
{"type": "Feature", "properties": {"ProjectID": "P6250", "full_id": null, "osm_id": null, "osm_type": null, "man_made": null, "operator:wikidata": null, "bridge": null, "intermittent": null, "operator": null, "waterway": null, "tunnel": null, "name": null, "gnis:feature_id": null, "nhd:com_id": null, "pipe_type": null, "nhd:reach_code": null, "nhd:fdate": null, "location": null, "layer": null, "gnis:ftype": null, "gnis:fcode": null, "tiger:reviewed": null, "tiger:county": null, "tiger:cfcc": null, "substance": null, "tiger:upload_uuid": null, "tiger:tlid": null, "tiger:source": null, "path": null}, "geometry": {"type": "LineString", "coordinates": [[-122.258606, 38.226044], [-122.259636, 38.234944], [-122.269249, 38.243573], [-122.271309, 38.25328], [-122.271996, 38.266489], [-122.274399, 38.284278], [-122.275429, 38.294787], [-122.276459, 38.302601], [-122.278519, 38.305026], [-122.275772, 38.315263], [-122.272683, 38.322535]]}},
{"type": "Feature", "properties": {"ProjectID": "P6250", "full_id": null, "osm_id": null, "osm_type": null, "man_made": null, "operator:wikidata": null, "bridge": null, "intermittent": null, "operator": null, "waterway": null, "tunnel": null, "name": null, "gnis:feature_id": null, "nhd:com_id": null, "pipe_type": null, "nhd:reach_code": null, "nhd:fdate": null, "location": null, "layer": null, "gnis:ftype": null, "gnis:fcode": null, "tiger:reviewed": null, "tiger:county": null, "tiger:cfcc": null, "substance": null, "tiger:upload_uuid": null, "tiger:tlid": null, "tiger:source": null, "path": null}, "geometry": {"type": "LineString", "coordinates": [[-122.27809, 37.785673], [-122.277532, 37.784859], [-122.275772, 37.784622]]}},
{"type": "Feature", "properties": {"ProjectID": "P6250", "full_id": null, "osm_id": null, "osm_type": null, "man_made": null, "operator:wikidata": null, "bridge": null, "intermittent": null, "operator": null, "waterway": null, "tunnel": null, "name": null, "gnis:feature_id": null, "nhd:com_id": null, "pipe_type": null, "nhd:reach_code": null, "nhd:fdate": null, "location": null, "layer": null, "gnis:ftype": null, "gnis:fcode": null, "tiger:reviewed": null, "tiger:county": null, "tiger:cfcc": null, "substance": null, "tiger:upload_uuid": null, "tiger:tlid": null, "tiger:source": null, "path": null}, "geometry": {"type": "LineString", "coordinates": [[-122.125783, 37.983682], [-122.125182, 37.982025], [-122.124453, 37.980401], [-122.125096, 37.97942], [-122.126427, 37.978439], [-122.126641, 37.977188], [-122.12647, 37.976206], [-122.126942, 37.975598], [-122.127156, 37.975259], [-122.127242, 37.9735], [-122.126083, 37.972587], [-122.12441, 37.966869], [-122.127929, 37.966125], [-122.129431, 37.964264], [-122.127757, 37.961828], [-122.127714, 37.960644], [-122.125096, 37.958174], [-122.125697, 37.957835], [-122.125654, 37.95726], [-122.125268, 37.956752], [-122.126212, 37.954282], [-122.126384, 37.953436], [-122.12677, 37.952083], [-122.127414, 37.951169], [-122.127628, 37.949781], [-122.126555, 37.948766], [-122.12707, 37.947954], [-122.125912, 37.947006], [-122.126341, 37.946093], [-122.126083, 37.945382], [-122.126684, 37.945077], [-122.126427, 37.944367], [-122.127199, 37.943961], [-122.127628, 37.943419], [-122.1281, 37.943487], [-122.127714, 37.944198], [-122.127671, 37.944841], [-122.128401, 37.94589], [-122.129302, 37.94677], [-122.131448, 37.946533], [-122.131963, 37.946668], [-122.132607, 37.945653], [-122.133765, 37.946059], [-122.134924, 37.945788], [-122.135224, 37.945077], [-122.135267, 37.944367], [-122.135954, 37.943351], [-122.136598, 37.942979], [-122.13707, 37.942235], [-122.137284, 37.940779], [-122.136383, 37.940339], [-122.135568, 37.940542], [-122.135353, 37.941016], [-122.134752, 37.940847], [-122.134666, 37.940441], [-122.134709, 37.940001], [-122.134581, 37.939459], [-122.133937, 37.939019], [-122.133465, 37.938952], [-122.132735, 37.938985], [-122.132006, 37.938816], [-122.131405, 37.938207], [-122.130976, 37.937767], [-122.130375, 37.937767], [-122.130117, 37.937361], [-122.129388, 37.936752], [-122.1281, 37.936481], [-122.127414, 37.936278], [-122.127113, 37.936007], [-122.125568, 37.935804], [-122.124753, 37.93533], [-122.124367, 37.934958], [-122.123637, 37.934247], [-122.123809, 37.93357], [-122.123895, 37.932961], [-122.123809, 37.932521], [-122.124109, 37.931877], [-122.124839, 37.931708], [-122.125182, 37.931268], [-122.125011, 37.93076], [-122.125053, 37.930422], [-122.125955, 37.930083], [-122.126212, 37.928425], [-122.126427, 37.928086], [-122.126985, 37.927883], [-122.127843, 37.927815], [-122.128615, 37.927782], [-122.129345, 37.927443], [-122.129774, 37.926563], [-122.130117, 37.926021], [-122.130461, 37.925649], [-122.13089, 37.925378], [-122.133765, 37.926292], [-122.13398, 37.925649], [-122.135139, 37.925006], [-122.134366, 37.918811], [-122.135267, 37.918844], [-122.135696, 37.918337], [-122.13634, 37.918032], [-122.136684, 37.917524], [-122.137413, 37.917253], [-122.138357, 37.917287], [-122.139602, 37.917998], [-122.14016, 37.917727], [-122.140675, 37.916475], [-122.141447, 37.916847], [-122.142563, 37.917355], [-122.147198, 37.917321], [-122.160802, 37.91854], [-122.161403, 37.909838], [-122.162905, 37.910245], [-122.164192, 37.910008], [-122.166638, 37.910583], [-122.168269, 37.910482], [-122.169986, 37.909906], [-122.172346, 37.909568], [-122.173591, 37.910177], [-122.175221, 37.910143], [-122.176938, 37.909805], [-122.178526, 37.909229], [-122.180285, 37.908349], [-122.182088, 37.907976], [-122.183161, 37.907367], [-122.18462, 37.906622], [-122.185822, 37.906181], [-122.187753, 37.906012], [-122.188783, 37.905538], [-122.190156, 37.902829], [-122.189856, 37.902118], [-122.190886, 37.900865]]}},
{"type": "Feature", "properties": {"ProjectID": "P6250", "full_id": null, "osm_id": null, "osm_type": null, "man_made": null, "operator:wikidata": null, "bridge": null, "intermittent": null, "operator": null, "waterway": null, "tunnel": null, "name": null, "gnis:feature_id": null, "nhd:com_id": null, "pipe_type": null, "nhd:reach_code": null, "nhd:fdate": null, "location": null, "layer": null, "gnis:ftype": null, "gnis:fcode": null, "tiger:reviewed": null, "tiger:county": null, "tiger:cfcc": null, "substance": null, "tiger:upload_uuid": null, "tiger:tlid": null, "tiger:source": null, "path": null}, "geometry": {"type": "LineString", "coordinates": [[-122.21112, 37.486582], [-122.200263, 37.484828], [-122.200166, 37.485135], [-122.19919, 37.486471], [-122.193139, 37.485679], [-122.189866, 37.485296], [-122.186455, 37.484726], [-122.183965, 37.484147], [-122.182893, 37.483645], [-122.183996, 37.481726], [-122.185682, 37.478792], [-122.186369, 37.478724]]}},
{"type": "Feature", "properties": {"ProjectID": "P6250", "full_id": null, "osm_id": null, "osm_type": null, "man_made": null, "operator:wikidata": null, "bridge": null, "intermittent": null, "operator": null, "waterway": null, "tunnel": null, "name": null, "gnis:feature_id": null, "nhd:com_id": null, "pipe_type": null, "nhd:reach_code": null, "nhd:fdate": null, "location": null, "layer": null, "gnis:ftype": null, "gnis:fcode": null, "tiger:reviewed": null, "tiger:county": null, "tiger:cfcc": null, "substance": null, "tiger:upload_uuid": null, "tiger:tlid": null, "tiger:source": null, "path": null}, "geometry": {"type": "LineString", "coordinates": [[-121.986737, 39.172991], [-121.968777, 39.152611], [-121.967297, 39.151546], [-121.966138, 39.15108], [-121.965215, 39.150947], [-121.964593, 39.151279], [-121.963627, 39.150714], [-121.94438, 39.151762], [-121.94159, 39.146936], [-121.949015, 39.135986], [-121.944165, 39.132058], [-121.939359, 39.133522]]}},
{"type": "Feature", "properties": {"ProjectID": "P6250", "full_id": null, "osm_id": null, "osm_type": null, "man_made": null, "operator:wikidata": null, "bridge": null, "intermittent": null, "operator": null, "waterway": null, "tunnel": null, "name": null, "gnis:feature_id": null, "nhd:com_id": null, "pipe_type": null, "nhd:reach_code": null, "nhd:fdate": null, "location": null, "layer": null, "gnis:ftype": null, "gnis:fcode": null, "tiger:reviewed": null, "tiger:county": null, "tiger:cfcc": null, "substance": null, "tiger:upload_uuid": null, "tiger:tlid": null, "tiger:source": null, "path": null}, "geometry": {"type": "LineString", "coordinates": [[-122.143199, 39.833895], [-122.145352, 39.830291], [-122.146125, 39.830423], [-122.154837, 39.830225], [-122.162519, 39.827621], [-122.164407, 39.827028], [-122.164793, 39.827457], [-122.166295, 39.826666], [-122.171745, 39.826731], [-122.171788, 39.823139], [-122.172432, 39.823172], [-122.172689, 39.817601], [-122.173419, 39.817371], [-122.173462, 39.816184], [-122.172818, 39.816184], [-122.173247, 39.814503], [-122.172518, 39.814437], [-122.172775, 39.812195], [-122.171059, 39.812195], [-122.168613, 39.81658], [-122.167711, 39.816547]]}},
{"type": "Feature", "properties": {"ProjectID": "P6250", "full_id": null, "osm_id": null, "osm_type": null, "man_made": null, "operator:wikidata": null, "bridge": null, "intermittent": null, "operator": null, "waterway": null, "tunnel": null, "name": null, "gnis:feature_id": null, "nhd:com_id": null, "pipe_type": null, "nhd:reach_code": null, "nhd:fdate": null, "location": null, "layer": null, "gnis:ftype": null, "gnis:fcode": null, "tiger:reviewed": null, "tiger:county": null, "tiger:cfcc": null, "substance": null, "tiger:upload_uuid": null, "tiger:tlid": null, "tiger:source": null, "path": null}, "geometry": {"type": "LineString", "coordinates": [[-121.991673, 38.584606], [-121.990213, 38.577293], [-121.98987, 38.54736], [-122.001367, 38.547139], [-122.003861, 38.547091], [-122.005234, 38.548031], [-122.005109, 38.550782], [-122.004719, 38.559375]]}},
{"type": "Feature", "properties": {"ProjectID": "P6250", "full_id": null, "osm_id": null, "osm_type": null, "man_made": null, "operator:wikidata": null, "bridge": null, "intermittent": null, "operator": null, "waterway": null, "tunnel": null, "name": null, "gnis:feature_id": null, "nhd:com_id": null, "pipe_type": null, "nhd:reach_code": null, "nhd:fdate": null, "location": null, "layer": null, "gnis:ftype": null, "gnis:fcode": null, "tiger:reviewed": null, "tiger:county": null, "tiger:cfcc": null, "substance": null, "tiger:upload_uuid": null, "tiger:tlid": null, "tiger:source": null, "path": null}, "geometry": {"type": "LineString", "coordinates": [[-122.33089, 37.917392], [-122.3317, 37.915951], [-122.331691, 37.915967], [-122.3317, 37.915951]]}},
{"type": "Feature", "properties": {"ProjectID": "P6250", "full_id": null, "osm_id": null, "osm_type": null, "man_made": null, "operator:wikidata": null, "bridge": null, "intermittent": null, "operator": null, "waterway": null, "tunnel": null, "name": null, "gnis:feature_id": null, "nhd:com_id": null, "pipe_type": null, "nhd:reach_code": null, "nhd:fdate": null, "location": null, "layer": null, "gnis:ftype": null, "gnis:fcode": null, "tiger:reviewed": null, "tiger:county": null, "tiger:cfcc": null, "substance": null, "tiger:upload_uuid": null, "tiger:tlid": null, "tiger:source": null, "path": null}, "geometry": {"type": "LineString", "coordinates": [[-122.241482, 37.436363], [-122.244272, 37.435033], [-122.245388, 37.434011], [-122.245903, 37.43258], [-122.246332, 37.431625], [-122.248263, 37.430058], [-122.248735, 37.429785], [-122.249551, 37.430671]]}},
{"type": "Feature", "properties": {"ProjectID": "P6250", "full_id": null, "osm_id": null, "osm_type": null, "man_made": null, "operator:wikidata": null, "bridge": null, "intermittent": null, "operator": null, "waterway": null, "tunnel": null, "name": null, "gnis:feature_id": null, "nhd:com_id": null, "pipe_type": null, "nhd:reach_code": null, "nhd:fdate": null, "location": null, "layer": null, "gnis:ftype": null, "gnis:fcode": null, "tiger:reviewed": null, "tiger:county": null, "tiger:cfcc": null, "substance": null, "tiger:upload_uuid": null, "tiger:tlid": null, "tiger:source": null, "path": null}, "geometry": {"type": "LineString", "coordinates": [[-121.477289, 38.49572], [-121.428967, 38.496056], [-121.428366, 38.494914]]}},
{"type": "Feature", "properties": {"ProjectID": "P6250", "full_id": null, "osm_id": null, "osm_type": null, "man_made": null, "operator:wikidata": null, "bridge": null, "intermittent": null, "operator": null, "waterway": null, "tunnel": null, "name": null, "gnis:feature_id": null, "nhd:com_id": null, "pipe_type": null, "nhd:reach_code": null, "nhd:fdate": null, "location": null, "layer": null, "gnis:ftype": null, "gnis:fcode": null, "tiger:reviewed": null, "tiger:county": null, "tiger:cfcc": null, "substance": null, "tiger:upload_uuid": null, "tiger:tlid": null, "tiger:source": null, "path": null}, "geometry": {"type": "LineString", "coordinates": [[-122.029915, 39.382991], [-122.02991, 39.381516]]}},
{"type": "Feature", "properties": {"ProjectID": "P6250", "full_id": null, "osm_id": null, "osm_type": null, "man_made": null, "operator:wikidata": null, "bridge": null, "intermittent": null, "operator": null, "waterway": null, "tunnel": null, "name": null, "gnis:feature_id": null, "nhd:com_id": null, "pipe_type": null, "nhd:reach_code": null, "nhd:fdate": null, "location": null, "layer": null, "gnis:ftype": null, "gnis:fcode": null, "tiger:reviewed": null, "tiger:county": null, "tiger:cfcc": null, "substance": null, "tiger:upload_uuid": null, "tiger:tlid": null, "tiger:source": null, "path": null}, "geometry": {"type": "LineString", "coordinates": [[-122.078919, 39.540918], [-122.072997, 39.543698], [-122.056131, 39.543831], [-122.047162, 39.544658], [-122.041841, 39.545154], [-122.041841, 39.548067], [-122.040811, 39.548067]]}},
{"type": "Feature", "properties": {"ProjectID": "P6250", "full_id": null, "osm_id": null, "osm_type": null, "man_made": null, "operator:wikidata": null, "bridge": null, "intermittent": null, "operator": null, "waterway": null, "tunnel": null, "name": null, "gnis:feature_id": null, "nhd:com_id": null, "pipe_type": null, "nhd:reach_code": null, "nhd:fdate": null, "location": null, "layer": null, "gnis:ftype": null, "gnis:fcode": null, "tiger:reviewed": null, "tiger:county": null, "tiger:cfcc": null, "substance": null, "tiger:upload_uuid": null, "tiger:tlid": null, "tiger:source": null, "path": null}, "geometry": {"type": "LineString", "coordinates": [[-122.069049, 37.403267], [-122.068534, 37.402756], [-122.067032, 37.402517], [-122.065079, 37.402227], [-122.063556, 37.401886], [-122.058406, 37.400659], [-122.063856, 37.387004], [-122.06553, 37.386492], [-122.063792, 37.38448], [-122.068555, 37.3824], [-122.069843, 37.383031], [-122.071023, 37.382366], [-122.07289, 37.380081], [-122.073276, 37.380184], [-122.077696, 37.374335], [-122.077911, 37.36939], [-122.077782, 37.345767], [-122.080572, 37.34326], [-122.080765, 37.343089], [-122.081237, 37.340803], [-122.082267, 37.339882], [-122.08246, 37.337289], [-122.085335, 37.335241], [-122.085722, 37.334764], [-122.085228, 37.333962], [-122.086151, 37.333842], [-122.087116, 37.332], [-122.084799, 37.328263], [-122.085142, 37.326847], [-122.083769, 37.325107], [-122.08482, 37.324578], [-122.085443, 37.323451]]}},
{"type": "Feature", "properties": {"ProjectID": "P6250", "full_id": null, "osm_id": null, "osm_type": null, "man_made": null, "operator:wikidata": null, "bridge": null, "intermittent": null, "operator": null, "waterway": null, "tunnel": null, "name": null, "gnis:feature_id": null, "nhd:com_id": null, "pipe_type": null, "nhd:reach_code": null, "nhd:fdate": null, "location": null, "layer": null, "gnis:ftype": null, "gnis:fcode": null, "tiger:reviewed": null, "tiger:county": null, "tiger:cfcc": null, "substance": null, "tiger:upload_uuid": null, "tiger:tlid": null, "tiger:source": null, "path": null}, "geometry": {"type": "LineString", "coordinates": [[-122.177925, 38.035856], [-122.177861, 38.035636], [-122.176702, 38.035704], [-122.175951, 38.035484], [-122.175136, 38.035146], [-122.175007, 38.03469], [-122.175629, 38.034538], [-122.176402, 38.03442], [-122.176831, 38.034183], [-122.176724, 38.03398], [-122.176144, 38.033693], [-122.175779, 38.033608], [-122.175694, 38.033389], [-122.175801, 38.033], [-122.175457, 38.032797], [-122.175736, 38.032104], [-122.177775, 38.032324], [-122.177882, 38.032003], [-122.178912, 38.031174], [-122.180371, 38.031005], [-122.182217, 38.03016], [-122.183654, 38.025157], [-122.187345, 38.021895], [-122.187796, 38.022047]]}},
{"type": "Feature", "properties": {"ProjectID": "P6250", "full_id": null, "osm_id": null, "osm_type": null, "man_made": null, "operator:wikidata": null, "bridge": null, "intermittent": null, "operator": null, "waterway": null, "tunnel": null, "name": null, "gnis:feature_id": null, "nhd:com_id": null, "pipe_type": null, "nhd:reach_code": null, "nhd:fdate": null, "location": null, "layer": null, "gnis:ftype": null, "gnis:fcode": null, "tiger:reviewed": null, "tiger:county": null, "tiger:cfcc": null, "substance": null, "tiger:upload_uuid": null, "tiger:tlid": null, "tiger:source": null, "path": null}, "geometry": {"type": "LineString", "coordinates": [[-121.523209, 38.571924], [-121.520205, 38.571589], [-121.517973, 38.570448]]}},
{"type": "Feature", "properties": {"ProjectID": "P6250", "full_id": null, "osm_id": null, "osm_type": null, "man_made": null, "operator:wikidata": null, "bridge": null, "intermittent": null, "operator": null, "waterway": null, "tunnel": null, "name": null, "gnis:feature_id": null, "nhd:com_id": null, "pipe_type": null, "nhd:reach_code": null, "nhd:fdate": null, "location": null, "layer": null, "gnis:ftype": null, "gnis:fcode": null, "tiger:reviewed": null, "tiger:county": null, "tiger:cfcc": null, "substance": null, "tiger:upload_uuid": null, "tiger:tlid": null, "tiger:source": null, "path": null}, "geometry": {"type": "LineString", "coordinates": [[-121.1578, 38.661651], [-121.159115, 38.662191], [-121.160231, 38.663397], [-121.160488, 38.664871], [-121.15963, 38.666547], [-121.159802, 38.668691], [-121.16169, 38.669763], [-121.166067, 38.671037], [-121.167955, 38.670836], [-121.170015, 38.671372], [-121.173449, 38.674655], [-121.170616, 38.676062], [-121.171139, 38.676729], [-121.176453, 38.6835], [-121.181173, 38.684639], [-121.186752, 38.68216], [-121.191902, 38.679748], [-121.193962, 38.678006], [-121.19731, 38.677202], [-121.200142, 38.674789], [-121.202459, 38.672243], [-121.204863, 38.671238], [-121.20821, 38.66983], [-121.213446, 38.66534], [-121.216364, 38.663933], [-121.222544, 38.663866], [-121.225891, 38.663799]]}},
{"type": "Feature", "properties": {"ProjectID": "P6250", "full_id": null, "osm_id": null, "osm_type": null, "man_made": null, "operator:wikidata": null, "bridge": null, "intermittent": null, "operator": null, "waterway": null, "tunnel": null, "name": null, "gnis:feature_id": null, "nhd:com_id": null, "pipe_type": null, "nhd:reach_code": null, "nhd:fdate": null, "location": null, "layer": null, "gnis:ftype": null, "gnis:fcode": null, "tiger:reviewed": null, "tiger:county": null, "tiger:cfcc": null, "substance": null, "tiger:upload_uuid": null, "tiger:tlid": null, "tiger:source": null, "path": null}, "geometry": {"type": "LineString", "coordinates": [[-122.377728, 40.56999], [-122.380443, 40.571393], [-122.389927, 40.574652], [-122.390828, 40.579379]]}},
{"type": "Feature", "properties": {"ProjectID": "P6250", "full_id": null, "osm_id": null, "osm_type": null, "man_made": null, "operator:wikidata": null, "bridge": null, "intermittent": null, "operator": null, "waterway": null, "tunnel": null, "name": null, "gnis:feature_id": null, "nhd:com_id": null, "pipe_type": null, "nhd:reach_code": null, "nhd:fdate": null, "location": null, "layer": null, "gnis:ftype": null, "gnis:fcode": null, "tiger:reviewed": null, "tiger:county": null, "tiger:cfcc": null, "substance": null, "tiger:upload_uuid": null, "tiger:tlid": null, "tiger:source": null, "path": null}, "geometry": {"type": "LineString", "coordinates": [[-121.79375, 37.273509], [-121.747744, 37.219396], [-121.698305, 37.193144], [-121.674959, 37.17345], [-121.658479, 37.154845], [-121.639253, 37.149372], [-121.626206, 37.145541], [-121.609729, 37.144448], [-121.638566, 37.130761]]}},
{"type": "Feature", "properties": {"ProjectID": "P6250", "full_id": null, "osm_id": null, "osm_type": null, "man_made": null, "operator:wikidata": null, "bridge": null, "intermittent": null, "operator": null, "waterway": null, "tunnel": null, "name": null, "gnis:feature_id": null, "nhd:com_id": null, "pipe_type": null, "nhd:reach_code": null, "nhd:fdate": null, "location": null, "layer": null, "gnis:ftype": null, "gnis:fcode": null, "tiger:reviewed": null, "tiger:county": null, "tiger:cfcc": null, "substance": null, "tiger:upload_uuid": null, "tiger:tlid": null, "tiger:source": null, "path": null}, "geometry": {"type": "LineString", "coordinates": [[-122.184105, 38.207972], [-122.186079, 38.208039], [-122.192431, 38.208242], [-122.193804, 38.208579], [-122.200327, 38.208511], [-122.203503, 38.209186]]}},
{"type": "Feature", "properties": {"ProjectID": "P6250", "full_id": null, "osm_id": null, "osm_type": null, "man_made": null, "operator:wikidata": null, "bridge": null, "intermittent": null, "operator": null, "waterway": null, "tunnel": null, "name": null, "gnis:feature_id": null, "nhd:com_id": null, "pipe_type": null, "nhd:reach_code": null, "nhd:fdate": null, "location": null, "layer": null, "gnis:ftype": null, "gnis:fcode": null, "tiger:reviewed": null, "tiger:county": null, "tiger:cfcc": null, "substance": null, "tiger:upload_uuid": null, "tiger:tlid": null, "tiger:source": null, "path": null}, "geometry": {"type": "LineString", "coordinates": [[-121.953306, 38.537156], [-121.95322, 38.534739], [-121.954508, 38.533195], [-121.956139, 38.531718], [-121.955967, 38.530308], [-121.964893, 38.52695]]}},
{"type": "Feature", "properties": {"ProjectID": "P6250", "full_id": null, "osm_id": null, "osm_type": null, "man_made": null, "operator:wikidata": null, "bridge": null, "intermittent": null, "operator": null, "waterway": null, "tunnel": null, "name": null, "gnis:feature_id": null, "nhd:com_id": null, "pipe_type": null, "nhd:reach_code": null, "nhd:fdate": null, "location": null, "layer": null, "gnis:ftype": null, "gnis:fcode": null, "tiger:reviewed": null, "tiger:county": null, "tiger:cfcc": null, "substance": null, "tiger:upload_uuid": null, "tiger:tlid": null, "tiger:source": null, "path": null}, "geometry": {"type": "LineString", "coordinates": [[-122.073813, 37.596484], [-122.066259, 37.588527], [-122.062483, 37.585602], [-122.060423, 37.573835], [-122.044707, 37.556055], [-122.030382, 37.549069], [-122.02755, 37.547708], [-122.027121, 37.546415], [-122.025919, 37.545258], [-122.020598, 37.542468], [-122.019224, 37.543216], [-122.018194, 37.541379], [-122.016821, 37.540494], [-122.010727, 37.5375], [-122.001114, 37.532667], [-121.97897, 37.521504], [-121.97691, 37.520551], [-121.976051, 37.519189], [-121.97485, 37.517828], [-121.973648, 37.517419], [-121.973219, 37.510611], [-121.970129, 37.509454], [-121.94747, 37.515989], [-121.91795, 37.524738], [-121.907044, 37.527971], [-121.903524, 37.526337], [-121.897945, 37.530761], [-121.897345, 37.539882], [-121.893139, 37.544441], [-121.883526, 37.554513], [-121.876402, 37.564446], [-121.87048, 37.571794], [-121.865587, 37.575127], [-121.864729, 37.577576], [-121.864042, 37.579617], [-121.863442, 37.580161], [-121.862497, 37.581657], [-121.855803, 37.587031], [-121.844988, 37.592404], [-121.826878, 37.60002], [-121.823616, 37.604372], [-121.819582, 37.609336], [-121.81675, 37.613416], [-121.810141, 37.617903], [-121.803789, 37.620622], [-121.732807, 37.659907], [-121.732121, 37.695503], [-121.732893, 37.74951]]}},
{"type": "Feature", "properties": {"ProjectID": "P6250", "full_id": null, "osm_id": null, "osm_type": null, "man_made": null, "operator:wikidata": null, "bridge": null, "intermittent": null, "operator": null, "waterway": null, "tunnel": null, "name": null, "gnis:feature_id": null, "nhd:com_id": null, "pipe_type": null, "nhd:reach_code": null, "nhd:fdate": null, "location": null, "layer": null, "gnis:ftype": null, "gnis:fcode": null, "tiger:reviewed": null, "tiger:county": null, "tiger:cfcc": null, "substance": null, "tiger:upload_uuid": null, "tiger:tlid": null, "tiger:source": null, "path": null}, "geometry": {"type": "LineString", "coordinates": [[-121.316596, 41.648747], [-121.3179, 41.64898]]}},
{"type": "Feature", "properties": {"ProjectID": "P6250", "full_id": null, "osm_id": null, "osm_type": null, "man_made": null, "operator:wikidata": null, "bridge": null, "intermittent": null, "operator": null, "waterway": null, "tunnel": null, "name": null, "gnis:feature_id": null, "nhd:com_id": null, "pipe_type": null, "nhd:reach_code": null, "nhd:fdate": null, "location": null, "layer": null, "gnis:ftype": null, "gnis:fcode": null, "tiger:reviewed": null, "tiger:county": null, "tiger:cfcc": null, "substance": null, "tiger:upload_uuid": null, "tiger:tlid": null, "tiger:source": null, "path": null}, "geometry": {"type": "LineString", "coordinates": [[-117.671817, 35.657298], [-117.674563, 35.617119]]}},
{"type": "Feature", "properties": {"ProjectID": "P6250", "full_id": null, "osm_id": null, "osm_type": null, "man_made": null, "operator:wikidata": null, "bridge": null, "intermittent": null, "operator": null, "waterway": null, "tunnel": null, "name": null, "gnis:feature_id": null, "nhd:com_id": null, "pipe_type": null, "nhd:reach_code": null, "nhd:fdate": null, "location": null, "layer": null, "gnis:ftype": null, "gnis:fcode": null, "tiger:reviewed": null, "tiger:county": null, "tiger:cfcc": null, "substance": null, "tiger:upload_uuid": null, "tiger:tlid": null, "tiger:source": null, "path": null}, "geometry": {"type": "LineString", "coordinates": [[-122.015437, 39.751947], [-122.011371, 39.752865], [-122.009268, 39.750589], [-122.008066, 39.749269], [-122.006307, 39.748444], [-122.003431, 39.749236], [-121.998582, 39.750721], [-121.99811, 39.750358]]}},
{"type": "Feature", "properties": {"ProjectID": "P6250", "full_id": null, "osm_id": null, "osm_type": null, "man_made": null, "operator:wikidata": null, "bridge": null, "intermittent": null, "operator": null, "waterway": null, "tunnel": null, "name": null, "gnis:feature_id": null, "nhd:com_id": null, "pipe_type": null, "nhd:reach_code": null, "nhd:fdate": null, "location": null, "layer": null, "gnis:ftype": null, "gnis:fcode": null, "tiger:reviewed": null, "tiger:county": null, "tiger:cfcc": null, "substance": null, "tiger:upload_uuid": null, "tiger:tlid": null, "tiger:source": null, "path": null}, "geometry": {"type": "LineString", "coordinates": [[-121.94438, 39.151762], [-121.946268, 39.158418], [-121.946268, 39.161878], [-121.967554, 39.179778], [-121.967468, 39.185899], [-121.972103, 39.185832], [-121.972532, 39.188294], [-121.972275, 39.191287], [-121.976566, 39.193749], [-121.976481, 39.195212], [-121.978712, 39.195744], [-121.978884, 39.198272], [-121.977897, 39.198205], [-121.977897, 39.204391], [-121.978798, 39.205189], [-121.980085, 39.205755], [-121.982231, 39.206187], [-121.982746, 39.207583], [-121.980987, 39.209313], [-121.980364, 39.209263], [-121.980343, 39.210742], [-121.979313, 39.211707], [-121.978884, 39.213103], [-121.981115, 39.216728], [-121.98103, 39.219986], [-121.977897, 39.219986], [-121.977983, 39.22341], [-121.979656, 39.227765], [-121.979914, 39.231356]]}},
{"type": "Feature", "properties": {"ProjectID": "P6250", "full_id": null, "osm_id": null, "osm_type": null, "man_made": null, "operator:wikidata": null, "bridge": null, "intermittent": null, "operator": null, "waterway": null, "tunnel": null, "name": null, "gnis:feature_id": null, "nhd:com_id": null, "pipe_type": null, "nhd:reach_code": null, "nhd:fdate": null, "location": null, "layer": null, "gnis:ftype": null, "gnis:fcode": null, "tiger:reviewed": null, "tiger:county": null, "tiger:cfcc": null, "substance": null, "tiger:upload_uuid": null, "tiger:tlid": null, "tiger:source": null, "path": null}, "geometry": {"type": "LineString", "coordinates": [[-121.305295, 38.021446], [-121.323223, 38.020915]]}},
{"type": "Feature", "properties": {"ProjectID": "P6250", "full_id": null, "osm_id": null, "osm_type": null, "man_made": null, "operator:wikidata": null, "bridge": null, "intermittent": null, "operator": null, "waterway": null, "tunnel": null, "name": null, "gnis:feature_id": null, "nhd:com_id": null, "pipe_type": null, "nhd:reach_code": null, "nhd:fdate": null, "location": null, "layer": null, "gnis:ftype": null, "gnis:fcode": null, "tiger:reviewed": null, "tiger:county": null, "tiger:cfcc": null, "substance": null, "tiger:upload_uuid": null, "tiger:tlid": null, "tiger:source": null, "path": null}, "geometry": {"type": "LineString", "coordinates": [[-121.262348, 38.142624], [-121.261082, 38.142573], [-121.26091, 38.138438], [-121.265674, 38.138101], [-121.267862, 38.137966], [-121.269171, 38.137915], [-121.269321, 38.135249], [-121.273892, 38.135451], [-121.288462, 38.136109], [-121.288559, 38.141581], [-121.288633, 38.145763], [-121.287603, 38.145763]]}},
{"type": "Feature", "properties": {"ProjectID": "P6250", "full_id": null, "osm_id": null, "osm_type": null, "man_made": null, "operator:wikidata": null, "bridge": null, "intermittent": null, "operator": null, "waterway": null, "tunnel": null, "name": null, "gnis:feature_id": null, "nhd:com_id": null, "pipe_type": null, "nhd:reach_code": null, "nhd:fdate": null, "location": null, "layer": null, "gnis:ftype": null, "gnis:fcode": null, "tiger:reviewed": null, "tiger:county": null, "tiger:cfcc": null, "substance": null, "tiger:upload_uuid": null, "tiger:tlid": null, "tiger:source": null, "path": null}, "geometry": {"type": "LineString", "coordinates": [[-122.123079, 37.460552], [-122.118874, 37.448288], [-122.117415, 37.443518], [-122.104797, 37.431864], [-122.092953, 37.42832], [-122.069693, 37.428456], [-122.057934, 37.426343], [-122.06008, 37.420413]]}},
{"type": "Feature", "properties": {"ProjectID": "P6250", "full_id": null, "osm_id": null, "osm_type": null, "man_made": null, "operator:wikidata": null, "bridge": null, "intermittent": null, "operator": null, "waterway": null, "tunnel": null, "name": null, "gnis:feature_id": null, "nhd:com_id": null, "pipe_type": null, "nhd:reach_code": null, "nhd:fdate": null, "location": null, "layer": null, "gnis:ftype": null, "gnis:fcode": null, "tiger:reviewed": null, "tiger:county": null, "tiger:cfcc": null, "substance": null, "tiger:upload_uuid": null, "tiger:tlid": null, "tiger:source": null, "path": null}, "geometry": {"type": "LineString", "coordinates": [[-122.362419, 37.958711], [-122.36244, 37.954028], [-122.367117, 37.954028], [-122.36701, 37.958613]]}},
{"type": "Feature", "properties": {"ProjectID": "P6250", "full_id": null, "osm_id": null, "osm_type": null, "man_made": null, "operator:wikidata": null, "bridge": null, "intermittent": null, "operator": null, "waterway": null, "tunnel": null, "name": null, "gnis:feature_id": null, "nhd:com_id": null, "pipe_type": null, "nhd:reach_code": null, "nhd:fdate": null, "location": null, "layer": null, "gnis:ftype": null, "gnis:fcode": null, "tiger:reviewed": null, "tiger:county": null, "tiger:cfcc": null, "substance": null, "tiger:upload_uuid": null, "tiger:tlid": null, "tiger:source": null, "path": null}, "geometry": {"type": "LineString", "coordinates": [[-121.726971, 38.056472], [-121.725168, 38.056202], [-121.745939, 38.031665], [-121.745081, 38.026121]]}},
{"type": "Feature", "properties": {"ProjectID": "P6250", "full_id": null, "osm_id": null, "osm_type": null, "man_made": null, "operator:wikidata": null, "bridge": null, "intermittent": null, "operator": null, "waterway": null, "tunnel": null, "name": null, "gnis:feature_id": null, "nhd:com_id": null, "pipe_type": null, "nhd:reach_code": null, "nhd:fdate": null, "location": null, "layer": null, "gnis:ftype": null, "gnis:fcode": null, "tiger:reviewed": null, "tiger:county": null, "tiger:cfcc": null, "substance": null, "tiger:upload_uuid": null, "tiger:tlid": null, "tiger:source": null, "path": null}, "geometry": {"type": "LineString", "coordinates": [[-122.088763, 37.410609], [-122.088983, 37.412386], [-122.098618, 37.412778], [-122.100334, 37.414687], [-122.106664, 37.417908], [-122.109582, 37.419373], [-122.112372, 37.422696], [-122.118187, 37.426462], [-122.121255, 37.424452], [-122.12559, 37.427195], [-122.127199, 37.426156], [-122.129324, 37.427519], [-122.132735, 37.424026], [-122.138225, 37.427492], [-122.139022, 37.427996]]}},
{"type": "Feature", "properties": {"ProjectID": "P6250", "full_id": null, "osm_id": null, "osm_type": null, "man_made": null, "operator:wikidata": null, "bridge": null, "intermittent": null, "operator": null, "waterway": null, "tunnel": null, "name": null, "gnis:feature_id": null, "nhd:com_id": null, "pipe_type": null, "nhd:reach_code": null, "nhd:fdate": null, "location": null, "layer": null, "gnis:ftype": null, "gnis:fcode": null, "tiger:reviewed": null, "tiger:county": null, "tiger:cfcc": null, "substance": null, "tiger:upload_uuid": null, "tiger:tlid": null, "tiger:source": null, "path": null}, "geometry": {"type": "LineString", "coordinates": [[-121.537328, 41.061718], [-121.549816, 41.042915], [-121.558571, 41.029708], [-121.563892, 41.022974], [-121.565137, 41.018052], [-121.56724, 41.011058], [-121.569643, 41.007107], [-121.574793, 40.999043], [-121.577196, 40.997731], [-121.584127, 40.997197], [-121.588097, 40.995091], [-121.594791, 40.98249], [-121.600885, 40.971247], [-121.609683, 40.955109], [-121.61818, 40.939258], [-121.619897, 40.936178], [-121.618953, 40.932028], [-121.620476, 40.926857], [-121.620669, 40.925624], [-121.619875, 40.925089], [-121.620069, 40.921928], [-121.623974, 40.914032], [-121.634632, 40.897043], [-121.635053, 40.896374]]}},
{"type": "Feature", "properties": {"ProjectID": "P6250", "full_id": null, "osm_id": null, "osm_type": null, "man_made": null, "operator:wikidata": null, "bridge": null, "intermittent": null, "operator": null, "waterway": null, "tunnel": null, "name": null, "gnis:feature_id": null, "nhd:com_id": null, "pipe_type": null, "nhd:reach_code": null, "nhd:fdate": null, "location": null, "layer": null, "gnis:ftype": null, "gnis:fcode": null, "tiger:reviewed": null, "tiger:county": null, "tiger:cfcc": null, "substance": null, "tiger:upload_uuid": null, "tiger:tlid": null, "tiger:source": null, "path": null}, "geometry": {"type": "LineString", "coordinates": [[-122.225046, 38.05387], [-122.224875, 38.053093], [-122.225733, 38.053194], [-122.225733, 38.052484], [-122.224875, 38.052518], [-122.224746, 38.049037], [-122.225003, 38.048395], [-122.226119, 38.048226], [-122.227364, 38.049037], [-122.231998, 38.045218], [-122.232728, 38.045354], [-122.233243, 38.042346], [-122.234187, 38.041534], [-122.234488, 38.037918], [-122.23805, 38.040014], [-122.238178, 38.041027], [-122.238951, 38.041027], [-122.240281, 38.04194], [-122.241869, 38.041737], [-122.242427, 38.04292], [-122.244487, 38.04194], [-122.245173, 38.041771], [-122.246161, 38.039912], [-122.252426, 38.041872], [-122.253027, 38.042379]]}},
{"type": "Feature", "properties": {"ProjectID": "P6250", "full_id": null, "osm_id": null, "osm_type": null, "man_made": null, "operator:wikidata": null, "bridge": null, "intermittent": null, "operator": null, "waterway": null, "tunnel": null, "name": null, "gnis:feature_id": null, "nhd:com_id": null, "pipe_type": null, "nhd:reach_code": null, "nhd:fdate": null, "location": null, "layer": null, "gnis:ftype": null, "gnis:fcode": null, "tiger:reviewed": null, "tiger:county": null, "tiger:cfcc": null, "substance": null, "tiger:upload_uuid": null, "tiger:tlid": null, "tiger:source": null, "path": null}, "geometry": {"type": "LineString", "coordinates": [[-121.346273, 38.55482], [-121.336098, 38.554811], [-121.336184, 38.556824], [-121.330261, 38.557093], [-121.318073, 38.560516], [-121.318588, 38.581251], [-121.256275, 38.612042], [-121.211472, 38.630952], [-121.201086, 38.634707], [-121.198082, 38.63826], [-121.195507, 38.641143], [-121.189756, 38.644964], [-121.185122, 38.648048], [-121.18186, 38.650528], [-121.181173, 38.652874], [-121.181517, 38.654617], [-121.179543, 38.654885], [-121.177654, 38.654885], [-121.174994, 38.654751], [-121.172762, 38.655354], [-121.17156, 38.656091], [-121.169758, 38.65636], [-121.167183, 38.656427], [-121.16581, 38.656963], [-121.164093, 38.657901], [-121.162033, 38.658102], [-121.159458, 38.658504], [-121.158171, 38.659577], [-121.1578, 38.661651], [-121.157656, 38.662459], [-121.157312, 38.663799], [-121.155682, 38.665609], [-121.155167, 38.667217], [-121.15448, 38.668557], [-121.153536, 38.669562], [-121.149674, 38.668691]]}},
{"type": "Feature", "properties": {"ProjectID": "P6250", "full_id": null, "osm_id": null, "osm_type": null, "man_made": null, "operator:wikidata": null, "bridge": null, "intermittent": null, "operator": null, "waterway": null, "tunnel": null, "name": null, "gnis:feature_id": null, "nhd:com_id": null, "pipe_type": null, "nhd:reach_code": null, "nhd:fdate": null, "location": null, "layer": null, "gnis:ftype": null, "gnis:fcode": null, "tiger:reviewed": null, "tiger:county": null, "tiger:cfcc": null, "substance": null, "tiger:upload_uuid": null, "tiger:tlid": null, "tiger:source": null, "path": null}, "geometry": {"type": "LineString", "coordinates": [[-121.802845, 38.721211], [-121.806965, 38.721278], [-121.807051, 38.722082]]}},
{"type": "Feature", "properties": {"ProjectID": "P6250", "full_id": null, "osm_id": null, "osm_type": null, "man_made": null, "operator:wikidata": null, "bridge": null, "intermittent": null, "operator": null, "waterway": null, "tunnel": null, "name": null, "gnis:feature_id": null, "nhd:com_id": null, "pipe_type": null, "nhd:reach_code": null, "nhd:fdate": null, "location": null, "layer": null, "gnis:ftype": null, "gnis:fcode": null, "tiger:reviewed": null, "tiger:county": null, "tiger:cfcc": null, "substance": null, "tiger:upload_uuid": null, "tiger:tlid": null, "tiger:source": null, "path": null}, "geometry": {"type": "LineString", "coordinates": [[-121.975966, 38.353907], [-121.964808, 38.352359], [-121.962319, 38.351821], [-121.953135, 38.351686], [-121.953478, 38.357475], [-121.949701, 38.360436], [-121.948586, 38.36158]]}},
{"type": "Feature", "properties": {"ProjectID": "P6250", "full_id": null, "osm_id": null, "osm_type": null, "man_made": null, "operator:wikidata": null, "bridge": null, "intermittent": null, "operator": null, "waterway": null, "tunnel": null, "name": null, "gnis:feature_id": null, "nhd:com_id": null, "pipe_type": null, "nhd:reach_code": null, "nhd:fdate": null, "location": null, "layer": null, "gnis:ftype": null, "gnis:fcode": null, "tiger:reviewed": null, "tiger:county": null, "tiger:cfcc": null, "substance": null, "tiger:upload_uuid": null, "tiger:tlid": null, "tiger:source": null, "path": null}, "geometry": {"type": "LineString", "coordinates": [[-119.772606, 36.808735], [-119.772434, 36.815744], [-119.781704, 36.815607], [-119.781704, 36.83031], [-119.795437, 36.83031]]}},
{"type": "Feature", "properties": {"ProjectID": "P6250", "full_id": null, "osm_id": null, "osm_type": null, "man_made": null, "operator:wikidata": null, "bridge": null, "intermittent": null, "operator": null, "waterway": null, "tunnel": null, "name": null, "gnis:feature_id": null, "nhd:com_id": null, "pipe_type": null, "nhd:reach_code": null, "nhd:fdate": null, "location": null, "layer": null, "gnis:ftype": null, "gnis:fcode": null, "tiger:reviewed": null, "tiger:county": null, "tiger:cfcc": null, "substance": null, "tiger:upload_uuid": null, "tiger:tlid": null, "tiger:source": null, "path": null}, "geometry": {"type": "LineString", "coordinates": [[-120.772195, 36.87247], [-120.69031, 36.910374], [-120.643618, 36.963063], [-120.521394, 36.961964], [-120.521394, 36.975131], [-120.504915, 36.975131], [-120.467836, 37.011327], [-120.462343, 37.079286]]}},
{"type": "Feature", "properties": {"ProjectID": "P6250", "full_id": null, "osm_id": null, "osm_type": null, "man_made": null, "operator:wikidata": null, "bridge": null, "intermittent": null, "operator": null, "waterway": null, "tunnel": null, "name": null, "gnis:feature_id": null, "nhd:com_id": null, "pipe_type": null, "nhd:reach_code": null, "nhd:fdate": null, "location": null, "layer": null, "gnis:ftype": null, "gnis:fcode": null, "tiger:reviewed": null, "tiger:county": null, "tiger:cfcc": null, "substance": null, "tiger:upload_uuid": null, "tiger:tlid": null, "tiger:source": null, "path": null}, "geometry": {"type": "LineString", "coordinates": [[-122.25925, 37.452104], [-122.260537, 37.451967], [-122.26191, 37.451831], [-122.263241, 37.453296], [-122.264314, 37.453603], [-122.266331, 37.454182], [-122.265987, 37.455033], [-122.265687, 37.455749], [-122.269163, 37.456771], [-122.268906, 37.457623], [-122.270966, 37.458168], [-122.271266, 37.457827], [-122.272124, 37.45827], [-122.273154, 37.458679], [-122.274056, 37.458781], [-122.274141, 37.459735], [-122.274785, 37.459871], [-122.2753, 37.459564], [-122.275772, 37.459292], [-122.276802, 37.459121], [-122.277918, 37.459326], [-122.278776, 37.459701], [-122.286286, 37.464061], [-122.287059, 37.465185], [-122.288132, 37.467229], [-122.290235, 37.465526], [-122.291865, 37.465287], [-122.295685, 37.46682], [-122.298861, 37.474245], [-122.30238, 37.474688], [-122.309547, 37.478707], [-122.311049, 37.480818], [-122.312722, 37.48075], [-122.314396, 37.48327], [-122.314096, 37.485143], [-122.31946, 37.491988], [-122.325254, 37.496857], [-122.327142, 37.497095], [-122.327442, 37.498048], [-122.328086, 37.498968], [-122.32933, 37.499785], [-122.330575, 37.500125], [-122.330875, 37.500466], [-122.332335, 37.500704], [-122.334137, 37.502985], [-122.334051, 37.505402], [-122.334652, 37.505913], [-122.33521, 37.507036], [-122.334266, 37.508228], [-122.335339, 37.509249], [-122.336927, 37.509011], [-122.34405, 37.516262], [-122.356281, 37.524737], [-122.355981, 37.528277], [-122.359371, 37.537499], [-122.361517, 37.536785], [-122.362332, 37.537193], [-122.364564, 37.544203], [-122.371559, 37.549001], [-122.375078, 37.549069], [-122.379842, 37.555567], [-122.389069, 37.565331], [-122.39027, 37.567236], [-122.400656, 37.57914], [-122.403488, 37.577848], [-122.442541, 37.618107], [-122.440138, 37.619467], [-122.437306, 37.619602], [-122.433529, 37.619127], [-122.430267, 37.619874], [-122.429323, 37.62171], [-122.428722, 37.624021], [-122.432671, 37.627012], [-122.434301, 37.629256], [-122.436533, 37.629732], [-122.438164, 37.630615], [-122.437992, 37.631907], [-122.43928, 37.63313], [-122.440481, 37.636121], [-122.442885, 37.637073], [-122.443485, 37.638364], [-122.442627, 37.639519], [-122.441597, 37.640267], [-122.442885, 37.641966], [-122.446146, 37.644209], [-122.448635, 37.64584], [-122.450609, 37.64849], [-122.453098, 37.654742], [-122.459278, 37.66541], [-122.460136, 37.665546], [-122.461252, 37.664323], [-122.46254, 37.663372], [-122.464943, 37.663236], [-122.472153, 37.665206], [-122.473955, 37.665682], [-122.475329, 37.664663], [-122.475672, 37.663236], [-122.475071, 37.661333], [-122.480135, 37.66541], [-122.479706, 37.678114], [-122.473183, 37.677911], [-122.472239, 37.684364], [-122.47241, 37.686945], [-122.471209, 37.690477], [-122.471123, 37.695367], [-122.472067, 37.698151], [-122.472754, 37.703381], [-122.474213, 37.704263], [-122.475844, 37.703584], [-122.476187, 37.704671], [-122.472754, 37.705418], [-122.472239, 37.706708], [-122.472239, 37.709288], [-122.471209, 37.710646], [-122.468462, 37.711869], [-122.46563, 37.712072], [-122.46357, 37.711461], [-122.461166, 37.709899], [-122.45739, 37.709696], [-122.453613, 37.710375], [-122.449923, 37.71343], [-122.446747, 37.714924], [-122.444, 37.716486], [-122.441683, 37.718522], [-122.43988, 37.719812], [-122.438421, 37.721374], [-122.436876, 37.724904], [-122.435417, 37.727891], [-122.433615, 37.72986], [-122.42898, 37.731218], [-122.425718, 37.731014], [-122.422628, 37.730607], [-122.420397, 37.731421], [-122.420054, 37.732643], [-122.416964, 37.732507], [-122.412415, 37.733933], [-122.4125, 37.741942], [-122.411213, 37.742214], [-122.409668, 37.742689], [-122.410269, 37.743368], [-122.410526, 37.747236], [-122.407093, 37.748797], [-122.407436, 37.751987], [-122.401514, 37.752258], [-122.402458, 37.759926], [-122.393961, 37.760266], [-122.393875, 37.757416], [-122.389498, 37.757619], [-122.389498, 37.755244], [-122.393274, 37.754973], [-122.393411, 37.752602], [-122.393532, 37.750494], [-122.390013, 37.75063], [-122.389927, 37.752733], [-122.393411, 37.752602]]}},
{"type": "Feature", "properties": {"ProjectID": "P6250", "full_id": null, "osm_id": null, "osm_type": null, "man_made": null, "operator:wikidata": null, "bridge": null, "intermittent": null, "operator": null, "waterway": null, "tunnel": null, "name": null, "gnis:feature_id": null, "nhd:com_id": null, "pipe_type": null, "nhd:reach_code": null, "nhd:fdate": null, "location": null, "layer": null, "gnis:ftype": null, "gnis:fcode": null, "tiger:reviewed": null, "tiger:county": null, "tiger:cfcc": null, "substance": null, "tiger:upload_uuid": null, "tiger:tlid": null, "tiger:source": null, "path": null}, "geometry": {"type": "LineString", "coordinates": [[-119.917145, 36.834569], [-119.91663, 36.793615], [-119.862213, 36.793478]]}},
{"type": "Feature", "properties": {"ProjectID": "P6250", "full_id": null, "osm_id": null, "osm_type": null, "man_made": null, "operator:wikidata": null, "bridge": null, "intermittent": null, "operator": null, "waterway": null, "tunnel": null, "name": null, "gnis:feature_id": null, "nhd:com_id": null, "pipe_type": null, "nhd:reach_code": null, "nhd:fdate": null, "location": null, "layer": null, "gnis:ftype": null, "gnis:fcode": null, "tiger:reviewed": null, "tiger:county": null, "tiger:cfcc": null, "substance": null, "tiger:upload_uuid": null, "tiger:tlid": null, "tiger:source": null, "path": null}, "geometry": {"type": "LineString", "coordinates": [[-121.732464, 38.17991], [-121.724138, 38.17323]]}},
{"type": "Feature", "properties": {"ProjectID": "P6250", "full_id": null, "osm_id": null, "osm_type": null, "man_made": null, "operator:wikidata": null, "bridge": null, "intermittent": null, "operator": null, "waterway": null, "tunnel": null, "name": null, "gnis:feature_id": null, "nhd:com_id": null, "pipe_type": null, "nhd:reach_code": null, "nhd:fdate": null, "location": null, "layer": null, "gnis:ftype": null, "gnis:fcode": null, "tiger:reviewed": null, "tiger:county": null, "tiger:cfcc": null, "substance": null, "tiger:upload_uuid": null, "tiger:tlid": null, "tiger:source": null, "path": null}, "geometry": {"type": "LineString", "coordinates": [[-122.098618, 37.412778], [-122.097813, 37.412122], [-122.096193, 37.411721], [-122.09306, 37.411568], [-122.09291, 37.411482], [-122.091644, 37.411116], [-122.091483, 37.411125], [-122.088768, 37.410106], [-122.088763, 37.410609]]}},
{"type": "Feature", "properties": {"ProjectID": "P6250", "full_id": null, "osm_id": null, "osm_type": null, "man_made": null, "operator:wikidata": null, "bridge": null, "intermittent": null, "operator": null, "waterway": null, "tunnel": null, "name": null, "gnis:feature_id": null, "nhd:com_id": null, "pipe_type": null, "nhd:reach_code": null, "nhd:fdate": null, "location": null, "layer": null, "gnis:ftype": null, "gnis:fcode": null, "tiger:reviewed": null, "tiger:county": null, "tiger:cfcc": null, "substance": null, "tiger:upload_uuid": null, "tiger:tlid": null, "tiger:source": null, "path": null}, "geometry": {"type": "LineString", "coordinates": [[-122.070036, 37.406846], [-122.068319, 37.406693], [-122.067654, 37.406949], [-122.067504, 37.405943]]}},
{"type": "Feature", "properties": {"ProjectID": "P6250", "full_id": "way", "osm_id": "underground", "osm_type": "w1091086155", "man_made": "pipeline", "operator:wikidata": "/Users/char/Desktop/gem o&g resources/gis data/Pacific Gas & Electric/3.geojson", "bridge": null, "intermittent": "-1", "operator": null, "waterway": "1091086155", "tunnel": null, "name": null, "gnis:feature_id": null, "nhd:com_id": null, "pipe_type": null, "nhd:reach_code": null, "nhd:fdate": null, "location": null, "layer": null, "gnis:ftype": null, "gnis:fcode": null, "tiger:reviewed": null, "tiger:county": null, "tiger:cfcc": null, "substance": null, "tiger:upload_uuid": null, "tiger:tlid": null, "tiger:source": null, "path": null}, "geometry": {"type": "LineString", "coordinates": [[-122.269, 39.368], [-122.263155, 39.368312], [-122.263498, 39.384567], [-122.264786, 39.385795], [-122.263885, 39.526322], [-122.263913, 39.531618], [-122.264013, 39.550052], [-122.264614, 39.650244], [-122.265912, 39.79881], [-122.26573, 39.808206], [-122.265871, 39.816418], [-122.265945, 39.8207], [-122.265902, 39.832268], [-122.265988, 39.853489], [-122.266073, 39.914411], [-122.258692, 39.935375], [-122.254143, 39.947023], [-122.250109, 39.957419], [-122.24556, 39.969688], [-122.239086, 39.986812], [-122.237002, 39.994109], [-122.235019, 40.000522], [-122.234325, 40.002774], [-122.233718, 40.004691], [-122.23366, 40.004984], [-122.233076, 40.007037], [-122.232198, 40.010043], [-122.230339, 40.016349], [-122.230203, 40.016965], [-122.228506, 40.022416], [-122.228242, 40.023485], [-122.227254, 40.026574], [-122.226815, 40.028259], [-122.226009, 40.030841], [-122.225201, 40.033564], [-122.224462, 40.036078], [-122.224319, 40.036595], [-122.221724, 40.045357], [-122.221099, 40.047481], [-122.220363, 40.048238], [-122.218131, 40.054896], [-122.216434, 40.060188], [-122.215485, 40.063108], [-122.215096, 40.064304], [-122.214178, 40.06713], [-122.213699, 40.069341]]}},
{"type": "Feature", "properties": {"ProjectID": "P6250", "full_id": null, "osm_id": null, "osm_type": null, "man_made": null, "operator:wikidata": null, "bridge": null, "intermittent": null, "operator": null, "waterway": null, "tunnel": null, "name": null, "gnis:feature_id": null, "nhd:com_id": null, "pipe_type": null, "nhd:reach_code": null, "nhd:fdate": null, "location": null, "layer": null, "gnis:ftype": null, "gnis:fcode": null, "tiger:reviewed": null, "tiger:county": null, "tiger:cfcc": null, "substance": null, "tiger:upload_uuid": null, "tiger:tlid": null, "tiger:source": null, "path": null}, "geometry": {"type": "LineString", "coordinates": [[-121.418066, 38.549844], [-121.427937, 38.552461], [-121.427937, 38.551388], [-121.429482, 38.551857]]}},
{"type": "Feature", "properties": {"ProjectID": "P6250", "full_id": null, "osm_id": null, "osm_type": null, "man_made": null, "operator:wikidata": null, "bridge": null, "intermittent": null, "operator": null, "waterway": null, "tunnel": null, "name": null, "gnis:feature_id": null, "nhd:com_id": null, "pipe_type": null, "nhd:reach_code": null, "nhd:fdate": null, "location": null, "layer": null, "gnis:ftype": null, "gnis:fcode": null, "tiger:reviewed": null, "tiger:county": null, "tiger:cfcc": null, "substance": null, "tiger:upload_uuid": null, "tiger:tlid": null, "tiger:source": null, "path": null}, "geometry": {"type": "LineString", "coordinates": [[-121.882668, 38.015911], [-121.874857, 38.01422], [-121.872785, 38.019378], [-121.87108, 38.023619], [-121.856918, 38.020914], [-121.855717, 38.023484], [-121.857519, 38.023754]]}},
{"type": "Feature", "properties": {"ProjectID": "P6250", "full_id": null, "osm_id": null, "osm_type": null, "man_made": null, "operator:wikidata": null, "bridge": null, "intermittent": null, "operator": null, "waterway": null, "tunnel": null, "name": null, "gnis:feature_id": null, "nhd:com_id": null, "pipe_type": null, "nhd:reach_code": null, "nhd:fdate": null, "location": null, "layer": null, "gnis:ftype": null, "gnis:fcode": null, "tiger:reviewed": null, "tiger:county": null, "tiger:cfcc": null, "substance": null, "tiger:upload_uuid": null, "tiger:tlid": null, "tiger:source": null, "path": null}, "geometry": {"type": "LineString", "coordinates": [[-120.396424, 36.776843], [-120.318146, 36.790591], [-120.228883, 36.788942], [-120.171891, 36.807086], [-120.075074, 36.827975], [-120.060866, 36.829663], [-119.987183, 36.838417], [-119.932938, 36.844461], [-119.974228, 36.88193], [-120.006225, 36.910954], [-120.013608, 36.924073], [-120.029069, 36.951539], [-120.042115, 36.972387], [-120.064088, 36.972936], [-120.091553, 36.990488], [-120.082627, 36.961964], [-120.072327, 36.9466], [-120.059688, 36.938936]]}},
{"type": "Feature", "properties": {"ProjectID": "P6250", "full_id": null, "osm_id": null, "osm_type": null, "man_made": null, "operator:wikidata": null, "bridge": null, "intermittent": null, "operator": null, "waterway": null, "tunnel": null, "name": null, "gnis:feature_id": null, "nhd:com_id": null, "pipe_type": null, "nhd:reach_code": null, "nhd:fdate": null, "location": null, "layer": null, "gnis:ftype": null, "gnis:fcode": null, "tiger:reviewed": null, "tiger:county": null, "tiger:cfcc": null, "substance": null, "tiger:upload_uuid": null, "tiger:tlid": null, "tiger:source": null, "path": null}, "geometry": {"type": "LineString", "coordinates": [[-122.13089, 37.925378], [-122.125225, 37.914342], [-122.126985, 37.913258], [-122.127843, 37.911464], [-122.128658, 37.91143], [-122.129345, 37.910888], [-122.125011, 37.901712], [-122.123895, 37.900933], [-122.123122, 37.90117], [-122.122779, 37.900899], [-122.123165, 37.900459], [-122.12162, 37.898867], [-122.120934, 37.895515], [-122.122178, 37.89521], [-122.120891, 37.891857], [-122.123551, 37.891349], [-122.127628, 37.890841], [-122.129645, 37.890367], [-122.131276, 37.889418], [-122.134409, 37.888402], [-122.138615, 37.887691], [-122.141705, 37.889046], [-122.14325, 37.886675], [-122.144065, 37.88698], [-122.14561, 37.88698], [-122.152047, 37.885557], [-122.152348, 37.88488], [-122.152519, 37.884033], [-122.154021, 37.882949], [-122.155266, 37.882272], [-122.158485, 37.882577], [-122.168484, 37.862149], [-122.167153, 37.861471], [-122.166295, 37.860828], [-122.165523, 37.860353], [-122.164149, 37.860048], [-122.163291, 37.859777], [-122.162304, 37.859066], [-122.160459, 37.858456], [-122.159171, 37.858558], [-122.158184, 37.858083], [-122.15694, 37.85727], [-122.154536, 37.855711], [-122.152948, 37.854796], [-122.151747, 37.853068], [-122.151918, 37.85151], [-122.152262, 37.850561], [-122.152562, 37.84951], [-122.152605, 37.848155], [-122.152219, 37.847104], [-122.151704, 37.846494], [-122.149515, 37.844902], [-122.146339, 37.843343], [-122.14385, 37.841987]]}},
{"type": "Feature", "properties": {"ProjectID": "P6250", "full_id": null, "osm_id": null, "osm_type": null, "man_made": null, "operator:wikidata": null, "bridge": null, "intermittent": null, "operator": null, "waterway": null, "tunnel": null, "name": null, "gnis:feature_id": null, "nhd:com_id": null, "pipe_type": null, "nhd:reach_code": null, "nhd:fdate": null, "location": null, "layer": null, "gnis:ftype": null, "gnis:fcode": null, "tiger:reviewed": null, "tiger:county": null, "tiger:cfcc": null, "substance": null, "tiger:upload_uuid": null, "tiger:tlid": null, "tiger:source": null, "path": null}, "geometry": {"type": "LineString", "coordinates": [[-121.558828, 37.757823], [-121.557822, 37.756977], [-121.531722, 37.74587], [-121.420728, 37.673224], [-121.416264, 37.736242], [-121.421071, 37.734477], [-121.420899, 37.746185], [-121.416307, 37.746151], [-121.416221, 37.753447], [-121.400514, 37.753243], [-121.377125, 37.753887], [-121.335068, 37.832565]]}},
{"type": "Feature", "properties": {"ProjectID": "P6250", "full_id": null, "osm_id": null, "osm_type": null, "man_made": null, "operator:wikidata": null, "bridge": null, "intermittent": null, "operator": null, "waterway": null, "tunnel": null, "name": null, "gnis:feature_id": null, "nhd:com_id": null, "pipe_type": null, "nhd:reach_code": null, "nhd:fdate": null, "location": null, "layer": null, "gnis:ftype": null, "gnis:fcode": null, "tiger:reviewed": null, "tiger:county": null, "tiger:cfcc": null, "substance": null, "tiger:upload_uuid": null, "tiger:tlid": null, "tiger:source": null, "path": null}, "geometry": {"type": "LineString", "coordinates": [[-122.096279, 37.386049], [-122.111149, 37.370157], [-122.111921, 37.370379]]}},
{"type": "Feature", "properties": {"ProjectID": "P6250", "full_id": null, "osm_id": null, "osm_type": null, "man_made": null, "operator:wikidata": null, "bridge": null, "intermittent": null, "operator": null, "waterway": null, "tunnel": null, "name": null, "gnis:feature_id": null, "nhd:com_id": null, "pipe_type": null, "nhd:reach_code": null, "nhd:fdate": null, "location": null, "layer": null, "gnis:ftype": null, "gnis:fcode": null, "tiger:reviewed": null, "tiger:county": null, "tiger:cfcc": null, "substance": null, "tiger:upload_uuid": null, "tiger:tlid": null, "tiger:source": null, "path": null}, "geometry": {"type": "LineString", "coordinates": [[-121.963284, 37.401631], [-121.950431, 37.382878], [-121.950345, 37.369918], [-121.945581, 37.370225], [-121.945496, 37.369066]]}},
{"type": "Feature", "properties": {"ProjectID": "P6250", "full_id": null, "osm_id": null, "osm_type": null, "man_made": null, "operator:wikidata": null, "bridge": null, "intermittent": null, "operator": null, "waterway": null, "tunnel": null, "name": null, "gnis:feature_id": null, "nhd:com_id": null, "pipe_type": null, "nhd:reach_code": null, "nhd:fdate": null, "location": null, "layer": null, "gnis:ftype": null, "gnis:fcode": null, "tiger:reviewed": null, "tiger:county": null, "tiger:cfcc": null, "substance": null, "tiger:upload_uuid": null, "tiger:tlid": null, "tiger:source": null, "path": null}, "geometry": {"type": "LineString", "coordinates": [[-122.071066, 37.596824], [-122.066689, 37.598252], [-122.06377, 37.598388], [-122.060595, 37.598864], [-122.057161, 37.597164]]}},
{"type": "Feature", "properties": {"ProjectID": "P6250", "full_id": null, "osm_id": null, "osm_type": null, "man_made": null, "operator:wikidata": null, "bridge": null, "intermittent": null, "operator": null, "waterway": null, "tunnel": null, "name": null, "gnis:feature_id": null, "nhd:com_id": null, "pipe_type": null, "nhd:reach_code": null, "nhd:fdate": null, "location": null, "layer": null, "gnis:ftype": null, "gnis:fcode": null, "tiger:reviewed": null, "tiger:county": null, "tiger:cfcc": null, "substance": null, "tiger:upload_uuid": null, "tiger:tlid": null, "tiger:source": null, "path": null}, "geometry": {"type": "LineString", "coordinates": [[-121.651617, 36.672829], [-121.6626, 36.624348], [-121.684573, 36.595686], [-121.725772, 36.56922], [-121.79993, 36.56922], [-121.852115, 36.582454], [-121.882327, 36.591276], [-121.909793, 36.582454], [-121.918033, 36.560396], [-121.907046, 36.533918]]}},
{"type": "Feature", "properties": {"ProjectID": "P6250", "full_id": null, "osm_id": null, "osm_type": null, "man_made": null, "operator:wikidata": null, "bridge": null, "intermittent": null, "operator": null, "waterway": null, "tunnel": null, "name": null, "gnis:feature_id": null, "nhd:com_id": null, "pipe_type": null, "nhd:reach_code": null, "nhd:fdate": null, "location": null, "layer": null, "gnis:ftype": null, "gnis:fcode": null, "tiger:reviewed": null, "tiger:county": null, "tiger:cfcc": null, "substance": null, "tiger:upload_uuid": null, "tiger:tlid": null, "tiger:source": null, "path": null}, "geometry": {"type": "LineString", "coordinates": [[-121.382704, 38.65976], [-121.382876, 38.647243], [-121.383991, 38.646238], [-121.386223, 38.646439], [-121.387339, 38.646707], [-121.388111, 38.643557], [-121.386566, 38.643288], [-121.385193, 38.642618]]}},
{"type": "Feature", "properties": {"ProjectID": "P6250", "full_id": null, "osm_id": null, "osm_type": null, "man_made": null, "operator:wikidata": null, "bridge": null, "intermittent": null, "operator": null, "waterway": null, "tunnel": null, "name": null, "gnis:feature_id": null, "nhd:com_id": null, "pipe_type": null, "nhd:reach_code": null, "nhd:fdate": null, "location": null, "layer": null, "gnis:ftype": null, "gnis:fcode": null, "tiger:reviewed": null, "tiger:county": null, "tiger:cfcc": null, "substance": null, "tiger:upload_uuid": null, "tiger:tlid": null, "tiger:source": null, "path": null}, "geometry": {"type": "LineString", "coordinates": [[-121.744095, 38.23846], [-121.748046, 38.238925], [-121.752033, 38.239394]]}},
{"type": "Feature", "properties": {"ProjectID": "P6250", "full_id": null, "osm_id": null, "osm_type": null, "man_made": null, "operator:wikidata": null, "bridge": null, "intermittent": null, "operator": null, "waterway": null, "tunnel": null, "name": null, "gnis:feature_id": null, "nhd:com_id": null, "pipe_type": null, "nhd:reach_code": null, "nhd:fdate": null, "location": null, "layer": null, "gnis:ftype": null, "gnis:fcode": null, "tiger:reviewed": null, "tiger:county": null, "tiger:cfcc": null, "substance": null, "tiger:upload_uuid": null, "tiger:tlid": null, "tiger:source": null, "path": null}, "geometry": {"type": "LineString", "coordinates": [[-122.08047, 38.228808], [-122.072096, 38.228607], [-122.070294, 38.229348], [-122.054157, 38.234944], [-122.053471, 38.236427], [-122.050896, 38.239866], [-122.050369, 38.24264], [-122.043128, 38.242865]]}},
{"type": "Feature", "properties": {"ProjectID": "P6250", "full_id": null, "osm_id": null, "osm_type": null, "man_made": null, "operator:wikidata": null, "bridge": null, "intermittent": null, "operator": null, "waterway": null, "tunnel": null, "name": null, "gnis:feature_id": null, "nhd:com_id": null, "pipe_type": null, "nhd:reach_code": null, "nhd:fdate": null, "location": null, "layer": null, "gnis:ftype": null, "gnis:fcode": null, "tiger:reviewed": null, "tiger:county": null, "tiger:cfcc": null, "substance": null, "tiger:upload_uuid": null, "tiger:tlid": null, "tiger:source": null, "path": null}, "geometry": {"type": "LineString", "coordinates": [[-121.162721, 37.751173], [-121.139375, 37.751173], [-121.085833, 37.713678]]}},
{"type": "Feature", "properties": {"ProjectID": "P6250", "full_id": null, "osm_id": null, "osm_type": null, "man_made": null, "operator:wikidata": null, "bridge": null, "intermittent": null, "operator": null, "waterway": null, "tunnel": null, "name": null, "gnis:feature_id": null, "nhd:com_id": null, "pipe_type": null, "nhd:reach_code": null, "nhd:fdate": null, "location": null, "layer": null, "gnis:ftype": null, "gnis:fcode": null, "tiger:reviewed": null, "tiger:county": null, "tiger:cfcc": null, "substance": null, "tiger:upload_uuid": null, "tiger:tlid": null, "tiger:source": null, "path": null}, "geometry": {"type": "LineString", "coordinates": [[-121.565437, 38.578769], [-121.555739, 38.579176], [-121.530247, 38.580245], [-121.530504, 38.579104], [-121.526041, 38.579239], [-121.52445, 38.57513], [-121.523861, 38.57361], [-121.523209, 38.571924], [-121.5275, 38.563737], [-121.52853, 38.564073], [-121.529732, 38.5632], [-121.537457, 38.563133], [-121.537886, 38.552461], [-121.559, 38.552327], [-121.559, 38.551186]]}},
{"type": "Feature", "properties": {"ProjectID": "P6250", "full_id": null, "osm_id": null, "osm_type": null, "man_made": null, "operator:wikidata": null, "bridge": null, "intermittent": null, "operator": null, "waterway": null, "tunnel": null, "name": null, "gnis:feature_id": null, "nhd:com_id": null, "pipe_type": null, "nhd:reach_code": null, "nhd:fdate": null, "location": null, "layer": null, "gnis:ftype": null, "gnis:fcode": null, "tiger:reviewed": null, "tiger:county": null, "tiger:cfcc": null, "substance": null, "tiger:upload_uuid": null, "tiger:tlid": null, "tiger:source": null, "path": null}, "geometry": {"type": "LineString", "coordinates": [[-121.94367, 37.488232], [-121.935196, 37.490047], [-121.936398, 37.493792]]}},
{"type": "Feature", "properties": {"ProjectID": "P6250", "full_id": null, "osm_id": null, "osm_type": null, "man_made": null, "operator:wikidata": null, "bridge": null, "intermittent": null, "operator": null, "waterway": null, "tunnel": null, "name": null, "gnis:feature_id": null, "nhd:com_id": null, "pipe_type": null, "nhd:reach_code": null, "nhd:fdate": null, "location": null, "layer": null, "gnis:ftype": null, "gnis:fcode": null, "tiger:reviewed": null, "tiger:county": null, "tiger:cfcc": null, "substance": null, "tiger:upload_uuid": null, "tiger:tlid": null, "tiger:source": null, "path": null}, "geometry": {"type": "LineString", "coordinates": [[-121.214906, 37.692515], [-121.201859, 37.667517], [-121.188813, 37.638161], [-121.157227, 37.616951], [-121.129761, 37.606073], [-120.993813, 37.605774], [-120.964277, 37.60571], [-120.881882, 37.605529], [-120.861283, 37.587031], [-120.878449, 37.546756], [-120.890122, 37.542945], [-120.964277, 37.60571]]}},
{"type": "Feature", "properties": {"ProjectID": "P6250", "full_id": null, "osm_id": null, "osm_type": null, "man_made": null, "operator:wikidata": null, "bridge": null, "intermittent": null, "operator": null, "waterway": null, "tunnel": null, "name": null, "gnis:feature_id": null, "nhd:com_id": null, "pipe_type": null, "nhd:reach_code": null, "nhd:fdate": null, "location": null, "layer": null, "gnis:ftype": null, "gnis:fcode": null, "tiger:reviewed": null, "tiger:county": null, "tiger:cfcc": null, "substance": null, "tiger:upload_uuid": null, "tiger:tlid": null, "tiger:source": null, "path": null}, "geometry": {"type": "LineString", "coordinates": [[-121.985149, 38.355186], [-121.980257, 38.355186], [-121.978283, 38.354446], [-121.975966, 38.353907], [-121.976137, 38.349734], [-121.9697, 38.340108], [-121.97073, 38.325363]]}},
{"type": "Feature", "properties": {"ProjectID": "P6250", "full_id": null, "osm_id": null, "osm_type": null, "man_made": null, "operator:wikidata": null, "bridge": null, "intermittent": null, "operator": null, "waterway": null, "tunnel": null, "name": null, "gnis:feature_id": null, "nhd:com_id": null, "pipe_type": null, "nhd:reach_code": null, "nhd:fdate": null, "location": null, "layer": null, "gnis:ftype": null, "gnis:fcode": null, "tiger:reviewed": null, "tiger:county": null, "tiger:cfcc": null, "substance": null, "tiger:upload_uuid": null, "tiger:tlid": null, "tiger:source": null, "path": null}, "geometry": {"type": "LineString", "coordinates": [[-121.990643, 38.92997], [-121.989098, 38.930037], [-121.988926, 38.938382], [-122.003603, 38.957674], [-122.015963, 38.972689], [-122.017937, 38.972756], [-122.023687, 38.976826], [-122.023602, 38.994773], [-122.035446, 39.013449], [-122.054672, 39.012648]]}},
{"type": "Feature", "properties": {"ProjectID": "P6250", "full_id": null, "osm_id": null, "osm_type": null, "man_made": null, "operator:wikidata": null, "bridge": null, "intermittent": null, "operator": null, "waterway": null, "tunnel": null, "name": null, "gnis:feature_id": null, "nhd:com_id": null, "pipe_type": null, "nhd:reach_code": null, "nhd:fdate": null, "location": null, "layer": null, "gnis:ftype": null, "gnis:fcode": null, "tiger:reviewed": null, "tiger:county": null, "tiger:cfcc": null, "substance": null, "tiger:upload_uuid": null, "tiger:tlid": null, "tiger:source": null, "path": null}, "geometry": {"type": "LineString", "coordinates": [[-121.746712, 38.683835], [-121.746726, 38.682764], [-121.746798, 38.677302], [-121.761131, 38.677336], [-121.761046, 38.67814], [-121.765423, 38.678073]]}},
{"type": "Feature", "properties": {"ProjectID": "P6250", "full_id": null, "osm_id": null, "osm_type": null, "man_made": null, "operator:wikidata": null, "bridge": null, "intermittent": null, "operator": null, "waterway": null, "tunnel": null, "name": null, "gnis:feature_id": null, "nhd:com_id": null, "pipe_type": null, "nhd:reach_code": null, "nhd:fdate": null, "location": null, "layer": null, "gnis:ftype": null, "gnis:fcode": null, "tiger:reviewed": null, "tiger:county": null, "tiger:cfcc": null, "substance": null, "tiger:upload_uuid": null, "tiger:tlid": null, "tiger:source": null, "path": null}, "geometry": {"type": "LineString", "coordinates": [[-121.373523, 36.839517], [-121.448367, 36.846661], [-121.495059, 36.829075], [-121.528018, 36.80049], [-121.607669, 36.774095], [-121.629641, 36.732283], [-121.651617, 36.672829], [-121.300054, 36.377072], [-121.23963, 36.346107], [-121.23963, 36.297423], [-121.138002, 36.207716], [-121.124269, 36.223228], [-121.114656, 36.253134], [-121.113283, 36.276387], [-121.080324, 36.296312], [-121.065217, 36.312913], [-121.047365, 36.338361], [-121.022645, 36.369329], [-121.013032, 36.37928], [-121.044618, 36.391441], [-121.067964, 36.409127], [-121.062471, 36.423494], [-121.056978, 36.437858], [-121.048738, 36.454428], [-121.066591, 36.477621], [-121.08307, 36.496391], [-121.096803, 36.506326], [-121.127016, 36.512949], [-121.158601, 36.537227], [-121.177827, 36.564807], [-121.186067, 36.59348], [-121.197053, 36.6023], [-121.220399, 36.62104], [-121.235506, 36.644183], [-121.271211, 36.700358], [-121.269741, 36.738588]]}},
{"type": "Feature", "properties": {"ProjectID": "P6250", "full_id": null, "osm_id": null, "osm_type": null, "man_made": null, "operator:wikidata": null, "bridge": null, "intermittent": null, "operator": null, "waterway": null, "tunnel": null, "name": null, "gnis:feature_id": null, "nhd:com_id": null, "pipe_type": null, "nhd:reach_code": null, "nhd:fdate": null, "location": null, "layer": null, "gnis:ftype": null, "gnis:fcode": null, "tiger:reviewed": null, "tiger:county": null, "tiger:cfcc": null, "substance": null, "tiger:upload_uuid": null, "tiger:tlid": null, "tiger:source": null, "path": null}, "geometry": {"type": "LineString", "coordinates": [[-122.257178, 40.140336], [-122.298389, 40.165265], [-122.305555, 40.16943], [-122.310147, 40.170446], [-122.321177, 40.178152], [-122.322979, 40.179529], [-122.328043, 40.180087], [-122.332506, 40.181169], [-122.343922, 40.185857], [-122.360745, 40.190283], [-122.375078, 40.199199], [-122.395334, 40.203985], [-122.416792, 40.20464], [-122.418251, 40.205493], [-122.421856, 40.205099], [-122.425547, 40.205952], [-122.428036, 40.20759], [-122.43413, 40.208836], [-122.439022, 40.211261], [-122.442284, 40.211982], [-122.443914, 40.213293], [-122.448893, 40.215194], [-122.453013, 40.215259], [-122.4646, 40.214276], [-122.482453, 40.218471], [-122.487259, 40.22319], [-122.496529, 40.226597], [-122.511292, 40.225549], [-122.525025, 40.225287], [-122.538071, 40.233412], [-122.544594, 40.236033], [-122.559014, 40.236819], [-122.57103, 40.237344], [-122.580986, 40.243371], [-122.593346, 40.241275], [-122.599182, 40.238916], [-122.604504, 40.245992], [-122.604847, 40.25097], [-122.607079, 40.254377], [-122.610169, 40.255949], [-122.614803, 40.256997], [-122.619953, 40.256997], [-122.624417, 40.255425], [-122.628193, 40.253591], [-122.630768, 40.252412], [-122.641926, 40.251101], [-122.651367, 40.252019], [-122.65892, 40.254508], [-122.661324, 40.255425], [-122.67849, 40.256473], [-122.688275, 40.259748], [-122.693768, 40.260927], [-122.704582, 40.259879], [-122.714024, 40.260665], [-122.72604, 40.266036], [-122.72913, 40.268917], [-122.741146, 40.272454], [-122.747669, 40.274549], [-122.758999, 40.282276], [-122.765179, 40.282276], [-122.776165, 40.282669], [-122.780457, 40.284109], [-122.782173, 40.295239], [-122.783375, 40.297989], [-122.787152, 40.301524], [-122.798653, 40.304927], [-122.811184, 40.306498], [-122.814961, 40.309771], [-122.817707, 40.312127], [-122.82217, 40.314221], [-122.824402, 40.31553], [-122.827664, 40.317101], [-122.832642, 40.31985], [-122.838822, 40.322991], [-122.843113, 40.324692], [-122.845774, 40.3296], [-122.850752, 40.340493], [-122.850945, 40.341883], [-122.85219, 40.343322], [-122.926031, 40.363293], [-123.002935, 40.380033], [-123.090826, 40.384217], [-123.178716, 40.421865], [-123.244634, 40.388401], [-123.299566, 40.405135], [-123.313296, 40.375846], [-123.349002, 40.38003], [-123.390201, 40.382123], [-123.442386, 40.398858], [-123.450625, 40.419771], [-123.469851, 40.442769], [-123.500064, 40.449039], [-123.52753, 40.469937], [-123.554995, 40.469937], [-123.585208, 40.492917], [-123.618167, 40.492917], [-123.648379, 40.48874], [-123.657304, 40.480904], [-123.653184, 40.467324], [-123.653184, 40.45374], [-123.65799, 40.444857], [-123.665543, 40.444857], [-123.671723, 40.439109], [-123.682709, 40.441722], [-123.693696, 40.451128], [-123.706056, 40.470981], [-123.714296, 40.481427], [-123.770601, 40.487694], [-123.818667, 40.472026], [-123.859866, 40.457399], [-123.903811, 40.484562], [-123.950503, 40.478294], [-123.983462, 40.501272], [-124.005435, 40.517977], [-124.022599, 40.518498], [-124.046634, 40.530504], [-124.082339, 40.545115], [-124.126284, 40.547202], [-124.15375, 40.597273], [-124.194949, 40.616039], [-124.222415, 40.622294], [-124.211429, 40.643138], [-124.197696, 40.688971], [-124.219668, 40.711876], [-124.219668, 40.736854], [-124.197696, 40.757662], [-124.16199, 40.772224], [-124.151004, 40.799259], [-124.112552, 40.807575], [-124.085086, 40.832517], [-124.079593, 40.859527], [-124.087832, 40.894832]]}},
{"type": "Feature", "properties": {"ProjectID": "P6250", "full_id": null, "osm_id": null, "osm_type": null, "man_made": null, "operator:wikidata": null, "bridge": null, "intermittent": null, "operator": null, "waterway": null, "tunnel": null, "name": null, "gnis:feature_id": null, "nhd:com_id": null, "pipe_type": null, "nhd:reach_code": null, "nhd:fdate": null, "location": null, "layer": null, "gnis:ftype": null, "gnis:fcode": null, "tiger:reviewed": null, "tiger:county": null, "tiger:cfcc": null, "substance": null, "tiger:upload_uuid": null, "tiger:tlid": null, "tiger:source": null, "path": null}, "geometry": {"type": "LineString", "coordinates": [[-120.196784, 36.193449], [-120.21103, 36.194962], [-120.270081, 36.195526]]}},
{"type": "Feature", "properties": {"ProjectID": "P6250", "full_id": null, "osm_id": null, "osm_type": null, "man_made": null, "operator:wikidata": null, "bridge": null, "intermittent": null, "operator": null, "waterway": null, "tunnel": null, "name": null, "gnis:feature_id": null, "nhd:com_id": null, "pipe_type": null, "nhd:reach_code": null, "nhd:fdate": null, "location": null, "layer": null, "gnis:ftype": null, "gnis:fcode": null, "tiger:reviewed": null, "tiger:county": null, "tiger:cfcc": null, "substance": null, "tiger:upload_uuid": null, "tiger:tlid": null, "tiger:source": null, "path": null}, "geometry": {"type": "LineString", "coordinates": [[-121.885157, 39.045186], [-121.848421, 39.044919]]}},
{"type": "Feature", "properties": {"ProjectID": "P6250", "full_id": null, "osm_id": null, "osm_type": null, "man_made": null, "operator:wikidata": null, "bridge": null, "intermittent": null, "operator": null, "waterway": null, "tunnel": null, "name": null, "gnis:feature_id": null, "nhd:com_id": null, "pipe_type": null, "nhd:reach_code": null, "nhd:fdate": null, "location": null, "layer": null, "gnis:ftype": null, "gnis:fcode": null, "tiger:reviewed": null, "tiger:county": null, "tiger:cfcc": null, "substance": null, "tiger:upload_uuid": null, "tiger:tlid": null, "tiger:source": null, "path": null}, "geometry": {"type": "LineString", "coordinates": [[-122.004976, 38.545749], [-122.001457, 38.545682], [-122.001367, 38.547139], [-122.001371, 38.548635], [-122.00223, 38.549911], [-122.00326, 38.550649], [-122.005109, 38.550782]]}},
{"type": "Feature", "properties": {"ProjectID": "P6250", "full_id": null, "osm_id": null, "osm_type": null, "man_made": null, "operator:wikidata": null, "bridge": null, "intermittent": null, "operator": null, "waterway": null, "tunnel": null, "name": null, "gnis:feature_id": null, "nhd:com_id": null, "pipe_type": null, "nhd:reach_code": null, "nhd:fdate": null, "location": null, "layer": null, "gnis:ftype": null, "gnis:fcode": null, "tiger:reviewed": null, "tiger:county": null, "tiger:cfcc": null, "substance": null, "tiger:upload_uuid": null, "tiger:tlid": null, "tiger:source": null, "path": null}, "geometry": {"type": "LineString", "coordinates": [[-119.110422, 35.296213], [-119.249873, 35.369429]]}},
{"type": "Feature", "properties": {"ProjectID": "P6250", "full_id": null, "osm_id": null, "osm_type": null, "man_made": null, "operator:wikidata": null, "bridge": null, "intermittent": null, "operator": null, "waterway": null, "tunnel": null, "name": null, "gnis:feature_id": null, "nhd:com_id": null, "pipe_type": null, "nhd:reach_code": null, "nhd:fdate": null, "location": null, "layer": null, "gnis:ftype": null, "gnis:fcode": null, "tiger:reviewed": null, "tiger:county": null, "tiger:cfcc": null, "substance": null, "tiger:upload_uuid": null, "tiger:tlid": null, "tiger:source": null, "path": null}, "geometry": {"type": "LineString", "coordinates": [[-121.736465, 37.761695], [-121.735854, 37.760775], [-121.734781, 37.755482], [-121.734395, 37.75426], [-121.732975, 37.752429]]}},
{"type": "Feature", "properties": {"ProjectID": "P6250", "full_id": null, "osm_id": null, "osm_type": null, "man_made": null, "operator:wikidata": null, "bridge": null, "intermittent": null, "operator": null, "waterway": null, "tunnel": null, "name": null, "gnis:feature_id": null, "nhd:com_id": null, "pipe_type": null, "nhd:reach_code": null, "nhd:fdate": null, "location": null, "layer": null, "gnis:ftype": null, "gnis:fcode": null, "tiger:reviewed": null, "tiger:county": null, "tiger:cfcc": null, "substance": null, "tiger:upload_uuid": null, "tiger:tlid": null, "tiger:source": null, "path": null}, "geometry": {"type": "LineString", "coordinates": [[-121.950992, 36.989393], [-122.003177, 36.963063], [-122.060855, 36.956479], [-122.129519, 36.969646], [-122.184451, 37.004748], [-122.220157, 37.031064]]}},
{"type": "Feature", "properties": {"ProjectID": "P6250", "full_id": null, "osm_id": null, "osm_type": null, "man_made": null, "operator:wikidata": null, "bridge": null, "intermittent": null, "operator": null, "waterway": null, "tunnel": null, "name": null, "gnis:feature_id": null, "nhd:com_id": null, "pipe_type": null, "nhd:reach_code": null, "nhd:fdate": null, "location": null, "layer": null, "gnis:ftype": null, "gnis:fcode": null, "tiger:reviewed": null, "tiger:county": null, "tiger:cfcc": null, "substance": null, "tiger:upload_uuid": null, "tiger:tlid": null, "tiger:source": null, "path": null}, "geometry": {"type": "LineString", "coordinates": [[-121.497631, 38.61278], [-121.48304, 38.612645], [-121.479693, 38.611639], [-121.479521, 38.6162], [-121.461754, 38.61573], [-121.461668, 38.617005], [-121.446133, 38.616535], [-121.443815, 38.61506], [-121.445103, 38.61392], [-121.446819, 38.614926], [-121.461625, 38.61516], [-121.461754, 38.61573]]}},
{"type": "Feature", "properties": {"ProjectID": "P6250", "full_id": null, "osm_id": null, "osm_type": null, "man_made": null, "operator:wikidata": null, "bridge": null, "intermittent": null, "operator": null, "waterway": null, "tunnel": null, "name": null, "gnis:feature_id": null, "nhd:com_id": null, "pipe_type": null, "nhd:reach_code": null, "nhd:fdate": null, "location": null, "layer": null, "gnis:ftype": null, "gnis:fcode": null, "tiger:reviewed": null, "tiger:county": null, "tiger:cfcc": null, "substance": null, "tiger:upload_uuid": null, "tiger:tlid": null, "tiger:source": null, "path": null}, "geometry": {"type": "LineString", "coordinates": [[-121.296444, 38.057706], [-121.294899, 38.020779], [-121.294798, 38.016581], [-121.294727, 38.013679], [-121.294212, 38.010704], [-121.308718, 38.007322], [-121.31155, 38.006443], [-121.312752, 38.005632], [-121.314211, 38.005632], [-121.326914, 38.002385], [-121.331978, 38.001168], [-121.333008, 38.001236], [-121.33421, 38.000559], [-121.336355, 38.000153], [-121.339359, 37.999883], [-121.341505, 38.000221], [-121.343823, 37.99995], [-121.346397, 38.000018], [-121.348028, 38.000492], [-121.350174, 38.000153], [-121.346397, 37.991157], [-121.347685, 37.988654], [-121.347857, 37.984257]]}},
{"type": "Feature", "properties": {"ProjectID": "P6250", "full_id": null, "osm_id": null, "osm_type": null, "man_made": null, "operator:wikidata": null, "bridge": null, "intermittent": null, "operator": null, "waterway": null, "tunnel": null, "name": null, "gnis:feature_id": null, "nhd:com_id": null, "pipe_type": null, "nhd:reach_code": null, "nhd:fdate": null, "location": null, "layer": null, "gnis:ftype": null, "gnis:fcode": null, "tiger:reviewed": null, "tiger:county": null, "tiger:cfcc": null, "substance": null, "tiger:upload_uuid": null, "tiger:tlid": null, "tiger:source": null, "path": null}, "geometry": {"type": "LineString", "coordinates": [[-122.078533, 39.145439], [-122.078877, 39.115411], [-122.121277, 39.115678], [-122.126427, 39.123735], [-122.123423, 39.124734]]}},
{"type": "Feature", "properties": {"ProjectID": "P6250", "full_id": null, "osm_id": null, "osm_type": null, "man_made": null, "operator:wikidata": null, "bridge": null, "intermittent": null, "operator": null, "waterway": null, "tunnel": null, "name": null, "gnis:feature_id": null, "nhd:com_id": null, "pipe_type": null, "nhd:reach_code": null, "nhd:fdate": null, "location": null, "layer": null, "gnis:ftype": null, "gnis:fcode": null, "tiger:reviewed": null, "tiger:county": null, "tiger:cfcc": null, "substance": null, "tiger:upload_uuid": null, "tiger:tlid": null, "tiger:source": null, "path": null}, "geometry": {"type": "LineString", "coordinates": [[-122.360144, 37.921147], [-122.360015, 37.916779], [-122.359242, 37.909432]]}},
{"type": "Feature", "properties": {"ProjectID": "P6250", "full_id": null, "osm_id": null, "osm_type": null, "man_made": null, "operator:wikidata": null, "bridge": null, "intermittent": null, "operator": null, "waterway": null, "tunnel": null, "name": null, "gnis:feature_id": null, "nhd:com_id": null, "pipe_type": null, "nhd:reach_code": null, "nhd:fdate": null, "location": null, "layer": null, "gnis:ftype": null, "gnis:fcode": null, "tiger:reviewed": null, "tiger:county": null, "tiger:cfcc": null, "substance": null, "tiger:upload_uuid": null, "tiger:tlid": null, "tiger:source": null, "path": null}, "geometry": {"type": "LineString", "coordinates": [[-121.102296, 37.309015], [-121.006167, 37.311201], [-121.008914, 37.247823], [-121.084443, 37.241262]]}},
{"type": "Feature", "properties": {"ProjectID": "P6250", "full_id": null, "osm_id": null, "osm_type": null, "man_made": null, "operator:wikidata": null, "bridge": null, "intermittent": null, "operator": null, "waterway": null, "tunnel": null, "name": null, "gnis:feature_id": null, "nhd:com_id": null, "pipe_type": null, "nhd:reach_code": null, "nhd:fdate": null, "location": null, "layer": null, "gnis:ftype": null, "gnis:fcode": null, "tiger:reviewed": null, "tiger:county": null, "tiger:cfcc": null, "substance": null, "tiger:upload_uuid": null, "tiger:tlid": null, "tiger:source": null, "path": null}, "geometry": {"type": "LineString", "coordinates": [[-122.525969, 37.970946], [-122.534916, 37.971809], [-122.538307, 37.973077], [-122.538071, 37.974109], [-122.538714, 37.974227], [-122.538435, 37.975276], [-122.537062, 37.978219], [-122.539315, 37.979116], [-122.54204, 37.980706], [-122.541332, 37.981771], [-122.540367, 37.983226], [-122.540302, 37.98424], [-122.540667, 37.984663], [-122.540646, 37.985204], [-122.541354, 37.985509], [-122.541461, 37.98583], [-122.541161, 37.986676], [-122.542062, 37.98698], [-122.539787, 37.988654], [-122.54071, 37.989348], [-122.54071, 37.99021], [-122.540345, 37.990227], [-122.539036, 37.991648], [-122.538564, 37.992814], [-122.538478, 37.993085], [-122.538167, 37.993026], [-122.53806, 37.993533], [-122.538425, 37.993542], [-122.5388, 37.993508], [-122.539197, 37.993719], [-122.539669, 37.993364], [-122.540281, 37.993914], [-122.540796, 37.994818], [-122.540903, 37.996239], [-122.541085, 37.997236], [-122.541568, 37.99875], [-122.542609, 38.001844], [-122.542706, 38.002453], [-122.54233, 38.003383], [-122.54174, 38.004397], [-122.54174, 38.005547], [-122.542083, 38.006046], [-122.543188, 38.006139], [-122.544798, 38.006443], [-122.543961, 38.007356], [-122.542781, 38.007906], [-122.542416, 38.008252], [-122.542212, 38.009174], [-122.542384, 38.012073], [-122.542276, 38.014541], [-122.540023, 38.020255], [-122.541826, 38.022554], [-122.541697, 38.022808], [-122.544444, 38.024667], [-122.545924, 38.028369], [-122.545087, 38.030059], [-122.543156, 38.035129], [-122.538371, 38.045083], [-122.537749, 38.045033], [-122.536912, 38.045033], [-122.536161, 38.04532], [-122.536247, 38.045675], [-122.536526, 38.045962], [-122.536891, 38.046249], [-122.536569, 38.046503], [-122.535324, 38.04701], [-122.533929, 38.047905], [-122.532921, 38.049663], [-122.532578, 38.051099], [-122.532706, 38.052248], [-122.531569, 38.053498], [-122.532771, 38.057553], [-122.533758, 38.058888], [-122.535818, 38.061659], [-122.536676, 38.061912], [-122.538285, 38.062182], [-122.540967, 38.06345], [-122.541268, 38.064007], [-122.541869, 38.063838], [-122.542148, 38.064311], [-122.541783, 38.064514], [-122.542298, 38.068957], [-122.543092, 38.068805], [-122.544079, 38.068737], [-122.54498, 38.068754], [-122.54528, 38.06867], [-122.545645, 38.069008], [-122.546353, 38.069193], [-122.546117, 38.069835], [-122.546182, 38.070308], [-122.546568, 38.070545], [-122.548864, 38.070815], [-122.549765, 38.071035], [-122.552362, 38.071001], [-122.552876, 38.072386], [-122.553992, 38.073805], [-122.554529, 38.075748], [-122.555451, 38.076896], [-122.556524, 38.077572], [-122.557876, 38.07921], [-122.558573, 38.08144], [-122.558123, 38.0816], [-122.557726, 38.082022], [-122.558198, 38.082377], [-122.558928, 38.083745], [-122.56132, 38.085679], [-122.558359, 38.088339], [-122.559217, 38.088575], [-122.560312, 38.089015], [-122.561867, 38.090357], [-122.56249, 38.091007], [-122.562629, 38.091742], [-122.562178, 38.093321], [-122.56205, 38.09414], [-122.562307, 38.094883], [-122.563766, 38.096301], [-122.565011, 38.097492], [-122.564549, 38.097745], [-122.56721, 38.100143], [-122.569592, 38.102456], [-122.570289, 38.103731], [-122.570611, 38.104922], [-122.569549, 38.105656], [-122.569249, 38.105977], [-122.56839, 38.109328], [-122.569388, 38.109573], [-122.567081, 38.116124], [-122.56824, 38.116157], [-122.566974, 38.119449], [-122.566995, 38.12475], [-122.566996, 38.125003]]}},
{"type": "Feature", "properties": {"ProjectID": "P6250", "full_id": null, "osm_id": null, "osm_type": null, "man_made": null, "operator:wikidata": null, "bridge": null, "intermittent": null, "operator": null, "waterway": null, "tunnel": null, "name": null, "gnis:feature_id": null, "nhd:com_id": null, "pipe_type": null, "nhd:reach_code": null, "nhd:fdate": null, "location": null, "layer": null, "gnis:ftype": null, "gnis:fcode": null, "tiger:reviewed": null, "tiger:county": null, "tiger:cfcc": null, "substance": null, "tiger:upload_uuid": null, "tiger:tlid": null, "tiger:source": null, "path": null}, "geometry": {"type": "LineString", "coordinates": [[-121.723366, 38.172758], [-121.707487, 38.160004], [-121.706543, 38.162231], [-121.699934, 38.172556], [-121.702166, 38.172758], [-121.704912, 38.174377]]}},
{"type": "Feature", "properties": {"ProjectID": "P6250", "full_id": null, "osm_id": null, "osm_type": null, "man_made": null, "operator:wikidata": null, "bridge": null, "intermittent": null, "operator": null, "waterway": null, "tunnel": null, "name": null, "gnis:feature_id": null, "nhd:com_id": null, "pipe_type": null, "nhd:reach_code": null, "nhd:fdate": null, "location": null, "layer": null, "gnis:ftype": null, "gnis:fcode": null, "tiger:reviewed": null, "tiger:county": null, "tiger:cfcc": null, "substance": null, "tiger:upload_uuid": null, "tiger:tlid": null, "tiger:source": null, "path": null}, "geometry": {"type": "LineString", "coordinates": [[-121.858232, 37.386323], [-121.869279, 37.372886], [-121.877518, 37.37616], [-121.883012, 37.371249]]}},
{"type": "Feature", "properties": {"ProjectID": "P6250", "full_id": null, "osm_id": null, "osm_type": null, "man_made": null, "operator:wikidata": null, "bridge": null, "intermittent": null, "operator": null, "waterway": null, "tunnel": null, "name": null, "gnis:feature_id": null, "nhd:com_id": null, "pipe_type": null, "nhd:reach_code": null, "nhd:fdate": null, "location": null, "layer": null, "gnis:ftype": null, "gnis:fcode": null, "tiger:reviewed": null, "tiger:county": null, "tiger:cfcc": null, "substance": null, "tiger:upload_uuid": null, "tiger:tlid": null, "tiger:source": null, "path": null}, "geometry": {"type": "LineString", "coordinates": [[-121.300564, 38.155381], [-121.306658, 38.15582], [-121.307173, 38.157034], [-121.315842, 38.158384], [-121.31567, 38.164053], [-121.312065, 38.165538], [-121.307001, 38.169114], [-121.172848, 38.171274]]}},
{"type": "Feature", "properties": {"ProjectID": "P6250", "full_id": null, "osm_id": null, "osm_type": null, "man_made": null, "operator:wikidata": null, "bridge": null, "intermittent": null, "operator": null, "waterway": null, "tunnel": null, "name": null, "gnis:feature_id": null, "nhd:com_id": null, "pipe_type": null, "nhd:reach_code": null, "nhd:fdate": null, "location": null, "layer": null, "gnis:ftype": null, "gnis:fcode": null, "tiger:reviewed": null, "tiger:county": null, "tiger:cfcc": null, "substance": null, "tiger:upload_uuid": null, "tiger:tlid": null, "tiger:source": null, "path": null}, "geometry": {"type": "LineString", "coordinates": [[-122.237484, 37.77597], [-122.236161, 37.775769], [-122.229338, 37.772716], [-122.22908, 37.773089], [-122.228136, 37.772886], [-122.227321, 37.774921], [-122.217794, 37.771359], [-122.216721, 37.770783], [-122.19552, 37.752598], [-122.179553, 37.739347], [-122.167754, 37.729554], [-122.166123, 37.728774], [-122.164278, 37.728197], [-122.158141, 37.718862], [-122.150416, 37.713464], [-122.148914, 37.713396], [-122.147713, 37.711631], [-122.151017, 37.710646], [-122.173848, 37.701173], [-122.179427, 37.70939], [-122.1802, 37.709119], [-122.18535, 37.716554], [-122.188997, 37.731896], [-122.189598, 37.732643], [-122.190113, 37.732541], [-122.190285, 37.730946], [-122.201614, 37.726228]]}},
{"type": "Feature", "properties": {"ProjectID": "P6250", "full_id": null, "osm_id": null, "osm_type": null, "man_made": null, "operator:wikidata": null, "bridge": null, "intermittent": null, "operator": null, "waterway": null, "tunnel": null, "name": null, "gnis:feature_id": null, "nhd:com_id": null, "pipe_type": null, "nhd:reach_code": null, "nhd:fdate": null, "location": null, "layer": null, "gnis:ftype": null, "gnis:fcode": null, "tiger:reviewed": null, "tiger:county": null, "tiger:cfcc": null, "substance": null, "tiger:upload_uuid": null, "tiger:tlid": null, "tiger:source": null, "path": null}, "geometry": {"type": "LineString", "coordinates": [[-122.33036, 37.914646], [-122.330963, 37.91466], [-122.332549, 37.914545], [-122.333407, 37.913123]]}},
{"type": "Feature", "properties": {"ProjectID": "P6250", "full_id": null, "osm_id": null, "osm_type": null, "man_made": null, "operator:wikidata": null, "bridge": null, "intermittent": null, "operator": null, "waterway": null, "tunnel": null, "name": null, "gnis:feature_id": null, "nhd:com_id": null, "pipe_type": null, "nhd:reach_code": null, "nhd:fdate": null, "location": null, "layer": null, "gnis:ftype": null, "gnis:fcode": null, "tiger:reviewed": null, "tiger:county": null, "tiger:cfcc": null, "substance": null, "tiger:upload_uuid": null, "tiger:tlid": null, "tiger:source": null, "path": null}, "geometry": {"type": "LineString", "coordinates": [[-122.153468, 38.213052], [-122.152348, 38.215255], [-122.146683, 38.219369], [-122.147884, 38.221257]]}},
{"type": "Feature", "properties": {"ProjectID": "P6250", "full_id": null, "osm_id": null, "osm_type": null, "man_made": null, "operator:wikidata": null, "bridge": null, "intermittent": null, "operator": null, "waterway": null, "tunnel": null, "name": null, "gnis:feature_id": null, "nhd:com_id": null, "pipe_type": null, "nhd:reach_code": null, "nhd:fdate": null, "location": null, "layer": null, "gnis:ftype": null, "gnis:fcode": null, "tiger:reviewed": null, "tiger:county": null, "tiger:cfcc": null, "substance": null, "tiger:upload_uuid": null, "tiger:tlid": null, "tiger:source": null, "path": null}, "geometry": {"type": "LineString", "coordinates": [[-122.143228, 37.421538], [-122.155931, 37.40642], [-122.158849, 37.408619], [-122.161081, 37.41017], [-122.159793, 37.411602]]}},
{"type": "Feature", "properties": {"ProjectID": "P6250", "full_id": null, "osm_id": null, "osm_type": null, "man_made": null, "operator:wikidata": null, "bridge": null, "intermittent": null, "operator": null, "waterway": null, "tunnel": null, "name": null, "gnis:feature_id": null, "nhd:com_id": null, "pipe_type": null, "nhd:reach_code": null, "nhd:fdate": null, "location": null, "layer": null, "gnis:ftype": null, "gnis:fcode": null, "tiger:reviewed": null, "tiger:county": null, "tiger:cfcc": null, "substance": null, "tiger:upload_uuid": null, "tiger:tlid": null, "tiger:source": null, "path": null}, "geometry": {"type": "LineString", "coordinates": [[-121.646805, 38.139282], [-121.61425, 38.157244], [-121.614018, 38.157372], [-121.61425, 38.157244]]}},
{"type": "Feature", "properties": {"ProjectID": "P6250", "full_id": null, "osm_id": null, "osm_type": null, "man_made": null, "operator:wikidata": null, "bridge": null, "intermittent": null, "operator": null, "waterway": null, "tunnel": null, "name": null, "gnis:feature_id": null, "nhd:com_id": null, "pipe_type": null, "nhd:reach_code": null, "nhd:fdate": null, "location": null, "layer": null, "gnis:ftype": null, "gnis:fcode": null, "tiger:reviewed": null, "tiger:county": null, "tiger:cfcc": null, "substance": null, "tiger:upload_uuid": null, "tiger:tlid": null, "tiger:source": null, "path": null}, "geometry": {"type": "LineString", "coordinates": [[-122.097759, 37.886167], [-122.100077, 37.883999], [-122.096644, 37.877021], [-122.098703, 37.869365], [-122.098789, 37.867604], [-122.101793, 37.862386], [-122.101879, 37.859405], [-122.101793, 37.857101], [-122.103167, 37.856016], [-122.104111, 37.855542], [-122.104368, 37.853848], [-122.105141, 37.852289], [-122.1066, 37.85134], [-122.107716, 37.85012], [-122.107802, 37.848426], [-122.108746, 37.847342], [-122.109947, 37.847003], [-122.110205, 37.845579], [-122.112436, 37.843953], [-122.114925, 37.842597], [-122.118273, 37.842394], [-122.12059, 37.842123], [-122.123079, 37.841377], [-122.124968, 37.839954], [-122.126341, 37.838666]]}},
{"type": "Feature", "properties": {"ProjectID": "P6250", "full_id": null, "osm_id": null, "osm_type": null, "man_made": null, "operator:wikidata": null, "bridge": null, "intermittent": null, "operator": null, "waterway": null, "tunnel": null, "name": null, "gnis:feature_id": null, "nhd:com_id": null, "pipe_type": null, "nhd:reach_code": null, "nhd:fdate": null, "location": null, "layer": null, "gnis:ftype": null, "gnis:fcode": null, "tiger:reviewed": null, "tiger:county": null, "tiger:cfcc": null, "substance": null, "tiger:upload_uuid": null, "tiger:tlid": null, "tiger:source": null, "path": null}, "geometry": {"type": "LineString", "coordinates": [[-121.995535, 37.323008], [-121.995578, 37.309867], [-121.996136, 37.308092], [-121.995878, 37.305771], [-121.989784, 37.303552], [-121.980085, 37.302836], [-121.99266, 37.291194]]}},
{"type": "Feature", "properties": {"ProjectID": "P6250", "full_id": null, "osm_id": null, "osm_type": null, "man_made": null, "operator:wikidata": null, "bridge": null, "intermittent": null, "operator": null, "waterway": null, "tunnel": null, "name": null, "gnis:feature_id": null, "nhd:com_id": null, "pipe_type": null, "nhd:reach_code": null, "nhd:fdate": null, "location": null, "layer": null, "gnis:ftype": null, "gnis:fcode": null, "tiger:reviewed": null, "tiger:county": null, "tiger:cfcc": null, "substance": null, "tiger:upload_uuid": null, "tiger:tlid": null, "tiger:source": null, "path": null}, "geometry": {"type": "LineString", "coordinates": [[-122.181919, 37.425797], [-122.183633, 37.426224], [-122.184684, 37.426343], [-122.184191, 37.427076], [-122.185414, 37.427553]]}},
{"type": "Feature", "properties": {"ProjectID": "P6250", "full_id": null, "osm_id": null, "osm_type": null, "man_made": null, "operator:wikidata": null, "bridge": null, "intermittent": null, "operator": null, "waterway": null, "tunnel": null, "name": null, "gnis:feature_id": null, "nhd:com_id": null, "pipe_type": null, "nhd:reach_code": null, "nhd:fdate": null, "location": null, "layer": null, "gnis:ftype": null, "gnis:fcode": null, "tiger:reviewed": null, "tiger:county": null, "tiger:cfcc": null, "substance": null, "tiger:upload_uuid": null, "tiger:tlid": null, "tiger:source": null, "path": null}, "geometry": {"type": "LineString", "coordinates": [[-122.271137, 37.517691], [-122.268949, 37.515768], [-122.266438, 37.513692], [-122.263927, 37.511428], [-122.259657, 37.507751], [-122.256718, 37.505062], [-122.254572, 37.503377], [-122.250538, 37.506168], [-122.248092, 37.503411], [-122.24704, 37.502219], [-122.244916, 37.500823], [-122.242126, 37.498831], [-122.240603, 37.497861], [-122.239616, 37.497129], [-122.237942, 37.495359], [-122.236698, 37.493979], [-122.235432, 37.492975], [-122.234402, 37.492549], [-122.231462, 37.490064], [-122.23129, 37.489468], [-122.231183, 37.487459], [-122.225068, 37.487714], [-122.223372, 37.487612], [-122.222235, 37.487612], [-122.217708, 37.48785], [-122.218255, 37.486999], [-122.216216, 37.487101], [-122.214178, 37.487093], [-122.21112, 37.486582], [-122.210659, 37.487178], [-122.210562, 37.487748]]}},
{"type": "Feature", "properties": {"ProjectID": "P6250", "full_id": null, "osm_id": null, "osm_type": null, "man_made": null, "operator:wikidata": null, "bridge": null, "intermittent": null, "operator": null, "waterway": null, "tunnel": null, "name": null, "gnis:feature_id": null, "nhd:com_id": null, "pipe_type": null, "nhd:reach_code": null, "nhd:fdate": null, "location": null, "layer": null, "gnis:ftype": null, "gnis:fcode": null, "tiger:reviewed": null, "tiger:county": null, "tiger:cfcc": null, "substance": null, "tiger:upload_uuid": null, "tiger:tlid": null, "tiger:source": null, "path": null}, "geometry": {"type": "LineString", "coordinates": [[-122.155931, 37.40642], [-122.153893, 37.405312], [-122.149901, 37.405108], [-122.145309, 37.404222], [-122.14046, 37.401903], [-122.137799, 37.400131], [-122.134452, 37.398835], [-122.130032, 37.40071], [-122.12338, 37.410528], [-122.117887, 37.415334], [-122.116127, 37.4168], [-122.112007, 37.418981], [-122.098843, 37.410929], [-122.097995, 37.411602], [-122.096214, 37.411585], [-122.09306, 37.411487]]}},
{"type": "Feature", "properties": {"ProjectID": "P6250", "full_id": null, "osm_id": null, "osm_type": null, "man_made": null, "operator:wikidata": null, "bridge": null, "intermittent": null, "operator": null, "waterway": null, "tunnel": null, "name": null, "gnis:feature_id": null, "nhd:com_id": null, "pipe_type": null, "nhd:reach_code": null, "nhd:fdate": null, "location": null, "layer": null, "gnis:ftype": null, "gnis:fcode": null, "tiger:reviewed": null, "tiger:county": null, "tiger:cfcc": null, "substance": null, "tiger:upload_uuid": null, "tiger:tlid": null, "tiger:source": null, "path": null}, "geometry": {"type": "LineString", "coordinates": [[-122.053471, 38.759505], [-122.055874, 38.731121], [-122.006521, 38.736477], [-122.006521, 38.734402], [-121.954851, 38.735607], [-121.857691, 38.735674], [-121.858034, 38.743105], [-121.839538, 38.743072], [-121.839623, 38.742603], [-121.812459, 38.742367], [-121.781817, 38.742101], [-121.78216, 38.735072], [-121.621485, 38.734], [-121.619511, 38.736344], [-121.619425, 38.748595], [-121.59771, 38.74913]]}},
{"type": "Feature", "properties": {"ProjectID": "P6250", "full_id": null, "osm_id": null, "osm_type": null, "man_made": null, "operator:wikidata": null, "bridge": null, "intermittent": null, "operator": null, "waterway": null, "tunnel": null, "name": null, "gnis:feature_id": null, "nhd:com_id": null, "pipe_type": null, "nhd:reach_code": null, "nhd:fdate": null, "location": null, "layer": null, "gnis:ftype": null, "gnis:fcode": null, "tiger:reviewed": null, "tiger:county": null, "tiger:cfcc": null, "substance": null, "tiger:upload_uuid": null, "tiger:tlid": null, "tiger:source": null, "path": null}, "geometry": {"type": "LineString", "coordinates": [[-117.510627, 35.635118], [-117.603152, 35.639443], [-117.671817, 35.657298], [-117.674563, 35.701919]]}},
{"type": "Feature", "properties": {"ProjectID": "P6250", "full_id": null, "osm_id": null, "osm_type": null, "man_made": null, "operator:wikidata": null, "bridge": null, "intermittent": null, "operator": null, "waterway": null, "tunnel": null, "name": null, "gnis:feature_id": null, "nhd:com_id": null, "pipe_type": null, "nhd:reach_code": null, "nhd:fdate": null, "location": null, "layer": null, "gnis:ftype": null, "gnis:fcode": null, "tiger:reviewed": null, "tiger:county": null, "tiger:cfcc": null, "substance": null, "tiger:upload_uuid": null, "tiger:tlid": null, "tiger:source": null, "path": null}, "geometry": {"type": "LineString", "coordinates": [[-121.557627, 38.162703], [-121.535268, 38.162231], [-121.534667, 38.160915], [-121.53398, 38.160831]]}},
{"type": "Feature", "properties": {"ProjectID": "P6250", "full_id": null, "osm_id": null, "osm_type": null, "man_made": null, "operator:wikidata": null, "bridge": null, "intermittent": null, "operator": null, "waterway": null, "tunnel": null, "name": null, "gnis:feature_id": null, "nhd:com_id": null, "pipe_type": null, "nhd:reach_code": null, "nhd:fdate": null, "location": null, "layer": null, "gnis:ftype": null, "gnis:fcode": null, "tiger:reviewed": null, "tiger:county": null, "tiger:cfcc": null, "substance": null, "tiger:upload_uuid": null, "tiger:tlid": null, "tiger:source": null, "path": null}, "geometry": {"type": "LineString", "coordinates": [[-122.112694, 38.027473], [-122.112479, 38.026864], [-122.113509, 38.025614], [-122.116857, 38.025681], [-122.116857, 38.025107], [-122.118187, 38.024937], [-122.118316, 38.016587], [-122.115226, 38.016553], [-122.11544, 38.012259], [-122.116299, 38.012394]]}},
{"type": "Feature", "properties": {"ProjectID": "P6250", "full_id": null, "osm_id": null, "osm_type": null, "man_made": null, "operator:wikidata": null, "bridge": null, "intermittent": null, "operator": null, "waterway": null, "tunnel": null, "name": null, "gnis:feature_id": null, "nhd:com_id": null, "pipe_type": null, "nhd:reach_code": null, "nhd:fdate": null, "location": null, "layer": null, "gnis:ftype": null, "gnis:fcode": null, "tiger:reviewed": null, "tiger:county": null, "tiger:cfcc": null, "substance": null, "tiger:upload_uuid": null, "tiger:tlid": null, "tiger:source": null, "path": null}, "geometry": {"type": "LineString", "coordinates": [[-122.135696, 38.082419], [-122.133894, 38.079649], [-122.131491, 38.079582], [-122.127714, 38.073231], [-122.129688, 38.072555], [-122.12883, 38.071474], [-122.130203, 38.070798], [-122.128487, 38.069109]]}},
{"type": "Feature", "properties": {"ProjectID": "P6250", "full_id": null, "osm_id": null, "osm_type": null, "man_made": null, "operator:wikidata": null, "bridge": null, "intermittent": null, "operator": null, "waterway": null, "tunnel": null, "name": null, "gnis:feature_id": null, "nhd:com_id": null, "pipe_type": null, "nhd:reach_code": null, "nhd:fdate": null, "location": null, "layer": null, "gnis:ftype": null, "gnis:fcode": null, "tiger:reviewed": null, "tiger:county": null, "tiger:cfcc": null, "substance": null, "tiger:upload_uuid": null, "tiger:tlid": null, "tiger:source": null, "path": null}, "geometry": {"type": "LineString", "coordinates": [[-122.031069, 39.406389], [-122.021713, 39.410534], [-122.012658, 39.410136], [-122.008109, 39.412258]]}},
{"type": "Feature", "properties": {"ProjectID": "P6250", "full_id": null, "osm_id": null, "osm_type": null, "man_made": null, "operator:wikidata": null, "bridge": null, "intermittent": null, "operator": null, "waterway": null, "tunnel": null, "name": null, "gnis:feature_id": null, "nhd:com_id": null, "pipe_type": null, "nhd:reach_code": null, "nhd:fdate": null, "location": null, "layer": null, "gnis:ftype": null, "gnis:fcode": null, "tiger:reviewed": null, "tiger:county": null, "tiger:cfcc": null, "substance": null, "tiger:upload_uuid": null, "tiger:tlid": null, "tiger:source": null, "path": null}, "geometry": {"type": "LineString", "coordinates": [[-122.079048, 39.101025], [-122.078877, 39.079841], [-122.073419, 39.071501], [-122.035446, 39.013449], [-122.050896, 39.00758], [-122.069994, 39.007401], [-122.079392, 39.007313], [-122.079392, 39.012648], [-122.089176, 39.012382], [-122.090378, 39.013449]]}},
{"type": "Feature", "properties": {"ProjectID": "P6250", "full_id": null, "osm_id": null, "osm_type": null, "man_made": null, "operator:wikidata": null, "bridge": null, "intermittent": null, "operator": null, "waterway": null, "tunnel": null, "name": null, "gnis:feature_id": null, "nhd:com_id": null, "pipe_type": null, "nhd:reach_code": null, "nhd:fdate": null, "location": null, "layer": null, "gnis:ftype": null, "gnis:fcode": null, "tiger:reviewed": null, "tiger:county": null, "tiger:cfcc": null, "substance": null, "tiger:upload_uuid": null, "tiger:tlid": null, "tiger:source": null, "path": null}, "geometry": {"type": "LineString", "coordinates": [[-122.283626, 37.824091], [-122.277789, 37.823006], [-122.284012, 37.805953], [-122.281909, 37.805444], [-122.284055, 37.799917], [-122.283158, 37.799568], [-122.271106, 37.794881], [-122.267661, 37.793542], [-122.268133, 37.792626], [-122.268519, 37.791948], [-122.268262, 37.791642], [-122.267661, 37.791541], [-122.266846, 37.79188], [-122.261224, 37.790761], [-122.259679, 37.790015], [-122.258306, 37.789438], [-122.255688, 37.789133], [-122.253027, 37.78859], [-122.250924, 37.788149], [-122.248349, 37.787301], [-122.243199, 37.784588], [-122.242599, 37.780721], [-122.23938, 37.780857], [-122.239208, 37.779568], [-122.238436, 37.77967], [-122.237792, 37.778381], [-122.237484, 37.77597], [-122.237406, 37.775362], [-122.228694, 37.771529], [-122.229466, 37.769697], [-122.22702, 37.768238], [-122.224746, 37.768103], [-122.220068, 37.768137], [-122.218952, 37.768103]]}},
{"type": "Feature", "properties": {"ProjectID": "P6250", "full_id": null, "osm_id": null, "osm_type": null, "man_made": null, "operator:wikidata": null, "bridge": null, "intermittent": null, "operator": null, "waterway": null, "tunnel": null, "name": null, "gnis:feature_id": null, "nhd:com_id": null, "pipe_type": null, "nhd:reach_code": null, "nhd:fdate": null, "location": null, "layer": null, "gnis:ftype": null, "gnis:fcode": null, "tiger:reviewed": null, "tiger:county": null, "tiger:cfcc": null, "substance": null, "tiger:upload_uuid": null, "tiger:tlid": null, "tiger:source": null, "path": null}, "geometry": {"type": "LineString", "coordinates": [[-121.386223, 38.241281], [-121.380472, 38.241483], [-121.369143, 38.242764], [-121.369228, 38.247213], [-121.309147, 38.247281], [-121.309319, 38.24809]]}},
{"type": "Feature", "properties": {"ProjectID": "P6250", "full_id": null, "osm_id": null, "osm_type": null, "man_made": null, "operator:wikidata": null, "bridge": null, "intermittent": null, "operator": null, "waterway": null, "tunnel": null, "name": null, "gnis:feature_id": null, "nhd:com_id": null, "pipe_type": null, "nhd:reach_code": null, "nhd:fdate": null, "location": null, "layer": null, "gnis:ftype": null, "gnis:fcode": null, "tiger:reviewed": null, "tiger:county": null, "tiger:cfcc": null, "substance": null, "tiger:upload_uuid": null, "tiger:tlid": null, "tiger:source": null, "path": null}, "geometry": {"type": "LineString", "coordinates": [[-122.165737, 37.474688], [-122.158763, 37.470567], [-122.157197, 37.469511], [-122.156618, 37.468898], [-122.156618, 37.467484], [-122.153828, 37.465917], [-122.153871, 37.465491], [-122.151253, 37.465083], [-122.151554, 37.463788], [-122.145867, 37.463005], [-122.145395, 37.463516], [-122.144129, 37.462783], [-122.141147, 37.46263], [-122.139151, 37.462562], [-122.138507, 37.462221], [-122.138078, 37.461557], [-122.138078, 37.460535], [-122.125568, 37.461063], [-122.123079, 37.460552]]}},
{"type": "Feature", "properties": {"ProjectID": "P6250", "full_id": null, "osm_id": null, "osm_type": null, "man_made": null, "operator:wikidata": null, "bridge": null, "intermittent": null, "operator": null, "waterway": null, "tunnel": null, "name": null, "gnis:feature_id": null, "nhd:com_id": null, "pipe_type": null, "nhd:reach_code": null, "nhd:fdate": null, "location": null, "layer": null, "gnis:ftype": null, "gnis:fcode": null, "tiger:reviewed": null, "tiger:county": null, "tiger:cfcc": null, "substance": null, "tiger:upload_uuid": null, "tiger:tlid": null, "tiger:source": null, "path": null}, "geometry": {"type": "LineString", "coordinates": [[-122.021155, 39.406456], [-122.021713, 39.406887], [-122.021713, 39.410534], [-122.021713, 39.413999], [-122.0224, 39.418044]]}},
{"type": "Feature", "properties": {"ProjectID": "P6250", "full_id": null, "osm_id": null, "osm_type": null, "man_made": null, "operator:wikidata": null, "bridge": null, "intermittent": null, "operator": null, "waterway": null, "tunnel": null, "name": null, "gnis:feature_id": null, "nhd:com_id": null, "pipe_type": null, "nhd:reach_code": null, "nhd:fdate": null, "location": null, "layer": null, "gnis:ftype": null, "gnis:fcode": null, "tiger:reviewed": null, "tiger:county": null, "tiger:cfcc": null, "substance": null, "tiger:upload_uuid": null, "tiger:tlid": null, "tiger:source": null, "path": null}, "geometry": {"type": "LineString", "coordinates": [[-122.263155, 39.368312], [-122.263498, 39.346644], [-122.26264, 39.305347], [-122.267189, 39.29193], [-122.270537, 39.282098], [-122.271996, 39.276584], [-122.275171, 39.272265], [-122.274227, 39.185965], [-122.272511, 39.181974], [-122.267361, 39.167402], [-122.253456, 39.149033], [-122.245302, 39.138582], [-122.231312, 39.120139], [-122.197666, 39.089235], [-122.189255, 39.081707], [-122.18153, 39.071978], [-122.134066, 39.012215], [-122.133937, 39.003344], [-122.119131, 38.967551], [-122.103682, 38.943723], [-122.092524, 38.926097], [-122.079735, 38.905395], [-122.075958, 38.897513], [-122.071833, 38.886568], [-122.068405, 38.87747], [-122.053213, 38.839641], [-122.053471, 38.759505], [-122.062826, 38.759505], [-122.067204, 38.760576]]}},
{"type": "Feature", "properties": {"ProjectID": "P6250", "full_id": null, "osm_id": null, "osm_type": null, "man_made": null, "operator:wikidata": null, "bridge": null, "intermittent": null, "operator": null, "waterway": null, "tunnel": null, "name": null, "gnis:feature_id": null, "nhd:com_id": null, "pipe_type": null, "nhd:reach_code": null, "nhd:fdate": null, "location": null, "layer": null, "gnis:ftype": null, "gnis:fcode": null, "tiger:reviewed": null, "tiger:county": null, "tiger:cfcc": null, "substance": null, "tiger:upload_uuid": null, "tiger:tlid": null, "tiger:source": null, "path": null}, "geometry": {"type": "LineString", "coordinates": [[-122.109947, 39.768618], [-122.140911, 39.76837], [-122.141061, 39.725277]]}},
{"type": "Feature", "properties": {"ProjectID": "P6250", "full_id": null, "osm_id": null, "osm_type": null, "man_made": null, "operator:wikidata": null, "bridge": null, "intermittent": null, "operator": null, "waterway": null, "tunnel": null, "name": null, "gnis:feature_id": null, "nhd:com_id": null, "pipe_type": null, "nhd:reach_code": null, "nhd:fdate": null, "location": null, "layer": null, "gnis:ftype": null, "gnis:fcode": null, "tiger:reviewed": null, "tiger:county": null, "tiger:cfcc": null, "substance": null, "tiger:upload_uuid": null, "tiger:tlid": null, "tiger:source": null, "path": null}, "geometry": {"type": "LineString", "coordinates": [[-121.867212, 37.666151], [-121.873913, 37.666022], [-121.872454, 37.672612], [-121.876144, 37.683141], [-121.877947, 37.688983], [-121.878634, 37.691496], [-121.87932, 37.701887], [-121.884728, 37.701954], [-121.886358, 37.70243], [-121.887388, 37.703245], [-121.88859, 37.703245], [-121.889277, 37.702498], [-121.890392, 37.70209], [-121.893396, 37.702022], [-121.892967, 37.716146], [-121.910305, 37.716078], [-121.910219, 37.721713], [-121.909189, 37.72375], [-121.909618, 37.726126], [-121.910391, 37.727756], [-121.910563, 37.729045], [-121.910133, 37.730064]]}},
{"type": "Feature", "properties": {"ProjectID": "P6250", "full_id": null, "osm_id": null, "osm_type": null, "man_made": null, "operator:wikidata": null, "bridge": null, "intermittent": null, "operator": null, "waterway": null, "tunnel": null, "name": null, "gnis:feature_id": null, "nhd:com_id": null, "pipe_type": null, "nhd:reach_code": null, "nhd:fdate": null, "location": null, "layer": null, "gnis:ftype": null, "gnis:fcode": null, "tiger:reviewed": null, "tiger:county": null, "tiger:cfcc": null, "substance": null, "tiger:upload_uuid": null, "tiger:tlid": null, "tiger:source": null, "path": null}, "geometry": {"type": "LineString", "coordinates": [[-122.348439, 40.676334], [-122.349801, 40.676651], [-122.349908, 40.676895], [-122.35038, 40.677139], [-122.349823, 40.677855]]}},
{"type": "Feature", "properties": {"ProjectID": "P6250", "full_id": null, "osm_id": null, "osm_type": null, "man_made": null, "operator:wikidata": null, "bridge": null, "intermittent": null, "operator": null, "waterway": null, "tunnel": null, "name": null, "gnis:feature_id": null, "nhd:com_id": null, "pipe_type": null, "nhd:reach_code": null, "nhd:fdate": null, "location": null, "layer": null, "gnis:ftype": null, "gnis:fcode": null, "tiger:reviewed": null, "tiger:county": null, "tiger:cfcc": null, "substance": null, "tiger:upload_uuid": null, "tiger:tlid": null, "tiger:source": null, "path": null}, "geometry": {"type": "LineString", "coordinates": [[-121.944165, 39.132058], [-121.939788, 39.125965], [-121.939058, 39.126265], [-121.938114, 39.119473], [-121.934896, 39.109717], [-121.933823, 39.106653], [-121.93202, 39.103223], [-121.93202, 39.097495], [-121.949444, 39.097362], [-121.950474, 39.096629], [-121.950474, 39.078842], [-121.94747, 39.077975], [-121.945753, 39.074244], [-121.943092, 39.070646], [-121.941719, 39.069779], [-121.941633, 39.056651], [-121.980343, 39.056651], [-121.980171, 39.06025], [-121.979313, 39.06045]]}},
{"type": "Feature", "properties": {"ProjectID": "P6250", "full_id": null, "osm_id": null, "osm_type": null, "man_made": null, "operator:wikidata": null, "bridge": null, "intermittent": null, "operator": null, "waterway": null, "tunnel": null, "name": null, "gnis:feature_id": null, "nhd:com_id": null, "pipe_type": null, "nhd:reach_code": null, "nhd:fdate": null, "location": null, "layer": null, "gnis:ftype": null, "gnis:fcode": null, "tiger:reviewed": null, "tiger:county": null, "tiger:cfcc": null, "substance": null, "tiger:upload_uuid": null, "tiger:tlid": null, "tiger:source": null, "path": null}, "geometry": {"type": "LineString", "coordinates": [[-122.288818, 37.839344], [-122.284269, 37.825955], [-122.283626, 37.824091], [-122.290149, 37.822836], [-122.291865, 37.827006], [-122.293067, 37.827277], [-122.294526, 37.827277], [-122.2965, 37.826464], [-122.328901, 37.821141], [-122.329845, 37.82243], [-122.332077, 37.822769], [-122.334909, 37.823447], [-122.339072, 37.823819], [-122.344093, 37.823853], [-122.347913, 37.823786], [-122.35096, 37.823379]]}},
{"type": "Feature", "properties": {"ProjectID": "P6250", "full_id": null, "osm_id": null, "osm_type": null, "man_made": null, "operator:wikidata": null, "bridge": null, "intermittent": null, "operator": null, "waterway": null, "tunnel": null, "name": null, "gnis:feature_id": null, "nhd:com_id": null, "pipe_type": null, "nhd:reach_code": null, "nhd:fdate": null, "location": null, "layer": null, "gnis:ftype": null, "gnis:fcode": null, "tiger:reviewed": null, "tiger:county": null, "tiger:cfcc": null, "substance": null, "tiger:upload_uuid": null, "tiger:tlid": null, "tiger:source": null, "path": null}, "geometry": {"type": "LineString", "coordinates": [[-121.747913, 38.532255], [-121.747141, 38.530979], [-121.750059, 38.529905], [-121.756949, 38.522082], [-121.7801, 38.495787], [-121.79452, 38.496056], [-121.795635, 38.495384], [-121.796322, 38.496191], [-121.854086, 38.496526], [-121.874342, 38.502841], [-121.877518, 38.504856], [-121.892881, 38.515736], [-121.901872, 38.532221], [-121.903782, 38.535343], [-121.907559, 38.537223], [-121.916485, 38.544742], [-121.92215, 38.547226], [-121.98987, 38.54736], [-121.990299, 38.522586], [-121.982832, 38.512714], [-121.981974, 38.511438], [-121.978197, 38.508483], [-121.953221, 38.495653], [-121.918583, 38.409596], [-121.915778, 38.409546], [-121.915804, 38.402791], [-121.897774, 38.372751]]}},
{"type": "Feature", "properties": {"ProjectID": "P6250", "full_id": null, "osm_id": null, "osm_type": null, "man_made": null, "operator:wikidata": null, "bridge": null, "intermittent": null, "operator": null, "waterway": null, "tunnel": null, "name": null, "gnis:feature_id": null, "nhd:com_id": null, "pipe_type": null, "nhd:reach_code": null, "nhd:fdate": null, "location": null, "layer": null, "gnis:ftype": null, "gnis:fcode": null, "tiger:reviewed": null, "tiger:county": null, "tiger:cfcc": null, "substance": null, "tiger:upload_uuid": null, "tiger:tlid": null, "tiger:source": null, "path": null}, "geometry": {"type": "LineString", "coordinates": [[-122.073813, 37.596484], [-122.071066, 37.596824], [-122.071409, 37.59798], [-122.066431, 37.61362]]}},
{"type": "Feature", "properties": {"ProjectID": "P6250", "full_id": null, "osm_id": null, "osm_type": null, "man_made": null, "operator:wikidata": null, "bridge": null, "intermittent": null, "operator": null, "waterway": null, "tunnel": null, "name": null, "gnis:feature_id": null, "nhd:com_id": null, "pipe_type": null, "nhd:reach_code": null, "nhd:fdate": null, "location": null, "layer": null, "gnis:ftype": null, "gnis:fcode": null, "tiger:reviewed": null, "tiger:county": null, "tiger:cfcc": null, "substance": null, "tiger:upload_uuid": null, "tiger:tlid": null, "tiger:source": null, "path": null}, "geometry": {"type": "LineString", "coordinates": [[-120.034905, 36.924097], [-120.013608, 36.924073]]}},
{"type": "Feature", "properties": {"ProjectID": "P6250", "full_id": null, "osm_id": null, "osm_type": null, "man_made": null, "operator:wikidata": null, "bridge": null, "intermittent": null, "operator": null, "waterway": null, "tunnel": null, "name": null, "gnis:feature_id": null, "nhd:com_id": null, "pipe_type": null, "nhd:reach_code": null, "nhd:fdate": null, "location": null, "layer": null, "gnis:ftype": null, "gnis:fcode": null, "tiger:reviewed": null, "tiger:county": null, "tiger:cfcc": null, "substance": null, "tiger:upload_uuid": null, "tiger:tlid": null, "tiger:source": null, "path": null}, "geometry": {"type": "LineString", "coordinates": [[-121.634632, 40.897043], [-121.6353, 40.89723]]}},
{"type": "Feature", "properties": {"ProjectID": "P6250", "full_id": null, "osm_id": null, "osm_type": null, "man_made": null, "operator:wikidata": null, "bridge": null, "intermittent": null, "operator": null, "waterway": null, "tunnel": null, "name": null, "gnis:feature_id": null, "nhd:com_id": null, "pipe_type": null, "nhd:reach_code": null, "nhd:fdate": null, "location": null, "layer": null, "gnis:ftype": null, "gnis:fcode": null, "tiger:reviewed": null, "tiger:county": null, "tiger:cfcc": null, "substance": null, "tiger:upload_uuid": null, "tiger:tlid": null, "tiger:source": null, "path": null}, "geometry": {"type": "LineString", "coordinates": [[-122.271106, 37.794881], [-122.272811, 37.792253], [-122.274871, 37.789913], [-122.277617, 37.790082]]}},
{"type": "Feature", "properties": {"ProjectID": "P6250", "full_id": null, "osm_id": null, "osm_type": null, "man_made": null, "operator:wikidata": null, "bridge": null, "intermittent": null, "operator": null, "waterway": null, "tunnel": null, "name": null, "gnis:feature_id": null, "nhd:com_id": null, "pipe_type": null, "nhd:reach_code": null, "nhd:fdate": null, "location": null, "layer": null, "gnis:ftype": null, "gnis:fcode": null, "tiger:reviewed": null, "tiger:county": null, "tiger:cfcc": null, "substance": null, "tiger:upload_uuid": null, "tiger:tlid": null, "tiger:source": null, "path": null}, "geometry": {"type": "LineString", "coordinates": [[-122.230797, 39.531585], [-122.19801, 39.531453], [-122.195778, 39.53046], [-122.193804, 39.529003], [-122.193461, 39.528143], [-122.1911, 39.528109], [-122.191057, 39.523541], [-122.192473, 39.523541], [-122.192431, 39.489536], [-122.192259, 39.46774], [-122.190285, 39.466249], [-122.190414, 39.465686], [-122.191701, 39.465785]]}},
{"type": "Feature", "properties": {"ProjectID": "P6250", "full_id": null, "osm_id": null, "osm_type": null, "man_made": null, "operator:wikidata": null, "bridge": null, "intermittent": null, "operator": null, "waterway": null, "tunnel": null, "name": null, "gnis:feature_id": null, "nhd:com_id": null, "pipe_type": null, "nhd:reach_code": null, "nhd:fdate": null, "location": null, "layer": null, "gnis:ftype": null, "gnis:fcode": null, "tiger:reviewed": null, "tiger:county": null, "tiger:cfcc": null, "substance": null, "tiger:upload_uuid": null, "tiger:tlid": null, "tiger:source": null, "path": null}, "geometry": {"type": "LineString", "coordinates": [[-121.91795, 37.524738], [-121.917858, 37.526201], [-121.919317, 37.529604], [-121.919918, 37.533348], [-121.920433, 37.535934], [-121.924725, 37.540902], [-121.927214, 37.542944], [-121.930304, 37.544305], [-121.928673, 37.546279], [-121.928845, 37.547572], [-121.929789, 37.549273], [-121.928415, 37.554308], [-121.924381, 37.557438], [-121.920176, 37.559616], [-121.913138, 37.561113], [-121.910563, 37.561589], [-121.9067, 37.559888], [-121.88962, 37.569685], [-121.885071, 37.57159], [-121.876488, 37.577848], [-121.866875, 37.588459], [-121.866961, 37.591179], [-121.865158, 37.593152], [-121.86327, 37.593968], [-121.851597, 37.597232], [-121.836479, 37.603695], [-121.822329, 37.609744], [-121.81675, 37.613416], [-121.816492, 37.616883], [-121.811943, 37.620622], [-121.810312, 37.625381], [-121.807823, 37.626944], [-121.803618, 37.629324], [-121.802673, 37.631703], [-121.802416, 37.634694], [-121.800356, 37.637141], [-121.799069, 37.639451], [-121.799755, 37.641966], [-121.801128, 37.644345], [-121.804304, 37.647607], [-121.805592, 37.651141], [-121.805248, 37.676824], [-121.842499, 37.67234], [-121.86018, 37.67003], [-121.866446, 37.666769], [-121.867212, 37.666151], [-121.870995, 37.6631], [-121.880007, 37.655014], [-121.880264, 37.652432], [-121.881294, 37.647267], [-121.881552, 37.644821]]}},
{"type": "Feature", "properties": {"ProjectID": "P6250", "full_id": null, "osm_id": null, "osm_type": null, "man_made": null, "operator:wikidata": null, "bridge": null, "intermittent": null, "operator": null, "waterway": null, "tunnel": null, "name": null, "gnis:feature_id": null, "nhd:com_id": null, "pipe_type": null, "nhd:reach_code": null, "nhd:fdate": null, "location": null, "layer": null, "gnis:ftype": null, "gnis:fcode": null, "tiger:reviewed": null, "tiger:county": null, "tiger:cfcc": null, "substance": null, "tiger:upload_uuid": null, "tiger:tlid": null, "tiger:source": null, "path": null}, "geometry": {"type": "LineString", "coordinates": [[-119.772434, 36.815744], [-119.75956, 36.815744], [-119.760422, 36.808666]]}},
{"type": "Feature", "properties": {"ProjectID": "P6250", "full_id": null, "osm_id": null, "osm_type": null, "man_made": null, "operator:wikidata": null, "bridge": null, "intermittent": null, "operator": null, "waterway": null, "tunnel": null, "name": null, "gnis:feature_id": null, "nhd:com_id": null, "pipe_type": null, "nhd:reach_code": null, "nhd:fdate": null, "location": null, "layer": null, "gnis:ftype": null, "gnis:fcode": null, "tiger:reviewed": null, "tiger:county": null, "tiger:cfcc": null, "substance": null, "tiger:upload_uuid": null, "tiger:tlid": null, "tiger:source": null, "path": null}, "geometry": {"type": "LineString", "coordinates": [[-121.966095, 37.513811], [-121.962833, 37.509181], [-121.95837, 37.509181], [-121.958113, 37.510203], [-121.951676, 37.511496], [-121.950551, 37.511817], [-121.94953, 37.512109], [-121.946869, 37.511973], [-121.944895, 37.512926], [-121.942406, 37.513879], [-121.945152, 37.517828]]}},
{"type": "Feature", "properties": {"ProjectID": "P6250", "full_id": null, "osm_id": null, "osm_type": null, "man_made": null, "operator:wikidata": null, "bridge": null, "intermittent": null, "operator": null, "waterway": null, "tunnel": null, "name": null, "gnis:feature_id": null, "nhd:com_id": null, "pipe_type": null, "nhd:reach_code": null, "nhd:fdate": null, "location": null, "layer": null, "gnis:ftype": null, "gnis:fcode": null, "tiger:reviewed": null, "tiger:county": null, "tiger:cfcc": null, "substance": null, "tiger:upload_uuid": null, "tiger:tlid": null, "tiger:source": null, "path": null}, "geometry": {"type": "LineString", "coordinates": [[-122.360048, 37.925243], [-122.358985, 37.925209], [-122.358985, 37.924126], [-122.347741, 37.92399], [-122.346926, 37.923516], [-122.34581, 37.922298], [-122.344523, 37.921925], [-122.339459, 37.921756], [-122.336154, 37.921485], [-122.336326, 37.92223], [-122.335167, 37.921857], [-122.334394, 37.922467], [-122.329803, 37.919149], [-122.328256, 37.917742], [-122.324781, 37.914579], [-122.323279, 37.914003], [-122.323322, 37.91336], [-122.318945, 37.908078], [-122.31534, 37.909601], [-122.313795, 37.909297], [-122.311864, 37.909364], [-122.310405, 37.90933], [-122.309375, 37.908856], [-122.308474, 37.907604], [-122.304483, 37.901779], [-122.302723, 37.898732], [-122.300234, 37.893279], [-122.301436, 37.892873], [-122.297745, 37.882983], [-122.298775, 37.882543], [-122.298217, 37.880917], [-122.299376, 37.88068], [-122.296629, 37.871737], [-122.304525, 37.870246]]}},
{"type": "Feature", "properties": {"ProjectID": "P6250", "full_id": null, "osm_id": null, "osm_type": null, "man_made": null, "operator:wikidata": null, "bridge": null, "intermittent": null, "operator": null, "waterway": null, "tunnel": null, "name": null, "gnis:feature_id": null, "nhd:com_id": null, "pipe_type": null, "nhd:reach_code": null, "nhd:fdate": null, "location": null, "layer": null, "gnis:ftype": null, "gnis:fcode": null, "tiger:reviewed": null, "tiger:county": null, "tiger:cfcc": null, "substance": null, "tiger:upload_uuid": null, "tiger:tlid": null, "tiger:source": null, "path": null}, "geometry": {"type": "LineString", "coordinates": [[-122.45945, 38.281583], [-122.459965, 38.275923], [-122.473355, 38.27781], [-122.492066, 38.270937], [-122.479019, 38.255032], [-122.499619, 38.248427], [-122.615576, 38.260693]]}},
{"type": "Feature", "properties": {"ProjectID": "P6250", "full_id": null, "osm_id": null, "osm_type": null, "man_made": null, "operator:wikidata": null, "bridge": null, "intermittent": null, "operator": null, "waterway": null, "tunnel": null, "name": null, "gnis:feature_id": null, "nhd:com_id": null, "pipe_type": null, "nhd:reach_code": null, "nhd:fdate": null, "location": null, "layer": null, "gnis:ftype": null, "gnis:fcode": null, "tiger:reviewed": null, "tiger:county": null, "tiger:cfcc": null, "substance": null, "tiger:upload_uuid": null, "tiger:tlid": null, "tiger:source": null, "path": null}, "geometry": {"type": "LineString", "coordinates": [[-122.190242, 37.732881], [-122.19595, 37.739567], [-122.196894, 37.739058], [-122.198095, 37.740755], [-122.19861, 37.742723], [-122.201057, 37.7452], [-122.218952, 37.768103]]}},
{"type": "Feature", "properties": {"ProjectID": "P6250", "full_id": null, "osm_id": null, "osm_type": null, "man_made": null, "operator:wikidata": null, "bridge": null, "intermittent": null, "operator": null, "waterway": null, "tunnel": null, "name": null, "gnis:feature_id": null, "nhd:com_id": null, "pipe_type": null, "nhd:reach_code": null, "nhd:fdate": null, "location": null, "layer": null, "gnis:ftype": null, "gnis:fcode": null, "tiger:reviewed": null, "tiger:county": null, "tiger:cfcc": null, "substance": null, "tiger:upload_uuid": null, "tiger:tlid": null, "tiger:source": null, "path": null}, "geometry": {"type": "LineString", "coordinates": [[-121.722937, 38.165808], [-121.720448, 38.158182], [-121.712551, 38.150893], [-121.707487, 38.160004]]}},
{"type": "Feature", "properties": {"ProjectID": "P6250", "full_id": null, "osm_id": null, "osm_type": null, "man_made": null, "operator:wikidata": null, "bridge": null, "intermittent": null, "operator": null, "waterway": null, "tunnel": null, "name": null, "gnis:feature_id": null, "nhd:com_id": null, "pipe_type": null, "nhd:reach_code": null, "nhd:fdate": null, "location": null, "layer": null, "gnis:ftype": null, "gnis:fcode": null, "tiger:reviewed": null, "tiger:county": null, "tiger:cfcc": null, "substance": null, "tiger:upload_uuid": null, "tiger:tlid": null, "tiger:source": null, "path": null}, "geometry": {"type": "LineString", "coordinates": [[-121.695559, 36.80269], [-121.736758, 36.789493], [-121.772464, 36.796092]]}},
{"type": "Feature", "properties": {"ProjectID": "P6250", "full_id": null, "osm_id": null, "osm_type": null, "man_made": null, "operator:wikidata": null, "bridge": null, "intermittent": null, "operator": null, "waterway": null, "tunnel": null, "name": null, "gnis:feature_id": null, "nhd:com_id": null, "pipe_type": null, "nhd:reach_code": null, "nhd:fdate": null, "location": null, "layer": null, "gnis:ftype": null, "gnis:fcode": null, "tiger:reviewed": null, "tiger:county": null, "tiger:cfcc": null, "substance": null, "tiger:upload_uuid": null, "tiger:tlid": null, "tiger:source": null, "path": null}, "geometry": {"type": "LineString", "coordinates": [[-121.869279, 37.372886], [-121.899491, 37.347235], [-121.895371, 37.342322], [-121.902238, 37.338501]]}},
{"type": "Feature", "properties": {"ProjectID": "P6250", "full_id": null, "osm_id": null, "osm_type": null, "man_made": null, "operator:wikidata": null, "bridge": null, "intermittent": null, "operator": null, "waterway": null, "tunnel": null, "name": null, "gnis:feature_id": null, "nhd:com_id": null, "pipe_type": null, "nhd:reach_code": null, "nhd:fdate": null, "location": null, "layer": null, "gnis:ftype": null, "gnis:fcode": null, "tiger:reviewed": null, "tiger:county": null, "tiger:cfcc": null, "substance": null, "tiger:upload_uuid": null, "tiger:tlid": null, "tiger:source": null, "path": null}, "geometry": {"type": "LineString", "coordinates": [[-120.324499, 36.372784], [-120.300972, 36.341349], [-120.264074, 36.292023], [-120.252925, 36.273739], [-120.22425, 36.226691], [-120.196784, 36.193449], [-120.1034, 36.086982], [-120.100017, 36.085138], [-119.985297, 36.022588], [-119.944098, 35.978147], [-119.67768, 35.670827], [-119.595282, 35.568122], [-119.383796, 35.438438], [-119.249873, 35.369429], [-119.144843, 35.315268], [-119.120522, 35.297841], [-118.919623, 35.153743], [-118.59278, 35.075108], [-118.125861, 35.050378], [-117.917121, 35.023392], [-117.518866, 35.003146], [-117.60401, 35.176196], [-117.645209, 35.313026], [-117.625983, 35.398148], [-117.568305, 35.510014], [-117.510627, 35.635118], [-117.392524, 35.748883]]}},
{"type": "Feature", "properties": {"ProjectID": "P6250", "full_id": null, "osm_id": null, "osm_type": null, "man_made": null, "operator:wikidata": null, "bridge": null, "intermittent": null, "operator": null, "waterway": null, "tunnel": null, "name": null, "gnis:feature_id": null, "nhd:com_id": null, "pipe_type": null, "nhd:reach_code": null, "nhd:fdate": null, "location": null, "layer": null, "gnis:ftype": null, "gnis:fcode": null, "tiger:reviewed": null, "tiger:county": null, "tiger:cfcc": null, "substance": null, "tiger:upload_uuid": null, "tiger:tlid": null, "tiger:source": null, "path": null}, "geometry": {"type": "LineString", "coordinates": [[-116.864322, 34.847623], [-116.58417, 34.800275], [-116.361697, 34.768694], [-116.232608, 34.703238], [-115.927737, 34.719042], [-115.831607, 34.7213], [-114.875796, 34.785614], [-114.4928, 34.71412]]}},
{"type": "Feature", "properties": {"ProjectID": "P6250", "full_id": null, "osm_id": null, "osm_type": null, "man_made": null, "operator:wikidata": null, "bridge": null, "intermittent": null, "operator": null, "waterway": null, "tunnel": null, "name": null, "gnis:feature_id": null, "nhd:com_id": null, "pipe_type": null, "nhd:reach_code": null, "nhd:fdate": null, "location": null, "layer": null, "gnis:ftype": null, "gnis:fcode": null, "tiger:reviewed": null, "tiger:county": null, "tiger:cfcc": null, "substance": null, "tiger:upload_uuid": null, "tiger:tlid": null, "tiger:source": null, "path": null}, "geometry": {"type": "LineString", "coordinates": [[-120.060826, 36.701045], [-120.061341, 36.617457], [-120.058766, 36.617457], [-120.002461, 36.660157]]}},
{"type": "Feature", "properties": {"ProjectID": "P6250", "full_id": null, "osm_id": null, "osm_type": null, "man_made": null, "operator:wikidata": null, "bridge": null, "intermittent": null, "operator": null, "waterway": null, "tunnel": null, "name": null, "gnis:feature_id": null, "nhd:com_id": null, "pipe_type": null, "nhd:reach_code": null, "nhd:fdate": null, "location": null, "layer": null, "gnis:ftype": null, "gnis:fcode": null, "tiger:reviewed": null, "tiger:county": null, "tiger:cfcc": null, "substance": null, "tiger:upload_uuid": null, "tiger:tlid": null, "tiger:source": null, "path": null}, "geometry": {"type": "LineString", "coordinates": [[-122.0436, 37.91319], [-122.041454, 37.914748], [-121.997423, 37.927816], [-121.995449, 37.929711], [-121.994076, 37.931133], [-121.991329, 37.932758], [-121.989012, 37.932758], [-121.984034, 37.932013], [-121.969528, 37.945619], [-121.968327, 37.945281], [-121.951246, 37.957125], [-121.950045, 37.958681], [-121.948929, 37.959223], [-121.947384, 37.959223], [-121.919232, 37.977357], [-121.914511, 37.979589], [-121.914253, 37.98101], [-121.90979, 37.983784], [-121.90979, 37.986828], [-121.905069, 37.99251], [-121.906357, 38.020509], [-121.902323, 38.020238], [-121.898804, 38.019697], [-121.882668, 38.015911], [-121.882067, 38.017263]]}},
{"type": "Feature", "properties": {"ProjectID": "P6250", "full_id": null, "osm_id": null, "osm_type": null, "man_made": null, "operator:wikidata": null, "bridge": null, "intermittent": null, "operator": null, "waterway": null, "tunnel": null, "name": null, "gnis:feature_id": null, "nhd:com_id": null, "pipe_type": null, "nhd:reach_code": null, "nhd:fdate": null, "location": null, "layer": null, "gnis:ftype": null, "gnis:fcode": null, "tiger:reviewed": null, "tiger:county": null, "tiger:cfcc": null, "substance": null, "tiger:upload_uuid": null, "tiger:tlid": null, "tiger:source": null, "path": null}, "geometry": {"type": "LineString", "coordinates": [[-122.166767, 38.059108], [-122.157326, 38.05458]]}},
{"type": "Feature", "properties": {"ProjectID": "P6250", "full_id": null, "osm_id": null, "osm_type": null, "man_made": null, "operator:wikidata": null, "bridge": null, "intermittent": null, "operator": null, "waterway": null, "tunnel": null, "name": null, "gnis:feature_id": null, "nhd:com_id": null, "pipe_type": null, "nhd:reach_code": null, "nhd:fdate": null, "location": null, "layer": null, "gnis:ftype": null, "gnis:fcode": null, "tiger:reviewed": null, "tiger:county": null, "tiger:cfcc": null, "substance": null, "tiger:upload_uuid": null, "tiger:tlid": null, "tiger:source": null, "path": null}, "geometry": {"type": "LineString", "coordinates": [[-121.870737, 39.464162], [-121.930304, 39.464294]]}},
{"type": "Feature", "properties": {"ProjectID": "P6250", "full_id": null, "osm_id": null, "osm_type": null, "man_made": null, "operator:wikidata": null, "bridge": null, "intermittent": null, "operator": null, "waterway": null, "tunnel": null, "name": null, "gnis:feature_id": null, "nhd:com_id": null, "pipe_type": null, "nhd:reach_code": null, "nhd:fdate": null, "location": null, "layer": null, "gnis:ftype": null, "gnis:fcode": null, "tiger:reviewed": null, "tiger:county": null, "tiger:cfcc": null, "substance": null, "tiger:upload_uuid": null, "tiger:tlid": null, "tiger:source": null, "path": null}, "geometry": {"type": "LineString", "coordinates": [[-121.898668, 37.284987], [-121.886101, 37.288056], [-121.874085, 37.29099], [-121.872025, 37.296999], [-121.863099, 37.301914], [-121.854859, 37.300822], [-121.810965, 37.330932]]}},
{"type": "Feature", "properties": {"ProjectID": "P6250", "full_id": null, "osm_id": null, "osm_type": null, "man_made": null, "operator:wikidata": null, "bridge": null, "intermittent": null, "operator": null, "waterway": null, "tunnel": null, "name": null, "gnis:feature_id": null, "nhd:com_id": null, "pipe_type": null, "nhd:reach_code": null, "nhd:fdate": null, "location": null, "layer": null, "gnis:ftype": null, "gnis:fcode": null, "tiger:reviewed": null, "tiger:county": null, "tiger:cfcc": null, "substance": null, "tiger:upload_uuid": null, "tiger:tlid": null, "tiger:source": null, "path": null}, "geometry": {"type": "LineString", "coordinates": [[-122.111149, 37.370157], [-122.110848, 37.369918], [-122.112136, 37.368708], [-122.112436, 37.368861], [-122.116363, 37.3647], [-122.117136, 37.365195]]}},
{"type": "Feature", "properties": {"ProjectID": "P6250", "full_id": null, "osm_id": null, "osm_type": null, "man_made": null, "operator:wikidata": null, "bridge": null, "intermittent": null, "operator": null, "waterway": null, "tunnel": null, "name": null, "gnis:feature_id": null, "nhd:com_id": null, "pipe_type": null, "nhd:reach_code": null, "nhd:fdate": null, "location": null, "layer": null, "gnis:ftype": null, "gnis:fcode": null, "tiger:reviewed": null, "tiger:county": null, "tiger:cfcc": null, "substance": null, "tiger:upload_uuid": null, "tiger:tlid": null, "tiger:source": null, "path": null}, "geometry": {"type": "LineString", "coordinates": [[-121.836479, 37.603695], [-121.837263, 37.605868], [-121.834688, 37.606684], [-121.836405, 37.6109]]}},
{"type": "Feature", "properties": {"ProjectID": "P6250", "full_id": null, "osm_id": null, "osm_type": null, "man_made": null, "operator:wikidata": null, "bridge": null, "intermittent": null, "operator": null, "waterway": null, "tunnel": null, "name": null, "gnis:feature_id": null, "nhd:com_id": null, "pipe_type": null, "nhd:reach_code": null, "nhd:fdate": null, "location": null, "layer": null, "gnis:ftype": null, "gnis:fcode": null, "tiger:reviewed": null, "tiger:county": null, "tiger:cfcc": null, "substance": null, "tiger:upload_uuid": null, "tiger:tlid": null, "tiger:source": null, "path": null}, "geometry": {"type": "LineString", "coordinates": [[-122.238028, 40.144387], [-122.237964, 40.161263]]}},
{"type": "Feature", "properties": {"ProjectID": "P6250", "full_id": null, "osm_id": null, "osm_type": null, "man_made": null, "operator:wikidata": null, "bridge": null, "intermittent": null, "operator": null, "waterway": null, "tunnel": null, "name": null, "gnis:feature_id": null, "nhd:com_id": null, "pipe_type": null, "nhd:reach_code": null, "nhd:fdate": null, "location": null, "layer": null, "gnis:ftype": null, "gnis:fcode": null, "tiger:reviewed": null, "tiger:county": null, "tiger:cfcc": null, "substance": null, "tiger:upload_uuid": null, "tiger:tlid": null, "tiger:source": null, "path": null}, "geometry": {"type": "LineString", "coordinates": [[-121.748046, 38.238925], [-121.747914, 38.240607]]}},
{"type": "Feature", "properties": {"ProjectID": "P6250", "full_id": null, "osm_id": null, "osm_type": null, "man_made": null, "operator:wikidata": null, "bridge": null, "intermittent": null, "operator": null, "waterway": null, "tunnel": null, "name": null, "gnis:feature_id": null, "nhd:com_id": null, "pipe_type": null, "nhd:reach_code": null, "nhd:fdate": null, "location": null, "layer": null, "gnis:ftype": null, "gnis:fcode": null, "tiger:reviewed": null, "tiger:county": null, "tiger:cfcc": null, "substance": null, "tiger:upload_uuid": null, "tiger:tlid": null, "tiger:source": null, "path": null}, "geometry": {"type": "LineString", "coordinates": [[-121.903868, 39.032253], [-121.910391, 38.997975], [-121.92687, 38.973223], [-121.923437, 38.971288]]}},
{"type": "Feature", "properties": {"ProjectID": "P6250", "full_id": null, "osm_id": null, "osm_type": null, "man_made": null, "operator:wikidata": null, "bridge": null, "intermittent": null, "operator": null, "waterway": null, "tunnel": null, "name": null, "gnis:feature_id": null, "nhd:com_id": null, "pipe_type": null, "nhd:reach_code": null, "nhd:fdate": null, "location": null, "layer": null, "gnis:ftype": null, "gnis:fcode": null, "tiger:reviewed": null, "tiger:county": null, "tiger:cfcc": null, "substance": null, "tiger:upload_uuid": null, "tiger:tlid": null, "tiger:source": null, "path": null}, "geometry": {"type": "LineString", "coordinates": [[-121.294798, 38.016581], [-121.297474, 38.016722], [-121.301836, 38.014907]]}},
{"type": "Feature", "properties": {"ProjectID": "P6250", "full_id": null, "osm_id": null, "osm_type": null, "man_made": null, "operator:wikidata": null, "bridge": null, "intermittent": null, "operator": null, "waterway": null, "tunnel": null, "name": null, "gnis:feature_id": null, "nhd:com_id": null, "pipe_type": null, "nhd:reach_code": null, "nhd:fdate": null, "location": null, "layer": null, "gnis:ftype": null, "gnis:fcode": null, "tiger:reviewed": null, "tiger:county": null, "tiger:cfcc": null, "substance": null, "tiger:upload_uuid": null, "tiger:tlid": null, "tiger:source": null, "path": null}, "geometry": {"type": "LineString", "coordinates": [[-121.557241, 37.714109], [-121.55973, 37.714686], [-121.562476, 37.716078], [-121.56312, 37.717877], [-121.557326, 37.721476]]}},
{"type": "Feature", "properties": {"ProjectID": "P6250", "full_id": null, "osm_id": null, "osm_type": null, "man_made": null, "operator:wikidata": null, "bridge": null, "intermittent": null, "operator": null, "waterway": null, "tunnel": null, "name": null, "gnis:feature_id": null, "nhd:com_id": null, "pipe_type": null, "nhd:reach_code": null, "nhd:fdate": null, "location": null, "layer": null, "gnis:ftype": null, "gnis:fcode": null, "tiger:reviewed": null, "tiger:county": null, "tiger:cfcc": null, "substance": null, "tiger:upload_uuid": null, "tiger:tlid": null, "tiger:source": null, "path": null}, "geometry": {"type": "LineString", "coordinates": [[-121.939573, 38.40242], [-121.947624, 38.402551], [-121.947813, 38.402555], [-121.947641, 38.403765], [-121.950731, 38.404169]]}},
{"type": "Feature", "properties": {"ProjectID": "P6250", "full_id": null, "osm_id": null, "osm_type": null, "man_made": null, "operator:wikidata": null, "bridge": null, "intermittent": null, "operator": null, "waterway": null, "tunnel": null, "name": null, "gnis:feature_id": null, "nhd:com_id": null, "pipe_type": null, "nhd:reach_code": null, "nhd:fdate": null, "location": null, "layer": null, "gnis:ftype": null, "gnis:fcode": null, "tiger:reviewed": null, "tiger:county": null, "tiger:cfcc": null, "substance": null, "tiger:upload_uuid": null, "tiger:tlid": null, "tiger:source": null, "path": null}, "geometry": {"type": "LineString", "coordinates": [[-122.083726, 38.227359], [-122.111321, 38.215323], [-122.112951, 38.215255], [-122.116728, 38.214311], [-122.119045, 38.215053], [-122.120934, 38.217346], [-122.123938, 38.216874], [-122.124453, 38.217616], [-122.132177, 38.218223], [-122.137499, 38.213772], [-122.133808, 38.21276], [-122.133551, 38.211479], [-122.116728, 38.214311]]}},
{"type": "Feature", "properties": {"ProjectID": "P6250", "full_id": null, "osm_id": null, "osm_type": null, "man_made": null, "operator:wikidata": null, "bridge": null, "intermittent": null, "operator": null, "waterway": null, "tunnel": null, "name": null, "gnis:feature_id": null, "nhd:com_id": null, "pipe_type": null, "nhd:reach_code": null, "nhd:fdate": null, "location": null, "layer": null, "gnis:ftype": null, "gnis:fcode": null, "tiger:reviewed": null, "tiger:county": null, "tiger:cfcc": null, "substance": null, "tiger:upload_uuid": null, "tiger:tlid": null, "tiger:source": null, "path": null}, "geometry": {"type": "LineString", "coordinates": [[-122.031155, 39.457568], [-122.031283, 39.413982], [-122.031069, 39.406389]]}},
{"type": "Feature", "properties": {"ProjectID": "P6250", "full_id": null, "osm_id": null, "osm_type": null, "man_made": null, "operator:wikidata": null, "bridge": null, "intermittent": null, "operator": null, "waterway": null, "tunnel": null, "name": null, "gnis:feature_id": null, "nhd:com_id": null, "pipe_type": null, "nhd:reach_code": null, "nhd:fdate": null, "location": null, "layer": null, "gnis:ftype": null, "gnis:fcode": null, "tiger:reviewed": null, "tiger:county": null, "tiger:cfcc": null, "substance": null, "tiger:upload_uuid": null, "tiger:tlid": null, "tiger:source": null, "path": null}, "geometry": {"type": "LineString", "coordinates": [[-122.171745, 39.826731], [-122.178569, 39.826814], [-122.18241, 39.822941], [-122.187753, 39.817453], [-122.191272, 39.814239], [-122.191401, 39.812525], [-122.192538, 39.812558], [-122.197194, 39.80908], [-122.20052, 39.80908], [-122.202945, 39.807564], [-122.207923, 39.804168], [-122.211335, 39.801909], [-122.2117, 39.801365], [-122.21267, 39.798575], [-122.212687, 39.798266], [-122.212901, 39.794919], [-122.211313, 39.79482], [-122.21174, 39.789373], [-122.211871, 39.787698], [-122.206421, 39.787533], [-122.206636, 39.784433], [-122.207065, 39.783806], [-122.20685, 39.783213], [-122.207022, 39.779255], [-122.206206, 39.779123]]}},
{"type": "Feature", "properties": {"ProjectID": "P6250", "full_id": null, "osm_id": null, "osm_type": null, "man_made": null, "operator:wikidata": null, "bridge": null, "intermittent": null, "operator": null, "waterway": null, "tunnel": null, "name": null, "gnis:feature_id": null, "nhd:com_id": null, "pipe_type": null, "nhd:reach_code": null, "nhd:fdate": null, "location": null, "layer": null, "gnis:ftype": null, "gnis:fcode": null, "tiger:reviewed": null, "tiger:county": null, "tiger:cfcc": null, "substance": null, "tiger:upload_uuid": null, "tiger:tlid": null, "tiger:source": null, "path": null}, "geometry": {"type": "LineString", "coordinates": [[-121.733151, 37.773055], [-121.733236, 37.761759], [-121.732975, 37.752429], [-121.732893, 37.74951]]}},
{"type": "Feature", "properties": {"ProjectID": "P6250", "full_id": null, "osm_id": null, "osm_type": null, "man_made": null, "operator:wikidata": null, "bridge": null, "intermittent": null, "operator": null, "waterway": null, "tunnel": null, "name": null, "gnis:feature_id": null, "nhd:com_id": null, "pipe_type": null, "nhd:reach_code": null, "nhd:fdate": null, "location": null, "layer": null, "gnis:ftype": null, "gnis:fcode": null, "tiger:reviewed": null, "tiger:county": null, "tiger:cfcc": null, "substance": null, "tiger:upload_uuid": null, "tiger:tlid": null, "tiger:source": null, "path": null}, "geometry": {"type": "LineString", "coordinates": [[-122.079134, 39.195877], [-122.079048, 39.190423], [-122.078447, 39.187163], [-122.078533, 39.145439], [-122.124882, 39.145039], [-122.132778, 39.145039], [-122.132864, 39.148767], [-122.142906, 39.148567]]}},
{"type": "Feature", "properties": {"ProjectID": "P6250", "full_id": null, "osm_id": null, "osm_type": null, "man_made": null, "operator:wikidata": null, "bridge": null, "intermittent": null, "operator": null, "waterway": null, "tunnel": null, "name": null, "gnis:feature_id": null, "nhd:com_id": null, "pipe_type": null, "nhd:reach_code": null, "nhd:fdate": null, "location": null, "layer": null, "gnis:ftype": null, "gnis:fcode": null, "tiger:reviewed": null, "tiger:county": null, "tiger:cfcc": null, "substance": null, "tiger:upload_uuid": null, "tiger:tlid": null, "tiger:source": null, "path": null}, "geometry": {"type": "LineString", "coordinates": [[-121.746726, 38.682764], [-121.745381, 38.682796], [-121.734009, 38.66782], [-121.732464, 38.66715], [-121.72019, 38.64778], [-121.711779, 38.632897], [-121.710749, 38.632897], [-121.693153, 38.603926], [-121.683884, 38.590845], [-121.683626, 38.589168], [-121.666031, 38.560784], [-121.661482, 38.561522], [-121.637964, 38.567093], [-121.637535, 38.565952], [-121.603289, 38.570851], [-121.582689, 38.573938], [-121.567154, 38.581453], [-121.567068, 38.582593], [-121.561146, 38.584136], [-121.550417, 38.598828], [-121.547778, 38.603004], [-121.54501, 38.603641], [-121.54325, 38.606056], [-121.542199, 38.605737], [-121.5385, 38.611292], [-121.537521, 38.612763], [-121.530118, 38.612712], [-121.497631, 38.61278], [-121.497631, 38.631086], [-121.503124, 38.637322], [-121.506643, 38.639534]]}},
{"type": "Feature", "properties": {"ProjectID": "P6250", "full_id": null, "osm_id": null, "osm_type": null, "man_made": null, "operator:wikidata": null, "bridge": null, "intermittent": null, "operator": null, "waterway": null, "tunnel": null, "name": null, "gnis:feature_id": null, "nhd:com_id": null, "pipe_type": null, "nhd:reach_code": null, "nhd:fdate": null, "location": null, "layer": null, "gnis:ftype": null, "gnis:fcode": null, "tiger:reviewed": null, "tiger:county": null, "tiger:cfcc": null, "substance": null, "tiger:upload_uuid": null, "tiger:tlid": null, "tiger:source": null, "path": null}, "geometry": {"type": "LineString", "coordinates": [[-121.684055, 38.122201], [-121.687317, 38.115719], [-121.685858, 38.113558], [-121.68603, 38.107007]]}},
{"type": "Feature", "properties": {"ProjectID": "P6250", "full_id": null, "osm_id": null, "osm_type": null, "man_made": null, "operator:wikidata": null, "bridge": null, "intermittent": null, "operator": null, "waterway": null, "tunnel": null, "name": null, "gnis:feature_id": null, "nhd:com_id": null, "pipe_type": null, "nhd:reach_code": null, "nhd:fdate": null, "location": null, "layer": null, "gnis:ftype": null, "gnis:fcode": null, "tiger:reviewed": null, "tiger:county": null, "tiger:cfcc": null, "substance": null, "tiger:upload_uuid": null, "tiger:tlid": null, "tiger:source": null, "path": null}, "geometry": {"type": "LineString", "coordinates": [[-121.81984, 37.316114], [-121.847993, 37.336317], [-121.864472, 37.327035], [-121.872025, 37.334133]]}},
{"type": "Feature", "properties": {"ProjectID": "P6250", "full_id": null, "osm_id": null, "osm_type": null, "man_made": null, "operator:wikidata": null, "bridge": null, "intermittent": null, "operator": null, "waterway": null, "tunnel": null, "name": null, "gnis:feature_id": null, "nhd:com_id": null, "pipe_type": null, "nhd:reach_code": null, "nhd:fdate": null, "location": null, "layer": null, "gnis:ftype": null, "gnis:fcode": null, "tiger:reviewed": null, "tiger:county": null, "tiger:cfcc": null, "substance": null, "tiger:upload_uuid": null, "tiger:tlid": null, "tiger:source": null, "path": null}, "geometry": {"type": "LineString", "coordinates": [[-120.125714, 36.603677], [-120.19764, 36.603126], [-120.197811, 36.613461], [-120.240555, 36.642942]]}},
{"type": "Feature", "properties": {"ProjectID": "P6250", "full_id": null, "osm_id": null, "osm_type": null, "man_made": null, "operator:wikidata": null, "bridge": null, "intermittent": null, "operator": null, "waterway": null, "tunnel": null, "name": null, "gnis:feature_id": null, "nhd:com_id": null, "pipe_type": null, "nhd:reach_code": null, "nhd:fdate": null, "location": null, "layer": null, "gnis:ftype": null, "gnis:fcode": null, "tiger:reviewed": null, "tiger:county": null, "tiger:cfcc": null, "substance": null, "tiger:upload_uuid": null, "tiger:tlid": null, "tiger:source": null, "path": null}, "geometry": {"type": "LineString", "coordinates": [[-121.454373, 38.408541], [-121.452484, 38.393743], [-121.455574, 38.379614], [-121.451454, 38.37948], [-121.440811, 38.293844], [-121.438065, 38.271139], [-121.432057, 38.255099], [-121.431692, 38.254375], [-121.428044, 38.253515], [-121.409397, 38.247887], [-121.396523, 38.24627], [-121.386223, 38.241281], [-121.400299, 38.241281], [-121.403132, 38.240068], [-121.41798, 38.239866], [-121.418495, 38.238922], [-121.419096, 38.237439]]}},
{"type": "Feature", "properties": {"ProjectID": "P6250", "full_id": null, "osm_id": null, "osm_type": null, "man_made": null, "operator:wikidata": null, "bridge": null, "intermittent": null, "operator": null, "waterway": null, "tunnel": null, "name": null, "gnis:feature_id": null, "nhd:com_id": null, "pipe_type": null, "nhd:reach_code": null, "nhd:fdate": null, "location": null, "layer": null, "gnis:ftype": null, "gnis:fcode": null, "tiger:reviewed": null, "tiger:county": null, "tiger:cfcc": null, "substance": null, "tiger:upload_uuid": null, "tiger:tlid": null, "tiger:source": null, "path": null}, "geometry": {"type": "LineString", "coordinates": [[-119.974228, 36.88193], [-119.848824, 36.88017]]}},
{"type": "Feature", "properties": {"ProjectID": "P6250", "full_id": null, "osm_id": null, "osm_type": null, "man_made": null, "operator:wikidata": null, "bridge": null, "intermittent": null, "operator": null, "waterway": null, "tunnel": null, "name": null, "gnis:feature_id": null, "nhd:com_id": null, "pipe_type": null, "nhd:reach_code": null, "nhd:fdate": null, "location": null, "layer": null, "gnis:ftype": null, "gnis:fcode": null, "tiger:reviewed": null, "tiger:county": null, "tiger:cfcc": null, "substance": null, "tiger:upload_uuid": null, "tiger:tlid": null, "tiger:source": null, "path": null}, "geometry": {"type": "LineString", "coordinates": [[-122.526398, 37.968831], [-122.525969, 37.970946], [-122.525818, 37.97191], [-122.52408, 37.971656]]}},
{"type": "Feature", "properties": {"ProjectID": "P6250", "full_id": null, "osm_id": null, "osm_type": null, "man_made": null, "operator:wikidata": null, "bridge": null, "intermittent": null, "operator": null, "waterway": null, "tunnel": null, "name": null, "gnis:feature_id": null, "nhd:com_id": null, "pipe_type": null, "nhd:reach_code": null, "nhd:fdate": null, "location": null, "layer": null, "gnis:ftype": null, "gnis:fcode": null, "tiger:reviewed": null, "tiger:county": null, "tiger:cfcc": null, "substance": null, "tiger:upload_uuid": null, "tiger:tlid": null, "tiger:source": null, "path": null}, "geometry": {"type": "LineString", "coordinates": [[-122.276716, 37.790693], [-122.276588, 37.780891]]}},
{"type": "Feature", "properties": {"ProjectID": "P6250", "full_id": null, "osm_id": null, "osm_type": null, "man_made": null, "operator:wikidata": null, "bridge": null, "intermittent": null, "operator": null, "waterway": null, "tunnel": null, "name": null, "gnis:feature_id": null, "nhd:com_id": null, "pipe_type": null, "nhd:reach_code": null, "nhd:fdate": null, "location": null, "layer": null, "gnis:ftype": null, "gnis:fcode": null, "tiger:reviewed": null, "tiger:county": null, "tiger:cfcc": null, "substance": null, "tiger:upload_uuid": null, "tiger:tlid": null, "tiger:source": null, "path": null}, "geometry": {"type": "LineString", "coordinates": [[-121.506214, 38.575213], [-121.507673, 38.575481], [-121.508446, 38.573602], [-121.508274, 38.570851], [-121.50733, 38.572596], [-121.496859, 38.569844], [-121.497116, 38.568972], [-121.476259, 38.563536], [-121.474114, 38.562999], [-121.471539, 38.568636], [-121.470165, 38.568368]]}},
{"type": "Feature", "properties": {"ProjectID": "P6250", "full_id": null, "osm_id": null, "osm_type": null, "man_made": null, "operator:wikidata": null, "bridge": null, "intermittent": null, "operator": null, "waterway": null, "tunnel": null, "name": null, "gnis:feature_id": null, "nhd:com_id": null, "pipe_type": null, "nhd:reach_code": null, "nhd:fdate": null, "location": null, "layer": null, "gnis:ftype": null, "gnis:fcode": null, "tiger:reviewed": null, "tiger:county": null, "tiger:cfcc": null, "substance": null, "tiger:upload_uuid": null, "tiger:tlid": null, "tiger:source": null, "path": null}, "geometry": {"type": "LineString", "coordinates": [[-121.457892, 38.434564], [-121.454373, 38.408541], [-121.459351, 38.408406], [-121.461926, 38.406523], [-121.463986, 38.404505], [-121.467934, 38.403698], [-121.471539, 38.40464], [-121.473942, 38.406657], [-121.476345, 38.408675], [-121.477547, 38.411634], [-121.479435, 38.41419], [-121.480293, 38.415804], [-121.510506, 38.415804], [-121.512909, 38.419705], [-121.520977, 38.416611], [-121.527586, 38.42468], [-121.528616, 38.424176]]}},
{"type": "Feature", "properties": {"ProjectID": "P6250", "full_id": null, "osm_id": null, "osm_type": null, "man_made": null, "operator:wikidata": null, "bridge": null, "intermittent": null, "operator": null, "waterway": null, "tunnel": null, "name": null, "gnis:feature_id": null, "nhd:com_id": null, "pipe_type": null, "nhd:reach_code": null, "nhd:fdate": null, "location": null, "layer": null, "gnis:ftype": null, "gnis:fcode": null, "tiger:reviewed": null, "tiger:county": null, "tiger:cfcc": null, "substance": null, "tiger:upload_uuid": null, "tiger:tlid": null, "tiger:source": null, "path": null}, "geometry": {"type": "LineString", "coordinates": [[-121.923158, 37.424571], [-121.919489, 37.425184], [-121.918287, 37.426957], [-121.918717, 37.430705], [-121.923781, 37.455579]]}},
{"type": "Feature", "properties": {"ProjectID": "P6250", "full_id": null, "osm_id": null, "osm_type": null, "man_made": null, "operator:wikidata": null, "bridge": null, "intermittent": null, "operator": null, "waterway": null, "tunnel": null, "name": null, "gnis:feature_id": null, "nhd:com_id": null, "pipe_type": null, "nhd:reach_code": null, "nhd:fdate": null, "location": null, "layer": null, "gnis:ftype": null, "gnis:fcode": null, "tiger:reviewed": null, "tiger:county": null, "tiger:cfcc": null, "substance": null, "tiger:upload_uuid": null, "tiger:tlid": null, "tiger:source": null, "path": null}, "geometry": {"type": "LineString", "coordinates": [[-121.771, 38.467166], [-121.776495, 38.452849], [-121.782847, 38.447203], [-121.785851, 38.445321], [-121.817265, 38.445321], [-121.817522, 38.441489], [-121.822844, 38.441624], [-121.822844, 38.440279], [-121.829367, 38.440413]]}},
{"type": "Feature", "properties": {"ProjectID": "P6250", "full_id": null, "osm_id": null, "osm_type": null, "man_made": null, "operator:wikidata": null, "bridge": null, "intermittent": null, "operator": null, "waterway": null, "tunnel": null, "name": null, "gnis:feature_id": null, "nhd:com_id": null, "pipe_type": null, "nhd:reach_code": null, "nhd:fdate": null, "location": null, "layer": null, "gnis:ftype": null, "gnis:fcode": null, "tiger:reviewed": null, "tiger:county": null, "tiger:cfcc": null, "substance": null, "tiger:upload_uuid": null, "tiger:tlid": null, "tiger:source": null, "path": null}, "geometry": {"type": "LineString", "coordinates": [[-122.161687, 38.121269], [-122.163076, 38.127603], [-122.166166, 38.131721], [-122.167626, 38.132059], [-122.168999, 38.133139], [-122.169342, 38.134624], [-122.169428, 38.136042], [-122.170801, 38.138], [-122.171831, 38.140227], [-122.171745, 38.141915], [-122.171745, 38.142658], [-122.171917, 38.144345], [-122.17226, 38.145763], [-122.173977, 38.146708], [-122.176037, 38.147855], [-122.177754, 38.150353]]}},
{"type": "Feature", "properties": {"ProjectID": "P6250", "full_id": null, "osm_id": null, "osm_type": null, "man_made": null, "operator:wikidata": null, "bridge": null, "intermittent": null, "operator": null, "waterway": null, "tunnel": null, "name": null, "gnis:feature_id": null, "nhd:com_id": null, "pipe_type": null, "nhd:reach_code": null, "nhd:fdate": null, "location": null, "layer": null, "gnis:ftype": null, "gnis:fcode": null, "tiger:reviewed": null, "tiger:county": null, "tiger:cfcc": null, "substance": null, "tiger:upload_uuid": null, "tiger:tlid": null, "tiger:source": null, "path": null}, "geometry": {"type": "LineString", "coordinates": [[-121.622944, 37.92443], [-121.631355, 37.917955]]}},
{"type": "Feature", "properties": {"ProjectID": "P6250", "full_id": null, "osm_id": null, "osm_type": null, "man_made": null, "operator:wikidata": null, "bridge": null, "intermittent": null, "operator": null, "waterway": null, "tunnel": null, "name": null, "gnis:feature_id": null, "nhd:com_id": null, "pipe_type": null, "nhd:reach_code": null, "nhd:fdate": null, "location": null, "layer": null, "gnis:ftype": null, "gnis:fcode": null, "tiger:reviewed": null, "tiger:county": null, "tiger:cfcc": null, "substance": null, "tiger:upload_uuid": null, "tiger:tlid": null, "tiger:source": null, "path": null}, "geometry": {"type": "LineString", "coordinates": [[-122.179553, 37.739347], [-122.177517, 37.740924], [-122.176852, 37.74145], [-122.175779, 37.741925], [-122.170329, 37.744538], [-122.161961, 37.748407], [-122.155995, 37.751138], [-122.154386, 37.751563], [-122.153764, 37.751868], [-122.153485, 37.752513]]}},
{"type": "Feature", "properties": {"ProjectID": "P6250", "full_id": null, "osm_id": null, "osm_type": null, "man_made": null, "operator:wikidata": null, "bridge": null, "intermittent": null, "operator": null, "waterway": null, "tunnel": null, "name": null, "gnis:feature_id": null, "nhd:com_id": null, "pipe_type": null, "nhd:reach_code": null, "nhd:fdate": null, "location": null, "layer": null, "gnis:ftype": null, "gnis:fcode": null, "tiger:reviewed": null, "tiger:county": null, "tiger:cfcc": null, "substance": null, "tiger:upload_uuid": null, "tiger:tlid": null, "tiger:source": null, "path": null}, "geometry": {"type": "LineString", "coordinates": [[-121.545954, 38.57689], [-121.530933, 38.577293], [-121.530762, 38.575414], [-121.527758, 38.575951], [-121.52647, 38.574609], [-121.52445, 38.57513]]}},
{"type": "Feature", "properties": {"ProjectID": "P6250", "full_id": null, "osm_id": null, "osm_type": null, "man_made": null, "operator:wikidata": null, "bridge": null, "intermittent": null, "operator": null, "waterway": null, "tunnel": null, "name": null, "gnis:feature_id": null, "nhd:com_id": null, "pipe_type": null, "nhd:reach_code": null, "nhd:fdate": null, "location": null, "layer": null, "gnis:ftype": null, "gnis:fcode": null, "tiger:reviewed": null, "tiger:county": null, "tiger:cfcc": null, "substance": null, "tiger:upload_uuid": null, "tiger:tlid": null, "tiger:source": null, "path": null}, "geometry": {"type": "LineString", "coordinates": [[-121.269321, 38.135249], [-121.2696, 38.13108], [-121.269729, 38.13032], [-121.269751, 38.129392], [-121.269708, 38.128514], [-121.270888, 38.128438], [-121.271027, 38.126531], [-121.271274, 38.126489]]}},
{"type": "Feature", "properties": {"ProjectID": "P6250", "full_id": null, "osm_id": null, "osm_type": null, "man_made": null, "operator:wikidata": null, "bridge": null, "intermittent": null, "operator": null, "waterway": null, "tunnel": null, "name": null, "gnis:feature_id": null, "nhd:com_id": null, "pipe_type": null, "nhd:reach_code": null, "nhd:fdate": null, "location": null, "layer": null, "gnis:ftype": null, "gnis:fcode": null, "tiger:reviewed": null, "tiger:county": null, "tiger:cfcc": null, "substance": null, "tiger:upload_uuid": null, "tiger:tlid": null, "tiger:source": null, "path": null}, "geometry": {"type": "LineString", "coordinates": [[-121.171139, 38.676729], [-121.165638, 38.680016], [-121.163235, 38.68149], [-121.160574, 38.682562], [-121.1586, 38.684036], [-121.15654, 38.685711], [-121.15448, 38.686917], [-121.149588, 38.688525], [-121.147013, 38.690066], [-121.144953, 38.692879], [-121.143665, 38.69241], [-121.138773, 38.692008], [-121.124611, 38.691673], [-121.123152, 38.69087], [-121.115341, 38.698908], [-121.11371, 38.699645], [-121.111136, 38.700315]]}},
{"type": "Feature", "properties": {"ProjectID": "P6250", "full_id": null, "osm_id": null, "osm_type": null, "man_made": null, "operator:wikidata": null, "bridge": null, "intermittent": null, "operator": null, "waterway": null, "tunnel": null, "name": null, "gnis:feature_id": null, "nhd:com_id": null, "pipe_type": null, "nhd:reach_code": null, "nhd:fdate": null, "location": null, "layer": null, "gnis:ftype": null, "gnis:fcode": null, "tiger:reviewed": null, "tiger:county": null, "tiger:cfcc": null, "substance": null, "tiger:upload_uuid": null, "tiger:tlid": null, "tiger:source": null, "path": null}, "geometry": {"type": "LineString", "coordinates": [[-122.043144, 38.243743], [-122.048664, 38.243641], [-122.050369, 38.24264], [-122.052569, 38.241349], [-122.053986, 38.24118], [-122.054029, 38.240573], [-122.08047, 38.228808], [-122.083726, 38.227359], [-122.083812, 38.228168], [-122.094755, 38.227899], [-122.096129, 38.23754], [-122.098103, 38.244112], [-122.098446, 38.246], [-122.090206, 38.245865], [-122.092266, 38.251999], [-122.092524, 38.272217], [-122.078104, 38.269589]]}},
{"type": "Feature", "properties": {"ProjectID": "P6250", "full_id": null, "osm_id": null, "osm_type": null, "man_made": null, "operator:wikidata": null, "bridge": null, "intermittent": null, "operator": null, "waterway": null, "tunnel": null, "name": null, "gnis:feature_id": null, "nhd:com_id": null, "pipe_type": null, "nhd:reach_code": null, "nhd:fdate": null, "location": null, "layer": null, "gnis:ftype": null, "gnis:fcode": null, "tiger:reviewed": null, "tiger:county": null, "tiger:cfcc": null, "substance": null, "tiger:upload_uuid": null, "tiger:tlid": null, "tiger:source": null, "path": null}, "geometry": {"type": "LineString", "coordinates": [[-121.786194, 38.112275], [-121.787052, 38.105926], [-121.783447, 38.102414], [-121.783791, 38.090931], [-121.772118, 38.075123], [-121.765337, 38.070933], [-121.758299, 38.032679], [-121.758041, 38.024836]]}},
{"type": "Feature", "properties": {"ProjectID": "P6250", "full_id": null, "osm_id": null, "osm_type": null, "man_made": null, "operator:wikidata": null, "bridge": null, "intermittent": null, "operator": null, "waterway": null, "tunnel": null, "name": null, "gnis:feature_id": null, "nhd:com_id": null, "pipe_type": null, "nhd:reach_code": null, "nhd:fdate": null, "location": null, "layer": null, "gnis:ftype": null, "gnis:fcode": null, "tiger:reviewed": null, "tiger:county": null, "tiger:cfcc": null, "substance": null, "tiger:upload_uuid": null, "tiger:tlid": null, "tiger:source": null, "path": null}, "geometry": {"type": "LineString", "coordinates": [[-122.074867, 39.536047], [-122.079585, 39.533554]]}},
{"type": "Feature", "properties": {"ProjectID": "P6250", "full_id": null, "osm_id": null, "osm_type": null, "man_made": null, "operator:wikidata": null, "bridge": null, "intermittent": null, "operator": null, "waterway": null, "tunnel": null, "name": null, "gnis:feature_id": null, "nhd:com_id": null, "pipe_type": null, "nhd:reach_code": null, "nhd:fdate": null, "location": null, "layer": null, "gnis:ftype": null, "gnis:fcode": null, "tiger:reviewed": null, "tiger:county": null, "tiger:cfcc": null, "substance": null, "tiger:upload_uuid": null, "tiger:tlid": null, "tiger:source": null, "path": null}, "geometry": {"type": "LineString", "coordinates": [[-122.215485, 40.063108], [-122.2143, 40.06308]]}},
{"type": "Feature", "properties": {"ProjectID": "P6250", "full_id": null, "osm_id": null, "osm_type": null, "man_made": null, "operator:wikidata": null, "bridge": null, "intermittent": null, "operator": null, "waterway": null, "tunnel": null, "name": null, "gnis:feature_id": null, "nhd:com_id": null, "pipe_type": null, "nhd:reach_code": null, "nhd:fdate": null, "location": null, "layer": null, "gnis:ftype": null, "gnis:fcode": null, "tiger:reviewed": null, "tiger:county": null, "tiger:cfcc": null, "substance": null, "tiger:upload_uuid": null, "tiger:tlid": null, "tiger:source": null, "path": null}, "geometry": {"type": "LineString", "coordinates": [[-122.355981, 37.587371], [-122.35096, 37.586827], [-122.337313, 37.586623], [-122.333107, 37.586486], [-122.33036, 37.585738], [-122.327099, 37.58295], [-122.307251, 37.564616], [-122.308152, 37.563885], [-122.308238, 37.563137], [-122.308817, 37.563188], [-122.312714, 37.560468], [-122.313473, 37.559939], [-122.313838, 37.560262], [-122.314482, 37.559735], [-122.314804, 37.560109], [-122.31504, 37.560007], [-122.315362, 37.560296], [-122.318044, 37.558272], [-122.319202, 37.559309], [-122.320619, 37.558136]]}},
{"type": "Feature", "properties": {"ProjectID": "P6250", "full_id": null, "osm_id": null, "osm_type": null, "man_made": null, "operator:wikidata": null, "bridge": null, "intermittent": null, "operator": null, "waterway": null, "tunnel": null, "name": null, "gnis:feature_id": null, "nhd:com_id": null, "pipe_type": null, "nhd:reach_code": null, "nhd:fdate": null, "location": null, "layer": null, "gnis:ftype": null, "gnis:fcode": null, "tiger:reviewed": null, "tiger:county": null, "tiger:cfcc": null, "substance": null, "tiger:upload_uuid": null, "tiger:tlid": null, "tiger:source": null, "path": null}, "geometry": {"type": "LineString", "coordinates": [[-120.061341, 36.617457], [-120.061341, 36.603815], [-120.061341, 36.588931]]}},
{"type": "Feature", "properties": {"ProjectID": "P6250", "full_id": null, "osm_id": null, "osm_type": null, "man_made": null, "operator:wikidata": null, "bridge": null, "intermittent": null, "operator": null, "waterway": null, "tunnel": null, "name": null, "gnis:feature_id": null, "nhd:com_id": null, "pipe_type": null, "nhd:reach_code": null, "nhd:fdate": null, "location": null, "layer": null, "gnis:ftype": null, "gnis:fcode": null, "tiger:reviewed": null, "tiger:county": null, "tiger:cfcc": null, "substance": null, "tiger:upload_uuid": null, "tiger:tlid": null, "tiger:source": null, "path": null}, "geometry": {"type": "LineString", "coordinates": [[-121.39884, 38.645232], [-121.416349, 38.628404], [-121.417208, 38.628807], [-121.420984, 38.62713]]}},
{"type": "Feature", "properties": {"ProjectID": "P6250", "full_id": null, "osm_id": null, "osm_type": null, "man_made": null, "operator:wikidata": null, "bridge": null, "intermittent": null, "operator": null, "waterway": null, "tunnel": null, "name": null, "gnis:feature_id": null, "nhd:com_id": null, "pipe_type": null, "nhd:reach_code": null, "nhd:fdate": null, "location": null, "layer": null, "gnis:ftype": null, "gnis:fcode": null, "tiger:reviewed": null, "tiger:county": null, "tiger:cfcc": null, "substance": null, "tiger:upload_uuid": null, "tiger:tlid": null, "tiger:source": null, "path": null}, "geometry": {"type": "LineString", "coordinates": [[-121.056978, 37.71316], [-121.085833, 37.713678], [-121.117402, 37.714246], [-121.162721, 37.751173], [-121.214906, 37.750088]]}},
{"type": "Feature", "properties": {"ProjectID": "P6250", "full_id": null, "osm_id": null, "osm_type": null, "man_made": null, "operator:wikidata": null, "bridge": null, "intermittent": null, "operator": null, "waterway": null, "tunnel": null, "name": null, "gnis:feature_id": null, "nhd:com_id": null, "pipe_type": null, "nhd:reach_code": null, "nhd:fdate": null, "location": null, "layer": null, "gnis:ftype": null, "gnis:fcode": null, "tiger:reviewed": null, "tiger:county": null, "tiger:cfcc": null, "substance": null, "tiger:upload_uuid": null, "tiger:tlid": null, "tiger:source": null, "path": null}, "geometry": {"type": "LineString", "coordinates": [[-121.614018, 38.157372], [-121.612859, 38.156494], [-121.595564, 38.164121], [-121.58638, 38.160814], [-121.575995, 38.159734], [-121.56835, 38.159668], [-121.560288, 38.159599], [-121.557627, 38.162703], [-121.566296, 38.166617], [-121.570587, 38.191311], [-121.571961, 38.193538]]}},
{"type": "Feature", "properties": {"ProjectID": "P6250", "full_id": null, "osm_id": null, "osm_type": null, "man_made": null, "operator:wikidata": null, "bridge": null, "intermittent": null, "operator": null, "waterway": null, "tunnel": null, "name": null, "gnis:feature_id": null, "nhd:com_id": null, "pipe_type": null, "nhd:reach_code": null, "nhd:fdate": null, "location": null, "layer": null, "gnis:ftype": null, "gnis:fcode": null, "tiger:reviewed": null, "tiger:county": null, "tiger:cfcc": null, "substance": null, "tiger:upload_uuid": null, "tiger:tlid": null, "tiger:source": null, "path": null}, "geometry": {"type": "LineString", "coordinates": [[-122.375658, 40.504728], [-122.378662, 40.505903], [-122.379777, 40.50959], [-122.381057, 40.51808], [-122.381344, 40.519982], [-122.387352, 40.552287], [-122.38761, 40.557961], [-122.386494, 40.560113], [-122.38452, 40.561417], [-122.384091, 40.56409], [-122.382116, 40.563764], [-122.382116, 40.566438], [-122.380829, 40.565785], [-122.37937, 40.567285], [-122.379885, 40.568002], [-122.377728, 40.56999], [-122.375851, 40.571719], [-122.37319, 40.578499], [-122.373962, 40.588863], [-122.374373, 40.60085], [-122.374477, 40.603918], [-122.374306, 40.615581], [-122.366581, 40.625549], [-122.366667, 40.627503], [-122.36656, 40.628106], [-122.365401, 40.634359], [-122.364929, 40.636085], [-122.365208, 40.637518], [-122.364993, 40.638267], [-122.364349, 40.639619], [-122.363126, 40.640742], [-122.358706, 40.650861], [-122.354436, 40.662703], [-122.352848, 40.664852], [-122.352194, 40.666781], [-122.352601, 40.666829]]}},
{"type": "Feature", "properties": {"ProjectID": "P6250", "full_id": null, "osm_id": null, "osm_type": null, "man_made": null, "operator:wikidata": null, "bridge": null, "intermittent": null, "operator": null, "waterway": null, "tunnel": null, "name": null, "gnis:feature_id": null, "nhd:com_id": null, "pipe_type": null, "nhd:reach_code": null, "nhd:fdate": null, "location": null, "layer": null, "gnis:ftype": null, "gnis:fcode": null, "tiger:reviewed": null, "tiger:county": null, "tiger:cfcc": null, "substance": null, "tiger:upload_uuid": null, "tiger:tlid": null, "tiger:source": null, "path": null}, "geometry": {"type": "LineString", "coordinates": [[-122.060466, 39.51788], [-122.054273, 39.508209], [-122.053428, 39.506888], [-122.052698, 39.506955], [-122.04587, 39.489858], [-122.034802, 39.462141], [-122.034116, 39.462207], [-122.031155, 39.457568], [-122.010384, 39.457369]]}},
{"type": "Feature", "properties": {"ProjectID": "P6250", "full_id": null, "osm_id": null, "osm_type": null, "man_made": null, "operator:wikidata": null, "bridge": null, "intermittent": null, "operator": null, "waterway": null, "tunnel": null, "name": null, "gnis:feature_id": null, "nhd:com_id": null, "pipe_type": null, "nhd:reach_code": null, "nhd:fdate": null, "location": null, "layer": null, "gnis:ftype": null, "gnis:fcode": null, "tiger:reviewed": null, "tiger:county": null, "tiger:cfcc": null, "substance": null, "tiger:upload_uuid": null, "tiger:tlid": null, "tiger:source": null, "path": null}, "geometry": {"type": "LineString", "coordinates": [[-120.964277, 37.60571], [-120.971834, 37.480308], [-121.15501, 37.431581]]}},
{"type": "Feature", "properties": {"ProjectID": "P6250", "full_id": null, "osm_id": null, "osm_type": null, "man_made": null, "operator:wikidata": null, "bridge": null, "intermittent": null, "operator": null, "waterway": null, "tunnel": null, "name": null, "gnis:feature_id": null, "nhd:com_id": null, "pipe_type": null, "nhd:reach_code": null, "nhd:fdate": null, "location": null, "layer": null, "gnis:ftype": null, "gnis:fcode": null, "tiger:reviewed": null, "tiger:county": null, "tiger:cfcc": null, "substance": null, "tiger:upload_uuid": null, "tiger:tlid": null, "tiger:source": null, "path": null}, "geometry": {"type": "LineString", "coordinates": [[-121.882327, 36.591276], [-121.846621, 36.61553], [-121.813662, 36.64198], [-121.805423, 36.670624], [-121.79169, 36.697055], [-121.747744, 36.714671], [-121.676333, 36.714671]]}},
{"type": "Feature", "properties": {"ProjectID": "P6250", "full_id": null, "osm_id": null, "osm_type": null, "man_made": null, "operator:wikidata": null, "bridge": null, "intermittent": null, "operator": null, "waterway": null, "tunnel": null, "name": null, "gnis:feature_id": null, "nhd:com_id": null, "pipe_type": null, "nhd:reach_code": null, "nhd:fdate": null, "location": null, "layer": null, "gnis:ftype": null, "gnis:fcode": null, "tiger:reviewed": null, "tiger:county": null, "tiger:cfcc": null, "substance": null, "tiger:upload_uuid": null, "tiger:tlid": null, "tiger:source": null, "path": null}, "geometry": {"type": "LineString", "coordinates": [[-119.813032, 36.745006], [-119.805565, 36.740948], [-119.806938, 36.739847], [-119.804535, 36.738059], [-119.808998, 36.733932], [-119.808998, 36.728429], [-119.806252, 36.728016], [-119.801445, 36.723888], [-119.801274, 36.706825], [-119.787884, 36.70655], [-119.785309, 36.708752], [-119.783077, 36.7071], [-119.783249, 36.70421], [-119.772949, 36.70421], [-119.772778, 36.69843], [-119.745312, 36.698843], [-119.74514, 36.707169]]}},
{"type": "Feature", "properties": {"ProjectID": "P6250", "full_id": null, "osm_id": null, "osm_type": null, "man_made": null, "operator:wikidata": null, "bridge": null, "intermittent": null, "operator": null, "waterway": null, "tunnel": null, "name": null, "gnis:feature_id": null, "nhd:com_id": null, "pipe_type": null, "nhd:reach_code": null, "nhd:fdate": null, "location": null, "layer": null, "gnis:ftype": null, "gnis:fcode": null, "tiger:reviewed": null, "tiger:county": null, "tiger:cfcc": null, "substance": null, "tiger:upload_uuid": null, "tiger:tlid": null, "tiger:source": null, "path": null}, "geometry": {"type": "LineString", "coordinates": [[-121.842885, 38.242191], [-121.854858, 38.24236], [-121.854987, 38.241585]]}},
{"type": "Feature", "properties": {"ProjectID": "P6250", "full_id": null, "osm_id": null, "osm_type": null, "man_made": null, "operator:wikidata": null, "bridge": null, "intermittent": null, "operator": null, "waterway": null, "tunnel": null, "name": null, "gnis:feature_id": null, "nhd:com_id": null, "pipe_type": null, "nhd:reach_code": null, "nhd:fdate": null, "location": null, "layer": null, "gnis:ftype": null, "gnis:fcode": null, "tiger:reviewed": null, "tiger:county": null, "tiger:cfcc": null, "substance": null, "tiger:upload_uuid": null, "tiger:tlid": null, "tiger:source": null, "path": null}, "geometry": {"type": "LineString", "coordinates": [[-121.92687, 38.973223], [-121.960344, 38.925897], [-121.970558, 38.910938], [-121.967983, 38.903458], [-121.961203, 38.889096], [-121.967383, 38.884619]]}},
{"type": "Feature", "properties": {"ProjectID": "P6250", "full_id": null, "osm_id": null, "osm_type": null, "man_made": null, "operator:wikidata": null, "bridge": null, "intermittent": null, "operator": null, "waterway": null, "tunnel": null, "name": null, "gnis:feature_id": null, "nhd:com_id": null, "pipe_type": null, "nhd:reach_code": null, "nhd:fdate": null, "location": null, "layer": null, "gnis:ftype": null, "gnis:fcode": null, "tiger:reviewed": null, "tiger:county": null, "tiger:cfcc": null, "substance": null, "tiger:upload_uuid": null, "tiger:tlid": null, "tiger:source": null, "path": null}, "geometry": {"type": "LineString", "coordinates": [[-121.461625, 38.61516], [-121.462698, 38.606542], [-121.444759, 38.606475], [-121.440897, 38.60614], [-121.440125, 38.606743], [-121.434116, 38.604329], [-121.434546, 38.60339], [-121.419783, 38.596212], [-121.364679, 38.595407], [-121.364594, 38.617809], [-121.391718, 38.617989], [-121.415148, 38.618145], [-121.41594, 38.618443], [-121.419783, 38.619888], [-121.420107, 38.623108], [-121.420384, 38.625856], [-121.420984, 38.62713], [-121.427078, 38.62599], [-121.431082, 38.623022], [-121.432142, 38.622235], [-121.433086, 38.62076], [-121.438751, 38.618681], [-121.443815, 38.61506]]}},
{"type": "Feature", "properties": {"ProjectID": "P6250", "full_id": null, "osm_id": null, "osm_type": null, "man_made": null, "operator:wikidata": null, "bridge": null, "intermittent": null, "operator": null, "waterway": null, "tunnel": null, "name": null, "gnis:feature_id": null, "nhd:com_id": null, "pipe_type": null, "nhd:reach_code": null, "nhd:fdate": null, "location": null, "layer": null, "gnis:ftype": null, "gnis:fcode": null, "tiger:reviewed": null, "tiger:county": null, "tiger:cfcc": null, "substance": null, "tiger:upload_uuid": null, "tiger:tlid": null, "tiger:source": null, "path": null}, "geometry": {"type": "LineString", "coordinates": [[-119.738789, 36.867124], [-119.729519, 36.86685], [-119.729625, 36.885255], [-119.729656, 36.890745], [-119.729691, 36.896783], [-119.729862, 36.901176], [-119.731751, 36.903235], [-119.732437, 36.905705], [-119.729176, 36.909274], [-119.727802, 36.912019], [-119.728317, 36.914764], [-119.731236, 36.917098]]}},
{"type": "Feature", "properties": {"ProjectID": "P6250", "full_id": null, "osm_id": null, "osm_type": null, "man_made": null, "operator:wikidata": null, "bridge": null, "intermittent": null, "operator": null, "waterway": null, "tunnel": null, "name": null, "gnis:feature_id": null, "nhd:com_id": null, "pipe_type": null, "nhd:reach_code": null, "nhd:fdate": null, "location": null, "layer": null, "gnis:ftype": null, "gnis:fcode": null, "tiger:reviewed": null, "tiger:county": null, "tiger:cfcc": null, "substance": null, "tiger:upload_uuid": null, "tiger:tlid": null, "tiger:source": null, "path": null}, "geometry": {"type": "LineString", "coordinates": [[-122.1911, 39.528109], [-122.190886, 39.531519], [-122.188354, 39.533836], [-122.188096, 39.539164], [-122.165437, 39.559317], [-122.155051, 39.564213], [-122.153292, 39.56428], [-122.143679, 39.570896], [-122.140975, 39.574965], [-122.137283, 39.582494], [-122.117114, 39.623607], [-122.093339, 39.6362], [-122.064757, 39.652524], [-122.034459, 39.659661], [-122.010512, 39.659661], [-122.008066, 39.659661], [-121.999569, 39.659661]]}},
{"type": "Feature", "properties": {"ProjectID": "P6250", "full_id": null, "osm_id": null, "osm_type": null, "man_made": null, "operator:wikidata": null, "bridge": null, "intermittent": null, "operator": null, "waterway": null, "tunnel": null, "name": null, "gnis:feature_id": null, "nhd:com_id": null, "pipe_type": null, "nhd:reach_code": null, "nhd:fdate": null, "location": null, "layer": null, "gnis:ftype": null, "gnis:fcode": null, "tiger:reviewed": null, "tiger:county": null, "tiger:cfcc": null, "substance": null, "tiger:upload_uuid": null, "tiger:tlid": null, "tiger:source": null, "path": null}, "geometry": {"type": "LineString", "coordinates": [[-122.04587, 39.489858], [-122.042398, 39.490695], [-122.04242, 39.491043]]}},
{"type": "Feature", "properties": {"ProjectID": "P6250", "full_id": null, "osm_id": null, "osm_type": null, "man_made": null, "operator:wikidata": null, "bridge": null, "intermittent": null, "operator": null, "waterway": null, "tunnel": null, "name": null, "gnis:feature_id": null, "nhd:com_id": null, "pipe_type": null, "nhd:reach_code": null, "nhd:fdate": null, "location": null, "layer": null, "gnis:ftype": null, "gnis:fcode": null, "tiger:reviewed": null, "tiger:county": null, "tiger:cfcc": null, "substance": null, "tiger:upload_uuid": null, "tiger:tlid": null, "tiger:source": null, "path": null}, "geometry": {"type": "LineString", "coordinates": [[-121.889877, 39.062316], [-121.896744, 39.045186], [-121.885157, 39.045186], [-121.885157, 39.047652], [-121.883011, 39.047652]]}},
{"type": "Feature", "properties": {"ProjectID": "P6250", "full_id": null, "osm_id": null, "osm_type": null, "man_made": null, "operator:wikidata": null, "bridge": null, "intermittent": null, "operator": null, "waterway": null, "tunnel": null, "name": null, "gnis:feature_id": null, "nhd:com_id": null, "pipe_type": null, "nhd:reach_code": null, "nhd:fdate": null, "location": null, "layer": null, "gnis:ftype": null, "gnis:fcode": null, "tiger:reviewed": null, "tiger:county": null, "tiger:cfcc": null, "substance": null, "tiger:upload_uuid": null, "tiger:tlid": null, "tiger:source": null, "path": null}, "geometry": {"type": "LineString", "coordinates": [[-121.737957, 37.773971], [-121.738987, 37.776956], [-121.740532, 37.782519], [-121.73933, 37.79188], [-121.736584, 37.793915], [-121.731939, 37.795426], [-121.730747, 37.795814], [-121.727657, 37.796628], [-121.723709, 37.800833], [-121.718559, 37.80463], [-121.71341, 37.804902], [-121.705685, 37.80558], [-121.704483, 37.807614]]}},
{"type": "Feature", "properties": {"ProjectID": "P6250", "full_id": null, "osm_id": null, "osm_type": null, "man_made": null, "operator:wikidata": null, "bridge": null, "intermittent": null, "operator": null, "waterway": null, "tunnel": null, "name": null, "gnis:feature_id": null, "nhd:com_id": null, "pipe_type": null, "nhd:reach_code": null, "nhd:fdate": null, "location": null, "layer": null, "gnis:ftype": null, "gnis:fcode": null, "tiger:reviewed": null, "tiger:county": null, "tiger:cfcc": null, "substance": null, "tiger:upload_uuid": null, "tiger:tlid": null, "tiger:source": null, "path": null}, "geometry": {"type": "LineString", "coordinates": [[-122.140911, 39.76837], [-122.170973, 39.768634], [-122.17608, 39.763389], [-122.181015, 39.756824], [-122.182989, 39.752502], [-122.18329, 39.749896], [-122.18389, 39.749665]]}},
{"type": "Feature", "properties": {"ProjectID": "P6250", "full_id": null, "osm_id": null, "osm_type": null, "man_made": null, "operator:wikidata": null, "bridge": null, "intermittent": null, "operator": null, "waterway": null, "tunnel": null, "name": null, "gnis:feature_id": null, "nhd:com_id": null, "pipe_type": null, "nhd:reach_code": null, "nhd:fdate": null, "location": null, "layer": null, "gnis:ftype": null, "gnis:fcode": null, "tiger:reviewed": null, "tiger:county": null, "tiger:cfcc": null, "substance": null, "tiger:upload_uuid": null, "tiger:tlid": null, "tiger:source": null, "path": null}, "geometry": {"type": "LineString", "coordinates": [[-121.329757, 38.707558], [-121.312752, 38.707482], [-121.311207, 38.708487], [-121.308117, 38.708554], [-121.30683, 38.707616], [-121.295242, 38.707616], [-121.293526, 38.707348], [-121.290007, 38.70641], [-121.288891, 38.70708], [-121.276617, 38.706812]]}},
{"type": "Feature", "properties": {"ProjectID": "P6250", "full_id": null, "osm_id": null, "osm_type": null, "man_made": null, "operator:wikidata": null, "bridge": null, "intermittent": null, "operator": null, "waterway": null, "tunnel": null, "name": null, "gnis:feature_id": null, "nhd:com_id": null, "pipe_type": null, "nhd:reach_code": null, "nhd:fdate": null, "location": null, "layer": null, "gnis:ftype": null, "gnis:fcode": null, "tiger:reviewed": null, "tiger:county": null, "tiger:cfcc": null, "substance": null, "tiger:upload_uuid": null, "tiger:tlid": null, "tiger:source": null, "path": null}, "geometry": {"type": "LineString", "coordinates": [[-121.874857, 38.01422], [-121.87048, 38.0128], [-121.867733, 38.013409], [-121.866188, 38.0128], [-121.864214, 38.011515], [-121.821041, 37.999748], [-121.817608, 37.998733], [-121.812372, 37.998801], [-121.803961, 37.998801], [-121.803703, 37.997718], [-121.797352, 37.997921], [-121.792374, 37.99711], [-121.787567, 38.000694], [-121.773577, 38.001438], [-121.77363, 38.004883], [-121.773748, 38.01253], [-121.787138, 38.012327]]}},
{"type": "Feature", "properties": {"ProjectID": "P6250", "full_id": null, "osm_id": null, "osm_type": null, "man_made": null, "operator:wikidata": null, "bridge": null, "intermittent": null, "operator": null, "waterway": null, "tunnel": null, "name": null, "gnis:feature_id": null, "nhd:com_id": null, "pipe_type": null, "nhd:reach_code": null, "nhd:fdate": null, "location": null, "layer": null, "gnis:ftype": null, "gnis:fcode": null, "tiger:reviewed": null, "tiger:county": null, "tiger:cfcc": null, "substance": null, "tiger:upload_uuid": null, "tiger:tlid": null, "tiger:source": null, "path": null}, "geometry": {"type": "LineString", "coordinates": [[-121.736712, 37.761691], [-121.736584, 37.772038]]}},
{"type": "Feature", "properties": {"ProjectID": "P6250", "full_id": null, "osm_id": null, "osm_type": null, "man_made": null, "operator:wikidata": null, "bridge": null, "intermittent": null, "operator": null, "waterway": null, "tunnel": null, "name": null, "gnis:feature_id": null, "nhd:com_id": null, "pipe_type": null, "nhd:reach_code": null, "nhd:fdate": null, "location": null, "layer": null, "gnis:ftype": null, "gnis:fcode": null, "tiger:reviewed": null, "tiger:county": null, "tiger:cfcc": null, "substance": null, "tiger:upload_uuid": null, "tiger:tlid": null, "tiger:source": null, "path": null}, "geometry": {"type": "LineString", "coordinates": [[-121.404076, 38.057824], [-121.324622, 38.057979], [-121.296444, 38.057706], [-121.266661, 38.057418]]}},
{"type": "Feature", "properties": {"ProjectID": "P6250", "full_id": null, "osm_id": null, "osm_type": null, "man_made": null, "operator:wikidata": null, "bridge": null, "intermittent": null, "operator": null, "waterway": null, "tunnel": null, "name": null, "gnis:feature_id": null, "nhd:com_id": null, "pipe_type": null, "nhd:reach_code": null, "nhd:fdate": null, "location": null, "layer": null, "gnis:ftype": null, "gnis:fcode": null, "tiger:reviewed": null, "tiger:county": null, "tiger:cfcc": null, "substance": null, "tiger:upload_uuid": null, "tiger:tlid": null, "tiger:source": null, "path": null}, "geometry": {"type": "LineString", "coordinates": [[-122.224209, 37.426462], [-122.226205, 37.426735], [-122.229488, 37.427263], [-122.231505, 37.427655], [-122.232213, 37.428047], [-122.23335, 37.427008], [-122.223716, 37.419544], [-122.221978, 37.420294], [-122.221398, 37.420174], [-122.22039, 37.420242], [-122.219081, 37.420328], [-122.218051, 37.419748]]}},
{"type": "Feature", "properties": {"ProjectID": "P6250", "full_id": null, "osm_id": null, "osm_type": null, "man_made": null, "operator:wikidata": null, "bridge": null, "intermittent": null, "operator": null, "waterway": null, "tunnel": null, "name": null, "gnis:feature_id": null, "nhd:com_id": null, "pipe_type": null, "nhd:reach_code": null, "nhd:fdate": null, "location": null, "layer": null, "gnis:ftype": null, "gnis:fcode": null, "tiger:reviewed": null, "tiger:county": null, "tiger:cfcc": null, "substance": null, "tiger:upload_uuid": null, "tiger:tlid": null, "tiger:source": null, "path": null}, "geometry": {"type": "LineString", "coordinates": [[-119.729519, 36.86685], [-119.693299, 36.866987], [-119.692955, 36.859021], [-119.684029, 36.859708], [-119.6842, 36.852153]]}},
{"type": "Feature", "properties": {"ProjectID": "P6250", "full_id": null, "osm_id": null, "osm_type": null, "man_made": null, "operator:wikidata": null, "bridge": null, "intermittent": null, "operator": null, "waterway": null, "tunnel": null, "name": null, "gnis:feature_id": null, "nhd:com_id": null, "pipe_type": null, "nhd:reach_code": null, "nhd:fdate": null, "location": null, "layer": null, "gnis:ftype": null, "gnis:fcode": null, "tiger:reviewed": null, "tiger:county": null, "tiger:cfcc": null, "substance": null, "tiger:upload_uuid": null, "tiger:tlid": null, "tiger:source": null, "path": null}, "geometry": {"type": "LineString", "coordinates": [[-121.689034, 38.103765], [-121.695986, 38.103697], [-121.695986, 38.102549]]}},
{"type": "Feature", "properties": {"ProjectID": "P6250", "full_id": null, "osm_id": null, "osm_type": null, "man_made": null, "operator:wikidata": null, "bridge": null, "intermittent": null, "operator": null, "waterway": null, "tunnel": null, "name": null, "gnis:feature_id": null, "nhd:com_id": null, "pipe_type": null, "nhd:reach_code": null, "nhd:fdate": null, "location": null, "layer": null, "gnis:ftype": null, "gnis:fcode": null, "tiger:reviewed": null, "tiger:county": null, "tiger:cfcc": null, "substance": null, "tiger:upload_uuid": null, "tiger:tlid": null, "tiger:source": null, "path": null}, "geometry": {"type": "LineString", "coordinates": [[-121.732589, 38.182473], [-121.735468, 38.182541]]}},
{"type": "Feature", "properties": {"ProjectID": "P6250", "full_id": null, "osm_id": null, "osm_type": null, "man_made": null, "operator:wikidata": null, "bridge": null, "intermittent": null, "operator": null, "waterway": null, "tunnel": null, "name": null, "gnis:feature_id": null, "nhd:com_id": null, "pipe_type": null, "nhd:reach_code": null, "nhd:fdate": null, "location": null, "layer": null, "gnis:ftype": null, "gnis:fcode": null, "tiger:reviewed": null, "tiger:county": null, "tiger:cfcc": null, "substance": null, "tiger:upload_uuid": null, "tiger:tlid": null, "tiger:source": null, "path": null}, "geometry": {"type": "LineString", "coordinates": [[-121.987939, 38.243506], [-122.011371, 38.243573], [-122.024975, 38.24391], [-122.028279, 38.244247], [-122.032142, 38.244854], [-122.035189, 38.245562], [-122.038794, 38.245899], [-122.040596, 38.244045], [-122.040467, 38.242865], [-122.042484, 38.242832], [-122.043128, 38.242865], [-122.043144, 38.243743], [-122.043171, 38.245292], [-122.040381, 38.245225], [-122.038794, 38.245899]]}},
{"type": "Feature", "properties": {"ProjectID": "P6250", "full_id": null, "osm_id": null, "osm_type": null, "man_made": null, "operator:wikidata": null, "bridge": null, "intermittent": null, "operator": null, "waterway": null, "tunnel": null, "name": null, "gnis:feature_id": null, "nhd:com_id": null, "pipe_type": null, "nhd:reach_code": null, "nhd:fdate": null, "location": null, "layer": null, "gnis:ftype": null, "gnis:fcode": null, "tiger:reviewed": null, "tiger:county": null, "tiger:cfcc": null, "substance": null, "tiger:upload_uuid": null, "tiger:tlid": null, "tiger:source": null, "path": null}, "geometry": {"type": "LineString", "coordinates": [[-121.672462, 40.862804], [-121.678648, 40.862592], [-121.682382, 40.86243], [-121.684785, 40.862219], [-121.686094, 40.862235], [-121.686587, 40.862495], [-121.688862, 40.862592], [-121.693647, 40.864637], [-121.694205, 40.86673], [-121.70032, 40.869651], [-121.697359, 40.873302], [-121.722379, 40.876888], [-121.722379, 40.879711]]}},
{"type": "Feature", "properties": {"ProjectID": "P6250", "full_id": null, "osm_id": null, "osm_type": null, "man_made": null, "operator:wikidata": null, "bridge": null, "intermittent": null, "operator": null, "waterway": null, "tunnel": null, "name": null, "gnis:feature_id": null, "nhd:com_id": null, "pipe_type": null, "nhd:reach_code": null, "nhd:fdate": null, "location": null, "layer": null, "gnis:ftype": null, "gnis:fcode": null, "tiger:reviewed": null, "tiger:county": null, "tiger:cfcc": null, "substance": null, "tiger:upload_uuid": null, "tiger:tlid": null, "tiger:source": null, "path": null}, "geometry": {"type": "LineString", "coordinates": [[-122.271996, 39.276584], [-122.209768, 39.276185], [-122.209511, 39.261899], [-122.191143, 39.261832], [-122.191057, 39.253059], [-122.189512, 39.253059]]}},
{"type": "Feature", "properties": {"ProjectID": "P6250", "full_id": null, "osm_id": null, "osm_type": null, "man_made": null, "operator:wikidata": null, "bridge": null, "intermittent": null, "operator": null, "waterway": null, "tunnel": null, "name": null, "gnis:feature_id": null, "nhd:com_id": null, "pipe_type": null, "nhd:reach_code": null, "nhd:fdate": null, "location": null, "layer": null, "gnis:ftype": null, "gnis:fcode": null, "tiger:reviewed": null, "tiger:county": null, "tiger:cfcc": null, "substance": null, "tiger:upload_uuid": null, "tiger:tlid": null, "tiger:source": null, "path": null}, "geometry": {"type": "LineString", "coordinates": [[-121.963696, 37.40224], [-121.945238, 37.409471]]}},
{"type": "Feature", "properties": {"ProjectID": "P6250", "full_id": null, "osm_id": null, "osm_type": null, "man_made": null, "operator:wikidata": null, "bridge": null, "intermittent": null, "operator": null, "waterway": null, "tunnel": null, "name": null, "gnis:feature_id": null, "nhd:com_id": null, "pipe_type": null, "nhd:reach_code": null, "nhd:fdate": null, "location": null, "layer": null, "gnis:ftype": null, "gnis:fcode": null, "tiger:reviewed": null, "tiger:county": null, "tiger:cfcc": null, "substance": null, "tiger:upload_uuid": null, "tiger:tlid": null, "tiger:source": null, "path": null}, "geometry": {"type": "LineString", "coordinates": [[-122.00841, 38.617809], [-121.991673, 38.584606], [-121.973734, 38.584204]]}},
{"type": "Feature", "properties": {"ProjectID": "P6250", "full_id": "way", "osm_id": "underground", "osm_type": "w895109349", "man_made": "pipeline", "operator:wikidata": "/Users/char/Desktop/gem o&g resources/gis data/Pacific Gas & Electric/2.geojson", "bridge": "Pacific Gas and Electric", "intermittent": "-1", "operator": "Q1815011", "waterway": "895109349", "tunnel": null, "name": null, "gnis:feature_id": null, "nhd:com_id": null, "pipe_type": null, "nhd:reach_code": null, "nhd:fdate": null, "location": null, "layer": null, "gnis:ftype": null, "gnis:fcode": null, "tiger:reviewed": null, "tiger:county": null, "tiger:cfcc": null, "substance": null, "tiger:upload_uuid": null, "tiger:tlid": null, "tiger:source": null, "path": null}, "geometry": {"type": "LineString", "coordinates": [[-122.017473, 40.421295], [-122.021643, 40.41556], [-122.043026, 40.385971], [-122.05253, 40.373288], [-122.057103, 40.366502], [-122.062373, 40.359222], [-122.063445, 40.357687], [-122.067229, 40.352421], [-122.070935, 40.347148], [-122.073278, 40.343716], [-122.074847, 40.341415], [-122.076001, 40.339718], [-122.077474, 40.337541], [-122.078955, 40.335385], [-122.079961, 40.333899], [-122.081615, 40.33157], [-122.082728, 40.330031], [-122.087773, 40.322347], [-122.092956, 40.314897], [-122.096117, 40.310092], [-122.098292, 40.306648], [-122.100547, 40.303055], [-122.10493, 40.296103], [-122.110213, 40.287068], [-122.117175, 40.275224], [-122.122573, 40.265954], [-122.126769, 40.258807], [-122.131594, 40.250539], [-122.137755, 40.239941], [-122.141341, 40.233592], [-122.146376, 40.222554], [-122.154273, 40.205688], [-122.157077, 40.199686], [-122.161273, 40.190567], [-122.18535, 40.137448], [-122.186937, 40.134364], [-122.191029, 40.124262], [-122.194233, 40.116349], [-122.207645, 40.083963], [-122.213699, 40.069341]]}},
{"type": "Feature", "properties": {"ProjectID": "P6250", "full_id": null, "osm_id": null, "osm_type": null, "man_made": null, "operator:wikidata": null, "bridge": null, "intermittent": null, "operator": null, "waterway": null, "tunnel": null, "name": null, "gnis:feature_id": null, "nhd:com_id": null, "pipe_type": null, "nhd:reach_code": null, "nhd:fdate": null, "location": null, "layer": null, "gnis:ftype": null, "gnis:fcode": null, "tiger:reviewed": null, "tiger:county": null, "tiger:cfcc": null, "substance": null, "tiger:upload_uuid": null, "tiger:tlid": null, "tiger:source": null, "path": null}, "geometry": {"type": "LineString", "coordinates": [[-122.328901, 37.910245], [-122.327228, 37.913834], [-122.326412, 37.913563], [-122.326584, 37.914274], [-122.327356, 37.915086], [-122.329397, 37.91668], [-122.33089, 37.917392], [-122.331734, 37.917795]]}},
{"type": "Feature", "properties": {"ProjectID": "P6250", "full_id": null, "osm_id": null, "osm_type": null, "man_made": null, "operator:wikidata": null, "bridge": null, "intermittent": null, "operator": null, "waterway": null, "tunnel": null, "name": null, "gnis:feature_id": null, "nhd:com_id": null, "pipe_type": null, "nhd:reach_code": null, "nhd:fdate": null, "location": null, "layer": null, "gnis:ftype": null, "gnis:fcode": null, "tiger:reviewed": null, "tiger:county": null, "tiger:cfcc": null, "substance": null, "tiger:upload_uuid": null, "tiger:tlid": null, "tiger:source": null, "path": null}, "geometry": {"type": "LineString", "coordinates": [[-122.309353, 37.557311], [-122.307476, 37.555635], [-122.306092, 37.554317], [-122.30563, 37.55373], [-122.305394, 37.553007], [-122.304804, 37.548558], [-122.304622, 37.547197], [-122.304053, 37.546313], [-122.303474, 37.545692], [-122.302948, 37.544994], [-122.302551, 37.54445], [-122.302047, 37.544058], [-122.301393, 37.543718], [-122.300416, 37.543131], [-122.297359, 37.539524], [-122.297777, 37.538656], [-122.297391, 37.538189], [-122.296801, 37.538622], [-122.295492, 37.537329], [-122.296157, 37.536819], [-122.295502, 37.536155], [-122.294741, 37.535219], [-122.292799, 37.533688], [-122.291307, 37.532548], [-122.290084, 37.53174], [-122.288121, 37.530489], [-122.286115, 37.529179], [-122.284226, 37.52786], [-122.280375, 37.524984], [-122.275729, 37.521316], [-122.272854, 37.51907], [-122.271137, 37.517691], [-122.26543, 37.52261], [-122.267168, 37.524261], [-122.265108, 37.526116], [-122.2647, 37.526405], [-122.264035, 37.526388], [-122.26367, 37.526354], [-122.263777, 37.52826]]}},
{"type": "Feature", "properties": {"ProjectID": "P6250", "full_id": null, "osm_id": null, "osm_type": null, "man_made": null, "operator:wikidata": null, "bridge": null, "intermittent": null, "operator": null, "waterway": null, "tunnel": null, "name": null, "gnis:feature_id": null, "nhd:com_id": null, "pipe_type": null, "nhd:reach_code": null, "nhd:fdate": null, "location": null, "layer": null, "gnis:ftype": null, "gnis:fcode": null, "tiger:reviewed": null, "tiger:county": null, "tiger:cfcc": null, "substance": null, "tiger:upload_uuid": null, "tiger:tlid": null, "tiger:source": null, "path": null}, "geometry": {"type": "LineString", "coordinates": [[-120.060866, 36.829663], [-120.061124, 36.778494], [-120.061341, 36.735583]]}},
{"type": "Feature", "properties": {"ProjectID": "P6250", "full_id": null, "osm_id": null, "osm_type": null, "man_made": null, "operator:wikidata": null, "bridge": null, "intermittent": null, "operator": null, "waterway": null, "tunnel": null, "name": null, "gnis:feature_id": null, "nhd:com_id": null, "pipe_type": null, "nhd:reach_code": null, "nhd:fdate": null, "location": null, "layer": null, "gnis:ftype": null, "gnis:fcode": null, "tiger:reviewed": null, "tiger:county": null, "tiger:cfcc": null, "substance": null, "tiger:upload_uuid": null, "tiger:tlid": null, "tiger:source": null, "path": null}, "geometry": {"type": "LineString", "coordinates": [[-122.046518, 39.569143], [-122.044802, 39.569143], [-122.044888, 39.56868]]}},
{"type": "Feature", "properties": {"ProjectID": "P6250", "full_id": null, "osm_id": null, "osm_type": null, "man_made": null, "operator:wikidata": null, "bridge": null, "intermittent": null, "operator": null, "waterway": null, "tunnel": null, "name": null, "gnis:feature_id": null, "nhd:com_id": null, "pipe_type": null, "nhd:reach_code": null, "nhd:fdate": null, "location": null, "layer": null, "gnis:ftype": null, "gnis:fcode": null, "tiger:reviewed": null, "tiger:county": null, "tiger:cfcc": null, "substance": null, "tiger:upload_uuid": null, "tiger:tlid": null, "tiger:source": null, "path": null}, "geometry": {"type": "LineString", "coordinates": [[-121.614304, 37.806808], [-121.610241, 37.80992], [-121.608181, 37.81209], [-121.607666, 37.813988], [-121.609383, 37.816158], [-121.611958, 37.819277], [-121.611786, 37.822396], [-121.614189, 37.823752], [-121.615391, 37.836632], [-121.612988, 37.838259], [-121.605606, 37.838937], [-121.603203, 37.844495], [-121.601486, 37.847748], [-121.618481, 37.88908], [-121.626722, 37.917941], [-121.631355, 37.923618], [-121.631699, 37.968832], [-121.682682, 38.027811], [-121.686115, 38.0512], [-121.691094, 38.054512]]}},
{"type": "Feature", "properties": {"ProjectID": "P6250", "full_id": null, "osm_id": null, "osm_type": null, "man_made": null, "operator:wikidata": null, "bridge": null, "intermittent": null, "operator": null, "waterway": null, "tunnel": null, "name": null, "gnis:feature_id": null, "nhd:com_id": null, "pipe_type": null, "nhd:reach_code": null, "nhd:fdate": null, "location": null, "layer": null, "gnis:ftype": null, "gnis:fcode": null, "tiger:reviewed": null, "tiger:county": null, "tiger:cfcc": null, "substance": null, "tiger:upload_uuid": null, "tiger:tlid": null, "tiger:source": null, "path": null}, "geometry": {"type": "LineString", "coordinates": [[-121.941633, 39.056651], [-121.923266, 39.056251], [-121.922407, 39.057051], [-121.922407, 39.057917], [-121.924553, 39.057784]]}},
{"type": "Feature", "properties": {"ProjectID": "P6250", "full_id": null, "osm_id": null, "osm_type": null, "man_made": null, "operator:wikidata": null, "bridge": null, "intermittent": null, "operator": null, "waterway": null, "tunnel": null, "name": null, "gnis:feature_id": null, "nhd:com_id": null, "pipe_type": null, "nhd:reach_code": null, "nhd:fdate": null, "location": null, "layer": null, "gnis:ftype": null, "gnis:fcode": null, "tiger:reviewed": null, "tiger:county": null, "tiger:cfcc": null, "substance": null, "tiger:upload_uuid": null, "tiger:tlid": null, "tiger:source": null, "path": null}, "geometry": {"type": "LineString", "coordinates": [[-120.939904, 37.737599], [-120.939217, 37.744386], [-120.944367, 37.751716], [-120.9478, 37.76013], [-120.960846, 37.768815]]}},
{"type": "Feature", "properties": {"ProjectID": "P6250", "full_id": null, "osm_id": null, "osm_type": null, "man_made": null, "operator:wikidata": null, "bridge": null, "intermittent": null, "operator": null, "waterway": null, "tunnel": null, "name": null, "gnis:feature_id": null, "nhd:com_id": null, "pipe_type": null, "nhd:reach_code": null, "nhd:fdate": null, "location": null, "layer": null, "gnis:ftype": null, "gnis:fcode": null, "tiger:reviewed": null, "tiger:county": null, "tiger:cfcc": null, "substance": null, "tiger:upload_uuid": null, "tiger:tlid": null, "tiger:source": null, "path": null}, "geometry": {"type": "LineString", "coordinates": [[-121.465101, 38.533665], [-121.465015, 38.532255], [-121.457033, 38.532322], [-121.457033, 38.52507], [-121.408882, 38.525003], [-121.408625, 38.53964], [-121.390343, 38.539573], [-121.390515, 38.546823], [-121.34408, 38.54736], [-121.34408, 38.549307], [-121.346273, 38.55482], [-121.348887, 38.561388], [-121.349917, 38.56367]]}},
{"type": "Feature", "properties": {"ProjectID": "P6250", "full_id": null, "osm_id": null, "osm_type": null, "man_made": null, "operator:wikidata": null, "bridge": null, "intermittent": null, "operator": null, "waterway": null, "tunnel": null, "name": null, "gnis:feature_id": null, "nhd:com_id": null, "pipe_type": null, "nhd:reach_code": null, "nhd:fdate": null, "location": null, "layer": null, "gnis:ftype": null, "gnis:fcode": null, "tiger:reviewed": null, "tiger:county": null, "tiger:cfcc": null, "substance": null, "tiger:upload_uuid": null, "tiger:tlid": null, "tiger:source": null, "path": null}, "geometry": {"type": "LineString", "coordinates": [[-121.865716, 38.242292], [-121.888161, 38.242731], [-121.890006, 38.243674], [-121.895156, 38.242697], [-121.940088, 38.243068], [-121.941676, 38.241989], [-121.95322, 38.241719], [-121.96219, 38.235214], [-121.968627, 38.230966], [-121.973176, 38.234742], [-121.973241, 38.241179], [-121.973262, 38.243304], [-121.969914, 38.24327], [-121.973241, 38.241179]]}},
{"type": "Feature", "properties": {"ProjectID": "P6250", "full_id": null, "osm_id": null, "osm_type": null, "man_made": null, "operator:wikidata": null, "bridge": null, "intermittent": null, "operator": null, "waterway": null, "tunnel": null, "name": null, "gnis:feature_id": null, "nhd:com_id": null, "pipe_type": null, "nhd:reach_code": null, "nhd:fdate": null, "location": null, "layer": null, "gnis:ftype": null, "gnis:fcode": null, "tiger:reviewed": null, "tiger:county": null, "tiger:cfcc": null, "substance": null, "tiger:upload_uuid": null, "tiger:tlid": null, "tiger:source": null, "path": null}, "geometry": {"type": "LineString", "coordinates": [[-122.314568, 40.459854], [-122.320511, 40.463928], [-122.374005, 40.500633], [-122.372289, 40.50202], [-122.375658, 40.504728], [-122.377546, 40.503766], [-122.378104, 40.504467]]}}
]
}
