{
"type": "FeatureCollection",
"features": [
{"type": "Feature", "properties": {"ProjectID": "P7735", "OBJECTID": 780, "NOMBRE": "GASPAL 22 (GUARAREMA - RECAP)", "longitud_km": 61.14204519, "pais": "BRASIL", "Shape__Length": 0.5866681049051513}, "geometry": {"type": "LineString", "coordinates": [[-45.983178, -23.460562], [-45.983178, -23.460664], [-45.983162, -23.460774], [-45.983116, -23.460877], [-45.983058, -23.460974], [-45.982892, -23.461271], [-45.982856, -23.461363], [-45.982838, -23.461473], [-45.982846, -23.461584], [-45.98289, -23.4618], [-45.983006, -23.462459], [-45.98331, -23.46399], [-45.983448, -23.464757], [-45.983561, -23.465303], [-45.983834, -23.46672], [-45.983884, -23.466997], [-45.984144, -23.468558], [-45.984154, -23.468612], [-45.984184, -23.468718], [-45.984409, -23.469279], [-45.984474, -23.46948], [-45.984518, -23.469576], [-45.984617, -23.469735], [-45.98474, -23.469923], [-45.984801, -23.470009], [-45.985089, -23.470331], [-45.98516, -23.470418], [-45.985219, -23.470513], [-45.985284, -23.470665], [-45.985313, -23.47077], [-45.985333, -23.470909], [-45.985329, -23.471465], [-45.985333, -23.471571], [-45.98534, -23.471625], [-45.985414, -23.471978], [-45.985456, -23.472248], [-45.985522, -23.47251], [-45.985681, -23.473187], [-45.985809, -23.473609], [-45.985849, -23.473713], [-45.985921, -23.473883], [-45.985968, -23.473984], [-45.98607, -23.47418], [-45.986372, -23.474739], [-45.986832, -23.475575], [-45.987329, -23.476438], [-45.987665, -23.477012], [-45.987901, -23.477426], [-45.988539, -23.478458], [-45.988838, -23.478932], [-45.988977, -23.479141], [-45.989044, -23.479233], [-45.989117, -23.479318], [-45.989197, -23.4794], [-45.989281, -23.479475], [-45.989917, -23.479979], [-45.9903, -23.480246], [-45.991238, -23.480891], [-45.99133, -23.480957], [-45.991655, -23.481203], [-45.99175, -23.48127], [-45.99185, -23.481331], [-45.991954, -23.481384], [-45.99206, -23.481433], [-45.992167, -23.481477], [-45.992277, -23.481515], [-45.992388, -23.481545], [-45.992549, -23.481583], [-45.992888, -23.481655], [-45.993963, -23.481874], [-45.99407, -23.481902], [-45.994172, -23.48194], [-45.994697, -23.482163], [-45.994964, -23.482279], [-45.995015, -23.482303], [-45.995064, -23.482332], [-45.99511, -23.482364], [-45.995152, -23.4824], [-45.995317, -23.482552], [-45.997138, -23.484273], [-45.997557, -23.484658], [-45.998323, -23.485395], [-45.998798, -23.485916], [-45.999309, -23.486483], [-45.999388, -23.486562], [-45.999476, -23.486635], [-45.999572, -23.4867], [-45.999675, -23.486757], [-46.000203, -23.487004], [-46.000306, -23.487056], [-46.000934, -23.487384], [-46.001348, -23.487605], [-46.001968, -23.487925], [-46.002271, -23.488061], [-46.002794, -23.488285], [-46.002905, -23.488325], [-46.004257, -23.488768], [-46.004588, -23.488885], [-46.004851, -23.488957], [-46.005122, -23.489039], [-46.005854, -23.489184], [-46.005968, -23.489198], [-46.006083, -23.4892], [-46.006189, -23.489191], [-46.00653, -23.489146], [-46.006647, -23.489137], [-46.006764, -23.489137], [-46.006882, -23.489147], [-46.007703, -23.489257], [-46.010096, -23.489632], [-46.010785, -23.489735], [-46.011964, -23.489918], [-46.012555, -23.489975], [-46.0131, -23.490051], [-46.013336, -23.490093], [-46.0138, -23.490184], [-46.013911, -23.490216], [-46.014488, -23.490435], [-46.014653, -23.490487], [-46.015944, -23.490866], [-46.018138, -23.491527], [-46.01927, -23.491862], [-46.019943, -23.49207], [-46.021186, -23.49244], [-46.021378, -23.492499], [-46.021488, -23.492543], [-46.021663, -23.492627], [-46.02177, -23.492669], [-46.022161, -23.49279], [-46.022276, -23.49282], [-46.022394, -23.492839], [-46.022515, -23.492849], [-46.022633, -23.492846], [-46.023816, -23.492763], [-46.024974, -23.492722], [-46.025358, -23.492723], [-46.025498, -23.492728], [-46.025617, -23.49274], [-46.026358, -23.492815], [-46.026708, -23.492846], [-46.027237, -23.492901], [-46.02759, -23.492934], [-46.028472, -23.493026], [-46.02859, -23.493033], [-46.02937, -23.49306], [-46.029488, -23.493057], [-46.030485, -23.492992], [-46.030641, -23.49298], [-46.030754, -23.492966], [-46.03112, -23.492893], [-46.031931, -23.492725], [-46.03228, -23.492649], [-46.032398, -23.492628], [-46.032755, -23.49259], [-46.032875, -23.492583], [-46.033194, -23.492571], [-46.033313, -23.49258], [-46.033472, -23.492606], [-46.033587, -23.492635], [-46.033697, -23.492678], [-46.034028, -23.49281], [-46.034133, -23.492863], [-46.034334, -23.492984], [-46.034432, -23.493047], [-46.035078, -23.493501], [-46.035176, -23.493564], [-46.035281, -23.493617], [-46.036055, -23.493945], [-46.036915, -23.494299], [-46.037025, -23.494342], [-46.037255, -23.494407], [-46.03794, -23.494584], [-46.038641, -23.49471], [-46.038757, -23.494736], [-46.038871, -23.494769], [-46.038981, -23.49481], [-46.04038, -23.495415], [-46.04057, -23.495496], [-46.04068, -23.495537], [-46.040796, -23.495569], [-46.04158, -23.495739], [-46.041696, -23.495761], [-46.041813, -23.495779], [-46.04196, -23.49579], [-46.042079, -23.495785], [-46.043254, -23.495668], [-46.043415, -23.495661], [-46.04353, -23.495652], [-46.043646, -23.495636], [-46.043998, -23.495575], [-46.045062, -23.495388], [-46.045181, -23.495371], [-46.045301, -23.495365], [-46.045435, -23.495363], [-46.045555, -23.495366], [-46.045733, -23.495376], [-46.045851, -23.49539], [-46.046411, -23.495491], [-46.046526, -23.495523], [-46.047214, -23.495771], [-46.047329, -23.495802], [-46.047444, -23.495825], [-46.047562, -23.49584], [-46.047682, -23.49584], [-46.047875, -23.495829], [-46.048016, -23.495819], [-46.048133, -23.495798], [-46.048595, -23.495679], [-46.048963, -23.495562], [-46.049645, -23.49538], [-46.050214, -23.495233], [-46.050332, -23.495212], [-46.050903, -23.495141], [-46.051023, -23.495134], [-46.051325, -23.495125], [-46.051444, -23.495131], [-46.052318, -23.495251], [-46.052435, -23.495278], [-46.052845, -23.495417], [-46.052953, -23.49545], [-46.053548, -23.495603], [-46.054137, -23.495744], [-46.054251, -23.49578], [-46.054361, -23.495825], [-46.055765, -23.49641], [-46.05609, -23.496542], [-46.056197, -23.49659], [-46.057143, -23.497047], [-46.057251, -23.497093], [-46.057365, -23.497126], [-46.05748, -23.497155], [-46.057831, -23.497234], [-46.058408, -23.49737], [-46.058692, -23.497432], [-46.059706, -23.497728], [-46.060048, -23.497824], [-46.060416, -23.497931], [-46.060511, -23.497954], [-46.062406, -23.498302], [-46.06252, -23.498324], [-46.063125, -23.498457], [-46.063239, -23.498473], [-46.063348, -23.498479], [-46.063466, -23.498479], [-46.063583, -23.498463], [-46.063813, -23.498415], [-46.064419, -23.498271], [-46.064536, -23.49825], [-46.064656, -23.498244], [-46.064751, -23.498245], [-46.064866, -23.498254], [-46.065534, -23.498338], [-46.066596, -23.498465], [-46.066714, -23.498485], [-46.066829, -23.498513], [-46.06751, -23.498687], [-46.0678, -23.498757], [-46.06927, -23.499071], [-46.069706, -23.499178], [-46.070158, -23.499282], [-46.070275, -23.499307], [-46.07039, -23.499326], [-46.070499, -23.499337], [-46.07061, -23.499335], [-46.072889, -23.499187], [-46.073004, -23.49917], [-46.073117, -23.499144], [-46.07423, -23.498886], [-46.074599, -23.498798], [-46.074878, -23.49874], [-46.074996, -23.498726], [-46.076292, -23.498685], [-46.077361, -23.498659], [-46.078344, -23.498581], [-46.079672, -23.498434], [-46.079792, -23.498429], [-46.07991, -23.498438], [-46.080808, -23.498567], [-46.080923, -23.498592], [-46.081035, -23.498632], [-46.081184, -23.4987], [-46.081813, -23.499023], [-46.082331, -23.499292], [-46.083863, -23.500078], [-46.084944, -23.500635], [-46.085045, -23.500693], [-46.085139, -23.500761], [-46.086047, -23.501507], [-46.086125, -23.501587], [-46.086663, -23.502229], [-46.087366, -23.503082], [-46.087568, -23.50334], [-46.087786, -23.503627], [-46.087855, -23.503712], [-46.088385, -23.504298], [-46.088775, -23.504781], [-46.088853, -23.504863], [-46.08928, -23.50523], [-46.089373, -23.505298], [-46.089675, -23.505495], [-46.089776, -23.50555], [-46.090618, -23.505922], [-46.09099, -23.506091], [-46.091099, -23.506137], [-46.091899, -23.506433], [-46.092008, -23.506479], [-46.092701, -23.506815], [-46.092801, -23.506859], [-46.092904, -23.506891], [-46.093483, -23.507045], [-46.093597, -23.507071], [-46.093743, -23.507088], [-46.093863, -23.507088], [-46.093982, -23.50708], [-46.094099, -23.507066], [-46.094638, -23.506964], [-46.095149, -23.506862], [-46.095265, -23.506846], [-46.095687, -23.506796], [-46.096031, -23.506764], [-46.096149, -23.50675], [-46.096968, -23.506627], [-46.097084, -23.506615], [-46.097203, -23.506618], [-46.097322, -23.506639], [-46.097372, -23.506652], [-46.097521, -23.506706], [-46.097627, -23.506758], [-46.097774, -23.506846], [-46.098018, -23.506995], [-46.098113, -23.507063], [-46.098193, -23.507144], [-46.098261, -23.507234], [-46.098651, -23.507818], [-46.098719, -23.507907], [-46.0988, -23.507987], [-46.098892, -23.508056], [-46.099086, -23.508181], [-46.099844, -23.508652], [-46.100035, -23.508774], [-46.10013, -23.508841], [-46.100217, -23.508915], [-46.100297, -23.50899], [-46.1012, -23.509899], [-46.101284, -23.509977], [-46.101899, -23.510483], [-46.101989, -23.510548], [-46.102727, -23.511022], [-46.102829, -23.511078], [-46.102934, -23.511131], [-46.103043, -23.511177], [-46.103696, -23.511437], [-46.10424, -23.511657], [-46.104382, -23.511699], [-46.104495, -23.511721], [-46.104613, -23.511732], [-46.105005, -23.511754], [-46.105477, -23.511776], [-46.105536, -23.511777], [-46.105595, -23.511774], [-46.105653, -23.511768], [-46.105711, -23.511757], [-46.106056, -23.511685], [-46.106454, -23.511589], [-46.107139, -23.51142], [-46.107678, -23.511321], [-46.107736, -23.511312], [-46.107854, -23.511304], [-46.108097, -23.511314], [-46.109032, -23.511363], [-46.110378, -23.511446], [-46.110848, -23.511479], [-46.111733, -23.511525], [-46.111851, -23.511517], [-46.111909, -23.511507], [-46.112025, -23.511479], [-46.112675, -23.511288], [-46.112789, -23.511262], [-46.112886, -23.511251], [-46.113246, -23.511231], [-46.113367, -23.511233], [-46.113485, -23.511253], [-46.113917, -23.511359], [-46.11463, -23.511528], [-46.115132, -23.51163], [-46.115247, -23.511644], [-46.115831, -23.511681], [-46.11595, -23.511683], [-46.116542, -23.511633], [-46.116663, -23.511631], [-46.116783, -23.511641], [-46.117021, -23.511672], [-46.117139, -23.511692], [-46.117254, -23.511725], [-46.117555, -23.511827], [-46.117664, -23.511874], [-46.117972, -23.512041], [-46.119333, -23.512806], [-46.119443, -23.512851], [-46.119559, -23.512879], [-46.119677, -23.512896], [-46.120502, -23.513009], [-46.120621, -23.513021], [-46.121792, -23.513073], [-46.12191, -23.513085], [-46.122028, -23.513105], [-46.122507, -23.513201], [-46.122861, -23.513264], [-46.123416, -23.513353], [-46.12353, -23.513383], [-46.123637, -23.51343], [-46.124611, -23.513967], [-46.125361, -23.514388], [-46.125864, -23.514683], [-46.125961, -23.514748], [-46.12711, -23.515663], [-46.127204, -23.515729], [-46.127806, -23.516121], [-46.128422, -23.516515], [-46.128523, -23.516574], [-46.129725, -23.517235], [-46.129829, -23.51729], [-46.129937, -23.517337], [-46.130411, -23.517542], [-46.130521, -23.517581], [-46.131404, -23.517819], [-46.131517, -23.517858], [-46.131623, -23.51791], [-46.132429, -23.518381], [-46.133747, -23.519123], [-46.134235, -23.519402], [-46.134343, -23.519452], [-46.1351, -23.51973], [-46.135214, -23.519766], [-46.135329, -23.51979], [-46.135848, -23.51987], [-46.135967, -23.519887], [-46.136087, -23.519897], [-46.136212, -23.519894], [-46.136614, -23.519864], [-46.136734, -23.51985], [-46.13685, -23.519821], [-46.137306, -23.519681], [-46.137419, -23.519642], [-46.139517, -23.518848], [-46.140631, -23.518433], [-46.141545, -23.518083], [-46.141653, -23.518033], [-46.142542, -23.517559], [-46.143601, -23.517001], [-46.144002, -23.51677], [-46.144701, -23.516356], [-46.1448, -23.516293], [-46.144896, -23.516228], [-46.14494, -23.516197], [-46.145031, -23.516125], [-46.145113, -23.516045], [-46.145363, -23.515773], [-46.145441, -23.515694], [-46.145645, -23.515503], [-46.145735, -23.51543], [-46.145834, -23.51537], [-46.145974, -23.51531], [-46.146086, -23.515277], [-46.146201, -23.515257], [-46.146319, -23.515256], [-46.147501, -23.515299], [-46.148802, -23.515359], [-46.148921, -23.515364], [-46.14916, -23.515365], [-46.149314, -23.515355], [-46.149431, -23.51533], [-46.149542, -23.515289], [-46.149619, -23.515254], [-46.149719, -23.515193], [-46.149799, -23.515111], [-46.14987, -23.514999], [-46.149912, -23.514896], [-46.150043, -23.514493], [-46.150086, -23.514391], [-46.150147, -23.514296], [-46.150223, -23.514212], [-46.150304, -23.514131], [-46.15039, -23.514056], [-46.15049, -23.513995], [-46.150599, -23.513949], [-46.150715, -23.51392], [-46.152024, -23.513682], [-46.152144, -23.513672], [-46.152261, -23.513686], [-46.152374, -23.513723], [-46.153457, -23.514196], [-46.153568, -23.514236], [-46.153683, -23.51427], [-46.153801, -23.514286], [-46.15392, -23.514275], [-46.154031, -23.514232], [-46.154129, -23.514169], [-46.154207, -23.514085], [-46.154235, -23.514047], [-46.154295, -23.513951], [-46.154423, -23.513713], [-46.154493, -23.513624], [-46.154575, -23.513543], [-46.154663, -23.513469], [-46.154768, -23.513414], [-46.154897, -23.513361], [-46.155011, -23.513327], [-46.155131, -23.513314], [-46.15597, -23.513302], [-46.156447, -23.513313], [-46.156687, -23.513321], [-46.156806, -23.513319], [-46.156952, -23.513303], [-46.157069, -23.513283], [-46.159122, -23.512756], [-46.160274, -23.512453], [-46.16039, -23.512425], [-46.160508, -23.512411], [-46.160627, -23.512423], [-46.160744, -23.512447], [-46.16097, -23.512522], [-46.161085, -23.512551], [-46.1627, -23.512956], [-46.163792, -23.513235], [-46.163909, -23.513251], [-46.164028, -23.51324], [-46.16414, -23.513205], [-46.164238, -23.513142], [-46.164315, -23.513057], [-46.164362, -23.512956], [-46.164461, -23.512638], [-46.164532, -23.512428], [-46.1648, -23.511699], [-46.165052, -23.51099], [-46.165132, -23.510783], [-46.165347, -23.51029], [-46.165403, -23.510192], [-46.165482, -23.510109], [-46.165577, -23.510043], [-46.165687, -23.509999], [-46.166452, -23.509788], [-46.166908, -23.509655], [-46.167251, -23.509558], [-46.167707, -23.509423], [-46.168834, -23.509073], [-46.170304, -23.508606], [-46.170411, -23.508556], [-46.17142, -23.507965], [-46.171698, -23.507798], [-46.171803, -23.507746], [-46.172358, -23.50754], [-46.172473, -23.507511], [-46.174952, -23.507112], [-46.175666, -23.507044], [-46.177616, -23.506872], [-46.1794, -23.506693], [-46.179994, -23.506628], [-46.183325, -23.506282], [-46.18512, -23.506092], [-46.186193, -23.505982], [-46.187268, -23.505866], [-46.188667, -23.505722], [-46.189379, -23.505656], [-46.189808, -23.505607], [-46.189929, -23.505604], [-46.190266, -23.505624], [-46.190385, -23.505623], [-46.191268, -23.505595], [-46.192388, -23.50557], [-46.193497, -23.505537], [-46.194906, -23.505514], [-46.195798, -23.505506], [-46.196518, -23.505494], [-46.197113, -23.505462], [-46.198001, -23.50542], [-46.19812, -23.505417], [-46.198835, -23.505438], [-46.198952, -23.505439], [-46.200006, -23.505433], [-46.200325, -23.505434], [-46.201202, -23.505426], [-46.20132, -23.505433], [-46.201554, -23.505467], [-46.202145, -23.505578], [-46.20226, -23.505604], [-46.202368, -23.505641], [-46.202603, -23.505737], [-46.202708, -23.505784], [-46.203022, -23.505941], [-46.203121, -23.506005], [-46.203986, -23.50668], [-46.204068, -23.506758], [-46.204894, -23.50772], [-46.205969, -23.509043], [-46.206111, -23.509221], [-46.206176, -23.509314], [-46.206245, -23.509403], [-46.206569, -23.509731], [-46.206658, -23.509806], [-46.206764, -23.509859], [-46.207005, -23.509951], [-46.20712, -23.509984], [-46.207239, -23.510001], [-46.207892, -23.510051], [-46.208011, -23.510067], [-46.208127, -23.510099], [-46.208235, -23.510147], [-46.208469, -23.510272], [-46.208575, -23.510325], [-46.209165, -23.510602], [-46.209276, -23.510645], [-46.20939, -23.510681], [-46.210432, -23.511005], [-46.210547, -23.511031], [-46.211567, -23.511188], [-46.211679, -23.511216], [-46.211783, -23.511264], [-46.212597, -23.51174], [-46.212702, -23.511793], [-46.212813, -23.511834], [-46.213374, -23.512009], [-46.21349, -23.512037], [-46.213607, -23.512054], [-46.213726, -23.512065], [-46.213934, -23.512081], [-46.214779, -23.512132], [-46.214897, -23.512147], [-46.215011, -23.512179], [-46.216087, -23.512565], [-46.216964, -23.512889], [-46.217074, -23.512934], [-46.217641, -23.51319], [-46.217744, -23.513245], [-46.218529, -23.513733], [-46.218631, -23.51379], [-46.218738, -23.513837], [-46.219176, -23.514002], [-46.219616, -23.514157], [-46.219974, -23.514279], [-46.220759, -23.514557], [-46.22133, -23.51469], [-46.221559, -23.514736], [-46.221974, -23.514839], [-46.222765, -23.515082], [-46.222821, -23.515098], [-46.222878, -23.515111], [-46.222936, -23.51512], [-46.222995, -23.515124], [-46.224011, -23.515166], [-46.224099, -23.515172], [-46.224157, -23.515179], [-46.224272, -23.515201], [-46.224427, -23.51524], [-46.225037, -23.515403], [-46.225292, -23.515467], [-46.225384, -23.515502], [-46.225488, -23.515551], [-46.22642, -23.516056], [-46.227225, -23.516482], [-46.227634, -23.51678], [-46.228275, -23.517254], [-46.228658, -23.517529], [-46.228903, -23.517651], [-46.229199, -23.517785], [-46.22925, -23.517807], [-46.229358, -23.517844], [-46.229694, -23.517924], [-46.230056, -23.518003], [-46.231278, -23.518134], [-46.231804, -23.518195], [-46.232152, -23.518241], [-46.232261, -23.518269], [-46.233116, -23.518516], [-46.235066, -23.519092], [-46.235286, -23.519161], [-46.235935, -23.519382], [-46.236747, -23.519567], [-46.236891, -23.519607], [-46.237042, -23.519657], [-46.237473, -23.519818], [-46.237621, -23.519877], [-46.238115, -23.520146], [-46.238582, -23.520388], [-46.238658, -23.52043], [-46.238704, -23.520463], [-46.239417, -23.521021], [-46.239458, -23.521055], [-46.239829, -23.52139], [-46.239881, -23.521432], [-46.239929, -23.521463], [-46.240168, -23.521608], [-46.240497, -23.521792], [-46.241818, -23.522405], [-46.24193, -23.522438], [-46.24216, -23.522473], [-46.242449, -23.522491], [-46.24303, -23.522536], [-46.243316, -23.522555], [-46.244802, -23.52267], [-46.245386, -23.522747], [-46.246616, -23.522893], [-46.247272, -23.522889], [-46.247686, -23.522891], [-46.248914, -23.522879], [-46.250371, -23.522888], [-46.250794, -23.522887], [-46.250852, -23.522888], [-46.250909, -23.522894], [-46.25127, -23.522937], [-46.251327, -23.522948], [-46.253099, -23.523335], [-46.253212, -23.523366], [-46.254038, -23.523642], [-46.254516, -23.523825], [-46.254864, -23.52397], [-46.255072, -23.524052], [-46.255464, -23.524194], [-46.255676, -23.524285], [-46.256081, -23.524446], [-46.256509, -23.52462], [-46.257764, -23.525141], [-46.257867, -23.525198], [-46.25833, -23.525498], [-46.259288, -23.52613], [-46.259473, -23.526241], [-46.260196, -23.526687], [-46.260316, -23.526758], [-46.26069, -23.526931], [-46.260738, -23.526961], [-46.260784, -23.526993], [-46.260826, -23.527031], [-46.260865, -23.527071], [-46.260932, -23.527159], [-46.260969, -23.527201], [-46.261009, -23.527242], [-46.261094, -23.527313], [-46.2619, -23.527861], [-46.262426, -23.52821], [-46.263277, -23.528793], [-46.263995, -23.529268], [-46.265375, -23.530199], [-46.266211, -23.530743], [-46.266406, -23.530873], [-46.266836, -23.531172], [-46.267752, -23.531791], [-46.26799, -23.531946], [-46.26823, -23.532108], [-46.268744, -23.532462], [-46.269743, -23.533138], [-46.271979, -23.534645], [-46.27303, -23.535347], [-46.273931, -23.535959], [-46.274562, -23.536379], [-46.274662, -23.536441], [-46.275067, -23.536679], [-46.27556, -23.536963], [-46.276053, -23.537254], [-46.276564, -23.537544], [-46.276665, -23.537605], [-46.276737, -23.537671], [-46.276883, -23.537836], [-46.27697, -23.537912], [-46.277189, -23.538067], [-46.277279, -23.538141], [-46.277528, -23.538376], [-46.278025, -23.538857], [-46.278334, -23.539148], [-46.278414, -23.539231], [-46.278486, -23.539316], [-46.278924, -23.539841], [-46.279007, -23.539921], [-46.279361, -23.540173], [-46.279461, -23.540233], [-46.280536, -23.540769], [-46.28064, -23.540825], [-46.281128, -23.541137], [-46.281235, -23.541189], [-46.281352, -23.541218], [-46.281526, -23.541247], [-46.281639, -23.541284], [-46.281735, -23.541348], [-46.282081, -23.541655], [-46.28213, -23.541717], [-46.282153, -23.541812], [-46.282144, -23.541923], [-46.282068, -23.542361], [-46.282054, -23.54247], [-46.281958, -23.543903], [-46.281937, -23.54456], [-46.281899, -23.545155], [-46.281899, -23.545697], [-46.281925, -23.546181], [-46.281965, -23.546782], [-46.281985, -23.546891], [-46.28203, -23.546988], [-46.282105, -23.547075], [-46.28231, -23.54727], [-46.282388, -23.54735], [-46.28242, -23.547396], [-46.282448, -23.547444], [-46.282469, -23.547495], [-46.282487, -23.547547], [-46.282497, -23.547601], [-46.282553, -23.548087], [-46.282651, -23.548678], [-46.282658, -23.548732], [-46.282681, -23.549111], [-46.282707, -23.549219], [-46.282826, -23.549548], [-46.282878, -23.549647], [-46.282978, -23.549782], [-46.283048, -23.54987], [-46.283089, -23.549909], [-46.283133, -23.549945], [-46.283182, -23.549977], [-46.283232, -23.550004], [-46.283442, -23.550092], [-46.283556, -23.550124], [-46.284546, -23.550247], [-46.286008, -23.550393], [-46.286066, -23.5504], [-46.286182, -23.550422], [-46.286426, -23.550486], [-46.286778, -23.550524], [-46.287191, -23.55056], [-46.287311, -23.55056], [-46.287613, -23.550518], [-46.287733, -23.550512], [-46.288857, -23.550507], [-46.288977, -23.550511], [-46.289685, -23.550569], [-46.291596, -23.550699], [-46.292686, -23.550778], [-46.292804, -23.5508], [-46.292911, -23.550849], [-46.293001, -23.550922], [-46.293459, -23.551408], [-46.293552, -23.551476], [-46.293969, -23.551702], [-46.294998, -23.552267], [-46.295108, -23.552311], [-46.295683, -23.552468], [-46.295928, -23.552539], [-46.296502, -23.552697], [-46.296619, -23.552722], [-46.297006, -23.552784], [-46.297122, -23.552812], [-46.297227, -23.55286], [-46.297322, -23.552927], [-46.297716, -23.553267], [-46.298586, -23.554027], [-46.29896, -23.554348], [-46.299038, -23.554432], [-46.299357, -23.554862], [-46.29967, -23.555328], [-46.299877, -23.555597], [-46.300892, -23.556825], [-46.301185, -23.557174], [-46.301466, -23.55753], [-46.302053, -23.558289], [-46.302335, -23.558645], [-46.302831, -23.559258], [-46.302911, -23.559339], [-46.303291, -23.55966], [-46.303542, -23.559893], [-46.303618, -23.559977], [-46.304023, -23.560519], [-46.304166, -23.560741], [-46.304321, -23.560954], [-46.304395, -23.56104], [-46.304483, -23.561111], [-46.305435, -23.561752], [-46.305823, -23.562009], [-46.306421, -23.562376], [-46.307174, -23.562846], [-46.307273, -23.562905], [-46.307376, -23.56296], [-46.307483, -23.56301], [-46.307702, -23.563102], [-46.308245, -23.563338], [-46.308902, -23.56361], [-46.309224, -23.563754], [-46.309768, -23.563984], [-46.310202, -23.564172], [-46.310314, -23.564211], [-46.310463, -23.564249], [-46.310571, -23.564288], [-46.310669, -23.564348], [-46.310854, -23.564484], [-46.311122, -23.564706], [-46.311213, -23.564777], [-46.311685, -23.565113], [-46.31192, -23.565269], [-46.312013, -23.565337], [-46.312146, -23.565441], [-46.312246, -23.565502], [-46.312644, -23.565684], [-46.312746, -23.565743], [-46.313058, -23.565985], [-46.313158, -23.566046], [-46.313492, -23.566203], [-46.313708, -23.5663], [-46.314578, -23.56667], [-46.314688, -23.566711], [-46.31491, -23.566786], [-46.31536, -23.566933], [-46.315785, -23.56708], [-46.31601, -23.567153], [-46.316116, -23.567203], [-46.316202, -23.567273], [-46.316268, -23.567364], [-46.316422, -23.567659], [-46.316485, -23.567752], [-46.316568, -23.567829], [-46.317209, -23.568305], [-46.317306, -23.56837], [-46.317612, -23.568543], [-46.318227, -23.568883], [-46.318421, -23.569015], [-46.318899, -23.569355], [-46.318974, -23.569418], [-46.319046, -23.569496], [-46.319128, -23.569576], [-46.319465, -23.569882], [-46.31988, -23.570277], [-46.319965, -23.570354], [-46.320718, -23.570998], [-46.32108, -23.571282], [-46.321609, -23.571723], [-46.322032, -23.572109], [-46.322655, -23.57263], [-46.322821, -23.572779], [-46.323418, -23.573336], [-46.323798, -23.573674], [-46.323892, -23.573744], [-46.324348, -23.574007], [-46.324629, -23.574174], [-46.324903, -23.574332], [-46.325102, -23.574433], [-46.325207, -23.574476], [-46.325434, -23.574527], [-46.325546, -23.574569], [-46.325867, -23.57471], [-46.326518, -23.574962], [-46.32682, -23.575095], [-46.327068, -23.575179], [-46.327173, -23.575202], [-46.32732, -23.57523], [-46.327434, -23.575262], [-46.327545, -23.575304], [-46.327652, -23.575356], [-46.327748, -23.575423], [-46.328108, -23.575701], [-46.328706, -23.576218], [-46.328802, -23.576283], [-46.329924, -23.57692], [-46.331059, -23.577628], [-46.331351, -23.577813], [-46.332111, -23.578306], [-46.332734, -23.578705], [-46.333361, -23.579116], [-46.333551, -23.579245], [-46.333754, -23.5794], [-46.335487, -23.580398], [-46.33558, -23.580468], [-46.336225, -23.581052], [-46.336398, -23.581201], [-46.336488, -23.581271], [-46.338287, -23.58254], [-46.338802, -23.582837], [-46.339292, -23.583178], [-46.339835, -23.583506], [-46.340102, -23.583691], [-46.340148, -23.583725], [-46.340276, -23.583837], [-46.340704, -23.584229], [-46.340791, -23.584301], [-46.340999, -23.584462], [-46.341528, -23.58475], [-46.341982, -23.58499], [-46.342479, -23.585258], [-46.342721, -23.585406], [-46.343742, -23.586043], [-46.34449, -23.586482], [-46.344886, -23.586721], [-46.345101, -23.586854], [-46.3454, -23.587063], [-46.346182, -23.587545], [-46.346813, -23.587946], [-46.347662, -23.588423], [-46.347919, -23.588604], [-46.348341, -23.588931], [-46.348433, -23.588998], [-46.348529, -23.58906], [-46.348797, -23.589222], [-46.349185, -23.589463], [-46.349512, -23.589641], [-46.34962, -23.589683], [-46.349897, -23.589779], [-46.350793, -23.590179], [-46.351227, -23.590368], [-46.351816, -23.590586], [-46.35242, -23.590774], [-46.352524, -23.590823], [-46.353256, -23.591292], [-46.353982, -23.591775], [-46.354986, -23.592382], [-46.355575, -23.592763], [-46.355667, -23.592834], [-46.355717, -23.592877], [-46.355797, -23.592958], [-46.355865, -23.593047], [-46.355902, -23.593104], [-46.355951, -23.593199], [-46.356059, -23.593473], [-46.356104, -23.593573], [-46.356153, -23.593674], [-46.356491, -23.594342], [-46.356549, -23.594438], [-46.356613, -23.594529], [-46.356685, -23.594615], [-46.357437, -23.595412], [-46.357511, -23.595496], [-46.357869, -23.595929], [-46.358005, -23.596086], [-46.358044, -23.596126], [-46.358087, -23.596163], [-46.358214, -23.596263], [-46.358306, -23.596331], [-46.358357, -23.596359], [-46.358467, -23.596401], [-46.358891, -23.596534], [-46.359165, -23.596614], [-46.360359, -23.59683], [-46.360474, -23.596856], [-46.360643, -23.596905], [-46.360768, -23.596944], [-46.361529, -23.597238], [-46.361689, -23.597305], [-46.361925, -23.597412], [-46.362161, -23.597569], [-46.362717, -23.597955], [-46.363396, -23.598387], [-46.363685, -23.598574], [-46.364348, -23.599027], [-46.364637, -23.599215], [-46.364827, -23.599342], [-46.365321, -23.599637], [-46.365571, -23.599781], [-46.365815, -23.599932], [-46.366606, -23.600401], [-46.367115, -23.600756], [-46.367414, -23.600978], [-46.368423, -23.601637], [-46.368758, -23.601859], [-46.369098, -23.602076], [-46.369432, -23.602299], [-46.369869, -23.602577], [-46.370108, -23.602736], [-46.370398, -23.602923], [-46.370924, -23.603274], [-46.371082, -23.603375], [-46.371185, -23.603429], [-46.371319, -23.603486], [-46.371413, -23.603537], [-46.371676, -23.603727], [-46.373243, -23.604746], [-46.373952, -23.605264], [-46.374909, -23.605916], [-46.374958, -23.605946], [-46.37501, -23.605972], [-46.375063, -23.605994], [-46.375176, -23.606029], [-46.375292, -23.60605], [-46.37535, -23.606055], [-46.375468, -23.606048], [-46.37552, -23.606038], [-46.375996, -23.605897], [-46.376214, -23.60579], [-46.376675, -23.605555], [-46.376784, -23.605514], [-46.37688, -23.605493], [-46.376939, -23.605485], [-46.376997, -23.605481], [-46.377125, -23.605478], [-46.377184, -23.605479], [-46.377243, -23.605484], [-46.378168, -23.605591], [-46.378226, -23.6056], [-46.378337, -23.60563], [-46.378502, -23.60569], [-46.378556, -23.605712], [-46.378606, -23.605741], [-46.378801, -23.605864], [-46.379364, -23.606233], [-46.379576, -23.60633], [-46.380583, -23.60677], [-46.380766, -23.606838], [-46.381483, -23.607054], [-46.382414, -23.607429], [-46.382527, -23.607459], [-46.382699, -23.60749], [-46.382806, -23.607517], [-46.382962, -23.607567], [-46.383163, -23.607637], [-46.383212, -23.607655], [-46.383322, -23.607705], [-46.383365, -23.607729], [-46.383455, -23.607798], [-46.383494, -23.607838], [-46.383612, -23.607978], [-46.383677, -23.608067], [-46.383899, -23.608434], [-46.383932, -23.608476], [-46.383991, -23.608535], [-46.38424, -23.608747], [-46.384398, -23.608904], [-46.384628, -23.60914], [-46.385024, -23.609445], [-46.385305, -23.609657], [-46.385938, -23.610012], [-46.386185, -23.610146], [-46.386562, -23.610283], [-46.386783, -23.610354], [-46.38701, -23.610414], [-46.388196, -23.610655], [-46.388311, -23.610688], [-46.388529, -23.610777], [-46.388634, -23.610826], [-46.388733, -23.610887], [-46.389255, -23.611251], [-46.389345, -23.61132], [-46.38961, -23.611539], [-46.389872, -23.611763], [-46.389959, -23.611824], [-46.39006, -23.611864], [-46.390194, -23.611889], [-46.390308, -23.611888], [-46.39042, -23.611877], [-46.39065, -23.611849], [-46.390798, -23.611828], [-46.390916, -23.611816], [-46.391133, -23.611817], [-46.391252, -23.611829], [-46.39137, -23.611851], [-46.391622, -23.611897], [-46.392775, -23.612124], [-46.394392, -23.612498], [-46.394506, -23.612529], [-46.39469, -23.6126], [-46.394796, -23.612652], [-46.394892, -23.612718], [-46.395011, -23.612812], [-46.395093, -23.612891], [-46.395169, -23.612975], [-46.395237, -23.613065], [-46.395288, -23.613165], [-46.39532, -23.613271], [-46.395333, -23.61338], [-46.395336, -23.613596], [-46.395326, -23.614104], [-46.395335, -23.614213], [-46.395367, -23.61432], [-46.395425, -23.614416], [-46.395507, -23.614496], [-46.396389, -23.615139], [-46.396488, -23.615201], [-46.396589, -23.615256], [-46.396796, -23.615362], [-46.397153, -23.615538], [-46.397253, -23.615594], [-46.397345, -23.615664], [-46.397405, -23.61572], [-46.397485, -23.615799], [-46.397555, -23.615885], [-46.397591, -23.615935], [-46.397648, -23.616029], [-46.39769, -23.616132], [-46.397714, -23.616237], [-46.397742, -23.616452], [-46.397753, -23.61656], [-46.39787, -23.618541], [-46.397883, -23.618633], [-46.397916, -23.618735], [-46.397969, -23.618863], [-46.398024, -23.618959], [-46.398093, -23.619044], [-46.398181, -23.619119], [-46.398282, -23.619178], [-46.398444, -23.619253], [-46.398547, -23.61931], [-46.398642, -23.619377], [-46.399103, -23.619747], [-46.3992, -23.619811], [-46.400057, -23.620307], [-46.400151, -23.620375], [-46.400231, -23.620457], [-46.400296, -23.62055], [-46.400344, -23.620649], [-46.400674, -23.621466], [-46.400713, -23.621559], [-46.400763, -23.621659], [-46.400931, -23.621952], [-46.400993, -23.622045], [-46.40119, -23.622283], [-46.401271, -23.622365], [-46.401363, -23.622435], [-46.401465, -23.62249], [-46.40236, -23.622899], [-46.40246, -23.622959], [-46.402578, -23.623043], [-46.402669, -23.623114], [-46.403104, -23.623477], [-46.403308, -23.623642], [-46.403409, -23.623697], [-46.403524, -23.623725], [-46.403644, -23.623731], [-46.403743, -23.623719], [-46.403847, -23.623689], [-46.404084, -23.623599], [-46.404189, -23.623553], [-46.404716, -23.623313], [-46.404826, -23.623273], [-46.405214, -23.623163], [-46.405331, -23.623137], [-46.40545, -23.623124], [-46.40557, -23.623118], [-46.405688, -23.62312], [-46.405807, -23.623128], [-46.405926, -23.623144], [-46.406009, -23.623161], [-46.406121, -23.623195], [-46.406226, -23.623246], [-46.406321, -23.623315], [-46.406408, -23.62339], [-46.406512, -23.623492], [-46.40663, -23.623635], [-46.406696, -23.623726], [-46.406747, -23.623825], [-46.407115, -23.624743], [-46.407147, -23.624848], [-46.407223, -23.625211], [-46.407251, -23.625319], [-46.407353, -23.625588], [-46.4074, -23.625689], [-46.407532, -23.625922], [-46.407588, -23.626018], [-46.407872, -23.626474], [-46.407921, -23.626575], [-46.407966, -23.626699], [-46.407997, -23.626793], [-46.408019, -23.626901], [-46.408015, -23.627012], [-46.407986, -23.627119], [-46.40793, -23.627236], [-46.407844, -23.627355], [-46.407695, -23.627523], [-46.40763, -23.627615], [-46.407487, -23.62786], [-46.407441, -23.627961], [-46.407414, -23.628069], [-46.407405, -23.628178], [-46.407417, -23.628287], [-46.407439, -23.628394], [-46.407472, -23.628499], [-46.407526, -23.628596], [-46.407593, -23.628685], [-46.407674, -23.628764], [-46.40774, -23.628822], [-46.408001, -23.629027], [-46.408059, -23.629075], [-46.408138, -23.629151], [-46.408207, -23.629239], [-46.408355, -23.629451], [-46.408421, -23.629536], [-46.408823, -23.630003], [-46.409099, -23.630363], [-46.40927, -23.630573], [-46.409373, -23.630704], [-46.409574, -23.63098], [-46.409693, -23.631194], [-46.409758, -23.631279], [-46.410029, -23.63158], [-46.4101, -23.631662], [-46.411009, -23.632805], [-46.411155, -23.632977], [-46.411385, -23.63323], [-46.411457, -23.633316], [-46.412198, -23.634272], [-46.412561, -23.634697], [-46.412616, -23.634774], [-46.412827, -23.63509], [-46.412889, -23.635173], [-46.413205, -23.635529], [-46.413284, -23.635606], [-46.413377, -23.63567], [-46.413479, -23.635719], [-46.413701, -23.6358], [-46.413814, -23.635836], [-46.413928, -23.635864], [-46.414042, -23.635875], [-46.414161, -23.635867], [-46.414294, -23.635843], [-46.415225, -23.635657], [-46.415344, -23.635639], [-46.415609, -23.635616], [-46.41573, -23.635616], [-46.415848, -23.635634], [-46.415975, -23.635674], [-46.416074, -23.635719], [-46.416165, -23.635777], [-46.416357, -23.635929], [-46.416449, -23.63599], [-46.41655, -23.636038], [-46.416658, -23.63608], [-46.416914, -23.636175], [-46.417023, -23.636208], [-46.417139, -23.636227], [-46.417374, -23.63625], [-46.418444, -23.636349], [-46.418755, -23.636374], [-46.418872, -23.636372], [-46.418987, -23.636353], [-46.419095, -23.636316], [-46.419195, -23.636263], [-46.419355, -23.636158], [-46.419446, -23.636091], [-46.419529, -23.636017], [-46.419608, -23.635937], [-46.420245, -23.635285], [-46.420335, -23.635212], [-46.421079, -23.634707], [-46.421413, -23.634427], [-46.421581, -23.63428], [-46.421654, -23.634196], [-46.421685, -23.634151], [-46.421887, -23.633843], [-46.421916, -23.633797], [-46.421941, -23.633749], [-46.421962, -23.633698], [-46.421979, -23.633646], [-46.422081, -23.633293], [-46.422161, -23.633039], [-46.422185, -23.632989], [-46.422212, -23.632941], [-46.422317, -23.632803], [-46.422394, -23.632721], [-46.422436, -23.632684], [-46.422829, -23.632359], [-46.422926, -23.632299], [-46.423029, -23.632249], [-46.423128, -23.632188], [-46.423663, -23.631763], [-46.423709, -23.631729], [-46.42381, -23.631674], [-46.424083, -23.631575], [-46.424136, -23.631553], [-46.424724, -23.631296], [-46.424776, -23.63127], [-46.424825, -23.63124], [-46.424871, -23.631208], [-46.424959, -23.631137], [-46.425006, -23.631105], [-46.425054, -23.631077], [-46.425106, -23.631053], [-46.425159, -23.631033], [-46.425215, -23.631017], [-46.425309, -23.630998], [-46.425425, -23.630988], [-46.42594, -23.631008], [-46.42629, -23.631004], [-46.427005, -23.630985], [-46.427639, -23.630942], [-46.428721, -23.630856], [-46.429181, -23.630854], [-46.429416, -23.63085], [-46.42992, -23.63083], [-46.430037, -23.630831], [-46.430268, -23.630848], [-46.430389, -23.63086], [-46.430949, -23.63098], [-46.431266, -23.631063], [-46.431547, -23.631128], [-46.431599, -23.631136], [-46.431708, -23.631146], [-46.432263, -23.631163], [-46.432371, -23.631175], [-46.432746, -23.631256], [-46.433147, -23.631337], [-46.433611, -23.631423], [-46.433831, -23.631467], [-46.434054, -23.631515], [-46.434163, -23.631552], [-46.434261, -23.631608], [-46.435053, -23.632162], [-46.435147, -23.632224], [-46.435405, -23.632378], [-46.435673, -23.632553], [-46.435767, -23.632622], [-46.436063, -23.632853], [-46.436246, -23.632974], [-46.436337, -23.633022], [-46.436829, -23.633215], [-46.437291, -23.633402], [-46.437393, -23.633454], [-46.437589, -23.633574], [-46.437677, -23.63364], [-46.437748, -23.633719], [-46.438112, -23.634215], [-46.438181, -23.634305], [-46.438262, -23.634387], [-46.438352, -23.634461], [-46.438455, -23.634517], [-46.438568, -23.634555], [-46.438623, -23.634569], [-46.43874, -23.634591], [-46.43886, -23.634596], [-46.43938, -23.63459], [-46.439495, -23.634596], [-46.439603, -23.634618], [-46.439715, -23.63465], [-46.43976, -23.634663], [-46.43987, -23.634703], [-46.440408, -23.634934], [-46.440738, -23.635067], [-46.44085, -23.635108], [-46.441185, -23.635217], [-46.441291, -23.635259], [-46.441704, -23.635449], [-46.442124, -23.63565], [-46.442227, -23.635707], [-46.442508, -23.635905], [-46.442705, -23.636034], [-46.443098, -23.636275], [-46.443202, -23.636323], [-46.443424, -23.636406], [-46.44354, -23.636435], [-46.443713, -23.636467], [-46.443832, -23.636482], [-46.443953, -23.636475], [-46.444072, -23.636459], [-46.444191, -23.636448], [-46.444543, -23.636424], [-46.444661, -23.636413], [-46.44501, -23.636364], [-46.445938, -23.636226], [-46.446057, -23.636207], [-46.44629, -23.636163], [-46.446409, -23.636145], [-46.447568, -23.63599], [-46.448155, -23.635907], [-46.448454, -23.635873], [-46.448573, -23.635871], [-46.448691, -23.635894], [-46.449554, -23.636129], [-46.449672, -23.636151], [-46.44979, -23.636153], [-46.450711, -23.636088], [-46.451542, -23.63607], [-46.451782, -23.636074], [-46.451901, -23.636079], [-46.45249, -23.636153], [-46.4532, -23.636251], [-46.453315, -23.636263], [-46.453537, -23.63628], [-46.453765, -23.636303], [-46.454626, -23.636401], [-46.454739, -23.636422], [-46.454852, -23.636449], [-46.454971, -23.63647], [-46.455632, -23.636567], [-46.45575, -23.63658], [-46.456229, -23.636623], [-46.45635, -23.636627], [-46.456469, -23.636616], [-46.456814, -23.636566], [-46.457647, -23.636453], [-46.458358, -23.636365], [-46.458954, -23.636298], [-46.459306, -23.636268], [-46.459422, -23.636262], [-46.459539, -23.636271], [-46.460352, -23.636387], [-46.460473, -23.636395], [-46.460829, -23.63638], [-46.461633, -23.636303], [-46.46174, -23.636286], [-46.461959, -23.636222], [-46.462076, -23.636201], [-46.464799, -23.635895], [-46.464919, -23.635881], [-46.465036, -23.635855], [-46.465163, -23.6358], [-46.465256, -23.63574], [-46.465329, -23.635666], [-46.46562, -23.635306], [-46.465678, -23.635212], [-46.465791, -23.634979], [-46.46585, -23.634883], [-46.46593, -23.634801], [-46.466028, -23.634737], [-46.46614, -23.634699], [-46.466337, -23.634652], [-46.466452, -23.63463], [-46.466576, -23.634624], [-46.466609, -23.634624], [-46.466727, -23.634635], [-46.46719, -23.634738], [-46.467903, -23.634934], [-46.468019, -23.634958], [-46.468139, -23.634967], [-46.468259, -23.634968], [-46.468379, -23.634961], [-46.468972, -23.634868], [-46.469287, -23.634832], [-46.469405, -23.634827], [-46.469525, -23.634838], [-46.470381, -23.634943], [-46.470498, -23.634968], [-46.471693, -23.635305], [-46.471807, -23.635333], [-46.472217, -23.635397], [-46.472782, -23.635492], [-46.472898, -23.635503], [-46.473194, -23.635522], [-46.473554, -23.635539], [-46.47391, -23.63554], [-46.474146, -23.635529], [-46.474629, -23.63553], [-46.474748, -23.635536], [-46.474806, -23.635545], [-46.474863, -23.635562], [-46.475064, -23.635642], [-46.475159, -23.635704], [-46.475344, -23.63588], [-46.475677, -23.636208], [-46.476804, -23.63734], [-46.476865, -23.637433], [-46.476886, -23.637541], [-46.476886, -23.637702], [-46.476868, -23.637811], [-46.476821, -23.637912], [-46.476645, -23.638196], [-46.476577, -23.638286], [-46.476489, -23.638358], [-46.476387, -23.638411], [-46.476117, -23.638523], [-46.476006, -23.638565], [-46.475898, -23.638614], [-46.475697, -23.638727], [-46.475437, -23.638885], [-46.475353, -23.638947], [-46.475288, -23.639034], [-46.475213, -23.639158]]}},
{"type": "Feature", "properties": {"ProjectID": "P7735", "OBJECTID": 783, "NOMBRE": "GASPAL 22 (ESVOL - LORENA)", "longitud_km": 128.81261936, "pais": "BRASIL", "Shape__Length": 1.229444413671235}, "geometry": {"type": "LineString", "coordinates": [[-45.076635, -22.792737], [-45.076373, -22.792552], [-45.076285, -22.792478], [-45.076214, -22.792402], [-45.075656, -22.791704], [-45.075579, -22.79162], [-45.075468, -22.791516], [-45.075392, -22.79143], [-45.074756, -22.790559], [-45.074466, -22.790152], [-45.074398, -22.790061], [-45.07432, -22.789978], [-45.074228, -22.789907], [-45.073976, -22.789753], [-45.073674, -22.789578], [-45.073381, -22.789387], [-45.07298, -22.789148], [-45.072579, -22.788919], [-45.072083, -22.78862], [-45.071879, -22.788507], [-45.07178, -22.788448], [-45.071486, -22.788261], [-45.071197, -22.788087], [-45.070602, -22.787746], [-45.069989, -22.787369], [-45.069442, -22.787054], [-45.068907, -22.786724], [-45.068807, -22.786669], [-45.068605, -22.786565], [-45.068508, -22.786508], [-45.067951, -22.786161], [-45.06786, -22.786095], [-45.067225, -22.785607], [-45.065958, -22.784615], [-45.064917, -22.783795], [-45.064117, -22.783158], [-45.06403, -22.783082], [-45.063948, -22.783002], [-45.063446, -22.782487], [-45.063216, -22.782257], [-45.06131, -22.780426], [-45.061147, -22.780267], [-45.060916, -22.780022], [-45.060836, -22.779942], [-45.06055, -22.779687], [-45.060467, -22.779608], [-45.059426, -22.778545], [-45.059345, -22.77847], [-45.059233, -22.778373], [-45.059142, -22.778301], [-45.059044, -22.778238], [-45.05853, -22.777932], [-45.058426, -22.777885], [-45.058316, -22.777858], [-45.058204, -22.77785], [-45.058092, -22.777863], [-45.057352, -22.778006], [-45.056964, -22.778085], [-45.056617, -22.778159], [-45.056196, -22.778259], [-45.056078, -22.778277], [-45.055869, -22.7783], [-45.055751, -22.778319], [-45.055375, -22.778397], [-45.054733, -22.778517], [-45.053923, -22.778681], [-45.053597, -22.778751], [-45.053481, -22.77877], [-45.053196, -22.778793], [-45.053079, -22.77881], [-45.052616, -22.778914], [-45.052271, -22.779005], [-45.052009, -22.779067], [-45.051892, -22.779087], [-45.051632, -22.779117], [-45.051512, -22.779123], [-45.051394, -22.779111], [-45.051279, -22.779082], [-45.051169, -22.779038], [-45.050699, -22.778795], [-45.050387, -22.77864], [-45.049976, -22.778419], [-45.049767, -22.778313], [-45.049041, -22.77793], [-45.048933, -22.777882], [-45.048715, -22.777794], [-45.04861, -22.777742], [-45.048564, -22.777712], [-45.048517, -22.777673], [-45.048437, -22.77759], [-45.048224, -22.777325], [-45.047521, -22.776427], [-45.04708, -22.775845], [-45.046666, -22.775306], [-45.046464, -22.775037], [-45.045953, -22.774415], [-45.045884, -22.774325], [-45.04544, -22.773709], [-45.045039, -22.773195], [-45.044555, -22.772565], [-45.042518, -22.769858], [-45.042261, -22.769529], [-45.042184, -22.769444], [-45.042098, -22.769368], [-45.041548, -22.768929], [-45.041189, -22.768647], [-45.04083, -22.768359], [-45.040196, -22.76786], [-45.039925, -22.767642], [-45.039382, -22.767217], [-45.037961, -22.766087], [-45.037667, -22.765848], [-45.037416, -22.765626], [-45.037324, -22.765557], [-45.037222, -22.765499], [-45.037033, -22.765401], [-45.036362, -22.76501], [-45.03626, -22.764957], [-45.036031, -22.76485], [-45.035932, -22.764795], [-45.035786, -22.764707], [-45.035686, -22.76465], [-45.033858, -22.76365], [-45.032746, -22.763029], [-45.031936, -22.762571], [-45.031223, -22.762176], [-45.030244, -22.761618], [-45.029345, -22.761125], [-45.029244, -22.761066], [-45.02915, -22.760998], [-45.029065, -22.760921], [-45.028989, -22.760839], [-45.028924, -22.76075], [-45.028397, -22.75993], [-45.027735, -22.758889], [-45.027466, -22.758454], [-45.027121, -22.757947], [-45.026948, -22.757659], [-45.02682, -22.757416], [-45.026578, -22.757038], [-45.026526, -22.756939], [-45.026495, -22.756833], [-45.026481, -22.756725], [-45.026463, -22.756097], [-45.026461, -22.755876], [-45.026435, -22.754934], [-45.026439, -22.754765], [-45.026436, -22.754655], [-45.026417, -22.754546], [-45.026383, -22.754441], [-45.026335, -22.754342], [-45.026273, -22.754249], [-45.02591, -22.753777], [-45.025846, -22.753687], [-45.025786, -22.753591], [-45.025556, -22.753298], [-45.024923, -22.75237], [-45.024611, -22.751906], [-45.024545, -22.751814], [-45.024271, -22.751455], [-45.023572, -22.750429], [-45.023502, -22.750341], [-45.02342, -22.750261], [-45.021663, -22.748757], [-45.020508, -22.747812], [-45.019201, -22.746703], [-45.018848, -22.746413], [-45.018585, -22.746188], [-45.017568, -22.745345], [-45.016093, -22.744116], [-45.015999, -22.744049], [-45.015805, -22.743925], [-45.015029, -22.743439], [-45.013581, -22.742522], [-45.011553, -22.741234], [-45.009165, -22.739732], [-45.009074, -22.739664], [-45.008534, -22.739237], [-45.00724, -22.7382], [-45.007154, -22.738126], [-45.007077, -22.738046], [-45.006984, -22.737931], [-45.006681, -22.737533], [-45.006481, -22.737262], [-45.005426, -22.735873], [-45.004536, -22.734689], [-45.004461, -22.734604], [-45.004318, -22.734461], [-45.004231, -22.734386], [-45.004137, -22.734322], [-45.004033, -22.734267], [-45.003926, -22.734224], [-45.003022, -22.733922], [-45.002594, -22.733775], [-45.002487, -22.733733], [-45.002385, -22.73368], [-45.002288, -22.73362], [-45.001813, -22.733294], [-44.999808, -22.731903], [-44.999417, -22.731654], [-44.999323, -22.731589], [-44.998893, -22.731277], [-44.998804, -22.731204], [-44.998726, -22.73112], [-44.998585, -22.73095], [-44.997591, -22.729735], [-44.997038, -22.729051], [-44.996261, -22.728103], [-44.996115, -22.72793], [-44.99576, -22.72749], [-44.995164, -22.726733], [-44.995089, -22.726649], [-44.995003, -22.726573], [-44.994909, -22.726505], [-44.994807, -22.726448], [-44.993804, -22.725936], [-44.993696, -22.725889], [-44.992234, -22.72537], [-44.991799, -22.725211], [-44.990393, -22.72471], [-44.990288, -22.72466], [-44.990192, -22.724595], [-44.987911, -22.722754], [-44.987473, -22.722408], [-44.987118, -22.722113], [-44.986949, -22.721962], [-44.986784, -22.721808], [-44.986585, -22.721653], [-44.986494, -22.721576], [-44.986411, -22.721497], [-44.986018, -22.721085], [-44.985943, -22.721001], [-44.985753, -22.720772], [-44.985319, -22.720246], [-44.985246, -22.72016], [-44.985164, -22.72008], [-44.985068, -22.720018], [-44.984964, -22.719975], [-44.984489, -22.719833], [-44.984381, -22.719791], [-44.984282, -22.719731], [-44.984097, -22.719593], [-44.98337, -22.719031], [-44.983114, -22.718867], [-44.983023, -22.718796], [-44.982939, -22.718718], [-44.982861, -22.718634], [-44.98268, -22.71842], [-44.982329, -22.717989], [-44.981894, -22.717475], [-44.981815, -22.717393], [-44.981292, -22.716892], [-44.981201, -22.716821], [-44.981099, -22.716764], [-44.979908, -22.716226], [-44.979805, -22.71617], [-44.979713, -22.716101], [-44.979633, -22.716019], [-44.979568, -22.715926], [-44.979548, -22.715892], [-44.979479, -22.715803], [-44.979387, -22.715733], [-44.979148, -22.715592], [-44.979054, -22.715525], [-44.978978, -22.715442], [-44.978922, -22.715346], [-44.97889, -22.715241], [-44.978739, -22.714163], [-44.978696, -22.713892], [-44.978656, -22.713789], [-44.978586, -22.713703], [-44.97849, -22.713642], [-44.978325, -22.713568], [-44.976189, -22.712658], [-44.974038, -22.711738], [-44.972906, -22.711269], [-44.972799, -22.711221], [-44.972547, -22.711096], [-44.972421, -22.71103], [-44.97232, -22.710983], [-44.972213, -22.710949], [-44.9721, -22.710926], [-44.971982, -22.710915], [-44.971863, -22.710916], [-44.971744, -22.710929], [-44.971628, -22.710955], [-44.971063, -22.711113], [-44.970948, -22.711142], [-44.968411, -22.711726], [-44.968125, -22.711804], [-44.968008, -22.711827], [-44.967889, -22.711824], [-44.967775, -22.711794], [-44.967674, -22.711742], [-44.967502, -22.711624], [-44.965994, -22.710532], [-44.965899, -22.710465], [-44.965799, -22.710405], [-44.965692, -22.710357], [-44.965474, -22.710274], [-44.963882, -22.709644], [-44.963125, -22.70935], [-44.963017, -22.709312], [-44.961836, -22.708928], [-44.961729, -22.70888], [-44.961632, -22.708819], [-44.961545, -22.708744], [-44.961142, -22.708338], [-44.960872, -22.708079], [-44.960788, -22.708004], [-44.960688, -22.707942], [-44.960588, -22.707886], [-44.96052, -22.707852], [-44.960412, -22.707813], [-44.9603, -22.707777], [-44.960074, -22.707714], [-44.959967, -22.707676], [-44.95985, -22.707623], [-44.959745, -22.70758], [-44.959229, -22.707401], [-44.9589, -22.707292], [-44.958289, -22.7071], [-44.958236, -22.707078], [-44.958134, -22.707025], [-44.956319, -22.705902], [-44.956, -22.705701], [-44.955714, -22.705526], [-44.955323, -22.705294], [-44.954909, -22.705026], [-44.953897, -22.704418], [-44.953618, -22.704246], [-44.953527, -22.70418], [-44.953401, -22.704074], [-44.953121, -22.703801], [-44.953043, -22.703717], [-44.952985, -22.703622], [-44.95269, -22.702798], [-44.952588, -22.70249], [-44.95241, -22.701971], [-44.952364, -22.70187], [-44.952303, -22.701774], [-44.952236, -22.701684], [-44.952177, -22.701588], [-44.952132, -22.701485], [-44.951986, -22.701063], [-44.951937, -22.700962], [-44.951866, -22.700875], [-44.951778, -22.700804], [-44.950926, -22.700263], [-44.950544, -22.700024], [-44.949837, -22.69956], [-44.949395, -22.69926], [-44.949293, -22.69921], [-44.949178, -22.699184], [-44.949059, -22.69918], [-44.948939, -22.699185], [-44.948821, -22.699181], [-44.948704, -22.69916], [-44.948671, -22.69915], [-44.948593, -22.69912], [-44.948492, -22.699063], [-44.946918, -22.697949], [-44.946464, -22.697632], [-44.946087, -22.697388], [-44.945997, -22.697319], [-44.94592, -22.69724], [-44.945778, -22.697081], [-44.945697, -22.697005], [-44.94544, -22.69679], [-44.945176, -22.696577], [-44.944901, -22.696345], [-44.944414, -22.695948], [-44.944081, -22.69565], [-44.943993, -22.695577], [-44.943896, -22.695513], [-44.943845, -22.695487], [-44.943736, -22.695447], [-44.943679, -22.695434], [-44.943562, -22.695416], [-44.94285, -22.695357], [-44.942214, -22.695309], [-44.941526, -22.695229], [-44.941411, -22.695212], [-44.941297, -22.695183], [-44.941053, -22.695112], [-44.940719, -22.695005], [-44.939585, -22.694576], [-44.938789, -22.694313], [-44.938458, -22.694197], [-44.938352, -22.694151], [-44.938257, -22.694086], [-44.938181, -22.694001], [-44.938058, -22.693814], [-44.937999, -22.693718], [-44.937593, -22.692934], [-44.937533, -22.692838], [-44.937464, -22.692748], [-44.937388, -22.692664], [-44.937305, -22.692587], [-44.937126, -22.692444], [-44.937033, -22.692375], [-44.936932, -22.692316], [-44.936822, -22.692272], [-44.936708, -22.69224], [-44.936019, -22.692088], [-44.935905, -22.692061], [-44.935792, -22.692029], [-44.935684, -22.691979], [-44.935593, -22.69191], [-44.935519, -22.691824], [-44.935465, -22.691725], [-44.935426, -22.691621], [-44.935384, -22.691491], [-44.935341, -22.691389], [-44.935281, -22.691294], [-44.934879, -22.690754], [-44.934801, -22.690675], [-44.934712, -22.690609], [-44.934608, -22.690558], [-44.934496, -22.690525], [-44.933172, -22.690235], [-44.933064, -22.690198], [-44.932966, -22.690146], [-44.932876, -22.690079], [-44.932799, -22.689995], [-44.932678, -22.68981], [-44.931847, -22.688468], [-44.931371, -22.687689], [-44.93131, -22.687595], [-44.931238, -22.687506], [-44.931083, -22.687339], [-44.930378, -22.686594], [-44.929224, -22.685384], [-44.929061, -22.685202], [-44.928998, -22.685108], [-44.928949, -22.68501], [-44.928436, -22.68383], [-44.928299, -22.683527], [-44.928242, -22.683431], [-44.92817, -22.683343], [-44.927942, -22.683094], [-44.927477, -22.6826], [-44.927232, -22.68236], [-44.926678, -22.681801], [-44.925913, -22.681006], [-44.925608, -22.680681], [-44.925521, -22.680609], [-44.92542, -22.680553], [-44.925309, -22.680513], [-44.925193, -22.680494], [-44.925076, -22.680491], [-44.923496, -22.680509], [-44.92339, -22.680498], [-44.923277, -22.680465], [-44.923178, -22.680411], [-44.923091, -22.680338], [-44.922012, -22.67923], [-44.921926, -22.679154], [-44.921833, -22.679084], [-44.921735, -22.679023], [-44.92113, -22.678711], [-44.921032, -22.678666], [-44.920649, -22.678503], [-44.920307, -22.678361], [-44.920123, -22.678278], [-44.91886, -22.677672], [-44.918351, -22.677424], [-44.917488, -22.677029], [-44.916304, -22.676475], [-44.915882, -22.676282], [-44.915777, -22.67623], [-44.915679, -22.676167], [-44.915588, -22.676098], [-44.915509, -22.676021], [-44.915292, -22.675767], [-44.91389, -22.674097], [-44.913815, -22.674011], [-44.913581, -22.673764], [-44.913426, -22.673596], [-44.912517, -22.672563], [-44.912261, -22.672278], [-44.912002, -22.671978], [-44.911552, -22.671473], [-44.911171, -22.671059], [-44.910933, -22.670769], [-44.910655, -22.670415], [-44.910577, -22.670332], [-44.910488, -22.670259], [-44.910392, -22.670197], [-44.910096, -22.670026], [-44.909504, -22.669672], [-44.908395, -22.669019], [-44.907943, -22.66876], [-44.90755, -22.668524], [-44.907448, -22.668468], [-44.907339, -22.668423], [-44.906893, -22.668273], [-44.906487, -22.668153], [-44.906009, -22.667981], [-44.905904, -22.667933], [-44.905811, -22.667867], [-44.905729, -22.667792], [-44.905589, -22.667644], [-44.905531, -22.667566], [-44.905372, -22.667311], [-44.905306, -22.66722], [-44.905228, -22.667137], [-44.904813, -22.666766], [-44.904486, -22.666465], [-44.904144, -22.666139], [-44.903878, -22.665896], [-44.903307, -22.665351], [-44.902712, -22.664797], [-44.902623, -22.664726], [-44.902436, -22.664592], [-44.902243, -22.664471], [-44.901946, -22.664297], [-44.901855, -22.664229], [-44.901607, -22.664], [-44.901196, -22.663608], [-44.901112, -22.663532], [-44.900357, -22.662957], [-44.900047, -22.662724], [-44.899816, -22.662556], [-44.899638, -22.662418], [-44.899407, -22.662247], [-44.898827, -22.661759], [-44.898739, -22.661694], [-44.898271, -22.66138], [-44.89798, -22.661189], [-44.897915, -22.661143], [-44.897652, -22.660939], [-44.897247, -22.660638], [-44.896791, -22.660289], [-44.895996, -22.659751], [-44.895898, -22.659689], [-44.895793, -22.659639], [-44.895678, -22.659609], [-44.895563, -22.659597], [-44.895336, -22.659584], [-44.895218, -22.659587], [-44.8951, -22.659605], [-44.894987, -22.659638], [-44.894879, -22.659685], [-44.894773, -22.659736], [-44.89467, -22.659793], [-44.894577, -22.659862], [-44.894494, -22.659941], [-44.894175, -22.660266], [-44.893769, -22.660669], [-44.893686, -22.660742], [-44.893594, -22.660808], [-44.893494, -22.660866], [-44.892852, -22.661184], [-44.892529, -22.66134], [-44.89242, -22.661386], [-44.892059, -22.661514], [-44.891953, -22.661556], [-44.891637, -22.661699], [-44.891229, -22.66187], [-44.8908, -22.662055], [-44.89069, -22.662095], [-44.890349, -22.662187], [-44.890239, -22.662221], [-44.89013, -22.662263], [-44.890026, -22.662314], [-44.889882, -22.662404], [-44.889731, -22.662518], [-44.887805, -22.664001], [-44.886439, -22.66495], [-44.886341, -22.665009], [-44.886234, -22.665058], [-44.886122, -22.665096], [-44.88601, -22.665122], [-44.885736, -22.665171], [-44.885619, -22.66518], [-44.885169, -22.665172], [-44.884941, -22.665161], [-44.884029, -22.665012], [-44.88365, -22.664946], [-44.883532, -22.664934], [-44.882447, -22.664859], [-44.881258, -22.664783], [-44.881139, -22.664783], [-44.880856, -22.664794], [-44.880369, -22.66482], [-44.880022, -22.664843], [-44.879674, -22.664855], [-44.879326, -22.664872], [-44.878863, -22.6649], [-44.878283, -22.664925], [-44.875435, -22.665081], [-44.874332, -22.665074], [-44.873677, -22.665064], [-44.873462, -22.665063], [-44.873359, -22.665054], [-44.873109, -22.66501], [-44.871861, -22.664775], [-44.871747, -22.664752], [-44.871636, -22.664716], [-44.871534, -22.66466], [-44.871188, -22.664426], [-44.87086, -22.664211], [-44.870242, -22.663787], [-44.870107, -22.663697], [-44.870004, -22.663644], [-44.869892, -22.663607], [-44.869776, -22.663592], [-44.86966, -22.663598], [-44.867034, -22.663885], [-44.866664, -22.663921], [-44.866545, -22.663918], [-44.866428, -22.663894], [-44.866318, -22.66385], [-44.866218, -22.663789], [-44.865985, -22.663626], [-44.865886, -22.663563], [-44.864681, -22.662857], [-44.864262, -22.662618], [-44.863321, -22.662064], [-44.863225, -22.661998], [-44.863138, -22.661922], [-44.862475, -22.661278], [-44.861737, -22.660579], [-44.861214, -22.660066], [-44.860843, -22.659716], [-44.860601, -22.659478], [-44.860487, -22.659354], [-44.86028, -22.659089], [-44.860002, -22.658739], [-44.859463, -22.658165], [-44.858727, -22.65739], [-44.858259, -22.656903], [-44.858219, -22.656865], [-44.858175, -22.65683], [-44.858126, -22.6568], [-44.858074, -22.656774], [-44.858019, -22.656756], [-44.857963, -22.656742], [-44.857904, -22.656735], [-44.857673, -22.656734], [-44.857268, -22.656722], [-44.857094, -22.656725], [-44.856511, -22.656766], [-44.856219, -22.656792], [-44.855074, -22.656904], [-44.854611, -22.656946], [-44.854062, -22.657001], [-44.853948, -22.657006], [-44.85389, -22.657004], [-44.853831, -22.656999], [-44.853773, -22.65699], [-44.853609, -22.656948], [-44.852457, -22.656621], [-44.852315, -22.656587], [-44.852143, -22.656554], [-44.852086, -22.65654], [-44.851926, -22.656491], [-44.85132, -22.656331], [-44.851265, -22.656314], [-44.851162, -22.656269], [-44.851107, -22.656252], [-44.850047, -22.65596], [-44.849664, -22.655849], [-44.84956, -22.655806], [-44.849457, -22.655751], [-44.848384, -22.655142], [-44.847828, -22.65482], [-44.846604, -22.654123], [-44.845319, -22.653502], [-44.845099, -22.653416], [-44.844859, -22.653299], [-44.844653, -22.653195], [-44.844375, -22.653066], [-44.84418, -22.652949], [-44.84398, -22.652849], [-44.841739, -22.651754], [-44.841089, -22.651433], [-44.840937, -22.651362], [-44.840825, -22.651328], [-44.840707, -22.651318], [-44.840589, -22.651333], [-44.840478, -22.651372], [-44.840379, -22.651429], [-44.840144, -22.651586], [-44.839621, -22.651925], [-44.839525, -22.651985], [-44.839421, -22.652038], [-44.838341, -22.65243], [-44.837897, -22.652603], [-44.837424, -22.652766], [-44.836755, -22.653011], [-44.836352, -22.653155], [-44.834616, -22.653801], [-44.834507, -22.653834], [-44.834392, -22.653856], [-44.834275, -22.653864], [-44.834157, -22.653855], [-44.834042, -22.653831], [-44.833933, -22.653791], [-44.83383, -22.653735], [-44.83374, -22.653676], [-44.831533, -22.652182], [-44.831155, -22.651935], [-44.830878, -22.651741], [-44.830174, -22.651264], [-44.829824, -22.651023], [-44.829491, -22.650806], [-44.829114, -22.650554], [-44.828282, -22.649973], [-44.828185, -22.649916], [-44.82784, -22.649734], [-44.827364, -22.649471], [-44.826928, -22.649224], [-44.826679, -22.649089], [-44.826309, -22.648876], [-44.825837, -22.64861], [-44.825736, -22.64856], [-44.825626, -22.648518], [-44.823199, -22.647705], [-44.822395, -22.647456], [-44.821747, -22.647266], [-44.821693, -22.647248], [-44.821587, -22.647207], [-44.820556, -22.646721], [-44.818834, -22.645916], [-44.818349, -22.645699], [-44.817937, -22.645505], [-44.817648, -22.64536], [-44.81655, -22.644839], [-44.815762, -22.644469], [-44.815653, -22.644426], [-44.815539, -22.644398], [-44.815417, -22.644386], [-44.813352, -22.644337], [-44.812945, -22.644323], [-44.812563, -22.644314], [-44.812446, -22.644307], [-44.811886, -22.644262], [-44.81113, -22.64421], [-44.810654, -22.644169], [-44.80981, -22.644107], [-44.807658, -22.643939], [-44.807542, -22.643928], [-44.807429, -22.643912], [-44.806413, -22.643743], [-44.805847, -22.643653], [-44.805235, -22.643548], [-44.805182, -22.643536], [-44.805075, -22.643499], [-44.804975, -22.643443], [-44.804887, -22.643371], [-44.804814, -22.643286], [-44.804759, -22.643191], [-44.804738, -22.643141], [-44.804657, -22.642887], [-44.804619, -22.642786], [-44.80456, -22.64269], [-44.804479, -22.64261], [-44.804385, -22.642549], [-44.804334, -22.642525], [-44.803969, -22.642375], [-44.803869, -22.642318], [-44.802699, -22.641502], [-44.801747, -22.640915], [-44.801465, -22.640733], [-44.80119, -22.640571], [-44.801012, -22.640463], [-44.800631, -22.64022], [-44.800535, -22.64017], [-44.80043, -22.640134], [-44.800316, -22.640115], [-44.800199, -22.640116], [-44.799909, -22.640144], [-44.79952, -22.640196], [-44.799404, -22.640203], [-44.799287, -22.640192], [-44.79923, -22.640182], [-44.798269, -22.639988], [-44.797768, -22.639898], [-44.797373, -22.639808], [-44.796948, -22.639716], [-44.796734, -22.639673], [-44.79662, -22.639659], [-44.794325, -22.639498], [-44.792787, -22.639427], [-44.791916, -22.639376], [-44.791288, -22.639344], [-44.790843, -22.639312], [-44.790726, -22.639299], [-44.790611, -22.639271], [-44.790081, -22.639109], [-44.789319, -22.638869], [-44.788824, -22.638718], [-44.787805, -22.638389], [-44.787704, -22.638362], [-44.78707, -22.638208], [-44.786955, -22.638177], [-44.786843, -22.63814], [-44.786545, -22.638028], [-44.78609, -22.637867], [-44.785709, -22.637744], [-44.785292, -22.637599], [-44.78502, -22.63751], [-44.784473, -22.637352], [-44.78285, -22.636875], [-44.782736, -22.636853], [-44.782617, -22.63685], [-44.782499, -22.636865], [-44.781911, -22.636991], [-44.781654, -22.637041], [-44.781546, -22.637055], [-44.78143, -22.637053], [-44.781314, -22.637029], [-44.781204, -22.636986], [-44.781102, -22.636935], [-44.779751, -22.636212], [-44.779634, -22.636165], [-44.77952, -22.636139], [-44.779174, -22.636088], [-44.778556, -22.635989], [-44.778438, -22.635979], [-44.778319, -22.635984], [-44.778203, -22.636008], [-44.777533, -22.636215], [-44.777477, -22.63623], [-44.777361, -22.636246], [-44.777248, -22.63625], [-44.776564, -22.636257], [-44.77646, -22.636251], [-44.776407, -22.636245], [-44.7763, -22.636223], [-44.776194, -22.636188], [-44.776087, -22.63614], [-44.774253, -22.6352], [-44.774157, -22.635139], [-44.774113, -22.635104], [-44.773553, -22.63464], [-44.773464, -22.634572], [-44.773418, -22.634541], [-44.773368, -22.634513], [-44.773264, -22.634468], [-44.773211, -22.634448], [-44.7731, -22.634419], [-44.772986, -22.634401], [-44.771309, -22.634236], [-44.771081, -22.634207], [-44.770968, -22.634176], [-44.770859, -22.634132], [-44.770648, -22.634035], [-44.768591, -22.633076], [-44.768486, -22.633029], [-44.768377, -22.63299], [-44.768265, -22.632966], [-44.768152, -22.632954], [-44.767827, -22.632925], [-44.766735, -22.632817], [-44.766391, -22.632788], [-44.76624, -22.63277], [-44.766173, -22.632752], [-44.765701, -22.632574], [-44.765453, -22.632485], [-44.765238, -22.632399], [-44.765034, -22.632315], [-44.764652, -22.632149], [-44.763065, -22.631513], [-44.762952, -22.631478], [-44.76217, -22.631257], [-44.762059, -22.63122], [-44.761957, -22.631169], [-44.761867, -22.631099], [-44.761789, -22.631018], [-44.761567, -22.630771], [-44.761479, -22.630696], [-44.761379, -22.630637], [-44.761268, -22.630597], [-44.761151, -22.630577], [-44.761038, -22.630574], [-44.760821, -22.630581], [-44.760711, -22.63059], [-44.760596, -22.63061], [-44.76043, -22.630656], [-44.760374, -22.630669], [-44.760255, -22.630682], [-44.760136, -22.630673], [-44.76002, -22.630645], [-44.759912, -22.630604], [-44.758847, -22.63015], [-44.758115, -22.629836], [-44.757803, -22.629698], [-44.757654, -22.629617], [-44.757125, -22.629293], [-44.757026, -22.629246], [-44.756915, -22.629215], [-44.756801, -22.629208], [-44.756697, -22.629222], [-44.756616, -22.629239], [-44.756448, -22.629279], [-44.756337, -22.629318], [-44.75603, -22.629467], [-44.755188, -22.629886], [-44.75475, -22.630077], [-44.75465, -22.630124], [-44.75408, -22.630421], [-44.753771, -22.630567], [-44.75293, -22.630953], [-44.752824, -22.630987], [-44.752708, -22.631007], [-44.75259, -22.631009], [-44.752477, -22.630994], [-44.752362, -22.630963], [-44.75093, -22.630437], [-44.750821, -22.630398], [-44.750707, -22.630374], [-44.750471, -22.630353], [-44.749291, -22.630272], [-44.749175, -22.63026], [-44.749063, -22.630233], [-44.748958, -22.630185], [-44.748862, -22.63012], [-44.74878, -22.630042], [-44.748661, -22.629894], [-44.748336, -22.629465], [-44.748301, -22.629428], [-44.748218, -22.629353], [-44.747931, -22.629142], [-44.747746, -22.629016], [-44.747644, -22.628966], [-44.747529, -22.628937], [-44.747413, -22.628928], [-44.747361, -22.628929], [-44.745197, -22.62897], [-44.744515, -22.628987], [-44.743852, -22.628997], [-44.743497, -22.62903], [-44.743206, -22.629062], [-44.742914, -22.629085], [-44.742601, -22.629118], [-44.742482, -22.629118], [-44.741779, -22.629038], [-44.74166, -22.629032], [-44.739871, -22.629056], [-44.739755, -22.629066], [-44.739642, -22.629091], [-44.738857, -22.629293], [-44.738243, -22.629458], [-44.737108, -22.629752], [-44.736994, -22.629776], [-44.736878, -22.629784], [-44.736761, -22.62977], [-44.736649, -22.629734], [-44.736544, -22.629684], [-44.73604, -22.629427], [-44.734568, -22.628666], [-44.734469, -22.628611], [-44.733977, -22.628307], [-44.733926, -22.628281], [-44.733816, -22.628242], [-44.733222, -22.628138], [-44.732097, -22.627933], [-44.731801, -22.627885], [-44.731339, -22.627804], [-44.730835, -22.62771], [-44.730445, -22.627642], [-44.729957, -22.627549], [-44.729576, -22.627486], [-44.728801, -22.627348], [-44.728683, -22.627334], [-44.728566, -22.627333], [-44.728342, -22.627344], [-44.727644, -22.627369], [-44.727308, -22.627386], [-44.725148, -22.627476], [-44.724921, -22.627482], [-44.724799, -22.627472], [-44.72469, -22.627444], [-44.724584, -22.627394], [-44.72449, -22.627328], [-44.724411, -22.627246], [-44.724349, -22.627151], [-44.724149, -22.626775], [-44.724108, -22.626671], [-44.723992, -22.626254], [-44.723954, -22.62615], [-44.723898, -22.626053], [-44.723829, -22.625966], [-44.723749, -22.625888], [-44.723655, -22.625827], [-44.72355, -22.62579], [-44.723442, -22.62577], [-44.722924, -22.625706], [-44.721297, -22.625584], [-44.719849, -22.625479], [-44.719793, -22.625478], [-44.719676, -22.625489], [-44.719562, -22.625519], [-44.719455, -22.625565], [-44.719357, -22.625626], [-44.719267, -22.625697], [-44.71883, -22.626064], [-44.718629, -22.626229], [-44.718531, -22.626292], [-44.718423, -22.626337], [-44.718312, -22.626362], [-44.718201, -22.626367], [-44.717032, -22.626297], [-44.716927, -22.626293], [-44.716812, -22.626304], [-44.716699, -22.62633], [-44.716363, -22.626428], [-44.715455, -22.626707], [-44.714748, -22.626917], [-44.71407, -22.627126], [-44.713954, -22.62715], [-44.713138, -22.627216], [-44.712813, -22.627237], [-44.711043, -22.627377], [-44.710986, -22.62738], [-44.710867, -22.627378], [-44.710809, -22.627371], [-44.710752, -22.627358], [-44.710668, -22.62733], [-44.710592, -22.627293], [-44.710499, -22.627229], [-44.710379, -22.627115], [-44.709956, -22.626696], [-44.70981, -22.62656], [-44.709768, -22.626525], [-44.709722, -22.626494], [-44.709674, -22.626467], [-44.709571, -22.626425], [-44.709102, -22.626314], [-44.708082, -22.626057], [-44.707734, -22.625974], [-44.707396, -22.625888], [-44.707225, -22.625852], [-44.706997, -22.625813], [-44.706709, -22.62577], [-44.706191, -22.625677], [-44.705788, -22.625617], [-44.705036, -22.625512], [-44.704519, -22.62543], [-44.704403, -22.625404], [-44.703833, -22.625253], [-44.703718, -22.625227], [-44.703599, -22.625217], [-44.702767, -22.625206], [-44.702649, -22.625191], [-44.702419, -22.625134], [-44.702077, -22.625044], [-44.701967, -22.625002], [-44.701868, -22.62494], [-44.701775, -22.624873], [-44.700668, -22.624053], [-44.699364, -22.623098], [-44.698905, -22.622756], [-44.698807, -22.622698], [-44.698698, -22.622655], [-44.698585, -22.62263], [-44.698471, -22.622623], [-44.698353, -22.62262], [-44.698019, -22.622598], [-44.697164, -22.622561], [-44.697052, -22.622561], [-44.696939, -22.622575], [-44.69683, -22.622608], [-44.696726, -22.622657], [-44.696123, -22.622976], [-44.696017, -22.623015], [-44.695905, -22.623037], [-44.695791, -22.623042], [-44.695674, -22.623039], [-44.695112, -22.62301], [-44.694442, -22.623008], [-44.69433, -22.623017], [-44.69422, -22.623043], [-44.694115, -22.623086], [-44.694021, -22.62315], [-44.693939, -22.623228], [-44.693636, -22.623563], [-44.693569, -22.623655], [-44.69352, -22.623757], [-44.693357, -22.624169], [-44.693302, -22.62426], [-44.693229, -22.624334], [-44.692986, -22.624543], [-44.692895, -22.624605], [-44.692185, -22.624967], [-44.692095, -22.625016], [-44.69145, -22.625391], [-44.690975, -22.625662], [-44.690134, -22.626153], [-44.690038, -22.626204], [-44.689932, -22.626245], [-44.689718, -22.626311], [-44.689602, -22.626329], [-44.689485, -22.626327], [-44.687925, -22.626203], [-44.687709, -22.626192], [-44.687597, -22.626204], [-44.687487, -22.626233], [-44.687122, -22.626355], [-44.68707, -22.626368], [-44.686959, -22.62638], [-44.686843, -22.626367], [-44.686618, -22.626304], [-44.686504, -22.626285], [-44.686391, -22.626284], [-44.686282, -22.626302], [-44.686181, -22.626337], [-44.685945, -22.626437], [-44.685072, -22.626798], [-44.684968, -22.626847], [-44.684871, -22.626912], [-44.684699, -22.627057], [-44.684279, -22.627427], [-44.68356, -22.62805], [-44.683066, -22.628487], [-44.683011, -22.628533], [-44.682912, -22.628594], [-44.682804, -22.628638], [-44.681872, -22.628954], [-44.679675, -22.629633], [-44.679508, -22.62968], [-44.67939, -22.629694], [-44.679271, -22.629687], [-44.679214, -22.629677], [-44.678649, -22.629553], [-44.67769, -22.629331], [-44.677576, -22.629297], [-44.677522, -22.629277], [-44.676938, -22.629042], [-44.67683, -22.629004], [-44.675434, -22.628637], [-44.674807, -22.628439], [-44.674589, -22.628375], [-44.673466, -22.628022], [-44.673412, -22.628007], [-44.673296, -22.627988], [-44.673178, -22.627991], [-44.673062, -22.628015], [-44.672954, -22.62806], [-44.672857, -22.628117], [-44.672455, -22.628387], [-44.671943, -22.62872], [-44.671521, -22.629002], [-44.671421, -22.629055], [-44.670799, -22.629343], [-44.670446, -22.629531], [-44.670254, -22.629649], [-44.669894, -22.629896], [-44.6698, -22.629953], [-44.669172, -22.630258], [-44.668513, -22.630642], [-44.66826, -22.630793], [-44.66782, -22.631048], [-44.667633, -22.63116], [-44.667531, -22.631208], [-44.667421, -22.631236], [-44.667308, -22.631244], [-44.666505, -22.631236], [-44.666386, -22.631247], [-44.666273, -22.631271], [-44.665978, -22.631344], [-44.664388, -22.631744], [-44.664285, -22.631776], [-44.664184, -22.631825], [-44.664089, -22.631892], [-44.664007, -22.631972], [-44.663878, -22.632136], [-44.663811, -22.632214], [-44.663408, -22.6326], [-44.663109, -22.632881], [-44.662982, -22.632992], [-44.662884, -22.633056], [-44.662776, -22.633103], [-44.662661, -22.633129], [-44.662603, -22.633135], [-44.660458, -22.63328], [-44.65967, -22.633329], [-44.658878, -22.63337], [-44.657109, -22.633471], [-44.656992, -22.633472], [-44.656934, -22.633469], [-44.655821, -22.633388], [-44.655589, -22.633375], [-44.655472, -22.633375], [-44.655354, -22.633392], [-44.655242, -22.63343], [-44.65519, -22.633454], [-44.654827, -22.633637], [-44.653511, -22.634281], [-44.652117, -22.634973], [-44.651528, -22.63526], [-44.651221, -22.635417], [-44.650858, -22.635594], [-44.649097, -22.636468], [-44.648675, -22.636648], [-44.648088, -22.636887], [-44.647608, -22.637087], [-44.64735, -22.637203], [-44.64651, -22.637509], [-44.646344, -22.637563], [-44.646232, -22.637595], [-44.646114, -22.637614], [-44.645995, -22.637612], [-44.645882, -22.637586], [-44.645778, -22.637533], [-44.644618, -22.63662], [-44.644575, -22.636584], [-44.644247, -22.636284], [-44.644164, -22.636216], [-44.643829, -22.635955], [-44.643619, -22.635797], [-44.643527, -22.635731], [-44.643426, -22.635673], [-44.643317, -22.635629], [-44.641987, -22.635153], [-44.641496, -22.634987], [-44.641014, -22.634809], [-44.64025, -22.634541], [-44.638798, -22.634022], [-44.638744, -22.634006], [-44.638628, -22.633983], [-44.63857, -22.633977], [-44.638396, -22.633968], [-44.638278, -22.633956], [-44.637787, -22.633873], [-44.636418, -22.633632], [-44.635278, -22.633436], [-44.63345, -22.633139], [-44.633333, -22.633126], [-44.633214, -22.633134], [-44.633099, -22.63316], [-44.631076, -22.633681], [-44.630374, -22.633856], [-44.630151, -22.633915], [-44.630043, -22.633959], [-44.628747, -22.634592], [-44.628645, -22.634636], [-44.628533, -22.634669], [-44.628417, -22.634682], [-44.628302, -22.634677], [-44.628188, -22.634654], [-44.627213, -22.634385], [-44.62716, -22.634373], [-44.62705, -22.634355], [-44.626937, -22.634358], [-44.626824, -22.634383], [-44.626719, -22.634428], [-44.626624, -22.634492], [-44.626545, -22.634574], [-44.626484, -22.634669], [-44.626441, -22.634772], [-44.626391, -22.634926], [-44.626026, -22.636112], [-44.625985, -22.636214], [-44.625925, -22.636307], [-44.625849, -22.636392], [-44.625643, -22.636582], [-44.625391, -22.636806], [-44.625348, -22.636843], [-44.625255, -22.636911], [-44.625206, -22.63694], [-44.625154, -22.636966], [-44.624274, -22.637383], [-44.624122, -22.637458], [-44.624023, -22.63752], [-44.62359, -22.63783], [-44.623541, -22.63786], [-44.623434, -22.637907], [-44.623379, -22.637924], [-44.62318, -22.637981], [-44.623065, -22.638002], [-44.622948, -22.638001], [-44.622837, -22.637979], [-44.622522, -22.637897], [-44.620693, -22.637433], [-44.620637, -22.63742], [-44.62052, -22.637409], [-44.620405, -22.637422], [-44.620298, -22.637456], [-44.61938, -22.637826], [-44.619169, -22.637917], [-44.618534, -22.638178], [-44.617969, -22.638404], [-44.617907, -22.638426], [-44.617794, -22.638459], [-44.61757, -22.638517], [-44.616886, -22.638685], [-44.615658, -22.638964], [-44.615045, -22.639099], [-44.614649, -22.639183], [-44.614187, -22.639292], [-44.613682, -22.639406], [-44.612293, -22.639739], [-44.612174, -22.639756], [-44.612055, -22.639758], [-44.61149, -22.63973], [-44.611372, -22.639734], [-44.611255, -22.639757], [-44.610924, -22.639854], [-44.609264, -22.640354], [-44.609148, -22.640376], [-44.609028, -22.640379], [-44.60891, -22.64036], [-44.608854, -22.640344], [-44.6088, -22.640323], [-44.608111, -22.640027], [-44.608003, -22.639987], [-44.607893, -22.639957], [-44.607778, -22.639937], [-44.607431, -22.639914], [-44.607372, -22.639915], [-44.607254, -22.639926], [-44.607198, -22.639937], [-44.607142, -22.639951], [-44.607031, -22.639992], [-44.606926, -22.640039], [-44.606001, -22.640489], [-44.605484, -22.640735], [-44.605153, -22.640905], [-44.604637, -22.641153], [-44.603401, -22.641758], [-44.6033, -22.641813], [-44.602961, -22.642009], [-44.602757, -22.642114], [-44.602446, -22.642284], [-44.601891, -22.642591], [-44.601744, -22.642677], [-44.601492, -22.642812], [-44.600485, -22.643366], [-44.600375, -22.643409], [-44.60032, -22.643424], [-44.600207, -22.643449], [-44.598502, -22.643807], [-44.597684, -22.643972], [-44.597565, -22.643985], [-44.597446, -22.643978], [-44.597211, -22.643941], [-44.596511, -22.643806], [-44.595813, -22.64368], [-44.595699, -22.643649], [-44.595609, -22.643602], [-44.595511, -22.643543], [-44.59542, -22.643472], [-44.595262, -22.643314], [-44.594871, -22.642906], [-44.59471, -22.642745], [-44.59448, -22.64249], [-44.594242, -22.642242], [-44.594091, -22.642071], [-44.59402, -22.641982], [-44.593955, -22.641889], [-44.593898, -22.641792], [-44.59385, -22.64169], [-44.593807, -22.641587], [-44.593675, -22.641228], [-44.593631, -22.641136], [-44.593575, -22.641052], [-44.593502, -22.640977], [-44.593426, -22.640908], [-44.593058, -22.640594], [-44.59266, -22.640219], [-44.592313, -22.639933], [-44.592272, -22.639895], [-44.592199, -22.639806], [-44.592144, -22.639709], [-44.591826, -22.639058], [-44.591763, -22.638964], [-44.591095, -22.638075], [-44.591057, -22.638034], [-44.59097, -22.637958], [-44.590872, -22.637894], [-44.590765, -22.637846], [-44.590711, -22.637826], [-44.590115, -22.637617], [-44.589342, -22.637347], [-44.589226, -22.637319], [-44.589107, -22.637312], [-44.588988, -22.637327], [-44.58882, -22.637363], [-44.588542, -22.637427], [-44.588426, -22.637444], [-44.588307, -22.637442], [-44.588193, -22.637425], [-44.587743, -22.637331], [-44.58763, -22.637295], [-44.587525, -22.637244], [-44.587475, -22.637216], [-44.586938, -22.636907], [-44.586496, -22.636648], [-44.585879, -22.636248], [-44.585457, -22.635965], [-44.585408, -22.635936], [-44.585302, -22.635886], [-44.585036, -22.635783], [-44.584663, -22.635642], [-44.584381, -22.635543], [-44.583962, -22.635379], [-44.583291, -22.635086], [-44.58324, -22.635063], [-44.583142, -22.635011], [-44.583048, -22.634951], [-44.583003, -22.634919], [-44.582889, -22.634826], [-44.5828, -22.634737], [-44.582505, -22.634419], [-44.582466, -22.634381], [-44.582376, -22.634315], [-44.582274, -22.634263], [-44.582163, -22.63423], [-44.582052, -22.634214], [-44.581541, -22.634161], [-44.581484, -22.634152], [-44.58137, -22.634125], [-44.581261, -22.634081], [-44.581162, -22.634021], [-44.581074, -22.633946], [-44.581001, -22.63386], [-44.58097, -22.633814], [-44.580832, -22.633578], [-44.580644, -22.633244], [-44.580308, -22.632424], [-44.57984, -22.63139], [-44.5798, -22.631292], [-44.579779, -22.631187], [-44.57979, -22.631083], [-44.579829, -22.630984], [-44.580115, -22.630418], [-44.580152, -22.630317], [-44.580164, -22.63021], [-44.580151, -22.630102], [-44.580055, -22.629704], [-44.580027, -22.629598], [-44.579982, -22.629498], [-44.579914, -22.629409], [-44.579875, -22.62937], [-44.57882, -22.628461], [-44.578722, -22.628399], [-44.578105, -22.628092], [-44.577743, -22.627916], [-44.577401, -22.627742], [-44.576996, -22.627542], [-44.576895, -22.627484], [-44.576806, -22.627412], [-44.576732, -22.62733], [-44.576364, -22.626891], [-44.576276, -22.626818], [-44.576165, -22.62676], [-44.576062, -22.626734], [-44.575949, -22.626728], [-44.575837, -22.626743], [-44.57566, -22.626792], [-44.575545, -22.626809], [-44.575457, -22.626804], [-44.575427, -22.626799], [-44.575316, -22.626761], [-44.575221, -22.626694], [-44.575139, -22.626618], [-44.574865, -22.62636], [-44.57443, -22.625939], [-44.574342, -22.625871], [-44.574123, -22.625716], [-44.574029, -22.625655], [-44.573928, -22.625604], [-44.573822, -22.625567], [-44.573713, -22.625543], [-44.573338, -22.62549], [-44.572856, -22.625432], [-44.572744, -22.625412], [-44.572637, -22.625376], [-44.572539, -22.625318], [-44.572494, -22.625286], [-44.571937, -22.624816], [-44.571843, -22.624748], [-44.571738, -22.624696], [-44.571624, -22.624663], [-44.571455, -22.624628], [-44.571341, -22.624616], [-44.571227, -22.624613], [-44.571115, -22.624619], [-44.571059, -22.624626], [-44.568875, -22.624935], [-44.567909, -22.625086], [-44.5678, -22.625117], [-44.567701, -22.625166], [-44.567613, -22.625232], [-44.567542, -22.625315], [-44.567419, -22.625494], [-44.567354, -22.625584], [-44.567275, -22.625664], [-44.567181, -22.62573], [-44.567077, -22.62578], [-44.566865, -22.625869], [-44.566755, -22.625911], [-44.566639, -22.625936], [-44.566519, -22.625934], [-44.566473, -22.625926], [-44.566362, -22.625889], [-44.566273, -22.625842], [-44.565713, -22.625478], [-44.565348, -22.625234], [-44.565246, -22.625179], [-44.565135, -22.625141], [-44.56502, -22.625121], [-44.564964, -22.625114], [-44.564306, -22.625044], [-44.563282, -22.624895], [-44.563167, -22.624892], [-44.563057, -22.624901], [-44.562801, -22.624932], [-44.561967, -22.62504], [-44.561363, -22.625111], [-44.561112, -22.625144], [-44.560995, -22.625152], [-44.560818, -22.625139], [-44.560699, -22.625138], [-44.560403, -22.625154], [-44.560285, -22.62517], [-44.560191, -22.62519], [-44.560079, -22.625228], [-44.559974, -22.625278], [-44.559127, -22.625729], [-44.559025, -22.625779], [-44.558919, -22.625816], [-44.558806, -22.625837], [-44.558692, -22.625842], [-44.558576, -22.625841], [-44.558458, -22.625839], [-44.55834, -22.62583], [-44.558225, -22.625805], [-44.558001, -22.625739], [-44.557891, -22.6257], [-44.557789, -22.625647], [-44.557698, -22.625577], [-44.557621, -22.625493], [-44.557561, -22.625399], [-44.55752, -22.625294], [-44.557502, -22.625186], [-44.557504, -22.625078], [-44.557519, -22.624967], [-44.557557, -22.624751], [-44.557564, -22.624642], [-44.557594, -22.623784], [-44.557605, -22.623675], [-44.557639, -22.623549], [-44.55768, -22.623475], [-44.557854, -22.623222], [-44.557903, -22.623132], [-44.557938, -22.623041], [-44.557953, -22.622989], [-44.557967, -22.622881], [-44.557965, -22.622827], [-44.557945, -22.62272], [-44.557907, -22.622617], [-44.55785, -22.622521], [-44.55778, -22.622432], [-44.5576, -22.622214], [-44.557298, -22.621832], [-44.557234, -22.621739], [-44.557187, -22.621637], [-44.557155, -22.62153], [-44.557065, -22.621208], [-44.556958, -22.620802], [-44.556937, -22.620701], [-44.556888, -22.6204], [-44.556861, -22.620299], [-44.556812, -22.620202], [-44.55674, -22.620115], [-44.556648, -22.620046], [-44.556264, -22.61983], [-44.556164, -22.619778], [-44.556059, -22.619741], [-44.555946, -22.619728], [-44.555833, -22.619739], [-44.555378, -22.619841], [-44.554436, -22.62006], [-44.554314, -22.620077], [-44.554255, -22.62008], [-44.554197, -22.620076], [-44.553618, -22.620015], [-44.5535, -22.619999], [-44.553155, -22.619937], [-44.553043, -22.619901], [-44.552941, -22.619844], [-44.55276, -22.619699], [-44.552662, -22.619638], [-44.552561, -22.619583], [-44.552465, -22.61952], [-44.551403, -22.6187], [-44.551315, -22.618635], [-44.55122, -22.618577], [-44.551116, -22.618533], [-44.550561, -22.618363], [-44.549727, -22.61813], [-44.549518, -22.618068], [-44.549409, -22.618026], [-44.549308, -22.617966], [-44.549217, -22.617895], [-44.548917, -22.617631], [-44.548616, -22.617348], [-44.547765, -22.616567], [-44.547257, -22.616093], [-44.547179, -22.616025], [-44.547093, -22.615964], [-44.546994, -22.615918], [-44.546885, -22.615889], [-44.546772, -22.615879], [-44.546658, -22.615883], [-44.546313, -22.615906], [-44.546196, -22.61592], [-44.546083, -22.61595], [-44.545979, -22.616003], [-44.545888, -22.616073], [-44.545406, -22.616475], [-44.545315, -22.616545], [-44.544825, -22.616838], [-44.54472, -22.616891], [-44.544606, -22.616927], [-44.544488, -22.616942], [-44.544369, -22.61694], [-44.544137, -22.616916], [-44.542737, -22.616739], [-44.542617, -22.616734], [-44.541272, -22.616739], [-44.540571, -22.616795], [-44.539474, -22.616888], [-44.539357, -22.616909], [-44.539133, -22.616986], [-44.539017, -22.617014], [-44.538899, -22.617016], [-44.538789, -22.617002], [-44.538677, -22.616982], [-44.537898, -22.616837], [-44.537197, -22.616674], [-44.536396, -22.616495], [-44.536171, -22.616441], [-44.536055, -22.616417], [-44.535936, -22.61641], [-44.535818, -22.61642], [-44.5357, -22.616436], [-44.534661, -22.616586], [-44.533096, -22.616815], [-44.53278, -22.616865], [-44.532662, -22.616875], [-44.532544, -22.616864], [-44.532431, -22.616838], [-44.53198, -22.61669], [-44.53002, -22.616023], [-44.529696, -22.615909], [-44.529588, -22.615866], [-44.529486, -22.61581], [-44.529392, -22.615742], [-44.52853, -22.615016], [-44.52716, -22.613852], [-44.52695, -22.61368], [-44.526854, -22.61362], [-44.526748, -22.613576], [-44.526634, -22.61355], [-44.526516, -22.613543], [-44.526399, -22.613553], [-44.525847, -22.613647], [-44.524592, -22.613849], [-44.524476, -22.613872], [-44.524364, -22.613906], [-44.523623, -22.614215], [-44.523513, -22.614254], [-44.523289, -22.614322], [-44.523181, -22.614368], [-44.522979, -22.614479], [-44.522876, -22.614531], [-44.522767, -22.614573], [-44.522209, -22.614713], [-44.521211, -22.614955], [-44.521101, -22.614995], [-44.521001, -22.615052], [-44.520913, -22.615124], [-44.52084, -22.615209], [-44.520786, -22.615303], [-44.520648, -22.615592], [-44.520113, -22.61674], [-44.519945, -22.61709], [-44.519743, -22.61754], [-44.519696, -22.617632], [-44.51943, -22.618192], [-44.519374, -22.618285], [-44.519299, -22.618368], [-44.519208, -22.618439], [-44.519104, -22.618493], [-44.518991, -22.61853], [-44.518874, -22.618548], [-44.518291, -22.618591], [-44.518175, -22.618613], [-44.518062, -22.618645], [-44.517843, -22.618716], [-44.517733, -22.618759], [-44.51763, -22.618815], [-44.517536, -22.618883], [-44.516957, -22.619385], [-44.516551, -22.619732], [-44.516228, -22.620014], [-44.515844, -22.620336], [-44.515408, -22.620712], [-44.515118, -22.620956], [-44.514651, -22.621339], [-44.51456, -22.621404], [-44.514462, -22.621457], [-44.514354, -22.621495], [-44.51424, -22.621517], [-44.513895, -22.621537], [-44.513328, -22.621561], [-44.513213, -22.62157], [-44.513098, -22.621593], [-44.511656, -22.622063], [-44.510577, -22.622464], [-44.510465, -22.622503], [-44.51035, -22.622535], [-44.510234, -22.622561], [-44.510117, -22.62258], [-44.509774, -22.622624], [-44.509482, -22.622654], [-44.508455, -22.622776], [-44.508379, -22.622783], [-44.508259, -22.622787], [-44.50814, -22.622781], [-44.508023, -22.622763], [-44.507908, -22.622735], [-44.507799, -22.622698], [-44.507365, -22.622539], [-44.506823, -22.622328], [-44.506711, -22.622289], [-44.506595, -22.622269], [-44.50648, -22.622272], [-44.506364, -22.622299], [-44.506253, -22.622339], [-44.505936, -22.622477], [-44.5053, -22.622744], [-44.504735, -22.622986], [-44.503991, -22.623298], [-44.503881, -22.623341], [-44.503766, -22.62337], [-44.503649, -22.623374], [-44.503535, -22.623355], [-44.503427, -22.62332], [-44.503008, -22.623144], [-44.502897, -22.623111], [-44.502781, -22.623097], [-44.502667, -22.623104], [-44.502555, -22.623129], [-44.50223, -22.623219], [-44.502115, -22.623245], [-44.501997, -22.623257], [-44.501878, -22.623247], [-44.501761, -22.623222], [-44.501165, -22.623075], [-44.501047, -22.62306], [-44.500929, -22.623066], [-44.500813, -22.623089], [-44.500699, -22.623119], [-44.500589, -22.623162], [-44.500489, -22.623221], [-44.50024, -22.623392], [-44.500137, -22.623446], [-44.500028, -22.623478], [-44.499912, -22.623492], [-44.4998, -22.623483], [-44.499688, -22.623453], [-44.499582, -22.623414], [-44.499481, -22.623364], [-44.49939, -22.623297], [-44.499311, -22.623217], [-44.499101, -22.622963], [-44.499019, -22.622886], [-44.498928, -22.622821], [-44.498672, -22.622652], [-44.498157, -22.62232], [-44.496826, -22.621446], [-44.496741, -22.62137], [-44.496689, -22.621313], [-44.49646, -22.621038], [-44.496387, -22.620956], [-44.496346, -22.620918], [-44.496256, -22.620852], [-44.496206, -22.620826], [-44.496153, -22.620803], [-44.496099, -22.620786], [-44.496043, -22.620774], [-44.495813, -22.620758], [-44.494542, -22.620702], [-44.494426, -22.620682], [-44.494313, -22.620651], [-44.494259, -22.620629], [-44.49421, -22.620604], [-44.494113, -22.620542], [-44.493924, -22.620414], [-44.493526, -22.620132], [-44.493, -22.619766], [-44.492596, -22.619459], [-44.492556, -22.619425], [-44.492522, -22.619391], [-44.4922, -22.619055], [-44.492164, -22.619013], [-44.492097, -22.618924], [-44.492061, -22.618881], [-44.491609, -22.61838], [-44.490273, -22.616932], [-44.490006, -22.616638], [-44.489812, -22.616435], [-44.489661, -22.616269], [-44.48896, -22.615465], [-44.4884, -22.614833], [-44.48818, -22.614578], [-44.488031, -22.614409], [-44.487887, -22.614237], [-44.487737, -22.614069], [-44.486922, -22.613211], [-44.486529, -22.612806], [-44.486265, -22.612514], [-44.485715, -22.611924], [-44.485368, -22.611556], [-44.484939, -22.61111], [-44.484898, -22.61107], [-44.484806, -22.611002], [-44.484756, -22.610975], [-44.484703, -22.610951], [-44.484591, -22.610919], [-44.484213, -22.61083], [-44.483809, -22.610723], [-44.482981, -22.610517], [-44.482868, -22.610497], [-44.48275, -22.610496], [-44.481111, -22.610627], [-44.480683, -22.610666], [-44.480331, -22.610689], [-44.480216, -22.6107], [-44.480101, -22.610724], [-44.47999, -22.610762], [-44.479555, -22.61093], [-44.479449, -22.610982], [-44.479356, -22.61105], [-44.479273, -22.61113], [-44.479119, -22.611296], [-44.479037, -22.611376], [-44.478274, -22.612043], [-44.478177, -22.612106], [-44.47807, -22.612146], [-44.477953, -22.612162], [-44.477612, -22.612169], [-44.477172, -22.612173], [-44.47706, -22.612162], [-44.476952, -22.612134], [-44.476735, -22.612064], [-44.476631, -22.612019], [-44.476533, -22.611962], [-44.476441, -22.611894], [-44.476004, -22.611546], [-44.475909, -22.611483], [-44.47586, -22.611456], [-44.475312, -22.61117], [-44.475009, -22.611008], [-44.474901, -22.610961], [-44.474465, -22.610811], [-44.47435, -22.610782], [-44.474231, -22.610776], [-44.474117, -22.610799], [-44.474007, -22.610837], [-44.473132, -22.611153], [-44.473016, -22.611178], [-44.472546, -22.611205], [-44.471852, -22.61123], [-44.471624, -22.611241], [-44.471509, -22.611242], [-44.471394, -22.611231], [-44.471049, -22.611187], [-44.470931, -22.611178], [-44.470694, -22.611189], [-44.470575, -22.611179], [-44.467854, -22.610755], [-44.467741, -22.610724], [-44.467635, -22.610674], [-44.467448, -22.610545], [-44.467044, -22.610343], [-44.466575, -22.610117], [-44.466477, -22.610059], [-44.46639, -22.609987], [-44.466316, -22.609901], [-44.466026, -22.609532], [-44.465826, -22.60927], [-44.465755, -22.609182], [-44.465673, -22.609102], [-44.465579, -22.609034], [-44.465477, -22.608977], [-44.464961, -22.608706], [-44.464809, -22.608618], [-44.464603, -22.608506], [-44.464347, -22.608372], [-44.464242, -22.608322], [-44.464134, -22.608283], [-44.464018, -22.608256], [-44.463323, -22.608124], [-44.463211, -22.608097], [-44.462008, -22.607711], [-44.461905, -22.607674], [-44.461806, -22.607627], [-44.461712, -22.60757], [-44.460799, -22.60699], [-44.460699, -22.606935], [-44.460591, -22.606892], [-44.460475, -22.606866], [-44.460357, -22.606856], [-44.459816, -22.606845], [-44.4597, -22.606845], [-44.459582, -22.606856], [-44.459123, -22.60695], [-44.458216, -22.607147], [-44.457757, -22.607241], [-44.457286, -22.607347], [-44.457057, -22.607394], [-44.456939, -22.607407], [-44.45682, -22.607406], [-44.456702, -22.607394], [-44.456588, -22.60737], [-44.456482, -22.607333], [-44.45638, -22.607283], [-44.456283, -22.607229], [-44.456012, -22.607073], [-44.455915, -22.607014], [-44.455373, -22.606642], [-44.455281, -22.606573], [-44.455195, -22.606497], [-44.454747, -22.606076], [-44.453546, -22.604937], [-44.453422, -22.604826], [-44.453208, -22.604644], [-44.453077, -22.604538], [-44.45298, -22.604483], [-44.452875, -22.604443], [-44.45282, -22.604428], [-44.452479, -22.604361], [-44.451693, -22.604193], [-44.451585, -22.604174], [-44.45147, -22.60417], [-44.451354, -22.604186], [-44.451242, -22.604214], [-44.450911, -22.604311], [-44.450797, -22.604336], [-44.450681, -22.604346], [-44.450246, -22.604361], [-44.449589, -22.604375], [-44.449048, -22.604384], [-44.44881, -22.604379], [-44.448692, -22.604381], [-44.448451, -22.604394], [-44.448341, -22.604407], [-44.448253, -22.604424], [-44.448118, -22.60446], [-44.447957, -22.604518], [-44.447366, -22.604743], [-44.446401, -22.605121], [-44.445437, -22.605493], [-44.445275, -22.605554], [-44.445165, -22.60559], [-44.445109, -22.605604], [-44.444995, -22.605623], [-44.444879, -22.605632], [-44.44453, -22.605623], [-44.44424, -22.605609], [-44.444121, -22.60561], [-44.444063, -22.605617], [-44.443895, -22.605654], [-44.443013, -22.605897], [-44.442457, -22.606049], [-44.442342, -22.606077], [-44.441836, -22.606157], [-44.441552, -22.606206], [-44.441435, -22.606218], [-44.441317, -22.606212], [-44.441203, -22.606184], [-44.441099, -22.606132], [-44.441068, -22.606113], [-44.440979, -22.606052], [-44.44002, -22.60533], [-44.439976, -22.605299], [-44.439878, -22.605243], [-44.439769, -22.605203], [-44.439715, -22.605188], [-44.439382, -22.605114], [-44.439272, -22.605081], [-44.439114, -22.605014], [-44.439062, -22.604988], [-44.439014, -22.604958], [-44.438967, -22.604926], [-44.438841, -22.604813], [-44.438352, -22.604349], [-44.437979, -22.603985], [-44.43789, -22.603913], [-44.437787, -22.603858], [-44.437673, -22.603826], [-44.437554, -22.60382], [-44.437438, -22.603839], [-44.437383, -22.603855], [-44.437162, -22.603924], [-44.436999, -22.603982], [-44.436885, -22.604015], [-44.436599, -22.604066], [-44.436142, -22.604139], [-44.436085, -22.604146], [-44.435966, -22.604152], [-44.435384, -22.60414], [-44.435266, -22.604127], [-44.435038, -22.604086], [-44.434698, -22.604018], [-44.434244, -22.603921], [-44.433906, -22.603844], [-44.433788, -22.603829], [-44.43367, -22.603836], [-44.433326, -22.603885], [-44.432411, -22.604036], [-44.431492, -22.604171], [-44.43086, -22.604259], [-44.430804, -22.60427], [-44.430691, -22.604304], [-44.430531, -22.604367], [-44.427783, -22.605519], [-44.427729, -22.605538], [-44.427615, -22.605567], [-44.427497, -22.605583], [-44.42738, -22.605581], [-44.427264, -22.605559], [-44.427097, -22.60551], [-44.426933, -22.605455], [-44.426606, -22.605341], [-44.426335, -22.605242], [-44.42628, -22.605226], [-44.426162, -22.605209], [-44.426103, -22.605209], [-44.425756, -22.605223], [-44.425123, -22.605255], [-44.424549, -22.605279], [-44.423367, -22.605333], [-44.423249, -22.605327], [-44.423134, -22.605301], [-44.422912, -22.605237], [-44.41982, -22.604324], [-44.419703, -22.604304], [-44.418607, -22.604189], [-44.417631, -22.604126], [-44.417514, -22.604123], [-44.416716, -22.604158], [-44.416601, -22.604166], [-44.416484, -22.604188], [-44.416388, -22.604226], [-44.416325, -22.604259], [-44.416089, -22.604408], [-44.415109, -22.605041], [-44.414874, -22.605199], [-44.414601, -22.605391], [-44.414498, -22.605442], [-44.414385, -22.605472], [-44.414045, -22.605538], [-44.413934, -22.605572], [-44.413833, -22.605627], [-44.413744, -22.605696], [-44.413412, -22.60599], [-44.413081, -22.60629], [-44.412993, -22.606361], [-44.412895, -22.606422], [-44.41279, -22.606468], [-44.412678, -22.606497], [-44.412564, -22.606508], [-44.41245, -22.606503], [-44.412184, -22.606456], [-44.411613, -22.606337], [-44.41104, -22.606228], [-44.410468, -22.606101], [-44.410323, -22.606055], [-44.410101, -22.605978], [-44.409935, -22.605926], [-44.409431, -22.605787], [-44.40787, -22.605339], [-44.407546, -22.605251], [-44.407434, -22.605214], [-44.407019, -22.605043], [-44.406918, -22.605004], [-44.40681, -22.604973], [-44.406534, -22.604907], [-44.406054, -22.604796], [-44.405897, -22.604763], [-44.405845, -22.604756], [-44.405732, -22.604751], [-44.40541, -22.604764], [-44.403273, -22.60489], [-44.403155, -22.604906], [-44.403042, -22.604939], [-44.402935, -22.604988], [-44.402837, -22.60505], [-44.402752, -22.605123], [-44.40268, -22.605207], [-44.402623, -22.605297], [-44.402412, -22.605682], [-44.402391, -22.60573], [-44.402362, -22.605833], [-44.402352, -22.605885], [-44.40222, -22.60676], [-44.402181, -22.606978], [-44.402114, -22.607387], [-44.402085, -22.607487], [-44.402039, -22.607584], [-44.402011, -22.607629], [-44.40183, -22.607897], [-44.401256, -22.608717], [-44.401195, -22.608801], [-44.401119, -22.608879], [-44.401031, -22.608943], [-44.400942, -22.609001], [-44.400852, -22.60906], [-44.400757, -22.609115], [-44.400651, -22.609159], [-44.400537, -22.609184], [-44.400421, -22.609192], [-44.400304, -22.60918], [-44.400192, -22.609149], [-44.399982, -22.60906], [-44.39988, -22.609011], [-44.399786, -22.608944], [-44.399464, -22.608626], [-44.399381, -22.608549], [-44.399285, -22.608486], [-44.399176, -22.608444], [-44.399059, -22.608427], [-44.398941, -22.608439], [-44.398828, -22.608466], [-44.398495, -22.608555], [-44.398377, -22.608574], [-44.398258, -22.608567], [-44.398145, -22.608534], [-44.397912, -22.608437], [-44.397809, -22.608389], [-44.397711, -22.608328], [-44.397532, -22.608196], [-44.397441, -22.608133], [-44.397339, -22.608083], [-44.39723, -22.608055], [-44.39712, -22.608047], [-44.396803, -22.608044], [-44.395912, -22.608024], [-44.395516, -22.60802], [-44.395405, -22.608033], [-44.395293, -22.608071], [-44.395193, -22.608128], [-44.395105, -22.608201], [-44.39422, -22.609025], [-44.394132, -22.6091], [-44.394033, -22.609163], [-44.393925, -22.609209], [-44.39381, -22.609237], [-44.393691, -22.609245], [-44.393573, -22.609233], [-44.393299, -22.609183], [-44.392353, -22.608997], [-44.391687, -22.608907], [-44.391574, -22.608875], [-44.391465, -22.608829], [-44.391044, -22.608624], [-44.390405, -22.608321], [-44.390199, -22.608225], [-44.390094, -22.608182], [-44.389984, -22.608149], [-44.389574, -22.608043], [-44.388954, -22.607892], [-44.388387, -22.607745], [-44.388055, -22.607666], [-44.387769, -22.60761], [-44.386972, -22.607462], [-44.385621, -22.607205], [-44.385225, -22.607133], [-44.384713, -22.607032], [-44.38429, -22.606957], [-44.384116, -22.606939], [-44.383885, -22.6069], [-44.383483, -22.606815], [-44.383178, -22.606765], [-44.382773, -22.606689], [-44.382714, -22.60667], [-44.382608, -22.606624], [-44.382408, -22.606519], [-44.381458, -22.605997], [-44.380854, -22.605673], [-44.380333, -22.605387], [-44.380227, -22.605339], [-44.380114, -22.605307], [-44.379998, -22.605291], [-44.37988, -22.605292], [-44.379763, -22.60531], [-44.379651, -22.605344], [-44.379597, -22.605366], [-44.379547, -22.605391], [-44.379464, -22.605445], [-44.379377, -22.605519], [-44.379303, -22.605601], [-44.379219, -22.605713], [-44.378377, -22.606863], [-44.37804, -22.607268], [-44.377875, -22.607424], [-44.376548, -22.608629], [-44.376459, -22.608702], [-44.375514, -22.609359], [-44.374578, -22.610039], [-44.374403, -22.610176], [-44.374306, -22.610242], [-44.3742, -22.610291], [-44.373932, -22.610383], [-44.372462, -22.610874], [-44.372238, -22.610951], [-44.371852, -22.611076], [-44.37169, -22.611133], [-44.370914, -22.611392], [-44.370799, -22.611424], [-44.369848, -22.611661], [-44.368622, -22.611953], [-44.368513, -22.611983], [-44.368303, -22.612061], [-44.368195, -22.612096], [-44.36808, -22.612122], [-44.367961, -22.612132], [-44.367843, -22.612123], [-44.367735, -22.612099], [-44.367425, -22.612014], [-44.366829, -22.611841], [-44.366436, -22.611753], [-44.365892, -22.611569], [-44.36464, -22.611208], [-44.363892, -22.610989], [-44.363309, -22.610825], [-44.363197, -22.610785], [-44.363098, -22.610726], [-44.36301, -22.610661], [-44.362145, -22.610001], [-44.361057, -22.609164], [-44.360689, -22.608886], [-44.36019, -22.608499], [-44.360099, -22.608434], [-44.359995, -22.60838], [-44.359885, -22.608343], [-44.357436, -22.607621], [-44.355812, -22.607133], [-44.354472, -22.606736], [-44.353871, -22.606553], [-44.353816, -22.606539], [-44.353698, -22.60652], [-44.353581, -22.60652], [-44.353417, -22.606527], [-44.350998, -22.606662], [-44.349807, -22.606718], [-44.348907, -22.606767], [-44.348795, -22.606775], [-44.348679, -22.606797], [-44.348572, -22.606839], [-44.348438, -22.606907], [-44.346085, -22.608141], [-44.345633, -22.608383], [-44.345526, -22.608431], [-44.345411, -22.608458], [-44.345238, -22.60848], [-44.344583, -22.608556], [-44.344465, -22.608563], [-44.344345, -22.608559], [-44.344231, -22.60855], [-44.343081, -22.608454], [-44.342969, -22.608452], [-44.342857, -22.608477], [-44.342751, -22.608527], [-44.341697, -22.609192], [-44.34159, -22.609242], [-44.341475, -22.609272], [-44.341078, -22.609341], [-44.34102, -22.609345], [-44.340901, -22.609338], [-44.340785, -22.609315], [-44.340731, -22.609299], [-44.340242, -22.609143], [-44.340133, -22.609099], [-44.338643, -22.60836], [-44.338493, -22.608283], [-44.33839, -22.608225], [-44.337764, -22.607837], [-44.33734, -22.607565], [-44.337244, -22.607499], [-44.336936, -22.60727], [-44.335759, -22.606395], [-44.335711, -22.606364], [-44.335606, -22.606311], [-44.335497, -22.606274], [-44.334838, -22.606067], [-44.334387, -22.605932], [-44.33386, -22.605767], [-44.333748, -22.605738], [-44.333691, -22.60573], [-44.333063, -22.605655], [-44.332949, -22.605632], [-44.331937, -22.605368], [-44.331832, -22.605338], [-44.331614, -22.605259], [-44.331188, -22.605091], [-44.331027, -22.605031], [-44.330976, -22.605008], [-44.330877, -22.604949], [-44.330506, -22.604695], [-44.330401, -22.604644], [-44.330288, -22.604613], [-44.33017, -22.604598], [-44.33005, -22.604605], [-44.329935, -22.604632], [-44.329827, -22.604672], [-44.329715, -22.604709], [-44.329598, -22.604725], [-44.329479, -22.604719], [-44.329369, -22.60469], [-44.329318, -22.604671], [-44.328845, -22.604473], [-44.328732, -22.604438], [-44.328408, -22.604358], [-44.328304, -22.604328], [-44.328212, -22.604284], [-44.328129, -22.604229], [-44.327918, -22.604072], [-44.327563, -22.603801], [-44.327147, -22.603506], [-44.327059, -22.603432], [-44.32702, -22.603392], [-44.326984, -22.60335], [-44.326918, -22.603258], [-44.326864, -22.603166], [-44.326824, -22.603076], [-44.326664, -22.602655], [-44.326646, -22.602609], [-44.32662, -22.602512], [-44.326567, -22.601905], [-44.326553, -22.601795], [-44.326338, -22.600582], [-44.326098, -22.599179], [-44.326059, -22.598967], [-44.326035, -22.598861], [-44.325993, -22.598758], [-44.32593, -22.598664], [-44.324973, -22.597717], [-44.324892, -22.597641], [-44.324798, -22.597573], [-44.324692, -22.597526], [-44.324577, -22.597499], [-44.324458, -22.597496], [-44.324409, -22.5975], [-44.324124, -22.597543], [-44.323836, -22.597579], [-44.32343, -22.597644], [-44.323089, -22.597691], [-44.322451, -22.597786], [-44.322109, -22.597832], [-44.322052, -22.597838], [-44.321934, -22.59784], [-44.321643, -22.597833], [-44.321526, -22.597835], [-44.321468, -22.59784], [-44.321351, -22.597864], [-44.321243, -22.597908], [-44.321146, -22.597973], [-44.321064, -22.598053], [-44.320503, -22.598721], [-44.320441, -22.598814], [-44.320057, -22.599542], [-44.319924, -22.599784], [-44.319863, -22.599875], [-44.319786, -22.599958], [-44.319693, -22.600024], [-44.319588, -22.600074], [-44.31917, -22.600213], [-44.319068, -22.600239], [-44.318962, -22.600246], [-44.318852, -22.600229], [-44.318746, -22.60019], [-44.31865, -22.600128], [-44.318568, -22.600048], [-44.318382, -22.599779], [-44.318309, -22.599702], [-44.318226, -22.599639], [-44.31777, -22.599359], [-44.317432, -22.599156], [-44.317337, -22.599094], [-44.317259, -22.599026], [-44.317217, -22.59898], [-44.316821, -22.598512], [-44.316766, -22.598425], [-44.316729, -22.598324], [-44.316583, -22.597818], [-44.316511, -22.597557], [-44.316494, -22.597506], [-44.316445, -22.597405], [-44.316057, -22.596742], [-44.316032, -22.596693], [-44.315875, -22.596338], [-44.315816, -22.596241], [-44.315738, -22.596158], [-44.315645, -22.596089], [-44.31554, -22.596037], [-44.315428, -22.596], [-44.315152, -22.59592], [-44.314664, -22.595745], [-44.314549, -22.595722], [-44.31443, -22.595725], [-44.314372, -22.595732], [-44.313518, -22.595854], [-44.313464, -22.595865], [-44.31315, -22.595951], [-44.312991, -22.59599], [-44.312236, -22.596121], [-44.312124, -22.596149], [-44.312017, -22.596193], [-44.311813, -22.596296], [-44.311505, -22.596444], [-44.311405, -22.596498], [-44.311309, -22.596565], [-44.309328, -22.598068], [-44.309054, -22.598269], [-44.308958, -22.598329], [-44.308852, -22.598377], [-44.308738, -22.598409], [-44.308681, -22.59842], [-44.308166, -22.598508], [-44.30696, -22.598698], [-44.30633, -22.598801], [-44.306273, -22.598811], [-44.306161, -22.59884], [-44.305506, -22.599057], [-44.305453, -22.599078], [-44.305349, -22.599132], [-44.30526, -22.599205], [-44.304872, -22.599607], [-44.304786, -22.599682], [-44.304686, -22.599732], [-44.304571, -22.599759], [-44.304452, -22.599756], [-44.301617, -22.599244], [-44.301502, -22.59923], [-44.301154, -22.5992], [-44.301035, -22.599199], [-44.300919, -22.599222], [-44.30008, -22.599478], [-44.299671, -22.599607], [-44.299315, -22.599711], [-44.299095, -22.599796], [-44.298874, -22.599872], [-44.298761, -22.599904], [-44.298532, -22.599962], [-44.298222, -22.600053], [-44.297667, -22.600225], [-44.296708, -22.60053], [-44.296608, -22.600577], [-44.296514, -22.600638], [-44.296428, -22.600713], [-44.296128, -22.601041], [-44.296023, -22.601158], [-44.295862, -22.60135], [-44.295619, -22.601652], [-44.29535, -22.601978], [-44.295069, -22.602331], [-44.29499, -22.602411], [-44.294606, -22.602741], [-44.293655, -22.603608], [-44.293566, -22.603678], [-44.293464, -22.603729], [-44.29283, -22.604001], [-44.292729, -22.604059], [-44.292639, -22.604127], [-44.292384, -22.604346], [-44.292169, -22.604525], [-44.291969, -22.604717], [-44.291883, -22.604789], [-44.291781, -22.604845], [-44.291668, -22.60488], [-44.29155, -22.604893], [-44.291433, -22.604886], [-44.291323, -22.604858], [-44.291164, -22.604808], [-44.290681, -22.604654], [-44.290574, -22.604617], [-44.290315, -22.604505], [-44.28923, -22.604021], [-44.289123, -22.603986], [-44.288846, -22.603912], [-44.287621, -22.603561], [-44.287511, -22.603521], [-44.287306, -22.603423], [-44.287195, -22.603382], [-44.287139, -22.603368], [-44.286403, -22.603219], [-44.285784, -22.603085], [-44.28532, -22.602979], [-44.284931, -22.602907], [-44.284462, -22.602811], [-44.28368, -22.602646], [-44.28278, -22.60245], [-44.281649, -22.602196], [-44.281364, -22.602136], [-44.28085, -22.602016], [-44.280096, -22.601848], [-44.279871, -22.601795], [-44.279759, -22.601764], [-44.279641, -22.60172], [-44.279542, -22.601664], [-44.279409, -22.601568], [-44.279326, -22.601496], [-44.279253, -22.601415], [-44.279192, -22.601325], [-44.279048, -22.601032], [-44.279021, -22.600984], [-44.278952, -22.600895], [-44.278867, -22.60082], [-44.278822, -22.600789], [-44.278276, -22.600439], [-44.278132, -22.600348], [-44.278033, -22.600291], [-44.277927, -22.600241], [-44.277816, -22.600206], [-44.2777, -22.600184], [-44.277584, -22.600178], [-44.276983, -22.600177], [-44.276635, -22.600181], [-44.276517, -22.600172], [-44.276403, -22.60014], [-44.276299, -22.600089], [-44.276208, -22.600022], [-44.276131, -22.599942], [-44.27607, -22.599851], [-44.275924, -22.599571], [-44.275461, -22.598727], [-44.274763, -22.597503], [-44.274672, -22.597366], [-44.274596, -22.597281], [-44.274503, -22.597213], [-44.2744, -22.597165], [-44.274347, -22.597147], [-44.273262, -22.596782], [-44.272396, -22.596496], [-44.272109, -22.596381], [-44.271512, -22.596176], [-44.27108, -22.59601], [-44.27097, -22.595972], [-44.270539, -22.595836], [-44.270268, -22.595746], [-44.269401, -22.595433], [-44.269074, -22.595319], [-44.269019, -22.595305], [-44.268901, -22.59529], [-44.268784, -22.595298], [-44.268505, -22.595348], [-44.26807, -22.595438], [-44.267884, -22.595464], [-44.267517, -22.595498], [-44.267023, -22.595537], [-44.26656, -22.595583], [-44.265852, -22.59564], [-44.26505, -22.595719], [-44.264939, -22.595733], [-44.264596, -22.595805], [-44.264037, -22.595915], [-44.263581, -22.596009], [-44.263471, -22.596043], [-44.263372, -22.596092], [-44.263283, -22.596153], [-44.263204, -22.596226], [-44.263137, -22.596314], [-44.262966, -22.596594], [-44.262899, -22.596686], [-44.262815, -22.596764], [-44.262718, -22.596826], [-44.262613, -22.59687], [-44.262499, -22.596894], [-44.262384, -22.596898], [-44.262269, -22.596884], [-44.26216, -22.59685], [-44.261722, -22.596662], [-44.261156, -22.596413], [-44.261054, -22.596356], [-44.260917, -22.596254], [-44.260478, -22.595873], [-44.260306, -22.595728], [-44.260263, -22.595692], [-44.260167, -22.595628], [-44.26006, -22.595579], [-44.259667, -22.595438], [-44.259244, -22.595278], [-44.259139, -22.595226], [-44.259048, -22.595158], [-44.258698, -22.594864], [-44.258608, -22.594798], [-44.258561, -22.594771], [-44.257839, -22.594417], [-44.257732, -22.594377], [-44.257398, -22.594277], [-44.257283, -22.594253], [-44.257165, -22.594248], [-44.256235, -22.594274], [-44.256075, -22.594275], [-44.255957, -22.594267], [-44.255841, -22.594243], [-44.255001, -22.594012], [-44.254697, -22.593922], [-44.253944, -22.593719], [-44.253481, -22.593589], [-44.253425, -22.593574], [-44.25331, -22.593553], [-44.253199, -22.59355], [-44.252526, -22.593578], [-44.252105, -22.593591], [-44.251719, -22.593609], [-44.251519, -22.593604], [-44.251403, -22.593604], [-44.251247, -22.593613], [-44.251138, -22.593612], [-44.25102, -22.593598], [-44.250729, -22.593548], [-44.250612, -22.593538], [-44.250173, -22.593531], [-44.249445, -22.593533], [-44.24885, -22.59353], [-44.248019, -22.593534], [-44.247144, -22.593512], [-44.246056, -22.59349], [-44.245937, -22.593482], [-44.245751, -22.593459], [-44.245642, -22.593457], [-44.245529, -22.593468], [-44.245093, -22.593542], [-44.24498, -22.593552], [-44.244864, -22.593546], [-44.244751, -22.593522], [-44.244644, -22.593481], [-44.244296, -22.593318], [-44.244083, -22.593226], [-44.243869, -22.593128], [-44.243448, -22.592921], [-44.243232, -22.592827], [-44.243018, -22.592729], [-44.242809, -22.59262], [-44.242703, -22.592569], [-44.242606, -22.592534], [-44.242492, -22.592506], [-44.242232, -22.592466], [-44.242118, -22.592443], [-44.242091, -22.592436], [-44.241982, -22.592395], [-44.241881, -22.592337], [-44.241835, -22.592305], [-44.241756, -22.592246], [-44.241594, -22.592102], [-44.241511, -22.592034], [-44.241415, -22.591976], [-44.241309, -22.591931], [-44.241037, -22.591838], [-44.240117, -22.591571], [-44.240012, -22.591527], [-44.239802, -22.591432], [-44.239485, -22.591282], [-44.239166, -22.591138], [-44.238488, -22.590818], [-44.238258, -22.590714], [-44.238209, -22.590693], [-44.238101, -22.590654], [-44.237985, -22.590631], [-44.237866, -22.590628], [-44.237692, -22.59065], [-44.236446, -22.590874], [-44.235548, -22.591027], [-44.233144, -22.591398], [-44.233029, -22.591428], [-44.232923, -22.59148], [-44.232421, -22.591784], [-44.232317, -22.591836], [-44.232204, -22.591872], [-44.231522, -22.592033], [-44.231166, -22.592112], [-44.230722, -22.592244], [-44.230612, -22.592268], [-44.229697, -22.592412], [-44.229125, -22.592516], [-44.228898, -22.592561], [-44.228789, -22.592596], [-44.228419, -22.592764], [-44.228309, -22.592804], [-44.226927, -22.593204], [-44.226552, -22.593326], [-44.226328, -22.593396], [-44.225897, -22.593538], [-44.225521, -22.593635], [-44.225184, -22.593726], [-44.225073, -22.593761], [-44.224809, -22.59385], [-44.223821, -22.594131], [-44.223603, -22.594203], [-44.2231, -22.594362], [-44.22284, -22.594433], [-44.222427, -22.594552], [-44.222262, -22.594597], [-44.22171, -22.594706], [-44.221602, -22.594735], [-44.221555, -22.594753], [-44.2215, -22.594779], [-44.221163, -22.594951], [-44.221059, -22.594993], [-44.220949, -22.595017], [-44.220604, -22.595067], [-44.22049, -22.595091], [-44.219785, -22.595285], [-44.219672, -22.595303], [-44.219555, -22.595294], [-44.219442, -22.595262], [-44.218466, -22.594866], [-44.21836, -22.594838], [-44.218246, -22.594833], [-44.21813, -22.594852], [-44.21802, -22.594896], [-44.217311, -22.595253], [-44.2172, -22.595294], [-44.217083, -22.595314], [-44.216965, -22.595315], [-44.216849, -22.595295], [-44.21674, -22.595254], [-44.216438, -22.595116], [-44.21525, -22.594584], [-44.215142, -22.594549], [-44.215029, -22.594533], [-44.214914, -22.594536], [-44.213375, -22.594709], [-44.212867, -22.594769], [-44.212267, -22.594835], [-44.211988, -22.59487], [-44.211871, -22.594879], [-44.211338, -22.594904], [-44.211219, -22.594902], [-44.210992, -22.594886], [-44.210112, -22.594822], [-44.208518, -22.5947], [-44.208033, -22.594668], [-44.207914, -22.594675], [-44.207599, -22.594714], [-44.20748, -22.594724], [-44.207362, -22.594724], [-44.207244, -22.594728], [-44.206912, -22.594766], [-44.206594, -22.594807], [-44.206479, -22.594806], [-44.206405, -22.594797], [-44.206286, -22.59479], [-44.204704, -22.594796], [-44.204586, -22.594805], [-44.204471, -22.594833], [-44.204232, -22.594915], [-44.202563, -22.595464], [-44.2018, -22.595706], [-44.200481, -22.596107], [-44.20035, -22.596136], [-44.19933, -22.596277], [-44.199214, -22.596303], [-44.199107, -22.596348], [-44.199004, -22.596404], [-44.197986, -22.596984], [-44.197412, -22.597264], [-44.197304, -22.597306], [-44.19719, -22.597332], [-44.197072, -22.597339], [-44.196953, -22.597325], [-44.196839, -22.597294], [-44.196728, -22.597254], [-44.196119, -22.597029], [-44.195716, -22.596876], [-44.194365, -22.596374], [-44.194016, -22.596248], [-44.19376, -22.596149], [-44.193654, -22.596101], [-44.192138, -22.595285], [-44.191831, -22.595126], [-44.191307, -22.594843], [-44.190749, -22.594535], [-44.190642, -22.594487], [-44.190529, -22.594454], [-44.190411, -22.594437], [-44.190291, -22.594437], [-44.190174, -22.594454], [-44.188472, -22.594833], [-44.188354, -22.59485], [-44.188235, -22.594853], [-44.188117, -22.59484], [-44.188001, -22.594814], [-44.187254, -22.594615], [-44.187024, -22.594559], [-44.186907, -22.59454], [-44.186787, -22.59454], [-44.186433, -22.594567], [-44.185862, -22.594602], [-44.185624, -22.59462], [-44.185507, -22.594636], [-44.185392, -22.594666], [-44.185282, -22.594707], [-44.185182, -22.594759], [-44.185132, -22.594794], [-44.185047, -22.594866], [-44.184969, -22.594944], [-44.184757, -22.5952], [-44.184679, -22.595278], [-44.184589, -22.595346], [-44.184487, -22.595398], [-44.184374, -22.595435], [-44.184257, -22.595452], [-44.183928, -22.595474], [-44.183809, -22.595473], [-44.183751, -22.595469], [-44.183266, -22.595431], [-44.182345, -22.59535], [-44.182234, -22.595332], [-44.182131, -22.595297], [-44.182032, -22.595243], [-44.181943, -22.59517], [-44.181871, -22.595082], [-44.18182, -22.594984], [-44.181557, -22.594306], [-44.181455, -22.594055], [-44.181403, -22.593956], [-44.181335, -22.593866], [-44.181255, -22.593787], [-44.180991, -22.593558], [-44.180897, -22.593493], [-44.180569, -22.593315], [-44.180272, -22.593148], [-44.180164, -22.593101], [-44.180049, -22.593072], [-44.17993, -22.593064], [-44.179813, -22.593073], [-44.179698, -22.593099], [-44.179589, -22.593144], [-44.179493, -22.593205], [-44.17942, -22.593263], [-44.179172, -22.593481], [-44.179078, -22.593549], [-44.178972, -22.5936], [-44.178858, -22.593633], [-44.178743, -22.593647], [-44.17842, -22.593665], [-44.178301, -22.593661], [-44.178185, -22.593639], [-44.178075, -22.593598], [-44.177974, -22.593542], [-44.177559, -22.593261], [-44.177283, -22.593067], [-44.177181, -22.59301], [-44.17707, -22.592974], [-44.176955, -22.59296], [-44.176843, -22.592967], [-44.175859, -22.593113], [-44.175746, -22.593119], [-44.175635, -22.593106], [-44.17547, -22.59307], [-44.174096, -22.592751], [-44.173728, -22.592681], [-44.173457, -22.592635], [-44.17288, -22.592519], [-44.17236, -22.592426], [-44.171939, -22.592343], [-44.171834, -22.59233], [-44.171728, -22.592333], [-44.171499, -22.592355], [-44.171389, -22.592376], [-44.171235, -22.592418], [-44.171119, -22.592441], [-44.17074, -22.592501], [-44.170625, -22.59251], [-44.170512, -22.5925], [-44.170401, -22.592472], [-44.170357, -22.592458], [-44.169734, -22.592242], [-44.169391, -22.592127], [-44.169281, -22.592101], [-44.169168, -22.59209], [-44.168904, -22.59208], [-44.168728, -22.592069], [-44.168611, -22.592052], [-44.168216, -22.591974], [-44.1681, -22.591966], [-44.167982, -22.591982], [-44.16787, -22.592018], [-44.167768, -22.592074], [-44.167483, -22.59227], [-44.167391, -22.592323], [-44.167288, -22.592361], [-44.167176, -22.592383], [-44.166929, -22.592418], [-44.166355, -22.592491], [-44.166238, -22.592496], [-44.165921, -22.592497], [-44.165804, -22.592506], [-44.165428, -22.592558], [-44.165312, -22.592563], [-44.165195, -22.592546], [-44.165086, -22.592507], [-44.16499, -22.592447], [-44.164952, -22.592415], [-44.16491, -22.592372], [-44.164847, -22.592282], [-44.164684, -22.591993], [-44.16455, -22.591742], [-44.164428, -22.591556], [-44.164375, -22.591461], [-44.164258, -22.591272], [-44.164128, -22.59103], [-44.164064, -22.590938], [-44.163965, -22.590849], [-44.163868, -22.590788], [-44.163566, -22.590633], [-44.163471, -22.590576], [-44.163394, -22.590499], [-44.163326, -22.590393], [-44.16312, -22.590031], [-44.16301, -22.589848], [-44.163001, -22.589831], [-44.162942, -22.589766], [-44.16285, -22.589703], [-44.162745, -22.589663], [-44.162633, -22.589651], [-44.162303, -22.589652], [-44.162189, -22.589624], [-44.16199, -22.589524], [-44.161878, -22.589488], [-44.161761, -22.58949], [-44.161653, -22.589532], [-44.161565, -22.589606], [-44.161363, -22.589859], [-44.161163, -22.590117], [-44.161088, -22.5902], [-44.160997, -22.590271], [-44.160893, -22.590325], [-44.160782, -22.59036], [-44.160665, -22.590372], [-44.16055, -22.590362], [-44.160449, -22.590336], [-44.160332, -22.590294], [-44.160219, -22.590261], [-44.160101, -22.590245], [-44.159981, -22.59025], [-44.159951, -22.590254], [-44.159836, -22.59028], [-44.159729, -22.590324], [-44.159632, -22.590387], [-44.15926, -22.59068], [-44.159175, -22.590757], [-44.158845, -22.591091], [-44.158763, -22.59116], [-44.158669, -22.591213], [-44.158563, -22.591254], [-44.158447, -22.591278], [-44.157634, -22.591377], [-44.157429, -22.591408], [-44.157319, -22.591438], [-44.157213, -22.591485], [-44.156745, -22.591734], [-44.156236, -22.591957], [-44.156079, -22.592032], [-44.155683, -22.592229], [-44.155485, -22.592333], [-44.155343, -22.592416], [-44.155254, -22.592486], [-44.155184, -22.592571], [-44.155134, -22.592666], [-44.155079, -22.592759], [-44.155002, -22.592841], [-44.154907, -22.592906], [-44.1548, -22.592947], [-44.154696, -22.592965], [-44.15459, -22.592964], [-44.154489, -22.592943], [-44.154342, -22.592892], [-44.154057, -22.592787], [-44.153862, -22.59272], [-44.153761, -22.592688], [-44.153452, -22.592621], [-44.153224, -22.592578], [-44.152642, -22.592433], [-44.152536, -22.592418], [-44.152432, -22.592424], [-44.152333, -22.592451], [-44.152243, -22.5925], [-44.152164, -22.592568], [-44.152105, -22.592654], [-44.152069, -22.592755], [-44.151994, -22.593102], [-44.151982, -22.59321], [-44.151969, -22.593586], [-44.151923, -22.594521], [-44.151934, -22.594697], [-44.151934, -22.594801], [-44.151915, -22.594907], [-44.151876, -22.59501], [-44.151818, -22.595106], [-44.151742, -22.595191], [-44.15165, -22.595261], [-44.151266, -22.595499], [-44.151168, -22.595551], [-44.151057, -22.595588], [-44.15094, -22.595605], [-44.150822, -22.595601], [-44.150708, -22.595572], [-44.150602, -22.595522], [-44.150381, -22.595387], [-44.150119, -22.59521], [-44.15002, -22.595153], [-44.149914, -22.595111], [-44.149799, -22.595089], [-44.149682, -22.595089], [-44.149342, -22.595122], [-44.148961, -22.595171], [-44.148688, -22.595202], [-44.148575, -22.595225], [-44.148469, -22.595269], [-44.148245, -22.595387], [-44.148139, -22.595438], [-44.148028, -22.59547], [-44.147823, -22.595507], [-44.147412, -22.595558], [-44.146663, -22.59563], [-44.146545, -22.595632], [-44.146428, -22.595615], [-44.146151, -22.595553], [-44.146044, -22.595511], [-44.14595, -22.595448], [-44.145872, -22.595365], [-44.145817, -22.59527], [-44.145788, -22.595167], [-44.14578, -22.595117], [-44.145752, -22.595014], [-44.145705, -22.594917], [-44.14564, -22.594828], [-44.145559, -22.594753], [-44.145462, -22.594694], [-44.145353, -22.594653], [-44.145237, -22.594632], [-44.145121, -22.594633], [-44.144297, -22.594724], [-44.144021, -22.594781], [-44.143906, -22.594812], [-44.143799, -22.594861], [-44.143708, -22.594927], [-44.143627, -22.595008], [-44.143553, -22.59509], [-44.143408, -22.595266], [-44.143343, -22.595354], [-44.14322, -22.595549], [-44.143144, -22.595662], [-44.14286, -22.596039], [-44.142668, -22.596311], [-44.142602, -22.596389], [-44.142518, -22.596457], [-44.142418, -22.596513], [-44.142236, -22.596592], [-44.142124, -22.596629], [-44.142008, -22.596647], [-44.141319, -22.596702], [-44.141202, -22.596722], [-44.140806, -22.596821], [-44.14069, -22.59684], [-44.140483, -22.596856], [-44.140371, -22.596875], [-44.140264, -22.596915], [-44.140165, -22.596974], [-44.139869, -22.597167], [-44.139774, -22.597233], [-44.139574, -22.59739], [-44.139473, -22.597446], [-44.139352, -22.597493], [-44.139148, -22.597549], [-44.139049, -22.597572], [-44.138782, -22.597626], [-44.138685, -22.597634], [-44.138515, -22.597629], [-44.137722, -22.597629], [-44.137485, -22.597623], [-44.136826, -22.597583], [-44.136392, -22.597564], [-44.136086, -22.597541], [-44.135414, -22.597506], [-44.135298, -22.597493], [-44.135119, -22.597465], [-44.135005, -22.597456], [-44.134535, -22.597458], [-44.134162, -22.597494], [-44.134104, -22.597496], [-44.133761, -22.5975], [-44.133249, -22.597511], [-44.133131, -22.597505], [-44.133015, -22.597483], [-44.132872, -22.597443], [-44.132662, -22.597374], [-44.132293, -22.597269], [-44.131841, -22.597133], [-44.131497, -22.597035], [-44.13082, -22.596835], [-44.130658, -22.596806], [-44.129858, -22.596673], [-44.129739, -22.596667], [-44.129621, -22.596687], [-44.128621, -22.596971], [-44.128513, -22.597014], [-44.128417, -22.597079], [-44.128206, -22.597242], [-44.128103, -22.597298], [-44.127997, -22.597325], [-44.127878, -22.597323], [-44.127763, -22.597291], [-44.127262, -22.597093], [-44.12682, -22.596911], [-44.126716, -22.59686], [-44.126524, -22.596751], [-44.126426, -22.596703], [-44.126316, -22.596668], [-44.126011, -22.596597], [-44.125898, -22.596563], [-44.125213, -22.596326], [-44.124328, -22.596011], [-44.123857, -22.595804], [-44.123759, -22.595753], [-44.123181, -22.595423], [-44.122958, -22.595321], [-44.122844, -22.595263], [-44.122393, -22.595014], [-44.122243, -22.594927], [-44.121938, -22.594762], [-44.12164, -22.594589], [-44.121537, -22.594534], [-44.121442, -22.594468], [-44.121251, -22.594306], [-44.121156, -22.594238], [-44.121054, -22.594185], [-44.120943, -22.594148], [-44.120208, -22.593963], [-44.120097, -22.593921], [-44.12, -22.593859], [-44.119918, -22.593781], [-44.119719, -22.593559], [-44.119639, -22.593495], [-44.119534, -22.593445], [-44.119419, -22.59342], [-44.11896, -22.593362], [-44.118847, -22.593333], [-44.118742, -22.593285], [-44.118692, -22.593258], [-44.118115, -22.592934], [-44.117846, -22.592802], [-44.117385, -22.592565], [-44.117121, -22.592449], [-44.116775, -22.592283], [-44.116562, -22.592189], [-44.116134, -22.591991], [-44.115716, -22.591802], [-44.115602, -22.591766], [-44.114882, -22.591628], [-44.114257, -22.591575], [-44.113771, -22.591521], [-44.113297, -22.591476], [-44.112776, -22.59142], [-44.112661, -22.591421], [-44.112546, -22.591447], [-44.112439, -22.591497], [-44.112351, -22.591568], [-44.112042, -22.591875], [-44.11195, -22.591942], [-44.111855, -22.591988], [-44.111834, -22.591995], [-44.111732, -22.592014], [-44.111621, -22.592014], [-44.111441, -22.591998], [-44.111327, -22.591981], [-44.111218, -22.591947], [-44.111132, -22.591906], [-44.111016, -22.591829], [-44.11095, -22.591774], [-44.110801, -22.591634], [-44.110629, -22.591483], [-44.110424, -22.591283], [-44.110339, -22.591213], [-44.110107, -22.591048], [-44.109882, -22.590876], [-44.109726, -22.590763], [-44.109645, -22.590691], [-44.109575, -22.590602], [-44.109534, -22.590543], [-44.109473, -22.590469], [-44.109371, -22.590385], [-44.109319, -22.590352], [-44.109275, -22.590333], [-44.109032, -22.590229], [-44.108815, -22.590142], [-44.108711, -22.590087], [-44.108618, -22.590017], [-44.10854, -22.589934], [-44.108301, -22.589622], [-44.10822, -22.589541], [-44.108122, -22.589481], [-44.107887, -22.589404], [-44.107794, -22.589351], [-44.107461, -22.589111], [-44.107277, -22.588969], [-44.10718, -22.588906], [-44.107032, -22.588837], [-44.106928, -22.588784], [-44.106794, -22.588705], [-44.106698, -22.588639], [-44.106424, -22.588428], [-44.106329, -22.588361], [-44.105768, -22.587991], [-44.105656, -22.587957], [-44.105539, -22.587973], [-44.105445, -22.588021], [-44.105371, -22.588103], [-44.105325, -22.588196], [-44.105243, -22.588497], [-44.105179, -22.588589], [-44.105085, -22.588656], [-44.104976, -22.588699], [-44.104862, -22.58872], [-44.103909, -22.588822], [-44.102847, -22.588928], [-44.102729, -22.588922], [-44.102616, -22.588887], [-44.10252, -22.588823], [-44.102445, -22.588737], [-44.102256, -22.588457], [-44.101467, -22.587219], [-44.101059, -22.586561], [-44.100728, -22.586004], [-44.100676, -22.585909], [-44.10058, -22.585709], [-44.100518, -22.585614], [-44.100439, -22.585536], [-44.100187, -22.585358], [-44.1, -22.585208], [-44.099725, -22.585004], [-44.099636, -22.58493], [-44.09938, -22.584701], [-44.099131, -22.584493], [-44.099092, -22.584458], [-44.099051, -22.584413], [-44.098827, -22.584145], [-44.098751, -22.584067], [-44.098699, -22.584027], [-44.098481, -22.583902], [-44.098385, -22.583843], [-44.098115, -22.583642], [-44.098022, -22.583585], [-44.097792, -22.583459], [-44.096797, -22.582818], [-44.096168, -22.58237], [-44.09588, -22.582178], [-44.095526, -22.581948], [-44.094985, -22.581587], [-44.094613, -22.581346], [-44.094406, -22.581208], [-44.094317, -22.581137], [-44.094237, -22.581063], [-44.093951, -22.580779], [-44.093383, -22.580232], [-44.093342, -22.580194], [-44.093248, -22.580126], [-44.093143, -22.580076], [-44.093088, -22.580057], [-44.092699, -22.579945], [-44.0922, -22.579796], [-44.091753, -22.579679], [-44.091681, -22.579662], [-44.091452, -22.579628], [-44.091337, -22.579595], [-44.091117, -22.579513], [-44.090897, -22.579436], [-44.09022, -22.579163], [-44.089764, -22.578919], [-44.088758, -22.578362], [-44.08848, -22.578204], [-44.088386, -22.578142], [-44.088304, -22.578067], [-44.088239, -22.577977], [-44.08793, -22.577405], [-44.087864, -22.577313], [-44.087847, -22.577294], [-44.087778, -22.577237], [-44.087641, -22.577141], [-44.087594, -22.577112], [-44.087491, -22.577071], [-44.087186, -22.576984], [-44.087029, -22.576932], [-44.085937, -22.576469], [-44.085826, -22.576433], [-44.08571, -22.576411], [-44.085591, -22.576402], [-44.085473, -22.576407], [-44.08537, -22.576452], [-44.085284, -22.576529], [-44.085137, -22.576688], [-44.085058, -22.576768], [-44.084965, -22.576833], [-44.084851, -22.576862], [-44.084735, -22.576838], [-44.084632, -22.576782], [-44.084453, -22.576636], [-44.08436, -22.576568], [-44.084257, -22.576515], [-44.084144, -22.576481], [-44.084026, -22.576467], [-44.083907, -22.576471], [-44.083791, -22.576495], [-44.083679, -22.576531], [-44.083565, -22.576563], [-44.083447, -22.576578], [-44.083328, -22.576575], [-44.083215, -22.576553], [-44.083114, -22.576518], [-44.082814, -22.5764], [-44.082601, -22.576306], [-44.082333, -22.576195], [-44.082237, -22.576143], [-44.08197, -22.575965], [-44.08187, -22.575912], [-44.081758, -22.575877], [-44.081532, -22.575831], [-44.081077, -22.575749], [-44.08011, -22.575613], [-44.080054, -22.575601], [-44.079927, -22.575563], [-44.07982, -22.575515], [-44.079771, -22.575489], [-44.079203, -22.575177], [-44.078805, -22.574963], [-44.078757, -22.574933], [-44.078664, -22.574869], [-44.078123, -22.57447], [-44.078023, -22.57441], [-44.077297, -22.574043], [-44.076773, -22.573782], [-44.07594, -22.573355], [-44.075309, -22.573044], [-44.074955, -22.572859], [-44.074183, -22.572493], [-44.073977, -22.572386], [-44.073402, -22.572103], [-44.073304, -22.572039], [-44.073219, -22.571961], [-44.073065, -22.571797], [-44.072899, -22.571639], [-44.07282, -22.571557], [-44.072515, -22.57122], [-44.072324, -22.571001], [-44.072242, -22.570923], [-44.072147, -22.570857], [-44.071936, -22.570746], [-44.071839, -22.570682], [-44.071755, -22.570606], [-44.071691, -22.570519], [-44.071642, -22.570428], [-44.071292, -22.569727], [-44.071239, -22.569628], [-44.070612, -22.568705], [-44.07008, -22.567935], [-44.070012, -22.567849], [-44.069972, -22.567809], [-44.06988, -22.567739], [-44.069775, -22.567688], [-44.069444, -22.567575], [-44.069349, -22.567535], [-44.069288, -22.567503], [-44.06919, -22.56744], [-44.069109, -22.56736], [-44.069054, -22.567267], [-44.068938, -22.566994], [-44.068852, -22.566809], [-44.068809, -22.566706], [-44.068732, -22.566496], [-44.068705, -22.566392], [-44.068696, -22.566293], [-44.068702, -22.565547], [-44.068699, -22.565201], [-44.068663, -22.565102], [-44.068584, -22.565022], [-44.068484, -22.564962], [-44.068296, -22.564881], [-44.06771, -22.564649], [-44.067655, -22.564632], [-44.067538, -22.564611], [-44.067082, -22.56457], [-44.066967, -22.56455], [-44.066912, -22.564534], [-44.065688, -22.564044], [-44.065585, -22.563996], [-44.065493, -22.563932], [-44.065418, -22.563853], [-44.065361, -22.563765], [-44.065338, -22.56372], [-44.065231, -22.563477], [-44.065189, -22.563374], [-44.065156, -22.563269], [-44.065099, -22.562925], [-44.065093, -22.562874], [-44.065093, -22.56277], [-44.065113, -22.56261], [-44.065143, -22.562411], [-44.065164, -22.562303], [-44.065201, -22.562199], [-44.065432, -22.561813], [-44.065482, -22.561717], [-44.065506, -22.561663], [-44.065542, -22.561563], [-44.065563, -22.561454], [-44.065565, -22.561348], [-44.065551, -22.561246], [-44.065521, -22.56115], [-44.065476, -22.56106], [-44.065175, -22.560595], [-44.065127, -22.560503], [-44.064982, -22.560092], [-44.064936, -22.559992], [-44.064828, -22.559801], [-44.06478, -22.559703], [-44.064743, -22.559599], [-44.0647, -22.559443], [-44.064666, -22.559342], [-44.064178, -22.558255], [-44.064146, -22.55815], [-44.064137, -22.558042], [-44.064134, -22.557778], [-44.064122, -22.557244], [-44.064117, -22.557191], [-44.064096, -22.557081], [-44.06405, -22.556981], [-44.063983, -22.556891], [-44.063902, -22.556812], [-44.063811, -22.55675], [-44.063189, -22.55644], [-44.062692, -22.556188], [-44.062269, -22.555982], [-44.062158, -22.555942], [-44.061423, -22.555729], [-44.061311, -22.555689], [-44.061206, -22.555638], [-44.060853, -22.55545], [-44.060802, -22.555425], [-44.06069, -22.555388], [-44.060572, -22.555374], [-44.060453, -22.555381], [-44.060335, -22.555398], [-44.060217, -22.555401], [-44.0601, -22.55538], [-44.059985, -22.55535], [-44.059874, -22.55531], [-44.059772, -22.555253], [-44.059483, -22.555062], [-44.059389, -22.554994], [-44.059128, -22.554767], [-44.059044, -22.554688], [-44.058727, -22.554362], [-44.058653, -22.554275], [-44.058447, -22.554006], [-44.058375, -22.553918], [-44.058305, -22.553843], [-44.058219, -22.553769], [-44.057883, -22.553503], [-44.05758, -22.553272], [-44.057496, -22.553197], [-44.057418, -22.553118], [-44.057332, -22.553041], [-44.057231, -22.552986], [-44.057178, -22.552967], [-44.056709, -22.552848], [-44.055923, -22.552601], [-44.055507, -22.552491], [-44.055452, -22.552473], [-44.055347, -22.552423], [-44.055255, -22.552352], [-44.055184, -22.552263], [-44.055137, -22.552161], [-44.055114, -22.552053], [-44.055063, -22.551684], [-44.055031, -22.55142], [-44.055029, -22.55131], [-44.055033, -22.551203], [-44.055053, -22.551094], [-44.055344, -22.550095], [-44.055536, -22.54937], [-44.055547, -22.549261], [-44.055546, -22.549207], [-44.055504, -22.548222], [-44.055511, -22.548142], [-44.055529, -22.548038], [-44.055557, -22.547971], [-44.055564, -22.547962], [-44.055583, -22.547939], [-44.055659, -22.547877], [-44.055858, -22.547757], [-44.056205, -22.54756], [-44.056297, -22.547504], [-44.056378, -22.547444], [-44.056444, -22.547374], [-44.056504, -22.547282], [-44.056543, -22.547189], [-44.056574, -22.547094], [-44.05663, -22.546852], [-44.056649, -22.54675], [-44.056687, -22.546388], [-44.056686, -22.54628], [-44.056664, -22.546174], [-44.056648, -22.546123], [-44.056604, -22.546025], [-44.056464, -22.545734], [-44.056273, -22.545319], [-44.056228, -22.545227], [-44.056167, -22.545139], [-44.056085, -22.545068], [-44.055986, -22.545008], [-44.055373, -22.54466], [-44.054724, -22.544286], [-44.054673, -22.54426], [-44.054352, -22.544131], [-44.052895, -22.543522], [-44.052293, -22.543221], [-44.052243, -22.543195], [-44.052147, -22.543134], [-44.05179, -22.542872], [-44.051534, -22.542678], [-44.051146, -22.542394], [-44.05096, -22.542263], [-44.050769, -22.542134], [-44.050559, -22.541981], [-44.05011, -22.541665], [-44.049837, -22.541465], [-44.048769, -22.540645], [-44.048676, -22.540577], [-44.048579, -22.540519], [-44.04823, -22.540337], [-44.048084, -22.540255], [-44.047854, -22.540112], [-44.047767, -22.540052], [-44.047689, -22.539983], [-44.047616, -22.539908], [-44.046792, -22.539011], [-44.04668, -22.538886], [-44.046609, -22.538798], [-44.046568, -22.538696], [-44.04656, -22.538575], [-44.046576, -22.538472], [-44.046634, -22.538237], [-44.04677, -22.537657], [-44.046914, -22.537012], [-44.047189, -22.535898], [-44.047273, -22.53554], [-44.04731, -22.535443], [-44.047364, -22.53535], [-44.047396, -22.535307], [-44.04743, -22.535265], [-44.047509, -22.535191], [-44.048115, -22.534739], [-44.048194, -22.53466], [-44.048254, -22.534565], [-44.0483, -22.534463], [-44.04833, -22.53436], [-44.048344, -22.534252], [-44.048371, -22.533769], [-44.048371, -22.533715], [-44.048367, -22.533662], [-44.048217, -22.532798], [-44.048143, -22.53245], [-44.04805, -22.531981], [-44.04802, -22.531877], [-44.047998, -22.531827], [-44.047941, -22.531729], [-44.047724, -22.531407], [-44.047664, -22.531312], [-44.047211, -22.530533], [-44.04682, -22.529849], [-44.046759, -22.529753], [-44.046684, -22.529667], [-44.046598, -22.529592], [-44.0465, -22.529528], [-44.046094, -22.529297], [-44.045488, -22.528945], [-44.045385, -22.528893], [-44.045163, -22.528814], [-44.045057, -22.528764], [-44.044961, -22.528701], [-44.044875, -22.528624], [-44.044719, -22.528455], [-44.044417, -22.528113], [-44.044336, -22.52803], [-44.044239, -22.527966], [-44.04413, -22.527922], [-44.043002, -22.527557], [-44.042461, -22.527371], [-44.042346, -22.527342], [-44.042228, -22.527352], [-44.042128, -22.527409], [-44.042062, -22.527501], [-44.042042, -22.52761], [-44.042069, -22.527718], [-44.042136, -22.527809], [-44.042236, -22.52787], [-44.042349, -22.527903], [-44.042539, -22.527934]]}},
{"type": "Feature", "properties": {"ProjectID": "P7735", "OBJECTID": 784, "NOMBRE": "GASPAL 22 (LORENA - GUARAREMA)", "longitud_km": 129.8976055, "pais": "BRASIL", "Shape__Length": 1.2290454733571228}, "geometry": {"type": "LineString", "coordinates": [[-45.983283, -23.460674], [-45.983285, -23.460545], [-45.983277, -23.460439], [-45.983169, -23.459669], [-45.983113, -23.459117], [-45.982927, -23.457127], [-45.982927, -23.457016], [-45.982989, -23.456463], [-45.982998, -23.456352], [-45.983003, -23.456241], [-45.983018, -23.455796], [-45.983098, -23.453803], [-45.983169, -23.451807], [-45.983233, -23.450141], [-45.983243, -23.449809], [-45.983251, -23.449254], [-45.98326, -23.449143], [-45.983274, -23.449034], [-45.983281, -23.448924], [-45.98331, -23.448036], [-45.983383, -23.446258], [-45.983426, -23.445037], [-45.983499, -23.443264], [-45.983552, -23.441822], [-45.983545, -23.441711], [-45.983507, -23.441607], [-45.982588, -23.439953], [-45.982549, -23.439851], [-45.982547, -23.439741], [-45.982653, -23.439041], [-45.982674, -23.438935], [-45.982711, -23.43883], [-45.982895, -23.438422], [-45.983134, -23.437915], [-45.98319, -23.43782], [-45.983265, -23.437734], [-45.983429, -23.437573], [-45.983583, -23.437413], [-45.984363, -23.436533], [-45.984505, -23.436369], [-45.984564, -23.436277], [-45.984597, -23.436173], [-45.984601, -23.436063], [-45.984578, -23.435955], [-45.984361, -23.435325], [-45.98433, -23.435219], [-45.984242, -23.434869], [-45.984221, -23.43476], [-45.984181, -23.434213], [-45.984177, -23.434106], [-45.984183, -23.433887], [-45.984186, -23.433778], [-45.984201, -23.43367], [-45.984255, -23.433459], [-45.984291, -23.433357], [-45.984611, -23.432676], [-45.98466, -23.432576], [-45.984714, -23.432477], [-45.984776, -23.432382], [-45.984844, -23.432291], [-45.985213, -23.431854], [-45.985355, -23.431678], [-45.985422, -23.431587], [-45.985734, -23.431133], [-45.985864, -23.43095], [-45.985932, -23.430859], [-45.986265, -23.430441], [-45.98633, -23.43035], [-45.986507, -23.43007], [-45.986558, -23.429974], [-45.98668, -23.429703], [-45.986715, -23.429599], [-45.986727, -23.429493], [-45.986729, -23.429245], [-45.986719, -23.429137], [-45.986673, -23.428923], [-45.986659, -23.428866], [-45.986623, -23.428762], [-45.986578, -23.428661], [-45.986404, -23.428287], [-45.986352, -23.428189], [-45.986293, -23.428095], [-45.985468, -23.426818], [-45.984989, -23.426091], [-45.98493, -23.426008], [-45.984807, -23.425855], [-45.984733, -23.425776], [-45.984645, -23.425708], [-45.984445, -23.42559], [-45.984339, -23.42554], [-45.984223, -23.425509], [-45.984105, -23.425491], [-45.983751, -23.425446], [-45.983654, -23.425434], [-45.983535, -23.425425], [-45.983417, -23.425432], [-45.983179, -23.425463], [-45.982924, -23.4255], [-45.982808, -23.425521], [-45.982259, -23.425642], [-45.982142, -23.425657], [-45.982022, -23.425651], [-45.981905, -23.425625], [-45.981798, -23.425576], [-45.98171, -23.425503], [-45.981686, -23.425475], [-45.981621, -23.425383], [-45.981582, -23.425278], [-45.981459, -23.424736], [-45.981332, -23.424201], [-45.981059, -23.423018], [-45.980998, -23.422805], [-45.98096, -23.422689], [-45.980921, -23.422586], [-45.980868, -23.422488], [-45.980803, -23.422397], [-45.980238, -23.421705], [-45.980171, -23.421617], [-45.980046, -23.421435], [-45.979754, -23.420993], [-45.979699, -23.4209], [-45.979489, -23.420511], [-45.979265, -23.420119], [-45.97882, -23.419216], [-45.97847, -23.418494], [-45.978418, -23.418394], [-45.978248, -23.418086], [-45.977956, -23.417491], [-45.977638, -23.416854], [-45.977591, -23.416756], [-45.977305, -23.416118], [-45.977256, -23.416019], [-45.977047, -23.415627], [-45.976696, -23.414991], [-45.976488, -23.414597], [-45.976164, -23.413951], [-45.975814, -23.413243], [-45.97559, -23.41278], [-45.97535, -23.412306], [-45.975296, -23.412211], [-45.974844, -23.411496], [-45.974414, -23.410832], [-45.97415, -23.410431], [-45.974012, -23.410196], [-45.973896, -23.410006], [-45.973544, -23.409357], [-45.97332, -23.408938], [-45.972987, -23.408303], [-45.972676, -23.407727], [-45.972242, -23.406815], [-45.972147, -23.406622], [-45.972103, -23.406523], [-45.972065, -23.40642], [-45.972018, -23.406263], [-45.971918, -23.405895], [-45.971768, -23.405381], [-45.97145, -23.404425], [-45.970996, -23.403032], [-45.970981, -23.402979], [-45.97094, -23.402765], [-45.970925, -23.402712], [-45.97065, -23.401856], [-45.970426, -23.40111], [-45.970257, -23.400531], [-45.970217, -23.400427], [-45.970169, -23.400329], [-45.970131, -23.400225], [-45.969915, -23.399463], [-45.969882, -23.399363], [-45.969803, -23.399149], [-45.969537, -23.398339], [-45.969499, -23.398235], [-45.969336, -23.397828], [-45.968919, -23.396819], [-45.968875, -23.396717], [-45.968559, -23.396033], [-45.968514, -23.395931], [-45.968316, -23.395404], [-45.96819, -23.395092], [-45.96803, -23.394675], [-45.967956, -23.394465], [-45.967858, -23.394157], [-45.967699, -23.393632], [-45.967674, -23.393526], [-45.967614, -23.393096], [-45.967596, -23.392988], [-45.967311, -23.391579], [-45.967293, -23.391471], [-45.967284, -23.39136], [-45.96728, -23.391139], [-45.967269, -23.391029], [-45.967245, -23.390921], [-45.967082, -23.390364], [-45.967044, -23.390262], [-45.966539, -23.389165], [-45.966049, -23.388082], [-45.965905, -23.387778], [-45.965712, -23.387355], [-45.965671, -23.387252], [-45.965643, -23.387146], [-45.965621, -23.387038], [-45.965382, -23.385807], [-45.965041, -23.384412], [-45.965011, -23.384304], [-45.964906, -23.383987], [-45.964862, -23.383884], [-45.964794, -23.383761], [-45.964734, -23.383666], [-45.964661, -23.38358], [-45.963572, -23.382494], [-45.963496, -23.382412], [-45.963276, -23.382153], [-45.963198, -23.382069], [-45.962863, -23.381753], [-45.962774, -23.381678], [-45.962494, -23.381472], [-45.962394, -23.381411], [-45.962285, -23.381362], [-45.961597, -23.381103], [-45.96149, -23.381054], [-45.96139, -23.380991], [-45.961122, -23.380799], [-45.960594, -23.38041], [-45.959727, -23.379779], [-45.958957, -23.379231], [-45.958501, -23.378903], [-45.958038, -23.378576], [-45.957235, -23.378059], [-45.955013, -23.37666], [-45.954823, -23.376536], [-45.954735, -23.376465], [-45.954662, -23.376378], [-45.954602, -23.376285], [-45.954552, -23.376187], [-45.954524, -23.376082], [-45.954356, -23.375013], [-45.954318, -23.3748], [-45.954291, -23.374695], [-45.954248, -23.374596], [-45.95399, -23.374142], [-45.953893, -23.373961], [-45.953415, -23.372997], [-45.952975, -23.372125], [-45.952931, -23.372032], [-45.952625, -23.371332], [-45.952363, -23.370721], [-45.952316, -23.370622], [-45.951801, -23.369635], [-45.951746, -23.369536], [-45.951629, -23.369344], [-45.95123, -23.368715], [-45.951166, -23.368626], [-45.951088, -23.368542], [-45.950766, -23.368227], [-45.950453, -23.367914], [-45.950384, -23.367831], [-45.949731, -23.366836], [-45.949205, -23.366097], [-45.949137, -23.366006], [-45.948447, -23.365171], [-45.947676, -23.364264], [-45.947598, -23.364181], [-45.947513, -23.364104], [-45.947392, -23.364003], [-45.9473, -23.363937], [-45.947203, -23.363884], [-45.946501, -23.363576], [-45.946397, -23.363523], [-45.946301, -23.36346], [-45.946124, -23.363329], [-45.945916, -23.363148], [-45.945826, -23.363077], [-45.945726, -23.363017], [-45.945208, -23.36275], [-45.944684, -23.362486], [-45.944574, -23.362442], [-45.944459, -23.362412], [-45.943963, -23.362307], [-45.943851, -23.36228], [-45.943528, -23.362188], [-45.943423, -23.362148], [-45.943322, -23.362089], [-45.943234, -23.362014], [-45.943163, -23.36193], [-45.942982, -23.361668], [-45.942883, -23.361516], [-45.942538, -23.360945], [-45.942488, -23.36085], [-45.942451, -23.360752], [-45.942076, -23.359529], [-45.941954, -23.359142], [-45.941899, -23.358939], [-45.941724, -23.358242], [-45.941637, -23.358043], [-45.941502, -23.357618], [-45.941471, -23.357511], [-45.941371, -23.357063], [-45.941358, -23.356955], [-45.941334, -23.356848], [-45.940856, -23.355771], [-45.940819, -23.35567], [-45.940797, -23.355564], [-45.940698, -23.354801], [-45.940678, -23.354691], [-45.940392, -23.353633], [-45.940272, -23.353204], [-45.940234, -23.3531], [-45.940183, -23.353], [-45.940118, -23.352907], [-45.940042, -23.352822], [-45.939914, -23.352694], [-45.93983, -23.352616], [-45.939738, -23.352549], [-45.939541, -23.352426], [-45.939438, -23.352371], [-45.939329, -23.352329], [-45.938763, -23.352168], [-45.938605, -23.35212], [-45.938494, -23.352078], [-45.938392, -23.352028], [-45.937182, -23.351383], [-45.936777, -23.351162], [-45.936179, -23.350818], [-45.935522, -23.350436], [-45.935163, -23.350231], [-45.935069, -23.35017], [-45.93453, -23.349755], [-45.934441, -23.349685], [-45.934356, -23.34961], [-45.93403, -23.349296], [-45.933954, -23.349213], [-45.933759, -23.348974], [-45.93368, -23.348892], [-45.933512, -23.348739], [-45.933425, -23.348664], [-45.932773, -23.348152], [-45.932689, -23.348079], [-45.932086, -23.347485], [-45.932, -23.347411], [-45.931902, -23.347348], [-45.93137, -23.34706], [-45.931269, -23.347], [-45.930702, -23.346631], [-45.930039, -23.34624], [-45.929942, -23.346175], [-45.929767, -23.34603], [-45.929603, -23.345911], [-45.929519, -23.345842], [-45.929411, -23.345738], [-45.929342, -23.345662], [-45.929287, -23.345579], [-45.929152, -23.34532], [-45.928902, -23.344816], [-45.928323, -23.343728], [-45.928267, -23.343634], [-45.928199, -23.343547], [-45.927747, -23.343074], [-45.927666, -23.343001], [-45.927224, -23.342664], [-45.927129, -23.342604], [-45.926801, -23.342431], [-45.926609, -23.342337], [-45.926122, -23.342086], [-45.926026, -23.34203], [-45.925938, -23.341958], [-45.925692, -23.341718], [-45.925537, -23.341561], [-45.925464, -23.341481], [-45.923823, -23.339628], [-45.923748, -23.339551], [-45.923665, -23.339477], [-45.923235, -23.339108], [-45.923145, -23.339036], [-45.922681, -23.338689], [-45.922236, -23.338348], [-45.922147, -23.338287], [-45.922055, -23.338236], [-45.921956, -23.338191], [-45.921316, -23.33794], [-45.921215, -23.337896], [-45.921115, -23.337844], [-45.921021, -23.337776], [-45.920945, -23.33769], [-45.920823, -23.33752], [-45.920769, -23.337426], [-45.920499, -23.336761], [-45.920453, -23.336662], [-45.920271, -23.336316], [-45.920043, -23.335926], [-45.919864, -23.335638], [-45.919679, -23.33531], [-45.919623, -23.335217], [-45.919359, -23.334839], [-45.919305, -23.334756], [-45.918973, -23.334139], [-45.918865, -23.333944], [-45.918802, -23.33385], [-45.918607, -23.333574], [-45.918323, -23.333184], [-45.918252, -23.333095], [-45.918171, -23.333016], [-45.917754, -23.332659], [-45.917516, -23.332449], [-45.917019, -23.331977], [-45.915907, -23.330899], [-45.915815, -23.330798], [-45.915154, -23.330022], [-45.914904, -23.329726], [-45.914836, -23.329635], [-45.914784, -23.329536], [-45.914773, -23.329508], [-45.91474, -23.329403], [-45.914575, -23.328622], [-45.91454, -23.328518], [-45.914476, -23.328384], [-45.91442, -23.32829], [-45.914352, -23.328206], [-45.913579, -23.327407], [-45.913512, -23.327324], [-45.913331, -23.327052], [-45.912833, -23.326324], [-45.912362, -23.32563], [-45.912143, -23.325317], [-45.912074, -23.325233], [-45.911989, -23.32516], [-45.910704, -23.324219], [-45.910605, -23.324159], [-45.909742, -23.323747], [-45.909641, -23.323691], [-45.90955, -23.323625], [-45.908042, -23.322389], [-45.906851, -23.321402], [-45.906328, -23.320979], [-45.906235, -23.320916], [-45.906133, -23.320865], [-45.905603, -23.320644], [-45.905497, -23.320597], [-45.904307, -23.320021], [-45.903555, -23.319614], [-45.903455, -23.319554], [-45.903168, -23.319356], [-45.903077, -23.319287], [-45.90283, -23.319069], [-45.902437, -23.31873], [-45.902009, -23.31835], [-45.900905, -23.317385], [-45.900297, -23.316863], [-45.898206, -23.31508], [-45.897323, -23.314347], [-45.896789, -23.31391], [-45.896608, -23.313767], [-45.896334, -23.313559], [-45.895936, -23.313262], [-45.895841, -23.313197], [-45.895161, -23.312765], [-45.894672, -23.31246], [-45.894477, -23.312332], [-45.894386, -23.312261], [-45.893791, -23.311702], [-45.893711, -23.31162], [-45.893635, -23.311535], [-45.893539, -23.311424], [-45.893467, -23.311334], [-45.893406, -23.311239], [-45.893338, -23.311114], [-45.893076, -23.310622], [-45.892618, -23.309738], [-45.892569, -23.309637], [-45.892524, -23.309534], [-45.892187, -23.308758], [-45.892134, -23.308667], [-45.891875, -23.308324], [-45.891092, -23.307349], [-45.890043, -23.306006], [-45.889285, -23.305018], [-45.888685, -23.304228], [-45.887796, -23.303118], [-45.887729, -23.303027], [-45.887667, -23.302935], [-45.887268, -23.302332], [-45.887151, -23.30215], [-45.886467, -23.301058], [-45.886401, -23.300967], [-45.885318, -23.299719], [-45.885089, -23.299464], [-45.884795, -23.299115], [-45.88411, -23.298324], [-45.884031, -23.29824], [-45.883929, -23.298139], [-45.883839, -23.298065], [-45.883737, -23.298006], [-45.883207, -23.297752], [-45.883098, -23.29771], [-45.882499, -23.297506], [-45.882277, -23.297421], [-45.880405, -23.296682], [-45.877914, -23.295706], [-45.877809, -23.295653], [-45.877418, -23.295402], [-45.877222, -23.295283], [-45.876187, -23.294689], [-45.87589, -23.294522], [-45.875794, -23.294463], [-45.875413, -23.294195], [-45.875136, -23.29399], [-45.874787, -23.293721], [-45.874153, -23.293222], [-45.873423, -23.292664], [-45.873329, -23.292595], [-45.872921, -23.292315], [-45.872831, -23.292244], [-45.871773, -23.291252], [-45.87054, -23.290112], [-45.87046, -23.29003], [-45.870241, -23.289769], [-45.869504, -23.288857], [-45.869423, -23.288775], [-45.869242, -23.28863], [-45.868785, -23.288276], [-45.867573, -23.287386], [-45.865998, -23.286211], [-45.865531, -23.285867], [-45.864896, -23.285371], [-45.864276, -23.284895], [-45.864183, -23.284826], [-45.863431, -23.284298], [-45.863085, -23.284067], [-45.862607, -23.283735], [-45.862517, -23.283662], [-45.862028, -23.283189], [-45.861835, -23.282997], [-45.861505, -23.282653], [-45.861435, -23.282567], [-45.860584, -23.281247], [-45.860211, -23.280682], [-45.859119, -23.278974], [-45.857897, -23.277085], [-45.85692, -23.275564], [-45.856854, -23.275472], [-45.856573, -23.275113], [-45.856508, -23.275019], [-45.856459, -23.274918], [-45.855956, -23.273711], [-45.85565, -23.272994], [-45.855574, -23.272813], [-45.85554, -23.272707], [-45.855523, -23.272598], [-45.855479, -23.271802], [-45.85545, -23.271585], [-45.855415, -23.271368], [-45.855389, -23.271261], [-45.855313, -23.270978], [-45.855276, -23.270874], [-45.855227, -23.270774], [-45.855002, -23.270387], [-45.854686, -23.269877], [-45.854512, -23.269587], [-45.854334, -23.269299], [-45.853935, -23.268628], [-45.85335, -23.267586], [-45.853306, -23.267483], [-45.852888, -23.26616], [-45.852862, -23.266057], [-45.852841, -23.265949], [-45.852631, -23.264812], [-45.852607, -23.264705], [-45.85257, -23.264605], [-45.852425, -23.26429], [-45.852368, -23.264193], [-45.851968, -23.263655], [-45.851376, -23.262849], [-45.850968, -23.262285], [-45.850895, -23.262202], [-45.850444, -23.2618], [-45.850353, -23.26173], [-45.849492, -23.261188], [-45.8494, -23.261117], [-45.849128, -23.260863], [-45.849052, -23.260778], [-45.848723, -23.260298], [-45.848667, -23.260199], [-45.848271, -23.259303], [-45.847997, -23.258693], [-45.847943, -23.258597], [-45.847754, -23.25832], [-45.84763, -23.258131], [-45.847575, -23.258032], [-45.84697, -23.256837], [-45.846691, -23.256277], [-45.846648, -23.256173], [-45.846584, -23.255961], [-45.846416, -23.255435], [-45.84609, -23.254386], [-45.845792, -23.25342], [-45.845692, -23.253107], [-45.845317, -23.251891], [-45.845296, -23.251785], [-45.845298, -23.251678], [-45.845323, -23.251573], [-45.845559, -23.250954], [-45.845642, -23.250747], [-45.845678, -23.250642], [-45.845773, -23.250321], [-45.845898, -23.249915], [-45.845923, -23.249806], [-45.845932, -23.249695], [-45.845917, -23.248984], [-45.845918, -23.248875], [-45.845976, -23.247664], [-45.846026, -23.246856], [-45.846034, -23.246597], [-45.846029, -23.246487], [-45.846011, -23.246379], [-45.845935, -23.246024], [-45.845786, -23.245265], [-45.845506, -23.243967], [-45.845476, -23.24386], [-45.845428, -23.243758], [-45.84508, -23.24318], [-45.844658, -23.242469], [-45.844597, -23.242375], [-45.843951, -23.241464], [-45.843621, -23.241009], [-45.842965, -23.240089], [-45.842807, -23.239859], [-45.842003, -23.238722], [-45.840941, -23.237258], [-45.840415, -23.236522], [-45.840342, -23.236435], [-45.840251, -23.236363], [-45.839955, -23.236174], [-45.839676, -23.236005], [-45.839582, -23.235939], [-45.839503, -23.235856], [-45.839164, -23.235405], [-45.83903, -23.235224], [-45.838968, -23.23513], [-45.838863, -23.234932], [-45.838803, -23.234809], [-45.838746, -23.234713], [-45.83867, -23.23463], [-45.838548, -23.234528], [-45.838467, -23.234448], [-45.838403, -23.234354], [-45.838358, -23.234251], [-45.838283, -23.234], [-45.838245, -23.233896], [-45.838174, -23.233768], [-45.838107, -23.233676], [-45.837871, -23.233391], [-45.837133, -23.232546], [-45.836665, -23.232001], [-45.835408, -23.230617], [-45.835342, -23.230532], [-45.835221, -23.230348], [-45.834928, -23.229916], [-45.834861, -23.229829], [-45.834781, -23.229749], [-45.834607, -23.2296], [-45.83431, -23.229375], [-45.834213, -23.22931], [-45.831868, -23.227969], [-45.830339, -23.227106], [-45.829806, -23.226799], [-45.829707, -23.226738], [-45.829516, -23.226604], [-45.829266, -23.226425], [-45.829176, -23.226351], [-45.829099, -23.226266], [-45.828959, -23.226086], [-45.828411, -23.225361], [-45.828339, -23.225273], [-45.827436, -23.224238], [-45.827213, -23.223977], [-45.82583, -23.222308], [-45.824807, -23.221088], [-45.82445, -23.220681], [-45.823643, -23.219746], [-45.823183, -23.219242], [-45.822871, -23.218906], [-45.822154, -23.218071], [-45.821905, -23.217776], [-45.821823, -23.217696], [-45.821552, -23.217479], [-45.821469, -23.217399], [-45.820363, -23.216092], [-45.818568, -23.214024], [-45.817662, -23.212997], [-45.816902, -23.21215], [-45.816224, -23.211388], [-45.815696, -23.210792], [-45.815322, -23.210362], [-45.814559, -23.209514], [-45.814488, -23.209427], [-45.813687, -23.208362], [-45.813607, -23.20828], [-45.813508, -23.208216], [-45.812898, -23.207935], [-45.812796, -23.207875], [-45.812603, -23.207743], [-45.812511, -23.207671], [-45.812437, -23.207584], [-45.812304, -23.207398], [-45.81223, -23.207311], [-45.811437, -23.206522], [-45.81135, -23.206445], [-45.811251, -23.206382], [-45.810153, -23.205794], [-45.809943, -23.205689], [-45.808977, -23.205234], [-45.808764, -23.205137], [-45.808654, -23.205095], [-45.808539, -23.205067], [-45.808421, -23.205055], [-45.808303, -23.205059], [-45.807839, -23.205104], [-45.806049, -23.205263], [-45.805573, -23.20531], [-45.804859, -23.205361], [-45.804309, -23.205404], [-45.803737, -23.205443], [-45.802872, -23.205524], [-45.802752, -23.20553], [-45.802463, -23.205529], [-45.802343, -23.205533], [-45.801949, -23.205567], [-45.801352, -23.205611], [-45.80065, -23.205677], [-45.799964, -23.205768], [-45.799845, -23.205774], [-45.797899, -23.205719], [-45.797779, -23.205711], [-45.796249, -23.205574], [-45.793634, -23.205327], [-45.792207, -23.205185], [-45.790542, -23.205014], [-45.789358, -23.204898], [-45.787717, -23.204762], [-45.7876, -23.204758], [-45.78748, -23.204769], [-45.787127, -23.204824], [-45.78701, -23.204838], [-45.785363, -23.205012], [-45.784059, -23.205177], [-45.783408, -23.205263], [-45.783289, -23.205275], [-45.783169, -23.205272], [-45.783051, -23.205254], [-45.782938, -23.205221], [-45.782755, -23.205156], [-45.782645, -23.205114], [-45.782536, -23.205066], [-45.78134, -23.204522], [-45.780993, -23.20436], [-45.780889, -23.204305], [-45.779643, -23.203533], [-45.778564, -23.202848], [-45.778262, -23.202675], [-45.777506, -23.202223], [-45.776675, -23.201698], [-45.775688, -23.20109], [-45.775122, -23.200733], [-45.774738, -23.200499], [-45.774642, -23.200433], [-45.774558, -23.200355], [-45.774206, -23.199989], [-45.774122, -23.199912], [-45.773684, -23.199553], [-45.773597, -23.19948], [-45.773514, -23.199403], [-45.773266, -23.199139], [-45.773116, -23.198971], [-45.772784, -23.198609], [-45.772537, -23.19833], [-45.772463, -23.198257], [-45.772334, -23.198161], [-45.772248, -23.198088], [-45.772037, -23.197858], [-45.771955, -23.197777], [-45.771869, -23.197705], [-45.771524, -23.197417], [-45.771081, -23.197055], [-45.770721, -23.196769], [-45.769778, -23.196106], [-45.769681, -23.196044], [-45.769232, -23.195791], [-45.769133, -23.195728], [-45.768492, -23.195233], [-45.767923, -23.194798], [-45.767834, -23.194724], [-45.767474, -23.194399], [-45.766291, -23.193314], [-45.766212, -23.193231], [-45.765249, -23.192176], [-45.764491, -23.191323], [-45.764417, -23.191236], [-45.763216, -23.189732], [-45.762797, -23.189198], [-45.761882, -23.188046], [-45.761811, -23.187958], [-45.761475, -23.187579], [-45.761403, -23.187491], [-45.76091, -23.186833], [-45.760777, -23.18665], [-45.760705, -23.186562], [-45.76062, -23.186484], [-45.759708, -23.185753], [-45.759665, -23.185717], [-45.759624, -23.185677], [-45.759586, -23.185637], [-45.759551, -23.185593], [-45.759155, -23.185075], [-45.757754, -23.183512], [-45.757711, -23.183475], [-45.756632, -23.18263], [-45.756406, -23.182457], [-45.756324, -23.182378], [-45.756255, -23.182289], [-45.7562, -23.182193], [-45.755905, -23.181483], [-45.755797, -23.181231], [-45.75572, -23.181061], [-45.755695, -23.181016], [-45.755625, -23.180927], [-45.755581, -23.180892], [-45.755484, -23.18083], [-45.755407, -23.180791], [-45.754143, -23.180212], [-45.753562, -23.179951], [-45.753054, -23.179729], [-45.752529, -23.179486], [-45.752156, -23.179322], [-45.751892, -23.179203], [-45.751366, -23.178958], [-45.750729, -23.178675], [-45.750044, -23.178362], [-45.749831, -23.178269], [-45.749776, -23.178248], [-45.749664, -23.178214], [-45.749521, -23.178181], [-45.74929, -23.178136], [-45.748886, -23.178064], [-45.748484, -23.177979], [-45.747968, -23.177882], [-45.747913, -23.177866], [-45.74781, -23.177819], [-45.747722, -23.177755], [-45.747641, -23.17768], [-45.7474, -23.17742], [-45.747154, -23.177141], [-45.74707, -23.177063], [-45.746973, -23.176999], [-45.746866, -23.17695], [-45.746751, -23.176918], [-45.746319, -23.176851], [-45.746206, -23.176819], [-45.746045, -23.176759], [-45.745942, -23.176705], [-45.745851, -23.176633], [-45.745683, -23.176453], [-45.744931, -23.175624], [-45.744783, -23.175457], [-45.744703, -23.175374], [-45.744611, -23.175303], [-45.74451, -23.175246], [-45.744404, -23.175195], [-45.744303, -23.175135], [-45.744217, -23.175059], [-45.74415, -23.174967], [-45.743906, -23.174522], [-45.743845, -23.174428], [-45.743767, -23.174344], [-45.743677, -23.174272], [-45.743576, -23.174213], [-45.743467, -23.174169], [-45.743352, -23.174139], [-45.742665, -23.174009], [-45.742546, -23.173998], [-45.742137, -23.17399], [-45.742018, -23.173976], [-45.741931, -23.173958], [-45.741817, -23.173922], [-45.741713, -23.173867], [-45.741481, -23.173724], [-45.741177, -23.173551], [-45.74107, -23.173501], [-45.740885, -23.17343], [-45.740771, -23.173395], [-45.740652, -23.173377], [-45.740331, -23.173351], [-45.739743, -23.173298], [-45.739624, -23.173285], [-45.739507, -23.173265], [-45.739394, -23.173229], [-45.739284, -23.173184], [-45.738321, -23.172743], [-45.738107, -23.172646], [-45.737897, -23.172557], [-45.737783, -23.172521], [-45.737667, -23.172501], [-45.737549, -23.172501], [-45.737375, -23.172513], [-45.737255, -23.172504], [-45.73719, -23.172494], [-45.737073, -23.172469], [-45.736961, -23.172435], [-45.736863, -23.172399], [-45.736755, -23.17235], [-45.736653, -23.172295], [-45.736153, -23.172003], [-45.73499, -23.171313], [-45.734895, -23.171247], [-45.734627, -23.171042], [-45.734537, -23.170981], [-45.734435, -23.170926], [-45.733795, -23.17064], [-45.732524, -23.170037], [-45.732417, -23.16999], [-45.731719, -23.169715], [-45.73097, -23.169399], [-45.730863, -23.169353], [-45.729767, -23.168826], [-45.729178, -23.168569], [-45.729069, -23.168529], [-45.728503, -23.168356], [-45.727934, -23.168199], [-45.726464, -23.167776], [-45.724622, -23.167265], [-45.724063, -23.167079], [-45.723495, -23.166881], [-45.723385, -23.166848], [-45.722941, -23.166726], [-45.722706, -23.166669], [-45.72149, -23.166328], [-45.720582, -23.166066], [-45.719959, -23.165892], [-45.719701, -23.165816], [-45.71959, -23.165775], [-45.71949, -23.165714], [-45.719257, -23.165539], [-45.719165, -23.165475], [-45.719065, -23.165414], [-45.718962, -23.165361], [-45.718857, -23.165311], [-45.71823, -23.165023], [-45.718124, -23.164972], [-45.717711, -23.164756], [-45.717307, -23.164531], [-45.71721, -23.16447], [-45.716908, -23.164309], [-45.716471, -23.164056], [-45.71539, -23.163449], [-45.71448, -23.162946], [-45.714333, -23.162866], [-45.713967, -23.162678], [-45.713656, -23.162513], [-45.71355, -23.162461], [-45.713439, -23.162419], [-45.713326, -23.162389], [-45.711475, -23.161975], [-45.710562, -23.161775], [-45.710219, -23.161695], [-45.70872, -23.161358], [-45.707907, -23.161178], [-45.706575, -23.160889], [-45.706034, -23.160764], [-45.70592, -23.160729], [-45.705811, -23.160681], [-45.705498, -23.160518], [-45.704056, -23.159745], [-45.702585, -23.158949], [-45.701441, -23.158352], [-45.70069, -23.157954], [-45.700639, -23.15793], [-45.700584, -23.157919], [-45.700528, -23.157914], [-45.70047, -23.157921], [-45.700415, -23.157936], [-45.700364, -23.157963], [-45.699657, -23.158414], [-45.69956, -23.158474], [-45.69951, -23.158502], [-45.699453, -23.158517], [-45.699395, -23.158523], [-45.699337, -23.158516], [-45.699281, -23.158502], [-45.699229, -23.158476], [-45.699181, -23.158445], [-45.699144, -23.158404], [-45.698941, -23.15814], [-45.698695, -23.157838], [-45.698231, -23.157286], [-45.697941, -23.156951], [-45.697756, -23.156743], [-45.697495, -23.156457], [-45.697142, -23.156085], [-45.697103, -23.156048], [-45.697056, -23.156019], [-45.695384, -23.155147], [-45.69487, -23.154871], [-45.694456, -23.154654], [-45.694351, -23.154601], [-45.693587, -23.154238], [-45.692684, -23.153781], [-45.691854, -23.15335], [-45.691128, -23.152969], [-45.690812, -23.152809], [-45.690188, -23.152485], [-45.689456, -23.152113], [-45.689354, -23.152054], [-45.689228, -23.151969], [-45.689129, -23.15191], [-45.689023, -23.151862], [-45.688909, -23.151831], [-45.6885, -23.151757], [-45.688444, -23.151741], [-45.688352, -23.151711], [-45.688247, -23.151661], [-45.687657, -23.151264], [-45.686935, -23.150792], [-45.686832, -23.150735], [-45.686417, -23.150517], [-45.685688, -23.150142], [-45.685042, -23.149799], [-45.684196, -23.149367], [-45.682109, -23.148292], [-45.682011, -23.148233], [-45.68167, -23.147975], [-45.681572, -23.14791], [-45.681463, -23.147863], [-45.679965, -23.147368], [-45.679463, -23.147218], [-45.677979, -23.146785], [-45.677303, -23.146564], [-45.676399, -23.14628], [-45.675883, -23.146121], [-45.67516, -23.145892], [-45.674815, -23.145788], [-45.672946, -23.145199], [-45.67272, -23.145124], [-45.672379, -23.145023], [-45.671701, -23.144812], [-45.670411, -23.1444], [-45.669058, -23.143982], [-45.668493, -23.143804], [-45.668151, -23.143702], [-45.667813, -23.143588], [-45.667474, -23.143481], [-45.666115, -23.143055], [-45.665775, -23.142951], [-45.664871, -23.142665], [-45.664009, -23.142395], [-45.663901, -23.142354], [-45.663797, -23.142302], [-45.663345, -23.14204], [-45.663244, -23.141984], [-45.663139, -23.141931], [-45.661256, -23.140992], [-45.659391, -23.140036], [-45.658661, -23.139674], [-45.65845, -23.139574], [-45.65834, -23.139531], [-45.65825, -23.139503], [-45.65768, -23.139341], [-45.656525, -23.139056], [-45.656409, -23.139026], [-45.656296, -23.13899], [-45.656189, -23.138939], [-45.655726, -23.138687], [-45.653885, -23.13777], [-45.65294, -23.137295], [-45.652732, -23.137187], [-45.651349, -23.136498], [-45.651025, -23.136357], [-45.649863, -23.135863], [-45.649755, -23.135825], [-45.649641, -23.135801], [-45.649525, -23.135784], [-45.649411, -23.135759], [-45.649303, -23.135718], [-45.649207, -23.135664], [-45.649118, -23.135595], [-45.648924, -23.135409], [-45.648838, -23.135332], [-45.648745, -23.135265], [-45.647631, -23.134576], [-45.646832, -23.13409], [-45.646729, -23.134034], [-45.646623, -23.133983], [-45.645679, -23.133544], [-45.644621, -23.133042], [-45.644515, -23.132991], [-45.644414, -23.132932], [-45.643617, -23.132364], [-45.643309, -23.13215], [-45.643038, -23.131981], [-45.642289, -23.131529], [-45.642193, -23.131465], [-45.642101, -23.131396], [-45.642015, -23.13132], [-45.641937, -23.131237], [-45.641463, -23.13068], [-45.641313, -23.13051], [-45.641234, -23.130428], [-45.641067, -23.130273], [-45.638179, -23.127821], [-45.637401, -23.127135], [-45.636364, -23.126226], [-45.63549, -23.125452], [-45.635275, -23.125275], [-45.633715, -23.124018], [-45.632824, -23.123295], [-45.632015, -23.122651], [-45.631765, -23.122456], [-45.631717, -23.122423], [-45.631615, -23.122365], [-45.631, -23.122067], [-45.630537, -23.121829], [-45.630222, -23.121672], [-45.629805, -23.121452], [-45.629492, -23.121294], [-45.629284, -23.121193], [-45.628976, -23.121025], [-45.62865, -23.120856], [-45.628385, -23.120713], [-45.627878, -23.120427], [-45.627576, -23.120262], [-45.626666, -23.119776], [-45.626472, -23.119678], [-45.626367, -23.119639], [-45.626252, -23.119616], [-45.626133, -23.119612], [-45.626014, -23.119626], [-45.625172, -23.119788], [-45.624698, -23.119854], [-45.624578, -23.119863], [-45.624459, -23.119854], [-45.624342, -23.119829], [-45.624231, -23.119789], [-45.624128, -23.119732], [-45.623763, -23.119499], [-45.622977, -23.119005], [-45.622194, -23.118502], [-45.621706, -23.118185], [-45.620469, -23.117399], [-45.620367, -23.117345], [-45.620257, -23.117306], [-45.62014, -23.117282], [-45.620022, -23.117274], [-45.619642, -23.11728], [-45.61902, -23.117282], [-45.61867, -23.117293], [-45.618555, -23.11729], [-45.618439, -23.117268], [-45.618211, -23.117202], [-45.617637, -23.11702], [-45.61736, -23.116937], [-45.615767, -23.116524], [-45.614942, -23.116314], [-45.614828, -23.116281], [-45.614719, -23.116239], [-45.614612, -23.116188], [-45.614513, -23.116131], [-45.614416, -23.116066], [-45.613552, -23.115476], [-45.613011, -23.115098], [-45.611665, -23.114183], [-45.611454, -23.114035], [-45.611363, -23.113963], [-45.611281, -23.113882], [-45.610769, -23.113303], [-45.610398, -23.112877], [-45.610318, -23.1128], [-45.610224, -23.112737], [-45.610121, -23.11269], [-45.610011, -23.11266], [-45.609683, -23.1126], [-45.609571, -23.112584], [-45.6094, -23.112565], [-45.609284, -23.112545], [-45.60917, -23.112511], [-45.607471, -23.111859], [-45.605728, -23.111201], [-45.603956, -23.110522], [-45.603625, -23.110401], [-45.603317, -23.110308], [-45.603211, -23.110266], [-45.602968, -23.110145], [-45.60286, -23.110097], [-45.601804, -23.109686], [-45.601364, -23.109518], [-45.600823, -23.109307], [-45.600162, -23.109057], [-45.599622, -23.108845], [-45.598662, -23.108477], [-45.596692, -23.107737], [-45.595259, -23.107185], [-45.594165, -23.106772], [-45.59395, -23.106684], [-45.593542, -23.106507], [-45.59267, -23.106162], [-45.592563, -23.106112], [-45.592465, -23.106047], [-45.592016, -23.105684], [-45.59193, -23.105606], [-45.590894, -23.104507], [-45.590047, -23.103595], [-45.589194, -23.102686], [-45.588807, -23.102269], [-45.588581, -23.102018], [-45.588511, -23.101933], [-45.588449, -23.101838], [-45.588225, -23.101476], [-45.587521, -23.100279], [-45.587172, -23.099705], [-45.586993, -23.099399], [-45.586928, -23.099305], [-45.586841, -23.099229], [-45.586739, -23.099171], [-45.586297, -23.098974], [-45.585868, -23.098788], [-45.585117, -23.098453], [-45.585012, -23.0984], [-45.584919, -23.098332], [-45.584835, -23.098253], [-45.584541, -23.097943], [-45.584234, -23.097613], [-45.583376, -23.096706], [-45.583177, -23.096489], [-45.582627, -23.095857], [-45.582545, -23.095782], [-45.582447, -23.095723], [-45.582338, -23.095681], [-45.582221, -23.095658], [-45.581983, -23.095632], [-45.579864, -23.09536], [-45.579196, -23.095268], [-45.579079, -23.095243], [-45.57897, -23.095199], [-45.578659, -23.095043], [-45.57855, -23.094999], [-45.578438, -23.094963], [-45.578323, -23.094935], [-45.578206, -23.09492], [-45.577216, -23.094862], [-45.575545, -23.09475], [-45.575426, -23.094744], [-45.575209, -23.094745], [-45.575089, -23.094742], [-45.574661, -23.094716], [-45.571924, -23.094537], [-45.569432, -23.09438], [-45.569198, -23.094361], [-45.569079, -23.094346], [-45.568374, -23.094238], [-45.567437, -23.094101], [-45.566041, -23.093902], [-45.564633, -23.093689], [-45.564398, -23.093656], [-45.564165, -23.093629], [-45.563695, -23.093554], [-45.562635, -23.093397], [-45.562044, -23.093314], [-45.56169, -23.093257], [-45.561218, -23.093196], [-45.560275, -23.093053], [-45.559801, -23.092996], [-45.559683, -23.092978], [-45.558861, -23.092835], [-45.557483, -23.092634], [-45.557307, -23.092606], [-45.557192, -23.092578], [-45.557084, -23.092532], [-45.556982, -23.092477], [-45.55599, -23.091922], [-45.555684, -23.091759], [-45.555308, -23.091548], [-45.555105, -23.091437], [-45.554599, -23.091152], [-45.554495, -23.091097], [-45.554237, -23.090983], [-45.553581, -23.09071], [-45.553151, -23.090523], [-45.552936, -23.090426], [-45.552834, -23.09037], [-45.552744, -23.090297], [-45.552305, -23.089865], [-45.552217, -23.089791], [-45.552118, -23.08973], [-45.551911, -23.089623], [-45.551408, -23.089329], [-45.54898, -23.087959], [-45.547152, -23.086911], [-45.54644, -23.086509], [-45.54562, -23.086053], [-45.544421, -23.085372], [-45.543179, -23.084673], [-45.542458, -23.084262], [-45.542354, -23.084209], [-45.54214, -23.084114], [-45.540892, -23.083568], [-45.540235, -23.083253], [-45.539756, -23.083055], [-45.539262, -23.082833], [-45.538377, -23.082427], [-45.537892, -23.082219], [-45.537368, -23.081978], [-45.536377, -23.081536], [-45.535353, -23.081069], [-45.534508, -23.080665], [-45.5344, -23.080616], [-45.53414, -23.080507], [-45.533701, -23.080315], [-45.532186, -23.079615], [-45.531975, -23.079526], [-45.531869, -23.079475], [-45.531771, -23.079411], [-45.531682, -23.079337], [-45.531603, -23.079254], [-45.531537, -23.079165], [-45.530762, -23.078027], [-45.530695, -23.077936], [-45.530554, -23.077758], [-45.530485, -23.077667], [-45.53036, -23.077484], [-45.530296, -23.077396], [-45.530189, -23.077266], [-45.530124, -23.077181], [-45.529304, -23.075996], [-45.529236, -23.075906], [-45.529017, -23.075651], [-45.528941, -23.075568], [-45.528305, -23.074918], [-45.526614, -23.073211], [-45.526456, -23.073045], [-45.526379, -23.07296], [-45.526003, -23.072531], [-45.525234, -23.071748], [-45.525157, -23.071667], [-45.524958, -23.071443], [-45.524319, -23.070692], [-45.523874, -23.070178], [-45.523794, -23.070095], [-45.523469, -23.06982], [-45.523387, -23.069741], [-45.523149, -23.069498], [-45.522423, -23.068789], [-45.522337, -23.068715], [-45.522239, -23.068652], [-45.522136, -23.068606], [-45.520546, -23.068073], [-45.519437, -23.067673], [-45.519328, -23.067629], [-45.519227, -23.06757], [-45.519136, -23.067498], [-45.519059, -23.067414], [-45.518714, -23.066964], [-45.517583, -23.065441], [-45.517508, -23.065355], [-45.517421, -23.065279], [-45.517238, -23.065139], [-45.51566, -23.063969], [-45.513578, -23.062376], [-45.513481, -23.062313], [-45.513372, -23.062265], [-45.512786, -23.062072], [-45.512115, -23.061845], [-45.512, -23.061816], [-45.511882, -23.061804], [-45.510694, -23.061801], [-45.510575, -23.061799], [-45.510455, -23.061793], [-45.510337, -23.061777], [-45.510222, -23.061746], [-45.51011, -23.061709], [-45.509557, -23.061506], [-45.508904, -23.061258], [-45.508575, -23.061128], [-45.507135, -23.060596], [-45.506477, -23.060335], [-45.505483, -23.059969], [-45.505047, -23.059796], [-45.50472, -23.059677], [-45.504338, -23.059534], [-45.503577, -23.059246], [-45.502761, -23.058931], [-45.5021, -23.058689], [-45.501462, -23.058448], [-45.500756, -23.058175], [-45.499299, -23.05763], [-45.498975, -23.057504], [-45.49887, -23.057454], [-45.498775, -23.057387], [-45.498695, -23.057306], [-45.498477, -23.057041], [-45.498408, -23.056951], [-45.498009, -23.056403], [-45.496781, -23.054836], [-45.496276, -23.05417], [-45.495106, -23.052652], [-45.494348, -23.051657], [-45.493657, -23.05076], [-45.49297, -23.049858], [-45.492089, -23.04871], [-45.492014, -23.048623], [-45.491935, -23.048542], [-45.490183, -23.046766], [-45.489493, -23.046038], [-45.489358, -23.045904], [-45.48927, -23.045828], [-45.48917, -23.045768], [-45.487758, -23.045087], [-45.487349, -23.044884], [-45.486684, -23.044546], [-45.486471, -23.044449], [-45.486145, -23.044314], [-45.485719, -23.044112], [-45.485266, -23.043877], [-45.483986, -23.043239], [-45.483886, -23.043181], [-45.482897, -23.042502], [-45.481583, -23.041583], [-45.480722, -23.040994], [-45.479874, -23.040389], [-45.479116, -23.039857], [-45.47835, -23.039327], [-45.477881, -23.038991], [-45.477416, -23.03865], [-45.476498, -23.037991], [-45.475866, -23.037569], [-45.475496, -23.037295], [-45.474227, -23.036406], [-45.473655, -23.03601], [-45.472707, -23.035341], [-45.47194, -23.034813], [-45.471501, -23.034506], [-45.471403, -23.034442], [-45.471169, -23.034297], [-45.470182, -23.033678], [-45.469095, -23.033012], [-45.468702, -23.032768], [-45.468113, -23.032395], [-45.466811, -23.031595], [-45.466216, -23.031222], [-45.465821, -23.03098], [-45.463885, -23.029753], [-45.462808, -23.029061], [-45.461232, -23.028069], [-45.460563, -23.027661], [-45.460459, -23.02761], [-45.460346, -23.027573], [-45.46023, -23.027554], [-45.45891, -23.027448], [-45.458121, -23.02738], [-45.458003, -23.027364], [-45.457888, -23.027337], [-45.455805, -23.026724], [-45.453842, -23.026138], [-45.452817, -23.025839], [-45.45259, -23.025769], [-45.451868, -23.02557], [-45.451757, -23.025527], [-45.451657, -23.025466], [-45.450595, -23.024633], [-45.449917, -23.024071], [-45.449656, -23.023845], [-45.449402, -23.023616], [-45.449236, -23.023472], [-45.448428, -23.022829], [-45.447714, -23.022245], [-45.446937, -23.021582], [-45.445884, -23.020703], [-45.44554, -23.020402], [-45.445016, -23.019954], [-45.444837, -23.019807], [-45.444423, -23.019476], [-45.444327, -23.01941], [-45.444221, -23.019359], [-45.444, -23.019273], [-45.443444, -23.01907], [-45.442779, -23.018821], [-45.442556, -23.018741], [-45.442005, -23.018528], [-45.441781, -23.018449], [-45.44134, -23.018283], [-45.440988, -23.018141], [-45.440445, -23.017944], [-45.439673, -23.017652], [-45.439566, -23.017602], [-45.43947, -23.017536], [-45.438872, -23.017048], [-45.438348, -23.016605], [-45.437825, -23.016157], [-45.437219, -23.015622], [-45.436609, -23.015091], [-45.436172, -23.014714], [-45.436053, -23.014616], [-45.435971, -23.01454], [-45.435768, -23.014337], [-45.43569, -23.014265], [-45.434972, -23.013652], [-45.43419, -23.012904], [-45.433525, -23.012277], [-45.432882, -23.011656], [-45.432212, -23.011033], [-45.431963, -23.010797], [-45.431886, -23.010716], [-45.431788, -23.010604], [-45.43171, -23.010523], [-45.431391, -23.010214], [-45.431225, -23.010058], [-45.430575, -23.009465], [-45.430331, -23.009223], [-45.429934, -23.008815], [-45.42985, -23.008736], [-45.429552, -23.008479], [-45.429469, -23.008403], [-45.429009, -23.007938], [-45.428544, -23.007499], [-45.427396, -23.006396], [-45.426979, -23.006003], [-45.426578, -23.005597], [-45.426229, -23.005296], [-45.426058, -23.005143], [-45.425135, -23.004285], [-45.422771, -23.002131], [-45.421915, -23.00136], [-45.420927, -23.000454], [-45.420755, -23.000302], [-45.420589, -23.000142], [-45.42042, -22.999989], [-45.419575, -22.999186], [-45.41949, -22.99911], [-45.419256, -22.998918], [-45.419004, -22.998683], [-45.418671, -22.998366], [-45.417912, -22.997663], [-45.417152, -22.996966], [-45.41648, -22.996341], [-45.415889, -22.9958], [-45.41504, -22.995034], [-45.414702, -22.994723], [-45.414115, -22.994174], [-45.413693, -22.993789], [-45.413606, -22.993713], [-45.413513, -22.993646], [-45.413413, -22.993586], [-45.413307, -22.993534], [-45.412537, -22.993236], [-45.411333, -22.992759], [-45.410271, -22.99235], [-45.410157, -22.992315], [-45.410042, -22.992296], [-45.409922, -22.99229], [-45.409265, -22.9923], [-45.409146, -22.992293], [-45.409029, -22.992267], [-45.408921, -22.992223], [-45.408703, -22.992108], [-45.408603, -22.992047], [-45.408511, -22.991978], [-45.408413, -22.991918], [-45.407641, -22.991535], [-45.407088, -22.991214], [-45.406374, -22.990827], [-45.406268, -22.990778], [-45.405015, -22.99029], [-45.403259, -22.989618], [-45.40304, -22.989532], [-45.402933, -22.989482], [-45.402837, -22.989416], [-45.402305, -22.988989], [-45.40104, -22.987996], [-45.400772, -22.98778], [-45.400517, -22.987555], [-45.400429, -22.987484], [-45.399694, -22.986936], [-45.398013, -22.9857], [-45.397551, -22.985349], [-45.39708, -22.985007], [-45.396322, -22.984468], [-45.395748, -22.984067], [-45.394309, -22.983029], [-45.392594, -22.981807], [-45.391656, -22.981127], [-45.390817, -22.98053], [-45.390018, -22.979956], [-45.389731, -22.979757], [-45.38962, -22.97969], [-45.388963, -22.97931], [-45.38754, -22.978493], [-45.386724, -22.978035], [-45.38662, -22.977985], [-45.386257, -22.977857], [-45.386147, -22.977812], [-45.386044, -22.977758], [-45.385743, -22.977577], [-45.385152, -22.977202], [-45.384754, -22.976955], [-45.384176, -22.976575], [-45.384077, -22.976515], [-45.383043, -22.97592], [-45.382266, -22.975452], [-45.382161, -22.975399], [-45.382031, -22.975347], [-45.38181, -22.975263], [-45.381476, -22.975143], [-45.381367, -22.975098], [-45.381263, -22.975042], [-45.380966, -22.974856], [-45.380476, -22.974542], [-45.379648, -22.974002], [-45.379554, -22.973933], [-45.378459, -22.972993], [-45.376815, -22.97156], [-45.375775, -22.970668], [-45.374681, -22.969703], [-45.373832, -22.968943], [-45.373021, -22.968239], [-45.372591, -22.96786], [-45.371848, -22.967213], [-45.371503, -22.966908], [-45.371126, -22.966589], [-45.370196, -22.965757], [-45.370108, -22.965682], [-45.36938, -22.965116], [-45.368011, -22.964065], [-45.365913, -22.962435], [-45.365084, -22.961801], [-45.363894, -22.960874], [-45.362928, -22.960133], [-45.362363, -22.959692], [-45.362097, -22.959476], [-45.362011, -22.9594], [-45.361928, -22.959321], [-45.361294, -22.958687], [-45.360727, -22.958128], [-45.359986, -22.957412], [-45.359004, -22.956455], [-45.358272, -22.955734], [-45.358074, -22.955518], [-45.357993, -22.955438], [-45.357781, -22.955264], [-45.357699, -22.955186], [-45.357346, -22.954814], [-45.356624, -22.954112], [-45.356361, -22.953832], [-45.355638, -22.953161], [-45.354791, -22.952384], [-45.3547, -22.952312], [-45.354598, -22.952257], [-45.35438, -22.952169], [-45.354158, -22.952089], [-45.354046, -22.952053], [-45.353818, -22.95199], [-45.351243, -22.951282], [-45.351142, -22.951243], [-45.351051, -22.951179], [-45.35098, -22.951094], [-45.35091, -22.950973], [-45.35081, -22.950779], [-45.350692, -22.950508], [-45.350165, -22.949266], [-45.34982, -22.948469], [-45.34969, -22.948161], [-45.349638, -22.948061], [-45.349569, -22.947971], [-45.349486, -22.947892], [-45.348878, -22.947407], [-45.348514, -22.94712], [-45.347822, -22.946586], [-45.345481, -22.944841], [-45.345052, -22.944532], [-45.344431, -22.944056], [-45.344059, -22.943785], [-45.343709, -22.943514], [-45.343446, -22.943316], [-45.342798, -22.942839], [-45.342335, -22.942493], [-45.341014, -22.941547], [-45.340159, -22.940941], [-45.339498, -22.940469], [-45.338838, -22.939992], [-45.338751, -22.939916], [-45.338679, -22.939827], [-45.338627, -22.939728], [-45.338596, -22.939621], [-45.338559, -22.939383], [-45.338514, -22.939054], [-45.338492, -22.938946], [-45.338454, -22.938841], [-45.338154, -22.938192], [-45.338102, -22.938094], [-45.33804, -22.937999], [-45.337909, -22.937814], [-45.337838, -22.937726], [-45.337756, -22.937645], [-45.337664, -22.937575], [-45.337005, -22.937133], [-45.336907, -22.937071], [-45.336249, -22.936678], [-45.33547, -22.936205], [-45.335069, -22.935966], [-45.333665, -22.93516], [-45.333459, -22.935047], [-45.332952, -22.934754], [-45.332557, -22.934508], [-45.332155, -22.934236], [-45.332056, -22.934174], [-45.331492, -22.933846], [-45.331068, -22.933575], [-45.329723, -22.932813], [-45.329492, -22.932676], [-45.329397, -22.93261], [-45.329298, -22.932547], [-45.328733, -22.932222], [-45.327522, -22.931517], [-45.32735, -22.931418], [-45.327245, -22.931366], [-45.326169, -22.930926], [-45.325318, -22.930571], [-45.324734, -22.930338], [-45.323258, -22.929726], [-45.322847, -22.929558], [-45.322519, -22.929429], [-45.321973, -22.929197], [-45.321547, -22.92902], [-45.321024, -22.928795], [-45.320278, -22.928462], [-45.319709, -22.928212], [-45.319605, -22.928161], [-45.319503, -22.928104], [-45.318534, -22.927546], [-45.318134, -22.927308], [-45.317729, -22.927076], [-45.31609, -22.926114], [-45.315898, -22.926003], [-45.315794, -22.925949], [-45.315685, -22.925905], [-45.315519, -22.92585], [-45.315183, -22.925742], [-45.314409, -22.925483], [-45.312955, -22.925008], [-45.312298, -22.924789], [-45.312192, -22.924749], [-45.312004, -22.924668], [-45.311679, -22.924548], [-45.311038, -22.924313], [-45.310045, -22.92396], [-45.309347, -22.923702], [-45.308573, -22.923424], [-45.308033, -22.923204], [-45.307929, -22.923166], [-45.307641, -22.923081], [-45.307531, -22.923042], [-45.307332, -22.922949], [-45.307234, -22.922911], [-45.306368, -22.922629], [-45.306262, -22.922592], [-45.305898, -22.922446], [-45.305584, -22.922324], [-45.305144, -22.922168], [-45.304839, -22.922052], [-45.304731, -22.922003], [-45.304461, -22.921853], [-45.304218, -22.921735], [-45.303056, -22.921236], [-45.302967, -22.921193], [-45.302702, -22.921044], [-45.302603, -22.920995], [-45.302499, -22.920956], [-45.302343, -22.920907], [-45.302239, -22.920868], [-45.301782, -22.920673], [-45.301672, -22.920636], [-45.30144, -22.920588], [-45.300684, -22.920331], [-45.298935, -22.919749], [-45.2982, -22.919496], [-45.29787, -22.919387], [-45.297512, -22.919264], [-45.296995, -22.919095], [-45.29688, -22.919064], [-45.296765, -22.919044], [-45.296202, -22.918969], [-45.295055, -22.918835], [-45.294581, -22.918789], [-45.293119, -22.918632], [-45.292859, -22.918596], [-45.292248, -22.918499], [-45.291799, -22.918433], [-45.291501, -22.918396], [-45.291389, -22.918386], [-45.291222, -22.918376], [-45.291103, -22.918364], [-45.290991, -22.91834], [-45.289495, -22.917914], [-45.288702, -22.917693], [-45.288587, -22.917661], [-45.288362, -22.917589], [-45.288246, -22.917565], [-45.288126, -22.91757], [-45.288012, -22.917603], [-45.287798, -22.917699], [-45.287268, -22.91795], [-45.286628, -22.918245], [-45.286518, -22.918288], [-45.285873, -22.918509], [-45.285763, -22.918554], [-45.28556, -22.918658], [-45.285253, -22.918826], [-45.285045, -22.918926], [-45.284915, -22.918993], [-45.284809, -22.919037], [-45.284675, -22.919079], [-45.284564, -22.919118], [-45.284289, -22.919231], [-45.284186, -22.919282], [-45.28392, -22.91945], [-45.283822, -22.919505], [-45.283722, -22.919545], [-45.283589, -22.919589], [-45.283494, -22.919628], [-45.283044, -22.919867], [-45.282762, -22.920009], [-45.282676, -22.920073], [-45.282602, -22.920151], [-45.282543, -22.920241], [-45.282397, -22.920528], [-45.282344, -22.920623], [-45.28228, -22.920712], [-45.282205, -22.920795], [-45.282115, -22.920866], [-45.282013, -22.920918], [-45.281904, -22.920954], [-45.280797, -22.9212], [-45.280687, -22.92123], [-45.280583, -22.921275], [-45.280503, -22.921319], [-45.28041, -22.921383], [-45.280334, -22.921466], [-45.280281, -22.921564], [-45.280201, -22.921793], [-45.280159, -22.921893], [-45.280097, -22.921986], [-45.28002, -22.922068], [-45.279931, -22.922137], [-45.27936, -22.922456], [-45.279076, -22.922624], [-45.278972, -22.922674], [-45.278855, -22.922696], [-45.278736, -22.92269], [-45.278505, -22.922635], [-45.277619, -22.922408], [-45.277487, -22.922364], [-45.276869, -22.922112], [-45.276758, -22.922073], [-45.276643, -22.922047], [-45.276526, -22.922033], [-45.276408, -22.922032], [-45.27617, -22.922046], [-45.27605, -22.922046], [-45.275933, -22.922028], [-45.27582, -22.921991], [-45.274986, -22.921646], [-45.274879, -22.921612], [-45.274763, -22.921592], [-45.274254, -22.921552], [-45.273459, -22.921476], [-45.272749, -22.921414], [-45.272393, -22.921385], [-45.272274, -22.921383], [-45.272107, -22.921395], [-45.271989, -22.921393], [-45.271874, -22.921368], [-45.271832, -22.921353], [-45.271723, -22.921308], [-45.271623, -22.921248], [-45.271534, -22.921177], [-45.271458, -22.921093], [-45.271399, -22.920997], [-45.271361, -22.920892], [-45.271306, -22.92068], [-45.271194, -22.920374], [-45.271154, -22.920281], [-45.271061, -22.920093], [-45.271021, -22.919995], [-45.270965, -22.919789], [-45.270881, -22.919451], [-45.270807, -22.919175], [-45.270772, -22.919083], [-45.270753, -22.919047], [-45.270694, -22.91896], [-45.270609, -22.918889], [-45.270503, -22.918839], [-45.270388, -22.918817], [-45.270122, -22.918806], [-45.270007, -22.918795], [-45.269706, -22.918733], [-45.269594, -22.918715], [-45.26948, -22.91871], [-45.269016, -22.918716], [-45.268899, -22.918713], [-45.268315, -22.918656], [-45.268199, -22.918637], [-45.268086, -22.918603], [-45.267431, -22.918357], [-45.267319, -22.918321], [-45.267202, -22.918298], [-45.266812, -22.918248], [-45.266694, -22.918245], [-45.266318, -22.918268], [-45.266199, -22.918281], [-45.266083, -22.918306], [-45.26569, -22.918414], [-45.265574, -22.918441], [-45.265455, -22.91845], [-45.264681, -22.918469], [-45.264563, -22.918467], [-45.264447, -22.918448], [-45.263935, -22.918323], [-45.26382, -22.9183], [-45.263704, -22.918283], [-45.263588, -22.918271], [-45.263473, -22.918271], [-45.263278, -22.91828], [-45.263162, -22.918287], [-45.263043, -22.9183], [-45.262924, -22.918305], [-45.262445, -22.918289], [-45.262328, -22.918294], [-45.262215, -22.918314], [-45.261383, -22.918526], [-45.261266, -22.918549], [-45.260155, -22.918703], [-45.260037, -22.918714], [-45.259917, -22.918707], [-45.259527, -22.918653], [-45.25847, -22.9185], [-45.257161, -22.918295], [-45.256241, -22.918156], [-45.256008, -22.918115], [-45.255225, -22.917962], [-45.254878, -22.917889], [-45.254194, -22.917732], [-45.253389, -22.917554], [-45.252608, -22.917391], [-45.252119, -22.917275], [-45.25177, -22.917199], [-45.250958, -22.917013], [-45.250143, -22.916835], [-45.249681, -22.91673], [-45.248323, -22.916409], [-45.248205, -22.916391], [-45.247377, -22.916325], [-45.24656, -22.916266], [-45.24628, -22.916241], [-45.246045, -22.916213], [-45.244455, -22.916], [-45.243867, -22.915928], [-45.242488, -22.915827], [-45.241979, -22.915785], [-45.241859, -22.91578], [-45.241427, -22.915781], [-45.240749, -22.915791], [-45.239469, -22.915815], [-45.238834, -22.91582], [-45.238639, -22.915825], [-45.237733, -22.915862], [-45.237615, -22.915862], [-45.236882, -22.915829], [-45.236764, -22.915817], [-45.236651, -22.915786], [-45.235869, -22.915508], [-45.235661, -22.915428], [-45.235463, -22.915342], [-45.235358, -22.915301], [-45.235244, -22.91527], [-45.232968, -22.914787], [-45.232622, -22.914711], [-45.230884, -22.914355], [-45.230772, -22.914331], [-45.230577, -22.914282], [-45.23046, -22.914261], [-45.229428, -22.914174], [-45.229259, -22.914164], [-45.228921, -22.914153], [-45.228803, -22.914161], [-45.228555, -22.9142], [-45.228436, -22.914207], [-45.227821, -22.914175], [-45.227089, -22.914054], [-45.226628, -22.913971], [-45.226223, -22.913905], [-45.226166, -22.913901], [-45.226109, -22.913901], [-45.225994, -22.913915], [-45.225387, -22.914073], [-45.225155, -22.914143], [-45.22444, -22.914371], [-45.223611, -22.914625], [-45.221427, -22.915276], [-45.22132, -22.915311], [-45.22095, -22.91545], [-45.220837, -22.915479], [-45.220718, -22.915483], [-45.219731, -22.915381], [-45.218437, -22.915234], [-45.218086, -22.915197], [-45.217972, -22.91518], [-45.217096, -22.914973], [-45.21697, -22.91494], [-45.216282, -22.914776], [-45.212819, -22.913911], [-45.212473, -22.913828], [-45.211782, -22.913672], [-45.211216, -22.913539], [-45.210645, -22.913393], [-45.210301, -22.913301], [-45.210184, -22.913277], [-45.210065, -22.913263], [-45.209592, -22.913211], [-45.209075, -22.913158], [-45.208957, -22.913149], [-45.208563, -22.913129], [-45.208329, -22.913122], [-45.208213, -22.913103], [-45.208109, -22.913052], [-45.20803, -22.91297], [-45.207986, -22.912868], [-45.207979, -22.912836], [-45.207962, -22.912727], [-45.207948, -22.912617], [-45.207861, -22.911717], [-45.207814, -22.911284], [-45.207782, -22.910921], [-45.207764, -22.910812], [-45.207715, -22.910711], [-45.207642, -22.910626], [-45.207384, -22.910415], [-45.206578, -22.909789], [-45.206487, -22.90972], [-45.206392, -22.909658], [-45.206291, -22.909603], [-45.20562, -22.909261], [-45.205017, -22.908948], [-45.204452, -22.90865], [-45.204349, -22.908598], [-45.204143, -22.908486], [-45.20331, -22.908052], [-45.202174, -22.907449], [-45.201422, -22.907046], [-45.200635, -22.906641], [-45.200537, -22.906578], [-45.200456, -22.906498], [-45.200393, -22.906404], [-45.200123, -22.905884], [-45.199997, -22.90567], [-45.19948, -22.904805], [-45.199244, -22.904423], [-45.198382, -22.903007], [-45.198317, -22.902914], [-45.198238, -22.902832], [-45.198068, -22.902684], [-45.196849, -22.901678], [-45.196253, -22.901139], [-45.196084, -22.900991], [-45.195065, -22.900121], [-45.194928, -22.900007], [-45.194694, -22.899822], [-45.194609, -22.899745], [-45.194535, -22.899661], [-45.193874, -22.898778], [-45.192585, -22.897186], [-45.192201, -22.896676], [-45.192135, -22.896585], [-45.192012, -22.896395], [-45.191947, -22.896302], [-45.191678, -22.895936], [-45.191605, -22.895848], [-45.191303, -22.895535], [-45.191229, -22.895448], [-45.191169, -22.895352], [-45.191021, -22.895052], [-45.190981, -22.894947], [-45.190665, -22.893894], [-45.190451, -22.893245], [-45.190351, -22.892928], [-45.190277, -22.892718], [-45.190147, -22.892282], [-45.189779, -22.891132], [-45.18973, -22.891032], [-45.18965, -22.890951], [-45.189547, -22.890897], [-45.189434, -22.890859], [-45.189099, -22.890754], [-45.188676, -22.890632], [-45.187854, -22.890385], [-45.187082, -22.890166], [-45.186974, -22.890137], [-45.18683, -22.890105], [-45.186722, -22.890068], [-45.186626, -22.890004], [-45.186558, -22.889914], [-45.186521, -22.88981], [-45.186501, -22.889703], [-45.186488, -22.889595], [-45.186426, -22.888978], [-45.186381, -22.88859], [-45.186342, -22.888044], [-45.186325, -22.887935], [-45.186278, -22.887833], [-45.186202, -22.887749], [-45.185722, -22.887363], [-45.185627, -22.887297], [-45.185523, -22.887244], [-45.184877, -22.886973], [-45.184771, -22.886922], [-45.184674, -22.886859], [-45.184584, -22.886786], [-45.184505, -22.886703], [-45.184436, -22.886614], [-45.184358, -22.8865], [-45.184288, -22.886414], [-45.184203, -22.886341], [-45.184026, -22.886218], [-45.183574, -22.885914], [-45.182845, -22.885412], [-45.18231, -22.88505], [-45.181451, -22.884461], [-45.180488, -22.883832], [-45.18023, -22.883667], [-45.180135, -22.883602], [-45.179739, -22.883303], [-45.179646, -22.883236], [-45.178922, -22.882783], [-45.178829, -22.882718], [-45.178506, -22.882454], [-45.178293, -22.882263], [-45.178218, -22.882186], [-45.178087, -22.882032], [-45.177863, -22.881757], [-45.177799, -22.881664], [-45.177309, -22.880876], [-45.177204, -22.88072], [-45.177139, -22.880629], [-45.177067, -22.880541], [-45.176989, -22.880457], [-45.176905, -22.880379], [-45.176823, -22.880312], [-45.176728, -22.880245], [-45.176598, -22.880162], [-45.176498, -22.880106], [-45.176387, -22.880064], [-45.176085, -22.879982], [-45.175973, -22.879949], [-45.175865, -22.879911], [-45.175645, -22.879824], [-45.174987, -22.879575], [-45.173732, -22.879085], [-45.173402, -22.878963], [-45.172192, -22.878575], [-45.171368, -22.878305], [-45.171184, -22.87825], [-45.170277, -22.878003], [-45.170051, -22.877936], [-45.169827, -22.877859], [-45.168833, -22.8775], [-45.168725, -22.877454], [-45.168517, -22.877347], [-45.167796, -22.876951], [-45.16769, -22.876902], [-45.167589, -22.876874], [-45.167356, -22.876838], [-45.166969, -22.876763], [-45.166347, -22.876614], [-45.165712, -22.876478], [-45.165594, -22.876465], [-45.16554, -22.876463], [-45.165423, -22.876471], [-45.165308, -22.876499], [-45.164997, -22.876605], [-45.164889, -22.876651], [-45.164681, -22.87676], [-45.164452, -22.876875], [-45.164347, -22.876918], [-45.163202, -22.877278], [-45.163091, -22.877306], [-45.162974, -22.877316], [-45.16292, -22.877317], [-45.162802, -22.877307], [-45.162687, -22.877277], [-45.162581, -22.877229], [-45.162156, -22.876976], [-45.162055, -22.87692], [-45.161481, -22.876646], [-45.161381, -22.876595], [-45.160681, -22.876223], [-45.160576, -22.876174], [-45.160388, -22.876097], [-45.16028, -22.876049], [-45.160182, -22.875987], [-45.160057, -22.875897], [-45.159968, -22.875823], [-45.159897, -22.875734], [-45.159844, -22.875636], [-45.159646, -22.875122], [-45.1596, -22.875023], [-45.159407, -22.87472], [-45.159344, -22.87463], [-45.159271, -22.874547], [-45.159188, -22.874474], [-45.159099, -22.874408], [-45.158959, -22.874316], [-45.158863, -22.874259], [-45.158631, -22.874141], [-45.158538, -22.874086], [-45.158449, -22.874017], [-45.158367, -22.873945], [-45.158289, -22.873862], [-45.15823, -22.873766], [-45.158192, -22.873662], [-45.158162, -22.873555], [-45.158026, -22.873109], [-45.157999, -22.873003], [-45.157981, -22.872894], [-45.157977, -22.872783], [-45.157983, -22.872673], [-45.158009, -22.872404], [-45.158015, -22.872304], [-45.158013, -22.872023], [-45.158005, -22.87192], [-45.157925, -22.871252], [-45.157877, -22.870804], [-45.157855, -22.870699], [-45.157835, -22.870639], [-45.15781, -22.870533], [-45.157805, -22.870422], [-45.157823, -22.870065], [-45.157834, -22.869738], [-45.157851, -22.868211], [-45.157855, -22.8681], [-45.157933, -22.866948], [-45.157934, -22.866837], [-45.15792, -22.866728], [-45.15785, -22.866384], [-45.157823, -22.866277], [-45.157703, -22.865904], [-45.157639, -22.865694], [-45.157602, -22.865589], [-45.157553, -22.865488], [-45.157495, -22.865391], [-45.157428, -22.8653], [-45.157352, -22.865215], [-45.157014, -22.864871], [-45.156938, -22.864787], [-45.156871, -22.864696], [-45.156814, -22.864598], [-45.156603, -22.864204], [-45.155647, -22.862398], [-45.155608, -22.862294], [-45.155593, -22.862184], [-45.155604, -22.862074], [-45.155638, -22.861969], [-45.155917, -22.861298], [-45.156101, -22.860896], [-45.156371, -22.860294], [-45.156459, -22.860089], [-45.156497, -22.859984], [-45.156522, -22.859876], [-45.156538, -22.859767], [-45.156543, -22.859657], [-45.156539, -22.859547], [-45.156527, -22.859437], [-45.156449, -22.858948], [-45.156332, -22.858318], [-45.156258, -22.857955], [-45.156212, -22.857752], [-45.156137, -22.85745], [-45.156104, -22.85735], [-45.156056, -22.857257], [-45.15599, -22.857172], [-45.15572, -22.856874], [-45.155647, -22.856803], [-45.155409, -22.856615], [-45.155047, -22.856301], [-45.154396, -22.855698], [-45.154113, -22.855441], [-45.153672, -22.855011], [-45.153499, -22.854859], [-45.153064, -22.854487], [-45.152982, -22.854407], [-45.152931, -22.854352], [-45.15285, -22.854271], [-45.152618, -22.854067], [-45.152546, -22.853997], [-45.152414, -22.85385], [-45.152128, -22.853502], [-45.151673, -22.852995], [-45.151397, -22.852694], [-45.151327, -22.852609], [-45.151109, -22.852322], [-45.151036, -22.852235], [-45.150756, -22.851939], [-45.15052, -22.851677], [-45.150377, -22.851504], [-45.150115, -22.851172], [-45.150047, -22.851091], [-45.149583, -22.850608], [-45.149509, -22.850522], [-45.149451, -22.850426], [-45.149412, -22.850322], [-45.149392, -22.850213], [-45.149348, -22.849619], [-45.149345, -22.849513], [-45.149395, -22.848602], [-45.149405, -22.847215], [-45.149402, -22.846878], [-45.149406, -22.846617], [-45.149388, -22.846511], [-45.149336, -22.846415], [-45.149153, -22.846175], [-45.149093, -22.846083], [-45.148863, -22.845699], [-45.148805, -22.845619], [-45.148725, -22.845555], [-45.148626, -22.845511], [-45.148318, -22.845417], [-45.14821, -22.845376], [-45.147885, -22.845213], [-45.147791, -22.845148], [-45.14773, -22.845055], [-45.147534, -22.844602], [-45.147353, -22.844197], [-45.147316, -22.844092], [-45.147294, -22.843985], [-45.147263, -22.84372], [-45.147136, -22.842569], [-45.147108, -22.842463], [-45.14705, -22.842368], [-45.146967, -22.84229], [-45.146864, -22.842238], [-45.146824, -22.842223], [-45.146718, -22.842174], [-45.146622, -22.842109], [-45.146145, -22.841721], [-45.14606, -22.841643], [-45.14599, -22.841557], [-45.145755, -22.841221], [-45.1457, -22.841124], [-45.145663, -22.84102], [-45.145647, -22.840911], [-45.145655, -22.840801], [-45.145762, -22.840212], [-45.145773, -22.840101], [-45.145767, -22.839993], [-45.145669, -22.839275], [-45.145611, -22.838816], [-45.145605, -22.838706], [-45.145628, -22.838065], [-45.145636, -22.837736], [-45.14563, -22.837625], [-45.1456, -22.837518], [-45.145556, -22.837416], [-45.145494, -22.837321], [-45.145417, -22.837238], [-45.145153, -22.836985], [-45.144746, -22.836582], [-45.144671, -22.836497], [-45.144614, -22.8364], [-45.144575, -22.836295], [-45.144348, -22.835459], [-45.144326, -22.835351], [-45.144309, -22.835243], [-45.144258, -22.834682], [-45.144243, -22.834574], [-45.144214, -22.83447], [-45.14411, -22.834159], [-45.144002, -22.833773], [-45.143909, -22.833462], [-45.143697, -22.832774], [-45.143627, -22.832559], [-45.14358, -22.832462], [-45.143503, -22.83238], [-45.143401, -22.832322], [-45.143285, -22.832297], [-45.143167, -22.832308], [-45.142707, -22.832418], [-45.142589, -22.832433], [-45.14247, -22.832423], [-45.142358, -22.83239], [-45.142239, -22.832328], [-45.142151, -22.832256], [-45.141499, -22.831626], [-45.141409, -22.831555], [-45.141308, -22.831499], [-45.140462, -22.831126], [-45.140102, -22.830986], [-45.139767, -22.830848], [-45.138023, -22.830165], [-45.137204, -22.829816], [-45.136725, -22.829616], [-45.136399, -22.829487], [-45.135769, -22.829216], [-45.135665, -22.829167], [-45.135566, -22.829108], [-45.135472, -22.829043], [-45.135383, -22.828969], [-45.134748, -22.828379], [-45.134494, -22.828147], [-45.133635, -22.827384], [-45.132779, -22.826613], [-45.132691, -22.826539], [-45.132286, -22.826234], [-45.13219, -22.826168], [-45.132092, -22.82611], [-45.131986, -22.826058], [-45.131128, -22.825673], [-45.130696, -22.825491], [-45.130493, -22.82541], [-45.130401, -22.825365], [-45.130284, -22.825296], [-45.130194, -22.825236], [-45.130075, -22.825151], [-45.129981, -22.825089], [-45.129877, -22.825037], [-45.129589, -22.824911], [-45.129489, -22.824861], [-45.129125, -22.824661], [-45.129032, -22.824604], [-45.128906, -22.824505], [-45.128827, -22.824423], [-45.128786, -22.824374], [-45.128713, -22.824295], [-45.128484, -22.824075], [-45.128001, -22.823669], [-45.127916, -22.823592], [-45.127051, -22.822671], [-45.126287, -22.821911], [-45.126081, -22.821712], [-45.125607, -22.821271], [-45.125533, -22.821189], [-45.125473, -22.821094], [-45.125434, -22.82099], [-45.125418, -22.820881], [-45.125407, -22.820625], [-45.125398, -22.820517], [-45.125377, -22.820409], [-45.125347, -22.820303], [-45.125306, -22.8202], [-45.125257, -22.820102], [-45.1252, -22.820011], [-45.125135, -22.819928], [-45.124816, -22.819564], [-45.124753, -22.819477], [-45.124583, -22.819198], [-45.12452, -22.819108], [-45.124085, -22.818559], [-45.12401, -22.818476], [-45.123922, -22.818401], [-45.123824, -22.818339], [-45.123718, -22.81829], [-45.123608, -22.818258], [-45.122537, -22.818038], [-45.121604, -22.817841], [-45.121489, -22.817808], [-45.121383, -22.817757], [-45.121297, -22.817696], [-45.121212, -22.817608], [-45.121105, -22.817475], [-45.120971, -22.817301], [-45.120908, -22.817208], [-45.120556, -22.816625], [-45.120495, -22.816535], [-45.120424, -22.816454], [-45.120343, -22.81638], [-45.120248, -22.816314], [-45.11994, -22.816131], [-45.119837, -22.816074], [-45.119731, -22.816031], [-45.119064, -22.815822], [-45.118711, -22.815703], [-45.115335, -22.814518], [-45.114671, -22.814271], [-45.113904, -22.813977], [-45.113796, -22.813929], [-45.113698, -22.813866], [-45.113087, -22.813361], [-45.112477, -22.812849], [-45.11082, -22.811513], [-45.110389, -22.811139], [-45.109909, -22.810737], [-45.109732, -22.810594], [-45.109325, -22.810273], [-45.108193, -22.809332], [-45.107775, -22.808992], [-45.107689, -22.808915], [-45.106952, -22.80815], [-45.106879, -22.808066], [-45.106739, -22.80789], [-45.106664, -22.807805], [-45.106203, -22.80735], [-45.105857, -22.80702], [-45.105774, -22.806941], [-45.105684, -22.80687], [-45.105582, -22.806818], [-45.105262, -22.806691], [-45.105023, -22.806588], [-45.104932, -22.806544], [-45.104839, -22.80649], [-45.104739, -22.806439], [-45.10463, -22.806399], [-45.104517, -22.806373], [-45.104399, -22.806363], [-45.104281, -22.806369], [-45.103891, -22.806418], [-45.102358, -22.806629], [-45.101592, -22.80671], [-45.099958, -22.806943], [-45.099842, -22.806959], [-45.099422, -22.807003], [-45.098832, -22.80708], [-45.098477, -22.807128], [-45.097701, -22.807241], [-45.097583, -22.807251], [-45.097465, -22.807241], [-45.097352, -22.807208], [-45.097248, -22.807155], [-45.096454, -22.806607], [-45.095978, -22.806272], [-45.094827, -22.805484], [-45.093864, -22.804901], [-45.093665, -22.804784], [-45.093562, -22.804729], [-45.093453, -22.804688], [-45.093337, -22.804659], [-45.093219, -22.804642], [-45.092982, -22.804617], [-45.092505, -22.804579], [-45.09159, -22.804498], [-45.091472, -22.804481], [-45.091358, -22.804447], [-45.091252, -22.804397], [-45.09115, -22.804343], [-45.091045, -22.804298], [-45.090894, -22.804242], [-45.090786, -22.804197], [-45.090686, -22.804139], [-45.090324, -22.803886], [-45.089922, -22.803597], [-45.089738, -22.803473], [-45.089646, -22.803404], [-45.08948, -22.803263], [-45.089392, -22.803192], [-45.089299, -22.803123], [-45.089204, -22.803057], [-45.087972, -22.802281], [-45.087775, -22.802158], [-45.087673, -22.802102], [-45.087197, -22.801856], [-45.087089, -22.801811], [-45.086974, -22.801785], [-45.086855, -22.80178], [-45.086498, -22.801803], [-45.086379, -22.801797], [-45.086266, -22.801762], [-45.08617, -22.801702], [-45.086095, -22.80162], [-45.08601, -22.801493], [-45.085348, -22.800457], [-45.085297, -22.800357], [-45.085232, -22.800186], [-45.085183, -22.800088], [-45.084609, -22.79922], [-45.084472, -22.79902], [-45.084401, -22.798932], [-45.084315, -22.798857], [-45.083973, -22.798611], [-45.08361, -22.798356], [-45.083424, -22.79822], [-45.083113, -22.797985], [-45.082466, -22.79751], [-45.081747, -22.796991], [-45.08165, -22.796927], [-45.081452, -22.796804], [-45.081351, -22.796748], [-45.080428, -22.796289], [-45.079199, -22.79569], [-45.079099, -22.795629], [-45.079017, -22.795551], [-45.078956, -22.795455], [-45.078854, -22.79522], [-45.078604, -22.7946], [-45.078347, -22.79398], [-45.078302, -22.793877], [-45.078243, -22.793781], [-45.078153, -22.793709], [-45.077949, -22.793597], [-45.077443, -22.793305], [-45.077346, -22.793244], [-45.077135, -22.793086], [-45.076855, -22.792888]]}}
]
}
