{
"type": "FeatureCollection",
"features": [
{"type": "Feature", "properties": {"ProjectID": "P7734", "OBJECTID": 772, "NOMBRE": "GASBEL II (ESVOL - ESTAP)", "longitud_km": 87.00597921, "pais": "BRASIL", "Shape__Length": 0.8214468189918206}, "geometry": {"type": "LineString", "coordinates": [[-44.041993, -22.527387], [-44.041896, -22.52736], [-44.041788, -22.527314], [-44.041603, -22.52721], [-44.041495, -22.527172], [-44.041157, -22.527101], [-44.041043, -22.527082], [-44.040588, -22.527019], [-44.040036, -22.526934], [-44.039919, -22.526909], [-44.039807, -22.526874], [-44.0397, -22.526828], [-44.039386, -22.526677], [-44.039283, -22.526623], [-44.039082, -22.52651], [-44.038977, -22.526459], [-44.038447, -22.526217], [-44.038341, -22.526173], [-44.03823, -22.526135], [-44.038113, -22.526107], [-44.037996, -22.52609], [-44.037876, -22.526087], [-44.037758, -22.526095], [-44.03764, -22.526115], [-44.037526, -22.526141], [-44.037188, -22.526226], [-44.036179, -22.526456], [-44.035908, -22.526528], [-44.035569, -22.526612], [-44.035019, -22.52676], [-44.034907, -22.526796], [-44.034803, -22.526838], [-44.033722, -22.527384], [-44.033258, -22.527628], [-44.03284, -22.527835], [-44.032745, -22.527892], [-44.031924, -22.528312], [-44.031821, -22.528361], [-44.031026, -22.528777], [-44.030416, -22.529084], [-44.029596, -22.529504], [-44.028675, -22.529964], [-44.028474, -22.53007], [-44.028371, -22.530121], [-44.028155, -22.530209], [-44.028045, -22.530245], [-44.027935, -22.530273], [-44.027712, -22.530322], [-44.027042, -22.530457], [-44.026357, -22.530608], [-44.025894, -22.530707], [-44.025779, -22.53072], [-44.025659, -22.530716], [-44.025311, -22.530685], [-44.024037, -22.530552], [-44.023687, -22.530512], [-44.023101, -22.530454], [-44.02275, -22.530422], [-44.022401, -22.53038], [-44.021666, -22.530303], [-44.021202, -22.530244], [-44.021086, -22.530243], [-44.020974, -22.530263], [-44.020871, -22.530303], [-44.020593, -22.530458], [-44.020393, -22.530577], [-44.020089, -22.530741], [-44.019696, -22.530958], [-44.019606, -22.531025], [-44.019535, -22.53111], [-44.019426, -22.531289], [-44.019212, -22.531668], [-44.018854, -22.532342], [-44.018647, -22.532719], [-44.018414, -22.533212], [-44.018324, -22.533414], [-44.018273, -22.533512], [-44.018205, -22.533602], [-44.018117, -22.533673], [-44.018016, -22.533731], [-44.017916, -22.533784], [-44.017813, -22.533833], [-44.017493, -22.533975], [-44.017175, -22.534111], [-44.017075, -22.534161], [-44.016671, -22.534336], [-44.016565, -22.534373], [-44.01636, -22.534465], [-44.016263, -22.534525], [-44.015777, -22.53495], [-44.015629, -22.535074], [-44.015546, -22.535137], [-44.015453, -22.535195], [-44.015336, -22.535239], [-44.015233, -22.535259], [-44.015127, -22.535274], [-44.015015, -22.535272], [-44.014785, -22.535293], [-44.01409, -22.535326], [-44.01374, -22.535349], [-44.013189, -22.535373], [-44.012729, -22.535402], [-44.012616, -22.535403], [-44.012274, -22.535425], [-44.011933, -22.535454], [-44.010943, -22.535556], [-44.010725, -22.535584], [-44.010403, -22.535619], [-44.009742, -22.535681], [-44.009389, -22.53571], [-44.008618, -22.535783], [-44.00841, -22.535804], [-44.008083, -22.535842], [-44.007972, -22.535866], [-44.007865, -22.535907], [-44.007427, -22.536088], [-44.005483, -22.536945], [-44.005378, -22.536987], [-44.004987, -22.53717], [-44.004679, -22.537308], [-44.004463, -22.5374], [-44.004353, -22.537434], [-44.004238, -22.537453], [-44.004123, -22.537464], [-44.003363, -22.537529], [-44.002833, -22.53757], [-44.001812, -22.537657], [-44.000779, -22.537736], [-44.000046, -22.537804], [-43.999934, -22.537819], [-43.999823, -22.53784], [-43.999713, -22.537869], [-43.999602, -22.537908], [-43.999494, -22.537951], [-43.999391, -22.537999], [-43.99929, -22.538054], [-43.998558, -22.538492], [-43.997962, -22.538841], [-43.997575, -22.539076], [-43.997377, -22.539186], [-43.99717, -22.539294], [-43.996675, -22.539585], [-43.995998, -22.540017], [-43.995605, -22.540258], [-43.99551, -22.540319], [-43.995117, -22.540552], [-43.994001, -22.541249], [-43.993714, -22.541436], [-43.993627, -22.541508], [-43.993377, -22.54174], [-43.992887, -22.542206], [-43.992798, -22.542275], [-43.992699, -22.542329], [-43.992321, -22.54251], [-43.992042, -22.542656], [-43.991941, -22.542706], [-43.990981, -22.543169], [-43.989681, -22.543789], [-43.98927, -22.543981], [-43.988237, -22.544479], [-43.987928, -22.544623], [-43.987625, -22.544775], [-43.987014, -22.545071], [-43.986711, -22.545214], [-43.986198, -22.545468], [-43.985368, -22.545851], [-43.984642, -22.546178], [-43.98435, -22.54633], [-43.984051, -22.546471], [-43.98395, -22.546526], [-43.983478, -22.546799], [-43.983379, -22.54685], [-43.98306, -22.547003], [-43.982954, -22.547046], [-43.982842, -22.547073], [-43.982726, -22.547082], [-43.981799, -22.547106], [-43.981458, -22.547125], [-43.981342, -22.547118], [-43.980768, -22.547009], [-43.980653, -22.54698], [-43.97999, -22.546752], [-43.979769, -22.54669], [-43.979543, -22.54663], [-43.979471, -22.546608], [-43.979355, -22.54659], [-43.979238, -22.546599], [-43.978797, -22.546644], [-43.978684, -22.546649], [-43.978571, -22.546639], [-43.978459, -22.54662], [-43.978209, -22.546545], [-43.978107, -22.546504], [-43.977999, -22.546474], [-43.977885, -22.546469], [-43.977792, -22.546461], [-43.977779, -22.546457], [-43.977683, -22.546414], [-43.977583, -22.546357], [-43.977483, -22.546293], [-43.97738, -22.546238], [-43.977275, -22.5462], [-43.977162, -22.546174], [-43.977047, -22.546154], [-43.976931, -22.546143], [-43.976699, -22.546139], [-43.976356, -22.546138], [-43.976009, -22.54615], [-43.975421, -22.546176], [-43.975308, -22.546174], [-43.975196, -22.546161], [-43.975079, -22.546142], [-43.974962, -22.546131], [-43.974849, -22.546132], [-43.974734, -22.546137], [-43.974619, -22.546153], [-43.974444, -22.546201], [-43.974223, -22.546277], [-43.97411, -22.546293], [-43.97405, -22.54629], [-43.973999, -22.546282], [-43.973889, -22.546257], [-43.97378, -22.546226], [-43.97367, -22.546189], [-43.973561, -22.546145], [-43.973455, -22.546097], [-43.973359, -22.546036], [-43.973274, -22.545961], [-43.973117, -22.545806], [-43.972955, -22.545655], [-43.972857, -22.545594], [-43.972636, -22.54548], [-43.972222, -22.545273], [-43.971587, -22.544979], [-43.971478, -22.544935], [-43.971367, -22.5449], [-43.971254, -22.544873], [-43.971028, -22.544836], [-43.970484, -22.544771], [-43.970369, -22.544761], [-43.970254, -22.544753], [-43.969908, -22.544751], [-43.969591, -22.544735], [-43.969484, -22.54474], [-43.969371, -22.544755], [-43.969258, -22.544762], [-43.969141, -22.544755], [-43.968908, -22.544734], [-43.968446, -22.544705], [-43.968333, -22.54469], [-43.968222, -22.544655], [-43.968003, -22.544569], [-43.967899, -22.544523], [-43.967696, -22.544408], [-43.967602, -22.544342], [-43.967429, -22.544197], [-43.967347, -22.54412], [-43.967125, -22.543896], [-43.967037, -22.543828], [-43.966937, -22.543771], [-43.966827, -22.543729], [-43.966597, -22.54368], [-43.966497, -22.543652], [-43.966392, -22.543601], [-43.965994, -22.543359], [-43.965893, -22.543304], [-43.96537, -22.543061], [-43.96527, -22.543004], [-43.965176, -22.542936], [-43.965097, -22.542856], [-43.965051, -22.542756], [-43.965005, -22.542513], [-43.964956, -22.542301], [-43.964927, -22.542201], [-43.96487, -22.542112], [-43.964717, -22.541964], [-43.964636, -22.541906], [-43.964324, -22.541773], [-43.964219, -22.541734], [-43.964, -22.541669], [-43.963895, -22.541618], [-43.963797, -22.541559], [-43.963717, -22.541503], [-43.963638, -22.541435], [-43.963565, -22.541359], [-43.963505, -22.541269], [-43.963307, -22.540877], [-43.963085, -22.540452], [-43.963027, -22.540359], [-43.962958, -22.540271], [-43.962883, -22.540186], [-43.962804, -22.540104], [-43.962729, -22.540034], [-43.962639, -22.539964], [-43.962536, -22.539913], [-43.962324, -22.539819], [-43.961456, -22.539478], [-43.961031, -22.539321], [-43.96072, -22.53921], [-43.960303, -22.539052], [-43.960192, -22.539014], [-43.96008, -22.538985], [-43.959658, -22.538905], [-43.959539, -22.538896], [-43.959305, -22.538912], [-43.958755, -22.538936], [-43.958641, -22.53893], [-43.958409, -22.538893], [-43.958295, -22.538869], [-43.958076, -22.538813], [-43.957975, -22.538774], [-43.957777, -22.538671], [-43.957683, -22.538609], [-43.957512, -22.53846], [-43.957423, -22.538392], [-43.95716, -22.538233], [-43.957096, -22.538204], [-43.957042, -22.538185], [-43.956483, -22.538039], [-43.956377, -22.537998], [-43.956155, -22.537902], [-43.955945, -22.537815], [-43.95551, -22.537704], [-43.955404, -22.537674], [-43.955293, -22.537651], [-43.955179, -22.537642], [-43.955069, -22.537638], [-43.954951, -22.537627], [-43.954843, -22.537626], [-43.954735, -22.537654], [-43.954641, -22.537708], [-43.954552, -22.537767], [-43.954453, -22.53782], [-43.954346, -22.537856], [-43.954234, -22.537873], [-43.954118, -22.537862], [-43.954009, -22.537826], [-43.953909, -22.537771], [-43.953818, -22.537713], [-43.953724, -22.537664], [-43.953436, -22.537535], [-43.95323, -22.537439], [-43.953123, -22.537393], [-43.953015, -22.537351], [-43.952708, -22.537247], [-43.952505, -22.53717], [-43.952245, -22.537039], [-43.952145, -22.536993], [-43.951829, -22.536867], [-43.951718, -22.536831], [-43.951607, -22.536803], [-43.951498, -22.536765], [-43.951397, -22.536704], [-43.951312, -22.53663], [-43.951078, -22.536395], [-43.950997, -22.536322], [-43.950733, -22.536119], [-43.950634, -22.536059], [-43.950422, -22.535964], [-43.950225, -22.535889], [-43.949576, -22.535663], [-43.94926, -22.53557], [-43.948931, -22.535461], [-43.948821, -22.535432], [-43.947895, -22.535269], [-43.94686, -22.535069], [-43.946634, -22.535021], [-43.946187, -22.534937], [-43.946075, -22.53491], [-43.944861, -22.534559], [-43.94399, -22.534294], [-43.943766, -22.534235], [-43.942905, -22.533977], [-43.942796, -22.533947], [-43.942689, -22.533922], [-43.942574, -22.533907], [-43.942455, -22.533904], [-43.942219, -22.533906], [-43.9421, -22.533901], [-43.941984, -22.533885], [-43.941755, -22.533835], [-43.941642, -22.533804], [-43.941533, -22.533766], [-43.941428, -22.533726], [-43.941319, -22.533695], [-43.941107, -22.533626], [-43.941, -22.533579], [-43.940898, -22.533527], [-43.940606, -22.533342], [-43.940502, -22.533287], [-43.940075, -22.533105], [-43.939966, -22.533067], [-43.939853, -22.533035], [-43.939284, -22.532885], [-43.93917, -22.53286], [-43.938937, -22.53283], [-43.938892, -22.53282], [-43.938715, -22.532766], [-43.938601, -22.532745], [-43.938366, -22.532721], [-43.938248, -22.532715], [-43.938015, -22.53271], [-43.937899, -22.532702], [-43.937554, -22.532669], [-43.93739, -22.532644], [-43.937276, -22.532634], [-43.937161, -22.532617], [-43.937044, -22.532605], [-43.936812, -22.532555], [-43.936694, -22.532545], [-43.936578, -22.53254], [-43.93646, -22.532523], [-43.936344, -22.532496], [-43.935778, -22.532346], [-43.935436, -22.532267], [-43.934221, -22.531967], [-43.933423, -22.531759], [-43.932851, -22.531619], [-43.932512, -22.531528], [-43.932398, -22.531507], [-43.932321, -22.531499], [-43.932205, -22.531471], [-43.932098, -22.531428], [-43.931986, -22.531391], [-43.931873, -22.531363], [-43.931605, -22.531287], [-43.93138, -22.531236], [-43.931155, -22.531168], [-43.93104, -22.531143], [-43.930633, -22.531067], [-43.93052, -22.531033], [-43.930411, -22.530989], [-43.930298, -22.530961], [-43.930182, -22.53094], [-43.930068, -22.530909], [-43.929954, -22.530883], [-43.929842, -22.530851], [-43.929612, -22.530798], [-43.929379, -22.530757], [-43.929032, -22.530711], [-43.928916, -22.530699], [-43.928801, -22.530681], [-43.928687, -22.530658], [-43.928459, -22.530604], [-43.928344, -22.530589], [-43.928225, -22.530593], [-43.928004, -22.53065], [-43.927893, -22.53067], [-43.927775, -22.530679], [-43.927661, -22.530681], [-43.927425, -22.530674], [-43.927037, -22.530692], [-43.926629, -22.530757], [-43.92652, -22.530777], [-43.926411, -22.530808], [-43.926306, -22.530844], [-43.926201, -22.530888], [-43.926001, -22.530988], [-43.925904, -22.531049], [-43.925629, -22.531288], [-43.925533, -22.531348], [-43.925423, -22.531385], [-43.925307, -22.531402], [-43.925191, -22.531406], [-43.92511, -22.531404], [-43.924993, -22.531386], [-43.924889, -22.531336], [-43.924795, -22.531271], [-43.924265, -22.530879], [-43.924183, -22.530811], [-43.923951, -22.530582], [-43.923789, -22.530449], [-43.923716, -22.530374], [-43.923505, -22.530124], [-43.923151, -22.529694], [-43.923069, -22.529618], [-43.922979, -22.529554], [-43.922878, -22.529501], [-43.922767, -22.529461], [-43.922655, -22.529429], [-43.922542, -22.529411], [-43.922316, -22.529405], [-43.921639, -22.529411], [-43.921526, -22.529411], [-43.921411, -22.529407], [-43.921297, -22.529391], [-43.92119, -22.529361], [-43.921084, -22.529314], [-43.920994, -22.529257], [-43.920635, -22.528977], [-43.920536, -22.528915], [-43.920334, -22.528807], [-43.920041, -22.52866], [-43.919282, -22.528258], [-43.91918, -22.528212], [-43.918968, -22.528135], [-43.918858, -22.528103], [-43.918632, -22.528061], [-43.918088, -22.527967], [-43.917978, -22.527945], [-43.91745, -22.527823], [-43.917229, -22.527766], [-43.917124, -22.527719], [-43.916942, -22.527594], [-43.916844, -22.527538], [-43.916633, -22.527451], [-43.916313, -22.52731], [-43.916211, -22.527252], [-43.916128, -22.527174], [-43.916091, -22.527071], [-43.916104, -22.526961], [-43.916196, -22.526643], [-43.91622, -22.526536], [-43.916214, -22.526426], [-43.916174, -22.526324], [-43.916113, -22.52623], [-43.916044, -22.526142], [-43.915804, -22.525901], [-43.915716, -22.52583], [-43.915621, -22.525765], [-43.915522, -22.525704], [-43.915415, -22.525658], [-43.915194, -22.525581], [-43.915082, -22.525547], [-43.914967, -22.525526], [-43.914503, -22.525463], [-43.914388, -22.525442], [-43.913821, -22.525323], [-43.913155, -22.525191], [-43.912902, -22.525144], [-43.912671, -22.525089], [-43.912554, -22.525067], [-43.912323, -22.525026], [-43.91186, -22.524953], [-43.911287, -22.524847], [-43.910248, -22.52468], [-43.910143, -22.524633], [-43.910069, -22.524549], [-43.910011, -22.524452], [-43.909945, -22.524361], [-43.909743, -22.52413], [-43.909589, -22.523965], [-43.909266, -22.523644], [-43.909032, -22.523401], [-43.908964, -22.523317], [-43.90884, -22.523146], [-43.908769, -22.523062], [-43.908608, -22.52291], [-43.908536, -22.522822], [-43.908286, -22.522459], [-43.908217, -22.522373], [-43.908074, -22.522205], [-43.907997, -22.522126], [-43.907907, -22.522061], [-43.907612, -22.521879], [-43.907412, -22.521762], [-43.90731, -22.521709], [-43.907212, -22.521651], [-43.90701, -22.521555], [-43.906918, -22.521504], [-43.906833, -22.521434], [-43.906765, -22.521348], [-43.90672, -22.521251], [-43.906669, -22.521044], [-43.906637, -22.520947], [-43.906572, -22.520795], [-43.906509, -22.520706], [-43.906346, -22.52055], [-43.906264, -22.520479], [-43.906072, -22.52035], [-43.905904, -22.520215], [-43.905716, -22.520078], [-43.90541, -22.519822], [-43.905321, -22.519753], [-43.904921, -22.519459], [-43.904479, -22.519118], [-43.90438, -22.519057], [-43.904168, -22.518961], [-43.904065, -22.518907], [-43.903907, -22.518808], [-43.903806, -22.518761], [-43.903525, -22.518689], [-43.90342, -22.518653], [-43.90312, -22.51853], [-43.903014, -22.518489], [-43.902903, -22.518452], [-43.901881, -22.518151], [-43.901774, -22.518113], [-43.901668, -22.518069], [-43.901569, -22.518021], [-43.901481, -22.517968], [-43.901288, -22.517845], [-43.900904, -22.517592], [-43.900285, -22.517193], [-43.900193, -22.517125], [-43.90011, -22.517048], [-43.900043, -22.51698], [-43.899831, -22.516752], [-43.89975, -22.51668], [-43.899315, -22.516319], [-43.899238, -22.516243], [-43.899101, -22.516081], [-43.899028, -22.516009], [-43.898947, -22.51594], [-43.898859, -22.51587], [-43.898679, -22.515736], [-43.898193, -22.515308], [-43.898105, -22.515236], [-43.898011, -22.515169], [-43.897841, -22.515071], [-43.896994, -22.514635], [-43.896785, -22.514533], [-43.896681, -22.514487], [-43.896577, -22.514446], [-43.896466, -22.514405], [-43.896354, -22.51437], [-43.896247, -22.514328], [-43.896135, -22.514291], [-43.896022, -22.514263], [-43.895906, -22.51424], [-43.895446, -22.514164], [-43.895097, -22.514111], [-43.894984, -22.514081], [-43.894656, -22.513953], [-43.894441, -22.513859], [-43.894341, -22.513798], [-43.893976, -22.513522], [-43.893875, -22.513462], [-43.893763, -22.513425], [-43.893647, -22.513416], [-43.893297, -22.513433], [-43.892806, -22.513452], [-43.892576, -22.513457], [-43.892461, -22.51347], [-43.892227, -22.513503], [-43.891998, -22.513541], [-43.891774, -22.513584], [-43.891449, -22.513622], [-43.891334, -22.513642], [-43.891109, -22.513689], [-43.890995, -22.513708], [-43.890878, -22.51371], [-43.890765, -22.513685], [-43.890661, -22.513634], [-43.890571, -22.513563], [-43.890496, -22.513482], [-43.89044, -22.513389], [-43.89036, -22.513308], [-43.890261, -22.513252], [-43.890148, -22.513217], [-43.89003, -22.513212], [-43.889914, -22.513227], [-43.889683, -22.513271], [-43.889333, -22.513311], [-43.888884, -22.513374], [-43.888531, -22.513405], [-43.888419, -22.51341], [-43.888203, -22.513408], [-43.887155, -22.513373], [-43.88704, -22.513375], [-43.886924, -22.513392], [-43.886792, -22.513443], [-43.886478, -22.513598], [-43.885796, -22.513952], [-43.885526, -22.514099], [-43.885075, -22.514365], [-43.884886, -22.514472], [-43.884784, -22.514525], [-43.884564, -22.514603], [-43.884345, -22.514666], [-43.884035, -22.514766], [-43.883997, -22.514782], [-43.883895, -22.514809], [-43.883573, -22.514908], [-43.883471, -22.514945], [-43.883282, -22.515036], [-43.883185, -22.515074], [-43.882873, -22.515183], [-43.882545, -22.51529], [-43.882435, -22.51532], [-43.882321, -22.515344], [-43.882205, -22.515358], [-43.882088, -22.515364], [-43.881971, -22.515361], [-43.881858, -22.515345], [-43.881746, -22.515323], [-43.881635, -22.515292], [-43.88153, -22.515251], [-43.881426, -22.515202], [-43.881323, -22.51515], [-43.880911, -22.514931], [-43.880607, -22.514776], [-43.88035, -22.514631], [-43.880259, -22.514583], [-43.880082, -22.514501], [-43.879777, -22.514345], [-43.879676, -22.514288], [-43.87939, -22.514093], [-43.879193, -22.513973], [-43.878918, -22.513787], [-43.878792, -22.513706], [-43.878491, -22.513521], [-43.878011, -22.513208], [-43.877727, -22.513018], [-43.876928, -22.512566], [-43.87683, -22.512517], [-43.876727, -22.512474], [-43.876622, -22.51244], [-43.876521, -22.512411], [-43.876418, -22.512388], [-43.876313, -22.512372], [-43.876197, -22.512362], [-43.876139, -22.512361], [-43.876024, -22.512366], [-43.875792, -22.512389], [-43.875676, -22.512391], [-43.87556, -22.512388], [-43.875324, -22.512374], [-43.875206, -22.512373], [-43.875087, -22.512373], [-43.87473, -22.512391], [-43.874616, -22.512412], [-43.8744, -22.512462], [-43.874298, -22.512478], [-43.873976, -22.512554], [-43.873868, -22.512572], [-43.873211, -22.512652], [-43.873101, -22.512665], [-43.872988, -22.512671], [-43.872648, -22.51267], [-43.872424, -22.512661], [-43.872311, -22.51265], [-43.871977, -22.5126], [-43.871762, -22.512565], [-43.871433, -22.512502], [-43.871321, -22.512489], [-43.870881, -22.51233], [-43.87066, -22.512257], [-43.870549, -22.512217], [-43.870449, -22.512165], [-43.87015, -22.511986], [-43.869542, -22.511647], [-43.869347, -22.511548], [-43.869256, -22.51149], [-43.869159, -22.511447], [-43.868865, -22.511367], [-43.868766, -22.511347], [-43.868563, -22.511327], [-43.86846, -22.511328], [-43.868249, -22.511342], [-43.868137, -22.511358], [-43.867465, -22.511488], [-43.867237, -22.511529], [-43.86713, -22.511555], [-43.86703, -22.51159], [-43.866929, -22.511618], [-43.866723, -22.511661], [-43.866392, -22.511725], [-43.866275, -22.511739], [-43.866112, -22.511749], [-43.865993, -22.511744], [-43.865881, -22.511726], [-43.865769, -22.511703], [-43.865659, -22.511667], [-43.865549, -22.511623], [-43.865343, -22.511521], [-43.865236, -22.511476], [-43.865131, -22.511441], [-43.865018, -22.511416], [-43.86491, -22.511402], [-43.864797, -22.511397], [-43.864688, -22.511396], [-43.864581, -22.511414], [-43.864373, -22.511478], [-43.86405, -22.511551], [-43.863942, -22.511584], [-43.863745, -22.511653], [-43.863293, -22.511792], [-43.863063, -22.511846], [-43.862836, -22.511903], [-43.862605, -22.511953], [-43.862492, -22.511985], [-43.862385, -22.51203], [-43.862079, -22.512186], [-43.86198, -22.512245], [-43.861504, -22.512555], [-43.860743, -22.513066], [-43.860653, -22.513133], [-43.860062, -22.513612], [-43.859979, -22.513688], [-43.859905, -22.51377], [-43.859763, -22.513939], [-43.859696, -22.514027], [-43.85964, -22.514122], [-43.859536, -22.514318], [-43.85943, -22.51451], [-43.859383, -22.51461], [-43.85935, -22.514713], [-43.859266, -22.515032], [-43.859178, -22.515347], [-43.859135, -22.515447], [-43.859079, -22.515544], [-43.859011, -22.515632], [-43.858931, -22.515713], [-43.858845, -22.515784], [-43.858654, -22.515912], [-43.858072, -22.516243], [-43.857479, -22.516568], [-43.857078, -22.516799], [-43.856976, -22.516848], [-43.856869, -22.516882], [-43.856762, -22.516906], [-43.856657, -22.516922], [-43.85612, -22.516975], [-43.856009, -22.516989], [-43.855903, -22.517008], [-43.855345, -22.517073], [-43.854617, -22.517147], [-43.85452, -22.517154], [-43.854316, -22.517156], [-43.854204, -22.517165], [-43.853971, -22.517199], [-43.853511, -22.517288], [-43.8534, -22.517313], [-43.85329, -22.517351], [-43.853173, -22.517396], [-43.853064, -22.517444], [-43.852759, -22.517611], [-43.852655, -22.517662], [-43.852557, -22.517715], [-43.85246, -22.517776], [-43.852373, -22.517844], [-43.852293, -22.51792], [-43.852219, -22.518002], [-43.852093, -22.518172], [-43.852039, -22.518257], [-43.851795, -22.518678], [-43.851709, -22.518857], [-43.85158, -22.519166], [-43.851535, -22.51926], [-43.851481, -22.519354], [-43.851241, -22.519748], [-43.851142, -22.519921], [-43.850919, -22.520287], [-43.850856, -22.520376], [-43.850782, -22.520456], [-43.850719, -22.520541], [-43.850663, -22.520628], [-43.85053, -22.520884], [-43.850471, -22.520961], [-43.850407, -22.521037], [-43.850329, -22.521108], [-43.849943, -22.521337], [-43.849844, -22.521393], [-43.849742, -22.521444], [-43.849546, -22.521564], [-43.849444, -22.521617], [-43.849235, -22.521717], [-43.849127, -22.521763], [-43.849017, -22.521802], [-43.848908, -22.521845], [-43.848802, -22.521892], [-43.848194, -22.522209], [-43.848102, -22.522268], [-43.848019, -22.522335], [-43.847881, -22.522475], [-43.847807, -22.52254], [-43.847648, -22.522669], [-43.847561, -22.52273], [-43.847463, -22.522787], [-43.847361, -22.52284], [-43.847083, -22.522996], [-43.846987, -22.523062], [-43.846809, -22.523191], [-43.846723, -22.523267], [-43.846567, -22.523429], [-43.846492, -22.523513], [-43.846419, -22.523601], [-43.846356, -22.523691], [-43.846077, -22.524167], [-43.846029, -22.524253], [-43.845984, -22.524345], [-43.845951, -22.524442], [-43.845908, -22.52453], [-43.845848, -22.524621], [-43.845797, -22.524707], [-43.845732, -22.524789], [-43.845678, -22.524843], [-43.845611, -22.524928], [-43.845479, -22.525112], [-43.845355, -22.525297], [-43.845288, -22.525387], [-43.845134, -22.525544], [-43.845052, -22.525614], [-43.844868, -22.525736], [-43.844773, -22.525788], [-43.844667, -22.525822], [-43.84455, -22.525837], [-43.844431, -22.525844], [-43.844313, -22.525832], [-43.844194, -22.525817], [-43.844084, -22.52578], [-43.843979, -22.525727], [-43.843882, -22.525664], [-43.843791, -22.525593], [-43.843511, -22.525388], [-43.843246, -22.525172], [-43.843066, -22.525041], [-43.842972, -22.524977], [-43.842833, -22.524897], [-43.842029, -22.524484], [-43.841802, -22.524381], [-43.841691, -22.524343], [-43.841229, -22.524245], [-43.841119, -22.524212], [-43.840798, -22.5241], [-43.840689, -22.524057], [-43.840387, -22.523911], [-43.84012, -22.523802], [-43.840019, -22.523752], [-43.839929, -22.523688], [-43.839841, -22.52362], [-43.839649, -22.523492], [-43.83955, -22.523434], [-43.839445, -22.52339], [-43.839335, -22.523352], [-43.839224, -22.523317], [-43.838997, -22.523256], [-43.838882, -22.523231], [-43.838427, -22.523154], [-43.838308, -22.523142], [-43.838189, -22.523139], [-43.838072, -22.523143], [-43.837954, -22.523152], [-43.837838, -22.523172], [-43.837618, -22.523235], [-43.83731, -22.523344], [-43.837207, -22.523372], [-43.837096, -22.523396], [-43.836995, -22.523398], [-43.83689, -22.523375], [-43.836751, -22.52333], [-43.836645, -22.523282], [-43.836546, -22.52322], [-43.836362, -22.523087], [-43.836078, -22.522893], [-43.835982, -22.522828], [-43.835882, -22.522768], [-43.835776, -22.522724], [-43.835442, -22.522616], [-43.835331, -22.522575], [-43.83523, -22.522522], [-43.835134, -22.522456], [-43.834972, -22.522296], [-43.834898, -22.52221], [-43.834688, -22.521949], [-43.834537, -22.521777], [-43.834211, -22.521465], [-43.833955, -22.521235], [-43.833689, -22.521013], [-43.833252, -22.52064], [-43.832901, -22.520349], [-43.832735, -22.520191], [-43.832658, -22.520108], [-43.83253, -22.519939], [-43.832458, -22.519851], [-43.832108, -22.519557], [-43.832011, -22.519497], [-43.831911, -22.519447], [-43.831755, -22.519385], [-43.831694, -22.519365], [-43.831584, -22.519336], [-43.831469, -22.519312], [-43.831352, -22.519297], [-43.831234, -22.519293], [-43.831114, -22.519295], [-43.831002, -22.519308], [-43.830896, -22.519325], [-43.83079, -22.519337], [-43.830678, -22.519338], [-43.830565, -22.519327], [-43.830457, -22.519305], [-43.830353, -22.519278], [-43.830135, -22.519209], [-43.829942, -22.519138], [-43.829738, -22.519051], [-43.829635, -22.519001], [-43.82936, -22.518857], [-43.829076, -22.518701], [-43.828875, -22.518597], [-43.828781, -22.51854], [-43.828595, -22.51842], [-43.828504, -22.518357], [-43.828424, -22.518284], [-43.828354, -22.518195], [-43.828174, -22.517906], [-43.828101, -22.517824], [-43.827842, -22.517602], [-43.82776, -22.517524], [-43.827678, -22.517445], [-43.827602, -22.517364], [-43.827532, -22.517281], [-43.827406, -22.517115], [-43.827234, -22.516852], [-43.82712, -22.516665], [-43.827061, -22.516548], [-43.827018, -22.516446], [-43.826957, -22.516352], [-43.826743, -22.516094], [-43.826422, -22.515781], [-43.826342, -22.515699], [-43.826266, -22.515614], [-43.8262, -22.515527], [-43.82614, -22.515438], [-43.826075, -22.515354], [-43.825921, -22.515193], [-43.825767, -22.515046], [-43.825622, -22.514892], [-43.825349, -22.514544], [-43.825285, -22.514457], [-43.825218, -22.514376], [-43.82499, -22.514154], [-43.824595, -22.513792], [-43.822515, -22.511996], [-43.822072, -22.511639], [-43.822003, -22.511577], [-43.821761, -22.511341], [-43.821689, -22.511264], [-43.821624, -22.511177], [-43.821511, -22.510984], [-43.821394, -22.510798], [-43.821329, -22.51071], [-43.821252, -22.510629], [-43.821163, -22.510558], [-43.821072, -22.5105], [-43.82067, -22.510286], [-43.820572, -22.510239], [-43.820461, -22.510202], [-43.820131, -22.510122], [-43.820018, -22.510102], [-43.818867, -22.509935], [-43.818748, -22.509931], [-43.818401, -22.509944], [-43.818161, -22.509971], [-43.81785, -22.510011], [-43.817739, -22.510018], [-43.817393, -22.510061], [-43.817276, -22.510079], [-43.816747, -22.510149], [-43.816403, -22.5102], [-43.816171, -22.51025], [-43.81597, -22.5103], [-43.815863, -22.51033], [-43.815753, -22.510351], [-43.81553, -22.510414], [-43.815315, -22.510483], [-43.815208, -22.510519], [-43.815106, -22.510565], [-43.815007, -22.5106], [-43.814577, -22.510742], [-43.814359, -22.510827], [-43.813942, -22.510995], [-43.813527, -22.511139], [-43.813329, -22.511214], [-43.813218, -22.511221], [-43.813137, -22.511212], [-43.813023, -22.511221], [-43.81256, -22.51121], [-43.811745, -22.511179], [-43.811035, -22.511141], [-43.810211, -22.511084], [-43.809394, -22.511014], [-43.808596, -22.510931], [-43.808143, -22.510878], [-43.807596, -22.510809], [-43.807409, -22.51079], [-43.807294, -22.510774], [-43.807179, -22.510748], [-43.807068, -22.51071], [-43.806961, -22.510662], [-43.806467, -22.510423], [-43.806041, -22.510207], [-43.805943, -22.510154], [-43.805126, -22.509752], [-43.804923, -22.509646], [-43.804725, -22.509534], [-43.804518, -22.509426], [-43.80415, -22.509272], [-43.804066, -22.509234], [-43.803788, -22.509083], [-43.803679, -22.509036], [-43.803454, -22.508965], [-43.803233, -22.508886], [-43.803016, -22.508795], [-43.802698, -22.508652], [-43.802376, -22.508515], [-43.802268, -22.508464], [-43.801665, -22.508114], [-43.801358, -22.507948], [-43.800757, -22.507596], [-43.800347, -22.50737], [-43.800141, -22.507261], [-43.799847, -22.507079], [-43.799646, -22.506964], [-43.799347, -22.506786], [-43.798942, -22.50656], [-43.798641, -22.506386], [-43.798539, -22.506332], [-43.798328, -22.50623], [-43.798229, -22.506174], [-43.798134, -22.506109], [-43.796929, -22.505415], [-43.796526, -22.50519], [-43.796218, -22.505034], [-43.796121, -22.50497], [-43.79603, -22.504903], [-43.795927, -22.504849], [-43.795418, -22.504629], [-43.7953, -22.504573], [-43.795007, -22.504405], [-43.794291, -22.504015], [-43.793471, -22.503572], [-43.791629, -22.502565], [-43.791115, -22.502287], [-43.790811, -22.502119], [-43.790709, -22.502064], [-43.790604, -22.502016], [-43.790505, -22.501954], [-43.7903, -22.501847], [-43.789978, -22.501705], [-43.78987, -22.501663], [-43.789334, -22.501435], [-43.789099, -22.501345], [-43.788768, -22.501223], [-43.788102, -22.500987], [-43.787878, -22.500913], [-43.787771, -22.500868], [-43.787671, -22.500809], [-43.787581, -22.500742], [-43.787394, -22.500613], [-43.787113, -22.500428], [-43.786979, -22.500332], [-43.78632, -22.499888], [-43.785947, -22.499625], [-43.785848, -22.499564], [-43.785754, -22.4995], [-43.78567, -22.499423], [-43.785431, -22.499181], [-43.784584, -22.49831], [-43.784496, -22.498238], [-43.784307, -22.498111], [-43.783919, -22.497868], [-43.783524, -22.497625], [-43.78333, -22.497501], [-43.783233, -22.497436], [-43.783144, -22.497371], [-43.782978, -22.497221], [-43.782606, -22.496987], [-43.782124, -22.496697], [-43.782015, -22.496628], [-43.781626, -22.496375], [-43.781217, -22.496117], [-43.780929, -22.495925], [-43.780732, -22.4958], [-43.780471, -22.495649], [-43.779368, -22.495029], [-43.779118, -22.494884], [-43.778341, -22.494449], [-43.778247, -22.494385], [-43.777874, -22.494063], [-43.777791, -22.493985], [-43.777456, -22.493642], [-43.777067, -22.493233], [-43.776907, -22.49307], [-43.776743, -22.492918], [-43.776498, -22.492704], [-43.776416, -22.492625], [-43.776215, -22.492417], [-43.775903, -22.492113], [-43.77551, -22.491719], [-43.775348, -22.491555], [-43.775271, -22.491469], [-43.775134, -22.491299], [-43.775073, -22.491204], [-43.775018, -22.491111], [-43.774971, -22.491014], [-43.774941, -22.490913], [-43.774916, -22.490812], [-43.774705, -22.490045], [-43.774657, -22.489854], [-43.774628, -22.48976], [-43.774583, -22.489667], [-43.774523, -22.489575], [-43.774447, -22.489491], [-43.774361, -22.489419], [-43.774177, -22.48928], [-43.774086, -22.489213], [-43.773812, -22.489028], [-43.77354, -22.488837], [-43.773168, -22.488572], [-43.773077, -22.488502], [-43.772651, -22.488131], [-43.772066, -22.487609], [-43.771986, -22.487529], [-43.771917, -22.487442], [-43.771721, -22.487169], [-43.771663, -22.487072], [-43.771622, -22.486972], [-43.771466, -22.486561], [-43.771436, -22.48646], [-43.771386, -22.486255], [-43.771218, -22.485522], [-43.771185, -22.485416], [-43.771137, -22.485315], [-43.771076, -22.485221], [-43.771002, -22.48514], [-43.770828, -22.484991], [-43.770741, -22.48492], [-43.770467, -22.484709], [-43.770286, -22.484566], [-43.769487, -22.483921], [-43.769142, -22.483625], [-43.769057, -22.483557], [-43.768894, -22.483406], [-43.768689, -22.483202], [-43.768537, -22.483055], [-43.768385, -22.482917], [-43.767916, -22.482508], [-43.767841, -22.482427], [-43.767778, -22.482331], [-43.767709, -22.48224], [-43.767637, -22.482154], [-43.767489, -22.481991], [-43.767419, -22.481902], [-43.767243, -22.481639], [-43.767178, -22.481555], [-43.767101, -22.481479], [-43.76678, -22.481215], [-43.766266, -22.480694], [-43.766189, -22.480621], [-43.766092, -22.480557], [-43.765813, -22.480363], [-43.765435, -22.480112], [-43.765143, -22.479935], [-43.764757, -22.479687], [-43.764668, -22.479617], [-43.764489, -22.479445], [-43.7644, -22.47937], [-43.764311, -22.479304], [-43.763824, -22.478991], [-43.76373, -22.478924], [-43.763624, -22.478838], [-43.763533, -22.478776], [-43.763206, -22.478584], [-43.762951, -22.478413], [-43.762867, -22.478346], [-43.762788, -22.47827], [-43.762726, -22.478199], [-43.762669, -22.478117], [-43.762618, -22.478018], [-43.762583, -22.477915], [-43.762563, -22.477807], [-43.762554, -22.477698], [-43.762563, -22.477478], [-43.762546, -22.477054], [-43.76253, -22.476741], [-43.762524, -22.476548], [-43.762516, -22.476444], [-43.762501, -22.476341], [-43.762474, -22.47624], [-43.762345, -22.475905], [-43.762292, -22.475812], [-43.762229, -22.47572], [-43.762098, -22.475544], [-43.762024, -22.475455], [-43.761947, -22.475371], [-43.761866, -22.475296], [-43.761692, -22.475147], [-43.761352, -22.47484], [-43.761264, -22.474767], [-43.761171, -22.474702], [-43.761073, -22.474641], [-43.760971, -22.474585], [-43.76087, -22.474522], [-43.760772, -22.474467], [-43.760674, -22.474408], [-43.760584, -22.474337], [-43.760332, -22.474109], [-43.759997, -22.473798], [-43.759757, -22.473553], [-43.759669, -22.473481], [-43.759573, -22.473418], [-43.759472, -22.473361], [-43.759264, -22.47326], [-43.759157, -22.473213], [-43.758938, -22.473127], [-43.758832, -22.473082], [-43.758191, -22.472799], [-43.758091, -22.472748], [-43.758, -22.472678], [-43.757926, -22.472592], [-43.757868, -22.472496], [-43.75771, -22.472203], [-43.757538, -22.471912], [-43.757475, -22.471785], [-43.757431, -22.471687], [-43.757372, -22.471592], [-43.756867, -22.470935], [-43.756792, -22.470855], [-43.756705, -22.470789], [-43.756603, -22.470735], [-43.756575, -22.470723], [-43.756497, -22.470698], [-43.756393, -22.470678], [-43.756292, -22.470669], [-43.756088, -22.470657], [-43.755872, -22.470636], [-43.755527, -22.470608], [-43.755407, -22.470596], [-43.755298, -22.470575], [-43.755102, -22.470521], [-43.75501, -22.470484], [-43.754925, -22.470434], [-43.754773, -22.470311], [-43.754704, -22.47024], [-43.754441, -22.469945], [-43.753922, -22.469392], [-43.753619, -22.469053], [-43.753554, -22.468962], [-43.753498, -22.468864], [-43.753347, -22.468621], [-43.753195, -22.46835], [-43.753048, -22.468073], [-43.752938, -22.467888], [-43.752824, -22.467709], [-43.75276, -22.467625], [-43.752686, -22.467546], [-43.752608, -22.467473], [-43.752486, -22.467383], [-43.752407, -22.467335], [-43.752267, -22.467273], [-43.752185, -22.467231], [-43.751954, -22.467102], [-43.751871, -22.467046], [-43.751788, -22.466971], [-43.75171, -22.466876], [-43.751645, -22.466785], [-43.751588, -22.46669], [-43.751502, -22.466557], [-43.751389, -22.466366], [-43.751268, -22.466177], [-43.751191, -22.466093], [-43.751023, -22.465947], [-43.750934, -22.465876], [-43.750832, -22.465823], [-43.750684, -22.465776], [-43.750569, -22.465758], [-43.750412, -22.465752], [-43.750295, -22.465733], [-43.750181, -22.465701], [-43.750075, -22.465654], [-43.749784, -22.465475], [-43.749435, -22.465271], [-43.749337, -22.465211], [-43.74925, -22.465136], [-43.749161, -22.465045], [-43.749086, -22.46496], [-43.748796, -22.464591], [-43.748668, -22.46441], [-43.748483, -22.46416], [-43.748424, -22.464074], [-43.748045, -22.463405], [-43.748003, -22.463308], [-43.747971, -22.463202], [-43.747933, -22.463099], [-43.74785, -22.462894], [-43.747799, -22.462795], [-43.747731, -22.462707], [-43.747566, -22.462554], [-43.747477, -22.462479], [-43.747206, -22.462267], [-43.747121, -22.462195], [-43.746977, -22.462079], [-43.746884, -22.462012], [-43.746662, -22.461866], [-43.746475, -22.461733], [-43.746276, -22.461611], [-43.746179, -22.461547], [-43.745863, -22.461355], [-43.745669, -22.461231], [-43.745564, -22.461176], [-43.745521, -22.461159], [-43.745423, -22.461102], [-43.745244, -22.460964], [-43.74515, -22.4609], [-43.744952, -22.460774], [-43.744859, -22.460709], [-43.744788, -22.460656], [-43.744704, -22.460579], [-43.744628, -22.460494], [-43.74456, -22.460405], [-43.744499, -22.460311], [-43.744444, -22.460215], [-43.744251, -22.459819], [-43.744015, -22.459312], [-43.743965, -22.459213], [-43.743908, -22.459116], [-43.743719, -22.458834], [-43.74359, -22.458657], [-43.743515, -22.458561], [-43.743307, -22.458319], [-43.743078, -22.458087], [-43.742993, -22.457987], [-43.742915, -22.457908], [-43.742826, -22.457844], [-43.742544, -22.45766], [-43.742351, -22.457538], [-43.741945, -22.457319], [-43.74154, -22.457107], [-43.74145, -22.457047], [-43.741385, -22.45699], [-43.741131, -22.456788], [-43.740963, -22.456646], [-43.740707, -22.456436], [-43.740535, -22.456305], [-43.740445, -22.456242], [-43.740347, -22.456182], [-43.740244, -22.456127], [-43.739941, -22.455981], [-43.739845, -22.455928], [-43.739767, -22.455874], [-43.739688, -22.455803], [-43.73962, -22.455718], [-43.739506, -22.455528], [-43.739399, -22.455335], [-43.739299, -22.455145], [-43.739189, -22.454958], [-43.739035, -22.454664], [-43.738978, -22.454565], [-43.738861, -22.454373], [-43.738736, -22.454193], [-43.738668, -22.454105], [-43.738517, -22.453943], [-43.738349, -22.453793], [-43.738259, -22.453717], [-43.737758, -22.453314], [-43.737399, -22.453041], [-43.737303, -22.452973], [-43.737206, -22.452913], [-43.736997, -22.452812], [-43.73689, -22.452769], [-43.736593, -22.452676], [-43.736498, -22.452664], [-43.736405, -22.452666], [-43.735681, -22.452497], [-43.735154, -22.452391], [-43.735045, -22.452355], [-43.734733, -22.45222], [-43.734636, -22.452164], [-43.733146, -22.451082], [-43.733046, -22.451021], [-43.732938, -22.450971], [-43.732832, -22.450936], [-43.732722, -22.450908], [-43.732187, -22.450783], [-43.731628, -22.450657], [-43.731068, -22.450539], [-43.730472, -22.450424], [-43.730253, -22.450386], [-43.729905, -22.450333], [-43.729751, -22.450303], [-43.729635, -22.450276], [-43.729407, -22.450235], [-43.729176, -22.450199], [-43.729063, -22.450176], [-43.728954, -22.45015], [-43.728901, -22.450132], [-43.728796, -22.450089], [-43.728697, -22.450036], [-43.728543, -22.449914], [-43.728472, -22.449829], [-43.728414, -22.449738], [-43.728303, -22.44954], [-43.728188, -22.449352], [-43.727996, -22.44906], [-43.727942, -22.448986], [-43.727248, -22.448103], [-43.727169, -22.448022], [-43.727, -22.44787], [-43.72691, -22.447798], [-43.726752, -22.44765], [-43.726587, -22.44751], [-43.726415, -22.447358], [-43.726333, -22.447278], [-43.726265, -22.447191], [-43.72609, -22.446905], [-43.725776, -22.446441], [-43.725606, -22.446156], [-43.725493, -22.445963], [-43.72544, -22.445863], [-43.72538, -22.445768], [-43.725191, -22.445488], [-43.725132, -22.445396], [-43.725075, -22.4453], [-43.724855, -22.444911], [-43.72481, -22.444808], [-43.72475, -22.444596], [-43.72473, -22.444488], [-43.724722, -22.444271], [-43.724699, -22.443943], [-43.724695, -22.443832], [-43.724706, -22.443722], [-43.724779, -22.443397], [-43.724808, -22.44329], [-43.724908, -22.442997], [-43.724954, -22.442898], [-43.72507, -22.442706], [-43.725513, -22.442038], [-43.725693, -22.441757], [-43.72588, -22.441477], [-43.726118, -22.441095], [-43.726358, -22.440702], [-43.72641, -22.440602], [-43.726449, -22.440498], [-43.726485, -22.440393], [-43.72651, -22.440286], [-43.72652, -22.440176], [-43.726508, -22.440067], [-43.726466, -22.439905], [-43.72643, -22.4398], [-43.726151, -22.439074], [-43.726075, -22.438867], [-43.726031, -22.438765], [-43.725971, -22.438669], [-43.725897, -22.438582], [-43.725809, -22.438511], [-43.725712, -22.438447], [-43.725516, -22.438325], [-43.725162, -22.438117], [-43.725071, -22.43805], [-43.724997, -22.437962], [-43.724886, -22.437775], [-43.724621, -22.437308], [-43.724279, -22.436743], [-43.724225, -22.436649], [-43.724118, -22.43645], [-43.724063, -22.436372], [-43.723993, -22.436298], [-43.723895, -22.436221], [-43.723619, -22.436056], [-43.723531, -22.436016], [-43.72334, -22.435948], [-43.722586, -22.435704], [-43.722478, -22.435659], [-43.722376, -22.435604], [-43.72228, -22.435539], [-43.722195, -22.435465], [-43.722121, -22.435386], [-43.722055, -22.435298], [-43.721997, -22.435207], [-43.721896, -22.435023], [-43.721604, -22.434456], [-43.721514, -22.434272], [-43.721466, -22.434184], [-43.721409, -22.434101], [-43.721346, -22.434019], [-43.721274, -22.43395], [-43.721198, -22.433895], [-43.721043, -22.433802], [-43.720916, -22.433719], [-43.720502, -22.433468], [-43.720354, -22.433371], [-43.719903, -22.433103], [-43.719614, -22.432939], [-43.719522, -22.432871], [-43.719463, -22.43278], [-43.71944, -22.432675], [-43.719439, -22.432567], [-43.719443, -22.43247], [-43.71944, -22.43236], [-43.71941, -22.432255], [-43.719347, -22.432163], [-43.719264, -22.432086], [-43.719179, -22.432012], [-43.719004, -22.431869], [-43.718775, -22.431673], [-43.718599, -22.431531], [-43.718519, -22.431458], [-43.718369, -22.431296], [-43.718149, -22.431041], [-43.717949, -22.430815], [-43.717881, -22.430726], [-43.717748, -22.430496], [-43.717706, -22.430396], [-43.7177, -22.430287], [-43.71778, -22.429854], [-43.71781, -22.429753], [-43.717866, -22.429658], [-43.717898, -22.429559], [-43.717986, -22.429022], [-43.717986, -22.428913], [-43.7179, -22.428407], [-43.717887, -22.428298], [-43.717888, -22.42819], [-43.717943, -22.427837], [-43.717958, -22.427731], [-43.717968, -22.427624], [-43.717975, -22.42742], [-43.717974, -22.427318], [-43.717954, -22.427214], [-43.717921, -22.427114], [-43.717869, -22.427022], [-43.7178, -22.42694], [-43.717712, -22.426866], [-43.717071, -22.426395], [-43.716976, -22.426339], [-43.716915, -22.426309], [-43.716342, -22.426066], [-43.716239, -22.42602], [-43.716043, -22.425909], [-43.715656, -22.425682], [-43.715551, -22.42564], [-43.715443, -22.425601], [-43.715346, -22.425544], [-43.715162, -22.425418], [-43.715062, -22.425356], [-43.714959, -22.425306], [-43.714745, -22.425222], [-43.71464, -22.425175], [-43.714544, -22.425124], [-43.714265, -22.424953], [-43.714161, -22.424912], [-43.713944, -22.424863], [-43.71384, -22.424826], [-43.713538, -22.424699], [-43.71332, -22.424644], [-43.713097, -22.424579], [-43.713033, -22.424567], [-43.712921, -22.42453], [-43.712814, -22.424489], [-43.712707, -22.424444], [-43.712605, -22.42439], [-43.712512, -22.424327], [-43.712425, -22.424258], [-43.712344, -22.424181], [-43.71227, -22.424099], [-43.712066, -22.423851], [-43.711727, -22.423429], [-43.711649, -22.423355], [-43.711293, -22.42292], [-43.71095, -22.422509], [-43.710882, -22.422422], [-43.710812, -22.422342], [-43.710384, -22.421882], [-43.710027, -22.421478], [-43.709951, -22.421399], [-43.709796, -22.421251], [-43.709721, -22.421172], [-43.709572, -22.421004], [-43.709431, -22.420838], [-43.709193, -22.420607], [-43.709107, -22.420541], [-43.708815, -22.420366], [-43.708518, -22.420209], [-43.708326, -22.420103], [-43.70823, -22.420046], [-43.707856, -22.419796], [-43.707678, -22.419661], [-43.707307, -22.41939], [-43.706931, -22.419091], [-43.70676, -22.418944], [-43.706584, -22.418799], [-43.70623, -22.418516], [-43.70614, -22.41845], [-43.70536, -22.417958], [-43.705264, -22.417902], [-43.705064, -22.417796], [-43.704657, -22.417589], [-43.704559, -22.417529], [-43.704465, -22.417467], [-43.704376, -22.417404], [-43.703745, -22.416935], [-43.703648, -22.416875], [-43.703543, -22.416824], [-43.703441, -22.416784], [-43.703329, -22.416753], [-43.703216, -22.416732], [-43.703102, -22.416722], [-43.702879, -22.41671], [-43.702655, -22.416686], [-43.702546, -22.416668], [-43.702439, -22.416631], [-43.702336, -22.416591], [-43.702231, -22.416564], [-43.702016, -22.41653], [-43.701806, -22.416474], [-43.701596, -22.416383], [-43.701497, -22.416333], [-43.701403, -22.41627], [-43.701369, -22.416241], [-43.701308, -22.416205], [-43.701263, -22.416183], [-43.701158, -22.416147], [-43.700933, -22.41608], [-43.700818, -22.41605], [-43.700707, -22.416013], [-43.700596, -22.415968], [-43.700377, -22.415889], [-43.700149, -22.415838], [-43.700037, -22.415805], [-43.69993, -22.415764], [-43.699705, -22.415661], [-43.699596, -22.415621], [-43.699482, -22.415592], [-43.699365, -22.415578], [-43.69902, -22.415584], [-43.698465, -22.415658], [-43.698009, -22.415713], [-43.697553, -22.415776], [-43.696506, -22.415903], [-43.69614, -22.415951], [-43.695835, -22.415986], [-43.695723, -22.415994], [-43.69549, -22.415995], [-43.695375, -22.415978], [-43.69515, -22.415906], [-43.694822, -22.415793], [-43.694495, -22.415666], [-43.69439, -22.415617], [-43.694193, -22.415504], [-43.6939, -22.415321], [-43.693809, -22.415253], [-43.693567, -22.415007], [-43.693417, -22.414846], [-43.693356, -22.414765], [-43.69331, -22.414676], [-43.693235, -22.414509], [-43.693172, -22.41434], [-43.693087, -22.414069], [-43.693064, -22.413966], [-43.69303, -22.413756], [-43.692993, -22.413552], [-43.692971, -22.413457], [-43.692944, -22.413364], [-43.692911, -22.413266], [-43.692839, -22.41308], [-43.69269, -22.412728], [-43.692617, -22.412543], [-43.692514, -22.412369], [-43.692474, -22.412272], [-43.692447, -22.41217], [-43.692418, -22.411952], [-43.692375, -22.411735], [-43.692343, -22.41163], [-43.692208, -22.411328], [-43.69198, -22.41083], [-43.691873, -22.410528], [-43.691791, -22.410331], [-43.691616, -22.409971], [-43.69152, -22.40979], [-43.691466, -22.409696], [-43.691404, -22.409611], [-43.69137, -22.409571], [-43.69129, -22.409497], [-43.691098, -22.409369], [-43.690999, -22.409314], [-43.690794, -22.409221], [-43.690383, -22.409008], [-43.690278, -22.40896], [-43.690065, -22.408886], [-43.68996, -22.408836], [-43.689711, -22.408708], [-43.689613, -22.408642], [-43.689529, -22.408566], [-43.689455, -22.408479], [-43.689395, -22.408384], [-43.689344, -22.408288], [-43.689296, -22.408185], [-43.68912, -22.407784], [-43.689073, -22.407688], [-43.689021, -22.407593], [-43.688507, -22.40674], [-43.688323, -22.406449], [-43.68826, -22.406357], [-43.688192, -22.406269], [-43.688118, -22.406184], [-43.688038, -22.406105], [-43.687951, -22.406032], [-43.687861, -22.405964], [-43.687766, -22.405902], [-43.687668, -22.405843], [-43.687357, -22.405691], [-43.686821, -22.405458], [-43.686281, -22.405232], [-43.685853, -22.405049], [-43.685637, -22.404962], [-43.685429, -22.404871], [-43.685021, -22.404705], [-43.684918, -22.404657], [-43.684817, -22.404597], [-43.684728, -22.404528], [-43.684649, -22.404447], [-43.684425, -22.40419], [-43.684358, -22.404098], [-43.684242, -22.40391], [-43.684135, -22.40372], [-43.684077, -22.403626], [-43.684013, -22.403539], [-43.683864, -22.403357], [-43.68379, -22.403273], [-43.683555, -22.40303], [-43.683166, -22.402638], [-43.683095, -22.402556], [-43.68283, -22.402236], [-43.682762, -22.402156], [-43.68269, -22.402081], [-43.682209, -22.401613], [-43.682042, -22.401465], [-43.681949, -22.401403], [-43.68185, -22.401351], [-43.681692, -22.401282], [-43.681491, -22.401177], [-43.681388, -22.401128], [-43.681292, -22.401069], [-43.680934, -22.400789], [-43.680846, -22.400716], [-43.680763, -22.40064], [-43.680718, -22.400606], [-43.680665, -22.40057], [-43.680563, -22.400518], [-43.680454, -22.400477], [-43.680342, -22.400455], [-43.680233, -22.400444], [-43.680015, -22.40043], [-43.679907, -22.400419], [-43.679796, -22.400404], [-43.679686, -22.400383], [-43.679578, -22.400354], [-43.678732, -22.400058], [-43.678415, -22.399938], [-43.678315, -22.399892], [-43.678221, -22.399827], [-43.678147, -22.399748], [-43.678119, -22.39971], [-43.678077, -22.399613], [-43.678067, -22.399509], [-43.678073, -22.399402], [-43.678085, -22.399298], [-43.678082, -22.399204], [-43.678079, -22.39919], [-43.678044, -22.399092], [-43.677999, -22.398993], [-43.67792, -22.398846], [-43.677851, -22.398757], [-43.67779, -22.398662], [-43.67774, -22.398564], [-43.677706, -22.39846], [-43.677692, -22.398399], [-43.677673, -22.398191], [-43.677663, -22.398125], [-43.677651, -22.39793], [-43.677628, -22.397729], [-43.677606, -22.397627], [-43.677574, -22.397526], [-43.67753, -22.397428], [-43.677477, -22.397334], [-43.67741, -22.397242], [-43.677333, -22.397158], [-43.677246, -22.397082], [-43.677151, -22.397018], [-43.676562, -22.396673], [-43.675926, -22.39631], [-43.675834, -22.396247], [-43.675664, -22.396099], [-43.675423, -22.39588], [-43.674942, -22.395419], [-43.674875, -22.395332], [-43.674788, -22.395146], [-43.674743, -22.395033], [-43.674722, -22.394937], [-43.67468, -22.394623], [-43.674658, -22.394512], [-43.674607, -22.394304], [-43.674588, -22.394183], [-43.674522, -22.393686], [-43.674503, -22.393588], [-43.674475, -22.393494], [-43.674435, -22.393398], [-43.674379, -22.393301], [-43.674312, -22.393212], [-43.674234, -22.39313], [-43.674147, -22.393057], [-43.674052, -22.392994], [-43.673749, -22.392821], [-43.673351, -22.392587], [-43.673152, -22.392479], [-43.672842, -22.39232], [-43.672641, -22.392208], [-43.672356, -22.392026], [-43.672251, -22.39199], [-43.672137, -22.391979], [-43.671907, -22.391976], [-43.671792, -22.391988], [-43.671685, -22.39203], [-43.671594, -22.392096], [-43.671562, -22.392126], [-43.671484, -22.392205], [-43.67134, -22.392379], [-43.671262, -22.39246], [-43.671171, -22.39253], [-43.670875, -22.392708], [-43.670577, -22.392878], [-43.670475, -22.39293], [-43.670369, -22.392974], [-43.67026, -22.39301], [-43.670147, -22.393036], [-43.669991, -22.393057], [-43.669877, -22.393062], [-43.669759, -22.39306], [-43.669645, -22.39304], [-43.669534, -22.393004], [-43.669322, -22.392926], [-43.669117, -22.392842], [-43.668029, -22.392353], [-43.667495, -22.392149], [-43.667388, -22.392113], [-43.667278, -22.392081], [-43.667167, -22.392054], [-43.667054, -22.39203], [-43.666938, -22.39201], [-43.666708, -22.391977], [-43.666592, -22.391955], [-43.66648, -22.391924], [-43.666369, -22.391886], [-43.666261, -22.391836], [-43.66616, -22.391778], [-43.666066, -22.391713], [-43.665979, -22.39164], [-43.665898, -22.39156], [-43.665744, -22.391397], [-43.665203, -22.390813], [-43.665133, -22.390726], [-43.665003, -22.390546], [-43.664931, -22.390459], [-43.664849, -22.390381], [-43.664759, -22.390313], [-43.664659, -22.390255], [-43.664552, -22.390209], [-43.664223, -22.390091], [-43.664117, -22.390041], [-43.664019, -22.389986], [-43.663924, -22.389924], [-43.663838, -22.389855], [-43.663759, -22.389776], [-43.663609, -22.38961], [-43.663541, -22.389522], [-43.663492, -22.389422], [-43.663474, -22.389316], [-43.663474, -22.389207], [-43.663487, -22.388877], [-43.663485, -22.388767], [-43.663469, -22.388658], [-43.663439, -22.388552], [-43.663395, -22.388451], [-43.66334, -22.388356], [-43.663276, -22.388266], [-43.663205, -22.388187], [-43.663127, -22.388114], [-43.662796, -22.387851], [-43.662462, -22.387594], [-43.662381, -22.387527], [-43.662215, -22.387374], [-43.662137, -22.387293], [-43.661994, -22.387124], [-43.661725, -22.38678], [-43.661655, -22.386697], [-43.661422, -22.386434], [-43.661344, -22.386351], [-43.661187, -22.386195], [-43.661021, -22.38605], [-43.660941, -22.38597], [-43.66087, -22.385884], [-43.660804, -22.385791], [-43.660747, -22.385697], [-43.660697, -22.385597], [-43.660645, -22.385505], [-43.660422, -22.385125], [-43.660364, -22.385029], [-43.660302, -22.384941], [-43.660226, -22.384862], [-43.660138, -22.384792], [-43.660045, -22.384734], [-43.659941, -22.384688], [-43.659908, -22.384677], [-43.659832, -22.384658], [-43.659717, -22.384644], [-43.659612, -22.384641], [-43.659497, -22.384646], [-43.659383, -22.384656], [-43.658847, -22.38476], [-43.658627, -22.3848], [-43.658512, -22.384817], [-43.65828, -22.384826], [-43.658162, -22.384824], [-43.658047, -22.38481], [-43.657935, -22.384774], [-43.657829, -22.384726], [-43.657454, -22.38454], [-43.657344, -22.384499], [-43.657228, -22.384471], [-43.657118, -22.384429], [-43.656711, -22.384204], [-43.655974, -22.383859], [-43.655673, -22.383686], [-43.655581, -22.383629], [-43.655398, -22.383503], [-43.655311, -22.383448], [-43.655205, -22.383397], [-43.655104, -22.38336], [-43.654988, -22.383334], [-43.654877, -22.383321], [-43.654762, -22.383324], [-43.654529, -22.383338], [-43.654414, -22.383349], [-43.65422, -22.383382], [-43.654109, -22.38341], [-43.654001, -22.383446], [-43.653892, -22.383473], [-43.653337, -22.383587], [-43.653147, -22.383621], [-43.653037, -22.383645], [-43.652931, -22.383673], [-43.652831, -22.383712], [-43.652743, -22.383753], [-43.652676, -22.383792], [-43.6526, -22.38383], [-43.652501, -22.383893], [-43.652344, -22.384012], [-43.65225, -22.384067], [-43.652045, -22.384168], [-43.651942, -22.38421], [-43.651825, -22.384228], [-43.651706, -22.38423], [-43.651591, -22.384211], [-43.651484, -22.38417], [-43.651383, -22.384122], [-43.651284, -22.384066], [-43.65083, -22.383726], [-43.650654, -22.383581], [-43.650482, -22.38343], [-43.650276, -22.383262], [-43.650184, -22.383193], [-43.650085, -22.383136], [-43.649976, -22.383091], [-43.649866, -22.38306], [-43.649749, -22.383043], [-43.649632, -22.383042], [-43.649406, -22.383062], [-43.649063, -22.383066], [-43.648945, -22.383071], [-43.648827, -22.383086], [-43.648724, -22.383111], [-43.64862, -22.383146], [-43.648516, -22.383175], [-43.648402, -22.383191], [-43.648178, -22.383212], [-43.648062, -22.383201], [-43.64784, -22.383131], [-43.647617, -22.383053], [-43.647054, -22.382817], [-43.646681, -22.382654], [-43.646576, -22.382617], [-43.646326, -22.382541], [-43.646003, -22.382462], [-43.645887, -22.38244], [-43.645774, -22.382435], [-43.645662, -22.382447], [-43.645229, -22.382536], [-43.644565, -22.38264], [-43.644454, -22.382666], [-43.644222, -22.382737], [-43.644111, -22.382773], [-43.644002, -22.382817], [-43.643913, -22.382841], [-43.643817, -22.382856], [-43.642673, -22.382979], [-43.642556, -22.382981], [-43.642439, -22.382967], [-43.642326, -22.382935], [-43.642222, -22.382887], [-43.64213, -22.382825], [-43.641959, -22.382686], [-43.641677, -22.382442], [-43.641433, -22.382222], [-43.641113, -22.381912], [-43.640983, -22.381795], [-43.640663, -22.381483], [-43.640343, -22.381186], [-43.640279, -22.381102], [-43.640183, -22.380911], [-43.640145, -22.380817], [-43.640057, -22.380552], [-43.640026, -22.380447], [-43.640001, -22.380341], [-43.639964, -22.380236], [-43.639885, -22.38004], [-43.639842, -22.379944], [-43.639704, -22.37967], [-43.63956, -22.379405], [-43.639257, -22.378829], [-43.639112, -22.37857], [-43.63906, -22.378484], [-43.638945, -22.378312], [-43.63888, -22.378221], [-43.638319, -22.377527], [-43.637913, -22.37712], [-43.637843, -22.377054], [-43.637632, -22.376868], [-43.637472, -22.37675], [-43.637395, -22.376686], [-43.637211, -22.376495], [-43.637166, -22.376437], [-43.637075, -22.37631], [-43.637022, -22.376248], [-43.63673, -22.375968], [-43.636659, -22.375914], [-43.636583, -22.375869], [-43.636085, -22.375603], [-43.635909, -22.375495], [-43.635834, -22.375433], [-43.635776, -22.375357], [-43.635726, -22.375277], [-43.635689, -22.375205], [-43.635662, -22.375108], [-43.635652, -22.375009], [-43.635655, -22.374907], [-43.635671, -22.374817], [-43.63569, -22.374744], [-43.635714, -22.374675], [-43.635749, -22.374604], [-43.635878, -22.374377], [-43.635921, -22.374285], [-43.635945, -22.374191], [-43.635963, -22.374093], [-43.635976, -22.374007], [-43.635983, -22.373917], [-43.635981, -22.373827], [-43.635966, -22.373742], [-43.635915, -22.373596], [-43.635855, -22.373503], [-43.635729, -22.373385], [-43.635656, -22.373332], [-43.63542, -22.373181], [-43.635359, -22.373135], [-43.635238, -22.373036], [-43.635152, -22.37296], [-43.634987, -22.372801], [-43.634891, -22.372702], [-43.634822, -22.372611], [-43.634693, -22.372427], [-43.634558, -22.372248], [-43.634485, -22.372161], [-43.634408, -22.372081], [-43.634323, -22.372005], [-43.634166, -22.371876], [-43.633629, -22.37146], [-43.633548, -22.371388], [-43.633348, -22.371193], [-43.633262, -22.371121], [-43.632866, -22.370817], [-43.632507, -22.37058], [-43.632435, -22.370538], [-43.632182, -22.370406], [-43.632083, -22.370365], [-43.631587, -22.370208], [-43.631484, -22.370181], [-43.631382, -22.370162], [-43.630715, -22.370065], [-43.630369, -22.370022], [-43.62859, -22.369755], [-43.627804, -22.36965], [-43.627351, -22.36958], [-43.626888, -22.369503], [-43.6265, -22.369447], [-43.625797, -22.369338], [-43.625704, -22.369314], [-43.625515, -22.369257], [-43.625292, -22.369179], [-43.625132, -22.369131], [-43.625026, -22.369089], [-43.62492, -22.369041], [-43.624812, -22.368997], [-43.624596, -22.368914], [-43.623847, -22.36859], [-43.623423, -22.368402], [-43.623051, -22.368243], [-43.622515, -22.368022], [-43.622304, -22.367938], [-43.622204, -22.367891], [-43.621605, -22.36756], [-43.621507, -22.367503], [-43.621415, -22.367435], [-43.621157, -22.367223], [-43.62082, -22.366927], [-43.620546, -22.366719], [-43.620174, -22.366453], [-43.62, -22.366321], [-43.619825, -22.366182], [-43.619743, -22.366112], [-43.619655, -22.366048], [-43.619278, -22.365803], [-43.619183, -22.365749], [-43.618866, -22.365598], [-43.618769, -22.365544], [-43.61868, -22.365483], [-43.618043, -22.365], [-43.617945, -22.364942], [-43.617629, -22.3648], [-43.617531, -22.364746], [-43.617241, -22.364568], [-43.616562, -22.36417], [-43.615792, -22.363703], [-43.615307, -22.363416], [-43.615191, -22.363358], [-43.61487, -22.363225], [-43.614657, -22.363149], [-43.614544, -22.363116], [-43.614211, -22.36303], [-43.613994, -22.362962], [-43.613464, -22.362777], [-43.613252, -22.362691], [-43.613146, -22.36266], [-43.612723, -22.362512], [-43.6125, -22.362446], [-43.612388, -22.362408], [-43.612171, -22.362333], [-43.611736, -22.362172], [-43.611625, -22.362135], [-43.611515, -22.362105], [-43.611402, -22.362086], [-43.611284, -22.362081], [-43.611173, -22.36208], [-43.610901, -22.362068], [-43.610678, -22.362067], [-43.610463, -22.362059], [-43.61012, -22.362062], [-43.609887, -22.362037], [-43.609417, -22.361994], [-43.608946, -22.361974], [-43.608475, -22.361948], [-43.607884, -22.361929], [-43.607296, -22.361918], [-43.607181, -22.361907], [-43.607068, -22.361886], [-43.606958, -22.361857], [-43.606852, -22.36182], [-43.606645, -22.361727], [-43.606544, -22.361677], [-43.606247, -22.361515], [-43.606148, -22.361456], [-43.606057, -22.361391], [-43.60588, -22.361251], [-43.605783, -22.361187], [-43.605271, -22.360908], [-43.605067, -22.360792], [-43.604769, -22.360616], [-43.604573, -22.360495], [-43.604177, -22.360261], [-43.603778, -22.360027], [-43.603175, -22.359694], [-43.602726, -22.359434], [-43.602432, -22.359253], [-43.60233, -22.359197], [-43.601907, -22.359001], [-43.601701, -22.358895], [-43.601599, -22.358838], [-43.60143, -22.358726], [-43.601329, -22.358669], [-43.601223, -22.358619], [-43.600793, -22.358438], [-43.600473, -22.358291], [-43.600362, -22.358249], [-43.599813, -22.358067], [-43.5997, -22.358044], [-43.5993, -22.35792], [-43.598186, -22.357585], [-43.59785, -22.357487], [-43.597174, -22.357279], [-43.596372, -22.357041], [-43.595701, -22.356832], [-43.595249, -22.356701], [-43.594804, -22.356559], [-43.594127, -22.356364], [-43.593562, -22.356197], [-43.592001, -22.355719], [-43.591689, -22.355628], [-43.591518, -22.355574], [-43.591406, -22.355561], [-43.591288, -22.355557], [-43.591171, -22.355536], [-43.590957, -22.355476], [-43.590847, -22.355435], [-43.590745, -22.355386], [-43.590644, -22.355326], [-43.590536, -22.35528], [-43.590425, -22.355244], [-43.589883, -22.355029], [-43.58968, -22.354915], [-43.589358, -22.354713], [-43.588956, -22.354479], [-43.588859, -22.354417], [-43.588583, -22.354211], [-43.588489, -22.354146], [-43.588385, -22.354096], [-43.588275, -22.354062], [-43.588161, -22.354038], [-43.588043, -22.354036], [-43.587803, -22.354037], [-43.587689, -22.354041], [-43.587, -22.354042], [-43.586417, -22.354037], [-43.585959, -22.354005], [-43.585854, -22.353993], [-43.585754, -22.353967], [-43.585296, -22.353832], [-43.584624, -22.353625], [-43.584402, -22.353553], [-43.584287, -22.35352], [-43.583902, -22.35344], [-43.583679, -22.353384], [-43.583564, -22.35335], [-43.583243, -22.353247], [-43.582768, -22.35308], [-43.582221, -22.352917], [-43.581314, -22.352633], [-43.581202, -22.352609], [-43.580864, -22.352545], [-43.580753, -22.352516], [-43.580208, -22.352333], [-43.579996, -22.352256], [-43.57968, -22.352115], [-43.57958, -22.352061], [-43.579485, -22.351996], [-43.5794, -22.35192], [-43.579327, -22.351842], [-43.579261, -22.351757], [-43.579202, -22.351666], [-43.579151, -22.351572], [-43.579114, -22.351472], [-43.579064, -22.35127], [-43.579018, -22.35105], [-43.578955, -22.350678], [-43.57893, -22.350573], [-43.578901, -22.350469], [-43.578817, -22.350267], [-43.578765, -22.350168], [-43.578707, -22.350074], [-43.578631, -22.349958], [-43.578568, -22.349867], [-43.578495, -22.34978], [-43.578416, -22.349698], [-43.57825, -22.349538], [-43.577996, -22.349336], [-43.577816, -22.349212], [-43.577537, -22.349043], [-43.577345, -22.348933], [-43.577136, -22.348833], [-43.577029, -22.348787], [-43.576917, -22.348747], [-43.576806, -22.348713], [-43.576693, -22.348683], [-43.576464, -22.348638], [-43.576118, -22.348595], [-43.574878, -22.348422], [-43.574298, -22.348347], [-43.57362, -22.348249], [-43.573402, -22.348222], [-43.573297, -22.348214], [-43.573171, -22.348199], [-43.573059, -22.34818], [-43.572856, -22.348141], [-43.572675, -22.348115], [-43.572559, -22.348101], [-43.572269, -22.348072], [-43.572066, -22.348046], [-43.571958, -22.348026], [-43.571509, -22.347906], [-43.571281, -22.347849], [-43.570968, -22.347775], [-43.570851, -22.347757], [-43.570622, -22.34774], [-43.570507, -22.347739], [-43.570276, -22.347755], [-43.569843, -22.347811], [-43.569678, -22.347829], [-43.569566, -22.347838], [-43.569454, -22.347837], [-43.569337, -22.347849], [-43.569102, -22.347857], [-43.568991, -22.347853], [-43.568763, -22.347793], [-43.568659, -22.347757], [-43.568262, -22.347583], [-43.568162, -22.347532], [-43.567873, -22.34736], [-43.567781, -22.347295], [-43.567696, -22.347218], [-43.567386, -22.346898], [-43.566357, -22.345812], [-43.566135, -22.345562], [-43.565963, -22.34541], [-43.565838, -22.345266], [-43.565443, -22.344854], [-43.565118, -22.344527], [-43.565041, -22.344445], [-43.564828, -22.344203], [-43.564607, -22.343936], [-43.564542, -22.343847], [-43.564493, -22.343769], [-43.564442, -22.343671], [-43.56439, -22.343537], [-43.564338, -22.343365], [-43.564283, -22.34316], [-43.564068, -22.342442], [-43.564018, -22.342344], [-43.563909, -22.342199], [-43.563826, -22.342123], [-43.563434, -22.341874], [-43.563331, -22.341825], [-43.563164, -22.341769], [-43.563059, -22.341723], [-43.562588, -22.341472], [-43.562485, -22.341421], [-43.561819, -22.341124], [-43.561562, -22.340999], [-43.561463, -22.340943], [-43.560851, -22.340543], [-43.560758, -22.340477], [-43.560644, -22.340389], [-43.56056, -22.340315], [-43.560429, -22.34018], [-43.560331, -22.339987], [-43.560301, -22.339814], [-43.560295, -22.339706], [-43.560304, -22.339497], [-43.560307, -22.339086], [-43.560336, -22.338536], [-43.560337, -22.338142], [-43.56034, -22.338052], [-43.560356, -22.337848], [-43.560359, -22.337753], [-43.560342, -22.337259], [-43.560333, -22.337161], [-43.560309, -22.337066], [-43.560249, -22.336891], [-43.560213, -22.336809], [-43.56005, -22.336575], [-43.559846, -22.336306], [-43.559785, -22.336218], [-43.559726, -22.33612], [-43.559663, -22.336029], [-43.559522, -22.335863], [-43.559442, -22.335784], [-43.55937, -22.335699], [-43.559085, -22.335313], [-43.55903, -22.335237], [-43.558976, -22.335149], [-43.558852, -22.334933], [-43.55881, -22.334844], [-43.55874, -22.334656], [-43.558638, -22.334355], [-43.558613, -22.334256], [-43.558584, -22.334163], [-43.558506, -22.333997], [-43.558471, -22.333899], [-43.558412, -22.333695], [-43.558264, -22.333285], [-43.558207, -22.333192], [-43.558131, -22.333108], [-43.558051, -22.333027], [-43.557963, -22.332955], [-43.557865, -22.332896], [-43.557761, -22.332849], [-43.557651, -22.332814], [-43.557538, -22.332793], [-43.557419, -22.332786], [-43.557298, -22.332793], [-43.557184, -22.332813], [-43.556733, -22.332935], [-43.556627, -22.332955], [-43.556535, -22.33296], [-43.556437, -22.332953], [-43.556247, -22.332918], [-43.556157, -22.332895], [-43.556073, -22.332866], [-43.555731, -22.332727], [-43.555006, -22.332391], [-43.55412, -22.332003], [-43.553661, -22.331794], [-43.553088, -22.33154], [-43.55283, -22.331431], [-43.552724, -22.331381], [-43.552519, -22.331268], [-43.552311, -22.331163], [-43.552209, -22.331107], [-43.552063, -22.331025], [-43.551971, -22.330959], [-43.551886, -22.330884], [-43.551806, -22.330803], [-43.55165, -22.330638], [-43.551578, -22.330551], [-43.551523, -22.330454], [-43.551476, -22.330354], [-43.55144, -22.330248], [-43.551412, -22.330148], [-43.55138, -22.330056], [-43.551311, -22.329895], [-43.551286, -22.329807], [-43.551266, -22.329701], [-43.551244, -22.32961], [-43.551236, -22.329541], [-43.551215, -22.329463], [-43.551114, -22.329021], [-43.551028, -22.328604], [-43.550996, -22.328501], [-43.550956, -22.328401], [-43.550903, -22.328303], [-43.550774, -22.328119], [-43.550694, -22.328011], [-43.550622, -22.327924], [-43.550171, -22.327412], [-43.549818, -22.326993], [-43.54967, -22.326824], [-43.549595, -22.326741], [-43.549517, -22.326664], [-43.549429, -22.326591], [-43.549333, -22.326529], [-43.549231, -22.326476], [-43.54912, -22.326435], [-43.549012, -22.326407], [-43.548898, -22.326384], [-43.54879, -22.326367], [-43.548566, -22.326347], [-43.548153, -22.326335], [-43.548038, -22.326343], [-43.547966, -22.326353], [-43.54757, -22.326394], [-43.547033, -22.32644], [-43.546912, -22.326452], [-43.546218, -22.326499], [-43.545981, -22.326506], [-43.545863, -22.326504], [-43.545631, -22.326487], [-43.545514, -22.326468], [-43.545401, -22.326434], [-43.545369, -22.326421], [-43.545265, -22.326368], [-43.545084, -22.326233], [-43.544583, -22.325813], [-43.543962, -22.325316], [-43.543883, -22.325234], [-43.543863, -22.325208], [-43.543802, -22.325132], [-43.543736, -22.325041], [-43.543538, -22.324794], [-43.543462, -22.32472], [-43.54328, -22.324582], [-43.543183, -22.324516], [-43.542902, -22.324314], [-43.542802, -22.32426], [-43.542696, -22.32422], [-43.542381, -22.324105], [-43.542054, -22.323998], [-43.541845, -22.323942], [-43.541739, -22.323916], [-43.541632, -22.323896], [-43.541529, -22.323868], [-43.541427, -22.323828], [-43.541328, -22.323785], [-43.541229, -22.32374], [-43.541127, -22.323686], [-43.541046, -22.323633], [-43.540452, -22.323203], [-43.540114, -22.322968], [-43.540026, -22.322916], [-43.539817, -22.322813], [-43.539718, -22.322756], [-43.539425, -22.322567], [-43.539045, -22.322309], [-43.538751, -22.322126], [-43.538281, -22.321799], [-43.538187, -22.321732], [-43.538007, -22.321592], [-43.537722, -22.321392], [-43.53755, -22.32126], [-43.537292, -22.32104], [-43.537161, -22.320947], [-43.536871, -22.320748], [-43.536523, -22.320501], [-43.536443, -22.32045], [-43.536239, -22.320345], [-43.536139, -22.320289], [-43.536046, -22.320221], [-43.535962, -22.320146], [-43.535808, -22.320022], [-43.535714, -22.319955], [-43.535513, -22.319834], [-43.535417, -22.319772], [-43.535219, -22.319652], [-43.534931, -22.319495], [-43.534826, -22.319443], [-43.534717, -22.319401], [-43.534429, -22.319324], [-43.534315, -22.319308], [-43.534203, -22.319305], [-43.534098, -22.319312], [-43.533996, -22.319328], [-43.533692, -22.319397], [-43.533477, -22.319426], [-43.533257, -22.31944], [-43.533143, -22.319439], [-43.533026, -22.319429], [-43.53291, -22.319413], [-43.532796, -22.319389], [-43.532681, -22.319361], [-43.532573, -22.319318], [-43.532268, -22.319152], [-43.532166, -22.319098], [-43.531955, -22.318997], [-43.531748, -22.318887], [-43.531651, -22.318824], [-43.531466, -22.31869], [-43.531377, -22.318618], [-43.531293, -22.318542], [-43.531174, -22.318427], [-43.530785, -22.318019], [-43.5307, -22.317941], [-43.530614, -22.317871], [-43.53034, -22.317664], [-43.530059, -22.317464], [-43.529961, -22.317402], [-43.529862, -22.317344], [-43.52976, -22.31729], [-43.529547, -22.317195], [-43.529131, -22.316968], [-43.528926, -22.316862], [-43.52883, -22.316803], [-43.528737, -22.31673], [-43.528294, -22.316365], [-43.528212, -22.316286], [-43.528126, -22.31621], [-43.527948, -22.316065], [-43.527863, -22.315988], [-43.527466, -22.315593], [-43.52706, -22.315199], [-43.526988, -22.315113], [-43.52679, -22.314839], [-43.526717, -22.314754], [-43.526538, -22.314609], [-43.526291, -22.314376], [-43.526218, -22.314292], [-43.526103, -22.314105], [-43.526041, -22.314015], [-43.525969, -22.313925], [-43.525896, -22.313842], [-43.525815, -22.31376], [-43.52542, -22.313375], [-43.525168, -22.313148], [-43.525002, -22.312992], [-43.524824, -22.312851], [-43.524638, -22.312721], [-43.524548, -22.312652], [-43.524462, -22.312577], [-43.524383, -22.312496], [-43.524319, -22.312404], [-43.524217, -22.312207], [-43.524102, -22.311972], [-43.523995, -22.311784], [-43.523937, -22.311691], [-43.523869, -22.311602], [-43.523762, -22.311474], [-43.523687, -22.31139], [-43.523605, -22.311308], [-43.523511, -22.31124], [-43.52342, -22.311185], [-43.523316, -22.311139], [-43.523193, -22.311098], [-43.523084, -22.311083], [-43.522971, -22.311079], [-43.522743, -22.311079], [-43.522614, -22.311071], [-43.5225, -22.311067], [-43.522386, -22.31107], [-43.522273, -22.311059], [-43.521879, -22.310967], [-43.521771, -22.310939], [-43.521664, -22.310899], [-43.521625, -22.310881], [-43.521524, -22.310828], [-43.521422, -22.310779], [-43.521312, -22.310741], [-43.521201, -22.310705], [-43.521089, -22.310674], [-43.520631, -22.310567], [-43.520517, -22.310536], [-43.520406, -22.310497], [-43.519973, -22.310332], [-43.519868, -22.310286], [-43.519279, -22.309984], [-43.519173, -22.309928], [-43.519074, -22.30987], [-43.518981, -22.309802], [-43.518916, -22.309722], [-43.51887, -22.309622], [-43.518834, -22.309519], [-43.518778, -22.309425], [-43.518709, -22.309341], [-43.518634, -22.309261], [-43.518547, -22.309186], [-43.518277, -22.308974], [-43.517954, -22.308712], [-43.517287, -22.308191], [-43.516934, -22.307908], [-43.51688, -22.307855], [-43.516818, -22.307783], [-43.516785, -22.307726], [-43.516704, -22.307559], [-43.516619, -22.307416], [-43.516553, -22.307324], [-43.516477, -22.307238], [-43.516394, -22.30716], [-43.5163, -22.307092], [-43.516225, -22.30705], [-43.516144, -22.307015], [-43.516089, -22.306996], [-43.516012, -22.306956], [-43.515961, -22.306922], [-43.515915, -22.306877], [-43.51588, -22.306836], [-43.515849, -22.306789], [-43.515833, -22.306759], [-43.515815, -22.306715], [-43.515792, -22.306627], [-43.515757, -22.306402], [-43.515742, -22.306349], [-43.515723, -22.306298], [-43.515693, -22.30624], [-43.515656, -22.306185], [-43.515615, -22.306136], [-43.515568, -22.306091], [-43.515457, -22.30601], [-43.515397, -22.305974], [-43.515336, -22.305942], [-43.515191, -22.305879], [-43.515033, -22.305823], [-43.514815, -22.305756], [-43.514405, -22.305646], [-43.514077, -22.305547], [-43.513965, -22.305516], [-43.513855, -22.305494], [-43.513574, -22.305448], [-43.513486, -22.305419], [-43.513423, -22.305388], [-43.513372, -22.305351], [-43.513316, -22.305301], [-43.513282, -22.305263], [-43.513246, -22.305205], [-43.513221, -22.305146], [-43.513205, -22.305094], [-43.513184, -22.304995], [-43.513167, -22.30486], [-43.513146, -22.304782], [-43.513137, -22.304756], [-43.513111, -22.304707], [-43.513048, -22.304629], [-43.512926, -22.304508], [-43.512842, -22.304438], [-43.512687, -22.304295], [-43.512643, -22.30426], [-43.51255, -22.304194], [-43.51231, -22.304036], [-43.512212, -22.303976], [-43.512161, -22.30395], [-43.512054, -22.303909], [-43.511942, -22.303878], [-43.511828, -22.303854], [-43.511569, -22.303817], [-43.511457, -22.303811], [-43.511248, -22.303791], [-43.511128, -22.303776], [-43.510999, -22.303766], [-43.510501, -22.30374], [-43.510383, -22.303742], [-43.510264, -22.303758], [-43.510152, -22.303789], [-43.509936, -22.303872], [-43.509632, -22.304016], [-43.509434, -22.304127], [-43.509251, -22.304236], [-43.509068, -22.304327], [-43.508799, -22.304466], [-43.508333, -22.304668], [-43.508048, -22.304773], [-43.507952, -22.304813], [-43.507755, -22.304903], [-43.507657, -22.304941], [-43.507471, -22.305032], [-43.507199, -22.305174], [-43.507106, -22.305228], [-43.507005, -22.305293], [-43.506908, -22.305347], [-43.506803, -22.305382], [-43.506691, -22.305401], [-43.506629, -22.305406], [-43.506515, -22.305409], [-43.506403, -22.305407], [-43.506289, -22.305394], [-43.506178, -22.305375], [-43.506069, -22.305348], [-43.505819, -22.305275], [-43.505062, -22.30503], [-43.504954, -22.304991], [-43.50466, -22.304877], [-43.504546, -22.304855], [-43.50431, -22.304855], [-43.504195, -22.304866], [-43.50385, -22.304923], [-43.503712, -22.304931], [-43.50348, -22.304884], [-43.503377, -22.304837], [-43.503281, -22.304774], [-43.503188, -22.304706], [-43.502937, -22.304473], [-43.502619, -22.304151], [-43.502453, -22.303994], [-43.502281, -22.303858], [-43.502095, -22.30373], [-43.50201, -22.303655], [-43.50193, -22.303576], [-43.501672, -22.303352], [-43.501506, -22.3032], [-43.50135, -22.303042], [-43.501277, -22.302958], [-43.50115, -22.302778], [-43.501078, -22.302692], [-43.500998, -22.302611], [-43.500783, -22.302355], [-43.500715, -22.302266], [-43.500641, -22.30218], [-43.500402, -22.30194], [-43.500172, -22.301695], [-43.500101, -22.301611], [-43.500031, -22.301521], [-43.499835, -22.301249], [-43.49971, -22.301064], [-43.499529, -22.300782], [-43.499421, -22.300587], [-43.49924, -22.300199], [-43.499195, -22.300095], [-43.499143, -22.300001], [-43.499076, -22.299911], [-43.499004, -22.299825], [-43.498926, -22.299744], [-43.498752, -22.299597], [-43.498304, -22.299238], [-43.497852, -22.298886], [-43.497757, -22.298817], [-43.497661, -22.298753], [-43.49756, -22.298695], [-43.497459, -22.298643], [-43.497351, -22.298598], [-43.497021, -22.298485], [-43.49657, -22.298349], [-43.49646, -22.29831], [-43.496352, -22.298262], [-43.496252, -22.29821], [-43.495849, -22.29798], [-43.495491, -22.29775], [-43.494909, -22.297411], [-43.494812, -22.297351], [-43.494277, -22.296988], [-43.49418, -22.296927], [-43.493999, -22.296822], [-43.493905, -22.296758], [-43.493855, -22.29672], [-43.493759, -22.296659], [-43.493471, -22.2965], [-43.493375, -22.29644], [-43.493269, -22.296366], [-43.49319, -22.296288], [-43.493067, -22.296117], [-43.492714, -22.29566], [-43.492651, -22.295569], [-43.492576, -22.295449], [-43.492461, -22.295238], [-43.492151, -22.294704], [-43.492089, -22.294613], [-43.492031, -22.294541], [-43.491955, -22.294459], [-43.49165, -22.294173], [-43.491562, -22.294102], [-43.491463, -22.294034], [-43.491374, -22.293965], [-43.491234, -22.293843], [-43.491147, -22.293772], [-43.490517, -22.293288], [-43.490145, -22.292987], [-43.489667, -22.292626], [-43.489212, -22.292264], [-43.488648, -22.291831], [-43.488561, -22.291759], [-43.488339, -22.291564], [-43.488272, -22.291507], [-43.488135, -22.291402], [-43.488074, -22.291347], [-43.487952, -22.291211], [-43.487711, -22.290929], [-43.487595, -22.290781], [-43.487479, -22.290627], [-43.487335, -22.290407], [-43.487187, -22.290214], [-43.487123, -22.290122], [-43.486927, -22.289812], [-43.486797, -22.289633], [-43.486556, -22.289315], [-43.486474, -22.289237], [-43.486234, -22.289038], [-43.485723, -22.288627], [-43.485446, -22.288422], [-43.485349, -22.288356], [-43.485253, -22.288294], [-43.485152, -22.288239], [-43.48458, -22.287966], [-43.484302, -22.287802], [-43.484122, -22.287709], [-43.484029, -22.287654], [-43.483905, -22.28757], [-43.483679, -22.287402], [-43.483532, -22.287288], [-43.48318, -22.287028], [-43.483091, -22.286958], [-43.482831, -22.286738], [-43.482741, -22.286665], [-43.482576, -22.286548], [-43.48248, -22.286488], [-43.482387, -22.286422], [-43.4823, -22.286351], [-43.481889, -22.285966], [-43.481813, -22.285883], [-43.481644, -22.285685], [-43.481568, -22.285602], [-43.481311, -22.285374], [-43.48123, -22.285293], [-43.481154, -22.285209], [-43.481011, -22.285034], [-43.480935, -22.284949], [-43.480451, -22.284483], [-43.480279, -22.284331], [-43.480104, -22.284186], [-43.479899, -22.284003], [-43.479808, -22.283931], [-43.479624, -22.283793], [-43.479542, -22.283716], [-43.479466, -22.283633], [-43.479164, -22.28335], [-43.47908, -22.283275], [-43.478992, -22.283203], [-43.478721, -22.282997], [-43.478594, -22.282882], [-43.478442, -22.282714], [-43.47826, -22.282553], [-43.477933, -22.282251], [-43.477764, -22.282121], [-43.477687, -22.282044], [-43.477612, -22.281963], [-43.477503, -22.281859], [-43.477346, -22.281697], [-43.477264, -22.281619], [-43.476821, -22.281219], [-43.476732, -22.281147], [-43.476647, -22.28107], [-43.4765, -22.28092], [-43.475924, -22.280371], [-43.475667, -22.280139], [-43.475311, -22.279829], [-43.475188, -22.279711], [-43.475117, -22.279651], [-43.474907, -22.279502], [-43.474829, -22.279442], [-43.474604, -22.279248], [-43.474484, -22.279151], [-43.474047, -22.278818], [-43.473425, -22.278355], [-43.473339, -22.278291], [-43.473164, -22.278171], [-43.473068, -22.278108], [-43.472874, -22.277989], [-43.472449, -22.277686], [-43.472359, -22.277617], [-43.472157, -22.277442], [-43.47197, -22.277253], [-43.471768, -22.277077], [-43.471691, -22.276994], [-43.471567, -22.276821], [-43.471508, -22.276726], [-43.47146, -22.276628], [-43.471418, -22.276525], [-43.47139, -22.276435], [-43.471331, -22.276052], [-43.471304, -22.275844], [-43.471285, -22.275737], [-43.471246, -22.27541], [-43.471233, -22.275211], [-43.471219, -22.275103], [-43.471192, -22.275008], [-43.471141, -22.274911], [-43.470997, -22.274752], [-43.470908, -22.274684], [-43.470601, -22.274398], [-43.470445, -22.274235], [-43.470296, -22.274071], [-43.470231, -22.273987], [-43.470047, -22.273715], [-43.469855, -22.27348], [-43.469723, -22.273311], [-43.469437, -22.272971], [-43.469228, -22.272707], [-43.469003, -22.272467], [-43.468932, -22.272382], [-43.468864, -22.272294], [-43.468426, -22.271696], [-43.468254, -22.271455], [-43.468149, -22.271299], [-43.46804, -22.271107], [-43.467976, -22.271016], [-43.467837, -22.27084], [-43.46776, -22.270759], [-43.467689, -22.270677], [-43.467625, -22.270589], [-43.467556, -22.270502], [-43.467489, -22.270404], [-43.467375, -22.270253], [-43.467315, -22.270181], [-43.467234, -22.270103], [-43.467088, -22.269974], [-43.4667, -22.269679], [-43.466315, -22.269421], [-43.466012, -22.269246], [-43.465901, -22.269176], [-43.46561, -22.268987], [-43.465518, -22.268918], [-43.465175, -22.268615], [-43.464911, -22.268399], [-43.464373, -22.267974], [-43.463232, -22.267063], [-43.463147, -22.266987], [-43.463064, -22.266907], [-43.462671, -22.266511], [-43.462603, -22.266428], [-43.462547, -22.266333], [-43.462496, -22.266235], [-43.46245, -22.266132], [-43.462417, -22.266019], [-43.462381, -22.265916], [-43.462332, -22.265824], [-43.462288, -22.265727], [-43.462284, -22.265625], [-43.462312, -22.265537], [-43.462372, -22.265406], [-43.462451, -22.265221], [-43.462642, -22.264756], [-43.462681, -22.264654], [-43.46278, -22.264337], [-43.462897, -22.263916], [-43.463175, -22.262971], [-43.463435, -22.262018], [-43.463529, -22.261703], [-43.46366, -22.261283], [-43.463905, -22.260437], [-43.464124, -22.259711], [-43.464176, -22.259529], [-43.464248, -22.259233], [-43.464282, -22.259133], [-43.464324, -22.259028], [-43.464587, -22.258418], [-43.464903, -22.257706], [-43.465392, -22.256591], [-43.46553, -22.256288], [-43.465664, -22.255985], [-43.465697, -22.25588], [-43.465796, -22.255377], [-43.465962, -22.254622], [-43.466007, -22.254436], [-43.466172, -22.253829], [-43.466195, -22.253722], [-43.466214, -22.253612], [-43.466255, -22.253285], [-43.466274, -22.253162], [-43.4663, -22.253058], [-43.466582, -22.25204], [-43.466635, -22.25183], [-43.466908, -22.250805], [-43.467045, -22.250281], [-43.467133, -22.249963], [-43.467433, -22.248836], [-43.467523, -22.248515], [-43.467566, -22.248292], [-43.467631, -22.247866], [-43.467639, -22.247754], [-43.467643, -22.247286], [-43.467639, -22.247096], [-43.467642, -22.247006], [-43.467656, -22.245387], [-43.467653, -22.244852], [-43.46766, -22.244417], [-43.467661, -22.243881], [-43.467668, -22.243265], [-43.467675, -22.242933], [-43.467703, -22.242491], [-43.467709, -22.241937], [-43.467707, -22.241606], [-43.467694, -22.241071], [-43.467692, -22.240627], [-43.467681, -22.240081], [-43.467681, -22.239973], [-43.467691, -22.239778], [-43.467718, -22.239673], [-43.467764, -22.239574], [-43.468071, -22.239008], [-43.468378, -22.238423], [-43.468627, -22.237941], [-43.468678, -22.237839], [-43.468722, -22.237739], [-43.468798, -22.237531], [-43.468964, -22.237014], [-43.469133, -22.236521], [-43.469382, -22.235776], [-43.46945, -22.235494], [-43.469793, -22.234558], [-43.470011, -22.233916], [-43.470122, -22.233612], [-43.470136, -22.233505], [-43.470089, -22.233085], [-43.470047, -22.23276], [-43.470029, -22.232652], [-43.470021, -22.232543], [-43.469984, -22.232186], [-43.469905, -22.231556], [-43.469883, -22.231341], [-43.469865, -22.231231], [-43.46982, -22.231015], [-43.469796, -22.230921], [-43.469599, -22.230294], [-43.469445, -22.229771], [-43.469213, -22.228918], [-43.468879, -22.227745], [-43.468793, -22.227426], [-43.468522, -22.226329], [-43.468385, -22.225809], [-43.468318, -22.225522], [-43.468219, -22.225126], [-43.468168, -22.224932], [-43.468139, -22.224838], [-43.468094, -22.224739], [-43.467903, -22.224386], [-43.46754, -22.223765], [-43.467277, -22.22329], [-43.467172, -22.223112], [-43.466593, -22.222091], [-43.466385, -22.221717], [-43.466013, -22.221058], [-43.465921, -22.220862], [-43.465746, -22.220457], [-43.465656, -22.220258], [-43.465424, -22.219779], [-43.465053, -22.218979], [-43.464904, -22.218667], [-43.464778, -22.218409], [-43.464682, -22.218223], [-43.464504, -22.217833], [-43.464446, -22.217743], [-43.464366, -22.217671], [-43.464219, -22.217567], [-43.464139, -22.217488], [-43.46408, -22.21739], [-43.464032, -22.217289], [-43.463002, -22.214733], [-43.462868, -22.214423], [-43.462813, -22.214325], [-43.462648, -22.214097], [-43.462579, -22.214008], [-43.462522, -22.213921], [-43.46242, -22.213754], [-43.462296, -22.213575], [-43.462246, -22.213477], [-43.4622, -22.213378], [-43.4621, -22.213142], [-43.461935, -22.212736], [-43.461888, -22.212633], [-43.461805, -22.21243], [-43.461707, -22.212231], [-43.461652, -22.212133], [-43.461588, -22.21204], [-43.461257, -22.211589], [-43.461189, -22.2115], [-43.461111, -22.21142], [-43.460936, -22.211276], [-43.460674, -22.21107], [-43.460223, -22.210723], [-43.459854, -22.210306], [-43.459279, -22.209528], [-43.458977, -22.209089], [-43.458915, -22.208995], [-43.458798, -22.208804], [-43.458744, -22.208708], [-43.458703, -22.208606], [-43.458676, -22.208499], [-43.458669, -22.20839], [-43.45868, -22.208283], [-43.458708, -22.208179], [-43.458893, -22.207662], [-43.458911, -22.20759], [-43.458923, -22.207519], [-43.458965, -22.207127], [-43.458967, -22.207072], [-43.458967, -22.206963], [-43.45896, -22.206799], [-43.458953, -22.206388], [-43.458959, -22.206109], [-43.458958, -22.206019], [-43.458949, -22.205915], [-43.458871, -22.205225], [-43.458811, -22.20428], [-43.458801, -22.204066], [-43.4588, -22.203963], [-43.458815, -22.203529], [-43.45882, -22.2032], [-43.458816, -22.202979], [-43.458805, -22.202762], [-43.458797, -22.20265], [-43.458755, -22.202263], [-43.458676, -22.201643], [-43.45866, -22.201534], [-43.458599, -22.20125], [-43.45852, -22.200946], [-43.458372, -22.200402], [-43.458361, -22.200349], [-43.458342, -22.200241], [-43.458305, -22.199973], [-43.458238, -22.199536], [-43.458211, -22.199396], [-43.45818, -22.199314], [-43.457945, -22.198792], [-43.457907, -22.198689], [-43.457768, -22.198257], [-43.457748, -22.198146], [-43.457743, -22.198041], [-43.45775, -22.197833], [-43.457817, -22.196161], [-43.457835, -22.195633], [-43.457857, -22.195215], [-43.457858, -22.19511], [-43.457849, -22.195006], [-43.457765, -22.194265], [-43.457698, -22.193725], [-43.457687, -22.193617], [-43.457686, -22.19351], [-43.457703, -22.193402], [-43.457733, -22.193297], [-43.457998, -22.192497], [-43.458393, -22.191257], [-43.458594, -22.190652], [-43.458796, -22.190005], [-43.4589, -22.189687], [-43.459106, -22.189021], [-43.459234, -22.188635], [-43.459621, -22.18743], [-43.459703, -22.187122], [-43.459851, -22.186648], [-43.459966, -22.186257], [-43.460176, -22.185638], [-43.460414, -22.184915], [-43.460442, -22.184797], [-43.460499, -22.184588], [-43.460649, -22.183986], [-43.46069, -22.183883], [-43.460761, -22.183797], [-43.461042, -22.183541], [-43.461119, -22.183456], [-43.461167, -22.183357], [-43.461208, -22.183213], [-43.461226, -22.183102], [-43.461256, -22.182995], [-43.461566, -22.182312], [-43.4616, -22.182206], [-43.461921, -22.180756], [-43.462048, -22.180231], [-43.462067, -22.180125], [-43.462085, -22.179904], [-43.462112, -22.179797], [-43.462152, -22.179693], [-43.462219, -22.179485], [-43.462241, -22.179377], [-43.462291, -22.179021], [-43.46229, -22.178917], [-43.46226, -22.178815], [-43.462194, -22.178727], [-43.462098, -22.178662], [-43.461996, -22.178611], [-43.461908, -22.178551], [-43.461842, -22.17848], [-43.461794, -22.178395], [-43.461755, -22.178308], [-43.461627, -22.177988], [-43.461541, -22.177802], [-43.461517, -22.177697], [-43.461513, -22.177628], [-43.461523, -22.177521], [-43.461592, -22.177309], [-43.461672, -22.177102], [-43.461736, -22.176891], [-43.461781, -22.176727], [-43.461798, -22.176621], [-43.461789, -22.176514], [-43.461777, -22.176468], [-43.461763, -22.176383], [-43.461764, -22.176273], [-43.461799, -22.176234], [-43.461851, -22.17625], [-43.461997, -22.176416]]}},
{"type": "Feature", "properties": {"ProjectID": "P7734", "OBJECTID": 774, "NOMBRE": "GASBEL II (ESTAP - ESMAN)", "longitud_km": 97.39053115, "pais": "BRASIL", "Shape__Length": 0.8882371036700172}, "geometry": {"type": "LineString", "coordinates": [[-43.46195, -22.17648], [-43.461871, -22.176383], [-43.461805, -22.176245], [-43.461795, -22.176129], [-43.461814, -22.176026], [-43.461848, -22.175957], [-43.462016, -22.17583], [-43.462114, -22.175777], [-43.462221, -22.175745], [-43.462562, -22.175686], [-43.462663, -22.175641], [-43.462839, -22.175516], [-43.462917, -22.175432], [-43.463142, -22.175105], [-43.463903, -22.173965], [-43.463956, -22.173754], [-43.463964, -22.173537], [-43.463905, -22.1714], [-43.463899, -22.170665], [-43.463919, -22.170566], [-43.464092, -22.170294], [-43.465352, -22.168615], [-43.465626, -22.168145], [-43.467375, -22.164301], [-43.467921, -22.163263], [-43.468313, -22.16266], [-43.468452, -22.162284], [-43.468692, -22.161376], [-43.469148, -22.160103], [-43.46948, -22.159332], [-43.469615, -22.158805], [-43.470277, -22.155557], [-43.470309, -22.151422], [-43.470362, -22.151213], [-43.471549, -22.147753], [-43.472048, -22.14638], [-43.472112, -22.146071], [-43.472137, -22.145545], [-43.472131, -22.144428], [-43.472051, -22.143574], [-43.472048, -22.14222], [-43.47195, -22.140496], [-43.47203, -22.139998], [-43.472428, -22.137918], [-43.472521, -22.137355], [-43.4728, -22.134637], [-43.47302, -22.132254], [-43.473089, -22.132055], [-43.473562, -22.131249], [-43.473617, -22.131049], [-43.473556, -22.130662], [-43.473301, -22.129612], [-43.473285, -22.129395], [-43.473466, -22.128218], [-43.474079, -22.126471], [-43.474095, -22.126365], [-43.474072, -22.126145], [-43.473795, -22.125107], [-43.473768, -22.124896], [-43.473904, -22.123128], [-43.473967, -22.122511], [-43.474137, -22.121787], [-43.474509, -22.120766], [-43.474899, -22.119304], [-43.475783, -22.117238], [-43.476187, -22.115115], [-43.476217, -22.115016], [-43.476713, -22.114151], [-43.476838, -22.113848], [-43.477, -22.112289], [-43.477167, -22.110934], [-43.47721, -22.110399], [-43.477283, -22.109751], [-43.477311, -22.109658], [-43.477505, -22.107829], [-43.478147, -22.10472], [-43.478368, -22.10346], [-43.478608, -22.102241], [-43.478665, -22.101824], [-43.478699, -22.101288], [-43.478787, -22.100979], [-43.478892, -22.100792], [-43.479096, -22.099536], [-43.479094, -22.099316], [-43.479015, -22.098924], [-43.478962, -22.098488], [-43.478954, -22.098055], [-43.478982, -22.097948], [-43.479386, -22.097046], [-43.479713, -22.095912], [-43.480893, -22.092587], [-43.481388, -22.091299], [-43.48217, -22.089061], [-43.482322, -22.088534], [-43.482458, -22.088238], [-43.483097, -22.086489], [-43.483156, -22.086397], [-43.483237, -22.086314], [-43.484007, -22.085887], [-43.485031, -22.085266], [-43.485415, -22.085077], [-43.486133, -22.08476], [-43.486513, -22.084534], [-43.486722, -22.084281], [-43.487269, -22.083461], [-43.487436, -22.083181], [-43.487518, -22.082974], [-43.487529, -22.082871], [-43.48752, -22.0818], [-43.487456, -22.080952], [-43.48725, -22.079246], [-43.487138, -22.07848], [-43.4871, -22.078057], [-43.487157, -22.077308], [-43.487273, -22.076771], [-43.487358, -22.076065], [-43.487355, -22.075951], [-43.487231, -22.075531], [-43.487164, -22.075141], [-43.487168, -22.07449], [-43.487197, -22.074166], [-43.487246, -22.073844], [-43.48764, -22.072238], [-43.488095, -22.070637], [-43.488294, -22.070087], [-43.488472, -22.069705], [-43.488636, -22.069405], [-43.488882, -22.069014], [-43.48908, -22.068747], [-43.48927, -22.068419], [-43.489431, -22.068043], [-43.490774, -22.065633], [-43.490805, -22.065551], [-43.490838, -22.065366], [-43.491047, -22.063323], [-43.491448, -22.061468], [-43.491938, -22.05934], [-43.49196, -22.059176], [-43.491963, -22.05901], [-43.491884, -22.05759], [-43.49177, -22.056105], [-43.491698, -22.055372], [-43.491708, -22.055231], [-43.493615, -22.050036], [-43.493999, -22.048937], [-43.494305, -22.048137], [-43.494476, -22.047614], [-43.494585, -22.047191], [-43.494912, -22.046519], [-43.495089, -22.04603], [-43.495121, -22.045883], [-43.495221, -22.044776], [-43.495343, -22.043747], [-43.495351, -22.043474], [-43.495202, -22.041943], [-43.495076, -22.040976], [-43.494938, -22.039102], [-43.494583, -22.037457], [-43.494276, -22.036327], [-43.494279, -22.036212], [-43.494326, -22.035925], [-43.494319, -22.035711], [-43.494334, -22.035547], [-43.494522, -22.034582], [-43.494477, -22.034213], [-43.494485, -22.03393], [-43.494268, -22.032988], [-43.494277, -22.032406], [-43.494381, -22.031583], [-43.494439, -22.031415], [-43.494553, -22.031225], [-43.495236, -22.030407], [-43.495306, -22.030285], [-43.495336, -22.030163], [-43.495321, -22.029979], [-43.495192, -22.029604], [-43.49474, -22.02874], [-43.494704, -22.028636], [-43.494707, -22.028471], [-43.494852, -22.027551], [-43.494903, -22.027442], [-43.494969, -22.027359], [-43.49564, -22.026718], [-43.496128, -22.026044], [-43.496362, -22.025555], [-43.496663, -22.024604], [-43.496693, -22.024457], [-43.496661, -22.02308], [-43.496518, -22.021467], [-43.496584, -22.017914], [-43.496897, -22.014633], [-43.496911, -22.014011], [-43.496992, -22.013502], [-43.497234, -22.010699], [-43.497462, -22.007831], [-43.497695, -22.005274], [-43.497745, -22.004443], [-43.497925, -22.002611], [-43.497998, -22.001638], [-43.497989, -22.001477], [-43.497946, -22.001317], [-43.497831, -22.001005], [-43.496812, -21.998502], [-43.495731, -21.995676], [-43.494363, -21.992793], [-43.493688, -21.991298], [-43.493302, -21.990498], [-43.492609, -21.988993], [-43.491988, -21.987152], [-43.491476, -21.985433], [-43.491432, -21.98522], [-43.491346, -21.984529], [-43.491267, -21.984254], [-43.491179, -21.984094], [-43.490592, -21.983298], [-43.490217, -21.982743], [-43.489271, -21.981451], [-43.488779, -21.980388], [-43.488029, -21.978922], [-43.487809, -21.978418], [-43.487753, -21.978138], [-43.487749, -21.977687], [-43.487604, -21.976858], [-43.487312, -21.973292], [-43.487197, -21.971274], [-43.487135, -21.970692], [-43.48708, -21.970538], [-43.486918, -21.970241], [-43.48573, -21.968331], [-43.48515, -21.967445], [-43.485091, -21.967321], [-43.485049, -21.967161], [-43.485029, -21.966835], [-43.485019, -21.964838], [-43.485025, -21.961637], [-43.484973, -21.961343], [-43.484966, -21.960855], [-43.485003, -21.96051], [-43.484963, -21.959437], [-43.484977, -21.959272], [-43.485023, -21.959131], [-43.48513, -21.958951], [-43.486379, -21.957446], [-43.48685, -21.956819], [-43.488818, -21.951683], [-43.489504, -21.950229], [-43.490845, -21.947897], [-43.490908, -21.947754], [-43.491074, -21.947148], [-43.491089, -21.946489], [-43.491147, -21.945848], [-43.491309, -21.945016], [-43.491636, -21.943541], [-43.49174, -21.942508], [-43.491849, -21.941971], [-43.491953, -21.941227], [-43.492235, -21.938584], [-43.492295, -21.938147], [-43.49234, -21.938019], [-43.492417, -21.937872], [-43.493403, -21.936282], [-43.493534, -21.936056], [-43.4936, -21.935899], [-43.493643, -21.935747], [-43.493857, -21.934687], [-43.494008, -21.93418], [-43.494163, -21.933864], [-43.494215, -21.933709], [-43.494441, -21.932394], [-43.494486, -21.931993], [-43.494447, -21.931194], [-43.494398, -21.92949], [-43.494434, -21.928892], [-43.494489, -21.927171], [-43.49461, -21.924418], [-43.494696, -21.923506], [-43.494757, -21.922426], [-43.494459, -21.918594], [-43.494398, -21.918275], [-43.49413, -21.917409], [-43.493352, -21.915448], [-43.492425, -21.913135], [-43.492084, -21.912334], [-43.491902, -21.911998], [-43.491751, -21.91182], [-43.491619, -21.911691], [-43.489811, -21.910287], [-43.488529, -21.909315], [-43.488303, -21.90908], [-43.488041, -21.908613], [-43.486787, -21.9062], [-43.486686, -21.905951], [-43.486692, -21.905793], [-43.486733, -21.905631], [-43.487074, -21.904962], [-43.487289, -21.904482], [-43.487427, -21.904079], [-43.487505, -21.903701], [-43.487613, -21.90266], [-43.487744, -21.901865], [-43.488041, -21.900267], [-43.488647, -21.896595], [-43.489472, -21.891885], [-43.489662, -21.890637], [-43.489683, -21.890273], [-43.489418, -21.888389], [-43.48933, -21.887896], [-43.489019, -21.88725], [-43.488617, -21.886246], [-43.488316, -21.885636], [-43.487504, -21.883888], [-43.487057, -21.882702], [-43.486623, -21.881746], [-43.4866, -21.881627], [-43.486636, -21.881468], [-43.486938, -21.880833], [-43.487032, -21.880521], [-43.487175, -21.879219], [-43.487285, -21.878377], [-43.487297, -21.877815], [-43.487284, -21.877253], [-43.487332, -21.876829], [-43.48744, -21.876224], [-43.487892, -21.873291], [-43.488483, -21.869929], [-43.48906, -21.866255], [-43.489171, -21.864406], [-43.489163, -21.863085], [-43.489173, -21.862969], [-43.489225, -21.862823], [-43.489573, -21.862067], [-43.489787, -21.861558], [-43.490213, -21.860659], [-43.490889, -21.859113], [-43.491158, -21.857908], [-43.491382, -21.85673], [-43.49178, -21.855486], [-43.491805, -21.855357], [-43.491837, -21.854718], [-43.491746, -21.854023], [-43.491599, -21.851509], [-43.491629, -21.85114], [-43.491544, -21.84853], [-43.491532, -21.847649], [-43.49186, -21.845831], [-43.492088, -21.844748], [-43.493026, -21.841665], [-43.493296, -21.840822], [-43.493436, -21.840278], [-43.493455, -21.840136], [-43.493449, -21.839895], [-43.493108, -21.83745], [-43.492966, -21.836251], [-43.492923, -21.836048], [-43.492533, -21.834731], [-43.492493, -21.834507], [-43.492565, -21.832017], [-43.492651, -21.831482], [-43.492821, -21.830663], [-43.492813, -21.830458], [-43.492965, -21.82966], [-43.493022, -21.829487], [-43.493085, -21.82937], [-43.493252, -21.829202], [-43.494436, -21.82832], [-43.494536, -21.828222], [-43.494724, -21.827986], [-43.494832, -21.827835], [-43.496077, -21.825707], [-43.496236, -21.825431], [-43.496312, -21.825257], [-43.496339, -21.825103], [-43.49633, -21.824945], [-43.496188, -21.824165], [-43.496091, -21.823739], [-43.495978, -21.823431], [-43.495379, -21.822026], [-43.495347, -21.821844], [-43.495362, -21.821657], [-43.495598, -21.820237], [-43.495712, -21.819824], [-43.495781, -21.819662], [-43.496619, -21.81818], [-43.496981, -21.817483], [-43.497324, -21.816285], [-43.497949, -21.814229], [-43.498211, -21.81323], [-43.498145, -21.812], [-43.497954, -21.809297], [-43.497732, -21.805706], [-43.497704, -21.8055], [-43.497603, -21.80522], [-43.497204, -21.80451], [-43.496896, -21.80392], [-43.496359, -21.802963], [-43.495999, -21.802283], [-43.495058, -21.800635], [-43.49488, -21.800174], [-43.49459, -21.798999], [-43.494528, -21.798621], [-43.494532, -21.79829], [-43.494584, -21.798028], [-43.494775, -21.797413], [-43.495418, -21.795522], [-43.495542, -21.795179], [-43.495592, -21.795082], [-43.496331, -21.793971], [-43.496851, -21.793079], [-43.498067, -21.791394], [-43.498934, -21.790135], [-43.499133, -21.789874], [-43.50042, -21.78833], [-43.501397, -21.787124], [-43.50251, -21.785363], [-43.502572, -21.785181], [-43.502666, -21.784748], [-43.502682, -21.784586], [-43.50263, -21.784145], [-43.502042, -21.781812], [-43.500453, -21.777916], [-43.499389, -21.775486], [-43.498949, -21.774416], [-43.498866, -21.774295], [-43.498763, -21.774185], [-43.496289, -21.772002], [-43.495168, -21.770724], [-43.494281, -21.769322], [-43.491996, -21.766016], [-43.491954, -21.765886], [-43.49198, -21.765742], [-43.492338, -21.764598], [-43.493301, -21.761018], [-43.494886, -21.756345], [-43.49498, -21.756187], [-43.495761, -21.755145], [-43.496625, -21.754478], [-43.49721, -21.754052], [-43.497664, -21.753564], [-43.497734, -21.753431], [-43.497742, -21.753334], [-43.497719, -21.753242], [-43.497386, -21.752463], [-43.497188, -21.751696], [-43.496798, -21.750752], [-43.496727, -21.75054], [-43.496709, -21.750417], [-43.497209, -21.748144], [-43.497422, -21.746888], [-43.497701, -21.74543], [-43.497948, -21.74395], [-43.497946, -21.743774], [-43.497819, -21.742659], [-43.497769, -21.742065], [-43.497977, -21.740251], [-43.497983, -21.740076], [-43.497934, -21.739544], [-43.497272, -21.737388], [-43.496959, -21.73595], [-43.496691, -21.734998], [-43.496649, -21.734895], [-43.496431, -21.734524], [-43.496143, -21.734162], [-43.495171, -21.733088], [-43.494392, -21.732287], [-43.494257, -21.732083], [-43.494179, -21.731935], [-43.494146, -21.731831], [-43.494182, -21.730643], [-43.494281, -21.729298], [-43.494285, -21.728689], [-43.494276, -21.728528], [-43.49414, -21.727543], [-43.494085, -21.726194], [-43.494086, -21.72594], [-43.494204, -21.725596], [-43.494219, -21.725468], [-43.494125, -21.723203], [-43.494104, -21.722124], [-43.49387, -21.720344], [-43.493895, -21.720073], [-43.493972, -21.719649], [-43.493974, -21.719528], [-43.49393, -21.719396], [-43.493739, -21.71903], [-43.493294, -21.718277], [-43.492807, -21.717552], [-43.492219, -21.716741], [-43.491759, -21.716044], [-43.491623, -21.715772], [-43.49138, -21.715216], [-43.491176, -21.714646], [-43.491025, -21.714127], [-43.490959, -21.713833], [-43.490629, -21.712011], [-43.490373, -21.710309], [-43.490375, -21.7097], [-43.490334, -21.708213], [-43.4903, -21.705497], [-43.490271, -21.704819], [-43.490147, -21.704208], [-43.489636, -21.701967], [-43.489515, -21.701173], [-43.489196, -21.699639], [-43.488929, -21.698189], [-43.488854, -21.697711], [-43.488871, -21.696956], [-43.488974, -21.696344], [-43.489014, -21.696176], [-43.489068, -21.696058], [-43.491381, -21.692177], [-43.491902, -21.691208], [-43.49275, -21.689721], [-43.494748, -21.686305], [-43.496115, -21.684259], [-43.496298, -21.683883], [-43.49712, -21.681616], [-43.497239, -21.68136], [-43.497933, -21.680308], [-43.498689, -21.679091], [-43.50081, -21.67679], [-43.500891, -21.676677], [-43.501034, -21.67641], [-43.501073, -21.676309], [-43.501084, -21.676234], [-43.501078, -21.676132], [-43.501024, -21.675886], [-43.500713, -21.674829], [-43.500259, -21.673411], [-43.500208, -21.672909], [-43.50017, -21.672753], [-43.499148, -21.669376], [-43.49871, -21.66814], [-43.498666, -21.668005], [-43.498651, -21.667896], [-43.498695, -21.666182], [-43.498715, -21.66599], [-43.4997, -21.662714], [-43.499906, -21.661975], [-43.499962, -21.661709], [-43.500285, -21.658624], [-43.500382, -21.655508], [-43.500382, -21.655286], [-43.500358, -21.655121], [-43.500254, -21.654642], [-43.499792, -21.653008], [-43.499306, -21.651547], [-43.498964, -21.648447], [-43.498928, -21.648306], [-43.498696, -21.647958], [-43.496809, -21.645581], [-43.495433, -21.643249], [-43.494991, -21.642431], [-43.494202, -21.640921], [-43.494055, -21.640408], [-43.494177, -21.63883], [-43.494228, -21.637738], [-43.494503, -21.634383], [-43.494814, -21.62964], [-43.494919, -21.629212], [-43.495372, -21.627597], [-43.495416, -21.627357], [-43.495593, -21.626818], [-43.495893, -21.625777], [-43.496093, -21.625264], [-43.496223, -21.624989], [-43.496583, -21.624554], [-43.496953, -21.624213], [-43.498136, -21.623285], [-43.499699, -21.621977], [-43.50081, -21.621233], [-43.500958, -21.621084], [-43.501048, -21.620901], [-43.501333, -21.620075], [-43.50194, -21.618185], [-43.502224, -21.617352], [-43.502382, -21.616824], [-43.502556, -21.615991], [-43.502607, -21.615405], [-43.502625, -21.614765], [-43.502653, -21.614643], [-43.502712, -21.614488], [-43.503308, -21.613697], [-43.504618, -21.612633], [-43.505439, -21.611926], [-43.505516, -21.611811], [-43.505913, -21.610897], [-43.506024, -21.610596], [-43.506604, -21.608733], [-43.507356, -21.607348], [-43.507837, -21.605689], [-43.507847, -21.60555], [-43.507813, -21.604965], [-43.5077, -21.603568], [-43.507702, -21.60343], [-43.507606, -21.602078], [-43.507588, -21.600634], [-43.507617, -21.599764], [-43.507703, -21.59945], [-43.507817, -21.599187], [-43.50814, -21.598736], [-43.510966, -21.594992], [-43.511414, -21.594363], [-43.511637, -21.594001], [-43.511727, -21.593814], [-43.511889, -21.593336], [-43.512124, -21.592825], [-43.512377, -21.592321], [-43.512721, -21.591704], [-43.512952, -21.59149], [-43.513179, -21.591214], [-43.513317, -21.591111], [-43.513535, -21.59102], [-43.515096, -21.590475], [-43.515287, -21.590363], [-43.515569, -21.590116], [-43.515915, -21.589634], [-43.516275, -21.589016], [-43.516872, -21.588279], [-43.518854, -21.585507], [-43.51995, -21.583931], [-43.52064, -21.583034], [-43.521847, -21.581312], [-43.522096, -21.580919], [-43.522262, -21.580433], [-43.522823, -21.57859], [-43.523002, -21.577864], [-43.52306, -21.577729], [-43.523445, -21.577], [-43.523538, -21.576861], [-43.523982, -21.576292], [-43.524157, -21.576012], [-43.528242, -21.568721], [-43.529063, -21.567405], [-43.529188, -21.567264], [-43.530226, -21.566496], [-43.530488, -21.566236], [-43.531224, -21.565073], [-43.531888, -21.564067], [-43.533012, -21.562178], [-43.533348, -21.561645], [-43.533515, -21.561496], [-43.533656, -21.561399], [-43.53464, -21.560984], [-43.534733, -21.56093], [-43.534801, -21.560869], [-43.535152, -21.560416], [-43.536645, -21.558383], [-43.538418, -21.556112], [-43.53852, -21.55595], [-43.538547, -21.555753], [-43.538529, -21.555478], [-43.538409, -21.554475], [-43.538404, -21.554341], [-43.538428, -21.554198], [-43.538502, -21.554008], [-43.538699, -21.553609], [-43.539285, -21.552741], [-43.539584, -21.552238], [-43.539928, -21.551349], [-43.540194, -21.550771], [-43.540547, -21.549913], [-43.540577, -21.549798], [-43.540606, -21.549541], [-43.540609, -21.549227], [-43.540574, -21.548919], [-43.540542, -21.548792], [-43.540137, -21.547817], [-43.540077, -21.547614], [-43.540002, -21.547302], [-43.539687, -21.545669], [-43.539594, -21.545255], [-43.539281, -21.544564], [-43.538609, -21.543201], [-43.538548, -21.543031], [-43.538491, -21.542575], [-43.538397, -21.541393], [-43.538338, -21.541074], [-43.538184, -21.540558], [-43.538014, -21.540161], [-43.537988, -21.539946], [-43.53795, -21.53979], [-43.537616, -21.538726], [-43.537186, -21.537276], [-43.536873, -21.536147], [-43.536839, -21.535939], [-43.536748, -21.534745], [-43.536713, -21.534547], [-43.53596, -21.532998], [-43.53585, -21.532687], [-43.535548, -21.531675], [-43.535524, -21.531466], [-43.535545, -21.53129], [-43.53578, -21.530444], [-43.536064, -21.529511], [-43.536121, -21.529221], [-43.536098, -21.529007], [-43.535723, -21.527717], [-43.535689, -21.527437], [-43.535727, -21.52699], [-43.536174, -21.525011], [-43.536332, -21.523099], [-43.536418, -21.522682], [-43.536499, -21.522427], [-43.536919, -21.521603], [-43.537026, -21.521351], [-43.537284, -21.520894], [-43.537578, -21.520427], [-43.538612, -21.519023], [-43.539688, -21.517291], [-43.539943, -21.516858], [-43.540018, -21.516699], [-43.540022, -21.516523], [-43.539785, -21.515596], [-43.539774, -21.515402], [-43.540267, -21.513562], [-43.540291, -21.513322], [-43.539684, -21.510587], [-43.539653, -21.510267], [-43.539654, -21.510024], [-43.539696, -21.509817], [-43.539909, -21.50914], [-43.540206, -21.508546], [-43.540709, -21.50739], [-43.540946, -21.506811], [-43.541144, -21.506241], [-43.541395, -21.50565], [-43.541544, -21.50543], [-43.542512, -21.504276], [-43.545621, -21.500858], [-43.546544, -21.499863], [-43.547126, -21.499187], [-43.547193, -21.499037], [-43.547267, -21.498758], [-43.547709, -21.497357], [-43.548412, -21.495223], [-43.549651, -21.493311], [-43.550508, -21.492102], [-43.55071, -21.491958], [-43.553481, -21.49056], [-43.553765, -21.490295], [-43.553916, -21.490129], [-43.554693, -21.489166], [-43.555001, -21.488725], [-43.555131, -21.48861], [-43.555306, -21.488518], [-43.556974, -21.48791], [-43.557717, -21.487359], [-43.558927, -21.486518], [-43.559069, -21.486396], [-43.561057, -21.484253], [-43.561369, -21.483947], [-43.562262, -21.48353], [-43.563916, -21.482826], [-43.566533, -21.481662], [-43.568008, -21.481056], [-43.569073, -21.480562], [-43.569211, -21.480476], [-43.570788, -21.479037], [-43.571144, -21.478688], [-43.571983, -21.477918], [-43.572406, -21.477576], [-43.572941, -21.476906], [-43.574688, -21.474869], [-43.575086, -21.474229], [-43.575903, -21.472734], [-43.576196, -21.47217], [-43.576361, -21.471927], [-43.576814, -21.471084], [-43.576912, -21.470821], [-43.577472, -21.4698], [-43.577678, -21.469403], [-43.577716, -21.469301], [-43.577742, -21.469173], [-43.57775, -21.468996], [-43.577803, -21.466464], [-43.577846, -21.465451], [-43.577751, -21.462143], [-43.577771, -21.461834], [-43.577844, -21.461538], [-43.577881, -21.461114], [-43.57767, -21.459695], [-43.577441, -21.45783], [-43.57734, -21.456768], [-43.577032, -21.455732], [-43.574818, -21.448813], [-43.574655, -21.447245], [-43.574335, -21.443407], [-43.574278, -21.442975], [-43.573434, -21.440535], [-43.571995, -21.437088], [-43.571688, -21.436389], [-43.569497, -21.430771], [-43.569282, -21.430266], [-43.569099, -21.429986], [-43.569011, -21.429802], [-43.568955, -21.429587], [-43.568897, -21.429145], [-43.568813, -21.428839], [-43.568321, -21.427614], [-43.568188, -21.427333], [-43.567298, -21.4258], [-43.566809, -21.425096], [-43.566698, -21.424902], [-43.566647, -21.424646], [-43.566587, -21.424123], [-43.566602, -21.424013], [-43.566647, -21.423913], [-43.566842, -21.423647], [-43.567636, -21.422453], [-43.567788, -21.421601], [-43.567868, -21.421265], [-43.568268, -21.418691], [-43.568479, -21.417211], [-43.568705, -21.415182], [-43.568914, -21.413783], [-43.569303, -21.410892], [-43.569388, -21.410686], [-43.57045, -21.40885], [-43.570496, -21.408749], [-43.570519, -21.408644], [-43.570575, -21.408023], [-43.570595, -21.406413], [-43.570631, -21.405341], [-43.570629, -21.404466], [-43.570099, -21.401741], [-43.570044, -21.401524], [-43.569727, -21.399756], [-43.569373, -21.39808], [-43.569123, -21.396256], [-43.568835, -21.394638], [-43.568795, -21.394314], [-43.568835, -21.394094], [-43.569557, -21.391569], [-43.569705, -21.390951], [-43.570031, -21.389416], [-43.5701, -21.389154], [-43.570413, -21.387553], [-43.570759, -21.385961], [-43.570836, -21.385134], [-43.570872, -21.384914], [-43.57138, -21.383001], [-43.571444, -21.38268], [-43.571047, -21.379517], [-43.570993, -21.379188], [-43.570963, -21.378797], [-43.570866, -21.376858], [-43.57093, -21.374221], [-43.570923, -21.37364], [-43.570861, -21.372367], [-43.570805, -21.371574], [-43.570814, -21.371391], [-43.570998, -21.370457], [-43.571327, -21.368984], [-43.571476, -21.368106], [-43.571513, -21.368005], [-43.571574, -21.367914], [-43.571655, -21.367834], [-43.572881, -21.366946], [-43.573045, -21.366794], [-43.573111, -21.366708], [-43.573196, -21.366527], [-43.573209, -21.366427], [-43.573203, -21.366081], [-43.573189, -21.366003], [-43.573146, -21.365902], [-43.57303, -21.365804], [-43.573014, -21.365767], [-43.57303, -21.36573], [-43.57307, -21.365715], [-43.573174, -21.365716]]}},
{"type": "Feature", "properties": {"ProjectID": "P7734", "OBJECTID": 775, "NOMBRE": "GASBEL II (ESMAN - QUELUZITO)", "longitud_km": 82.73747081, "pais": "BRASIL", "Shape__Length": 0.7592120934051305}, "geometry": {"type": "LineString", "coordinates": [[-43.573187, -21.365646], [-43.572957, -21.365645], [-43.572854, -21.365623], [-43.572778, -21.365554], [-43.572741, -21.365457], [-43.572745, -21.365354], [-43.572785, -21.365253], [-43.573204, -21.364674], [-43.57327, -21.364456], [-43.573449, -21.364171], [-43.573583, -21.364002], [-43.573698, -21.363813], [-43.573889, -21.363577], [-43.573928, -21.363484], [-43.573976, -21.363292], [-43.574094, -21.361741], [-43.57412, -21.361644], [-43.574237, -21.361459], [-43.574416, -21.361243], [-43.574835, -21.360677], [-43.575146, -21.360221], [-43.576098, -21.358973], [-43.576479, -21.358437], [-43.576631, -21.358281], [-43.577803, -21.357466], [-43.578057, -21.357256], [-43.578273, -21.357028], [-43.579153, -21.356002], [-43.57971, -21.355319], [-43.579986, -21.35495], [-43.581295, -21.353094], [-43.581513, -21.352849], [-43.582857, -21.351606], [-43.58408, -21.350608], [-43.585394, -21.349572], [-43.587381, -21.347862], [-43.587546, -21.347676], [-43.587917, -21.347036], [-43.589087, -21.344785], [-43.589817, -21.343218], [-43.58989, -21.342958], [-43.589955, -21.342432], [-43.590324, -21.340722], [-43.590917, -21.339138], [-43.591194, -21.338612], [-43.593332, -21.336484], [-43.594555, -21.335037], [-43.595078, -21.334453], [-43.598793, -21.330132], [-43.599391, -21.329466], [-43.6011, -21.327503], [-43.601295, -21.327304], [-43.601414, -21.327223], [-43.601648, -21.32711], [-43.602702, -21.326645], [-43.604059, -21.325957], [-43.604307, -21.325878], [-43.604872, -21.325778], [-43.605714, -21.325507], [-43.607661, -21.324591], [-43.609398, -21.323953], [-43.609664, -21.323797], [-43.609737, -21.323725], [-43.610013, -21.323134], [-43.610096, -21.322929], [-43.610254, -21.322445], [-43.610896, -21.317389], [-43.610928, -21.31715], [-43.610961, -21.31703], [-43.611826, -21.315309], [-43.612221, -21.314562], [-43.61262, -21.313754], [-43.612937, -21.313169], [-43.613245, -21.312547], [-43.614161, -21.310802], [-43.614339, -21.310518], [-43.614494, -21.310224], [-43.614578, -21.31002], [-43.614611, -21.309901], [-43.615255, -21.306507], [-43.615341, -21.306186], [-43.616719, -21.30382], [-43.617082, -21.303274], [-43.617512, -21.3029], [-43.618125, -21.302412], [-43.618603, -21.302058], [-43.618835, -21.301862], [-43.620117, -21.300957], [-43.620887, -21.300358], [-43.621085, -21.300261], [-43.621644, -21.300039], [-43.621879, -21.299902], [-43.622604, -21.299248], [-43.622838, -21.299003], [-43.623636, -21.297956], [-43.623837, -21.297805], [-43.624036, -21.297688], [-43.62421, -21.297621], [-43.624535, -21.29759], [-43.625506, -21.297694], [-43.626197, -21.297739], [-43.627119, -21.297596], [-43.627329, -21.297516], [-43.627485, -21.297415], [-43.628771, -21.296389], [-43.630321, -21.29512], [-43.631581, -21.293913], [-43.633343, -21.292071], [-43.634086, -21.291257], [-43.634193, -21.291129], [-43.634345, -21.290897], [-43.634669, -21.290325], [-43.635667, -21.288475], [-43.636567, -21.286769], [-43.636847, -21.286492], [-43.638767, -21.284889], [-43.639167, -21.284501], [-43.639505, -21.284068], [-43.641934, -21.279876], [-43.642644, -21.278994], [-43.643296, -21.27822], [-43.646376, -21.273721], [-43.647314, -21.272315], [-43.647895, -21.271493], [-43.649027, -21.269688], [-43.649423, -21.269307], [-43.649912, -21.268647], [-43.650246, -21.268072], [-43.65039, -21.267774], [-43.651551, -21.265028], [-43.651671, -21.264785], [-43.651807, -21.264644], [-43.651967, -21.264524], [-43.653251, -21.263421], [-43.65409, -21.262529], [-43.654287, -21.262419], [-43.654836, -21.262202], [-43.654947, -21.262121], [-43.655805, -21.260646], [-43.657355, -21.258242], [-43.657672, -21.257632], [-43.657792, -21.257446], [-43.658961, -21.256083], [-43.659724, -21.255119], [-43.659954, -21.254797], [-43.66027, -21.254418], [-43.660706, -21.253972], [-43.660889, -21.253837], [-43.661338, -21.253613], [-43.661525, -21.253453], [-43.662263, -21.252242], [-43.662419, -21.25191], [-43.66265, -21.251612], [-43.662767, -21.251422], [-43.663083, -21.250709], [-43.663516, -21.249936], [-43.665343, -21.246984], [-43.66624, -21.245364], [-43.666392, -21.245115], [-43.666957, -21.244351], [-43.667466, -21.243735], [-43.667925, -21.243315], [-43.668477, -21.242915], [-43.668615, -21.242757], [-43.668699, -21.242587], [-43.668806, -21.242016], [-43.668861, -21.241907], [-43.668963, -21.24179], [-43.67052, -21.240487], [-43.670799, -21.240223], [-43.670907, -21.239969], [-43.671044, -21.239462], [-43.671152, -21.23913], [-43.671581, -21.238342], [-43.671672, -21.238204], [-43.672082, -21.237783], [-43.67244, -21.237371], [-43.674048, -21.235734], [-43.67471, -21.235006], [-43.674841, -21.234841], [-43.675234, -21.234258], [-43.675597, -21.233995], [-43.675853, -21.233776], [-43.677973, -21.231467], [-43.680311, -21.22883], [-43.682061, -21.226945], [-43.682715, -21.226178], [-43.683309, -21.22538], [-43.683524, -21.225132], [-43.686749, -21.221736], [-43.687608, -21.220871], [-43.688179, -21.22039], [-43.689267, -21.219568], [-43.69007, -21.218753], [-43.692361, -21.216295], [-43.692689, -21.216], [-43.694804, -21.213995], [-43.695793, -21.213048], [-43.695915, -21.212906], [-43.696425, -21.212433], [-43.696769, -21.212144], [-43.698166, -21.210836], [-43.699019, -21.209943], [-43.700112, -21.208842], [-43.701183, -21.207714], [-43.702361, -21.206541], [-43.702666, -21.206215], [-43.704299, -21.204453], [-43.704975, -21.203694], [-43.707601, -21.200882], [-43.709029, -21.199289], [-43.709922, -21.198328], [-43.710532, -21.197613], [-43.710618, -21.197487], [-43.710797, -21.197142], [-43.710979, -21.196548], [-43.713556, -21.187418], [-43.713622, -21.187056], [-43.713875, -21.185077], [-43.713971, -21.1849], [-43.715197, -21.183646], [-43.71557, -21.183226], [-43.715689, -21.183061], [-43.715736, -21.182962], [-43.715781, -21.182807], [-43.716092, -21.181156], [-43.71619, -21.180751], [-43.71634, -21.180363], [-43.716529, -21.180008], [-43.716647, -21.179937], [-43.717442, -21.179681], [-43.717562, -21.17961], [-43.717697, -21.17949], [-43.717842, -21.179319], [-43.71921, -21.17738], [-43.720413, -21.176261], [-43.721269, -21.175443], [-43.721711, -21.174996], [-43.722822, -21.174001], [-43.723989, -21.173288], [-43.725387, -21.172494], [-43.728328, -21.17077], [-43.733414, -21.166948], [-43.736408, -21.165227], [-43.738034, -21.164315], [-43.738628, -21.16411], [-43.739969, -21.163507], [-43.740412, -21.16338], [-43.74266, -21.162641], [-43.744138, -21.162057], [-43.744284, -21.161986], [-43.74443, -21.161884], [-43.748363, -21.158679], [-43.748584, -21.158373], [-43.748877, -21.158101], [-43.749924, -21.156858], [-43.75134, -21.155437], [-43.75157, -21.155189], [-43.75355, -21.152742], [-43.753814, -21.152397], [-43.754182, -21.151732], [-43.755567, -21.150103], [-43.75583, -21.149709], [-43.756328, -21.148441], [-43.756665, -21.146429], [-43.756929, -21.145741], [-43.757381, -21.144764], [-43.758018, -21.143745], [-43.75841, -21.142593], [-43.758758, -21.141905], [-43.759088, -21.141175], [-43.759201, -21.140979], [-43.759546, -21.140484], [-43.760374, -21.138924], [-43.761112, -21.137444], [-43.761261, -21.136613], [-43.761497, -21.134789], [-43.761608, -21.134108], [-43.761602, -21.133953], [-43.761618, -21.133802], [-43.761681, -21.133526], [-43.761719, -21.133023], [-43.761656, -21.132415], [-43.761663, -21.132334], [-43.761688, -21.132272], [-43.762149, -21.131778], [-43.762324, -21.131568], [-43.762519, -21.131373], [-43.76342, -21.130729], [-43.763555, -21.130611], [-43.763661, -21.130496], [-43.763753, -21.130367], [-43.764059, -21.129718], [-43.764196, -21.129542], [-43.764506, -21.129233], [-43.766922, -21.126953], [-43.76775, -21.126091], [-43.768231, -21.125485], [-43.769191, -21.124117], [-43.769654, -21.123361], [-43.771792, -21.119599], [-43.772514, -21.118407], [-43.774363, -21.115247], [-43.775766, -21.112014], [-43.776239, -21.111458], [-43.777759, -21.10959], [-43.777921, -21.109314], [-43.77866, -21.107735], [-43.77895, -21.107282], [-43.779432, -21.106809], [-43.77975, -21.106524], [-43.779893, -21.106416], [-43.780283, -21.106196], [-43.78088, -21.105641], [-43.781073, -21.105408], [-43.781135, -21.105308], [-43.781515, -21.104175], [-43.782205, -21.101917], [-43.782431, -21.096648], [-43.782538, -21.093709], [-43.782743, -21.091316], [-43.78283, -21.09012], [-43.78337, -21.081877], [-43.783427, -21.081597], [-43.783638, -21.080829], [-43.78376, -21.08052], [-43.784599, -21.078657], [-43.784652, -21.078519], [-43.784687, -21.078297], [-43.784872, -21.077893], [-43.785067, -21.077622], [-43.785731, -21.076051], [-43.785923, -21.075439], [-43.786125, -21.075076], [-43.786569, -21.07419], [-43.786876, -21.073486], [-43.787478, -21.071969], [-43.787783, -21.071401], [-43.788439, -21.070006], [-43.789531, -21.067385], [-43.789686, -21.066755], [-43.789795, -21.066566], [-43.790232, -21.065914], [-43.790331, -21.065721], [-43.791824, -21.062329], [-43.79199, -21.06187], [-43.792068, -21.061706], [-43.792393, -21.061188], [-43.792838, -21.060739], [-43.793741, -21.059953], [-43.794459, -21.059295], [-43.794611, -21.059136], [-43.794786, -21.05886], [-43.79491, -21.058559], [-43.794969, -21.058352], [-43.795478, -21.05538], [-43.795522, -21.055171], [-43.795562, -21.055073], [-43.796967, -21.05247], [-43.797912, -21.050608], [-43.798767, -21.049346], [-43.801955, -21.04361], [-43.802574, -21.04246], [-43.802622, -21.042152], [-43.802933, -21.038888], [-43.803132, -21.037174], [-43.803287, -21.035592], [-43.80369, -21.033464], [-43.804598, -21.028464], [-43.805227, -21.025213], [-43.805408, -21.024132], [-43.806023, -21.02136], [-43.806232, -21.020515], [-43.806645, -21.018483], [-43.806819, -21.01774], [-43.807774, -21.014872], [-43.808916, -21.011645], [-43.810381, -21.007349], [-43.810441, -21.007121], [-43.810485, -21.006865], [-43.810685, -21.006432], [-43.81264, -21.000768], [-43.813872, -20.997261], [-43.815296, -20.993063], [-43.815621, -20.992032], [-43.815949, -20.990896], [-43.816124, -20.990268], [-43.816671, -20.987943], [-43.817761, -20.981798], [-43.818801, -20.976288], [-43.81893, -20.975764], [-43.819565, -20.973577], [-43.819656, -20.973034], [-43.819682, -20.972783], [-43.819671, -20.972569], [-43.81975, -20.972135], [-43.819817, -20.971932], [-43.819994, -20.970909], [-43.82072, -20.968898], [-43.820849, -20.96843], [-43.821001, -20.968027], [-43.821133, -20.967727], [-43.822252, -20.964446], [-43.8226, -20.963417], [-43.822961, -20.962149], [-43.823004, -20.962047], [-43.824913, -20.958061], [-43.825045, -20.957885], [-43.825941, -20.956861], [-43.826312, -20.956468], [-43.827021, -20.955563], [-43.827264, -20.954843], [-43.827604, -20.953929], [-43.827838, -20.953209], [-43.827887, -20.953113], [-43.828662, -20.951928], [-43.828748, -20.951728], [-43.828796, -20.951293], [-43.828826, -20.950499], [-43.828857, -20.950173], [-43.829002, -20.949547], [-43.829282, -20.948649], [-43.829344, -20.948328], [-43.829349, -20.94822], [-43.829326, -20.947785], [-43.829169, -20.946502], [-43.829039, -20.945518], [-43.828695, -20.943263], [-43.828688, -20.943049], [-43.828886, -20.940665], [-43.828978, -20.939285], [-43.829106, -20.938407], [-43.829288, -20.93791], [-43.829778, -20.936917], [-43.831265, -20.933758], [-43.832494, -20.931269], [-43.832845, -20.930587], [-43.833766, -20.928684], [-43.835101, -20.926052], [-43.835138, -20.92595], [-43.835147, -20.925842], [-43.835059, -20.924247], [-43.834768, -20.921614], [-43.834337, -20.918149], [-43.834176, -20.916963], [-43.833933, -20.915882], [-43.833465, -20.914236], [-43.832564, -20.911243], [-43.830986, -20.905612], [-43.83049, -20.90395], [-43.829855, -20.901986], [-43.829508, -20.900846], [-43.829147, -20.899632], [-43.82908, -20.899313], [-43.82882, -20.898464], [-43.828753, -20.89831], [-43.828709, -20.898032], [-43.828714, -20.897924], [-43.828769, -20.897693], [-43.828944, -20.897211], [-43.829214, -20.896612], [-43.829744, -20.895292], [-43.830436, -20.893795], [-43.830543, -20.893374], [-43.830553, -20.89316], [-43.830524, -20.892786], [-43.830589, -20.892522], [-43.830603, -20.892312], [-43.830884, -20.891161], [-43.831011, -20.890438], [-43.831048, -20.89011], [-43.831059, -20.889614], [-43.830832, -20.887473], [-43.830647, -20.886393], [-43.830494, -20.885667], [-43.830006, -20.883584], [-43.82998, -20.883255], [-43.830466, -20.87927], [-43.830554, -20.878745], [-43.831059, -20.876869], [-43.831135, -20.876668], [-43.832006, -20.875163], [-43.833509, -20.872356], [-43.833963, -20.87147], [-43.834468, -20.870611], [-43.835004, -20.869654], [-43.836031, -20.867767], [-43.836861, -20.866717], [-43.837454, -20.86604], [-43.838502, -20.863998], [-43.838614, -20.863809], [-43.838882, -20.863491], [-43.840324, -20.862377], [-43.84139, -20.861526], [-43.841892, -20.860958], [-43.842057, -20.86067], [-43.842096, -20.860568], [-43.842599, -20.857386], [-43.845021, -20.842806], [-43.845125, -20.842049], [-43.845632, -20.837873], [-43.845873, -20.835717], [-43.845995, -20.83533], [-43.846517, -20.833903], [-43.849583, -20.829269], [-43.851401, -20.825983], [-43.853284, -20.822636], [-43.855187, -20.819149], [-43.856462, -20.816864], [-43.857636, -20.814718], [-43.858273, -20.813301], [-43.858728, -20.811971], [-43.858844, -20.811743], [-43.859001, -20.811534], [-43.85974, -20.810757], [-43.862995, -20.806804], [-43.865661, -20.802913], [-43.866951, -20.800898], [-43.867272, -20.800552], [-43.867348, -20.800376], [-43.867642, -20.799954], [-43.868025, -20.799542], [-43.868718, -20.798447], [-43.869404, -20.797453], [-43.870509, -20.795798], [-43.873394, -20.79164], [-43.874534, -20.78997], [-43.874998, -20.789045], [-43.875596, -20.788354], [-43.87721, -20.786048], [-43.87825, -20.784702], [-43.878966, -20.78349], [-43.87971, -20.782345], [-43.879869, -20.782054], [-43.880682, -20.780179], [-43.881204, -20.779179], [-43.883527, -20.774108], [-43.884538, -20.772007], [-43.885424, -20.770005], [-43.886071, -20.768446], [-43.886283, -20.76804], [-43.886514, -20.767666], [-43.887069, -20.766524], [-43.888585, -20.763191], [-43.888653, -20.762986], [-43.888841, -20.762173], [-43.890126, -20.75636], [-43.890276, -20.755831], [-43.890906, -20.752955], [-43.891013, -20.752098], [-43.891269, -20.749043], [-43.892294, -20.746885], [-43.892431, -20.746444], [-43.892707, -20.745864], [-43.893006, -20.745441], [-43.893374, -20.744684], [-43.893511, -20.744166], [-43.89361, -20.743323], [-43.893661, -20.743116], [-43.896105, -20.736421], [-43.896491, -20.735327], [-43.896639, -20.734984], [-43.897808, -20.732774], [-43.897892, -20.732571], [-43.898012, -20.73161], [-43.898069, -20.730865], [-43.898196, -20.729903], [-43.898267, -20.729474], [-43.898209, -20.728489], [-43.898109, -20.727733], [-43.898107, -20.727625], [-43.898332, -20.726333], [-43.898765, -20.723251], [-43.898812, -20.722861], [-43.898793, -20.722688], [-43.898812, -20.722546], [-43.89884, -20.722468], [-43.898918, -20.722354]]}}
]
}
