{
"type": "FeatureCollection",
"features": [
{"type": "Feature", "properties": {"ProjectID": "P7844", "OBJECTID": 92229, "ID_LIC": "N3P", "Gasoducto": 10002014, "Tramo": 10002014001, "TdTrm": "Paralelo", "PkiTrm": 123, "PkfTrm": 123000, "Long": 83.23, "PrsDsn": 60.35, "Mapo": 59.8, "Diametro": 30, "Espesor": 7.57, "MatNyG": "X60", "Construc": " ", "FchHab": null, "PrsMaxPru": 0, "PrsMinPru": 0, "FldPru": " ", "FchPru": null, "Unifilar": " ", "Fuente": " ", "Licenciataria": 10002, "ID_TEOS": null, "Obs": " "}, "geometry": {"type": "LineString", "coordinates": [[-61.073861, -32.865163], [-61.073806, -32.865172], [-61.073748, -32.865182], [-61.073689, -32.865191], [-61.073634, -32.8652], [-61.073574, -32.865209], [-61.073557, -32.865212], [-61.073521, -32.865218], [-61.073504, -32.86522], [-61.073459, -32.865228], [-61.073453, -32.865228], [-61.073421, -32.865233], [-61.07336, -32.865243], [-61.073299, -32.865252], [-61.073242, -32.865261], [-61.073206, -32.865266], [-61.073181, -32.86527], [-61.073126, -32.865278], [-61.07307, -32.865287], [-61.07295, -32.865305], [-61.072822, -32.865325], [-61.072725, -32.865341], [-61.072626, -32.865359], [-61.072524, -32.865386], [-61.072429, -32.865434], [-61.072325, -32.8655], [-61.072222, -32.865566], [-61.072118, -32.865632], [-61.072015, -32.865698], [-61.071911, -32.865764], [-61.071808, -32.865829], [-61.071703, -32.865894], [-61.071599, -32.865959], [-61.071499, -32.866022], [-61.071395, -32.866088], [-61.07132, -32.866135], [-61.071239, -32.866187], [-61.071151, -32.866242], [-61.071047, -32.866308], [-61.070943, -32.866373], [-61.070839, -32.866438], [-61.070735, -32.866503], [-61.07063, -32.866569], [-61.070534, -32.866629], [-61.07043, -32.866694], [-61.070325, -32.866759], [-61.070221, -32.866825], [-61.070118, -32.866891], [-61.070014, -32.866956], [-61.069911, -32.867021], [-61.069807, -32.867086], [-61.069703, -32.867153], [-61.069598, -32.867219], [-61.069494, -32.867285], [-61.06939, -32.867351], [-61.069286, -32.867416], [-61.069182, -32.867481], [-61.069077, -32.867546], [-61.068973, -32.867611], [-61.068897, -32.867658], [-61.068793, -32.867724], [-61.068719, -32.86777], [-61.068627, -32.867828], [-61.068548, -32.867878], [-61.068444, -32.867943], [-61.068342, -32.868007], [-61.068237, -32.868072], [-61.068133, -32.868138], [-61.068029, -32.868204], [-61.067926, -32.868269], [-61.067822, -32.868335], [-61.06775, -32.868381], [-61.067646, -32.868447], [-61.067613, -32.868468], [-61.067511, -32.868534], [-61.067408, -32.8686], [-61.067305, -32.868665], [-61.067227, -32.868714], [-61.067136, -32.868771], [-61.067034, -32.868833], [-61.066998, -32.868855], [-61.066921, -32.868903], [-61.066819, -32.868966], [-61.066725, -32.869024], [-61.066621, -32.869089], [-61.066516, -32.869154], [-61.066437, -32.869203], [-61.066333, -32.869268], [-61.066228, -32.869333], [-61.066124, -32.869398], [-61.066042, -32.869449], [-61.065939, -32.869514], [-61.065835, -32.869579], [-61.065731, -32.869645], [-61.065627, -32.86971], [-61.06554, -32.869764], [-61.065436, -32.869829], [-61.065332, -32.869894], [-61.065234, -32.869956], [-61.065135, -32.870017], [-61.065032, -32.870082], [-61.064928, -32.870148], [-61.064824, -32.870213], [-61.06472, -32.870279], [-61.064616, -32.870344], [-61.064512, -32.870409], [-61.064427, -32.870462], [-61.064324, -32.870527], [-61.06422, -32.870592], [-61.064146, -32.870638], [-61.064042, -32.870703], [-61.063937, -32.870768], [-61.063832, -32.870833], [-61.063728, -32.870898], [-61.063659, -32.870941], [-61.06356, -32.871003], [-61.063487, -32.871048], [-61.063485, -32.87105], [-61.063387, -32.871111], [-61.063321, -32.871156], [-61.063263, -32.871204], [-61.063213, -32.871261], [-61.063154, -32.871358], [-61.063111, -32.871454], [-61.063071, -32.871558], [-61.063031, -32.871661], [-61.062992, -32.871766], [-61.062954, -32.871866], [-61.062916, -32.87197], [-61.062878, -32.872074], [-61.062838, -32.872178], [-61.062799, -32.872282], [-61.062759, -32.872386], [-61.062745, -32.872422], [-61.062705, -32.872526], [-61.062665, -32.87263], [-61.06263, -32.872719], [-61.06259, -32.872823], [-61.06255, -32.872927], [-61.062511, -32.873032], [-61.062475, -32.873129], [-61.062436, -32.873233], [-61.062397, -32.873337], [-61.062358, -32.873441], [-61.062319, -32.873546], [-61.062279, -32.87365], [-61.062243, -32.873744], [-61.062203, -32.873848], [-61.062163, -32.873952], [-61.062123, -32.874056], [-61.062087, -32.874151], [-61.062047, -32.874255], [-61.062007, -32.87436], [-61.061968, -32.874464], [-61.06193, -32.874568], [-61.061891, -32.874673], [-61.061854, -32.874772], [-61.061815, -32.874877], [-61.061776, -32.87498], [-61.061746, -32.87506], [-61.061707, -32.875164], [-61.061668, -32.875268], [-61.061628, -32.875373], [-61.061589, -32.875477], [-61.061553, -32.875568], [-61.061516, -32.875667], [-61.061476, -32.875771], [-61.061443, -32.875858], [-61.061404, -32.875962], [-61.061372, -32.876044], [-61.061333, -32.876147], [-61.061305, -32.87622], [-61.061266, -32.876324], [-61.061236, -32.876404], [-61.061197, -32.876508], [-61.061166, -32.876589], [-61.061126, -32.876692], [-61.061086, -32.876796], [-61.061047, -32.8769], [-61.061008, -32.877005], [-61.060969, -32.877109], [-61.06093, -32.877214], [-61.060896, -32.877305], [-61.060857, -32.877409], [-61.060817, -32.877511], [-61.060777, -32.877616], [-61.060738, -32.87772], [-61.060711, -32.877789], [-61.060673, -32.877894], [-61.060635, -32.877998], [-61.060621, -32.878036], [-61.060582, -32.87814], [-61.060545, -32.878239], [-61.060506, -32.878342], [-61.060471, -32.87844], [-61.060432, -32.878544], [-61.060402, -32.878616], [-61.060354, -32.878692], [-61.060264, -32.878762], [-61.060159, -32.878826], [-61.060082, -32.878873], [-61.059982, -32.878935], [-61.05996, -32.878949], [-61.059856, -32.879014], [-61.059775, -32.879064], [-61.059672, -32.87913], [-61.059569, -32.879195], [-61.059465, -32.879261], [-61.059361, -32.879326], [-61.059256, -32.879391], [-61.059152, -32.879455], [-61.059047, -32.87952], [-61.058943, -32.879584], [-61.058865, -32.879633], [-61.058761, -32.879698], [-61.058657, -32.879764], [-61.058553, -32.879829], [-61.05845, -32.879893], [-61.058344, -32.879955], [-61.058237, -32.880018], [-61.058131, -32.88008], [-61.058026, -32.880142], [-61.057919, -32.880204], [-61.057812, -32.880266], [-61.05773, -32.880314], [-61.057624, -32.880376], [-61.057544, -32.880422], [-61.057438, -32.880484], [-61.057362, -32.880529], [-61.057255, -32.880591], [-61.057148, -32.880654], [-61.057042, -32.880716], [-61.056935, -32.880779], [-61.056829, -32.880841], [-61.056722, -32.880903], [-61.056616, -32.880964], [-61.056544, -32.881006], [-61.056437, -32.881068], [-61.056353, -32.881117], [-61.056247, -32.881179], [-61.056175, -32.881221], [-61.056069, -32.881283], [-61.055963, -32.881345], [-61.055857, -32.881407], [-61.055751, -32.881469], [-61.055645, -32.881531], [-61.055539, -32.881593], [-61.055439, -32.881651], [-61.055341, -32.881707], [-61.055253, -32.881758], [-61.055146, -32.88182], [-61.055056, -32.881873], [-61.05495, -32.881935], [-61.054844, -32.881998], [-61.054738, -32.88206], [-61.054631, -32.882123], [-61.054524, -32.882185], [-61.054418, -32.882247], [-61.054311, -32.882309], [-61.054226, -32.882358], [-61.05412, -32.88242], [-61.054037, -32.882469], [-61.05393, -32.882531], [-61.053834, -32.882587], [-61.053728, -32.882649], [-61.053622, -32.882711], [-61.053522, -32.88277], [-61.053416, -32.882832], [-61.053338, -32.882877], [-61.053231, -32.882939], [-61.053125, -32.883001], [-61.053018, -32.883062], [-61.052922, -32.883117], [-61.052816, -32.883179], [-61.05271, -32.883241], [-61.052604, -32.883303], [-61.052497, -32.883366], [-61.052421, -32.88341], [-61.052314, -32.883473], [-61.052215, -32.88353], [-61.052109, -32.883593], [-61.052002, -32.883655], [-61.051919, -32.883703], [-61.051817, -32.883763], [-61.05171, -32.883824], [-61.051624, -32.883875], [-61.051541, -32.883923], [-61.051434, -32.883985], [-61.051333, -32.884044], [-61.051233, -32.884102], [-61.051131, -32.884161], [-61.051025, -32.884223], [-61.050935, -32.884275], [-61.050828, -32.884337], [-61.050755, -32.88438], [-61.05065, -32.884441], [-61.050543, -32.884503], [-61.050438, -32.884565], [-61.050331, -32.884626], [-61.050224, -32.884688], [-61.050126, -32.884745], [-61.050019, -32.884807], [-61.049913, -32.884869], [-61.049806, -32.884931], [-61.0497, -32.884994], [-61.049594, -32.885056], [-61.049487, -32.885118], [-61.049381, -32.88518], [-61.049274, -32.885242], [-61.0492, -32.885286], [-61.049116, -32.885335], [-61.04901, -32.885397], [-61.048904, -32.885459], [-61.0488, -32.88552], [-61.048696, -32.88558], [-61.048589, -32.885642], [-61.048527, -32.885678], [-61.048421, -32.885739], [-61.048364, -32.885772], [-61.048274, -32.885824], [-61.048166, -32.885887], [-61.048059, -32.885949], [-61.047952, -32.88601], [-61.047845, -32.886072], [-61.047738, -32.886134], [-61.047631, -32.886196], [-61.047554, -32.886241], [-61.047447, -32.886302], [-61.047367, -32.886349], [-61.04726, -32.886411], [-61.047153, -32.886474], [-61.047046, -32.886536], [-61.046959, -32.886586], [-61.046853, -32.886648], [-61.046747, -32.886711], [-61.04667, -32.886756], [-61.046563, -32.886818], [-61.046456, -32.88688], [-61.046349, -32.886942], [-61.046242, -32.887005], [-61.046136, -32.887067], [-61.046029, -32.887129], [-61.045923, -32.887191], [-61.045816, -32.887253], [-61.04571, -32.887315], [-61.045603, -32.887377], [-61.045524, -32.887422], [-61.045418, -32.887483], [-61.045331, -32.887533], [-61.045224, -32.887595], [-61.045145, -32.887641], [-61.04505, -32.887696], [-61.044963, -32.887747], [-61.044858, -32.887809], [-61.044774, -32.887857], [-61.044667, -32.88792], [-61.044584, -32.887968], [-61.044477, -32.88803], [-61.044397, -32.888077], [-61.04429, -32.888139], [-61.044207, -32.888187], [-61.0441, -32.888249], [-61.044017, -32.888297], [-61.043918, -32.888355], [-61.043813, -32.888416], [-61.043706, -32.888478], [-61.04361, -32.888534], [-61.043503, -32.888596], [-61.043413, -32.888649], [-61.043306, -32.888711], [-61.0432, -32.888773], [-61.043094, -32.888835], [-61.042987, -32.888898], [-61.042881, -32.88896], [-61.042774, -32.889022], [-61.042668, -32.889084], [-61.042561, -32.889146], [-61.042454, -32.889207], [-61.042348, -32.889269], [-61.042242, -32.88933], [-61.042135, -32.889392], [-61.042029, -32.889454], [-61.041923, -32.889515], [-61.041816, -32.889577], [-61.04171, -32.889638], [-61.041603, -32.8897], [-61.041519, -32.889749], [-61.041412, -32.889811], [-61.041306, -32.889874], [-61.0412, -32.889936], [-61.041105, -32.889991], [-61.040998, -32.890054], [-61.040892, -32.890116], [-61.040785, -32.890178], [-61.040704, -32.890225], [-61.040597, -32.890287], [-61.040491, -32.890349], [-61.040388, -32.890409], [-61.040308, -32.890455], [-61.040221, -32.890506], [-61.040139, -32.890554], [-61.040032, -32.890616], [-61.039954, -32.890662], [-61.039862, -32.890715], [-61.039791, -32.890757], [-61.039705, -32.890807], [-61.039614, -32.89086], [-61.039507, -32.890922], [-61.039401, -32.890984], [-61.039294, -32.891046], [-61.039216, -32.891091], [-61.03916, -32.891123], [-61.03908, -32.891169], [-61.038974, -32.89123], [-61.038867, -32.891292], [-61.038761, -32.891355], [-61.038681, -32.891402], [-61.038574, -32.891464], [-61.038492, -32.891511], [-61.038385, -32.891572], [-61.038278, -32.891634], [-61.038172, -32.891696], [-61.038065, -32.891759], [-61.037959, -32.891821], [-61.037852, -32.891883], [-61.037747, -32.891944], [-61.037648, -32.892002], [-61.037543, -32.892064], [-61.037441, -32.892124], [-61.037334, -32.892187], [-61.03725, -32.892237], [-61.037144, -32.892299], [-61.037038, -32.892361], [-61.036931, -32.892422], [-61.036824, -32.892484], [-61.036717, -32.892546], [-61.03661, -32.892608], [-61.036504, -32.89267], [-61.036423, -32.892717], [-61.036316, -32.892779], [-61.036239, -32.892825], [-61.036133, -32.892887], [-61.036063, -32.892928], [-61.035956, -32.892991], [-61.035858, -32.893048], [-61.03576, -32.893105], [-61.035654, -32.893166], [-61.035547, -32.893228], [-61.035441, -32.893289], [-61.035334, -32.893351], [-61.035227, -32.893413], [-61.035121, -32.893476], [-61.035021, -32.893534], [-61.034928, -32.893589], [-61.03484, -32.89364], [-61.03474, -32.893699], [-61.034668, -32.893741], [-61.034568, -32.8938], [-61.034462, -32.893861], [-61.034355, -32.893923], [-61.034275, -32.893969], [-61.034168, -32.894031], [-61.034096, -32.894072], [-61.033989, -32.894134], [-61.033909, -32.894181], [-61.033802, -32.894243], [-61.033696, -32.894305], [-61.033593, -32.894366], [-61.033493, -32.894425], [-61.033387, -32.894487], [-61.033281, -32.894549], [-61.033174, -32.894611], [-61.033067, -32.894673], [-61.032961, -32.894734], [-61.032881, -32.894781], [-61.032774, -32.894843], [-61.032669, -32.894904], [-61.032563, -32.894966], [-61.032456, -32.895028], [-61.032349, -32.89509], [-61.032242, -32.895152], [-61.032136, -32.895213], [-61.03203, -32.895275], [-61.031923, -32.895337], [-61.031818, -32.895399], [-61.031711, -32.895461], [-61.031604, -32.895524], [-61.031497, -32.895586], [-61.031411, -32.895637], [-61.031332, -32.895684], [-61.031226, -32.895745], [-61.031118, -32.895807], [-61.031011, -32.895869], [-61.030904, -32.895931], [-61.030798, -32.895993], [-61.030691, -32.896055], [-61.030584, -32.896117], [-61.030477, -32.89618], [-61.030398, -32.896226], [-61.030291, -32.896288], [-61.030207, -32.896337], [-61.030103, -32.896398], [-61.029996, -32.89646], [-61.029889, -32.896522], [-61.029783, -32.896584], [-61.029676, -32.896647], [-61.029569, -32.896709], [-61.029463, -32.896771], [-61.029357, -32.896833], [-61.029319, -32.896855], [-61.029226, -32.896909], [-61.02912, -32.896971], [-61.029013, -32.897034], [-61.028907, -32.897096], [-61.028807, -32.897155], [-61.028726, -32.897204], [-61.028621, -32.897267], [-61.028516, -32.897331], [-61.028411, -32.897395], [-61.028306, -32.897459], [-61.0282, -32.897524], [-61.028096, -32.897587], [-61.027999, -32.897646], [-61.027898, -32.897708], [-61.027805, -32.897766], [-61.027701, -32.89783], [-61.027609, -32.897887], [-61.027505, -32.897951], [-61.027429, -32.897997], [-61.027323, -32.898062], [-61.02722, -32.898124], [-61.027115, -32.898188], [-61.02701, -32.898252], [-61.026922, -32.898305], [-61.026817, -32.898369], [-61.026715, -32.898432], [-61.026635, -32.898481], [-61.02653, -32.898546], [-61.02645, -32.898595], [-61.026345, -32.89866], [-61.02624, -32.898725], [-61.026135, -32.898789], [-61.026031, -32.898853], [-61.025926, -32.898917], [-61.025822, -32.898981], [-61.025719, -32.899044], [-61.025615, -32.899108], [-61.025514, -32.89917], [-61.025453, -32.899208], [-61.025347, -32.899271], [-61.025267, -32.89932], [-61.025171, -32.899379], [-61.025066, -32.899443], [-61.024961, -32.899507], [-61.024856, -32.899571], [-61.02477, -32.899624], [-61.024665, -32.899688], [-61.02456, -32.899752], [-61.024455, -32.899817], [-61.024371, -32.899868], [-61.024282, -32.899922], [-61.024178, -32.899986], [-61.024074, -32.90005], [-61.024, -32.900095], [-61.023899, -32.900157], [-61.023795, -32.900221], [-61.023732, -32.90026], [-61.023627, -32.900324], [-61.023546, -32.900373], [-61.023441, -32.900437], [-61.023336, -32.900501], [-61.023231, -32.900565], [-61.023127, -32.900629], [-61.023045, -32.90068], [-61.022939, -32.900745], [-61.022863, -32.900792], [-61.022758, -32.900856], [-61.022654, -32.90092], [-61.022549, -32.900984], [-61.02245, -32.901045], [-61.022345, -32.901109], [-61.022253, -32.901166], [-61.022148, -32.90123], [-61.022043, -32.901294], [-61.021939, -32.901358], [-61.021835, -32.901421], [-61.021731, -32.901485], [-61.021626, -32.901549], [-61.021522, -32.901613], [-61.021417, -32.901678], [-61.021313, -32.901742], [-61.021209, -32.901806], [-61.021104, -32.90187], [-61.021011, -32.901927], [-61.020906, -32.901991], [-61.02083, -32.902037], [-61.020726, -32.902101], [-61.020648, -32.902148], [-61.020543, -32.902212], [-61.020438, -32.902277], [-61.020333, -32.902341], [-61.020228, -32.902405], [-61.020123, -32.902469], [-61.020018, -32.902533], [-61.019914, -32.902598], [-61.019815, -32.902659], [-61.01971, -32.902723], [-61.019629, -32.902772], [-61.019525, -32.902836], [-61.019421, -32.9029], [-61.019316, -32.902964], [-61.019284, -32.902984], [-61.019198, -32.903035], [-61.019107, -32.903089], [-61.019001, -32.903152], [-61.0189, -32.903211], [-61.018801, -32.903269], [-61.018695, -32.903331], [-61.018592, -32.903389], [-61.01849, -32.903447], [-61.018383, -32.903508], [-61.018307, -32.903552], [-61.0182, -32.903613], [-61.018111, -32.903663], [-61.018005, -32.903725], [-61.017923, -32.903772], [-61.017842, -32.903818], [-61.017736, -32.90388], [-61.01763, -32.903941], [-61.017523, -32.904003], [-61.017416, -32.904064], [-61.017343, -32.904105], [-61.017312, -32.904123], [-61.017228, -32.904171], [-61.017122, -32.904231], [-61.017015, -32.904291], [-61.016908, -32.904352], [-61.016828, -32.904398], [-61.016723, -32.904459], [-61.016619, -32.90452], [-61.016514, -32.904582], [-61.016407, -32.904644], [-61.016301, -32.904706], [-61.016195, -32.904768], [-61.016088, -32.90483], [-61.015988, -32.904887], [-61.015881, -32.904949], [-61.015775, -32.90501], [-61.015675, -32.905068], [-61.015569, -32.905129], [-61.015462, -32.90519], [-61.015355, -32.905251], [-61.015248, -32.905313], [-61.015142, -32.905374], [-61.015035, -32.905436], [-61.014928, -32.905497], [-61.014833, -32.905552], [-61.014732, -32.905609], [-61.014625, -32.90567], [-61.014518, -32.905732], [-61.014441, -32.905777], [-61.014335, -32.905838], [-61.014228, -32.9059], [-61.014121, -32.905962], [-61.014015, -32.906023], [-61.013914, -32.906081], [-61.013814, -32.906139], [-61.01377, -32.906165], [-61.013664, -32.906226], [-61.013558, -32.906287], [-61.01345, -32.906349], [-61.01337, -32.906395], [-61.013262, -32.906457], [-61.013154, -32.906518], [-61.013048, -32.906579], [-61.012962, -32.906628], [-61.012855, -32.906689], [-61.012749, -32.906751], [-61.012642, -32.906813], [-61.012535, -32.906875], [-61.012428, -32.906937], [-61.012321, -32.906999], [-61.012224, -32.907056], [-61.012118, -32.907117], [-61.012011, -32.907179], [-61.011904, -32.90724], [-61.011797, -32.907302], [-61.011717, -32.907348], [-61.011614, -32.907407], [-61.011506, -32.907468], [-61.011399, -32.90753], [-61.011309, -32.907582], [-61.011202, -32.907643], [-61.011114, -32.907693], [-61.011008, -32.907755], [-61.010901, -32.907818], [-61.010794, -32.90788], [-61.010716, -32.907925], [-61.010609, -32.907987], [-61.010503, -32.908048], [-61.010395, -32.90811], [-61.0103, -32.908165], [-61.010193, -32.908227], [-61.010085, -32.908288], [-61.009978, -32.90835], [-61.009871, -32.908412], [-61.009764, -32.908473], [-61.009664, -32.908531], [-61.009557, -32.908593], [-61.009463, -32.908647], [-61.009375, -32.908698], [-61.009269, -32.908759], [-61.009206, -32.908796], [-61.0091, -32.908858], [-61.008993, -32.90892], [-61.008886, -32.908982], [-61.008779, -32.909044], [-61.008678, -32.909102], [-61.008571, -32.909164], [-61.008464, -32.909227], [-61.008358, -32.909289], [-61.008251, -32.909351], [-61.008145, -32.909412], [-61.008038, -32.909475], [-61.007942, -32.909531], [-61.007866, -32.909576], [-61.00776, -32.909639], [-61.007668, -32.909693], [-61.007562, -32.909756], [-61.007456, -32.909818], [-61.007349, -32.90988], [-61.007242, -32.909942], [-61.007135, -32.910004], [-61.007028, -32.910066], [-61.006921, -32.910128], [-61.006815, -32.910189], [-61.006707, -32.910252], [-61.00662, -32.910303], [-61.006514, -32.910365], [-61.006419, -32.91042], [-61.006313, -32.910482], [-61.006234, -32.910529], [-61.006128, -32.910591], [-61.006022, -32.910653], [-61.005916, -32.910714], [-61.00581, -32.910776], [-61.005704, -32.910838], [-61.005613, -32.910891], [-61.005512, -32.91095], [-61.005407, -32.911012], [-61.0053, -32.911074], [-61.005193, -32.911136], [-61.005087, -32.911199], [-61.005013, -32.911241], [-61.004906, -32.911304], [-61.004806, -32.911362], [-61.004699, -32.911424], [-61.004594, -32.911486], [-61.004487, -32.911548], [-61.00438, -32.91161], [-61.004274, -32.911672], [-61.004167, -32.911734], [-61.004061, -32.911796], [-61.003954, -32.911858], [-61.003848, -32.91192], [-61.003742, -32.911982], [-61.003636, -32.912044], [-61.003529, -32.912107], [-61.003423, -32.912169], [-61.003322, -32.912227], [-61.003215, -32.912289], [-61.003108, -32.912351], [-61.003001, -32.912413], [-61.002894, -32.912476], [-61.002787, -32.912538], [-61.002681, -32.912599], [-61.002574, -32.912661], [-61.002468, -32.912723], [-61.002361, -32.912785], [-61.002279, -32.912833], [-61.002179, -32.912891], [-61.002078, -32.91295], [-61.001972, -32.913012], [-61.00189, -32.91306], [-61.001784, -32.913122], [-61.001677, -32.913185], [-61.001571, -32.913247], [-61.001465, -32.913309], [-61.001378, -32.913359], [-61.001271, -32.913421], [-61.001177, -32.913475], [-61.00107, -32.913537], [-61.000963, -32.913599], [-61.000857, -32.913661], [-61.000751, -32.913723], [-61.000645, -32.913785], [-61.000537, -32.913848], [-61.00043, -32.913911], [-61.000324, -32.913972], [-61.000217, -32.914035], [-61.00011, -32.914097], [-61.000004, -32.91416], [-60.999897, -32.914222], [-60.999808, -32.914273], [-60.999701, -32.914335], [-60.999593, -32.914397], [-60.999517, -32.914442], [-60.99941, -32.914504], [-60.999305, -32.914566], [-60.999232, -32.914608], [-60.999127, -32.914668], [-60.999021, -32.914729], [-60.998914, -32.914792], [-60.998877, -32.914813], [-60.998771, -32.914875], [-60.998665, -32.914937], [-60.998558, -32.914998], [-60.998451, -32.91506], [-60.998359, -32.915114], [-60.998281, -32.915159], [-60.998174, -32.91522], [-60.998067, -32.915282], [-60.99796, -32.915344], [-60.997856, -32.915405], [-60.997749, -32.915466], [-60.997643, -32.915529], [-60.997542, -32.915587], [-60.997436, -32.915649], [-60.99733, -32.91571], [-60.997255, -32.915755], [-60.997148, -32.915816], [-60.997042, -32.915878], [-60.996935, -32.91594], [-60.996828, -32.916001], [-60.996721, -32.916063], [-60.996618, -32.916122], [-60.996511, -32.916185], [-60.996405, -32.916246], [-60.996298, -32.916309], [-60.996191, -32.916371], [-60.996085, -32.916432], [-60.995979, -32.916494], [-60.995873, -32.916556], [-60.995766, -32.916618], [-60.99566, -32.916679], [-60.995562, -32.916735], [-60.995455, -32.916797], [-60.995348, -32.916859], [-60.995241, -32.91692], [-60.995134, -32.916982], [-60.995028, -32.917044], [-60.994921, -32.917105], [-60.994814, -32.917167], [-60.994707, -32.917229], [-60.9946, -32.917291], [-60.994494, -32.917353], [-60.994388, -32.917415], [-60.994281, -32.917476], [-60.994177, -32.917536], [-60.994091, -32.917586], [-60.993985, -32.917647], [-60.993901, -32.917696], [-60.993795, -32.917758], [-60.993687, -32.91782], [-60.99358, -32.917883], [-60.993495, -32.917932], [-60.993388, -32.917994], [-60.993305, -32.918042], [-60.993198, -32.918104], [-60.993091, -32.918166], [-60.992984, -32.918228], [-60.992898, -32.918278], [-60.992791, -32.91834], [-60.992687, -32.9184], [-60.992587, -32.918458], [-60.99248, -32.91852], [-60.992376, -32.91858], [-60.992281, -32.918635], [-60.992187, -32.91869], [-60.992112, -32.918734], [-60.992005, -32.918796], [-60.991903, -32.918855], [-60.991797, -32.918917], [-60.991701, -32.918973], [-60.991595, -32.919035], [-60.991489, -32.919097], [-60.991382, -32.919159], [-60.991276, -32.919221], [-60.991168, -32.919282], [-60.991065, -32.919341], [-60.990958, -32.919403], [-60.990852, -32.919464], [-60.99075, -32.919523], [-60.990678, -32.919565], [-60.990571, -32.919627], [-60.990464, -32.919688], [-60.990371, -32.919742], [-60.990265, -32.919805], [-60.990159, -32.919868], [-60.99008, -32.919914], [-60.989989, -32.919968], [-60.989884, -32.920031], [-60.989778, -32.920094], [-60.989672, -32.920157], [-60.989596, -32.920202], [-60.98949, -32.920265], [-60.98943, -32.920301], [-60.989348, -32.920349], [-60.989243, -32.920412], [-60.989165, -32.920459], [-60.98906, -32.920521], [-60.988955, -32.920584], [-60.98885, -32.920647], [-60.988745, -32.920711], [-60.988639, -32.920774], [-60.988535, -32.920837], [-60.988429, -32.920899], [-60.988323, -32.920962], [-60.988216, -32.921025], [-60.988113, -32.921086], [-60.988018, -32.921142], [-60.987912, -32.921204], [-60.987805, -32.921267], [-60.987706, -32.921326], [-60.987624, -32.921375], [-60.987519, -32.921438], [-60.987413, -32.921502], [-60.987336, -32.921548], [-60.98723, -32.921611], [-60.987124, -32.921673], [-60.987018, -32.921736], [-60.986911, -32.921799], [-60.986805, -32.921861], [-60.986699, -32.921924], [-60.986593, -32.921987], [-60.986508, -32.922038], [-60.986402, -32.922101], [-60.986296, -32.922165], [-60.986196, -32.922224], [-60.98609, -32.922287], [-60.985989, -32.922347], [-60.985884, -32.92241], [-60.985785, -32.922468], [-60.985703, -32.922517], [-60.985597, -32.92258], [-60.985517, -32.922628], [-60.985411, -32.922692], [-60.985325, -32.922743], [-60.985219, -32.922806], [-60.985113, -32.92287], [-60.985007, -32.922933], [-60.984901, -32.922996], [-60.984795, -32.923059], [-60.984689, -32.923122], [-60.984582, -32.923185], [-60.98449, -32.92324], [-60.984391, -32.923299], [-60.984292, -32.923357], [-60.984186, -32.923421], [-60.98408, -32.923484], [-60.983979, -32.923543], [-60.983874, -32.923606], [-60.983767, -32.923669], [-60.983661, -32.923733], [-60.983561, -32.923792], [-60.983461, -32.923852], [-60.983355, -32.923916], [-60.983249, -32.923979], [-60.983143, -32.924042], [-60.983036, -32.924105], [-60.982932, -32.924166], [-60.982826, -32.924229], [-60.98272, -32.924293], [-60.982662, -32.924327], [-60.982556, -32.92439], [-60.982451, -32.924453], [-60.982346, -32.924516], [-60.982268, -32.924563], [-60.982162, -32.924626], [-60.982074, -32.924679], [-60.981968, -32.924742], [-60.981863, -32.924805], [-60.981764, -32.924864], [-60.98166, -32.924926], [-60.981554, -32.924989], [-60.981448, -32.925052], [-60.981356, -32.925107], [-60.98125, -32.925169], [-60.981144, -32.925232], [-60.981038, -32.925295], [-60.980931, -32.925358], [-60.980825, -32.925421], [-60.980719, -32.925484], [-60.980641, -32.92553], [-60.980535, -32.925593], [-60.980429, -32.925656], [-60.980324, -32.925719], [-60.980218, -32.925782], [-60.980122, -32.925839], [-60.980017, -32.925902], [-60.979911, -32.925966], [-60.979806, -32.926029], [-60.979752, -32.92606], [-60.979647, -32.926124], [-60.979541, -32.926188], [-60.979442, -32.926247], [-60.979336, -32.92631], [-60.97923, -32.926373], [-60.979119, -32.92643], [-60.979013, -32.926479], [-60.9789, -32.926531], [-60.978814, -32.92657], [-60.9787, -32.926622], [-60.978587, -32.926674], [-60.978474, -32.926726], [-60.978361, -32.926778], [-60.978248, -32.92683], [-60.978135, -32.926882], [-60.978022, -32.926934], [-60.977909, -32.926987], [-60.977796, -32.92704], [-60.977687, -32.927098], [-60.977581, -32.927161], [-60.977489, -32.927216], [-60.977382, -32.927278], [-60.977275, -32.927339], [-60.977186, -32.927389], [-60.977079, -32.927451], [-60.976977, -32.92751], [-60.97687, -32.927571], [-60.976764, -32.927633], [-60.976657, -32.927695], [-60.97655, -32.927756], [-60.976479, -32.927797], [-60.976372, -32.927859], [-60.976268, -32.92792], [-60.976163, -32.927982], [-60.97608, -32.92803], [-60.975973, -32.928093], [-60.975866, -32.928155], [-60.975758, -32.928217], [-60.975652, -32.928279], [-60.975551, -32.928337], [-60.975446, -32.928398], [-60.975339, -32.92846], [-60.975233, -32.928522], [-60.975126, -32.928584], [-60.975019, -32.928645], [-60.974919, -32.928703], [-60.97482, -32.928761], [-60.974722, -32.928817], [-60.974616, -32.928879], [-60.974509, -32.928941], [-60.974402, -32.929002], [-60.974296, -32.929064], [-60.974189, -32.929126], [-60.974082, -32.929187], [-60.973976, -32.929249], [-60.973869, -32.929311], [-60.973762, -32.929373], [-60.973669, -32.929427], [-60.973563, -32.929489], [-60.973471, -32.929542], [-60.973364, -32.929604], [-60.973257, -32.929665], [-60.973151, -32.929727], [-60.973046, -32.929787], [-60.97294, -32.929848], [-60.972833, -32.92991], [-60.972728, -32.92997], [-60.972621, -32.930031], [-60.972515, -32.930092], [-60.972445, -32.930132], [-60.972338, -32.930194], [-60.972232, -32.930256], [-60.972125, -32.930317], [-60.972018, -32.930379], [-60.971911, -32.930441], [-60.971805, -32.930504], [-60.971698, -32.930566], [-60.971592, -32.930628], [-60.971485, -32.930689], [-60.971395, -32.930742], [-60.971302, -32.930795], [-60.971206, -32.93085], [-60.971099, -32.930912], [-60.971005, -32.930966], [-60.970907, -32.931023], [-60.970801, -32.931085], [-60.970694, -32.931147], [-60.970588, -32.931209], [-60.970482, -32.931271], [-60.970375, -32.931333], [-60.970268, -32.931395], [-60.970161, -32.931456], [-60.970054, -32.931518], [-60.969951, -32.931577], [-60.969844, -32.931638], [-60.969764, -32.931684], [-60.969657, -32.931746], [-60.969564, -32.9318], [-60.969457, -32.931861], [-60.969349, -32.931923], [-60.969259, -32.931975], [-60.969153, -32.932037], [-60.969085, -32.932077], [-60.968978, -32.932139], [-60.968871, -32.9322], [-60.968764, -32.932261], [-60.968656, -32.932323], [-60.968552, -32.932383], [-60.968445, -32.932445], [-60.968338, -32.932507], [-60.968232, -32.932568], [-60.968125, -32.93263], [-60.968018, -32.932692], [-60.967911, -32.932754], [-60.967805, -32.932816], [-60.967698, -32.932878], [-60.967591, -32.932939], [-60.967484, -32.933001], [-60.967377, -32.933063], [-60.96727, -32.933124], [-60.967163, -32.933186], [-60.967057, -32.933248], [-60.96695, -32.933309], [-60.966843, -32.933371], [-60.966735, -32.933433], [-60.966635, -32.93349], [-60.966555, -32.933537], [-60.966448, -32.933599], [-60.966341, -32.933661], [-60.966235, -32.933723], [-60.966128, -32.933785], [-60.96602, -32.933847], [-60.965918, -32.933906], [-60.965816, -32.933965], [-60.965709, -32.934027], [-60.965602, -32.934089], [-60.965494, -32.934151], [-60.965388, -32.934213], [-60.965281, -32.934275], [-60.965175, -32.934337], [-60.965068, -32.934398], [-60.964961, -32.93446], [-60.964853, -32.934522], [-60.964746, -32.934584], [-60.964639, -32.934645], [-60.964531, -32.934707], [-60.964424, -32.934769], [-60.964319, -32.93483], [-60.964212, -32.934891], [-60.964106, -32.934953], [-60.963999, -32.935015], [-60.963892, -32.935077], [-60.963785, -32.935139], [-60.963678, -32.935201], [-60.963571, -32.935262], [-60.963466, -32.935322], [-60.96336, -32.935384], [-60.963253, -32.935446], [-60.963153, -32.935504], [-60.963046, -32.935566], [-60.962962, -32.935614], [-60.962855, -32.935676], [-60.962775, -32.935723], [-60.962668, -32.935784], [-60.962561, -32.935846], [-60.962454, -32.935907], [-60.962348, -32.935969], [-60.96224, -32.93603], [-60.962133, -32.936092], [-60.962026, -32.936153], [-60.961919, -32.936215], [-60.961812, -32.936277], [-60.961705, -32.936338], [-60.961598, -32.936399], [-60.961491, -32.936461], [-60.961385, -32.936523], [-60.961278, -32.936585], [-60.961172, -32.936646], [-60.961088, -32.936695], [-60.960982, -32.936757], [-60.960875, -32.936819], [-60.960769, -32.936881], [-60.960662, -32.936943], [-60.960554, -32.937005], [-60.960451, -32.937064], [-60.960344, -32.937127], [-60.960249, -32.937182], [-60.960142, -32.937243], [-60.960056, -32.937293], [-60.959949, -32.937354], [-60.959868, -32.937401], [-60.959767, -32.93746], [-60.959685, -32.937507], [-60.959625, -32.937542], [-60.959546, -32.937588], [-60.959439, -32.93765], [-60.959358, -32.937696], [-60.959251, -32.937758], [-60.959144, -32.93782], [-60.959037, -32.937883], [-60.958932, -32.937944], [-60.958826, -32.938004], [-60.958718, -32.938066], [-60.958611, -32.938128], [-60.958504, -32.93819], [-60.958398, -32.938252], [-60.958291, -32.938315], [-60.958184, -32.938376], [-60.958077, -32.938438], [-60.95797, -32.9385], [-60.957863, -32.938562], [-60.957756, -32.938623], [-60.957649, -32.938685], [-60.957578, -32.938726], [-60.957471, -32.938787], [-60.957364, -32.938849], [-60.957279, -32.938898], [-60.957172, -32.93896], [-60.957066, -32.939021], [-60.95696, -32.939083], [-60.956862, -32.939141], [-60.956759, -32.939201], [-60.956653, -32.939263], [-60.956546, -32.939325], [-60.95644, -32.939387], [-60.956334, -32.939449], [-60.95623, -32.939509], [-60.956123, -32.939571], [-60.956048, -32.939615], [-60.955948, -32.939673], [-60.955841, -32.939735], [-60.955758, -32.939784], [-60.955656, -32.939843], [-60.955549, -32.939905], [-60.955442, -32.939967], [-60.955335, -32.940029], [-60.955228, -32.940091], [-60.955131, -32.940147], [-60.955024, -32.940209], [-60.954921, -32.940269], [-60.954814, -32.940331], [-60.954714, -32.940389], [-60.954636, -32.940435], [-60.954529, -32.940496], [-60.954422, -32.940558], [-60.954316, -32.94062], [-60.954209, -32.940681], [-60.954102, -32.940743], [-60.953996, -32.940805], [-60.953889, -32.940867], [-60.953783, -32.940929], [-60.953676, -32.940991], [-60.95357, -32.941052], [-60.953463, -32.941114], [-60.953355, -32.941176], [-60.953248, -32.941238], [-60.953142, -32.941299], [-60.953035, -32.941361], [-60.952929, -32.941424], [-60.952822, -32.941486], [-60.952716, -32.941548], [-60.952609, -32.94161], [-60.952509, -32.941669], [-60.952402, -32.941731], [-60.952296, -32.941793], [-60.952189, -32.941855], [-60.952082, -32.941918], [-60.951975, -32.94198], [-60.951882, -32.942034], [-60.951774, -32.942097], [-60.951667, -32.942159], [-60.951561, -32.942221], [-60.951479, -32.942268], [-60.951372, -32.94233], [-60.951294, -32.942376], [-60.951187, -32.942438], [-60.951094, -32.942492], [-60.950988, -32.942555], [-60.950881, -32.942617], [-60.950775, -32.942679], [-60.950668, -32.942741], [-60.950561, -32.942802], [-60.950481, -32.942848], [-60.950374, -32.94291], [-60.950293, -32.942956], [-60.950187, -32.943018], [-60.9501, -32.943068], [-60.949993, -32.94313], [-60.949895, -32.943187], [-60.949788, -32.943249], [-60.949681, -32.943311], [-60.949573, -32.943374], [-60.949466, -32.943436], [-60.949364, -32.943495], [-60.949277, -32.943545], [-60.949172, -32.943607], [-60.949093, -32.943652], [-60.948991, -32.943711], [-60.948898, -32.943765], [-60.948791, -32.943827], [-60.948685, -32.943889], [-60.94858, -32.94395], [-60.948475, -32.944012], [-60.948369, -32.944073], [-60.948263, -32.944135], [-60.948157, -32.944197], [-60.94805, -32.944258], [-60.947944, -32.94432], [-60.947856, -32.944372], [-60.947752, -32.944432], [-60.947645, -32.944495], [-60.947538, -32.944557], [-60.947447, -32.944611], [-60.947339, -32.944674], [-60.947232, -32.944736], [-60.947126, -32.944798], [-60.94702, -32.94486], [-60.946913, -32.944922], [-60.946807, -32.944985], [-60.946701, -32.945046], [-60.946599, -32.945105], [-60.946497, -32.945163], [-60.94639, -32.945225], [-60.946283, -32.945287], [-60.946176, -32.945349], [-60.94607, -32.945411], [-60.945966, -32.945472], [-60.94586, -32.945534], [-60.945755, -32.945596], [-60.945648, -32.945659], [-60.945543, -32.945721], [-60.945436, -32.945783], [-60.945351, -32.945833], [-60.945244, -32.945895], [-60.945167, -32.945939], [-60.945067, -32.945997], [-60.94496, -32.946059], [-60.944854, -32.946121], [-60.944747, -32.946183], [-60.94464, -32.946245], [-60.944533, -32.946307], [-60.944427, -32.94637], [-60.94432, -32.946433], [-60.944214, -32.946495], [-60.944129, -32.946545], [-60.944021, -32.946607], [-60.943934, -32.946657], [-60.943827, -32.946719], [-60.94372, -32.946781], [-60.943614, -32.946843], [-60.943507, -32.946905], [-60.943401, -32.946966], [-60.943295, -32.947028], [-60.943188, -32.947091], [-60.943112, -32.947135], [-60.943005, -32.947197], [-60.942929, -32.947242], [-60.942822, -32.947304], [-60.942733, -32.947356], [-60.942626, -32.947418], [-60.942534, -32.947472], [-60.942427, -32.947534], [-60.94232, -32.947596], [-60.942213, -32.947658], [-60.942106, -32.94772], [-60.941999, -32.947782], [-60.941891, -32.947843], [-60.941784, -32.947906], [-60.941677, -32.947968], [-60.941583, -32.948023], [-60.941477, -32.948085], [-60.94137, -32.948148], [-60.941263, -32.94821], [-60.941157, -32.948272], [-60.94105, -32.948333], [-60.940956, -32.948387], [-60.940857, -32.948444], [-60.94075, -32.948507], [-60.940644, -32.948568], [-60.940537, -32.948631], [-60.94043, -32.948693], [-60.940323, -32.948754], [-60.940216, -32.948816], [-60.940107, -32.948879], [-60.94, -32.948941], [-60.939894, -32.949002], [-60.939788, -32.949064], [-60.939683, -32.949125], [-60.939576, -32.949187], [-60.939471, -32.949248], [-60.939365, -32.94931], [-60.939274, -32.949363], [-60.939171, -32.949422], [-60.939077, -32.949476], [-60.93897, -32.949537], [-60.938865, -32.949598], [-60.938758, -32.949659], [-60.938651, -32.949722], [-60.938545, -32.949784], [-60.938458, -32.949834], [-60.938355, -32.949894], [-60.938263, -32.949948], [-60.938157, -32.950009], [-60.938052, -32.950071], [-60.937945, -32.950133], [-60.937844, -32.950191], [-60.937737, -32.950253], [-60.93763, -32.950316], [-60.937524, -32.950378], [-60.937417, -32.95044], [-60.93731, -32.950503], [-60.937202, -32.950564], [-60.937095, -32.950626], [-60.936988, -32.950688], [-60.936881, -32.95075], [-60.936774, -32.950811], [-60.936667, -32.950873], [-60.936588, -32.950918], [-60.936494, -32.950972], [-60.936406, -32.951024], [-60.936299, -32.951086], [-60.936193, -32.951148], [-60.936087, -32.95121], [-60.936007, -32.951257], [-60.935902, -32.95132], [-60.935797, -32.951381], [-60.93569, -32.951443], [-60.935583, -32.951505], [-60.935476, -32.951567], [-60.935369, -32.951629], [-60.935262, -32.951691], [-60.935156, -32.951752], [-60.935049, -32.951814], [-60.934942, -32.951876], [-60.934835, -32.951938], [-60.934729, -32.952], [-60.934622, -32.952062], [-60.934515, -32.952124], [-60.934409, -32.952186], [-60.934303, -32.952248], [-60.934196, -32.952309], [-60.934088, -32.952372], [-60.933981, -32.952434], [-60.933874, -32.952496], [-60.933768, -32.952558], [-60.933661, -32.95262], [-60.933561, -32.952678], [-60.933454, -32.952739], [-60.933361, -32.952794], [-60.933257, -32.952855], [-60.933169, -32.952906], [-60.933062, -32.952968], [-60.932955, -32.95303], [-60.932848, -32.953092], [-60.932741, -32.953153], [-60.932634, -32.953215], [-60.932533, -32.953273], [-60.932426, -32.953335], [-60.932319, -32.953397], [-60.932213, -32.953458], [-60.932111, -32.953516], [-60.932018, -32.95357], [-60.931911, -32.953633], [-60.931804, -32.953695], [-60.9317, -32.953756], [-60.931594, -32.953818], [-60.931487, -32.95388], [-60.931379, -32.953942], [-60.931272, -32.954004], [-60.931165, -32.954066], [-60.931059, -32.954127], [-60.930952, -32.95419], [-60.930845, -32.954251], [-60.930763, -32.954298], [-60.93066, -32.954358], [-60.930553, -32.95442], [-60.930447, -32.954483], [-60.930339, -32.954545], [-60.930233, -32.954607], [-60.930126, -32.954669], [-60.930019, -32.954731], [-60.929944, -32.954775], [-60.929835, -32.954838], [-60.929754, -32.954885], [-60.929654, -32.954943], [-60.92957, -32.954992], [-60.929463, -32.955054], [-60.929372, -32.955106], [-60.929265, -32.955167], [-60.929158, -32.955229], [-60.929051, -32.955291], [-60.928944, -32.955353], [-60.928837, -32.955415], [-60.928735, -32.955474], [-60.928627, -32.955537], [-60.928543, -32.955586], [-60.92845, -32.95564], [-60.928343, -32.955702], [-60.928249, -32.955758], [-60.928142, -32.95582], [-60.928036, -32.955882], [-60.92794, -32.955938], [-60.927836, -32.955999], [-60.927731, -32.956061], [-60.927652, -32.956107], [-60.927545, -32.956169], [-60.927466, -32.956216], [-60.927359, -32.956278], [-60.927275, -32.956326], [-60.927168, -32.956389], [-60.927072, -32.956444], [-60.926966, -32.956506], [-60.926859, -32.956568], [-60.926752, -32.956631], [-60.926662, -32.956683], [-60.926557, -32.956744], [-60.926451, -32.956806], [-60.926344, -32.956868], [-60.926267, -32.956913], [-60.92616, -32.956975], [-60.926077, -32.957024], [-60.92597, -32.957086], [-60.925861, -32.957149], [-60.925755, -32.95721], [-60.925649, -32.957272], [-60.92555, -32.95733], [-60.925443, -32.957392], [-60.925337, -32.957454], [-60.925231, -32.957516], [-60.925131, -32.957574], [-60.925041, -32.957626], [-60.924936, -32.957688], [-60.924835, -32.957747], [-60.924729, -32.957809], [-60.924623, -32.957871], [-60.924517, -32.957933], [-60.924411, -32.957994], [-60.924305, -32.958056], [-60.924209, -32.958113], [-60.924138, -32.958154], [-60.924035, -32.958214], [-60.923928, -32.958276], [-60.923842, -32.958327], [-60.923768, -32.95837], [-60.923661, -32.958432], [-60.923555, -32.958494], [-60.923464, -32.958547], [-60.923357, -32.958609], [-60.923267, -32.958661], [-60.92316, -32.958723], [-60.92308, -32.95877], [-60.922996, -32.958819], [-60.92289, -32.958881], [-60.922783, -32.958943], [-60.922677, -32.959005], [-60.92257, -32.959067], [-60.922463, -32.959129], [-60.922362, -32.959188], [-60.922287, -32.959232], [-60.922179, -32.959295], [-60.922073, -32.959358], [-60.921966, -32.959421], [-60.921859, -32.959483], [-60.921752, -32.959546], [-60.921645, -32.959608], [-60.921538, -32.95967], [-60.921431, -32.959732], [-60.921325, -32.959793], [-60.921243, -32.959841], [-60.921136, -32.959903], [-60.921029, -32.959966], [-60.920923, -32.960028], [-60.920824, -32.960086], [-60.920717, -32.960149], [-60.920617, -32.960208], [-60.920512, -32.96027], [-60.920405, -32.960332], [-60.920308, -32.960389], [-60.920201, -32.960451], [-60.920094, -32.960513], [-60.919988, -32.960575], [-60.919881, -32.960636], [-60.919774, -32.960698], [-60.919667, -32.96076], [-60.919561, -32.960822], [-60.919454, -32.960885], [-60.919349, -32.960946], [-60.919252, -32.961003], [-60.919146, -32.961065], [-60.919039, -32.961127], [-60.918932, -32.96119], [-60.918841, -32.961244], [-60.918734, -32.961306], [-60.918661, -32.961348], [-60.918554, -32.96141], [-60.918482, -32.961452], [-60.918375, -32.961514], [-60.918271, -32.961575], [-60.91819, -32.961622], [-60.918089, -32.961682], [-60.917984, -32.961744], [-60.917894, -32.961796], [-60.917787, -32.961858], [-60.917681, -32.961921], [-60.917574, -32.961983], [-60.917467, -32.962045], [-60.91736, -32.962107], [-60.91726, -32.962164], [-60.917165, -32.962219], [-60.917065, -32.962277], [-60.916958, -32.962339], [-60.916852, -32.962401], [-60.916771, -32.962448], [-60.916684, -32.962499], [-60.916577, -32.962562], [-60.916493, -32.96261], [-60.916392, -32.962669], [-60.916286, -32.962732], [-60.91618, -32.962793], [-60.916074, -32.962855], [-60.915968, -32.962918], [-60.915861, -32.96298], [-60.915754, -32.963042], [-60.915665, -32.963094], [-60.915558, -32.963156], [-60.915465, -32.96321], [-60.915358, -32.963273], [-60.915252, -32.963334], [-60.915145, -32.963397], [-60.915046, -32.963454], [-60.91494, -32.963516], [-60.914834, -32.963578], [-60.914729, -32.96364], [-60.914622, -32.963702], [-60.914516, -32.963764], [-60.914429, -32.963815], [-60.914323, -32.963877], [-60.914216, -32.963939], [-60.914138, -32.963984], [-60.914031, -32.964046], [-60.913926, -32.964108], [-60.913819, -32.96417], [-60.913713, -32.964232], [-60.913625, -32.964284], [-60.913525, -32.964342], [-60.913419, -32.964405], [-60.913312, -32.964467], [-60.913205, -32.96453], [-60.913099, -32.964592], [-60.912992, -32.964654], [-60.912886, -32.964716], [-60.912779, -32.964778], [-60.912675, -32.96484], [-60.912568, -32.964902], [-60.912462, -32.964965], [-60.912356, -32.965028], [-60.912251, -32.965091], [-60.912145, -32.965154], [-60.91204, -32.965218], [-60.911934, -32.965281], [-60.911828, -32.965344], [-60.911722, -32.965407], [-60.911616, -32.96547], [-60.911511, -32.965533], [-60.911405, -32.965596], [-60.911299, -32.965659], [-60.911193, -32.965722], [-60.91109, -32.965784], [-60.910984, -32.965847], [-60.910879, -32.965909], [-60.910772, -32.965972], [-60.910682, -32.966025], [-60.910576, -32.966088], [-60.91047, -32.966151], [-60.910364, -32.966215], [-60.910258, -32.966278], [-60.910236, -32.966292], [-60.91013, -32.966356], [-60.910025, -32.966419], [-60.909913, -32.966475], [-60.909788, -32.966505], [-60.909661, -32.966525], [-60.909534, -32.966546], [-60.909405, -32.966567], [-60.909386, -32.96657], [-60.909281, -32.966587], [-60.909157, -32.966619], [-60.909045, -32.966674], [-60.908981, -32.966711], [-60.908881, -32.96677], [-60.908783, -32.966827], [-60.908677, -32.966889], [-60.908569, -32.966951], [-60.908463, -32.967012], [-60.908355, -32.967073], [-60.908247, -32.967135], [-60.90814, -32.967196], [-60.908033, -32.967256], [-60.907926, -32.967316], [-60.907819, -32.967377], [-60.907712, -32.967438], [-60.907624, -32.967488], [-60.907538, -32.967537], [-60.90743, -32.967599], [-60.907323, -32.96766], [-60.907215, -32.967721], [-60.907139, -32.967764], [-60.907031, -32.967825], [-60.906923, -32.967885], [-60.906817, -32.967945], [-60.90671, -32.968006], [-60.906602, -32.968067], [-60.906497, -32.968126], [-60.90639, -32.968187], [-60.906281, -32.968248], [-60.906173, -32.968309], [-60.906095, -32.968354], [-60.905993, -32.968411], [-60.905903, -32.968463], [-60.905795, -32.968524], [-60.905716, -32.96857], [-60.905619, -32.968628], [-60.905534, -32.96868], [-60.905428, -32.968743], [-60.905348, -32.968792], [-60.905243, -32.968856], [-60.905137, -32.96892], [-60.905048, -32.968974], [-60.904974, -32.969019], [-60.904868, -32.969083], [-60.904762, -32.969147], [-60.904657, -32.969211], [-60.904552, -32.969274], [-60.904446, -32.969338], [-60.904341, -32.969401], [-60.904235, -32.969465], [-60.904151, -32.969515], [-60.904046, -32.969578], [-60.903943, -32.96964], [-60.903836, -32.969704], [-60.903731, -32.969768], [-60.903627, -32.969831], [-60.903522, -32.969895], [-60.903418, -32.969958], [-60.903313, -32.970022], [-60.903207, -32.970086], [-60.903102, -32.970149], [-60.902997, -32.970213], [-60.902892, -32.970277], [-60.902787, -32.970341], [-60.902682, -32.970405], [-60.902585, -32.970464], [-60.902479, -32.970528], [-60.902373, -32.970592], [-60.902269, -32.970655], [-60.902163, -32.970719], [-60.902064, -32.970778], [-60.901958, -32.970842], [-60.901852, -32.970906], [-60.901747, -32.97097], [-60.901642, -32.971034], [-60.901536, -32.971098], [-60.901432, -32.971161], [-60.901328, -32.971225], [-60.901223, -32.971289], [-60.901117, -32.971352], [-60.901014, -32.971415], [-60.90091, -32.971478], [-60.900805, -32.971542], [-60.900726, -32.971589], [-60.90062, -32.971653], [-60.900547, -32.971697], [-60.900441, -32.97176], [-60.900363, -32.971807], [-60.900258, -32.97187], [-60.900176, -32.971919], [-60.900071, -32.971982], [-60.899966, -32.972046], [-60.899861, -32.97211], [-60.899756, -32.972174], [-60.89965, -32.972238], [-60.899545, -32.972302], [-60.89944, -32.972365], [-60.899335, -32.972429], [-60.899229, -32.972493], [-60.899142, -32.972546], [-60.899037, -32.97261], [-60.89894, -32.972668], [-60.898835, -32.972732], [-60.898729, -32.972796], [-60.898624, -32.972859], [-60.898519, -32.972923], [-60.898413, -32.972987], [-60.898327, -32.97304], [-60.89823, -32.9731], [-60.898125, -32.973164], [-60.89802, -32.973228], [-60.897927, -32.973284], [-60.897827, -32.973344], [-60.897721, -32.973407], [-60.897615, -32.973471], [-60.897519, -32.973528], [-60.897415, -32.973591], [-60.897308, -32.973656], [-60.897204, -32.973719], [-60.897098, -32.973783], [-60.896998, -32.973843], [-60.89699, -32.973848], [-60.896886, -32.973911], [-60.896781, -32.973975], [-60.896676, -32.974039], [-60.896574, -32.974101], [-60.89647, -32.974164], [-60.896364, -32.974227], [-60.89626, -32.97429], [-60.896157, -32.974351], [-60.896051, -32.974415], [-60.895946, -32.974478], [-60.89584, -32.974542], [-60.895737, -32.974605], [-60.895632, -32.974668], [-60.895535, -32.974727], [-60.89543, -32.97479], [-60.895347, -32.97484], [-60.895241, -32.974903], [-60.895139, -32.974962], [-60.895031, -32.975024], [-60.894939, -32.975078], [-60.894832, -32.97514], [-60.894725, -32.975202], [-60.894617, -32.975263], [-60.894534, -32.975311], [-60.894427, -32.975373], [-60.894321, -32.975433], [-60.894215, -32.975495], [-60.894109, -32.975557], [-60.894002, -32.975619], [-60.893896, -32.975681], [-60.893789, -32.975744], [-60.893682, -32.975806], [-60.893576, -32.975868], [-60.893468, -32.97593], [-60.893361, -32.975992], [-60.893254, -32.976054], [-60.893158, -32.976109], [-60.893051, -32.976171], [-60.892944, -32.976233], [-60.892841, -32.976292], [-60.892734, -32.976354], [-60.892627, -32.976416], [-60.892522, -32.976477], [-60.892415, -32.976539], [-60.892308, -32.976601], [-60.892218, -32.976654], [-60.892126, -32.976708], [-60.892041, -32.976757], [-60.891951, -32.97681], [-60.891844, -32.976872], [-60.891737, -32.976933], [-60.891634, -32.976993], [-60.891527, -32.977056], [-60.891438, -32.977108], [-60.891332, -32.977169], [-60.891236, -32.977225], [-60.891158, -32.97727], [-60.891062, -32.977325], [-60.890957, -32.977386], [-60.89088, -32.97743], [-60.890774, -32.977492], [-60.890693, -32.97754], [-60.890586, -32.977603], [-60.890507, -32.977649], [-60.890399, -32.977711], [-60.890318, -32.977758], [-60.890212, -32.97782], [-60.890105, -32.977882], [-60.889999, -32.977944], [-60.889924, -32.977987], [-60.889818, -32.978049], [-60.889712, -32.978111], [-60.889605, -32.978173], [-60.889499, -32.978235], [-60.889392, -32.978298], [-60.889285, -32.978359], [-60.889178, -32.978421], [-60.889092, -32.978471], [-60.888985, -32.978532], [-60.888898, -32.978583], [-60.888792, -32.978644], [-60.888712, -32.978691], [-60.888605, -32.978752], [-60.888521, -32.978801], [-60.888415, -32.978863], [-60.88833, -32.978912], [-60.888223, -32.978973], [-60.888116, -32.979035], [-60.88801, -32.979096], [-60.887904, -32.979158], [-60.887798, -32.97922], [-60.887697, -32.979279], [-60.88759, -32.97934], [-60.887484, -32.979402], [-60.887377, -32.979463], [-60.887272, -32.979524], [-60.887165, -32.979586], [-60.887058, -32.979648], [-60.886951, -32.97971], [-60.886845, -32.979772], [-60.886738, -32.979835], [-60.886632, -32.979897], [-60.886525, -32.979959], [-60.886418, -32.980021], [-60.886312, -32.980082], [-60.886218, -32.980136], [-60.886111, -32.980198], [-60.886004, -32.980259], [-60.885898, -32.980321], [-60.885791, -32.980382], [-60.885685, -32.980444], [-60.885579, -32.980506], [-60.885472, -32.980568], [-60.885366, -32.980631], [-60.88526, -32.980693], [-60.885153, -32.980754], [-60.885061, -32.980808], [-60.884954, -32.98087], [-60.884865, -32.980921], [-60.884758, -32.980983], [-60.884671, -32.981033], [-60.884565, -32.981094], [-60.884458, -32.981156], [-60.884352, -32.981218], [-60.88425, -32.981277], [-60.884144, -32.981339], [-60.884037, -32.981401], [-60.883941, -32.981457], [-60.883834, -32.981519], [-60.883752, -32.981567], [-60.883646, -32.981629], [-60.88354, -32.98169], [-60.883433, -32.981752], [-60.883327, -32.981813], [-60.883227, -32.981871], [-60.88312, -32.981932], [-60.883013, -32.981994], [-60.882907, -32.982055], [-60.882801, -32.982116], [-60.882694, -32.982178], [-60.882587, -32.982239], [-60.88248, -32.9823], [-60.882406, -32.982343], [-60.88231, -32.982398], [-60.882204, -32.98246], [-60.882097, -32.982523], [-60.882001, -32.982578], [-60.881895, -32.982641], [-60.881789, -32.982703], [-60.881746, -32.982728], [-60.88164, -32.98279], [-60.881533, -32.982852], [-60.881427, -32.982914], [-60.881321, -32.982975], [-60.881213, -32.983037], [-60.881124, -32.983088], [-60.881018, -32.98315], [-60.880928, -32.983202], [-60.880821, -32.983264], [-60.880718, -32.983323], [-60.880612, -32.983385], [-60.880521, -32.983438], [-60.880414, -32.9835], [-60.880307, -32.983562], [-60.8802, -32.983623], [-60.880093, -32.983685], [-60.879985, -32.983747], [-60.879899, -32.983797], [-60.879806, -32.983851], [-60.879699, -32.983912], [-60.879607, -32.983966], [-60.8795, -32.984028], [-60.879394, -32.98409], [-60.879292, -32.984149], [-60.879189, -32.984208], [-60.879083, -32.98427], [-60.878977, -32.984331], [-60.87887, -32.984393], [-60.878782, -32.984444], [-60.87868, -32.984503], [-60.878574, -32.984565], [-60.878467, -32.984627], [-60.878361, -32.984688], [-60.878254, -32.98475], [-60.878147, -32.984812], [-60.878041, -32.984873], [-60.877934, -32.984935], [-60.87785, -32.984984], [-60.877749, -32.985042], [-60.877642, -32.985105], [-60.877535, -32.985167], [-60.877459, -32.985211], [-60.877353, -32.985273], [-60.877247, -32.985335], [-60.87714, -32.985397], [-60.877033, -32.985459], [-60.87695, -32.985506], [-60.876855, -32.985562], [-60.876778, -32.985607], [-60.876672, -32.985668], [-60.876591, -32.985715], [-60.876485, -32.985777], [-60.876379, -32.985839], [-60.876273, -32.9859], [-60.876166, -32.985962], [-60.87606, -32.986024], [-60.875954, -32.986085], [-60.875848, -32.986146], [-60.875742, -32.986208], [-60.875649, -32.986261], [-60.875543, -32.986323], [-60.875438, -32.986385], [-60.875332, -32.986447], [-60.875226, -32.986509], [-60.87512, -32.98657], [-60.875013, -32.986631], [-60.874907, -32.986692], [-60.8748, -32.986753], [-60.874719, -32.9868], [-60.874611, -32.986861], [-60.874504, -32.986923], [-60.874397, -32.986985], [-60.874303, -32.987039], [-60.874197, -32.9871], [-60.87409, -32.987162], [-60.873982, -32.987223], [-60.873876, -32.987285], [-60.873769, -32.987347], [-60.873663, -32.987408], [-60.873575, -32.98746], [-60.873468, -32.987522], [-60.873393, -32.987566], [-60.873287, -32.987628], [-60.873249, -32.987651], [-60.87315, -32.987708], [-60.873044, -32.987771], [-60.872938, -32.987833], [-60.872831, -32.987896], [-60.872729, -32.987957], [-60.872623, -32.988021], [-60.872518, -32.988084], [-60.872413, -32.988148], [-60.872309, -32.98821], [-60.872204, -32.988274], [-60.872098, -32.988338], [-60.871992, -32.988401], [-60.871886, -32.988465], [-60.87178, -32.988529], [-60.871675, -32.988592], [-60.871569, -32.988656], [-60.871469, -32.988717], [-60.871363, -32.988781], [-60.871266, -32.988839], [-60.87119, -32.988886], [-60.871084, -32.988949], [-60.870979, -32.989013], [-60.870874, -32.989077], [-60.870788, -32.989129], [-60.870682, -32.989193], [-60.870602, -32.989241], [-60.870496, -32.989304], [-60.870404, -32.98936], [-60.870306, -32.989419], [-60.870222, -32.98947], [-60.870116, -32.989533], [-60.870011, -32.989597], [-60.869905, -32.98966], [-60.869826, -32.989708], [-60.86972, -32.989772], [-60.869615, -32.989836], [-60.869509, -32.989899], [-60.869421, -32.989953], [-60.869315, -32.990016], [-60.86921, -32.990079], [-60.869104, -32.990143], [-60.868999, -32.990207], [-60.868894, -32.990271], [-60.868788, -32.990334], [-60.868692, -32.990392], [-60.868586, -32.990456], [-60.868481, -32.99052], [-60.868404, -32.990566], [-60.868299, -32.99063], [-60.868193, -32.990694], [-60.868089, -32.990757], [-60.86802, -32.990799], [-60.867914, -32.990862], [-60.867828, -32.990914], [-60.867722, -32.990978], [-60.867628, -32.991035], [-60.867529, -32.991094], [-60.867423, -32.991158], [-60.867318, -32.991221], [-60.867212, -32.991285], [-60.867107, -32.991348], [-60.867001, -32.991412], [-60.866902, -32.991472], [-60.866796, -32.991536], [-60.86669, -32.9916], [-60.866583, -32.991664], [-60.866477, -32.991727], [-60.866372, -32.991791], [-60.866266, -32.991855], [-60.86616, -32.991919], [-60.866054, -32.991982], [-60.865949, -32.992046], [-60.865844, -32.992109], [-60.86577, -32.992153], [-60.865667, -32.992215], [-60.865587, -32.992263], [-60.865482, -32.992326], [-60.865376, -32.99239], [-60.86527, -32.992453], [-60.865165, -32.992516], [-60.865059, -32.992579], [-60.864953, -32.992643], [-60.864847, -32.992707], [-60.864764, -32.99275], [-60.864651, -32.992802], [-60.86456, -32.992843], [-60.864445, -32.992895], [-60.86433, -32.992945], [-60.864216, -32.992995], [-60.864102, -32.993045], [-60.863987, -32.993095], [-60.863873, -32.993144], [-60.863818, -32.99317], [-60.863716, -32.993238], [-60.863621, -32.993312], [-60.863526, -32.993387], [-60.863431, -32.993462], [-60.863338, -32.993536], [-60.863244, -32.993611], [-60.86315, -32.993687], [-60.863056, -32.993762], [-60.862962, -32.993836], [-60.862889, -32.993893], [-60.862795, -32.993968], [-60.862702, -32.99404], [-60.862614, -32.994109], [-60.862519, -32.994183], [-60.86243, -32.994253], [-60.862335, -32.994328], [-60.862255, -32.994391], [-60.86216, -32.994466], [-60.862066, -32.99454], [-60.861977, -32.99461], [-60.861904, -32.994668], [-60.861809, -32.994743], [-60.861714, -32.994818], [-60.861619, -32.994892], [-60.861558, -32.99494], [-60.861467, -32.995012], [-60.861414, -32.995054], [-60.861319, -32.995129], [-60.861259, -32.995177], [-60.861164, -32.995252], [-60.86109, -32.99531], [-60.860996, -32.995384], [-60.860935, -32.995432], [-60.86084, -32.995507], [-60.860784, -32.995551], [-60.860689, -32.995626], [-60.860594, -32.995701], [-60.860541, -32.995742], [-60.860446, -32.995817], [-60.860389, -32.995862], [-60.860294, -32.995936], [-60.8602, -32.996011], [-60.860105, -32.996086], [-60.86001, -32.996161], [-60.859916, -32.996236], [-60.859822, -32.99631], [-60.859727, -32.996385], [-60.859665, -32.996435], [-60.859586, -32.996496], [-60.85953, -32.99654], [-60.859436, -32.996615], [-60.859375, -32.996662], [-60.859281, -32.996737], [-60.859187, -32.996812], [-60.859092, -32.996887], [-60.858997, -32.996962], [-60.858902, -32.997037], [-60.858807, -32.997111], [-60.858724, -32.997176], [-60.858665, -32.997223], [-60.858571, -32.997298], [-60.858518, -32.99734], [-60.858423, -32.997415], [-60.858367, -32.99746], [-60.858272, -32.997534], [-60.858178, -32.997609], [-60.858083, -32.997684], [-60.857989, -32.997758], [-60.857894, -32.997832], [-60.8578, -32.997905], [-60.857705, -32.997979], [-60.857621, -32.998045], [-60.857527, -32.998119], [-60.857466, -32.998168], [-60.857372, -32.998243], [-60.857277, -32.998318], [-60.857207, -32.998373], [-60.857119, -32.998443], [-60.857024, -32.998517], [-60.856929, -32.998591], [-60.856834, -32.998665], [-60.85674, -32.998739], [-60.856646, -32.998814], [-60.856582, -32.998864], [-60.856488, -32.998938], [-60.856434, -32.998981], [-60.856339, -32.999056], [-60.856244, -32.999131], [-60.856151, -32.999205], [-60.856057, -32.999279], [-60.855962, -32.999354], [-60.855898, -32.999405], [-60.855806, -32.999476], [-60.855716, -32.999547], [-60.855621, -32.999622], [-60.855527, -32.999696], [-60.855467, -32.999742], [-60.855372, -32.999816], [-60.855316, -32.99986], [-60.855221, -32.999933], [-60.855127, -33.000007], [-60.855033, -33.000081], [-60.854938, -33.000155], [-60.854844, -33.00023], [-60.85475, -33.000306], [-60.854656, -33.000381], [-60.854599, -33.000425], [-60.854506, -33.000498], [-60.854449, -33.000543], [-60.854355, -33.000617], [-60.854299, -33.00066], [-60.854205, -33.000734], [-60.85411, -33.000808], [-60.854016, -33.000882], [-60.853922, -33.000957], [-60.853827, -33.001032], [-60.853733, -33.001107], [-60.85364, -33.001181], [-60.853548, -33.001254], [-60.853454, -33.001328], [-60.853359, -33.001402], [-60.853315, -33.001437], [-60.85322, -33.001511], [-60.853125, -33.001585], [-60.853032, -33.001658], [-60.852938, -33.001732], [-60.852843, -33.001806], [-60.852748, -33.001881], [-60.852654, -33.001955], [-60.852559, -33.00203], [-60.852502, -33.002075], [-60.852407, -33.002149], [-60.852353, -33.002192], [-60.852274, -33.002254], [-60.852212, -33.002302], [-60.852117, -33.002376], [-60.852022, -33.002451], [-60.851927, -33.002525], [-60.851832, -33.002599], [-60.851737, -33.002673], [-60.851641, -33.002747], [-60.851547, -33.002821], [-60.851481, -33.002873], [-60.851392, -33.002943], [-60.851322, -33.002998], [-60.851227, -33.003073], [-60.851173, -33.003115], [-60.851077, -33.003189], [-60.851013, -33.003239], [-60.850917, -33.003313], [-60.850828, -33.003382], [-60.850733, -33.003456], [-60.850645, -33.003525], [-60.85055, -33.0036], [-60.850462, -33.003669], [-60.850375, -33.003737], [-60.850319, -33.00378], [-60.850223, -33.003854], [-60.850128, -33.003928], [-60.850033, -33.004002], [-60.849938, -33.004076], [-60.849848, -33.004146], [-60.849753, -33.00422], [-60.849658, -33.004294], [-60.849563, -33.004369], [-60.849493, -33.004424], [-60.849398, -33.004498], [-60.849303, -33.004571], [-60.849208, -33.004645], [-60.849112, -33.004718], [-60.849022, -33.004788], [-60.848927, -33.004863], [-60.84886, -33.004915], [-60.848765, -33.00499], [-60.84867, -33.005063], [-60.848575, -33.005137], [-60.848493, -33.005201], [-60.848399, -33.005276], [-60.848312, -33.005344], [-60.848247, -33.005396], [-60.848153, -33.00547], [-60.848076, -33.00553], [-60.847981, -33.005604], [-60.847886, -33.005678], [-60.847791, -33.005753], [-60.847697, -33.005826], [-60.847613, -33.005891], [-60.847518, -33.005965], [-60.847423, -33.006039], [-60.847368, -33.006081], [-60.847279, -33.00615], [-60.847192, -33.006218], [-60.847123, -33.006272], [-60.84707, -33.006314], [-60.846976, -33.006388], [-60.846882, -33.006463], [-60.846787, -33.006537], [-60.84673, -33.006582], [-60.846636, -33.006656], [-60.846542, -33.006729], [-60.846447, -33.006803], [-60.846378, -33.006857], [-60.846283, -33.006931], [-60.846213, -33.006986], [-60.846119, -33.00706], [-60.846024, -33.007133], [-60.845945, -33.007195], [-60.84585, -33.007269], [-60.845755, -33.007343], [-60.845661, -33.007417], [-60.845566, -33.007491], [-60.845471, -33.007565], [-60.845377, -33.007638], [-60.845282, -33.007713], [-60.84522, -33.007761], [-60.845125, -33.007835], [-60.845065, -33.007882], [-60.84497, -33.007956], [-60.844908, -33.008004], [-60.844813, -33.008078], [-60.844752, -33.008126], [-60.844657, -33.008201], [-60.844602, -33.008245], [-60.844507, -33.008319], [-60.844412, -33.008393], [-60.844341, -33.008448], [-60.844246, -33.008522], [-60.844152, -33.008596], [-60.844076, -33.008656], [-60.843982, -33.008731], [-60.843917, -33.008782], [-60.843822, -33.008857], [-60.843748, -33.008915], [-60.843673, -33.008973], [-60.8436, -33.009029], [-60.843505, -33.009103], [-60.84345, -33.009145], [-60.843354, -33.009219], [-60.843269, -33.009285], [-60.843193, -33.009345], [-60.843133, -33.009392], [-60.843038, -33.009466], [-60.842981, -33.00951], [-60.842886, -33.009585], [-60.842825, -33.009632], [-60.84273, -33.009707], [-60.842676, -33.009749], [-60.842581, -33.009824], [-60.842486, -33.009898], [-60.842391, -33.009972], [-60.842335, -33.010016], [-60.84224, -33.010091], [-60.842146, -33.010166], [-60.842052, -33.010241], [-60.841971, -33.010305], [-60.841879, -33.010379], [-60.841786, -33.010454], [-60.841693, -33.010529], [-60.841599, -33.010605], [-60.841505, -33.01068], [-60.841452, -33.010723], [-60.841358, -33.010799], [-60.841297, -33.010848], [-60.841203, -33.010924], [-60.841134, -33.010979], [-60.841039, -33.011053], [-60.840984, -33.011097], [-60.840906, -33.011158], [-60.840811, -33.011234], [-60.840717, -33.011308], [-60.840662, -33.011352], [-60.840568, -33.011427], [-60.840507, -33.011476], [-60.840414, -33.011551], [-60.84032, -33.011627], [-60.840229, -33.0117], [-60.840136, -33.011775], [-60.840058, -33.011837], [-60.839964, -33.011912], [-60.83987, -33.011987], [-60.839775, -33.012062], [-60.839681, -33.012137], [-60.839622, -33.012184], [-60.839528, -33.01226], [-60.839473, -33.012304], [-60.839379, -33.012379], [-60.83932, -33.012426], [-60.839227, -33.012501], [-60.839161, -33.012554], [-60.839067, -33.012629], [-60.838994, -33.012687], [-60.838901, -33.012762], [-60.838844, -33.012807], [-60.838752, -33.01288], [-60.838698, -33.012923], [-60.838604, -33.012999], [-60.838551, -33.013041], [-60.838457, -33.013116], [-60.838363, -33.013191], [-60.838269, -33.013266], [-60.838212, -33.013312], [-60.838118, -33.013386], [-60.838062, -33.013431], [-60.837968, -33.013506], [-60.837905, -33.013555], [-60.837811, -33.01363], [-60.83772, -33.013703], [-60.837626, -33.013778], [-60.837532, -33.013853], [-60.837439, -33.013928], [-60.837344, -33.014003], [-60.837271, -33.014062], [-60.837177, -33.014137], [-60.837083, -33.014213], [-60.836989, -33.014288], [-60.836914, -33.014348], [-60.83682, -33.014422], [-60.836726, -33.014497], [-60.836652, -33.014555], [-60.836558, -33.01463], [-60.836488, -33.014685], [-60.836403, -33.014752], [-60.836309, -33.014827], [-60.836215, -33.014901], [-60.836134, -33.014965], [-60.836041, -33.01504], [-60.83597, -33.015096], [-60.835877, -33.015172], [-60.835783, -33.015247], [-60.835688, -33.015322], [-60.835594, -33.015397], [-60.835499, -33.015472], [-60.835405, -33.015547], [-60.83531, -33.015621], [-60.835223, -33.01569], [-60.835128, -33.015765], [-60.835034, -33.01584], [-60.834939, -33.015915], [-60.834845, -33.01599], [-60.834751, -33.016065], [-60.834666, -33.016134], [-60.834572, -33.016209], [-60.834516, -33.016253], [-60.834422, -33.016328], [-60.834368, -33.016371], [-60.834276, -33.016444], [-60.834181, -33.016519], [-60.834094, -33.016588], [-60.834003, -33.016661], [-60.833909, -33.016736], [-60.833816, -33.016811], [-60.83373, -33.016893], [-60.833675, -33.016987], [-60.83367, -33.016997], [-60.833643, -33.017055], [-60.833609, -33.017126], [-60.833573, -33.017201], [-60.833526, -33.0173], [-60.833497, -33.01736], [-60.833465, -33.017425], [-60.833417, -33.017526], [-60.833369, -33.017627], [-60.833352, -33.017664], [-60.833292, -33.017762], [-60.833207, -33.017837], [-60.833111, -33.017909], [-60.833102, -33.017916], [-60.833006, -33.017988], [-60.832934, -33.018042], [-60.832865, -33.018094], [-60.832768, -33.018167], [-60.832673, -33.018239], [-60.832577, -33.018313], [-60.832482, -33.018387], [-60.832386, -33.018461], [-60.832291, -33.018534], [-60.832196, -33.018608], [-60.832101, -33.018683], [-60.832005, -33.018757], [-60.83191, -33.018831], [-60.831815, -33.018905], [-60.83172, -33.018979], [-60.831624, -33.019053], [-60.83153, -33.019126], [-60.831436, -33.0192], [-60.831341, -33.019273], [-60.831246, -33.019348], [-60.831174, -33.019404], [-60.831081, -33.019477], [-60.830985, -33.019551], [-60.83089, -33.019625], [-60.830794, -33.019698], [-60.830699, -33.019772], [-60.830603, -33.019846], [-60.830507, -33.019919], [-60.830411, -33.019993], [-60.830315, -33.020067], [-60.830223, -33.020138], [-60.83014, -33.020203], [-60.830045, -33.020278], [-60.82995, -33.020352], [-60.829855, -33.020426], [-60.82976, -33.0205], [-60.829665, -33.020575], [-60.829569, -33.020649], [-60.82949, -33.020711], [-60.829395, -33.020785], [-60.829299, -33.020859], [-60.829203, -33.020932], [-60.829108, -33.021005], [-60.829013, -33.021078], [-60.828918, -33.021151], [-60.828822, -33.021225], [-60.828727, -33.0213], [-60.828632, -33.021374], [-60.828537, -33.021448], [-60.828442, -33.021522], [-60.828348, -33.021598], [-60.828275, -33.021658], [-60.828196, -33.021723], [-60.828111, -33.021792], [-60.828016, -33.021865], [-60.827928, -33.021939], [-60.827837, -33.022017], [-60.827752, -33.022092], [-60.827663, -33.022172], [-60.827593, -33.022237], [-60.827527, -33.022298], [-60.82744, -33.022378], [-60.827368, -33.022445], [-60.827281, -33.022526], [-60.827215, -33.022588], [-60.827131, -33.022666], [-60.827044, -33.022747], [-60.826957, -33.022828], [-60.826869, -33.022909], [-60.826782, -33.022989], [-60.826714, -33.023051], [-60.826627, -33.023132], [-60.826539, -33.023213], [-60.826452, -33.023293], [-60.826364, -33.023374], [-60.826276, -33.023455], [-60.826189, -33.023535], [-60.826101, -33.023617], [-60.826014, -33.023698], [-60.825927, -33.023779], [-60.825839, -33.023859], [-60.825751, -33.02394], [-60.825672, -33.024013], [-60.825587, -33.024091], [-60.8255, -33.024172], [-60.825412, -33.024253], [-60.825325, -33.024334], [-60.825237, -33.024414], [-60.825155, -33.024489], [-60.825069, -33.02457], [-60.824982, -33.024651], [-60.824894, -33.024732], [-60.824807, -33.024813], [-60.82472, -33.024894], [-60.824633, -33.024975], [-60.824545, -33.025055], [-60.824477, -33.025118], [-60.824389, -33.025198], [-60.824302, -33.025279], [-60.824228, -33.025346], [-60.82414, -33.025427], [-60.824072, -33.02549], [-60.823985, -33.02557], [-60.823897, -33.025651], [-60.82381, -33.025732], [-60.823728, -33.025809], [-60.823641, -33.02589], [-60.823553, -33.025971], [-60.823466, -33.026052], [-60.823378, -33.026133], [-60.823291, -33.026214], [-60.823219, -33.02628], [-60.823161, -33.026333], [-60.823074, -33.026414], [-60.822986, -33.026495], [-60.822899, -33.026576], [-60.822812, -33.026657], [-60.822724, -33.026737], [-60.822637, -33.026818], [-60.822549, -33.026899], [-60.822488, -33.026956], [-60.822402, -33.027035], [-60.82234, -33.027093], [-60.822252, -33.027173], [-60.822172, -33.027248], [-60.822084, -33.027328], [-60.821997, -33.027409], [-60.821909, -33.02749], [-60.821821, -33.027571], [-60.82174, -33.027646], [-60.821665, -33.027716], [-60.821593, -33.027783], [-60.821522, -33.027848], [-60.82145, -33.027916], [-60.821376, -33.027984], [-60.821296, -33.028059], [-60.821208, -33.02814], [-60.82112, -33.028221], [-60.821048, -33.028287], [-60.82096, -33.028368], [-60.820873, -33.028448], [-60.820785, -33.028528], [-60.820698, -33.02861], [-60.820629, -33.028674], [-60.82056, -33.028738], [-60.820472, -33.028819], [-60.820405, -33.028881], [-60.820331, -33.028951], [-60.820251, -33.029025], [-60.820163, -33.029106], [-60.820088, -33.029175], [-60.82, -33.029255], [-60.819912, -33.029336], [-60.819825, -33.029417], [-60.819737, -33.029498], [-60.819664, -33.029566], [-60.819576, -33.029647], [-60.819488, -33.029727], [-60.8194, -33.029808], [-60.819312, -33.029888], [-60.819224, -33.029969], [-60.819137, -33.030051], [-60.819049, -33.030132], [-60.818962, -33.030212], [-60.818874, -33.030293], [-60.818786, -33.030374], [-60.818698, -33.030455], [-60.818611, -33.030536], [-60.818523, -33.030617], [-60.818435, -33.030697], [-60.818367, -33.03076], [-60.818279, -33.030841], [-60.818192, -33.030922], [-60.81811, -33.030998], [-60.818027, -33.031073], [-60.817939, -33.031154], [-60.817851, -33.031234], [-60.817765, -33.031314], [-60.817692, -33.031381], [-60.817605, -33.031462], [-60.817544, -33.031519], [-60.817456, -33.0316], [-60.817393, -33.031659], [-60.817306, -33.031739], [-60.817228, -33.031812], [-60.817141, -33.031892], [-60.817063, -33.031965], [-60.816975, -33.032046], [-60.816906, -33.032109], [-60.816818, -33.03219], [-60.816737, -33.032264], [-60.816649, -33.032345], [-60.816561, -33.032426], [-60.816473, -33.032507], [-60.816384, -33.032589], [-60.816318, -33.03265], [-60.816249, -33.032714], [-60.816171, -33.032786], [-60.816083, -33.032867], [-60.815995, -33.032948], [-60.815907, -33.033028], [-60.815819, -33.033109], [-60.815747, -33.033176], [-60.815659, -33.033257], [-60.815578, -33.033331], [-60.81549, -33.033411], [-60.815403, -33.033491], [-60.815316, -33.033571], [-60.815234, -33.033645], [-60.815147, -33.033725], [-60.81506, -33.033806], [-60.814972, -33.033887], [-60.814885, -33.033968], [-60.814798, -33.034048], [-60.814712, -33.034128], [-60.814624, -33.034209], [-60.814536, -33.03429], [-60.814449, -33.034371], [-60.814362, -33.034451], [-60.814275, -33.034532], [-60.814187, -33.034613], [-60.814104, -33.034689], [-60.814022, -33.034764], [-60.813935, -33.034845], [-60.813848, -33.034926], [-60.81376, -33.035007], [-60.813674, -33.035086], [-60.813594, -33.035158], [-60.813528, -33.035218], [-60.813439, -33.035296], [-60.813353, -33.035378], [-60.813256, -33.03545], [-60.813157, -33.03552], [-60.813055, -33.035589], [-60.812991, -33.035632], [-60.812888, -33.035698], [-60.812797, -33.035758], [-60.812713, -33.035812], [-60.81264, -33.035859], [-60.812538, -33.035925], [-60.81244, -33.035988], [-60.812337, -33.036055], [-60.812234, -33.036122], [-60.812151, -33.036176], [-60.81205, -33.036243], [-60.811947, -33.036309], [-60.811877, -33.036355], [-60.811774, -33.036422], [-60.811672, -33.036488], [-60.811569, -33.036555], [-60.811466, -33.036622], [-60.811383, -33.036676], [-60.811281, -33.036742], [-60.811178, -33.036809], [-60.811088, -33.036868], [-60.810986, -33.036935], [-60.810884, -33.037001], [-60.810782, -33.037068], [-60.810679, -33.037134], [-60.810584, -33.037196], [-60.810482, -33.037262], [-60.81038, -33.037328], [-60.810278, -33.037395], [-60.810176, -33.037461], [-60.810073, -33.037528], [-60.809973, -33.037594], [-60.809871, -33.037661], [-60.809786, -33.037716], [-60.809707, -33.037768], [-60.809604, -33.037834], [-60.809528, -33.037884], [-60.809427, -33.03795], [-60.809351, -33.037999], [-60.80926, -33.038059], [-60.809182, -33.03811], [-60.80908, -33.038177], [-60.80901, -33.038222], [-60.808907, -33.03829], [-60.808826, -33.038343], [-60.808741, -33.038398], [-60.808639, -33.038465], [-60.808535, -33.038532], [-60.808436, -33.038597], [-60.808334, -33.038664], [-60.808232, -33.038731], [-60.808136, -33.038793], [-60.808034, -33.03886], [-60.807932, -33.038926], [-60.80783, -33.038993], [-60.807727, -33.03906], [-60.807651, -33.039109], [-60.80755, -33.039176], [-60.807448, -33.039242], [-60.807346, -33.03931], [-60.807256, -33.039368], [-60.807156, -33.039433], [-60.807054, -33.0395], [-60.806952, -33.039566], [-60.806849, -33.039633], [-60.806762, -33.039689], [-60.80666, -33.039757], [-60.806558, -33.039823], [-60.806456, -33.03989], [-60.806389, -33.039934], [-60.806316, -33.039982], [-60.806226, -33.040042], [-60.806124, -33.040108], [-60.806064, -33.040148], [-60.805961, -33.040215], [-60.805898, -33.040256], [-60.805796, -33.040322], [-60.805738, -33.04036], [-60.805636, -33.040426], [-60.805533, -33.040493], [-60.805431, -33.040559], [-60.805328, -33.040626], [-60.805226, -33.040693], [-60.805146, -33.040746], [-60.805044, -33.040813], [-60.804942, -33.04088], [-60.804839, -33.040947], [-60.804738, -33.041014], [-60.804636, -33.041081], [-60.804534, -33.041148], [-60.804431, -33.041215], [-60.804349, -33.041269], [-60.804269, -33.04132], [-60.804193, -33.04137], [-60.804104, -33.041428], [-60.804019, -33.041484], [-60.803917, -33.041551], [-60.803823, -33.041613], [-60.80372, -33.04168], [-60.803618, -33.041747], [-60.803516, -33.041814], [-60.803414, -33.041881], [-60.803311, -33.041948], [-60.803227, -33.042003], [-60.803142, -33.042059], [-60.803072, -33.042105], [-60.802971, -33.042172], [-60.802869, -33.042238], [-60.802782, -33.042295], [-60.802679, -33.042362], [-60.802577, -33.042429], [-60.802475, -33.042495], [-60.802372, -33.042562], [-60.80227, -33.042629], [-60.802169, -33.042696], [-60.802067, -33.042763], [-60.801965, -33.04283], [-60.801863, -33.042898], [-60.80176, -33.042964], [-60.801658, -33.043031], [-60.801555, -33.043097], [-60.801452, -33.043163], [-60.80135, -33.04323], [-60.801247, -33.043297], [-60.801177, -33.043342], [-60.801078, -33.043406], [-60.800998, -33.043459], [-60.800896, -33.043526], [-60.800794, -33.043593], [-60.800717, -33.043644], [-60.800645, -33.043691], [-60.800556, -33.043749], [-60.800453, -33.043816], [-60.800375, -33.043867], [-60.800272, -33.043933], [-60.800174, -33.043997], [-60.800076, -33.04406], [-60.799999, -33.044111], [-60.799902, -33.044174], [-60.79983, -33.044221], [-60.799755, -33.04427], [-60.799653, -33.044337], [-60.799551, -33.044403], [-60.799449, -33.04447], [-60.799347, -33.044537], [-60.799267, -33.04459], [-60.799165, -33.044657], [-60.799062, -33.044724], [-60.798975, -33.04478], [-60.798872, -33.044847], [-60.798782, -33.044906], [-60.79868, -33.044973], [-60.798599, -33.045027], [-60.798506, -33.045088], [-60.798404, -33.045155], [-60.798302, -33.045222], [-60.7982, -33.045289], [-60.798097, -33.045355], [-60.797995, -33.045422], [-60.797896, -33.045487], [-60.797794, -33.045553], [-60.797693, -33.045619], [-60.797591, -33.045686], [-60.797512, -33.045737], [-60.797425, -33.045794], [-60.797336, -33.045852], [-60.797234, -33.045918], [-60.797132, -33.045985], [-60.79703, -33.046052], [-60.796931, -33.046116], [-60.796829, -33.046183], [-60.796727, -33.046251], [-60.796625, -33.046318], [-60.796522, -33.046385], [-60.796422, -33.046451], [-60.796334, -33.046508], [-60.79623, -33.046575], [-60.796127, -33.046642], [-60.796025, -33.046709], [-60.795922, -33.046775], [-60.79582, -33.046842], [-60.79572, -33.046908], [-60.795621, -33.046973], [-60.795519, -33.047041], [-60.795417, -33.047108], [-60.795315, -33.047175], [-60.795213, -33.047242], [-60.795151, -33.047283], [-60.795059, -33.047343], [-60.794985, -33.047391], [-60.794882, -33.047458], [-60.79478, -33.047524], [-60.794678, -33.04759], [-60.794585, -33.04765], [-60.794483, -33.047716], [-60.79438, -33.047783], [-60.794277, -33.04785], [-60.794191, -33.047906], [-60.794089, -33.047973], [-60.793995, -33.048036], [-60.793893, -33.048103], [-60.79379, -33.048169], [-60.793687, -33.048237], [-60.793584, -33.048305], [-60.793499, -33.04836], [-60.793401, -33.048423], [-60.793299, -33.048491], [-60.793196, -33.048558], [-60.793121, -33.048608], [-60.793018, -33.048676], [-60.792938, -33.048728], [-60.792837, -33.048795], [-60.792765, -33.048842], [-60.792668, -33.048905], [-60.792587, -33.048959], [-60.792484, -33.049026], [-60.792388, -33.049089], [-60.792285, -33.049156], [-60.792189, -33.049219], [-60.792087, -33.049286], [-60.791995, -33.049346], [-60.791892, -33.049413], [-60.791794, -33.049477], [-60.791725, -33.049522], [-60.791623, -33.049589], [-60.791554, -33.049634], [-60.791452, -33.049702], [-60.791374, -33.049753], [-60.791271, -33.04982], [-60.79119, -33.049873], [-60.791087, -33.04994], [-60.791007, -33.049992], [-60.790904, -33.050059], [-60.790824, -33.050111], [-60.790721, -33.050178], [-60.79064, -33.050231], [-60.790537, -33.050298], [-60.790434, -33.050364], [-60.790332, -33.050431], [-60.79023, -33.050499], [-60.790128, -33.050566], [-60.790025, -33.050633], [-60.789923, -33.0507], [-60.789821, -33.050767], [-60.789718, -33.050834], [-60.789616, -33.050901], [-60.789514, -33.050968], [-60.789414, -33.051033], [-60.789312, -33.051101], [-60.789212, -33.051167], [-60.789109, -33.051234], [-60.789006, -33.051301], [-60.788922, -33.051355], [-60.788836, -33.051411], [-60.788754, -33.051465], [-60.788652, -33.051532], [-60.788576, -33.051582], [-60.788503, -33.051629], [-60.788416, -33.051686], [-60.788314, -33.051752], [-60.788211, -33.05182], [-60.788123, -33.051877], [-60.788024, -33.051942], [-60.787921, -33.052009], [-60.787818, -33.052076], [-60.787716, -33.052144], [-60.787613, -33.052211], [-60.78751, -33.052278], [-60.787408, -33.052345], [-60.787305, -33.052413], [-60.787203, -33.052481], [-60.787101, -33.052548], [-60.786999, -33.052614], [-60.786896, -33.052682], [-60.786794, -33.052748], [-60.786692, -33.052815], [-60.786589, -33.052882], [-60.786487, -33.052949], [-60.786386, -33.053015], [-60.786284, -33.053081], [-60.786182, -33.053148], [-60.786081, -33.053215], [-60.785978, -33.053282], [-60.785897, -33.053335], [-60.785818, -33.053387], [-60.785716, -33.053454], [-60.785614, -33.05352], [-60.785512, -33.053587], [-60.785416, -33.05365], [-60.785314, -33.053716], [-60.785212, -33.053784], [-60.78512, -33.053844], [-60.785017, -33.053912], [-60.784915, -33.053979], [-60.784813, -33.054046], [-60.78471, -33.054113], [-60.784607, -33.05418], [-60.784504, -33.054247], [-60.784401, -33.054314], [-60.784298, -33.054381], [-60.784197, -33.054446], [-60.784112, -33.054502], [-60.784037, -33.054551], [-60.783935, -33.054618], [-60.783833, -33.054685], [-60.783732, -33.054752], [-60.78363, -33.05482], [-60.783529, -33.054887], [-60.783428, -33.054953], [-60.783326, -33.05502], [-60.783224, -33.055088], [-60.783122, -33.055154], [-60.783019, -33.05522], [-60.782916, -33.055287], [-60.782813, -33.055354], [-60.782711, -33.055421], [-60.782608, -33.055488], [-60.782506, -33.055555], [-60.782404, -33.055622], [-60.782302, -33.05569], [-60.782199, -33.055757], [-60.782097, -33.055824], [-60.781996, -33.05589], [-60.781893, -33.055957], [-60.781791, -33.056024], [-60.781725, -33.056067], [-60.781629, -33.056129], [-60.781527, -33.056196], [-60.781425, -33.056263], [-60.781322, -33.056331], [-60.781219, -33.056398], [-60.781116, -33.056465], [-60.781013, -33.056532], [-60.780928, -33.056587], [-60.780826, -33.056654], [-60.780767, -33.056692], [-60.780666, -33.056759], [-60.7806, -33.056802], [-60.780499, -33.056869], [-60.780396, -33.056936], [-60.780295, -33.057001], [-60.780193, -33.057068], [-60.78009, -33.057136], [-60.779988, -33.057203], [-60.779886, -33.057269], [-60.779804, -33.057323], [-60.779701, -33.05739], [-60.779641, -33.057429], [-60.779539, -33.057497], [-60.779457, -33.057551], [-60.779354, -33.057618], [-60.779277, -33.057669], [-60.779174, -33.057736], [-60.779097, -33.057786], [-60.778994, -33.057853], [-60.778913, -33.057905], [-60.77881, -33.057972], [-60.778709, -33.058038], [-60.778634, -33.058088], [-60.778535, -33.058152], [-60.778459, -33.058202], [-60.778384, -33.058252], [-60.778282, -33.058319], [-60.778204, -33.05837], [-60.778103, -33.058437], [-60.778024, -33.058488], [-60.777922, -33.058555], [-60.777833, -33.058613], [-60.777731, -33.05868], [-60.777667, -33.058721], [-60.777565, -33.058787], [-60.777503, -33.058828], [-60.777407, -33.05889], [-60.777345, -33.05893], [-60.777249, -33.058993], [-60.777188, -33.059032], [-60.777107, -33.059085], [-60.777041, -33.059128], [-60.776939, -33.059195], [-60.776883, -33.059232], [-60.776781, -33.059299], [-60.77672, -33.059339], [-60.776618, -33.059405], [-60.776559, -33.059444], [-60.776493, -33.059487], [-60.776391, -33.059553], [-60.776289, -33.059619], [-60.776222, -33.059663], [-60.77612, -33.059729], [-60.776061, -33.059767], [-60.775959, -33.059833], [-60.77589, -33.059878], [-60.775809, -33.059931], [-60.77573, -33.059982], [-60.775628, -33.060049], [-60.775569, -33.060088], [-60.775468, -33.060154], [-60.775407, -33.060194], [-60.775307, -33.060259], [-60.775242, -33.060301], [-60.77514, -33.060368], [-60.775082, -33.060405], [-60.774981, -33.060471], [-60.774904, -33.060521], [-60.774818, -33.060577], [-60.774762, -33.060614], [-60.774659, -33.060681], [-60.774595, -33.060722], [-60.774498, -33.060786], [-60.774395, -33.060852], [-60.774292, -33.060919], [-60.77419, -33.060985], [-60.774088, -33.061052], [-60.773986, -33.061118], [-60.773911, -33.061167], [-60.773843, -33.06121], [-60.773771, -33.061257], [-60.773708, -33.061298], [-60.77365, -33.061336], [-60.77355, -33.061401], [-60.773448, -33.061468], [-60.77339, -33.061506], [-60.773331, -33.061544], [-60.773245, -33.061599], [-60.773144, -33.061666], [-60.773084, -33.061705], [-60.773006, -33.061756], [-60.772945, -33.061795], [-60.772843, -33.061862], [-60.772781, -33.061902], [-60.772707, -33.06195], [-60.772605, -33.062017], [-60.772528, -33.062066], [-60.772426, -33.062132], [-60.772351, -33.062181], [-60.772248, -33.062248], [-60.772178, -33.062294], [-60.772076, -33.062361], [-60.771985, -33.062427], [-60.771899, -33.062495], [-60.771804, -33.062569], [-60.771751, -33.062611], [-60.771657, -33.062684], [-60.771562, -33.062757], [-60.771472, -33.062827], [-60.771408, -33.062877], [-60.771314, -33.062951], [-60.771219, -33.063025], [-60.771124, -33.063099], [-60.771034, -33.063167], [-60.770942, -33.063227], [-60.770831, -33.063284], [-60.770717, -33.063335], [-60.770604, -33.063387], [-60.770491, -33.063439], [-60.770378, -33.063492], [-60.770265, -33.063545], [-60.770152, -33.063599], [-60.77004, -33.063652], [-60.769927, -33.063706], [-60.769814, -33.063758], [-60.7697, -33.063811], [-60.769586, -33.063862], [-60.769472, -33.063912], [-60.769359, -33.063962], [-60.769273, -33.063999], [-60.769231, -33.064018], [-60.769207, -33.064028], [-60.769157, -33.06405], [-60.769141, -33.064056], [-60.769091, -33.064078], [-60.769067, -33.064088], [-60.768966, -33.064132], [-60.768851, -33.064182], [-60.768737, -33.064231], [-60.768621, -33.064281], [-60.768506, -33.064331], [-60.768391, -33.064381], [-60.768275, -33.064431], [-60.76816, -33.064481], [-60.768045, -33.064531], [-60.76793, -33.064582], [-60.767815, -33.064634], [-60.767701, -33.064685], [-60.767587, -33.064736], [-60.767493, -33.064778], [-60.767379, -33.064827], [-60.767285, -33.064866], [-60.767188, -33.064907], [-60.767072, -33.064955], [-60.766955, -33.065003], [-60.7669, -33.065026], [-60.766876, -33.065035], [-60.766822, -33.065059], [-60.766779, -33.065087], [-60.766739, -33.065126], [-60.766711, -33.065171], [-60.766683, -33.065219], [-60.766657, -33.065267], [-60.766636, -33.065307], [-60.76661, -33.065353], [-60.766585, -33.0654], [-60.76656, -33.065447], [-60.766534, -33.065494], [-60.766508, -33.065542], [-60.766482, -33.065591], [-60.766455, -33.06564], [-60.76643, -33.065687], [-60.766405, -33.065734], [-60.76638, -33.065781], [-60.766378, -33.065784], [-60.766352, -33.065831], [-60.766327, -33.065879], [-60.766302, -33.065925], [-60.766277, -33.065973], [-60.766248, -33.066019], [-60.766212, -33.066058], [-60.766165, -33.06609], [-60.766112, -33.066113], [-60.765996, -33.06616], [-60.76589, -33.066204], [-60.765797, -33.066242], [-60.765681, -33.066289], [-60.765565, -33.066336], [-60.765461, -33.066377], [-60.765363, -33.066417], [-60.765247, -33.066464], [-60.76513, -33.066511], [-60.765013, -33.066558], [-60.764896, -33.066606], [-60.76478, -33.066653], [-60.764665, -33.0667], [-60.764573, -33.066738], [-60.764456, -33.066786], [-60.764339, -33.066834], [-60.764223, -33.066882], [-60.764107, -33.06693], [-60.76399, -33.066978], [-60.763874, -33.067026], [-60.763757, -33.067074], [-60.763641, -33.067121], [-60.763525, -33.067168], [-60.763408, -33.067216], [-60.763291, -33.067263], [-60.763198, -33.067301], [-60.763081, -33.067348], [-60.762997, -33.067382], [-60.76288, -33.06743], [-60.762763, -33.067477], [-60.762647, -33.067525], [-60.76253, -33.067572], [-60.762413, -33.06762], [-60.762296, -33.067667], [-60.762179, -33.067715], [-60.762104, -33.067746], [-60.761995, -33.067791], [-60.761902, -33.067828], [-60.761786, -33.067876], [-60.761699, -33.067911], [-60.761583, -33.067959], [-60.761466, -33.068007], [-60.761349, -33.068055], [-60.761234, -33.068103], [-60.761117, -33.068151], [-60.761011, -33.068195], [-60.760894, -33.068243], [-60.760786, -33.068287], [-60.760669, -33.068335], [-60.760553, -33.068382], [-60.760436, -33.06843], [-60.76032, -33.068477], [-60.760204, -33.068524], [-60.760087, -33.068572], [-60.75997, -33.06862], [-60.759853, -33.068667], [-60.759737, -33.068714], [-60.759633, -33.068756], [-60.759517, -33.068804], [-60.759426, -33.068842], [-60.75931, -33.068889], [-60.759196, -33.068936], [-60.759081, -33.068983], [-60.758965, -33.069031], [-60.758849, -33.069079], [-60.758732, -33.069127], [-60.758615, -33.069174], [-60.758499, -33.069221], [-60.758425, -33.069251], [-60.758323, -33.069294], [-60.758209, -33.069346], [-60.758095, -33.069398], [-60.75798, -33.06945], [-60.75788, -33.069495], [-60.757782, -33.06954], [-60.757668, -33.069592], [-60.757555, -33.069645], [-60.757442, -33.069697], [-60.75733, -33.069749], [-60.75723, -33.069795], [-60.757115, -33.069847], [-60.757002, -33.069898], [-60.756887, -33.06995], [-60.756792, -33.069994], [-60.756692, -33.070039], [-60.756615, -33.070074], [-60.756504, -33.070126], [-60.75642, -33.070165], [-60.756306, -33.070217], [-60.756192, -33.07027], [-60.756078, -33.070323], [-60.75597, -33.070372], [-60.755876, -33.070416], [-60.755763, -33.070468], [-60.755649, -33.070521], [-60.755534, -33.070573], [-60.75542, -33.070625], [-60.755306, -33.070677], [-60.755193, -33.070729], [-60.75508, -33.070782], [-60.754966, -33.070834], [-60.754852, -33.070886], [-60.754739, -33.070938], [-60.754624, -33.070991], [-60.75451, -33.071043], [-60.754396, -33.071095], [-60.754375, -33.071105], [-60.754261, -33.071158], [-60.754148, -33.07121], [-60.754034, -33.071263], [-60.75392, -33.071315], [-60.753806, -33.071367], [-60.753692, -33.071419], [-60.753578, -33.071471], [-60.753464, -33.071524], [-60.753354, -33.071574], [-60.75324, -33.071626], [-60.753155, -33.071666], [-60.753041, -33.071718], [-60.752926, -33.07177], [-60.752837, -33.071811], [-60.752724, -33.071863], [-60.752624, -33.071909], [-60.75251, -33.071961], [-60.752425, -33.072], [-60.752311, -33.072053], [-60.752231, -33.072089], [-60.752117, -33.072142], [-60.752031, -33.072181], [-60.751918, -33.072233], [-60.751803, -33.072285], [-60.751689, -33.072337], [-60.751605, -33.072376], [-60.751492, -33.072428], [-60.751409, -33.072466], [-60.751295, -33.072518], [-60.751181, -33.07257], [-60.751067, -33.072622], [-60.750953, -33.072674], [-60.75084, -33.072726], [-60.750726, -33.072778], [-60.750616, -33.072829], [-60.750532, -33.072867], [-60.750419, -33.072919], [-60.750327, -33.072961], [-60.750213, -33.073013], [-60.750104, -33.073063], [-60.750016, -33.073104], [-60.749903, -33.073157], [-60.749789, -33.073209], [-60.749675, -33.073262], [-60.749561, -33.073314], [-60.749447, -33.073366], [-60.749333, -33.073418], [-60.749219, -33.07347], [-60.749105, -33.073521], [-60.748991, -33.073574], [-60.748877, -33.073626], [-60.748763, -33.073678], [-60.748649, -33.07373], [-60.748535, -33.073782], [-60.748421, -33.073835], [-60.748307, -33.073887], [-60.748192, -33.073938], [-60.748078, -33.073991], [-60.747977, -33.074037], [-60.747864, -33.074089], [-60.74775, -33.074142], [-60.747637, -33.074194], [-60.747522, -33.074246], [-60.747408, -33.074299], [-60.747303, -33.074348], [-60.747189, -33.074401], [-60.747075, -33.074454], [-60.746962, -33.074506], [-60.746847, -33.074559], [-60.746734, -33.07461], [-60.746649, -33.074649], [-60.746535, -33.074701], [-60.746447, -33.074741], [-60.746333, -33.074793], [-60.746247, -33.074832], [-60.746141, -33.074881], [-60.746036, -33.07493], [-60.745928, -33.074979], [-60.745813, -33.075031], [-60.745699, -33.075083], [-60.745585, -33.075136], [-60.745471, -33.075189], [-60.745358, -33.075241], [-60.745253, -33.075289], [-60.74514, -33.075342], [-60.745041, -33.075387], [-60.744927, -33.07544], [-60.744847, -33.075476], [-60.74474, -33.075525], [-60.744625, -33.075577], [-60.744515, -33.075627], [-60.744401, -33.07568], [-60.744287, -33.075732], [-60.744173, -33.075785], [-60.74406, -33.075836], [-60.743974, -33.075875], [-60.743861, -33.075927], [-60.743776, -33.075966], [-60.743662, -33.076019], [-60.743575, -33.076059], [-60.743461, -33.076111], [-60.743347, -33.076163], [-60.743234, -33.076216], [-60.743121, -33.076268], [-60.743007, -33.076321], [-60.742894, -33.076374], [-60.742792, -33.07642], [-60.742679, -33.076472], [-60.742565, -33.076524], [-60.742459, -33.076573], [-60.742345, -33.076625], [-60.742231, -33.076677], [-60.742117, -33.07673], [-60.742023, -33.076773], [-60.741909, -33.076826], [-60.741795, -33.076878], [-60.741681, -33.076931], [-60.741592, -33.076972], [-60.741478, -33.077025], [-60.741365, -33.077077], [-60.74125, -33.077129], [-60.741135, -33.077181], [-60.741025, -33.07723], [-60.740928, -33.077273], [-60.740904, -33.077284], [-60.740861, -33.077303], [-60.74077, -33.077351], [-60.740667, -33.077417], [-60.740564, -33.077484], [-60.740461, -33.07755], [-60.740358, -33.077617], [-60.740255, -33.077684], [-60.740169, -33.07774], [-60.740066, -33.077806], [-60.739964, -33.077872], [-60.739861, -33.077939], [-60.739758, -33.078005], [-60.739655, -33.078072], [-60.739552, -33.078138], [-60.73945, -33.078204], [-60.739347, -33.07827], [-60.739247, -33.078335], [-60.739214, -33.078356], [-60.739111, -33.078423], [-60.739018, -33.078499], [-60.738932, -33.07858], [-60.738864, -33.078645], [-60.738794, -33.078712], [-60.738707, -33.078793], [-60.738636, -33.078859], [-60.73855, -33.078941], [-60.738491, -33.078996], [-60.738406, -33.079078], [-60.73833, -33.079166], [-60.738262, -33.079258], [-60.738192, -33.07935], [-60.738122, -33.079442], [-60.738052, -33.079534], [-60.737987, -33.079619], [-60.737934, -33.079687], [-60.737864, -33.079778], [-60.737809, -33.079851], [-60.737739, -33.079943], [-60.737681, -33.080022], [-60.737619, -33.080118], [-60.737573, -33.080205], [-60.737523, -33.080305], [-60.737479, -33.080395], [-60.737431, -33.080496], [-60.737391, -33.080579], [-60.737351, -33.080663], [-60.737304, -33.080764], [-60.737257, -33.080863], [-60.73722, -33.080941], [-60.737171, -33.081042], [-60.737123, -33.081144], [-60.737075, -33.081244], [-60.737027, -33.081345], [-60.736978, -33.081447], [-60.73693, -33.081548], [-60.736881, -33.081649], [-60.736833, -33.08175], [-60.736784, -33.081851], [-60.736736, -33.081952], [-60.736688, -33.082052], [-60.736643, -33.082146], [-60.736594, -33.082247], [-60.736555, -33.082329], [-60.736507, -33.082429], [-60.736458, -33.08253], [-60.736409, -33.082631], [-60.73636, -33.082732], [-60.736321, -33.082814], [-60.736273, -33.082915], [-60.736225, -33.083015], [-60.73619, -33.083087], [-60.736149, -33.083174], [-60.736101, -33.083275], [-60.736052, -33.083376], [-60.736004, -33.083477], [-60.735957, -33.083578], [-60.735908, -33.083679], [-60.735882, -33.083733], [-60.735833, -33.083836], [-60.735772, -33.083936], [-60.735693, -33.084026], [-60.735608, -33.084112], [-60.735522, -33.084197], [-60.735435, -33.084282], [-60.73535, -33.084364], [-60.735264, -33.084448], [-60.735177, -33.084532], [-60.73509, -33.084616], [-60.735003, -33.0847], [-60.734916, -33.084784], [-60.734829, -33.084868], [-60.734742, -33.084953], [-60.734655, -33.085037], [-60.734568, -33.085122], [-60.734482, -33.085207], [-60.734395, -33.085292], [-60.734309, -33.085377], [-60.734223, -33.085462], [-60.734136, -33.085546], [-60.73405, -33.085631], [-60.733966, -33.085712], [-60.733879, -33.085797], [-60.733792, -33.085881], [-60.733704, -33.085965], [-60.733617, -33.086049], [-60.73353, -33.086134], [-60.73345, -33.086224], [-60.733395, -33.086325], [-60.733367, -33.086435], [-60.733354, -33.086546], [-60.733341, -33.086657], [-60.733327, -33.086769], [-60.733313, -33.086879], [-60.733299, -33.08699], [-60.733284, -33.087101], [-60.733269, -33.087212], [-60.733253, -33.087323], [-60.733241, -33.087403], [-60.733224, -33.087513], [-60.733207, -33.087624], [-60.733178, -33.087733], [-60.73313, -33.087838], [-60.733064, -33.087934], [-60.732988, -33.088025], [-60.732911, -33.088116], [-60.732835, -33.088208], [-60.73276, -33.088297], [-60.732729, -33.088333], [-60.732652, -33.088424], [-60.732575, -33.088515], [-60.732514, -33.088588], [-60.732437, -33.088679], [-60.73236, -33.08877], [-60.732283, -33.088861], [-60.732207, -33.088951], [-60.73213, -33.089042], [-60.73207, -33.089114], [-60.731994, -33.089205], [-60.731917, -33.089296], [-60.731842, -33.089388], [-60.731766, -33.08948], [-60.731692, -33.089572], [-60.731619, -33.089666], [-60.731548, -33.08976], [-60.731478, -33.089855], [-60.731411, -33.089951], [-60.731345, -33.090048], [-60.73128, -33.090145], [-60.73122, -33.090235], [-60.731157, -33.090333], [-60.731093, -33.090431], [-60.731029, -33.090528], [-60.730968, -33.090622], [-60.730905, -33.090719], [-60.730841, -33.090817], [-60.73078, -33.090914], [-60.730717, -33.091012], [-60.730654, -33.091111], [-60.730593, -33.091208], [-60.73053, -33.091307], [-60.730468, -33.091405], [-60.730405, -33.091504], [-60.730343, -33.091602], [-60.730279, -33.0917], [-60.730216, -33.091799], [-60.730154, -33.091893], [-60.730089, -33.091991], [-60.730024, -33.092089], [-60.729959, -33.092186], [-60.729893, -33.092283], [-60.729827, -33.09238], [-60.729761, -33.092477], [-60.729695, -33.092575], [-60.72963, -33.092671], [-60.729565, -33.092768], [-60.729499, -33.092865], [-60.729433, -33.092963], [-60.729367, -33.093059], [-60.729301, -33.093156], [-60.729236, -33.093254], [-60.729172, -33.093352], [-60.729115, -33.093437], [-60.72909, -33.093476], [-60.729028, -33.093571], [-60.728966, -33.093667], [-60.728905, -33.093763], [-60.728843, -33.093859], [-60.728782, -33.093955], [-60.728721, -33.094051], [-60.728676, -33.094122], [-60.728615, -33.094218], [-60.728566, -33.094293], [-60.728505, -33.094389], [-60.728448, -33.094478], [-60.728386, -33.094574], [-60.728325, -33.09467], [-60.728264, -33.094766], [-60.728202, -33.094862], [-60.728141, -33.094958], [-60.72808, -33.095055], [-60.728029, -33.095135], [-60.727979, -33.095214], [-60.727918, -33.09531], [-60.727876, -33.095375], [-60.727814, -33.095471], [-60.727762, -33.095552], [-60.7277, -33.095648], [-60.727638, -33.095743], [-60.727576, -33.095838], [-60.727514, -33.095934], [-60.727457, -33.096023], [-60.727399, -33.096114], [-60.727338, -33.09621], [-60.727294, -33.096277], [-60.727233, -33.096374], [-60.727173, -33.096468], [-60.727112, -33.096565], [-60.727055, -33.096653], [-60.726994, -33.096749], [-60.726933, -33.096845], [-60.726871, -33.096941], [-60.72681, -33.097037], [-60.726748, -33.097134], [-60.726687, -33.097229], [-60.726635, -33.09731], [-60.726582, -33.097394], [-60.72652, -33.09749], [-60.726458, -33.097586], [-60.726396, -33.097682], [-60.726335, -33.097778], [-60.726273, -33.097874], [-60.726211, -33.09797], [-60.72615, -33.098067], [-60.726088, -33.098163], [-60.726026, -33.098259], [-60.725964, -33.098355], [-60.725915, -33.098431], [-60.725853, -33.098527], [-60.725791, -33.098625], [-60.725731, -33.09872], [-60.72567, -33.098816], [-60.725608, -33.098912], [-60.725547, -33.099008], [-60.725486, -33.099104], [-60.725424, -33.0992], [-60.725363, -33.099296], [-60.725301, -33.099392], [-60.725239, -33.099488], [-60.725184, -33.099575], [-60.725124, -33.099669], [-60.725063, -33.099766], [-60.725012, -33.099847], [-60.72495, -33.099943], [-60.724898, -33.100023], [-60.724836, -33.100119], [-60.724784, -33.100201], [-60.724725, -33.100294], [-60.724666, -33.100385], [-60.724606, -33.100478], [-60.724544, -33.100575], [-60.724485, -33.100667], [-60.724424, -33.100763], [-60.724363, -33.100859], [-60.724302, -33.100955], [-60.724241, -33.10105], [-60.724179, -33.101146], [-60.724118, -33.101242], [-60.724057, -33.101338], [-60.723995, -33.101434], [-60.723933, -33.10153], [-60.723872, -33.101626], [-60.72381, -33.101722], [-60.723748, -33.101818], [-60.723703, -33.101886], [-60.723642, -33.101982], [-60.723595, -33.102055], [-60.723537, -33.102146], [-60.723476, -33.102241], [-60.723414, -33.102337], [-60.723353, -33.102432], [-60.723292, -33.102528], [-60.723231, -33.102625], [-60.72317, -33.10272], [-60.723109, -33.102816], [-60.723056, -33.1029], [-60.723011, -33.102971], [-60.722961, -33.103048], [-60.722915, -33.103119], [-60.722868, -33.103192], [-60.722806, -33.103289], [-60.722745, -33.103384], [-60.722683, -33.10348], [-60.722621, -33.103576], [-60.72256, -33.103671], [-60.7225, -33.103764], [-60.722439, -33.10386], [-60.722377, -33.103955], [-60.722317, -33.104049], [-60.722263, -33.104134], [-60.722201, -33.10423], [-60.722145, -33.104317], [-60.722084, -33.104412], [-60.722023, -33.104508], [-60.721962, -33.104604], [-60.721901, -33.1047], [-60.721839, -33.104797], [-60.721777, -33.104893], [-60.721715, -33.104989], [-60.721653, -33.105085], [-60.721612, -33.105149], [-60.72155, -33.105245], [-60.721499, -33.105326], [-60.721437, -33.105422], [-60.721387, -33.1055], [-60.721325, -33.105596], [-60.721277, -33.105673], [-60.721225, -33.105754], [-60.721164, -33.10585], [-60.721101, -33.105947], [-60.721052, -33.106024], [-60.72099, -33.10612], [-60.720939, -33.106199], [-60.720877, -33.106294], [-60.720816, -33.10639], [-60.720755, -33.106486], [-60.720693, -33.106583], [-60.720632, -33.106679], [-60.72057, -33.106775], [-60.720508, -33.106871], [-60.720447, -33.106967], [-60.720385, -33.107063], [-60.720324, -33.107159], [-60.720275, -33.107234], [-60.720227, -33.107309], [-60.720164, -33.107405], [-60.720118, -33.107476], [-60.720057, -33.107572], [-60.719996, -33.107667], [-60.719935, -33.107762], [-60.719874, -33.107857], [-60.719812, -33.107953], [-60.719764, -33.108028], [-60.719702, -33.108125], [-60.719641, -33.108221], [-60.719597, -33.108288], [-60.719536, -33.108383], [-60.71952, -33.108407], [-60.719448, -33.108499], [-60.719344, -33.108564], [-60.719228, -33.108613], [-60.719129, -33.108653], [-60.719033, -33.108692], [-60.718916, -33.10874], [-60.7188, -33.108788], [-60.718683, -33.108836], [-60.718596, -33.108873], [-60.718481, -33.108922], [-60.71838, -33.108964], [-60.718269, -33.109021], [-60.718192, -33.109079], [-60.718098, -33.109155], [-60.718006, -33.109231], [-60.717913, -33.109307], [-60.717822, -33.109383], [-60.71773, -33.109461], [-60.717638, -33.109537], [-60.717547, -33.109615], [-60.717489, -33.109664], [-60.717399, -33.109742], [-60.717308, -33.10982], [-60.717231, -33.109886], [-60.717139, -33.109964], [-60.717067, -33.110024], [-60.716976, -33.1101], [-60.716883, -33.110176], [-60.71679, -33.110253], [-60.7167, -33.110328], [-60.716607, -33.110405], [-60.716515, -33.110482], [-60.716422, -33.110559], [-60.71633, -33.110636], [-60.716239, -33.110713], [-60.716147, -33.110789], [-60.716055, -33.110866], [-60.715963, -33.110944], [-60.715871, -33.111021], [-60.715779, -33.111098], [-60.715687, -33.111175], [-60.715595, -33.111252], [-60.715503, -33.111329], [-60.715411, -33.111406], [-60.71534, -33.111466], [-60.715248, -33.111543], [-60.715156, -33.111619], [-60.715064, -33.111696], [-60.714972, -33.111773], [-60.714881, -33.11185], [-60.714789, -33.111928], [-60.714697, -33.112005], [-60.714605, -33.112082], [-60.714513, -33.11216], [-60.714421, -33.112237], [-60.714329, -33.112313], [-60.714237, -33.11239], [-60.714145, -33.112467], [-60.714053, -33.112544], [-60.713962, -33.11262], [-60.71387, -33.112697], [-60.713779, -33.112774], [-60.713687, -33.112852], [-60.713596, -33.112929], [-60.713504, -33.113006], [-60.713412, -33.113083], [-60.71332, -33.113159], [-60.71325, -33.113217], [-60.713158, -33.113295], [-60.713067, -33.113372], [-60.712975, -33.113449], [-60.712883, -33.113526], [-60.712792, -33.113602], [-60.7127, -33.113679], [-60.712608, -33.113756], [-60.712516, -33.113832], [-60.712426, -33.113908], [-60.712334, -33.113985], [-60.712242, -33.114063], [-60.712163, -33.11413], [-60.712072, -33.114207], [-60.711999, -33.114268], [-60.711907, -33.114345], [-60.711814, -33.114422], [-60.711722, -33.114499], [-60.71163, -33.114576], [-60.711538, -33.114653], [-60.711445, -33.11473], [-60.711353, -33.114807], [-60.711261, -33.114884], [-60.711169, -33.114961], [-60.711077, -33.115039], [-60.710985, -33.115116], [-60.710893, -33.115193], [-60.710801, -33.115271], [-60.710711, -33.115348], [-60.710625, -33.115422], [-60.710534, -33.115501], [-60.710449, -33.115575], [-60.71036, -33.115653], [-60.710271, -33.115733], [-60.710183, -33.115812], [-60.710094, -33.115892], [-60.710007, -33.115969], [-60.709919, -33.116049], [-60.70983, -33.11613], [-60.709742, -33.11621], [-60.709653, -33.116289], [-60.709565, -33.116369], [-60.709491, -33.116435], [-60.709402, -33.116515], [-60.709313, -33.116595], [-60.709225, -33.116675], [-60.709136, -33.116755], [-60.709052, -33.11683], [-60.708963, -33.11691], [-60.708875, -33.11699], [-60.708786, -33.11707], [-60.708733, -33.117117], [-60.708644, -33.117197], [-60.708541, -33.117264], [-60.708501, -33.117285], [-60.708391, -33.117342], [-60.708286, -33.117397], [-60.708176, -33.117455], [-60.708066, -33.117513], [-60.707956, -33.11757], [-60.707846, -33.117628], [-60.707814, -33.117645], [-60.707738, -33.117687], [-60.707628, -33.117744], [-60.707524, -33.117809], [-60.707431, -33.117885], [-60.707354, -33.117947], [-60.707261, -33.118023], [-60.707166, -33.1181], [-60.707073, -33.118176], [-60.706995, -33.118239], [-60.706903, -33.118314], [-60.70681, -33.11839], [-60.706716, -33.118465], [-60.706623, -33.118541], [-60.706529, -33.118617], [-60.706436, -33.118693], [-60.706342, -33.118769], [-60.706248, -33.118844], [-60.706154, -33.11892], [-60.706061, -33.118996], [-60.705968, -33.119071], [-60.705875, -33.119147], [-60.705781, -33.119223], [-60.705688, -33.119299], [-60.705595, -33.119375], [-60.705501, -33.119451], [-60.705408, -33.119527], [-60.705315, -33.119603], [-60.705222, -33.119679], [-60.705128, -33.119755], [-60.705035, -33.119831], [-60.704943, -33.119906], [-60.70485, -33.119982], [-60.704756, -33.120057], [-60.704682, -33.120117], [-60.704589, -33.120192], [-60.704495, -33.120267], [-60.704419, -33.120329], [-60.704326, -33.120405], [-60.704232, -33.12048], [-60.704139, -33.120556], [-60.704046, -33.120632], [-60.703953, -33.120707], [-60.703863, -33.120786], [-60.703776, -33.120866], [-60.703688, -33.120946], [-60.7036, -33.121027], [-60.703512, -33.121107], [-60.703424, -33.121187], [-60.703335, -33.121267], [-60.703252, -33.121342], [-60.703182, -33.121404], [-60.703094, -33.121483], [-60.703005, -33.121563], [-60.702916, -33.121642], [-60.702828, -33.121722], [-60.70274, -33.121802], [-60.702652, -33.121881], [-60.702591, -33.121936], [-60.702503, -33.122016], [-60.702414, -33.122097], [-60.702325, -33.122176], [-60.702236, -33.122256], [-60.702153, -33.12233], [-60.702064, -33.12241], [-60.701976, -33.122489], [-60.701888, -33.122568], [-60.701805, -33.122643], [-60.701716, -33.122723], [-60.701628, -33.122802], [-60.701562, -33.122861], [-60.701473, -33.122941], [-60.701401, -33.123005], [-60.701312, -33.123085], [-60.701234, -33.123155], [-60.701145, -33.123234], [-60.701056, -33.123312], [-60.700973, -33.123386], [-60.700883, -33.123465], [-60.700794, -33.123544], [-60.700705, -33.123623], [-60.700616, -33.123702], [-60.700555, -33.123756], [-60.700476, -33.123826], [-60.700387, -33.123905], [-60.700298, -33.123985], [-60.700236, -33.12404], [-60.700147, -33.12412], [-60.700058, -33.124199], [-60.699969, -33.124278], [-60.699889, -33.124349], [-60.6998, -33.124428], [-60.69971, -33.124507], [-60.69962, -33.124586], [-60.699544, -33.124653], [-60.699457, -33.124729], [-60.699377, -33.124799], [-60.699295, -33.124871], [-60.699213, -33.124943], [-60.699123, -33.125021], [-60.699037, -33.125093], [-60.698985, -33.125137], [-60.698896, -33.12521], [-60.698804, -33.125287], [-60.69871, -33.125363], [-60.698641, -33.12542], [-60.698548, -33.125497], [-60.698476, -33.125556], [-60.698384, -33.125632], [-60.698318, -33.125686], [-60.698226, -33.125762], [-60.698158, -33.125819], [-60.698066, -33.125895], [-60.697996, -33.125954], [-60.697904, -33.126032], [-60.697834, -33.126092], [-60.697745, -33.126169], [-60.697677, -33.12623], [-60.697588, -33.126309], [-60.697554, -33.126337], [-60.697487, -33.12639], [-60.6974, -33.12646], [-60.697332, -33.126514], [-60.697237, -33.126588], [-60.697142, -33.126662], [-60.697048, -33.126736], [-60.696954, -33.126811], [-60.696861, -33.126885], [-60.696791, -33.126941], [-60.696697, -33.127017], [-60.69662, -33.127079], [-60.69654, -33.127144], [-60.696469, -33.127202], [-60.696375, -33.127278], [-60.696303, -33.127335], [-60.696208, -33.127411], [-60.696115, -33.127486], [-60.696021, -33.127562], [-60.695943, -33.127624], [-60.695849, -33.127699], [-60.695755, -33.127774], [-60.695662, -33.127849], [-60.695586, -33.127911], [-60.695506, -33.127975], [-60.695441, -33.128028], [-60.695347, -33.128103], [-60.695276, -33.128159], [-60.695182, -33.128235], [-60.695089, -33.12831], [-60.694995, -33.128386], [-60.694901, -33.128461], [-60.694819, -33.128528], [-60.694725, -33.128603], [-60.694631, -33.128678], [-60.694537, -33.128754], [-60.694467, -33.12881], [-60.694399, -33.128864], [-60.694306, -33.12894], [-60.694233, -33.128999], [-60.694139, -33.129074], [-60.694045, -33.12915], [-60.693951, -33.129225], [-60.693857, -33.1293], [-60.693766, -33.129373], [-60.693672, -33.129449], [-60.693579, -33.129524], [-60.693513, -33.129578], [-60.693421, -33.129652], [-60.693342, -33.129716], [-60.693248, -33.129791], [-60.693181, -33.129845], [-60.693087, -33.129921], [-60.693012, -33.129981], [-60.692918, -33.130057], [-60.692842, -33.130118], [-60.692748, -33.130193], [-60.692672, -33.130254], [-60.692578, -33.13033], [-60.692524, -33.130374], [-60.692446, -33.130436], [-60.692381, -33.130488], [-60.692288, -33.130564], [-60.692223, -33.130616], [-60.69213, -33.130691], [-60.692057, -33.13075], [-60.691963, -33.130825], [-60.691893, -33.130881], [-60.691799, -33.130956], [-60.691728, -33.131014], [-60.691634, -33.131089], [-60.691542, -33.131164], [-60.691448, -33.131239], [-60.691356, -33.131313], [-60.691287, -33.131368], [-60.691193, -33.131443], [-60.691099, -33.131519], [-60.691005, -33.131594], [-60.690911, -33.13167], [-60.690842, -33.131725], [-60.690748, -33.1318], [-60.690681, -33.131854], [-60.69059, -33.131928], [-60.690511, -33.131991], [-60.690418, -33.132067], [-60.690324, -33.132143], [-60.69023, -33.132219], [-60.690136, -33.132295], [-60.690042, -33.13237], [-60.689958, -33.132438], [-60.689863, -33.132513], [-60.689769, -33.132589], [-60.689675, -33.132664], [-60.689581, -33.13274], [-60.689491, -33.132812], [-60.689415, -33.132873], [-60.689321, -33.132949], [-60.689228, -33.133024], [-60.689134, -33.133099], [-60.68904, -33.133174], [-60.688946, -33.133249], [-60.688858, -33.133319], [-60.688764, -33.133395], [-60.68867, -33.133471], [-60.688578, -33.133546], [-60.688484, -33.133622], [-60.688393, -33.133695], [-60.688299, -33.133771], [-60.688213, -33.13384], [-60.68812, -33.133916], [-60.688027, -33.133992], [-60.687934, -33.134067], [-60.687841, -33.134142], [-60.687741, -33.134212], [-60.687637, -33.134277], [-60.687581, -33.134312], [-60.687477, -33.134377], [-60.687374, -33.134442], [-60.687269, -33.134507], [-60.687164, -33.134572], [-60.68706, -33.134637], [-60.686956, -33.134702], [-60.686852, -33.134768], [-60.686757, -33.134828], [-60.686653, -33.134894], [-60.68655, -33.13496], [-60.686467, -33.135012], [-60.686363, -33.135078], [-60.686285, -33.135128], [-60.686193, -33.135185], [-60.68609, -33.135251], [-60.685986, -33.135316], [-60.685895, -33.135374], [-60.685791, -33.13544], [-60.685687, -33.135506], [-60.685584, -33.135571], [-60.68548, -33.135637], [-60.685376, -33.135702], [-60.685272, -33.135767], [-60.685168, -33.135833], [-60.685064, -33.135899], [-60.684962, -33.135963], [-60.684869, -33.136021], [-60.684765, -33.136087], [-60.68466, -33.136152], [-60.684556, -33.136217], [-60.684536, -33.136229], [-60.684455, -33.136289], [-60.684359, -33.136363], [-60.684254, -33.136427], [-60.684148, -33.136491], [-60.684042, -33.136554], [-60.683935, -33.136616], [-60.683828, -33.136677], [-60.683719, -33.136738], [-60.683611, -33.136798], [-60.683503, -33.136858], [-60.683432, -33.136898], [-60.683325, -33.13696], [-60.683217, -33.137021], [-60.68312, -33.137075], [-60.683012, -33.137135], [-60.682904, -33.137194], [-60.682795, -33.137255], [-60.682688, -33.137315], [-60.68258, -33.137377], [-60.682472, -33.137438], [-60.682364, -33.137498], [-60.682256, -33.137559], [-60.682148, -33.137619], [-60.68204, -33.13768], [-60.681932, -33.137741], [-60.681825, -33.137802], [-60.681736, -33.137852], [-60.681628, -33.137913], [-60.681521, -33.137973], [-60.681414, -33.138034], [-60.681321, -33.138086], [-60.681213, -33.138146], [-60.681105, -33.138206], [-60.680996, -33.138266], [-60.680891, -33.138324], [-60.680785, -33.138382], [-60.680679, -33.138444], [-60.68058, -33.138515], [-60.680485, -33.138589], [-60.680406, -33.13865], [-60.680311, -33.138724], [-60.680215, -33.138798], [-60.68012, -33.138872], [-60.680024, -33.138946], [-60.679929, -33.13902], [-60.679833, -33.139095], [-60.679738, -33.139169], [-60.679643, -33.139243], [-60.679547, -33.139317], [-60.679452, -33.139391], [-60.679357, -33.139464], [-60.679262, -33.139538], [-60.679167, -33.139611], [-60.679071, -33.139685], [-60.678975, -33.139759], [-60.678879, -33.139832], [-60.678783, -33.139906], [-60.678688, -33.13998], [-60.678592, -33.140054], [-60.678502, -33.140124], [-60.678411, -33.140193], [-60.678343, -33.140246], [-60.678248, -33.14032], [-60.678152, -33.140394], [-60.678058, -33.140467], [-60.677962, -33.140541], [-60.677886, -33.140599], [-60.677791, -33.140674], [-60.677696, -33.140747], [-60.677601, -33.140821], [-60.677505, -33.140895], [-60.67741, -33.140969], [-60.677324, -33.141035], [-60.677227, -33.141109], [-60.677132, -33.141183], [-60.677036, -33.141257], [-60.67694, -33.141331], [-60.676844, -33.141404], [-60.676749, -33.141478], [-60.676653, -33.141551], [-60.676556, -33.141625], [-60.676468, -33.141692], [-60.676386, -33.141754], [-60.676298, -33.141823], [-60.676202, -33.141896], [-60.676116, -33.141961], [-60.676025, -33.14203], [-60.675937, -33.142098], [-60.675841, -33.142172], [-60.675745, -33.142245], [-60.675649, -33.142318], [-60.675553, -33.142391], [-60.675457, -33.142465], [-60.675361, -33.142537], [-60.675264, -33.14261], [-60.675168, -33.142683], [-60.675072, -33.142757], [-60.675003, -33.142809], [-60.674907, -33.142882], [-60.67483, -33.142941], [-60.674733, -33.143014], [-60.674669, -33.143063], [-60.674573, -33.143136], [-60.674476, -33.14321], [-60.674385, -33.14328], [-60.674296, -33.143347], [-60.674199, -33.14342], [-60.674102, -33.143494], [-60.674006, -33.143567], [-60.67391, -33.14364], [-60.673814, -33.143714], [-60.673718, -33.143786], [-60.673621, -33.143859], [-60.673525, -33.143932], [-60.673429, -33.144005], [-60.673332, -33.144078], [-60.673236, -33.144152], [-60.67314, -33.144224], [-60.673044, -33.144298], [-60.672948, -33.144371], [-60.672874, -33.144427], [-60.672795, -33.144488], [-60.672709, -33.144554], [-60.672613, -33.144628], [-60.672517, -33.144701], [-60.672426, -33.144772], [-60.672333, -33.144844], [-60.672238, -33.144917], [-60.672142, -33.144991], [-60.672046, -33.145065], [-60.671951, -33.145138], [-60.671859, -33.14521], [-60.671766, -33.145282], [-60.67167, -33.145356], [-60.671585, -33.145422], [-60.671505, -33.145483], [-60.67141, -33.145556], [-60.671327, -33.145619], [-60.671233, -33.145693], [-60.671138, -33.145766], [-60.671042, -33.14584], [-60.670947, -33.145914], [-60.67086, -33.145981], [-60.670766, -33.146055], [-60.67067, -33.146128], [-60.670575, -33.146201], [-60.670479, -33.146275], [-60.670383, -33.146349], [-60.670288, -33.146422], [-60.670192, -33.146496], [-60.670104, -33.146563], [-60.670008, -33.146637], [-60.669912, -33.146711], [-60.669816, -33.146786], [-60.66972, -33.14686], [-60.669655, -33.14691], [-60.66956, -33.146984], [-60.669469, -33.147054], [-60.669373, -33.147128], [-60.669277, -33.147202], [-60.669182, -33.147275], [-60.669086, -33.147349], [-60.66899, -33.147423], [-60.668894, -33.147496], [-60.668798, -33.14757], [-60.668703, -33.147643], [-60.668607, -33.147716], [-60.668511, -33.14779], [-60.668416, -33.147863], [-60.668319, -33.147937], [-60.668232, -33.148015], [-60.668152, -33.148101], [-60.668071, -33.148187], [-60.667992, -33.148273], [-60.667912, -33.148359], [-60.667856, -33.14842], [-60.667777, -33.148506], [-60.667703, -33.148587], [-60.667625, -33.148675], [-60.667547, -33.148761], [-60.667469, -33.148847], [-60.667391, -33.148932], [-60.667298, -33.149008], [-60.667195, -33.149075], [-60.66718, -33.149085], [-60.667078, -33.149152], [-60.666977, -33.149221], [-60.666876, -33.14929], [-60.666776, -33.149358], [-60.666676, -33.149427], [-60.666575, -33.149495], [-60.666475, -33.149564], [-60.666375, -33.149633], [-60.666275, -33.149703], [-60.666177, -33.149771], [-60.666077, -33.14984], [-60.665978, -33.149909], [-60.665878, -33.149978], [-60.665778, -33.150047], [-60.665677, -33.150116], [-60.665576, -33.150185], [-60.665476, -33.150254], [-60.665376, -33.150323], [-60.665276, -33.150393], [-60.665175, -33.150462], [-60.665103, -33.150512], [-60.665003, -33.150581], [-60.664902, -33.150651], [-60.664802, -33.15072], [-60.664711, -33.150783], [-60.66461, -33.150852], [-60.664533, -33.150904], [-60.664433, -33.150974], [-60.664357, -33.151025], [-60.664257, -33.151095], [-60.664183, -33.151146], [-60.664084, -33.151216], [-60.663985, -33.151286], [-60.663905, -33.151344], [-60.663808, -33.151416], [-60.663717, -33.151485], [-60.663636, -33.151545], [-60.663538, -33.151618], [-60.663441, -33.151689], [-60.663345, -33.151761], [-60.663261, -33.151824], [-60.663165, -33.151898], [-60.66307, -33.151971], [-60.662989, -33.152034], [-60.662893, -33.152108], [-60.662827, -33.152159], [-60.662731, -33.152233], [-60.662635, -33.152307], [-60.662555, -33.152368], [-60.662459, -33.152441], [-60.662364, -33.152515], [-60.662268, -33.152589], [-60.662173, -33.152662], [-60.662077, -33.152736], [-60.661981, -33.15281], [-60.661885, -33.152883], [-60.661789, -33.152957], [-60.661694, -33.153031], [-60.661619, -33.153088], [-60.661524, -33.153162], [-60.661428, -33.153236], [-60.661333, -33.15331], [-60.661259, -33.153367], [-60.661164, -33.153441], [-60.661091, -33.153497], [-60.660996, -33.153571], [-60.660901, -33.153644], [-60.660832, -33.153696], [-60.660736, -33.15377], [-60.660641, -33.153843], [-60.660563, -33.153904], [-60.660467, -33.153977], [-60.660386, -33.15404], [-60.660315, -33.154095], [-60.660219, -33.15417], [-60.660123, -33.154243], [-60.660058, -33.154294], [-60.659963, -33.154367], [-60.659886, -33.154426], [-60.659789, -33.154499], [-60.659693, -33.154572], [-60.659597, -33.154645], [-60.659524, -33.154702], [-60.659428, -33.154775], [-60.659331, -33.154849], [-60.659264, -33.1549], [-60.65917, -33.154973], [-60.659097, -33.155029], [-60.659024, -33.155085], [-60.658928, -33.155159], [-60.658833, -33.155232], [-60.658737, -33.155306], [-60.65864, -33.155379], [-60.658545, -33.155452], [-60.658449, -33.155526], [-60.658354, -33.155599], [-60.658258, -33.155672], [-60.658161, -33.155746], [-60.658066, -33.155819], [-60.657974, -33.155889], [-60.657878, -33.155962], [-60.657808, -33.156015], [-60.657712, -33.156089], [-60.657616, -33.156162], [-60.65752, -33.156235], [-60.657424, -33.156309], [-60.657328, -33.156383], [-60.657247, -33.156445], [-60.657175, -33.156501], [-60.657079, -33.156574], [-60.656998, -33.156636], [-60.656915, -33.1567], [-60.656839, -33.156758], [-60.656744, -33.156831], [-60.656648, -33.156904], [-60.656552, -33.156977], [-60.65646, -33.157046], [-60.656364, -33.15712], [-60.656294, -33.157174], [-60.656198, -33.157247], [-60.656121, -33.157306], [-60.656026, -33.157379], [-60.65593, -33.157453], [-60.655853, -33.157512], [-60.655779, -33.157568], [-60.655682, -33.157642], [-60.655585, -33.157715], [-60.655489, -33.157788], [-60.655393, -33.157861], [-60.655298, -33.157934], [-60.655205, -33.158005], [-60.65511, -33.158078], [-60.655014, -33.158152], [-60.654925, -33.15822], [-60.65483, -33.158294], [-60.654734, -33.158368], [-60.654639, -33.158442], [-60.654543, -33.158516], [-60.654448, -33.15859], [-60.654351, -33.158664], [-60.654256, -33.158737], [-60.65416, -33.158811], [-60.654064, -33.158884], [-60.653968, -33.158957], [-60.653893, -33.159014], [-60.653797, -33.159087], [-60.6537, -33.15916], [-60.653606, -33.159231], [-60.653586, -33.159246], [-60.653514, -33.1593], [-60.653416, -33.159372], [-60.653318, -33.159444], [-60.653219, -33.159515], [-60.65312, -33.159584], [-60.65302, -33.159654], [-60.65292, -33.159724], [-60.652821, -33.159793], [-60.652743, -33.159847], [-60.652643, -33.159917], [-60.652544, -33.159986], [-60.65246, -33.160046], [-60.652382, -33.1601], [-60.652298, -33.16016], [-60.6522, -33.160231], [-60.652102, -33.160303], [-60.652007, -33.160377], [-60.651912, -33.160452], [-60.65187, -33.160485], [-60.651776, -33.160561], [-60.651705, -33.160619], [-60.651612, -33.160694], [-60.651532, -33.160759], [-60.651439, -33.160835], [-60.651346, -33.160911], [-60.651252, -33.160986], [-60.651157, -33.161063], [-60.651063, -33.161138], [-60.65097, -33.161214], [-60.650876, -33.16129], [-60.650783, -33.161365], [-60.65069, -33.16144], [-60.650619, -33.161498], [-60.650526, -33.161574], [-60.650433, -33.16165], [-60.650339, -33.161725], [-60.650273, -33.161779], [-60.650179, -33.161854], [-60.650086, -33.16193], [-60.649992, -33.162005], [-60.649898, -33.162081], [-60.649805, -33.162157], [-60.649719, -33.162226], [-60.649626, -33.162302], [-60.649533, -33.162378], [-60.649453, -33.162443], [-60.64939, -33.162493], [-60.649297, -33.162568], [-60.649203, -33.162644], [-60.649109, -33.16272], [-60.649016, -33.162796], [-60.648923, -33.162871], [-60.648842, -33.162936], [-60.648748, -33.163011], [-60.648655, -33.163087], [-60.648561, -33.163162], [-60.648467, -33.163238], [-60.648374, -33.163313], [-60.648281, -33.163388], [-60.648189, -33.163463], [-60.648104, -33.163532], [-60.648011, -33.163608], [-60.647917, -33.163684], [-60.647826, -33.163757], [-60.647739, -33.163828], [-60.647645, -33.163904], [-60.647574, -33.163962], [-60.64748, -33.164037], [-60.647411, -33.164093], [-60.647322, -33.164165], [-60.647229, -33.164241], [-60.647135, -33.164317], [-60.647042, -33.164393], [-60.646948, -33.164469], [-60.646856, -33.164545], [-60.646763, -33.164621], [-60.646694, -33.164677], [-60.646601, -33.164752], [-60.646522, -33.164815], [-60.64643, -33.164892], [-60.646338, -33.164968], [-60.646247, -33.165046], [-60.64618, -33.165104], [-60.646094, -33.165178], [-60.646011, -33.165251], [-60.64592, -33.16533], [-60.64585, -33.165393], [-60.645761, -33.165473], [-60.645674, -33.165554], [-60.645588, -33.165635], [-60.645502, -33.165718], [-60.645418, -33.165801], [-60.645334, -33.165884], [-60.645255, -33.165963], [-60.645171, -33.166047], [-60.645087, -33.16613], [-60.645003, -33.166213], [-60.644918, -33.166297], [-60.644835, -33.16638], [-60.644751, -33.166464], [-60.64469, -33.166524], [-60.644605, -33.166607], [-60.644536, -33.166674], [-60.644452, -33.166757], [-60.64439, -33.166817], [-60.644306, -33.1669], [-60.644222, -33.166983], [-60.644138, -33.167066], [-60.644054, -33.16715], [-60.64397, -33.167233], [-60.643886, -33.167316], [-60.643802, -33.167399], [-60.643733, -33.167467], [-60.643655, -33.167543], [-60.643585, -33.167612], [-60.643505, -33.167691], [-60.643439, -33.167757], [-60.643355, -33.16784], [-60.643271, -33.167923], [-60.643187, -33.168006], [-60.643104, -33.168089], [-60.64302, -33.168172], [-60.642937, -33.168255], [-60.642853, -33.168338], [-60.642773, -33.168416], [-60.642688, -33.168498], [-60.642625, -33.168559], [-60.642539, -33.168641], [-60.64246, -33.168716], [-60.64238, -33.168792], [-60.642294, -33.168873], [-60.642233, -33.168931], [-60.642145, -33.169013], [-60.642077, -33.169076], [-60.64199, -33.169157], [-60.641903, -33.169238], [-60.641817, -33.169318], [-60.641731, -33.1694], [-60.641646, -33.169482], [-60.64156, -33.169564], [-60.641497, -33.169625], [-60.64141, -33.169706], [-60.641323, -33.169788], [-60.641237, -33.169869], [-60.641151, -33.169951], [-60.641069, -33.170028], [-60.640982, -33.170108], [-60.640895, -33.17019], [-60.640807, -33.170271], [-60.640743, -33.170331], [-60.640655, -33.170412], [-60.64064, -33.170425], [-60.640563, -33.170496], [-60.640475, -33.170576], [-60.640409, -33.170636], [-60.640349, -33.170689], [-60.640261, -33.170767], [-60.640175, -33.170842], [-60.640084, -33.170921], [-60.639993, -33.170999], [-60.639916, -33.171065], [-60.639825, -33.171144], [-60.639735, -33.171222], [-60.639649, -33.171297], [-60.639559, -33.171375], [-60.639468, -33.171453], [-60.639378, -33.171532], [-60.63929, -33.171608], [-60.639216, -33.171673], [-60.639125, -33.171751], [-60.639048, -33.171819], [-60.638957, -33.171897], [-60.638866, -33.171974], [-60.638775, -33.172053], [-60.638685, -33.172131], [-60.638594, -33.172209], [-60.638503, -33.172287], [-60.638413, -33.172366], [-60.638322, -33.172444], [-60.638238, -33.172517], [-60.638148, -33.172596], [-60.638065, -33.172668], [-60.637979, -33.172742], [-60.637903, -33.172808], [-60.637812, -33.172886], [-60.637721, -33.172965], [-60.637659, -33.173018], [-60.637568, -33.173097], [-60.637502, -33.173154], [-60.637411, -33.173233], [-60.63732, -33.173311], [-60.637238, -33.173382], [-60.637148, -33.173461], [-60.637066, -33.173531], [-60.636976, -33.173609], [-60.636885, -33.173688], [-60.636821, -33.173743], [-60.636734, -33.173818], [-60.636643, -33.173896], [-60.636552, -33.173975], [-60.636462, -33.174053], [-60.636371, -33.174132], [-60.63628, -33.17421], [-60.636189, -33.174288], [-60.636099, -33.174367], [-60.636008, -33.174445], [-60.635917, -33.174523], [-60.635827, -33.174601], [-60.635746, -33.174671], [-60.635655, -33.174749], [-60.635581, -33.174813], [-60.635519, -33.174866], [-60.635428, -33.174944], [-60.635337, -33.175023], [-60.635246, -33.175101], [-60.635156, -33.175179], [-60.635066, -33.175256], [-60.634974, -33.175335], [-60.634883, -33.175413], [-60.634793, -33.175491], [-60.634714, -33.175558], [-60.634645, -33.175617], [-60.634559, -33.175691], [-60.634468, -33.175769], [-60.634376, -33.175848], [-60.634286, -33.175926], [-60.634195, -33.176004], [-60.634108, -33.176079], [-60.634026, -33.176149], [-60.633935, -33.176228], [-60.633844, -33.176306], [-60.633753, -33.176384], [-60.633663, -33.176462], [-60.633587, -33.176527], [-60.633496, -33.176605], [-60.63341, -33.17668], [-60.63332, -33.176757], [-60.63323, -33.176836], [-60.633139, -33.176914], [-60.633048, -33.176992], [-60.632957, -33.17707], [-60.632866, -33.177148], [-60.632777, -33.177225], [-60.632686, -33.177304], [-60.632596, -33.177382], [-60.632508, -33.177458], [-60.632418, -33.177537], [-60.632328, -33.177615], [-60.632239, -33.177693], [-60.632148, -33.177771], [-60.632058, -33.177849], [-60.631968, -33.177927], [-60.631877, -33.178006], [-60.631787, -33.178084], [-60.631697, -33.178162], [-60.631606, -33.17824], [-60.631546, -33.178292], [-60.631456, -33.17837], [-60.631385, -33.178432], [-60.631296, -33.178512], [-60.631229, -33.178572], [-60.631155, -33.17864], [-60.631068, -33.17872], [-60.631019, -33.178767], [-60.630958, -33.178824], [-60.630884, -33.178894], [-60.630816, -33.178959], [-60.63073, -33.179042], [-60.630643, -33.179122], [-60.630554, -33.179202], [-60.630509, -33.179242], [-60.63044, -33.179301], [-60.63035, -33.17938], [-60.630266, -33.179452], [-60.630198, -33.179511], [-60.630107, -33.179589], [-60.630016, -33.179668], [-60.629925, -33.179746], [-60.629834, -33.179824], [-60.629748, -33.179897], [-60.629657, -33.179975], [-60.629589, -33.180033], [-60.629498, -33.180111], [-60.629414, -33.180183], [-60.629323, -33.180261], [-60.62926, -33.180315], [-60.629174, -33.180388], [-60.629083, -33.180466], [-60.628992, -33.180544], [-60.628901, -33.180622], [-60.628809, -33.180701], [-60.628718, -33.180779], [-60.628628, -33.180857], [-60.628554, -33.18092], [-60.628463, -33.180998], [-60.628372, -33.181076], [-60.628282, -33.181154], [-60.628191, -33.181232], [-60.628106, -33.181305], [-60.628015, -33.181383], [-60.627923, -33.181461], [-60.627832, -33.181539], [-60.627741, -33.181617], [-60.62765, -33.181695], [-60.627566, -33.181768], [-60.627475, -33.181846], [-60.627384, -33.181924], [-60.627313, -33.181984], [-60.62723, -33.182055], [-60.627153, -33.182122], [-60.627062, -33.1822], [-60.62697, -33.182278], [-60.626879, -33.182355], [-60.626788, -33.182433], [-60.626697, -33.182511], [-60.626606, -33.182588], [-60.626515, -33.182666], [-60.626425, -33.182744], [-60.626334, -33.182822], [-60.62626, -33.182886], [-60.626186, -33.182949], [-60.626097, -33.183026], [-60.626033, -33.183081], [-60.625943, -33.183159], [-60.625852, -33.183237], [-60.62576, -33.183315], [-60.625668, -33.183393], [-60.625577, -33.183471], [-60.625486, -33.183549], [-60.625395, -33.183627], [-60.625307, -33.183702], [-60.625216, -33.183781], [-60.62513, -33.183855], [-60.625039, -33.183934], [-60.624949, -33.184012], [-60.624859, -33.184089], [-60.624769, -33.184167], [-60.62468, -33.184245], [-60.624629, -33.18429], [-60.624539, -33.184369], [-60.624449, -33.184448], [-60.624364, -33.184522], [-60.624276, -33.184601], [-60.624187, -33.18468], [-60.624097, -33.18476], [-60.62401, -33.184837], [-60.623922, -33.184916], [-60.623833, -33.184996], [-60.623744, -33.185075], [-60.623654, -33.185155], [-60.623565, -33.185235], [-60.623476, -33.185314], [-60.623387, -33.185394], [-60.623297, -33.185473], [-60.623208, -33.185553], [-60.623119, -33.185632], [-60.62303, -33.185712], [-60.622941, -33.185791], [-60.622851, -33.18587], [-60.622766, -33.185947], [-60.622677, -33.186025], [-60.622606, -33.186088], [-60.62252, -33.186164], [-60.62243, -33.186244], [-60.622346, -33.18632], [-60.622257, -33.186399], [-60.622184, -33.186464], [-60.622095, -33.186544], [-60.622006, -33.186623], [-60.621918, -33.186702], [-60.621829, -33.186782], [-60.621747, -33.186855], [-60.621657, -33.186934], [-60.621582, -33.187001], [-60.621492, -33.187079], [-60.621431, -33.187133], [-60.621342, -33.187212], [-60.621254, -33.187291], [-60.621165, -33.187371], [-60.621076, -33.18745], [-60.620987, -33.187529], [-60.620898, -33.187609], [-60.620809, -33.187688], [-60.620731, -33.187758], [-60.620642, -33.187838], [-60.620556, -33.187914], [-60.620466, -33.187993], [-60.620394, -33.188058], [-60.620304, -33.188137], [-60.620215, -33.188216], [-60.620125, -33.188295], [-60.620036, -33.188374], [-60.619946, -33.188453], [-60.619862, -33.188528], [-60.619773, -33.188607], [-60.619695, -33.188676], [-60.619623, -33.18874], [-60.619544, -33.188808], [-60.619453, -33.188885], [-60.619364, -33.188965], [-60.619276, -33.189043], [-60.619203, -33.189105], [-60.619112, -33.189183], [-60.61902, -33.18926], [-60.618929, -33.189338], [-60.618837, -33.189415], [-60.618746, -33.189492], [-60.618655, -33.18957], [-60.618563, -33.189648], [-60.618472, -33.189726], [-60.61838, -33.189803], [-60.618306, -33.189866], [-60.618214, -33.189943], [-60.618121, -33.19002], [-60.61803, -33.190097], [-60.617939, -33.190174], [-60.617848, -33.190251], [-60.617756, -33.190329], [-60.617665, -33.190407], [-60.617573, -33.190484], [-60.617482, -33.190562], [-60.61739, -33.190639], [-60.617298, -33.190717], [-60.617208, -33.190794], [-60.617117, -33.190872], [-60.617026, -33.190949], [-60.616935, -33.191026], [-60.616843, -33.191103], [-60.616751, -33.191181], [-60.61666, -33.191258], [-60.616568, -33.191335], [-60.61649, -33.191401], [-60.616399, -33.191478], [-60.616308, -33.191555], [-60.616219, -33.19163], [-60.616127, -33.191707], [-60.616036, -33.191784], [-60.615944, -33.191861], [-60.615854, -33.191939], [-60.615762, -33.192016], [-60.615671, -33.192094], [-60.61558, -33.192172], [-60.615488, -33.192249], [-60.615397, -33.192326], [-60.615306, -33.192403], [-60.615215, -33.19248], [-60.615124, -33.192558], [-60.615033, -33.192635], [-60.614941, -33.192712], [-60.614849, -33.192789], [-60.614758, -33.192866], [-60.614666, -33.192944], [-60.614575, -33.193021], [-60.614484, -33.193098], [-60.614392, -33.193176], [-60.614301, -33.193253], [-60.614209, -33.193329], [-60.614137, -33.193391], [-60.614045, -33.193468], [-60.613954, -33.193546], [-60.613862, -33.193623], [-60.613776, -33.193697], [-60.613684, -33.193774], [-60.613592, -33.193851], [-60.613501, -33.193929], [-60.61341, -33.194005], [-60.613323, -33.194079], [-60.613231, -33.194156], [-60.61314, -33.194234], [-60.613049, -33.194311], [-60.612957, -33.194388], [-60.612878, -33.194456], [-60.612788, -33.194534], [-60.612698, -33.194612], [-60.612607, -33.194691], [-60.612517, -33.19477], [-60.612438, -33.194839], [-60.612349, -33.194918], [-60.612283, -33.194976], [-60.612194, -33.195056], [-60.612104, -33.195135], [-60.612014, -33.195213], [-60.611925, -33.195292], [-60.611845, -33.195362], [-60.611756, -33.195441], [-60.611666, -33.195521], [-60.611584, -33.195593], [-60.611495, -33.195672], [-60.611412, -33.195745], [-60.611322, -33.195824], [-60.611232, -33.195903], [-60.611142, -33.195982], [-60.611052, -33.196061], [-60.610964, -33.196138], [-60.610875, -33.196216], [-60.610809, -33.196275], [-60.610723, -33.196351], [-60.610657, -33.19641], [-60.610568, -33.196488], [-60.610502, -33.196546], [-60.610411, -33.196625], [-60.610342, -33.196686], [-60.610252, -33.196765], [-60.610207, -33.196804], [-60.610121, -33.19688], [-60.610048, -33.196944], [-60.609973, -33.19701], [-60.609884, -33.197089], [-60.609794, -33.197168], [-60.609704, -33.197246], [-60.609614, -33.197325], [-60.609524, -33.197404], [-60.609434, -33.197483], [-60.609344, -33.197562], [-60.609255, -33.197641], [-60.609185, -33.197703], [-60.609113, -33.197765], [-60.609023, -33.197844], [-60.608937, -33.197919], [-60.608846, -33.197999], [-60.608756, -33.198079], [-60.608667, -33.198158], [-60.608577, -33.198238], [-60.608489, -33.198317], [-60.608416, -33.198382], [-60.608327, -33.198461], [-60.608249, -33.19853], [-60.608163, -33.198606], [-60.608073, -33.198685], [-60.607983, -33.198764], [-60.607893, -33.198843], [-60.607803, -33.198923], [-60.607713, -33.199002], [-60.607652, -33.199055], [-60.607562, -33.199134], [-60.607478, -33.199208], [-60.607388, -33.199287], [-60.607298, -33.199366], [-60.607209, -33.199446], [-60.607119, -33.199525], [-60.607029, -33.199604], [-60.60694, -33.199683], [-60.606849, -33.199762], [-60.606765, -33.199836], [-60.606675, -33.199916], [-60.606589, -33.199992], [-60.606504, -33.200067], [-60.606414, -33.200145], [-60.606325, -33.200224], [-60.606235, -33.200303], [-60.606147, -33.200382], [-60.606057, -33.200461], [-60.605968, -33.20054], [-60.605898, -33.200601], [-60.605823, -33.200667], [-60.605733, -33.200746], [-60.605668, -33.200803], [-60.605578, -33.200882], [-60.605489, -33.200961], [-60.605405, -33.201035], [-60.605315, -33.201114], [-60.605231, -33.201188], [-60.605142, -33.201267], [-60.605052, -33.201346], [-60.604965, -33.201423], [-60.604875, -33.201501], [-60.604784, -33.20158], [-60.604694, -33.201658], [-60.604604, -33.201737], [-60.604515, -33.201816], [-60.604481, -33.201846], [-60.604468, -33.201858], [-60.604383, -33.201934], [-60.604306, -33.202003], [-60.604222, -33.202077], [-60.604131, -33.202154], [-60.604038, -33.20223], [-60.603943, -33.202305], [-60.603848, -33.20238], [-60.603753, -33.202454], [-60.603657, -33.202528], [-60.603562, -33.202603], [-60.603476, -33.20267], [-60.603382, -33.202746], [-60.603319, -33.202796], [-60.603224, -33.202871], [-60.60313, -33.202946], [-60.603034, -33.20302], [-60.602939, -33.203095], [-60.602845, -33.203169], [-60.602751, -33.203244], [-60.602656, -33.203319], [-60.602562, -33.203394], [-60.602467, -33.203469], [-60.602373, -33.203544], [-60.602279, -33.203619], [-60.602185, -33.203695], [-60.60209, -33.20377], [-60.601996, -33.203845], [-60.601902, -33.203919], [-60.601807, -33.203993], [-60.601712, -33.204068], [-60.601617, -33.204143], [-60.601529, -33.20422], [-60.601503, -33.204244], [-60.601445, -33.204298], [-60.601358, -33.204379], [-60.60127, -33.204459], [-60.601182, -33.204538], [-60.601093, -33.204617], [-60.601004, -33.204697], [-60.600916, -33.204777], [-60.600828, -33.204857], [-60.600747, -33.204931], [-60.600659, -33.205011], [-60.600586, -33.205078], [-60.600498, -33.205158], [-60.60041, -33.205239], [-60.600322, -33.205319], [-60.600235, -33.205398], [-60.6002, -33.20543], [-60.600118, -33.205506], [-60.600031, -33.205587], [-60.599944, -33.205667], [-60.599857, -33.205749], [-60.599829, -33.205776], [-60.599736, -33.205852], [-60.599634, -33.20592], [-60.599598, -33.205941], [-60.599493, -33.206005], [-60.599405, -33.206058], [-60.599301, -33.206123], [-60.599198, -33.206189], [-60.599094, -33.206256], [-60.598991, -33.206322], [-60.598888, -33.206389], [-60.598786, -33.206456], [-60.598683, -33.206523], [-60.59858, -33.20659], [-60.598478, -33.206656], [-60.598375, -33.206723], [-60.598272, -33.206789], [-60.59817, -33.206856], [-60.598067, -33.206923], [-60.597971, -33.206986], [-60.597868, -33.207052], [-60.59777, -33.207115], [-60.597667, -33.207182], [-60.597564, -33.207249], [-60.59746, -33.207315], [-60.597357, -33.207382], [-60.597254, -33.207449], [-60.59717, -33.207504], [-60.597079, -33.207563], [-60.596988, -33.207622], [-60.596888, -33.207687], [-60.596797, -33.207746], [-60.596695, -33.207813], [-60.596609, -33.207869], [-60.596506, -33.207936], [-60.596435, -33.207982], [-60.596332, -33.208049], [-60.596243, -33.208107], [-60.596141, -33.208174], [-60.596072, -33.208218], [-60.595969, -33.208285], [-60.595866, -33.208352], [-60.595763, -33.208419], [-60.59566, -33.208486], [-60.595557, -33.208553], [-60.595479, -33.208603], [-60.595377, -33.20867], [-60.595292, -33.208725], [-60.595221, -33.208771], [-60.595144, -33.208821], [-60.595055, -33.208878], [-60.59498, -33.208927], [-60.594883, -33.208989], [-60.59478, -33.209057], [-60.594677, -33.209124], [-60.594608, -33.209169], [-60.594506, -33.209236], [-60.594425, -33.209289], [-60.594333, -33.20935], [-60.594231, -33.209418], [-60.594129, -33.209486], [-60.594042, -33.209544], [-60.593947, -33.209607], [-60.593869, -33.209659], [-60.593767, -33.209726], [-60.593665, -33.209793], [-60.593563, -33.209861], [-60.59346, -33.209929], [-60.593358, -33.209996], [-60.593255, -33.210064], [-60.593153, -33.210131], [-60.593051, -33.210199], [-60.592949, -33.210266], [-60.592847, -33.210334], [-60.592745, -33.210403], [-60.592649, -33.210466], [-60.592547, -33.210534], [-60.592463, -33.21059], [-60.592361, -33.210657], [-60.592258, -33.210725], [-60.592184, -33.210774], [-60.592082, -33.210841], [-60.59198, -33.210909], [-60.591908, -33.210957], [-60.591826, -33.211011], [-60.591759, -33.211057], [-60.591657, -33.211125], [-60.591587, -33.211171], [-60.591512, -33.211221], [-60.591433, -33.211273], [-60.591332, -33.211341], [-60.591234, -33.211406], [-60.591132, -33.211474], [-60.59106, -33.211522], [-60.590958, -33.211589], [-60.590857, -33.211656], [-60.590755, -33.211723], [-60.590653, -33.211791], [-60.590551, -33.211858], [-60.590474, -33.211909], [-60.590377, -33.211975], [-60.590302, -33.212024], [-60.590209, -33.212085], [-60.590134, -33.212135], [-60.590032, -33.212203], [-60.589931, -33.21227], [-60.589829, -33.212338], [-60.589727, -33.212406], [-60.589627, -33.212474], [-60.589525, -33.212541], [-60.589426, -33.212608], [-60.589324, -33.212676], [-60.589222, -33.212744], [-60.58912, -33.212811], [-60.589017, -33.212879], [-60.588915, -33.212946], [-60.588828, -33.213004], [-60.588738, -33.213064], [-60.588636, -33.213131], [-60.58856, -33.213182], [-60.588457, -33.21325], [-60.588356, -33.213317], [-60.588254, -33.213384], [-60.588152, -33.213452], [-60.58805, -33.21352], [-60.587948, -33.213588], [-60.587846, -33.213655], [-60.587744, -33.213723], [-60.587643, -33.213791], [-60.587541, -33.213859], [-60.587439, -33.213927], [-60.587341, -33.213992], [-60.58724, -33.214059], [-60.587158, -33.214113], [-60.587056, -33.214181], [-60.586968, -33.214239], [-60.586866, -33.214306], [-60.586787, -33.214359], [-60.586685, -33.214427], [-60.586606, -33.21448], [-60.586504, -33.214548], [-60.586401, -33.214615], [-60.586299, -33.214683], [-60.586216, -33.214739], [-60.586117, -33.214808], [-60.586018, -33.214879], [-60.58594, -33.214936], [-60.585844, -33.215009], [-60.585749, -33.215083], [-60.585707, -33.215115], [-60.585612, -33.215189], [-60.585518, -33.215264], [-60.585424, -33.215338], [-60.58533, -33.215412], [-60.585235, -33.215485], [-60.58514, -33.21556], [-60.585046, -33.215634], [-60.58495, -33.215708], [-60.584856, -33.215782], [-60.584761, -33.215856], [-60.584669, -33.215927], [-60.584599, -33.215982], [-60.584504, -33.216056], [-60.584409, -33.21613], [-60.584314, -33.216203], [-60.584219, -33.216277], [-60.584136, -33.216341], [-60.584041, -33.216415], [-60.583973, -33.216468], [-60.583894, -33.21653], [-60.583817, -33.21659], [-60.583722, -33.216665], [-60.583628, -33.216738], [-60.583533, -33.216812], [-60.583446, -33.216881], [-60.583369, -33.216942], [-60.583274, -33.217016], [-60.583178, -33.21709], [-60.583103, -33.217149], [-60.583017, -33.217215], [-60.582945, -33.21727], [-60.58285, -33.217344], [-60.582776, -33.2174], [-60.58268, -33.217474], [-60.582585, -33.217548], [-60.58249, -33.217623], [-60.582396, -33.217697], [-60.582301, -33.217771], [-60.582228, -33.217828], [-60.582133, -33.217902], [-60.582058, -33.217961], [-60.581967, -33.218031], [-60.581872, -33.218105], [-60.581776, -33.218179], [-60.581699, -33.218239], [-60.581608, -33.218309], [-60.581513, -33.218383], [-60.581417, -33.218458], [-60.581327, -33.218528], [-60.581238, -33.218597], [-60.581143, -33.218671], [-60.581048, -33.218745], [-60.580952, -33.21882], [-60.580858, -33.218893], [-60.580763, -33.218968], [-60.580668, -33.219042], [-60.580573, -33.219116], [-60.580478, -33.219191], [-60.580383, -33.219265], [-60.580288, -33.219339], [-60.580193, -33.219413], [-60.580107, -33.21948], [-60.580011, -33.219554], [-60.579916, -33.219628], [-60.579851, -33.219678], [-60.579756, -33.219752], [-60.579684, -33.219808], [-60.579594, -33.219878], [-60.579527, -33.219929], [-60.579432, -33.220003], [-60.579337, -33.220077], [-60.579242, -33.22015], [-60.579147, -33.220223], [-60.579052, -33.220298], [-60.578969, -33.220362], [-60.578891, -33.220424], [-60.578795, -33.220498], [-60.578716, -33.220558], [-60.578622, -33.220632], [-60.578544, -33.220692], [-60.57845, -33.220766], [-60.578356, -33.22084], [-60.57826, -33.220914], [-60.578165, -33.220988], [-60.57807, -33.221062], [-60.577975, -33.221137], [-60.57789, -33.221203], [-60.577795, -33.221277], [-60.577727, -33.22133], [-60.577631, -33.221404], [-60.577539, -33.221476], [-60.577444, -33.221551], [-60.577363, -33.221613], [-60.577268, -33.221688], [-60.577173, -33.221762], [-60.577078, -33.221836], [-60.576982, -33.221911], [-60.576911, -33.221967], [-60.576817, -33.222041], [-60.576722, -33.222115], [-60.576627, -33.222188], [-60.576557, -33.222242], [-60.576462, -33.222317], [-60.576376, -33.222384], [-60.576311, -33.222434], [-60.576226, -33.2225], [-60.576131, -33.222575], [-60.576062, -33.222628], [-60.575967, -33.222702], [-60.575897, -33.222756], [-60.575805, -33.222827], [-60.575709, -33.222901], [-60.575614, -33.222976], [-60.575518, -33.22305], [-60.575423, -33.223124], [-60.575328, -33.223198], [-60.575232, -33.223273], [-60.575142, -33.223343], [-60.575046, -33.223418], [-60.574951, -33.223492], [-60.574855, -33.223567], [-60.574759, -33.223641], [-60.574664, -33.223716], [-60.574569, -33.22379], [-60.574474, -33.223864], [-60.574378, -33.223938], [-60.574282, -33.224013], [-60.57426, -33.22403], [-60.57418, -33.224093], [-60.574086, -33.224167], [-60.57399, -33.224241], [-60.573903, -33.224308], [-60.573807, -33.224383], [-60.57372, -33.22445], [-60.573627, -33.224523], [-60.573532, -33.224597], [-60.573436, -33.224672], [-60.573347, -33.224741], [-60.573252, -33.224814], [-60.573156, -33.224889], [-60.573062, -33.224962], [-60.572987, -33.225021], [-60.57289, -33.225096], [-60.572795, -33.22517], [-60.5727, -33.225244], [-60.572606, -33.225317], [-60.57251, -33.225392], [-60.572418, -33.225464], [-60.572321, -33.225539], [-60.572246, -33.225598], [-60.572151, -33.225672], [-60.572056, -33.225747], [-60.571962, -33.22582], [-60.571867, -33.225895], [-60.571772, -33.225969], [-60.571689, -33.226034], [-60.571593, -33.226109], [-60.571498, -33.226183], [-60.571403, -33.226258], [-60.571307, -33.226333], [-60.571212, -33.226407], [-60.571116, -33.226481], [-60.57102, -33.226555], [-60.570925, -33.226629], [-60.570828, -33.226704], [-60.570754, -33.226761], [-60.570658, -33.226835], [-60.570585, -33.226892], [-60.570491, -33.226965], [-60.570405, -33.227031], [-60.57031, -33.227105], [-60.570214, -33.227179], [-60.570126, -33.227247], [-60.570054, -33.227304], [-60.569958, -33.227378], [-60.569864, -33.227451], [-60.56977, -33.227525], [-60.56968, -33.227596], [-60.569586, -33.227669], [-60.569493, -33.227743], [-60.569398, -33.227817], [-60.569303, -33.227892], [-60.56921, -33.227966], [-60.569181, -33.227989], [-60.569088, -33.228064], [-60.568993, -33.22814], [-60.568917, -33.228198], [-60.568818, -33.22827], [-60.56872, -33.228339], [-60.56863, -33.2284], [-60.568529, -33.228468], [-60.568427, -33.228537], [-60.568325, -33.228605], [-60.568223, -33.228673], [-60.568121, -33.228741], [-60.56802, -33.228811], [-60.567919, -33.22888], [-60.567816, -33.228949], [-60.567715, -33.229017], [-60.567615, -33.229084], [-60.567513, -33.229153], [-60.567413, -33.22922], [-60.567337, -33.229272], [-60.567236, -33.22934], [-60.567135, -33.229409], [-60.56704, -33.229473], [-60.566938, -33.229542], [-60.566838, -33.229609], [-60.566746, -33.229672], [-60.566644, -33.22974], [-60.566559, -33.229798], [-60.566457, -33.229867], [-60.56636, -33.229933], [-60.566259, -33.230001], [-60.566158, -33.230069], [-60.566064, -33.230133], [-60.565962, -33.230201], [-60.565861, -33.23027], [-60.56579, -33.230317], [-60.565689, -33.230386], [-60.565617, -33.230435], [-60.565516, -33.230503], [-60.565415, -33.230572], [-60.565314, -33.23064], [-60.565214, -33.230707], [-60.565113, -33.230775], [-60.565012, -33.230844], [-60.56491, -33.230913], [-60.564811, -33.230981], [-60.564723, -33.23104], [-60.564622, -33.231109], [-60.564534, -33.23117], [-60.564433, -33.231238], [-60.564331, -33.231307], [-60.564231, -33.231375], [-60.564147, -33.231431], [-60.564046, -33.231498], [-60.563947, -33.231565], [-60.563846, -33.231634], [-60.563747, -33.231701], [-60.563658, -33.231762], [-60.563557, -33.23183], [-60.563456, -33.231898], [-60.56337, -33.231956], [-60.563268, -33.232024], [-60.563183, -33.232081], [-60.563083, -33.232148], [-60.562982, -33.232217], [-60.56288, -33.232286], [-60.562781, -33.232353], [-60.562681, -33.232421], [-60.56258, -33.232489], [-60.562494, -33.232547], [-60.562393, -33.232615], [-60.562324, -33.232661], [-60.562223, -33.232729], [-60.562122, -33.232797], [-60.562047, -33.232848], [-60.561946, -33.232916], [-60.561846, -33.232984], [-60.561774, -33.233032], [-60.561673, -33.2331], [-60.561587, -33.233158], [-60.561486, -33.233226], [-60.561386, -33.233294], [-60.561285, -33.233363], [-60.561184, -33.233431], [-60.561085, -33.233498], [-60.560989, -33.233563], [-60.560887, -33.233632], [-60.560786, -33.233701], [-60.560685, -33.23377], [-60.560599, -33.233828], [-60.560508, -33.233889], [-60.560407, -33.233958], [-60.560307, -33.234026], [-60.560214, -33.234089], [-60.560113, -33.234157], [-60.560035, -33.23421], [-60.559939, -33.234274], [-60.559838, -33.234343], [-60.559737, -33.234411], [-60.55964, -33.234476], [-60.559539, -33.234545], [-60.559438, -33.234613], [-60.559337, -33.234682], [-60.559236, -33.23475], [-60.559134, -33.234819], [-60.559033, -33.234888], [-60.558932, -33.234957], [-60.55883, -33.235026], [-60.558742, -33.235087], [-60.558645, -33.235152], [-60.558545, -33.23522], [-60.558443, -33.235289], [-60.558342, -33.235358], [-60.558241, -33.235427], [-60.55814, -33.235495], [-60.558039, -33.235564], [-60.557939, -33.235631], [-60.557856, -33.235688], [-60.557755, -33.235756], [-60.557655, -33.235824], [-60.557554, -33.235891], [-60.557482, -33.23594], [-60.55738, -33.236009], [-60.557303, -33.236061], [-60.557202, -33.236129], [-60.557103, -33.236197], [-60.557002, -33.236265], [-60.5569, -33.236334], [-60.556801, -33.236402], [-60.556699, -33.236471], [-60.556599, -33.236539], [-60.556499, -33.236606], [-60.556398, -33.236675], [-60.556296, -33.236743], [-60.556195, -33.236811], [-60.556094, -33.236878], [-60.555994, -33.236945], [-60.555892, -33.237013], [-60.55579, -33.237082], [-60.555689, -33.23715], [-60.555592, -33.237223], [-60.555501, -33.237301], [-60.555411, -33.237379], [-60.555321, -33.237458], [-60.555232, -33.237535], [-60.55514, -33.237612], [-60.555117, -33.237632], [-60.555042, -33.237697], [-60.554951, -33.237775], [-60.55486, -33.237853], [-60.55477, -33.23793], [-60.554679, -33.238008], [-60.554612, -33.238066], [-60.554522, -33.238144], [-60.554437, -33.238216], [-60.554347, -33.238295], [-60.554279, -33.238353], [-60.554188, -33.238432], [-60.554096, -33.238511], [-60.554005, -33.23859], [-60.553914, -33.238668], [-60.553822, -33.238746], [-60.553731, -33.238824], [-60.553645, -33.238898], [-60.553554, -33.238976], [-60.553474, -33.239045], [-60.553383, -33.239123], [-60.553303, -33.239192], [-60.553214, -33.239269], [-60.553124, -33.239347], [-60.553066, -33.239397], [-60.552976, -33.239475], [-60.552885, -33.239553], [-60.5528, -33.239627], [-60.552709, -33.239705], [-60.552619, -33.239783], [-60.552527, -33.239862], [-60.552442, -33.239935], [-60.552351, -33.240014], [-60.55226, -33.240092], [-60.55217, -33.24017], [-60.552078, -33.240248], [-60.551987, -33.240325], [-60.551897, -33.240402], [-60.551806, -33.24048], [-60.551715, -33.240559], [-60.551624, -33.240637], [-60.551534, -33.240715], [-60.551443, -33.240793], [-60.551373, -33.240852], [-60.551283, -33.24093], [-60.551192, -33.241008], [-60.551101, -33.241087], [-60.55104, -33.241139], [-60.550949, -33.241217], [-60.550858, -33.241295], [-60.550774, -33.241367], [-60.550683, -33.241445], [-60.550592, -33.241523], [-60.550501, -33.241601], [-60.550411, -33.241679], [-60.550396, -33.241691], [-60.550377, -33.241707], [-60.550339, -33.24174], [-60.550327, -33.241751], [-60.550288, -33.241784], [-60.550269, -33.2418], [-60.550258, -33.241809], [-60.550167, -33.241888], [-60.550076, -33.241967], [-60.549988, -33.242044], [-60.549898, -33.242124], [-60.549809, -33.242204], [-60.549719, -33.242283], [-60.549629, -33.242363], [-60.549539, -33.242443], [-60.549449, -33.242523], [-60.549359, -33.242602], [-60.549297, -33.242657], [-60.549208, -33.242736], [-60.549118, -33.242816], [-60.549042, -33.242883], [-60.548975, -33.242943], [-60.548909, -33.243001], [-60.548851, -33.243052], [-60.548761, -33.243132], [-60.548675, -33.243208], [-60.548585, -33.243288], [-60.548495, -33.243367], [-60.548406, -33.243447], [-60.548343, -33.243503], [-60.548253, -33.243583], [-60.548163, -33.243662], [-60.548073, -33.243743], [-60.547983, -33.243822], [-60.547892, -33.243902], [-60.547801, -33.243982], [-60.547734, -33.244042], [-60.547648, -33.244117], [-60.547559, -33.244197], [-60.547477, -33.24427], [-60.547388, -33.24435], [-60.547299, -33.24443], [-60.547233, -33.244488], [-60.547144, -33.244568], [-60.547055, -33.244647], [-60.546966, -33.244727], [-60.546877, -33.244806], [-60.54681, -33.244866], [-60.546721, -33.244945], [-60.546632, -33.245025], [-60.546542, -33.245104], [-60.546476, -33.245162], [-60.546387, -33.245242], [-60.546297, -33.245321], [-60.546208, -33.2454], [-60.54612, -33.245479], [-60.546032, -33.245558], [-60.545945, -33.245635], [-60.545855, -33.245715], [-60.545766, -33.245794], [-60.545677, -33.245873], [-60.54559, -33.24595], [-60.545501, -33.246029], [-60.545412, -33.246108], [-60.545323, -33.246186], [-60.545233, -33.246265], [-60.545143, -33.246344], [-60.545074, -33.246405], [-60.544985, -33.246485], [-60.544922, -33.246541], [-60.544833, -33.246621], [-60.544744, -33.2467], [-60.544654, -33.246779], [-60.544565, -33.246859], [-60.544476, -33.246937], [-60.544386, -33.247017], [-60.544296, -33.247096], [-60.544207, -33.247174], [-60.544118, -33.247254], [-60.544029, -33.247334], [-60.543963, -33.247393], [-60.543873, -33.247473], [-60.543798, -33.24754], [-60.543718, -33.247612], [-60.543647, -33.247675], [-60.543557, -33.247754], [-60.54349, -33.247813], [-60.543401, -33.247892], [-60.543312, -33.247971], [-60.543223, -33.248049], [-60.543134, -33.248128], [-60.543044, -33.248207], [-60.542956, -33.248286], [-60.542867, -33.248366], [-60.542785, -33.248438], [-60.542707, -33.248507], [-60.542617, -33.248586], [-60.542528, -33.248666], [-60.542448, -33.248736], [-60.54236, -33.248813], [-60.542275, -33.248887], [-60.542184, -33.248965], [-60.542093, -33.249043], [-60.542002, -33.249123], [-60.541931, -33.249185], [-60.541842, -33.249264], [-60.541753, -33.249343], [-60.541663, -33.249422], [-60.541574, -33.249501], [-60.541483, -33.24958], [-60.541393, -33.249659], [-60.541303, -33.249738], [-60.541213, -33.249818], [-60.541123, -33.249896], [-60.541058, -33.249954], [-60.540982, -33.250021], [-60.54091, -33.250084], [-60.540821, -33.250162], [-60.540736, -33.250238], [-60.540646, -33.250317], [-60.540557, -33.250395], [-60.540466, -33.250473], [-60.540376, -33.250552], [-60.540287, -33.250631], [-60.540197, -33.25071], [-60.540107, -33.250789], [-60.540018, -33.250868], [-60.539929, -33.250948], [-60.539841, -33.251028], [-60.539772, -33.251093], [-60.539687, -33.251175], [-60.539602, -33.251258], [-60.539517, -33.251342], [-60.539434, -33.251425], [-60.53935, -33.251509], [-60.539266, -33.251592], [-60.539181, -33.251675], [-60.539097, -33.251759], [-60.539014, -33.251842], [-60.538929, -33.251925], [-60.538845, -33.252009], [-60.53876, -33.252092], [-60.538675, -33.252175], [-60.53859, -33.252258], [-60.538506, -33.252341], [-60.538421, -33.252424], [-60.538336, -33.252507], [-60.538251, -33.25259], [-60.538167, -33.252672], [-60.538083, -33.252756], [-60.537999, -33.252839], [-60.537914, -33.252922], [-60.537838, -33.252997], [-60.537753, -33.25308], [-60.537669, -33.253162], [-60.537584, -33.253245], [-60.537542, -33.253287], [-60.537458, -33.253371], [-60.537373, -33.253454], [-60.537289, -33.253537], [-60.537208, -33.253617], [-60.537143, -33.253681], [-60.537059, -33.253765], [-60.536974, -33.253848], [-60.536918, -33.253904], [-60.536833, -33.253987], [-60.536757, -33.254062], [-60.536673, -33.254144], [-60.536594, -33.254221], [-60.53651, -33.254304], [-60.536426, -33.254387], [-60.536343, -33.25447], [-60.536258, -33.254553], [-60.536174, -33.254636], [-60.53609, -33.254718], [-60.536006, -33.254801], [-60.535921, -33.254884], [-60.535837, -33.254967], [-60.535758, -33.255045], [-60.535665, -33.255122], [-60.535563, -33.25519], [-60.535497, -33.255234], [-60.535395, -33.255301], [-60.535293, -33.255369], [-60.53519, -33.255436], [-60.535088, -33.255504], [-60.534985, -33.255572], [-60.534884, -33.255639], [-60.534786, -33.255703], [-60.534684, -33.255771], [-60.534599, -33.255826], [-60.534497, -33.255894], [-60.534402, -33.255957], [-60.534299, -33.256025], [-60.534197, -33.256092], [-60.534094, -33.256159], [-60.534023, -33.256206], [-60.533935, -33.256263], [-60.53385, -33.256319], [-60.533747, -33.256386], [-60.533678, -33.256432], [-60.533576, -33.256499], [-60.533474, -33.256566], [-60.533372, -33.256633], [-60.533278, -33.256697], [-60.533176, -33.256765], [-60.533075, -33.256832], [-60.532973, -33.2569], [-60.53287, -33.256967], [-60.532767, -33.257034], [-60.532664, -33.257101], [-60.532561, -33.257168], [-60.532457, -33.257236], [-60.532371, -33.257292], [-60.532292, -33.257343], [-60.53219, -33.257409], [-60.532088, -33.257475], [-60.531986, -33.257541], [-60.531884, -33.257608], [-60.531782, -33.257676], [-60.531682, -33.257745], [-60.531595, -33.257812], [-60.531499, -33.257886], [-60.531403, -33.257959], [-60.531306, -33.258033], [-60.53121, -33.258107], [-60.531114, -33.25818], [-60.531018, -33.258253], [-60.530952, -33.258304], [-60.530858, -33.258376], [-60.530761, -33.258448], [-60.530665, -33.258522], [-60.53059, -33.258578], [-60.530495, -33.258651], [-60.530405, -33.258719], [-60.530309, -33.258792], [-60.530212, -33.258865], [-60.530116, -33.258937], [-60.53002, -33.259011], [-60.529927, -33.259081], [-60.529831, -33.259154], [-60.529734, -33.259227], [-60.529656, -33.259285], [-60.52956, -33.259358], [-60.529464, -33.259431], [-60.529384, -33.259491], [-60.529307, -33.25955], [-60.529283, -33.259568], [-60.529222, -33.259614], [-60.529126, -33.259688], [-60.529029, -33.259761], [-60.528932, -33.259834], [-60.528866, -33.259885], [-60.52877, -33.259959], [-60.528706, -33.260008], [-60.52861, -33.260082], [-60.528522, -33.260149], [-60.528434, -33.260216], [-60.52834, -33.260289], [-60.528244, -33.260362], [-60.528147, -33.260436], [-60.528052, -33.260508], [-60.527955, -33.260581], [-60.527858, -33.260654], [-60.527762, -33.260727], [-60.527688, -33.260783], [-60.527592, -33.260857], [-60.527502, -33.260925], [-60.527406, -33.260999], [-60.527335, -33.261054], [-60.527238, -33.261127], [-60.527164, -33.261184], [-60.527069, -33.261257], [-60.526972, -33.261331], [-60.526877, -33.261404], [-60.526781, -33.261478], [-60.526684, -33.261551], [-60.526586, -33.261625], [-60.526503, -33.261687], [-60.526407, -33.261761], [-60.526311, -33.261835], [-60.526215, -33.261908], [-60.526119, -33.261981], [-60.526038, -33.262044], [-60.525942, -33.262117], [-60.525854, -33.262184], [-60.525757, -33.262257], [-60.525662, -33.262329], [-60.525565, -33.262403], [-60.525468, -33.262477], [-60.525389, -33.262537], [-60.525292, -33.26261], [-60.525195, -33.262684], [-60.525115, -33.262745], [-60.525019, -33.262819], [-60.524924, -33.262891], [-60.524828, -33.262965], [-60.524732, -33.263038], [-60.524636, -33.263112], [-60.524559, -33.263171], [-60.524479, -33.263232], [-60.524383, -33.263306], [-60.524286, -33.26338], [-60.52419, -33.263454], [-60.524094, -33.263527], [-60.523998, -33.263601], [-60.523903, -33.263675], [-60.523806, -33.263749], [-60.52371, -33.263824], [-60.523614, -33.263898], [-60.523532, -33.263961], [-60.523436, -33.264035], [-60.523343, -33.264106], [-60.523247, -33.26418], [-60.52315, -33.264254], [-60.523054, -33.264328], [-60.522957, -33.264402], [-60.522861, -33.264476], [-60.52279, -33.264531], [-60.522697, -33.264601], [-60.52263, -33.264652], [-60.522534, -33.264725], [-60.522437, -33.264798], [-60.522341, -33.264872], [-60.522258, -33.264936], [-60.522162, -33.26501], [-60.522066, -33.265084], [-60.52197, -33.265158], [-60.521874, -33.265232], [-60.521778, -33.265305], [-60.521682, -33.265379], [-60.521585, -33.265452], [-60.521489, -33.265526], [-60.521393, -33.2656], [-60.521304, -33.265668], [-60.521208, -33.265742], [-60.521112, -33.265816], [-60.521016, -33.26589], [-60.520921, -33.265963], [-60.52083, -33.266032], [-60.520733, -33.266106], [-60.520637, -33.26618], [-60.520542, -33.266253], [-60.520446, -33.266327], [-60.520372, -33.266385], [-60.520277, -33.266459], [-60.520181, -33.266532], [-60.520084, -33.266605], [-60.519987, -33.266678], [-60.51989, -33.266751], [-60.519793, -33.266824], [-60.519696, -33.266897], [-60.519599, -33.26697], [-60.519502, -33.267043], [-60.519405, -33.267116], [-60.519309, -33.267189], [-60.519233, -33.267248], [-60.519136, -33.267321], [-60.519041, -33.267394], [-60.518945, -33.267467], [-60.518848, -33.26754], [-60.518752, -33.267613], [-60.518685, -33.267663], [-60.518589, -33.267736], [-60.518517, -33.267791], [-60.51842, -33.267864], [-60.518354, -33.267914], [-60.518257, -33.267987], [-60.518161, -33.268059], [-60.518064, -33.268132], [-60.517968, -33.268204], [-60.517871, -33.268277], [-60.517774, -33.268351], [-60.517678, -33.268423], [-60.517596, -33.268485], [-60.517499, -33.268558], [-60.517402, -33.26863], [-60.517305, -33.268703], [-60.517208, -33.268776], [-60.517111, -33.268849], [-60.517014, -33.268922], [-60.516932, -33.269008], [-60.516883, -33.269073], [-60.516814, -33.269165], [-60.516759, -33.269241], [-60.516691, -33.269334], [-60.516636, -33.269411], [-60.516576, -33.269496], [-60.516527, -33.269567], [-60.516464, -33.269662], [-60.516423, -33.269725], [-60.516361, -33.269821], [-60.516299, -33.269916], [-60.516237, -33.270012], [-60.516227, -33.270027], [-60.516163, -33.270122], [-60.5161, -33.270205], [-60.516028, -33.270272], [-60.515927, -33.270341], [-60.515813, -33.270395], [-60.515705, -33.270446], [-60.515599, -33.270496], [-60.515486, -33.27055], [-60.515373, -33.270604], [-60.515261, -33.270658], [-60.515147, -33.270712], [-60.515034, -33.270766], [-60.51492, -33.27082], [-60.514807, -33.270874], [-60.514694, -33.270927], [-60.514581, -33.270981], [-60.514468, -33.271035], [-60.514355, -33.271089], [-60.514242, -33.271143], [-60.51413, -33.271197], [-60.514031, -33.271244], [-60.513944, -33.271285], [-60.513833, -33.271343], [-60.513762, -33.271394], [-60.513754, -33.2714], [-60.513658, -33.271474], [-60.513562, -33.271546], [-60.513466, -33.271619], [-60.513369, -33.271692], [-60.513282, -33.271758], [-60.513186, -33.271832], [-60.513089, -33.271905], [-60.513022, -33.271956], [-60.512926, -33.272029], [-60.51284, -33.272094], [-60.512743, -33.272167], [-60.512646, -33.272241], [-60.512565, -33.272302], [-60.512474, -33.272371], [-60.512378, -33.272445], [-60.51228, -33.272518], [-60.512183, -33.272591], [-60.512086, -33.272664], [-60.511989, -33.272737], [-60.511892, -33.272811], [-60.511796, -33.272884], [-60.5117, -33.272957], [-60.511604, -33.27303], [-60.511507, -33.273103], [-60.51141, -33.273176], [-60.511313, -33.273249], [-60.511218, -33.273322], [-60.511133, -33.273387], [-60.511036, -33.27346], [-60.510941, -33.273532], [-60.510845, -33.273605], [-60.510764, -33.273666], [-60.510668, -33.273738], [-60.510571, -33.273811], [-60.510479, -33.273881], [-60.510382, -33.273954], [-60.510303, -33.274014], [-60.510207, -33.274088], [-60.51011, -33.274161], [-60.510013, -33.274234], [-60.509946, -33.274285], [-60.509849, -33.274358], [-60.509753, -33.274431], [-60.509656, -33.274505], [-60.509588, -33.274557], [-60.509492, -33.27463], [-60.509426, -33.274681], [-60.509353, -33.274736], [-60.509259, -33.274807], [-60.509192, -33.274858], [-60.509095, -33.274932], [-60.509026, -33.274984], [-60.508928, -33.275057], [-60.508839, -33.275125], [-60.508742, -33.275199], [-60.508652, -33.275267], [-60.508556, -33.27534], [-60.508458, -33.275413], [-60.508362, -33.275486], [-60.508266, -33.275559], [-60.508169, -33.275632], [-60.508072, -33.275706], [-60.507975, -33.275778], [-60.507892, -33.275842], [-60.507795, -33.275915], [-60.507698, -33.275988], [-60.507601, -33.276061], [-60.507505, -33.276134], [-60.507408, -33.276207], [-60.507316, -33.276277], [-60.507219, -33.27635], [-60.507121, -33.276423], [-60.507024, -33.276496], [-60.506927, -33.27657], [-60.506831, -33.276643], [-60.506734, -33.276716], [-60.506637, -33.276789], [-60.506541, -33.276862], [-60.506445, -33.276935], [-60.506348, -33.277009], [-60.506251, -33.277082], [-60.506154, -33.277156], [-60.506057, -33.277229], [-60.505964, -33.277299], [-60.505892, -33.277354], [-60.505795, -33.277426], [-60.50572, -33.277483], [-60.505622, -33.277556], [-60.505524, -33.277627], [-60.505478, -33.27766], [-60.505379, -33.277732], [-60.505281, -33.277803], [-60.505214, -33.277852], [-60.505116, -33.277923], [-60.505047, -33.277974], [-60.504949, -33.278046], [-60.504851, -33.278119], [-60.504753, -33.27819], [-60.504655, -33.278263], [-60.504557, -33.278335], [-60.504475, -33.278395], [-60.504377, -33.278467], [-60.504279, -33.278539], [-60.504185, -33.278608], [-60.504087, -33.27868], [-60.50399, -33.278751], [-60.503892, -33.278823], [-60.503794, -33.278895], [-60.503725, -33.278946], [-60.503629, -33.279016], [-60.50355, -33.279074], [-60.503452, -33.279146], [-60.503379, -33.279199], [-60.503281, -33.279271], [-60.503183, -33.279343], [-60.503084, -33.279415], [-60.502986, -33.279487], [-60.502888, -33.279559], [-60.502796, -33.279626], [-60.502698, -33.279697], [-60.5026, -33.279769], [-60.502503, -33.27984], [-60.502405, -33.279912], [-60.502307, -33.279984], [-60.50223, -33.280041], [-60.502132, -33.280113], [-60.502033, -33.280185], [-60.501935, -33.280257], [-60.501837, -33.280329], [-60.501739, -33.280401], [-60.50164, -33.280473], [-60.501542, -33.280545], [-60.501467, -33.2806], [-60.50137, -33.280671], [-60.501298, -33.280724], [-60.501201, -33.280796], [-60.501108, -33.280864], [-60.501011, -33.280936], [-60.50092, -33.281002], [-60.500822, -33.281074], [-60.500727, -33.281143], [-60.500629, -33.281216], [-60.500531, -33.281288], [-60.500433, -33.28136], [-60.500334, -33.281431], [-60.500236, -33.281502], [-60.500138, -33.281574], [-60.50004, -33.281645], [-60.499955, -33.281707], [-60.499857, -33.281779], [-60.499765, -33.281847], [-60.499666, -33.281919], [-60.499569, -33.281991], [-60.499472, -33.282064], [-60.499376, -33.282137], [-60.499319, -33.282181], [-60.499223, -33.282254], [-60.499143, -33.282316], [-60.499047, -33.282389], [-60.498951, -33.282463], [-60.498869, -33.282526], [-60.498797, -33.282582], [-60.498702, -33.282654], [-60.498605, -33.282728], [-60.498527, -33.282788], [-60.498437, -33.282858], [-60.498365, -33.282913], [-60.498269, -33.282987], [-60.498192, -33.283047], [-60.4981, -33.283118], [-60.498018, -33.283181], [-60.497922, -33.283255], [-60.497825, -33.283328], [-60.497729, -33.283401], [-60.497632, -33.283475], [-60.497535, -33.283549], [-60.497439, -33.283622], [-60.497343, -33.283695], [-60.497267, -33.283754], [-60.497171, -33.283827], [-60.497076, -33.283901], [-60.496994, -33.283964], [-60.496898, -33.284038], [-60.496802, -33.284111], [-60.496707, -33.284184], [-60.496614, -33.284256], [-60.496517, -33.284329], [-60.496422, -33.284403], [-60.496348, -33.28446], [-60.496251, -33.284534], [-60.496175, -33.284592], [-60.496079, -33.284664], [-60.496008, -33.284718], [-60.495912, -33.284791], [-60.495816, -33.284865], [-60.49572, -33.284938], [-60.495623, -33.285012], [-60.495545, -33.285072], [-60.495449, -33.285146], [-60.49537, -33.285206], [-60.495274, -33.28528], [-60.495193, -33.285343], [-60.495097, -33.285417], [-60.495001, -33.28549], [-60.494904, -33.285564], [-60.494809, -33.285637], [-60.494712, -33.28571], [-60.494617, -33.285783], [-60.49454, -33.285842], [-60.494444, -33.285915], [-60.494348, -33.285989], [-60.494252, -33.286062], [-60.494184, -33.286114], [-60.494088, -33.286188], [-60.49401, -33.286249], [-60.493919, -33.286319], [-60.493849, -33.286373], [-60.493753, -33.286447], [-60.493679, -33.286504], [-60.493583, -33.286577], [-60.493487, -33.286651], [-60.493392, -33.286723], [-60.493296, -33.286797], [-60.4932, -33.28687], [-60.493103, -33.286944], [-60.493007, -33.287018], [-60.49291, -33.287091], [-60.492814, -33.287165], [-60.492722, -33.287236], [-60.492626, -33.287309], [-60.49253, -33.287383], [-60.492433, -33.287457], [-60.492338, -33.28753], [-60.492242, -33.287604], [-60.492146, -33.287678], [-60.492051, -33.287751], [-60.491956, -33.287824], [-60.49186, -33.287897], [-60.491762, -33.287971], [-60.491666, -33.288045], [-60.491573, -33.288115], [-60.491485, -33.288182], [-60.491388, -33.288256], [-60.491293, -33.288329], [-60.491196, -33.288403], [-60.4911, -33.288476], [-60.491005, -33.28855], [-60.490908, -33.288624], [-60.490812, -33.288697], [-60.490716, -33.288771], [-60.490621, -33.288845], [-60.490525, -33.288919], [-60.49043, -33.288994], [-60.490338, -33.289067], [-60.490273, -33.289118], [-60.490178, -33.289193], [-60.490111, -33.289246], [-60.490016, -33.289321], [-60.48993, -33.289388], [-60.489835, -33.289463], [-60.489739, -33.289538], [-60.489644, -33.289611], [-60.48955, -33.289686], [-60.489455, -33.28976], [-60.489361, -33.289834], [-60.489268, -33.289908], [-60.489174, -33.289983], [-60.489079, -33.290058], [-60.488996, -33.290123], [-60.488901, -33.290197], [-60.488807, -33.290272], [-60.488713, -33.290346], [-60.488619, -33.290421], [-60.488524, -33.290495], [-60.488429, -33.29057], [-60.488335, -33.290643], [-60.48824, -33.290717], [-60.488144, -33.290792], [-60.48805, -33.290866], [-60.487956, -33.29094], [-60.487861, -33.291014], [-60.487766, -33.291088], [-60.487671, -33.291163], [-60.487576, -33.291237], [-60.487481, -33.291312], [-60.487386, -33.291387], [-60.487294, -33.291459], [-60.487199, -33.291533], [-60.487104, -33.291608], [-60.48701, -33.291683], [-60.486914, -33.291757], [-60.48682, -33.291832], [-60.486725, -33.291906], [-60.48663, -33.291981], [-60.486535, -33.292055], [-60.48644, -33.292129], [-60.486363, -33.29219], [-60.486268, -33.292265], [-60.486173, -33.29234], [-60.486078, -33.292415], [-60.485983, -33.292489], [-60.485888, -33.292564], [-60.485813, -33.292624], [-60.485718, -33.292699], [-60.485623, -33.292773], [-60.485528, -33.292847], [-60.485433, -33.292922], [-60.485338, -33.292996], [-60.485243, -33.29307], [-60.485149, -33.293144], [-60.485054, -33.293219], [-60.484959, -33.293294], [-60.484864, -33.293369], [-60.484769, -33.293443], [-60.484674, -33.293517], [-60.48458, -33.293591], [-60.484485, -33.293665], [-60.484391, -33.293739], [-60.484327, -33.293789], [-60.484232, -33.293863], [-60.484137, -33.293937], [-60.484042, -33.294012], [-60.483963, -33.294074], [-60.483868, -33.294148], [-60.483772, -33.294222], [-60.483677, -33.294296], [-60.483582, -33.29437], [-60.483487, -33.294444], [-60.483392, -33.294518], [-60.483297, -33.294592], [-60.483202, -33.294667], [-60.48312, -33.294731], [-60.483025, -33.294806], [-60.482945, -33.294869], [-60.482851, -33.294943], [-60.482756, -33.295018], [-60.482662, -33.295092], [-60.482567, -33.295166], [-60.482473, -33.29524], [-60.482379, -33.295314], [-60.482284, -33.295388], [-60.48219, -33.295463], [-60.482095, -33.295537], [-60.482, -33.295611], [-60.481929, -33.295666], [-60.481835, -33.29574], [-60.481741, -33.295814], [-60.481665, -33.295874], [-60.481571, -33.295949], [-60.48148, -33.29602], [-60.481405, -33.296079], [-60.48131, -33.296153], [-60.481214, -33.296227], [-60.481119, -33.2963], [-60.481073, -33.296337], [-60.480978, -33.296409], [-60.480883, -33.296483], [-60.480782, -33.296551], [-60.480668, -33.296602], [-60.480618, -33.296621], [-60.480562, -33.296642], [-60.480506, -33.296662], [-60.48045, -33.296683], [-60.480394, -33.296704], [-60.480337, -33.296724], [-60.48028, -33.296745], [-60.480224, -33.296765], [-60.480166, -33.296786], [-60.480108, -33.296807], [-60.480051, -33.296828], [-60.479996, -33.296849], [-60.479946, -33.296867], [-60.479897, -33.296885], [-60.479843, -33.296906], [-60.479788, -33.296926], [-60.479671, -33.29697], [-60.479553, -33.297014], [-60.479445, -33.29706], [-60.479351, -33.29712], [-60.479274, -33.297177], [-60.479227, -33.297211], [-60.47913, -33.297282], [-60.479033, -33.297353], [-60.478935, -33.297425], [-60.478838, -33.297496], [-60.47874, -33.297568], [-60.478643, -33.29764], [-60.478546, -33.297712], [-60.478449, -33.297784], [-60.478378, -33.297837], [-60.478281, -33.29791], [-60.47821, -33.297963], [-60.478114, -33.298037], [-60.47802, -33.298108], [-60.477923, -33.298181], [-60.477826, -33.298253], [-60.477731, -33.298324], [-60.477634, -33.298396], [-60.477536, -33.298469], [-60.477439, -33.298542], [-60.477342, -33.298614], [-60.477245, -33.298687], [-60.477148, -33.298759], [-60.477056, -33.298827], [-60.476976, -33.298887], [-60.476905, -33.298939], [-60.476809, -33.299012], [-60.476712, -33.299085], [-60.476616, -33.299157], [-60.476519, -33.29923], [-60.476424, -33.299301], [-60.476353, -33.299355], [-60.476256, -33.299428], [-60.476159, -33.2995], [-60.476062, -33.299572], [-60.475965, -33.299644], [-60.475869, -33.299716], [-60.475772, -33.299789], [-60.475675, -33.299862], [-60.475577, -33.299935], [-60.47548, -33.300008], [-60.475383, -33.30008], [-60.475285, -33.300153], [-60.475207, -33.300212], [-60.475128, -33.300271], [-60.475031, -33.300343], [-60.474934, -33.300416], [-60.474837, -33.300489], [-60.474742, -33.30056], [-60.474645, -33.300633], [-60.474548, -33.300705], [-60.474451, -33.300778], [-60.474355, -33.300851], [-60.474258, -33.300924], [-60.474165, -33.300993], [-60.474068, -33.301066], [-60.473972, -33.301139], [-60.473899, -33.301193], [-60.473809, -33.30126], [-60.473712, -33.301332], [-60.473615, -33.301404], [-60.473519, -33.301476], [-60.473422, -33.301548], [-60.473341, -33.301609], [-60.473244, -33.301682], [-60.473177, -33.301733], [-60.473097, -33.301793], [-60.473032, -33.301842], [-60.472946, -33.301907], [-60.472849, -33.301979], [-60.472752, -33.302052], [-60.472656, -33.302124], [-60.47256, -33.302197], [-60.472464, -33.30227], [-60.472368, -33.302342], [-60.472271, -33.302414], [-60.472174, -33.302486], [-60.472076, -33.302558], [-60.472054, -33.302574], [-60.471974, -33.302634], [-60.471897, -33.302692], [-60.4718, -33.302765], [-60.471704, -33.302838], [-60.47163, -33.302893], [-60.471538, -33.302962], [-60.47144, -33.303035], [-60.471344, -33.303107], [-60.471274, -33.303159], [-60.471177, -33.303232], [-60.471105, -33.303286], [-60.471009, -33.303359], [-60.470912, -33.303432], [-60.470821, -33.3035], [-60.470724, -33.303573], [-60.470626, -33.303646], [-60.470551, -33.303702], [-60.470454, -33.303774], [-60.470357, -33.303847], [-60.47026, -33.30392], [-60.470183, -33.303978], [-60.470086, -33.30405], [-60.470003, -33.304111], [-60.469906, -33.304184], [-60.469835, -33.304237], [-60.469738, -33.30431], [-60.469663, -33.304365], [-60.469565, -33.304438], [-60.469468, -33.304511], [-60.469392, -33.304566], [-60.469295, -33.304638], [-60.469198, -33.30471], [-60.46912, -33.304768], [-60.469022, -33.30484], [-60.468924, -33.304912], [-60.468827, -33.304985], [-60.468735, -33.305055], [-60.468645, -33.305123], [-60.468555, -33.30519], [-60.468463, -33.305259], [-60.468366, -33.305333], [-60.468269, -33.305406], [-60.468172, -33.305478], [-60.468074, -33.30555], [-60.467994, -33.305611], [-60.467897, -33.305683], [-60.467816, -33.305744], [-60.46772, -33.305816], [-60.467623, -33.305888], [-60.467534, -33.305954], [-60.467438, -33.306026], [-60.467359, -33.306084], [-60.467262, -33.306156], [-60.467164, -33.306228], [-60.467066, -33.3063], [-60.466968, -33.306372], [-60.466894, -33.306427], [-60.466803, -33.306495], [-60.466706, -33.306568], [-60.466613, -33.306638], [-60.466528, -33.306702], [-60.466448, -33.306762], [-60.466351, -33.306834], [-60.466255, -33.306906], [-60.466158, -33.306979], [-60.466061, -33.307051], [-60.465966, -33.307121], [-60.46588, -33.307185], [-60.465783, -33.307257], [-60.465686, -33.307329], [-60.465594, -33.307398], [-60.465496, -33.30747], [-60.465399, -33.307543], [-60.465301, -33.307616], [-60.465203, -33.307689], [-60.465173, -33.307711], [-60.465076, -33.307784], [-60.464978, -33.307856], [-60.464881, -33.307929], [-60.464784, -33.308002], [-60.464686, -33.308074], [-60.464595, -33.308141], [-60.464519, -33.308198], [-60.464422, -33.30827], [-60.464328, -33.30834], [-60.464232, -33.308412], [-60.464135, -33.308484], [-60.464067, -33.308535], [-60.463979, -33.3086], [-60.463882, -33.308672], [-60.463784, -33.308745], [-60.463687, -33.308817], [-60.463589, -33.30889], [-60.463492, -33.308962], [-60.463423, -33.309013], [-60.463327, -33.309085], [-60.463231, -33.309157], [-60.463134, -33.309229], [-60.463065, -33.309281], [-60.462967, -33.309354], [-60.462871, -33.309426], [-60.462791, -33.309485], [-60.462694, -33.309558], [-60.462596, -33.30963], [-60.462499, -33.309703], [-60.462402, -33.309775], [-60.462304, -33.309847], [-60.462206, -33.309919], [-60.462109, -33.309991], [-60.462012, -33.310063], [-60.461914, -33.310136], [-60.461821, -33.310205], [-60.46175, -33.310259], [-60.461653, -33.310332], [-60.461556, -33.310404], [-60.461462, -33.310475], [-60.461365, -33.310547], [-60.461268, -33.310619], [-60.461193, -33.310676], [-60.461096, -33.310749], [-60.460999, -33.310821], [-60.460902, -33.310894], [-60.460839, -33.31094], [-60.460742, -33.311013], [-60.460664, -33.31107], [-60.460569, -33.311141], [-60.460494, -33.311197], [-60.460396, -33.311271], [-60.460299, -33.311343], [-60.460202, -33.311415], [-60.460104, -33.311488], [-60.460007, -33.311561], [-60.459917, -33.311628], [-60.459821, -33.3117], [-60.459723, -33.311772], [-60.459627, -33.311844], [-60.45953, -33.311916], [-60.459432, -33.311989], [-60.459335, -33.312062], [-60.459239, -33.312135], [-60.459161, -33.312193], [-60.459064, -33.312266], [-60.458967, -33.312339], [-60.458894, -33.312394], [-60.458798, -33.312466], [-60.458701, -33.312539], [-60.458614, -33.312605], [-60.458517, -33.312678], [-60.45842, -33.31275], [-60.458323, -33.312823], [-60.458226, -33.312895], [-60.458129, -33.312967], [-60.458053, -33.313024], [-60.457962, -33.313092], [-60.457877, -33.313155], [-60.45778, -33.313228], [-60.457683, -33.313301], [-60.457598, -33.313366], [-60.457501, -33.313439], [-60.457403, -33.313512], [-60.457306, -33.313585], [-60.457209, -33.313658], [-60.457113, -33.313731], [-60.457016, -33.313803], [-60.45692, -33.313876], [-60.456823, -33.313949], [-60.456752, -33.314002], [-60.456655, -33.314074], [-60.456557, -33.314147], [-60.45646, -33.31422], [-60.456363, -33.314292], [-60.456265, -33.314365], [-60.456168, -33.314437], [-60.456072, -33.31451], [-60.455975, -33.314583], [-60.455879, -33.314656], [-60.455781, -33.314729], [-60.455685, -33.314802], [-60.455589, -33.314875], [-60.455492, -33.314948], [-60.455396, -33.31502], [-60.455299, -33.315092], [-60.455202, -33.315164], [-60.455105, -33.315236], [-60.455008, -33.315309], [-60.454911, -33.315381], [-60.454816, -33.315453], [-60.454719, -33.315526], [-60.454622, -33.315599], [-60.454531, -33.315668], [-60.45445, -33.315729], [-60.454353, -33.315801], [-60.454256, -33.315874], [-60.454159, -33.315947], [-60.454062, -33.316019], [-60.453965, -33.316092], [-60.453867, -33.316164], [-60.453769, -33.316236], [-60.453672, -33.316309], [-60.453575, -33.316381], [-60.453478, -33.316453], [-60.45338, -33.316525], [-60.453283, -33.316598], [-60.453187, -33.31667], [-60.453089, -33.316742], [-60.452991, -33.316815], [-60.452895, -33.316887], [-60.452852, -33.316919], [-60.452755, -33.316991], [-60.452658, -33.317062], [-60.452572, -33.317125], [-60.452474, -33.317197], [-60.452377, -33.317269], [-60.452296, -33.317329], [-60.452198, -33.317401], [-60.452102, -33.317473], [-60.452005, -33.317544], [-60.451918, -33.317608], [-60.451825, -33.317677], [-60.451727, -33.317749], [-60.451633, -33.317819], [-60.451537, -33.317891], [-60.45144, -33.317964], [-60.451366, -33.318019], [-60.451269, -33.318092], [-60.451171, -33.318165], [-60.451074, -33.318237], [-60.450977, -33.31831], [-60.450879, -33.318382], [-60.450782, -33.318454], [-60.450684, -33.318526], [-60.450586, -33.318598], [-60.450488, -33.31867], [-60.45039, -33.318741], [-60.450293, -33.318813], [-60.450196, -33.318886], [-60.450099, -33.318958], [-60.45001, -33.319026], [-60.449913, -33.319098], [-60.449816, -33.319171], [-60.449719, -33.319243], [-60.449621, -33.319316], [-60.449524, -33.319387], [-60.449428, -33.319458], [-60.449332, -33.31953], [-60.449234, -33.319602], [-60.449136, -33.319675], [-60.449039, -33.319746], [-60.448942, -33.319818], [-60.448857, -33.319882], [-60.44876, -33.319954], [-60.448698, -33.32], [-60.448601, -33.320072], [-60.448517, -33.320135], [-60.448419, -33.320207], [-60.44835, -33.320259], [-60.448252, -33.320331], [-60.44818, -33.320386], [-60.448084, -33.32046], [-60.448014, -33.320514], [-60.44792, -33.320586], [-60.447823, -33.320659], [-60.447725, -33.320731], [-60.447656, -33.320781], [-60.447584, -33.320834], [-60.44756, -33.320851], [-60.447487, -33.320905], [-60.447389, -33.320978], [-60.447293, -33.321051], [-60.4472, -33.321123], [-60.447104, -33.321198], [-60.447008, -33.321272], [-60.446912, -33.321345], [-60.446837, -33.321401], [-60.446743, -33.321474], [-60.446653, -33.321543], [-60.446557, -33.321617], [-60.446462, -33.321691], [-60.446366, -33.321765], [-60.446271, -33.321839], [-60.446175, -33.321914], [-60.446079, -33.321987], [-60.445999, -33.322049], [-60.445914, -33.322114], [-60.445818, -33.322187], [-60.445722, -33.322261], [-60.445627, -33.322333], [-60.44554, -33.3224], [-60.445444, -33.322474], [-60.445348, -33.322548], [-60.445251, -33.322622], [-60.445156, -33.322695], [-60.445063, -33.322767], [-60.444967, -33.322841], [-60.444883, -33.322906], [-60.444786, -33.322979], [-60.444693, -33.323051], [-60.444597, -33.323125], [-60.4445, -33.323199], [-60.444419, -33.323261], [-60.444323, -33.323335], [-60.444227, -33.323409], [-60.444131, -33.323483], [-60.444051, -33.323544], [-60.443976, -33.323602], [-60.44388, -33.323675], [-60.443784, -33.323749], [-60.443688, -33.323822], [-60.443592, -33.323896], [-60.443496, -33.323969], [-60.4434, -33.324043], [-60.443304, -33.324117], [-60.443208, -33.324191], [-60.443129, -33.324252], [-60.443033, -33.324327], [-60.442938, -33.324401], [-60.442843, -33.324474], [-60.442747, -33.324547], [-60.44265, -33.324621], [-60.442554, -33.324694], [-60.442457, -33.324768], [-60.442361, -33.324842], [-60.44229, -33.324896], [-60.442199, -33.324964], [-60.442118, -33.325027], [-60.442056, -33.325075], [-60.44196, -33.325149], [-60.441869, -33.32522], [-60.441773, -33.325294], [-60.441677, -33.325367], [-60.441581, -33.325441], [-60.441485, -33.325515], [-60.441415, -33.325568], [-60.441346, -33.325622], [-60.441271, -33.325679], [-60.44119, -33.325741], [-60.441095, -33.325814], [-60.440999, -33.325888], [-60.440904, -33.325962], [-60.440809, -33.326035], [-60.440714, -33.326109], [-60.440618, -33.326183], [-60.440522, -33.326257], [-60.440426, -33.32633], [-60.44033, -33.326404], [-60.44026, -33.326458], [-60.440183, -33.326517], [-60.440119, -33.326566], [-60.440039, -33.326628], [-60.439944, -33.326701], [-60.439872, -33.326756], [-60.439776, -33.32683], [-60.43968, -33.326904], [-60.439584, -33.326978], [-60.439488, -33.327052], [-60.439415, -33.327109], [-60.439319, -33.327183], [-60.439264, -33.327225], [-60.439169, -33.327299], [-60.439073, -33.327373], [-60.438977, -33.327446], [-60.438917, -33.327492], [-60.438821, -33.327565], [-60.438726, -33.327639], [-60.43864, -33.327705], [-60.438548, -33.327777], [-60.438491, -33.327822], [-60.438396, -33.327897], [-60.438302, -33.327972], [-60.438242, -33.328017], [-60.438145, -33.32809], [-60.438085, -33.328136], [-60.43799, -33.328209], [-60.437927, -33.328258], [-60.437831, -33.328332], [-60.437734, -33.328406], [-60.437638, -33.32848], [-60.437569, -33.328532], [-60.437473, -33.328605], [-60.437377, -33.328679], [-60.43728, -33.328753], [-60.437219, -33.328801], [-60.43715, -33.328854], [-60.437097, -33.328895], [-60.437014, -33.32896], [-60.436953, -33.329007], [-60.436882, -33.329062], [-60.436828, -33.329104], [-60.436732, -33.329178], [-60.43667, -33.329225], [-60.436574, -33.329299], [-60.436513, -33.329346], [-60.436417, -33.329419], [-60.436321, -33.329492], [-60.436225, -33.329566], [-60.436129, -33.32964], [-60.436033, -33.329714], [-60.435938, -33.329787], [-60.435842, -33.329861], [-60.435747, -33.329934], [-60.435651, -33.330008], [-60.435555, -33.330082], [-60.435459, -33.330156], [-60.435363, -33.33023], [-60.435294, -33.330283], [-60.435225, -33.330337], [-60.435129, -33.33041], [-60.435069, -33.330456], [-60.434973, -33.33053], [-60.434909, -33.330578], [-60.434813, -33.330652], [-60.434718, -33.330725], [-60.434622, -33.330799], [-60.434527, -33.330872], [-60.434431, -33.330946], [-60.434335, -33.33102], [-60.434245, -33.331089], [-60.434189, -33.331132], [-60.434093, -33.331206], [-60.434033, -33.331252], [-60.433937, -33.331326], [-60.433841, -33.3314], [-60.433767, -33.331457], [-60.433691, -33.331516], [-60.433595, -33.331589], [-60.433524, -33.331644], [-60.433428, -33.331718], [-60.433332, -33.331791], [-60.433236, -33.331865], [-60.43314, -33.331939], [-60.433044, -33.332013], [-60.432951, -33.332089], [-60.432872, -33.332157], [-60.432781, -33.332234], [-60.432689, -33.332312], [-60.432598, -33.332389], [-60.432506, -33.332466], [-60.432415, -33.332543], [-60.432323, -33.332621], [-60.432231, -33.332698], [-60.43216, -33.332758], [-60.432068, -33.332835], [-60.431976, -33.332912], [-60.431884, -33.33299], [-60.431792, -33.333067], [-60.431713, -33.333134], [-60.431667, -33.333172], [-60.43161, -33.33322], [-60.431518, -33.333296], [-60.431451, -33.333351], [-60.431361, -33.333428], [-60.43127, -33.333506], [-60.431177, -33.333583], [-60.431119, -33.333631], [-60.431026, -33.333706], [-60.430987, -33.333738], [-60.430894, -33.333814], [-60.430802, -33.333891], [-60.430711, -33.333967], [-60.43062, -33.334046], [-60.430609, -33.334055], [-60.430518, -33.334133], [-60.430426, -33.334211], [-60.430335, -33.334289], [-60.430244, -33.334368], [-60.430153, -33.334445], [-60.430085, -33.334504], [-60.429994, -33.334582], [-60.429924, -33.334642], [-60.429832, -33.33472], [-60.429759, -33.334783], [-60.429668, -33.334861], [-60.429576, -33.334939], [-60.429483, -33.335015], [-60.42939, -33.335092], [-60.429296, -33.335168], [-60.429234, -33.33522], [-60.429141, -33.335296], [-60.429047, -33.335372], [-60.428954, -33.335448], [-60.428861, -33.335524], [-60.428789, -33.335584], [-60.428696, -33.335661], [-60.428602, -33.335738], [-60.428509, -33.335814], [-60.428416, -33.335891], [-60.428323, -33.335968], [-60.42823, -33.336044], [-60.428136, -33.336122], [-60.428043, -33.336198], [-60.427955, -33.336271], [-60.427862, -33.336347], [-60.427771, -33.336425], [-60.427681, -33.336504], [-60.427591, -33.336582], [-60.427501, -33.33666], [-60.427411, -33.336739], [-60.427322, -33.336816], [-60.427232, -33.336895], [-60.427142, -33.336973], [-60.427052, -33.337052], [-60.426982, -33.337113], [-60.426902, -33.337182], [-60.426811, -33.33726], [-60.426746, -33.337317], [-60.426656, -33.337394], [-60.426595, -33.337447], [-60.426505, -33.337525], [-60.426415, -33.337604], [-60.426338, -33.337671], [-60.426258, -33.33774], [-60.42617, -33.337816], [-60.426118, -33.337862], [-60.426027, -33.337941], [-60.425972, -33.337988], [-60.425882, -33.338067], [-60.425793, -33.338145], [-60.425724, -33.338206], [-60.425658, -33.338263], [-60.425569, -33.338341], [-60.425494, -33.338407], [-60.425405, -33.338485], [-60.425315, -33.338563], [-60.42525, -33.33862], [-60.425174, -33.338686], [-60.425094, -33.338756], [-60.425004, -33.338835], [-60.424937, -33.338893], [-60.424871, -33.338951], [-60.424781, -33.339029], [-60.424691, -33.339108], [-60.424624, -33.339166], [-60.424571, -33.339212], [-60.424481, -33.339291], [-60.424421, -33.339344], [-60.424349, -33.339406], [-60.424276, -33.33947], [-60.424213, -33.339524], [-60.424159, -33.339572], [-60.424068, -33.33965], [-60.42401, -33.3397], [-60.42392, -33.339778], [-60.423862, -33.339828], [-60.423772, -33.339907], [-60.423721, -33.339953], [-60.423631, -33.340031], [-60.423576, -33.340079], [-60.423512, -33.340134], [-60.423422, -33.340213], [-60.423363, -33.340264], [-60.423279, -33.340337], [-60.423192, -33.340413], [-60.423104, -33.34049], [-60.423017, -33.340566], [-60.422934, -33.340638], [-60.422851, -33.340709], [-60.422763, -33.340786], [-60.422689, -33.34085], [-60.422612, -33.340916], [-60.422524, -33.340993], [-60.422441, -33.341064], [-60.422352, -33.34114], [-60.422267, -33.341214], [-60.422179, -33.34129], [-60.422091, -33.341366], [-60.422003, -33.341443], [-60.421921, -33.341513], [-60.42186, -33.341566], [-60.421799, -33.341619], [-60.421766, -33.341648], [-60.421736, -33.341673], [-60.42167, -33.341731], [-60.421624, -33.341771], [-60.421595, -33.341796], [-60.42151, -33.341869], [-60.421421, -33.341946], [-60.421334, -33.342022]]}},
{"type": "Feature", "properties": {"ProjectID": "P7844", "OBJECTID": 92230, "ID_LIC": "N3P", "Gasoducto": 10002014, "Tramo": 10002014002, "TdTrm": "Paralelo", "PkiTrm": 123253, "PkfTrm": 253000, "Long": 131.13, "PrsDsn": 60.35, "Mapo": 59.8, "Diametro": 30, "Espesor": 8.74, "MatNyG": "X52", "Construc": " ", "FchHab": null, "PrsMaxPru": 0, "PrsMinPru": 0, "FldPru": " ", "FchPru": null, "Unifilar": " ", "Fuente": " ", "Licenciataria": 10002, "ID_TEOS": null, "Obs": " "}, "geometry": {"type": "LineString", "coordinates": [[-60.084594, -33.589811], [-60.084544, -33.589852], [-60.084507, -33.589883], [-60.084463, -33.58992], [-60.084421, -33.589956], [-60.084379, -33.589991], [-60.084366, -33.590002], [-60.084352, -33.590014], [-60.084339, -33.590024], [-60.084296, -33.59006], [-60.084279, -33.590074], [-60.084275, -33.590078], [-60.084253, -33.590096], [-60.084227, -33.590119], [-60.084198, -33.590143], [-60.084108, -33.590218], [-60.084018, -33.590293], [-60.083928, -33.590367], [-60.083838, -33.59044], [-60.083745, -33.590514], [-60.083654, -33.590585], [-60.083561, -33.590658], [-60.083469, -33.590732], [-60.083379, -33.590806], [-60.083289, -33.590881], [-60.083199, -33.590956], [-60.083109, -33.59103], [-60.083019, -33.591104], [-60.082928, -33.591179], [-60.082838, -33.591253], [-60.082748, -33.591328], [-60.082657, -33.591403], [-60.082566, -33.591478], [-60.082475, -33.591553], [-60.082385, -33.591628], [-60.082295, -33.591702], [-60.082205, -33.591776], [-60.082113, -33.591851], [-60.082022, -33.591925], [-60.081932, -33.591999], [-60.081841, -33.592073], [-60.081751, -33.592147], [-60.081662, -33.59222], [-60.08157, -33.592295], [-60.08148, -33.59237], [-60.081391, -33.592443], [-60.081307, -33.592511], [-60.081217, -33.592585], [-60.081125, -33.592659], [-60.081037, -33.592732], [-60.080948, -33.592805], [-60.080858, -33.592878], [-60.080771, -33.592951], [-60.08068, -33.593025], [-60.080589, -33.593099], [-60.080498, -33.593174], [-60.080407, -33.593249], [-60.080317, -33.593323], [-60.080227, -33.593397], [-60.080136, -33.593472], [-60.080044, -33.593546], [-60.079953, -33.59362], [-60.079861, -33.593694], [-60.07977, -33.593768], [-60.079679, -33.593842], [-60.079588, -33.593917], [-60.079498, -33.59399], [-60.079407, -33.594064], [-60.079316, -33.594139], [-60.079225, -33.594213], [-60.079133, -33.594287], [-60.079042, -33.594361], [-60.078951, -33.594436], [-60.07886, -33.59451], [-60.078769, -33.594585], [-60.078679, -33.594659], [-60.078588, -33.594734], [-60.078497, -33.594808], [-60.078405, -33.594882], [-60.078313, -33.594956], [-60.078222, -33.59503], [-60.078131, -33.595105], [-60.07804, -33.595179], [-60.077949, -33.595253], [-60.077857, -33.595328], [-60.077766, -33.595402], [-60.077675, -33.595475], [-60.077583, -33.595549], [-60.077491, -33.595623], [-60.0774, -33.595697], [-60.077308, -33.595771], [-60.077217, -33.595846], [-60.077126, -33.59592], [-60.077035, -33.595994], [-60.076944, -33.596068], [-60.076853, -33.596143], [-60.076778, -33.596204], [-60.076687, -33.596279], [-60.076596, -33.596353], [-60.076506, -33.596427], [-60.076414, -33.596501], [-60.076323, -33.596575], [-60.076231, -33.596649], [-60.07614, -33.596723], [-60.076049, -33.596796], [-60.075957, -33.596869], [-60.075866, -33.596943], [-60.075774, -33.597017], [-60.075683, -33.597091], [-60.075592, -33.597165], [-60.075501, -33.597239], [-60.075411, -33.597314], [-60.07532, -33.597388], [-60.075229, -33.597463], [-60.075137, -33.597537], [-60.075048, -33.597609], [-60.074959, -33.597682], [-60.074869, -33.597756], [-60.074778, -33.59783], [-60.074686, -33.597904], [-60.074596, -33.597978], [-60.074506, -33.59805], [-60.074415, -33.598125], [-60.074335, -33.598191], [-60.074244, -33.598265], [-60.074154, -33.59834], [-60.074062, -33.598414], [-60.073971, -33.598488], [-60.073879, -33.598562], [-60.073788, -33.598636], [-60.073697, -33.598711], [-60.073605, -33.598785], [-60.073514, -33.598859], [-60.073423, -33.598934], [-60.073331, -33.599008], [-60.073241, -33.599082], [-60.073173, -33.599137], [-60.073082, -33.599211], [-60.073002, -33.599276], [-60.072911, -33.59935], [-60.07282, -33.599425], [-60.072729, -33.599499], [-60.072638, -33.599573], [-60.072547, -33.599647], [-60.072456, -33.599722], [-60.072366, -33.599796], [-60.072274, -33.599871], [-60.072183, -33.599945], [-60.072119, -33.599998], [-60.072032, -33.600069], [-60.071949, -33.600137], [-60.071858, -33.600212], [-60.071769, -33.600285], [-60.071681, -33.600358], [-60.071589, -33.600432], [-60.071499, -33.600506], [-60.071408, -33.600581], [-60.071316, -33.600655], [-60.071226, -33.600728], [-60.071135, -33.600802], [-60.071045, -33.600875], [-60.070954, -33.600949], [-60.070864, -33.601023], [-60.070773, -33.601097], [-60.070684, -33.60117], [-60.070593, -33.601244], [-60.070501, -33.601318], [-60.070409, -33.601393], [-60.07032, -33.601465], [-60.070231, -33.601539], [-60.070139, -33.601613], [-60.070048, -33.601687], [-60.069958, -33.60176], [-60.069868, -33.601833], [-60.069777, -33.601908], [-60.069686, -33.601982], [-60.069595, -33.602056], [-60.069504, -33.60213], [-60.069412, -33.602204], [-60.069322, -33.602277], [-60.069232, -33.602351], [-60.06914, -33.602425], [-60.069049, -33.602499], [-60.068958, -33.602573], [-60.068867, -33.602647], [-60.068776, -33.602721], [-60.068684, -33.602795], [-60.068593, -33.602869], [-60.068502, -33.602943], [-60.068486, -33.602956], [-60.068396, -33.60303], [-60.068306, -33.603104], [-60.068216, -33.603178], [-60.068124, -33.603253], [-60.068033, -33.603326], [-60.067941, -33.6034], [-60.067897, -33.603435], [-60.067853, -33.60347], [-60.067809, -33.603506], [-60.067765, -33.603542], [-60.067721, -33.603578], [-60.067677, -33.603614], [-60.067586, -33.603689], [-60.067496, -33.603763], [-60.067406, -33.603835], [-60.067314, -33.60391], [-60.067251, -33.603961], [-60.067161, -33.604033], [-60.06707, -33.604107], [-60.06698, -33.604181], [-60.066889, -33.604255], [-60.066798, -33.60433], [-60.066707, -33.604405], [-60.066617, -33.604479], [-60.066526, -33.604554], [-60.066435, -33.604628], [-60.066344, -33.604703], [-60.066258, -33.604774], [-60.066168, -33.604847], [-60.066077, -33.604922], [-60.065986, -33.604996], [-60.065895, -33.605071], [-60.065805, -33.605145], [-60.065715, -33.605219], [-60.065624, -33.605293], [-60.065536, -33.605366], [-60.065446, -33.605439], [-60.065355, -33.605514], [-60.065265, -33.605589], [-60.065174, -33.605664], [-60.065083, -33.605739], [-60.064993, -33.605813], [-60.064903, -33.605888], [-60.064813, -33.605963], [-60.064723, -33.606038], [-60.064633, -33.606112], [-60.064542, -33.606186], [-60.064452, -33.60626], [-60.064361, -33.606334], [-60.064272, -33.606407], [-60.06418, -33.606482], [-60.064089, -33.606557], [-60.063998, -33.606631], [-60.063907, -33.606706], [-60.063817, -33.60678], [-60.063727, -33.606854], [-60.063636, -33.606929], [-60.063545, -33.607003], [-60.063454, -33.607078], [-60.063364, -33.607152], [-60.063275, -33.607225], [-60.063184, -33.607299], [-60.063094, -33.607373], [-60.063003, -33.607448], [-60.062914, -33.607521], [-60.062823, -33.607596], [-60.062733, -33.60767], [-60.062643, -33.607744], [-60.062551, -33.607818], [-60.062461, -33.607892], [-60.062369, -33.607966], [-60.062279, -33.60804], [-60.062188, -33.608114], [-60.062097, -33.608188], [-60.062008, -33.60826], [-60.061931, -33.608323], [-60.06184, -33.608397], [-60.061748, -33.60847], [-60.061657, -33.608545], [-60.061566, -33.608619], [-60.061476, -33.608692], [-60.061386, -33.608766], [-60.061295, -33.60884], [-60.061209, -33.608912], [-60.061118, -33.608986], [-60.061027, -33.60906], [-60.060938, -33.609133], [-60.060847, -33.609207], [-60.060755, -33.609281], [-60.060665, -33.609354], [-60.060574, -33.609429], [-60.060482, -33.609504], [-60.060392, -33.609578], [-60.060301, -33.609653], [-60.060211, -33.609727], [-60.060119, -33.609801], [-60.06003, -33.609874], [-60.059939, -33.609949], [-60.059849, -33.610023], [-60.059758, -33.610097], [-60.059668, -33.610171], [-60.059577, -33.610245], [-60.059488, -33.610318], [-60.059398, -33.610393], [-60.059308, -33.610466], [-60.059217, -33.61054], [-60.059126, -33.610614], [-60.059035, -33.610688], [-60.058944, -33.610763], [-60.058854, -33.610836], [-60.058763, -33.61091], [-60.058673, -33.610985], [-60.058585, -33.611057], [-60.058495, -33.611131], [-60.058405, -33.611206], [-60.058315, -33.611281], [-60.058225, -33.611355], [-60.058134, -33.611429], [-60.058044, -33.611503], [-60.057954, -33.611577], [-60.057863, -33.61165], [-60.057772, -33.611725], [-60.057681, -33.611799], [-60.05759, -33.611873], [-60.057499, -33.611947], [-60.057408, -33.61202], [-60.057316, -33.612094], [-60.057225, -33.612168], [-60.057134, -33.612242], [-60.057043, -33.612317], [-60.056952, -33.612391], [-60.056862, -33.612465], [-60.056771, -33.61254], [-60.056681, -33.612613], [-60.056591, -33.612686], [-60.056501, -33.612761], [-60.056412, -33.612834], [-60.056321, -33.612908], [-60.056231, -33.612981], [-60.056141, -33.613054], [-60.056052, -33.613128], [-60.055962, -33.613202], [-60.055871, -33.613277], [-60.055781, -33.613351], [-60.05569, -33.613426], [-60.055599, -33.613501], [-60.055509, -33.613575], [-60.055419, -33.613648], [-60.055331, -33.613721], [-60.055242, -33.613793], [-60.055151, -33.613867], [-60.055062, -33.613939], [-60.054971, -33.614014], [-60.05488, -33.614088], [-60.054789, -33.614162], [-60.054697, -33.614237], [-60.054606, -33.614311], [-60.054515, -33.614386], [-60.054424, -33.61446], [-60.054333, -33.614534], [-60.054242, -33.614608], [-60.054151, -33.614683], [-60.05406, -33.614757], [-60.053969, -33.61483], [-60.053879, -33.614904], [-60.053789, -33.614977], [-60.053698, -33.615051], [-60.053608, -33.615125], [-60.053517, -33.6152], [-60.053426, -33.615274], [-60.053338, -33.615346], [-60.053248, -33.61542], [-60.053158, -33.615494], [-60.053067, -33.615567], [-60.052975, -33.615641], [-60.052883, -33.615713], [-60.05279, -33.615785], [-60.052696, -33.615857], [-60.052603, -33.615928], [-60.052508, -33.615998], [-60.052415, -33.616068], [-60.052322, -33.616139], [-60.052228, -33.616209], [-60.052134, -33.61628], [-60.052039, -33.616351], [-60.051948, -33.616421], [-60.051854, -33.616492], [-60.051759, -33.616563], [-60.051665, -33.616634], [-60.051573, -33.616705], [-60.051478, -33.616776], [-60.051384, -33.616847], [-60.051289, -33.616918], [-60.051194, -33.616989], [-60.0511, -33.61706], [-60.051007, -33.61713], [-60.050912, -33.617201], [-60.050818, -33.617273], [-60.050725, -33.617343], [-60.050633, -33.617412], [-60.05054, -33.617482], [-60.050446, -33.617552], [-60.050352, -33.617623], [-60.050258, -33.617695], [-60.050164, -33.617765], [-60.050071, -33.617836], [-60.049977, -33.617907], [-60.049883, -33.617978], [-60.049788, -33.618049], [-60.049694, -33.618119], [-60.0496, -33.61819], [-60.049506, -33.618261], [-60.049411, -33.618333], [-60.049318, -33.618403], [-60.049224, -33.618473], [-60.04913, -33.618544], [-60.049037, -33.618614], [-60.048943, -33.618686], [-60.048849, -33.618757], [-60.048755, -33.618828], [-60.048661, -33.618899], [-60.048566, -33.61897], [-60.048472, -33.619041], [-60.04838, -33.619112], [-60.048285, -33.619183], [-60.048192, -33.619255], [-60.048098, -33.619327], [-60.048004, -33.619398], [-60.047911, -33.619469], [-60.047816, -33.61954], [-60.047723, -33.619611], [-60.047629, -33.619683], [-60.047536, -33.619753], [-60.047441, -33.619824], [-60.047347, -33.619896], [-60.047256, -33.619964], [-60.047162, -33.620036], [-60.04707, -33.620106], [-60.046975, -33.620178], [-60.046881, -33.62025], [-60.046787, -33.620321], [-60.046693, -33.620392], [-60.046601, -33.620462], [-60.046508, -33.620532], [-60.046414, -33.620604], [-60.046319, -33.620675], [-60.046226, -33.620747], [-60.046135, -33.620815], [-60.046041, -33.620887], [-60.045946, -33.620958], [-60.045852, -33.621029], [-60.045757, -33.621101], [-60.045662, -33.621172], [-60.045568, -33.621243], [-60.045473, -33.621315], [-60.045379, -33.621386], [-60.045285, -33.621456], [-60.045192, -33.621527], [-60.045098, -33.621597], [-60.045003, -33.621669], [-60.04491, -33.621739], [-60.044817, -33.62181], [-60.044724, -33.621881], [-60.044631, -33.621952], [-60.044536, -33.622024], [-60.044442, -33.622095], [-60.044347, -33.622166], [-60.044253, -33.622236], [-60.044159, -33.622307], [-60.044065, -33.622377], [-60.043971, -33.622448], [-60.043876, -33.622519], [-60.043781, -33.62259], [-60.043693, -33.622657], [-60.043599, -33.622728], [-60.043507, -33.622797], [-60.043413, -33.622868], [-60.043319, -33.622939], [-60.043225, -33.62301], [-60.043131, -33.623081], [-60.043036, -33.623152], [-60.042942, -33.623223], [-60.042848, -33.623294], [-60.042754, -33.623365], [-60.04266, -33.623435], [-60.042565, -33.623506], [-60.042544, -33.623521], [-60.042451, -33.623592], [-60.042359, -33.623662], [-60.042313, -33.623696], [-60.042269, -33.623729], [-60.042224, -33.623763], [-60.042179, -33.623798], [-60.042084, -33.623868], [-60.041989, -33.62394], [-60.04196, -33.623962], [-60.041866, -33.624033], [-60.041774, -33.624103], [-60.04168, -33.624173], [-60.041585, -33.624244], [-60.041491, -33.624315], [-60.041396, -33.624387], [-60.041316, -33.624448], [-60.041223, -33.62452], [-60.041129, -33.624591], [-60.041035, -33.624663], [-60.04094, -33.624734], [-60.040846, -33.624806], [-60.040751, -33.624877], [-60.040658, -33.624947], [-60.040564, -33.625018], [-60.04047, -33.625088], [-60.040376, -33.62516], [-60.040281, -33.625232], [-60.040188, -33.625302], [-60.040094, -33.625374], [-60.040002, -33.625443], [-60.039908, -33.625514], [-60.039814, -33.625584], [-60.03972, -33.625655], [-60.039633, -33.625722], [-60.039539, -33.625794], [-60.039445, -33.625866], [-60.039352, -33.625935], [-60.039258, -33.626007], [-60.039164, -33.626078], [-60.03907, -33.626149], [-60.038978, -33.626219], [-60.038883, -33.62629], [-60.038789, -33.626362], [-60.038694, -33.626434], [-60.038607, -33.6265], [-60.038513, -33.626572], [-60.03842, -33.626642], [-60.038326, -33.626712], [-60.038232, -33.626783], [-60.038137, -33.626854], [-60.038043, -33.626924], [-60.037952, -33.626993], [-60.037858, -33.627064], [-60.037765, -33.627135], [-60.03767, -33.627207], [-60.037577, -33.627277], [-60.037483, -33.627348], [-60.037388, -33.627419], [-60.037294, -33.627489], [-60.037199, -33.627561], [-60.037105, -33.627632], [-60.03701, -33.627703], [-60.036917, -33.627775], [-60.036823, -33.627846], [-60.036729, -33.627918], [-60.036635, -33.627989], [-60.036542, -33.62806], [-60.036447, -33.628131], [-60.03636, -33.628196], [-60.036272, -33.628262], [-60.036177, -33.628333], [-60.036082, -33.628404], [-60.035987, -33.628475], [-60.035893, -33.628546], [-60.035797, -33.628617], [-60.035703, -33.628687], [-60.035608, -33.628759], [-60.035513, -33.628829], [-60.035419, -33.628901], [-60.035324, -33.628972], [-60.03523, -33.629043], [-60.035137, -33.629114], [-60.035043, -33.629185], [-60.034949, -33.629256], [-60.034856, -33.629326], [-60.034761, -33.629397], [-60.034667, -33.629467], [-60.034572, -33.629538], [-60.034478, -33.629608], [-60.034384, -33.629679], [-60.03429, -33.62975], [-60.034196, -33.629821], [-60.034103, -33.629891], [-60.03401, -33.629961], [-60.033917, -33.630032], [-60.033824, -33.630102], [-60.03373, -33.630173], [-60.033638, -33.630244], [-60.033546, -33.630315], [-60.033452, -33.630387], [-60.033359, -33.630457], [-60.033264, -33.630529], [-60.033169, -33.6306], [-60.033075, -33.630672], [-60.032985, -33.63074], [-60.032891, -33.630811], [-60.032796, -33.630882], [-60.032702, -33.630954], [-60.032609, -33.631025], [-60.032515, -33.631097], [-60.03242, -33.631169], [-60.032326, -33.631239], [-60.032232, -33.63131], [-60.032138, -33.631381], [-60.032045, -33.631451], [-60.031951, -33.631523], [-60.031858, -33.631593], [-60.031764, -33.631664], [-60.03167, -33.631735], [-60.031575, -33.631806], [-60.031482, -33.631877], [-60.031388, -33.631947], [-60.031294, -33.632018], [-60.031199, -33.632089], [-60.031105, -33.63216], [-60.031011, -33.632231], [-60.030917, -33.632302], [-60.030822, -33.632373], [-60.030728, -33.632444], [-60.030634, -33.632515], [-60.03054, -33.632587], [-60.030446, -33.632659], [-60.030352, -33.63273], [-60.030258, -33.6328], [-60.030163, -33.632871], [-60.030068, -33.632942], [-60.029974, -33.633012], [-60.02988, -33.633083], [-60.029785, -33.633154], [-60.02969, -33.633226], [-60.029597, -33.633297], [-60.029506, -33.633367], [-60.029415, -33.633437], [-60.029321, -33.633507], [-60.029227, -33.633578], [-60.029136, -33.633646], [-60.029044, -33.633716], [-60.02895, -33.633787], [-60.028856, -33.633858], [-60.028761, -33.63393], [-60.028667, -33.634001], [-60.028574, -33.634072], [-60.02848, -33.634143], [-60.028385, -33.634214], [-60.028292, -33.634284], [-60.028197, -33.634355], [-60.028104, -33.634424], [-60.02801, -33.634495], [-60.027916, -33.634565], [-60.027821, -33.634637], [-60.027736, -33.6347], [-60.027644, -33.63477], [-60.02755, -33.634841], [-60.027456, -33.634912], [-60.027363, -33.634983], [-60.027269, -33.635054], [-60.027175, -33.635126], [-60.027081, -33.635197], [-60.026987, -33.635268], [-60.026893, -33.635339], [-60.0268, -33.635409], [-60.026707, -33.63548], [-60.026613, -33.635551], [-60.026519, -33.635621], [-60.026425, -33.635692], [-60.02633, -33.635763], [-60.026237, -33.635833], [-60.026143, -33.635904], [-60.026053, -33.635973], [-60.025959, -33.636044], [-60.025865, -33.636115], [-60.02577, -33.636186], [-60.025676, -33.636257], [-60.025582, -33.636329], [-60.025488, -33.6364], [-60.025394, -33.636472], [-60.025303, -33.636541], [-60.025209, -33.636612], [-60.02515, -33.636656], [-60.025055, -33.636727], [-60.024961, -33.636798], [-60.024867, -33.636868], [-60.024774, -33.636937], [-60.02468, -33.637008], [-60.024588, -33.637077], [-60.024493, -33.637148], [-60.024399, -33.637219], [-60.024305, -33.63729], [-60.02421, -33.637362], [-60.024115, -33.637434], [-60.024022, -33.637504], [-60.023929, -33.637575], [-60.023836, -33.637646], [-60.023744, -33.637716], [-60.02365, -33.637788], [-60.023557, -33.637859], [-60.023463, -33.63793], [-60.023368, -33.638002], [-60.023274, -33.638072], [-60.023181, -33.638143], [-60.023087, -33.638214], [-60.022993, -33.638285], [-60.022898, -33.638355], [-60.022805, -33.638426], [-60.02271, -33.638498], [-60.022617, -33.638569], [-60.022524, -33.638641], [-60.022429, -33.638712], [-60.022334, -33.638784], [-60.022241, -33.638854], [-60.022147, -33.638926], [-60.022053, -33.638997], [-60.021959, -33.639068], [-60.021865, -33.63914], [-60.021771, -33.639211], [-60.021677, -33.639283], [-60.021583, -33.639355], [-60.021488, -33.639426], [-60.021393, -33.639497], [-60.021298, -33.639569], [-60.021203, -33.63964], [-60.021109, -33.639711], [-60.021014, -33.639782], [-60.020919, -33.639854], [-60.020825, -33.639924], [-60.020731, -33.639996], [-60.020637, -33.640068], [-60.020543, -33.64014], [-60.020449, -33.640211], [-60.020358, -33.64028], [-60.020264, -33.640352], [-60.020175, -33.640418], [-60.02008, -33.64049], [-60.019986, -33.640561], [-60.019894, -33.640631], [-60.019799, -33.640703], [-60.019708, -33.640772], [-60.019614, -33.640843], [-60.019521, -33.640914], [-60.019427, -33.640985], [-60.019333, -33.641056], [-60.01924, -33.641127], [-60.019146, -33.641199], [-60.019054, -33.641271], [-60.01896, -33.641343], [-60.018867, -33.641415], [-60.018777, -33.641485], [-60.018682, -33.641557], [-60.018588, -33.641629], [-60.018494, -33.641701], [-60.0184, -33.641772], [-60.018306, -33.641843], [-60.018211, -33.641915], [-60.018118, -33.641985], [-60.018026, -33.642055], [-60.017932, -33.642127], [-60.017839, -33.642198], [-60.017746, -33.642269], [-60.017651, -33.64234], [-60.017558, -33.642411], [-60.017463, -33.642482], [-60.017369, -33.642553], [-60.017275, -33.642625], [-60.017182, -33.642697], [-60.017092, -33.642765], [-60.016997, -33.642837], [-60.016903, -33.642908], [-60.01681, -33.642979], [-60.016716, -33.64305], [-60.016622, -33.64312], [-60.016527, -33.643192], [-60.016433, -33.643263], [-60.016338, -33.643335], [-60.016244, -33.643406], [-60.01615, -33.643478], [-60.016056, -33.643549], [-60.015962, -33.643621], [-60.015868, -33.643692], [-60.015773, -33.643764], [-60.01568, -33.643834], [-60.015586, -33.643906], [-60.015492, -33.643977], [-60.015398, -33.644049], [-60.015303, -33.644121], [-60.015211, -33.644191], [-60.015118, -33.644262], [-60.015024, -33.644334], [-60.01493, -33.644406], [-60.014838, -33.644475], [-60.014745, -33.644546], [-60.014651, -33.644617], [-60.014557, -33.644688], [-60.014463, -33.64476], [-60.014368, -33.644832], [-60.014274, -33.644903], [-60.01418, -33.644975], [-60.014085, -33.645046], [-60.013992, -33.645118], [-60.013898, -33.645189], [-60.013804, -33.645261], [-60.013709, -33.645333], [-60.013614, -33.645405], [-60.01352, -33.645476], [-60.013425, -33.645547], [-60.013331, -33.645618], [-60.013237, -33.645689], [-60.013144, -33.64576], [-60.01305, -33.645831], [-60.012956, -33.645903], [-60.012863, -33.645975], [-60.012769, -33.646047], [-60.012675, -33.646119], [-60.012582, -33.646191], [-60.012534, -33.646228], [-60.012442, -33.646299], [-60.012348, -33.646372], [-60.012304, -33.646407], [-60.012258, -33.646442], [-60.012214, -33.646476], [-60.012172, -33.646508], [-60.012078, -33.64658], [-60.011984, -33.646652], [-60.011948, -33.64668], [-60.011854, -33.646752], [-60.011761, -33.646825], [-60.011668, -33.646898], [-60.011575, -33.64697], [-60.011483, -33.647043], [-60.01139, -33.647115], [-60.011298, -33.647187], [-60.011204, -33.64726], [-60.011111, -33.647332], [-60.011018, -33.647404], [-60.010925, -33.647477], [-60.010832, -33.647549], [-60.010739, -33.647622], [-60.010646, -33.647694], [-60.010553, -33.647766], [-60.010462, -33.647837], [-60.010369, -33.647909], [-60.010277, -33.64798], [-60.010183, -33.648053], [-60.010092, -33.648124], [-60.010002, -33.648194], [-60.00991, -33.648265], [-60.009817, -33.648337], [-60.009726, -33.648408], [-60.009633, -33.648481], [-60.009542, -33.648552], [-60.009448, -33.648624], [-60.009356, -33.648695], [-60.009263, -33.648767], [-60.00917, -33.648839], [-60.009077, -33.648912], [-60.008985, -33.648984], [-60.008892, -33.649056], [-60.008799, -33.649129], [-60.008706, -33.649201], [-60.008613, -33.649274], [-60.008519, -33.649346], [-60.008426, -33.649418], [-60.008334, -33.649489], [-60.008242, -33.649561], [-60.008148, -33.649633], [-60.008055, -33.649706], [-60.007962, -33.649778], [-60.00787, -33.64985], [-60.007777, -33.649922], [-60.007687, -33.649992], [-60.007593, -33.650064], [-60.0075, -33.650136], [-60.007407, -33.650209], [-60.007314, -33.65028], [-60.007221, -33.650353], [-60.007128, -33.650425], [-60.007034, -33.650497], [-60.00694, -33.650569], [-60.006847, -33.650642], [-60.006753, -33.650713], [-60.006659, -33.650785], [-60.006566, -33.650855], [-60.006472, -33.650928], [-60.006378, -33.650999], [-60.006285, -33.651071], [-60.006191, -33.651143], [-60.006099, -33.651214], [-60.006006, -33.651286], [-60.005913, -33.651357], [-60.00582, -33.651429], [-60.005727, -33.651502], [-60.005635, -33.651574], [-60.005543, -33.651646], [-60.005449, -33.651718], [-60.005356, -33.651791], [-60.005262, -33.651862], [-60.005169, -33.651934], [-60.005076, -33.652005], [-60.004983, -33.652078], [-60.004893, -33.652147], [-60.0048, -33.65222], [-60.004707, -33.652292], [-60.004615, -33.652364], [-60.004522, -33.652436], [-60.00443, -33.652508], [-60.004337, -33.65258], [-60.004244, -33.652653], [-60.004151, -33.652725], [-60.004059, -33.652797], [-60.003966, -33.652869], [-60.003873, -33.652941], [-60.00378, -33.653013], [-60.003687, -33.653084], [-60.003593, -33.653156], [-60.003506, -33.653224], [-60.003413, -33.653296], [-60.003322, -33.653368], [-60.003229, -33.653441], [-60.003136, -33.653514], [-60.003044, -33.653587], [-60.002952, -33.65366], [-60.00286, -33.653733], [-60.002768, -33.653807], [-60.002676, -33.653881], [-60.002585, -33.653955], [-60.002494, -33.654028], [-60.002402, -33.654101], [-60.002311, -33.654175], [-60.002219, -33.654248], [-60.002127, -33.654322], [-60.002036, -33.654395], [-60.001945, -33.654467], [-60.001855, -33.654539], [-60.001764, -33.654612], [-60.001672, -33.654685], [-60.001581, -33.654759], [-60.001489, -33.654833], [-60.001399, -33.654906], [-60.001308, -33.65498], [-60.001216, -33.655053], [-60.001124, -33.655127], [-60.001032, -33.6552], [-60.000942, -33.655273], [-60.00085, -33.655347], [-60.000758, -33.65542], [-60.000667, -33.655493], [-60.000577, -33.655565], [-60.000485, -33.655639], [-60.000394, -33.655712], [-60.000302, -33.655786], [-60.000211, -33.655858], [-60.000119, -33.655932], [-60.000029, -33.656003], [-59.999937, -33.656076], [-59.999845, -33.656149], [-59.999753, -33.656222], [-59.999662, -33.656295], [-59.999571, -33.656368], [-59.999478, -33.656441], [-59.999389, -33.656513], [-59.999298, -33.656586], [-59.999206, -33.656659], [-59.999115, -33.656732], [-59.999023, -33.656805], [-59.998931, -33.656878], [-59.998838, -33.656951], [-59.998747, -33.657024], [-59.998655, -33.657097], [-59.998563, -33.65717], [-59.998471, -33.657244], [-59.99838, -33.657317], [-59.998289, -33.657389], [-59.998203, -33.657459], [-59.998111, -33.657533], [-59.99802, -33.657607], [-59.997928, -33.657681], [-59.997837, -33.657755], [-59.997746, -33.657827], [-59.997654, -33.6579], [-59.997562, -33.657974], [-59.997471, -33.658047], [-59.997379, -33.65812], [-59.997288, -33.658192], [-59.997195, -33.658265], [-59.997103, -33.658339], [-59.997012, -33.658412], [-59.996919, -33.658486], [-59.996829, -33.658558], [-59.996738, -33.658632], [-59.996646, -33.658705], [-59.996554, -33.658779], [-59.996462, -33.658852], [-59.996372, -33.658925], [-59.99628, -33.658998], [-59.996189, -33.659071], [-59.996097, -33.659145], [-59.996005, -33.659218], [-59.995915, -33.65929], [-59.995823, -33.659364], [-59.995731, -33.659437], [-59.995639, -33.659511], [-59.995547, -33.659584], [-59.995456, -33.659657], [-59.995391, -33.659709], [-59.995299, -33.659782], [-59.995207, -33.659856], [-59.995114, -33.659929], [-59.995023, -33.660003], [-59.99493, -33.660077], [-59.994838, -33.66015], [-59.994747, -33.660224], [-59.994655, -33.660298], [-59.994563, -33.660372], [-59.994473, -33.660445], [-59.994383, -33.660518], [-59.994292, -33.660592], [-59.994201, -33.660665], [-59.99411, -33.660738], [-59.994018, -33.660811], [-59.993926, -33.660885], [-59.993833, -33.660958], [-59.993743, -33.66103], [-59.993653, -33.661102], [-59.993563, -33.661174], [-59.993472, -33.661247], [-59.99338, -33.66132], [-59.993288, -33.661393], [-59.993196, -33.661467], [-59.993105, -33.66154], [-59.993013, -33.661613], [-59.992922, -33.661687], [-59.99283, -33.66176], [-59.992738, -33.661834], [-59.992649, -33.661906], [-59.992557, -33.661979], [-59.992466, -33.662052], [-59.992375, -33.662125], [-59.992282, -33.662199], [-59.99219, -33.662272], [-59.992098, -33.662345], [-59.992006, -33.662418], [-59.991914, -33.662492], [-59.991822, -33.662565], [-59.991731, -33.662639], [-59.991639, -33.662713], [-59.991548, -33.662786], [-59.991456, -33.66286], [-59.991365, -33.662934], [-59.991273, -33.663008], [-59.991181, -33.663082], [-59.991096, -33.66315], [-59.991008, -33.663221], [-59.990919, -33.663293], [-59.990827, -33.663367], [-59.990736, -33.663441], [-59.990645, -33.663514], [-59.990554, -33.663588], [-59.990463, -33.663662], [-59.990371, -33.663736], [-59.990279, -33.663809], [-59.990188, -33.663882], [-59.990099, -33.663953], [-59.990011, -33.664023], [-59.989919, -33.664095], [-59.989828, -33.664167], [-59.989737, -33.66424], [-59.989645, -33.664313], [-59.989553, -33.664386], [-59.989462, -33.664459], [-59.98937, -33.664533], [-59.989278, -33.664607], [-59.989186, -33.66468], [-59.989096, -33.664753], [-59.989005, -33.664826], [-59.988914, -33.664899], [-59.988828, -33.664968], [-59.988736, -33.665042], [-59.988644, -33.665116], [-59.988551, -33.66519], [-59.98846, -33.665263], [-59.988369, -33.665336], [-59.98828, -33.665406], [-59.988188, -33.66548], [-59.988098, -33.665553], [-59.988008, -33.665624], [-59.987918, -33.665696], [-59.987831, -33.665766], [-59.987739, -33.665839], [-59.987648, -33.665912], [-59.987563, -33.665981], [-59.987472, -33.666054], [-59.987381, -33.666128], [-59.98729, -33.666202], [-59.987198, -33.666276], [-59.987108, -33.666348], [-59.987017, -33.666421], [-59.986925, -33.666494], [-59.986832, -33.666568], [-59.986741, -33.666639], [-59.98665, -33.666713], [-59.986558, -33.666786], [-59.986467, -33.666858], [-59.986375, -33.666931], [-59.986284, -33.667004], [-59.986192, -33.667078], [-59.986105, -33.667147], [-59.986014, -33.66722], [-59.985922, -33.667293], [-59.98583, -33.667367], [-59.985738, -33.667441], [-59.985647, -33.667514], [-59.985557, -33.667586], [-59.985466, -33.667659], [-59.985374, -33.667732], [-59.985282, -33.667806], [-59.98519, -33.667879], [-59.985098, -33.667952], [-59.985006, -33.668025], [-59.984915, -33.668099], [-59.984823, -33.668172], [-59.984732, -33.668246], [-59.98464, -33.668319], [-59.984548, -33.668393], [-59.984461, -33.668463], [-59.98437, -33.668536], [-59.984278, -33.66861], [-59.984186, -33.668684], [-59.984095, -33.668757], [-59.984004, -33.668831], [-59.983912, -33.668905], [-59.98382, -33.668979], [-59.983729, -33.669052], [-59.983638, -33.669125], [-59.983547, -33.669198], [-59.983455, -33.669272], [-59.983363, -33.669345], [-59.983272, -33.669418], [-59.983182, -33.66949], [-59.98309, -33.669564], [-59.983, -33.669636], [-59.982908, -33.669709], [-59.982816, -33.669783], [-59.982725, -33.669857], [-59.982638, -33.669927], [-59.982546, -33.67], [-59.982454, -33.670074], [-59.982362, -33.670147], [-59.982273, -33.670219], [-59.982181, -33.670293], [-59.98209, -33.670367], [-59.981999, -33.67044], [-59.98191, -33.670512], [-59.981818, -33.670585], [-59.981726, -33.670659], [-59.981634, -33.670733], [-59.981541, -33.670806], [-59.981453, -33.670876], [-59.981366, -33.670945], [-59.981275, -33.671018], [-59.981186, -33.671089], [-59.981096, -33.671161], [-59.981005, -33.671234], [-59.980915, -33.671307], [-59.980823, -33.671381], [-59.980731, -33.671454], [-59.980639, -33.671528], [-59.980548, -33.6716], [-59.980457, -33.671673], [-59.980367, -33.671746], [-59.980275, -33.671819], [-59.980184, -33.671893], [-59.980092, -33.671967], [-59.98, -33.672041], [-59.979907, -33.672114], [-59.979816, -33.672186], [-59.979726, -33.672258], [-59.979634, -33.672331], [-59.979542, -33.672404], [-59.979449, -33.672477], [-59.979357, -33.672551], [-59.979265, -33.672625], [-59.979174, -33.672698], [-59.979082, -33.672771], [-59.979041, -33.672804], [-59.978949, -33.672878], [-59.978857, -33.672951], [-59.978766, -33.673025], [-59.978674, -33.673098], [-59.978582, -33.673172], [-59.978493, -33.673244], [-59.978416, -33.673306], [-59.978324, -33.67338], [-59.978234, -33.673452], [-59.978142, -33.673525], [-59.978053, -33.673597], [-59.977962, -33.673671], [-59.97787, -33.673745], [-59.977779, -33.673818], [-59.977688, -33.673892], [-59.977598, -33.673965], [-59.977508, -33.674038], [-59.977417, -33.674112], [-59.977339, -33.674174], [-59.977247, -33.674248], [-59.977158, -33.674319], [-59.977068, -33.674392], [-59.976977, -33.674465], [-59.976886, -33.674538], [-59.976795, -33.674612], [-59.976704, -33.674685], [-59.976613, -33.674759], [-59.976521, -33.674833], [-59.976429, -33.674906], [-59.976337, -33.67498], [-59.976245, -33.675054], [-59.976157, -33.675124], [-59.976065, -33.675198], [-59.975974, -33.675271], [-59.975882, -33.675345], [-59.975791, -33.67542], [-59.975699, -33.675493], [-59.975614, -33.675561], [-59.975527, -33.67563], [-59.975436, -33.675704], [-59.975344, -33.675777], [-59.975253, -33.67585], [-59.975161, -33.675924], [-59.975069, -33.675997], [-59.974978, -33.67607], [-59.974887, -33.676143], [-59.974796, -33.676216], [-59.974705, -33.676289], [-59.974613, -33.676363], [-59.974521, -33.676437], [-59.974429, -33.676511], [-59.974338, -33.676584], [-59.974246, -33.676658], [-59.974156, -33.676731], [-59.974066, -33.676804], [-59.973974, -33.676878], [-59.973883, -33.67695], [-59.973792, -33.677024], [-59.9737, -33.677097], [-59.973608, -33.677171], [-59.973516, -33.677244], [-59.973425, -33.677317], [-59.973334, -33.67739], [-59.973243, -33.677463], [-59.973152, -33.677537], [-59.97306, -33.677611], [-59.972968, -33.677685], [-59.972877, -33.677758], [-59.972785, -33.677832], [-59.972693, -33.677905], [-59.972601, -33.677978], [-59.972508, -33.678052], [-59.972417, -33.678124], [-59.972325, -33.678197], [-59.972234, -33.67827], [-59.972142, -33.678343], [-59.97205, -33.678416], [-59.971959, -33.678488], [-59.971868, -33.67856], [-59.971776, -33.678633], [-59.971684, -33.678706], [-59.97159, -33.678778], [-59.971486, -33.67884], [-59.971379, -33.678896], [-59.971272, -33.678953], [-59.971164, -33.679011], [-59.971057, -33.679068], [-59.97095, -33.679125], [-59.970844, -33.67918], [-59.970737, -33.679236], [-59.970631, -33.679293], [-59.970524, -33.67935], [-59.970417, -33.679407], [-59.97031, -33.679464], [-59.970203, -33.67952], [-59.970096, -33.679577], [-59.969989, -33.679634], [-59.969883, -33.67969], [-59.969777, -33.679746], [-59.969727, -33.679773], [-59.969674, -33.679801], [-59.969634, -33.679823], [-59.969588, -33.679848], [-59.969537, -33.679874], [-59.969486, -33.679902], [-59.969435, -33.679928], [-59.969383, -33.679956], [-59.96933, -33.679984], [-59.969277, -33.680012], [-59.969225, -33.68004], [-59.969176, -33.680066], [-59.969122, -33.680095], [-59.969068, -33.680124], [-59.969016, -33.680151], [-59.968965, -33.680179], [-59.968913, -33.680206], [-59.96886, -33.680233], [-59.968808, -33.680261], [-59.96876, -33.680286], [-59.968709, -33.680313], [-59.968656, -33.680341], [-59.968606, -33.680367], [-59.968553, -33.680395], [-59.968501, -33.680423], [-59.96845, -33.68045], [-59.968398, -33.680478], [-59.968347, -33.680506], [-59.968295, -33.680533], [-59.968244, -33.680561], [-59.968194, -33.680587], [-59.968142, -33.680615], [-59.968035, -33.680672], [-59.967928, -33.68073], [-59.967822, -33.680786], [-59.967715, -33.680844], [-59.967608, -33.680901], [-59.967501, -33.680958], [-59.967393, -33.681014], [-59.967285, -33.681071], [-59.967177, -33.681127], [-59.967069, -33.681184], [-59.966962, -33.681241], [-59.966854, -33.681298], [-59.966747, -33.681353], [-59.966646, -33.681419], [-59.966553, -33.681487], [-59.966457, -33.681557], [-59.966388, -33.681611], [-59.966296, -33.681681], [-59.9662, -33.681752], [-59.966105, -33.681822], [-59.96601, -33.681892], [-59.965918, -33.681962], [-59.965823, -33.682032], [-59.965731, -33.682101], [-59.965636, -33.682171], [-59.965541, -33.682241], [-59.965446, -33.682312], [-59.965351, -33.682382], [-59.965256, -33.682452], [-59.965163, -33.682521], [-59.965068, -33.682592], [-59.964973, -33.682663], [-59.964877, -33.682733], [-59.964782, -33.682803], [-59.964686, -33.682873], [-59.964591, -33.682944], [-59.964496, -33.683014], [-59.964401, -33.683085], [-59.964306, -33.683155], [-59.964211, -33.683226], [-59.964115, -33.683296], [-59.96402, -33.683367], [-59.963925, -33.683438], [-59.96383, -33.683508], [-59.963735, -33.683579], [-59.96364, -33.68365], [-59.963544, -33.68372], [-59.963449, -33.683791], [-59.963354, -33.683861], [-59.963261, -33.68393], [-59.963166, -33.684001], [-59.963071, -33.68407], [-59.962975, -33.684141], [-59.96288, -33.684211], [-59.962786, -33.68428], [-59.962691, -33.68435], [-59.962596, -33.684421], [-59.962501, -33.684491], [-59.962406, -33.684561], [-59.962312, -33.684631], [-59.962217, -33.684702], [-59.962122, -33.684773], [-59.962029, -33.684843], [-59.961934, -33.684914], [-59.961838, -33.684984], [-59.961743, -33.685055], [-59.961647, -33.685126], [-59.961552, -33.685197], [-59.961457, -33.685267], [-59.961362, -33.685337], [-59.961267, -33.685408], [-59.961173, -33.685479], [-59.961078, -33.685549], [-59.960983, -33.685619], [-59.960886, -33.685689], [-59.960791, -33.685759], [-59.960696, -33.685828], [-59.960603, -33.685898], [-59.960509, -33.685968], [-59.960414, -33.686039], [-59.96032, -33.68611], [-59.960225, -33.686181], [-59.960132, -33.68625], [-59.960038, -33.686321], [-59.959942, -33.686391], [-59.959847, -33.686462], [-59.959753, -33.686531], [-59.959658, -33.686602], [-59.959563, -33.686672], [-59.959468, -33.686743], [-59.959373, -33.686814], [-59.959279, -33.686884], [-59.959185, -33.686954], [-59.959093, -33.687023], [-59.958998, -33.687093], [-59.958907, -33.687161], [-59.958811, -33.687232], [-59.958716, -33.687303], [-59.958621, -33.687374], [-59.958527, -33.687444], [-59.958434, -33.687514], [-59.958338, -33.687585], [-59.958243, -33.687655], [-59.958148, -33.687725], [-59.958053, -33.687796], [-59.957957, -33.687867], [-59.957864, -33.687936], [-59.957768, -33.688006], [-59.957673, -33.688077], [-59.957586, -33.688142], [-59.957491, -33.688212], [-59.957395, -33.688283], [-59.9573, -33.688353], [-59.957206, -33.688423], [-59.957112, -33.688493], [-59.957017, -33.688563], [-59.956922, -33.688634], [-59.956827, -33.688704], [-59.956739, -33.688769], [-59.956644, -33.688839], [-59.956549, -33.688909], [-59.956454, -33.68898], [-59.956359, -33.689051], [-59.956264, -33.689121], [-59.956169, -33.689192], [-59.956074, -33.689262], [-59.955979, -33.689333], [-59.955885, -33.689403], [-59.955791, -33.689474], [-59.955699, -33.689542], [-59.955604, -33.689612], [-59.955509, -33.689683], [-59.955415, -33.689753], [-59.955321, -33.689825], [-59.955225, -33.689896], [-59.95513, -33.689966], [-59.95504, -33.690033], [-59.955031, -33.690039], [-59.954935, -33.690109], [-59.95484, -33.690178], [-59.954745, -33.690249], [-59.954649, -33.69032], [-59.954604, -33.690354], [-59.954557, -33.690388], [-59.954509, -33.690424], [-59.954461, -33.690459], [-59.954366, -33.69053], [-59.954272, -33.6906], [-59.954177, -33.69067], [-59.954081, -33.69074], [-59.953985, -33.690811], [-59.95389, -33.690882], [-59.953796, -33.690951], [-59.953701, -33.691023], [-59.953607, -33.691094], [-59.953512, -33.691165], [-59.953417, -33.691236], [-59.953321, -33.691307], [-59.953227, -33.691378], [-59.953133, -33.691449], [-59.953049, -33.691513], [-59.952955, -33.691585], [-59.952862, -33.691657], [-59.952769, -33.691729], [-59.952675, -33.691802], [-59.952582, -33.691874], [-59.952491, -33.691944], [-59.952398, -33.692017], [-59.952305, -33.692089], [-59.952214, -33.69216], [-59.952121, -33.692233], [-59.952028, -33.692304], [-59.951935, -33.692375], [-59.951845, -33.692445], [-59.951752, -33.692516], [-59.951658, -33.692588], [-59.951567, -33.692659], [-59.951473, -33.69273], [-59.951381, -33.692802], [-59.951288, -33.692874], [-59.951194, -33.692947], [-59.951102, -33.693019], [-59.95101, -33.69309], [-59.950917, -33.693163], [-59.950825, -33.693236], [-59.950732, -33.693307], [-59.950639, -33.69338], [-59.950545, -33.693452], [-59.950452, -33.693523], [-59.950359, -33.693595], [-59.950267, -33.693667], [-59.950174, -33.693739], [-59.950081, -33.693812], [-59.949987, -33.693884], [-59.949894, -33.693956], [-59.949807, -33.694024], [-59.949714, -33.694095], [-59.949626, -33.694164], [-59.949532, -33.694236], [-59.949465, -33.694288], [-59.949374, -33.694359], [-59.94928, -33.69443], [-59.949189, -33.694499], [-59.949094, -33.69457], [-59.948999, -33.694641], [-59.948903, -33.694711], [-59.948812, -33.694778], [-59.948717, -33.694849], [-59.948622, -33.694919], [-59.94853, -33.694987], [-59.948436, -33.695057], [-59.948341, -33.695128], [-59.948245, -33.695198], [-59.94815, -33.695268], [-59.948056, -33.695336], [-59.94796, -33.695406], [-59.947864, -33.695477], [-59.947768, -33.695547], [-59.947674, -33.695617], [-59.947578, -33.695687], [-59.947483, -33.695757], [-59.947389, -33.695827], [-59.947294, -33.695897], [-59.947198, -33.695967], [-59.947102, -33.696037], [-59.947006, -33.696107], [-59.94691, -33.696178], [-59.946814, -33.696248], [-59.946719, -33.696318], [-59.946623, -33.696389], [-59.946528, -33.696459], [-59.946432, -33.696529], [-59.946337, -33.6966], [-59.946242, -33.69667], [-59.946146, -33.696741], [-59.946052, -33.69681], [-59.945957, -33.69688], [-59.945862, -33.69695], [-59.945767, -33.697019], [-59.945671, -33.697089], [-59.945575, -33.69716], [-59.94548, -33.69723], [-59.945384, -33.6973], [-59.945288, -33.697369], [-59.945195, -33.697437], [-59.945099, -33.697508], [-59.945004, -33.697577], [-59.944909, -33.697647], [-59.944817, -33.697714], [-59.944721, -33.697784], [-59.944625, -33.697854], [-59.944529, -33.697924], [-59.944433, -33.697994], [-59.944338, -33.698064], [-59.944244, -33.698133], [-59.944148, -33.698204], [-59.944052, -33.698274], [-59.943957, -33.698344], [-59.943861, -33.698414], [-59.943818, -33.698446], [-59.943723, -33.698515], [-59.943628, -33.698585], [-59.943532, -33.698655], [-59.943436, -33.698725], [-59.94337, -33.698774], [-59.943275, -33.698843], [-59.94318, -33.698913], [-59.943085, -33.698983], [-59.942991, -33.699053], [-59.942896, -33.699123], [-59.942801, -33.699194], [-59.942706, -33.699264], [-59.942611, -33.699334], [-59.942516, -33.699405], [-59.942421, -33.699475], [-59.942327, -33.699544], [-59.942232, -33.699614], [-59.942137, -33.699683], [-59.94204, -33.699753], [-59.941945, -33.699823], [-59.941849, -33.699893], [-59.941753, -33.699963], [-59.941658, -33.700033], [-59.941562, -33.700103], [-59.941466, -33.700173], [-59.941371, -33.700243], [-59.941276, -33.700314], [-59.941181, -33.700384], [-59.941085, -33.700454], [-59.940991, -33.700524], [-59.940897, -33.700593], [-59.940801, -33.700664], [-59.940706, -33.700734], [-59.940613, -33.700804], [-59.940518, -33.700874], [-59.940423, -33.700944], [-59.940328, -33.701014], [-59.940233, -33.701084], [-59.940137, -33.701153], [-59.940042, -33.701224], [-59.939946, -33.701294], [-59.939852, -33.701364], [-59.939757, -33.701434], [-59.939662, -33.701504], [-59.939566, -33.701574], [-59.93947, -33.701644], [-59.939375, -33.701714], [-59.93928, -33.701785], [-59.939185, -33.701855], [-59.93909, -33.701926], [-59.938995, -33.701997], [-59.9389, -33.702068], [-59.938804, -33.702138], [-59.938709, -33.702209], [-59.93862, -33.702275], [-59.938525, -33.702345], [-59.938429, -33.702416], [-59.938333, -33.702486], [-59.938239, -33.702556], [-59.938144, -33.702626], [-59.938049, -33.702696], [-59.937954, -33.702767], [-59.937858, -33.702837], [-59.937763, -33.702908], [-59.937696, -33.702957], [-59.9376, -33.703028], [-59.937504, -33.703098], [-59.937409, -33.703168], [-59.937313, -33.703238], [-59.937218, -33.703308], [-59.937123, -33.703378], [-59.937028, -33.703449], [-59.936933, -33.703519], [-59.936838, -33.703589], [-59.936742, -33.70366], [-59.936647, -33.70373], [-59.936552, -33.7038], [-59.936457, -33.703869], [-59.936362, -33.70394], [-59.936267, -33.70401], [-59.936177, -33.704076], [-59.936081, -33.704146], [-59.935986, -33.704216], [-59.935891, -33.704286], [-59.935796, -33.704356], [-59.9357, -33.704427], [-59.935605, -33.704496], [-59.93551, -33.704567], [-59.935415, -33.704637], [-59.93532, -33.704706], [-59.935224, -33.704776], [-59.935129, -33.704847], [-59.935034, -33.704917], [-59.934939, -33.704988], [-59.934844, -33.705058], [-59.934749, -33.705129], [-59.934654, -33.705199], [-59.934559, -33.70527], [-59.934463, -33.70534], [-59.934367, -33.705411], [-59.934272, -33.705481], [-59.934177, -33.70555], [-59.934082, -33.705621], [-59.933987, -33.705691], [-59.933891, -33.705761], [-59.933797, -33.70583], [-59.933702, -33.7059], [-59.933606, -33.70597], [-59.933511, -33.70604], [-59.933416, -33.70611], [-59.93332, -33.70618], [-59.933225, -33.70625], [-59.933129, -33.70632], [-59.933034, -33.70639], [-59.932939, -33.70646], [-59.932844, -33.70653], [-59.932749, -33.706601], [-59.932656, -33.706669], [-59.932561, -33.706739], [-59.932466, -33.706809], [-59.932371, -33.706879], [-59.932276, -33.70695], [-59.932181, -33.70702], [-59.932088, -33.70709], [-59.931993, -33.707161], [-59.931897, -33.707231], [-59.931802, -33.707301], [-59.931706, -33.707371], [-59.93161, -33.707441], [-59.931515, -33.707512], [-59.931421, -33.707582], [-59.931326, -33.707653], [-59.931231, -33.707724], [-59.931135, -33.707794], [-59.93104, -33.707865], [-59.930944, -33.707935], [-59.930849, -33.708006], [-59.930754, -33.708076], [-59.930659, -33.708145], [-59.930563, -33.708215], [-59.930467, -33.708286], [-59.930372, -33.708356], [-59.930276, -33.708427], [-59.930182, -33.708497], [-59.930087, -33.708568], [-59.929992, -33.708638], [-59.929897, -33.708708], [-59.929801, -33.708778], [-59.929706, -33.708848], [-59.92961, -33.708918], [-59.929514, -33.708988], [-59.929419, -33.709058], [-59.929323, -33.709128], [-59.929228, -33.709198], [-59.929134, -33.709267], [-59.929038, -33.709337], [-59.928942, -33.709407], [-59.928846, -33.709476], [-59.928752, -33.709546], [-59.928657, -33.709615], [-59.928561, -33.709686], [-59.928466, -33.709755], [-59.92837, -33.709826], [-59.928276, -33.709896], [-59.92818, -33.709966], [-59.928086, -33.710036], [-59.927991, -33.710107], [-59.927897, -33.710176], [-59.927802, -33.710247], [-59.927706, -33.710317], [-59.927611, -33.710388], [-59.927516, -33.710459], [-59.927421, -33.710529], [-59.927326, -33.7106], [-59.927231, -33.710671], [-59.927137, -33.710739], [-59.927045, -33.710807], [-59.926951, -33.710877], [-59.926857, -33.710948], [-59.926762, -33.711018], [-59.926668, -33.711089], [-59.926574, -33.711161], [-59.926481, -33.711233], [-59.926388, -33.711305], [-59.926295, -33.711377], [-59.926202, -33.71145], [-59.926109, -33.711522], [-59.926016, -33.711594], [-59.925923, -33.711667], [-59.925829, -33.711739], [-59.925737, -33.711811], [-59.925644, -33.711883], [-59.925551, -33.711956], [-59.925459, -33.712029], [-59.925366, -33.712103], [-59.925272, -33.712176], [-59.925179, -33.712248], [-59.925086, -33.712321], [-59.924994, -33.712392], [-59.924908, -33.71246], [-59.924815, -33.712533], [-59.924722, -33.712605], [-59.92463, -33.712677], [-59.924537, -33.71275], [-59.924444, -33.712822], [-59.924352, -33.712895], [-59.924261, -33.712966], [-59.924169, -33.713039], [-59.924076, -33.713112], [-59.923984, -33.713185], [-59.923892, -33.713258], [-59.9238, -33.71333], [-59.923708, -33.713402], [-59.923615, -33.713475], [-59.923522, -33.713547], [-59.923429, -33.71362], [-59.923336, -33.713692], [-59.923243, -33.713765], [-59.923152, -33.713835], [-59.923059, -33.713908], [-59.922966, -33.71398], [-59.922873, -33.714053], [-59.92278, -33.714125], [-59.922687, -33.714198], [-59.922595, -33.714271], [-59.922502, -33.714343], [-59.922409, -33.714416], [-59.922317, -33.714489], [-59.922224, -33.714562], [-59.922131, -33.714634], [-59.922038, -33.714707], [-59.921945, -33.714779], [-59.921889, -33.714823], [-59.921796, -33.714895], [-59.921704, -33.714967], [-59.921611, -33.71504], [-59.921518, -33.715112], [-59.921425, -33.715185], [-59.921333, -33.715258], [-59.92124, -33.715331], [-59.921148, -33.715403], [-59.921056, -33.715475], [-59.920963, -33.715548], [-59.92087, -33.715621], [-59.920778, -33.715693], [-59.920685, -33.715766], [-59.920592, -33.715838], [-59.9205, -33.71591], [-59.920408, -33.715983], [-59.920315, -33.716056], [-59.920222, -33.716129], [-59.92013, -33.716202], [-59.920037, -33.716275], [-59.919944, -33.716348], [-59.919851, -33.716421], [-59.91976, -33.716492], [-59.919668, -33.716565], [-59.919575, -33.716638], [-59.919481, -33.71671], [-59.919388, -33.716783], [-59.919295, -33.716856], [-59.919202, -33.716928], [-59.919109, -33.717001], [-59.919017, -33.717074], [-59.918925, -33.717147], [-59.918832, -33.717219], [-59.91874, -33.717292], [-59.918648, -33.717365], [-59.918556, -33.717438], [-59.918465, -33.717509], [-59.918372, -33.717582], [-59.918279, -33.717654], [-59.918192, -33.717722], [-59.918101, -33.717795], [-59.918009, -33.717867], [-59.917919, -33.717938], [-59.917829, -33.71801], [-59.917736, -33.718083], [-59.917644, -33.718155], [-59.917552, -33.718227], [-59.917462, -33.718299], [-59.917369, -33.718372], [-59.917277, -33.718444], [-59.917184, -33.718516], [-59.917092, -33.718588], [-59.917002, -33.718659], [-59.91691, -33.718732], [-59.916817, -33.718805], [-59.916725, -33.718877], [-59.916635, -33.718947], [-59.916542, -33.71902], [-59.916449, -33.719093], [-59.916356, -33.719165], [-59.916264, -33.719238], [-59.916172, -33.71931], [-59.916079, -33.719383], [-59.915988, -33.719456], [-59.915896, -33.719528], [-59.915803, -33.719601], [-59.91571, -33.719674], [-59.915618, -33.719746], [-59.915526, -33.719819], [-59.915433, -33.719892], [-59.91534, -33.719965], [-59.915247, -33.720037], [-59.915155, -33.720109], [-59.915063, -33.720182], [-59.914971, -33.720255], [-59.914879, -33.720329], [-59.914787, -33.720403], [-59.914695, -33.720476], [-59.914602, -33.720548], [-59.914509, -33.720621], [-59.914417, -33.720694], [-59.914324, -33.720766], [-59.914231, -33.720839], [-59.914138, -33.720912], [-59.914045, -33.720984], [-59.913954, -33.721057], [-59.913861, -33.72113], [-59.913769, -33.721204], [-59.913677, -33.721277], [-59.913586, -33.721349], [-59.913494, -33.721422], [-59.913402, -33.721495], [-59.913309, -33.721568], [-59.913216, -33.721641], [-59.913124, -33.721713], [-59.91303, -33.721786], [-59.912938, -33.721858], [-59.912846, -33.721931], [-59.912753, -33.722003], [-59.912661, -33.722075], [-59.912568, -33.722148], [-59.912476, -33.722221], [-59.912384, -33.722295], [-59.912291, -33.722368], [-59.912198, -33.722441], [-59.912106, -33.722512], [-59.912006, -33.722578], [-59.911907, -33.722644], [-59.911897, -33.722651], [-59.911797, -33.722717], [-59.911696, -33.722783], [-59.911649, -33.722815], [-59.9116, -33.722848], [-59.911556, -33.722881], [-59.911516, -33.722913], [-59.911424, -33.722986], [-59.911332, -33.723059], [-59.911243, -33.723129], [-59.911151, -33.723202], [-59.911058, -33.723276], [-59.910966, -33.723349], [-59.910876, -33.723419], [-59.910784, -33.723493], [-59.910691, -33.723566], [-59.910599, -33.723639], [-59.910508, -33.723711], [-59.910418, -33.723782], [-59.910326, -33.723855], [-59.910233, -33.723927], [-59.91014, -33.724], [-59.910048, -33.724072], [-59.909956, -33.724144], [-59.909864, -33.724217], [-59.909771, -33.724289], [-59.909679, -33.724362], [-59.909586, -33.724435], [-59.909494, -33.724507], [-59.909405, -33.724577], [-59.909315, -33.724648], [-59.909223, -33.72472], [-59.909134, -33.72479], [-59.909041, -33.724863], [-59.90895, -33.724934], [-59.908858, -33.725007], [-59.908765, -33.72508], [-59.908673, -33.725152], [-59.908579, -33.725225], [-59.908487, -33.725296], [-59.908394, -33.725369], [-59.908301, -33.725441], [-59.908207, -33.725514], [-59.908116, -33.725586], [-59.908024, -33.725658], [-59.907931, -33.725731], [-59.907838, -33.725804], [-59.907745, -33.725876], [-59.907652, -33.725948], [-59.907561, -33.726019], [-59.907469, -33.726091], [-59.907376, -33.726164], [-59.907284, -33.726236], [-59.907191, -33.726309], [-59.907099, -33.726382], [-59.907006, -33.726455], [-59.906914, -33.726528], [-59.906821, -33.726601], [-59.906728, -33.726673], [-59.906635, -33.726745], [-59.906542, -33.726818], [-59.906451, -33.726889], [-59.906359, -33.726962], [-59.906266, -33.727034], [-59.906174, -33.727106], [-59.906081, -33.727178], [-59.905988, -33.727251], [-59.905895, -33.727324], [-59.905804, -33.727395], [-59.905737, -33.727447], [-59.905644, -33.72752], [-59.905552, -33.727592], [-59.905459, -33.727665], [-59.905371, -33.727734], [-59.905278, -33.727807], [-59.905185, -33.727879], [-59.905093, -33.72795], [-59.905001, -33.728021], [-59.904908, -33.728093], [-59.904816, -33.728164], [-59.904722, -33.728237], [-59.904631, -33.728308], [-59.90454, -33.72838], [-59.904448, -33.728452], [-59.904358, -33.728523], [-59.904266, -33.728595], [-59.904176, -33.728665], [-59.904085, -33.728737], [-59.903992, -33.72881], [-59.903899, -33.728882], [-59.903806, -33.728955], [-59.903714, -33.729027], [-59.903622, -33.729099], [-59.903529, -33.729171], [-59.903436, -33.729244], [-59.903344, -33.729316], [-59.903251, -33.729389], [-59.903158, -33.729462], [-59.903066, -33.729533], [-59.902973, -33.729606], [-59.90288, -33.729678], [-59.902787, -33.72975], [-59.902697, -33.72982], [-59.902604, -33.729893], [-59.902511, -33.729965], [-59.902418, -33.730038], [-59.902324, -33.730111], [-59.902231, -33.730183], [-59.902137, -33.730256], [-59.902045, -33.730329], [-59.901952, -33.730401], [-59.901862, -33.730471], [-59.90177, -33.730543], [-59.901679, -33.730614], [-59.901587, -33.730686], [-59.901496, -33.730757], [-59.901403, -33.73083], [-59.90131, -33.730903], [-59.901218, -33.730976], [-59.901128, -33.731046], [-59.901037, -33.731118], [-59.900945, -33.73119], [-59.900852, -33.731263], [-59.900759, -33.731336], [-59.900666, -33.731408], [-59.900574, -33.731479], [-59.900481, -33.731552], [-59.900388, -33.731624], [-59.900296, -33.731696], [-59.900203, -33.731769], [-59.90011, -33.731841], [-59.900018, -33.731912], [-59.899928, -33.731982], [-59.899835, -33.732055], [-59.899743, -33.732127], [-59.899654, -33.732197], [-59.899562, -33.73227], [-59.899469, -33.732343], [-59.899378, -33.732415], [-59.899287, -33.732486], [-59.899194, -33.732559], [-59.899101, -33.732631], [-59.899008, -33.732703], [-59.898917, -33.732774], [-59.898825, -33.732847], [-59.898733, -33.732919], [-59.89864, -33.732992], [-59.898548, -33.733063], [-59.898455, -33.733135], [-59.898362, -33.733208], [-59.89827, -33.73328], [-59.898178, -33.733353], [-59.898085, -33.733426], [-59.897993, -33.733499], [-59.8979, -33.733572], [-59.897808, -33.733645], [-59.897716, -33.733718], [-59.897623, -33.733791], [-59.897531, -33.733863], [-59.897437, -33.733936], [-59.897345, -33.734009], [-59.897253, -33.734081], [-59.897162, -33.734153], [-59.897069, -33.734226], [-59.896975, -33.734299], [-59.896882, -33.734371], [-59.896789, -33.734443], [-59.896696, -33.734516], [-59.896603, -33.734588], [-59.896509, -33.734661], [-59.896418, -33.734733], [-59.896327, -33.734804], [-59.896234, -33.734877], [-59.896141, -33.734949], [-59.896048, -33.735022], [-59.895956, -33.735094], [-59.895863, -33.735167], [-59.895774, -33.735237], [-59.895705, -33.735291], [-59.895613, -33.735364], [-59.895521, -33.735437], [-59.895429, -33.73551], [-59.895336, -33.735583], [-59.895243, -33.735656], [-59.89515, -33.735728], [-59.895057, -33.735801], [-59.894966, -33.735872], [-59.894873, -33.735945], [-59.89478, -33.736018], [-59.894694, -33.736085], [-59.894602, -33.736158], [-59.894511, -33.736229], [-59.894418, -33.736302], [-59.894325, -33.736375], [-59.894233, -33.736445], [-59.89414, -33.736517], [-59.894047, -33.73659], [-59.893987, -33.736636], [-59.893895, -33.736708], [-59.893818, -33.736769], [-59.893724, -33.736841], [-59.89363, -33.736914], [-59.893537, -33.736986], [-59.893445, -33.737059], [-59.893351, -33.737131], [-59.893258, -33.737204], [-59.893165, -33.737275], [-59.893072, -33.737347], [-59.892979, -33.737419], [-59.892887, -33.73749], [-59.892794, -33.737563], [-59.8927, -33.737636], [-59.892609, -33.737708], [-59.892516, -33.73778], [-59.892425, -33.737852], [-59.892333, -33.737924], [-59.89224, -33.737996], [-59.892147, -33.738069], [-59.892056, -33.73814], [-59.891964, -33.738212], [-59.891871, -33.738283], [-59.891828, -33.738317], [-59.891748, -33.738378], [-59.891704, -33.738412], [-59.891691, -33.738423], [-59.891647, -33.738457], [-59.891579, -33.738511], [-59.891486, -33.738585], [-59.891392, -33.738657], [-59.891299, -33.73873], [-59.891205, -33.738802], [-59.891134, -33.738857], [-59.891041, -33.73893], [-59.890948, -33.739002], [-59.890854, -33.739075], [-59.890762, -33.739147], [-59.890669, -33.73922], [-59.890575, -33.739293], [-59.890483, -33.739366], [-59.890391, -33.739439], [-59.890298, -33.739513], [-59.890205, -33.739585], [-59.890112, -33.739658], [-59.890019, -33.739731], [-59.889926, -33.739804], [-59.889833, -33.739876], [-59.889739, -33.739949], [-59.889646, -33.740021], [-59.889554, -33.740093], [-59.889461, -33.740166], [-59.889368, -33.740239], [-59.889275, -33.740312], [-59.889182, -33.740385], [-59.88909, -33.740457], [-59.888996, -33.74053], [-59.888906, -33.740601], [-59.888813, -33.740674], [-59.88872, -33.740747], [-59.888628, -33.740818], [-59.888535, -33.740891], [-59.888443, -33.740963], [-59.888351, -33.741034], [-59.888259, -33.741106], [-59.888167, -33.741178], [-59.888074, -33.741251], [-59.887981, -33.741323], [-59.887888, -33.741396], [-59.887797, -33.741467], [-59.887706, -33.741538], [-59.887614, -33.741609], [-59.887521, -33.741683], [-59.887429, -33.741755], [-59.887335, -33.741828], [-59.887242, -33.7419], [-59.887149, -33.741973], [-59.887058, -33.742044], [-59.886964, -33.742117], [-59.886871, -33.742188], [-59.886778, -33.74226], [-59.886684, -33.742332], [-59.886589, -33.742404], [-59.886498, -33.742475], [-59.886406, -33.742547], [-59.886313, -33.742619], [-59.88622, -33.742692], [-59.886128, -33.742765], [-59.886035, -33.742839], [-59.885942, -33.742913], [-59.885849, -33.742986], [-59.885756, -33.743059], [-59.885664, -33.743131], [-59.885572, -33.743204], [-59.885479, -33.743278], [-59.885386, -33.743351], [-59.885293, -33.743423], [-59.8852, -33.743496], [-59.885106, -33.743569], [-59.885013, -33.743641], [-59.884923, -33.743711], [-59.884829, -33.743784], [-59.884736, -33.743857], [-59.884643, -33.74393], [-59.884551, -33.744002], [-59.884457, -33.744075], [-59.884366, -33.744147], [-59.884275, -33.744219], [-59.884182, -33.744293], [-59.884091, -33.744364], [-59.884011, -33.744427], [-59.883919, -33.7445], [-59.883826, -33.744573], [-59.883736, -33.744644], [-59.883642, -33.744717], [-59.88355, -33.744789], [-59.883459, -33.744861], [-59.883367, -33.744933], [-59.883274, -33.745006], [-59.88318, -33.745079], [-59.883087, -33.745152], [-59.882996, -33.745223], [-59.882902, -33.745296], [-59.882809, -33.745369], [-59.88272, -33.74544], [-59.882627, -33.745512], [-59.882537, -33.745583], [-59.882444, -33.745656], [-59.882351, -33.745729], [-59.882259, -33.745801], [-59.882167, -33.745873], [-59.882074, -33.745946], [-59.881981, -33.74602], [-59.881888, -33.746092], [-59.881795, -33.746165], [-59.881701, -33.746237], [-59.881609, -33.746309], [-59.881518, -33.746381], [-59.881425, -33.746453], [-59.881333, -33.746526], [-59.881241, -33.746598], [-59.881149, -33.74667], [-59.881056, -33.746743], [-59.880967, -33.746812], [-59.880874, -33.746885], [-59.880782, -33.746957], [-59.88069, -33.74703], [-59.880598, -33.747102], [-59.880504, -33.747175], [-59.880411, -33.747248], [-59.880318, -33.747321], [-59.880225, -33.747394], [-59.880132, -33.747468], [-59.880039, -33.747541], [-59.879951, -33.747611], [-59.879858, -33.747685], [-59.879765, -33.747758], [-59.879672, -33.747831], [-59.879579, -33.747905], [-59.879496, -33.747969], [-59.879403, -33.748042], [-59.879309, -33.748115], [-59.879216, -33.748188], [-59.879123, -33.748261], [-59.879029, -33.748334], [-59.878936, -33.748407], [-59.878843, -33.748479], [-59.878751, -33.748552], [-59.878657, -33.748625], [-59.878564, -33.748698], [-59.878471, -33.74877], [-59.87838, -33.748842], [-59.878294, -33.74891], [-59.878203, -33.74898], [-59.87811, -33.749054], [-59.87802, -33.749124], [-59.877927, -33.749197], [-59.877833, -33.74927], [-59.87774, -33.749344], [-59.877648, -33.749417], [-59.877555, -33.74949], [-59.877464, -33.749562], [-59.877371, -33.749635], [-59.877278, -33.749708], [-59.877185, -33.749781], [-59.877094, -33.749853], [-59.877, -33.749926], [-59.87692, -33.749989], [-59.876828, -33.750061], [-59.876736, -33.750135], [-59.876644, -33.750208], [-59.876552, -33.75028], [-59.876459, -33.750353], [-59.876368, -33.750425], [-59.876277, -33.750497], [-59.876187, -33.750571], [-59.876169, -33.750585], [-59.876083, -33.750654], [-59.875992, -33.750728], [-59.875901, -33.750802], [-59.875811, -33.750875], [-59.875719, -33.750948], [-59.875628, -33.751023], [-59.875537, -33.751096], [-59.875446, -33.75117], [-59.875354, -33.751244], [-59.875263, -33.751318], [-59.875172, -33.751392], [-59.875081, -33.751466], [-59.874989, -33.75154], [-59.874899, -33.751613], [-59.874809, -33.751686], [-59.874717, -33.75176], [-59.874626, -33.751835], [-59.874535, -33.751909], [-59.874444, -33.751984], [-59.874353, -33.752058], [-59.874261, -33.752132], [-59.87417, -33.752206], [-59.874079, -33.75228], [-59.873987, -33.752353], [-59.873895, -33.752427], [-59.873805, -33.7525], [-59.873716, -33.752573], [-59.873625, -33.752647], [-59.873534, -33.752721], [-59.873444, -33.752794], [-59.873353, -33.752867], [-59.873261, -33.75294], [-59.873169, -33.753014], [-59.873078, -33.753089], [-59.872988, -33.753161], [-59.872897, -33.753235], [-59.872805, -33.75331], [-59.872714, -33.753384], [-59.872622, -33.753459], [-59.87253, -33.753533], [-59.872438, -33.753607], [-59.872346, -33.753681], [-59.872255, -33.753755], [-59.872163, -33.753829], [-59.872072, -33.753903], [-59.87198, -33.753977], [-59.87189, -33.754051], [-59.871799, -33.754124], [-59.871708, -33.754198], [-59.871617, -33.754272], [-59.871527, -33.754345], [-59.871435, -33.754419], [-59.871343, -33.754494], [-59.871252, -33.754568], [-59.871161, -33.754642], [-59.87107, -33.754716], [-59.870979, -33.75479], [-59.870887, -33.754864], [-59.870795, -33.754938], [-59.870704, -33.755012], [-59.870612, -33.755086], [-59.870521, -33.755159], [-59.870428, -33.755233], [-59.870338, -33.755306], [-59.870247, -33.755378], [-59.870155, -33.755451], [-59.870063, -33.755525], [-59.869977, -33.755596], [-59.869885, -33.755669], [-59.869793, -33.755743], [-59.869701, -33.755817], [-59.869609, -33.755891], [-59.869518, -33.755965], [-59.869426, -33.756039], [-59.869335, -33.756111], [-59.869244, -33.756185], [-59.869152, -33.756259], [-59.869061, -33.756333], [-59.868969, -33.756407], [-59.868878, -33.75648], [-59.868786, -33.756553], [-59.868694, -33.756627], [-59.868603, -33.756701], [-59.868511, -33.756775], [-59.86842, -33.756849], [-59.868329, -33.756922], [-59.868238, -33.756996], [-59.86815, -33.757067], [-59.86806, -33.75714], [-59.867969, -33.757213], [-59.86788, -33.757285], [-59.86781, -33.757342], [-59.867718, -33.757416], [-59.867636, -33.757481], [-59.867545, -33.757555], [-59.867453, -33.757629], [-59.867362, -33.757702], [-59.867274, -33.757773], [-59.867182, -33.757846], [-59.86709, -33.75792], [-59.866999, -33.757994], [-59.866908, -33.758067], [-59.866817, -33.75814], [-59.866725, -33.758214], [-59.866634, -33.758288], [-59.866546, -33.758359], [-59.866454, -33.758433], [-59.866364, -33.758505], [-59.866272, -33.758579], [-59.866181, -33.758652], [-59.86609, -33.758725], [-59.866, -33.758797], [-59.86591, -33.75887], [-59.865818, -33.758944], [-59.865726, -33.759017], [-59.865634, -33.759091], [-59.865543, -33.759164], [-59.865451, -33.759238], [-59.865359, -33.759311], [-59.865267, -33.759385], [-59.865175, -33.759459], [-59.865084, -33.759533], [-59.864992, -33.759608], [-59.8649, -33.759682], [-59.864809, -33.759757], [-59.864726, -33.759826], [-59.864637, -33.7599], [-59.864541, -33.75997], [-59.864437, -33.76003], [-59.864332, -33.760089], [-59.864236, -33.760144], [-59.864132, -33.760204], [-59.864028, -33.760265], [-59.863924, -33.760327], [-59.86382, -33.760389], [-59.863716, -33.760451], [-59.863612, -33.760512], [-59.863507, -33.760574], [-59.863404, -33.760634], [-59.863301, -33.760695], [-59.863196, -33.760757], [-59.863093, -33.760817], [-59.862989, -33.760879], [-59.862885, -33.760941], [-59.862782, -33.761002], [-59.86268, -33.761062], [-59.862576, -33.761123], [-59.862472, -33.761183], [-59.862369, -33.761244], [-59.862265, -33.761306], [-59.862163, -33.761366], [-59.86206, -33.761428], [-59.861956, -33.76149], [-59.861852, -33.761551], [-59.861747, -33.761612], [-59.861645, -33.761672], [-59.861542, -33.761733], [-59.861438, -33.761794], [-59.861335, -33.761854], [-59.861232, -33.761915], [-59.86113, -33.761975], [-59.861026, -33.762037], [-59.860923, -33.762098], [-59.860819, -33.762159], [-59.860715, -33.762221], [-59.860613, -33.762281], [-59.860509, -33.762343], [-59.860405, -33.762404], [-59.860302, -33.762465], [-59.860199, -33.762526], [-59.860095, -33.762587], [-59.859991, -33.762648], [-59.859887, -33.762709], [-59.859784, -33.76277], [-59.85968, -33.762831], [-59.859575, -33.762893], [-59.859474, -33.762953], [-59.859373, -33.763013], [-59.859268, -33.763074], [-59.859165, -33.763135], [-59.859061, -33.763196], [-59.858957, -33.763258], [-59.858854, -33.763319], [-59.85875, -33.763381], [-59.858645, -33.763442], [-59.858543, -33.763502], [-59.858475, -33.763541], [-59.858373, -33.763602], [-59.858338, -33.763623], [-59.858307, -33.763641], [-59.858204, -33.763702], [-59.8581, -33.763764], [-59.857997, -33.763825], [-59.857894, -33.763886], [-59.857791, -33.763946], [-59.857687, -33.764008], [-59.857583, -33.764069], [-59.85748, -33.76413], [-59.857377, -33.764191], [-59.857273, -33.764254], [-59.857168, -33.764315], [-59.857065, -33.764376], [-59.856964, -33.764435], [-59.856859, -33.764496], [-59.856754, -33.764556], [-59.856651, -33.764615], [-59.856547, -33.764676], [-59.856445, -33.764734], [-59.856341, -33.764795], [-59.856237, -33.764855], [-59.856152, -33.764906], [-59.856049, -33.764967], [-59.855946, -33.765029], [-59.855842, -33.765091], [-59.855738, -33.765152], [-59.855634, -33.765214], [-59.855532, -33.765274], [-59.855429, -33.765335], [-59.855325, -33.765395], [-59.855221, -33.765456], [-59.85512, -33.765515], [-59.855016, -33.765576], [-59.854912, -33.765638], [-59.854807, -33.765699], [-59.854702, -33.76576], [-59.854597, -33.76582], [-59.854493, -33.765881], [-59.854389, -33.765942], [-59.854285, -33.766004], [-59.85418, -33.766065], [-59.854077, -33.766125], [-59.853973, -33.766186], [-59.853869, -33.766247], [-59.853771, -33.766304], [-59.853666, -33.766365], [-59.853561, -33.766426], [-59.853457, -33.766487], [-59.853353, -33.766548], [-59.853248, -33.766608], [-59.853143, -33.766669], [-59.853039, -33.766729], [-59.852935, -33.76679], [-59.852832, -33.766851], [-59.852728, -33.766912], [-59.852625, -33.766972], [-59.852521, -33.767033], [-59.852418, -33.767094], [-59.852314, -33.767154], [-59.852211, -33.767214], [-59.852107, -33.767275], [-59.852003, -33.767336], [-59.851898, -33.767397], [-59.851793, -33.767458], [-59.851689, -33.767519], [-59.851585, -33.76758], [-59.85148, -33.767641], [-59.851376, -33.767702], [-59.851271, -33.767763], [-59.851167, -33.767824], [-59.851062, -33.767885], [-59.850957, -33.767946], [-59.850852, -33.768006], [-59.850749, -33.768066], [-59.850649, -33.768124], [-59.850547, -33.768183], [-59.850445, -33.768242], [-59.850344, -33.768301], [-59.850243, -33.768361], [-59.850139, -33.768422], [-59.850036, -33.768481], [-59.849932, -33.768541], [-59.849828, -33.768602], [-59.849723, -33.768663], [-59.84962, -33.768724], [-59.849515, -33.768786], [-59.849411, -33.768847], [-59.849306, -33.768907], [-59.849201, -33.768968], [-59.849096, -33.769029], [-59.848992, -33.76909], [-59.848895, -33.769148], [-59.848791, -33.769209], [-59.848687, -33.76927], [-59.848583, -33.769331], [-59.848478, -33.769393], [-59.848373, -33.769454], [-59.848269, -33.769515], [-59.848166, -33.769575], [-59.848061, -33.769636], [-59.847956, -33.769696], [-59.847851, -33.769757], [-59.847746, -33.769817], [-59.847641, -33.769877], [-59.847537, -33.769938], [-59.847432, -33.769999], [-59.847327, -33.770059], [-59.847226, -33.770117], [-59.847121, -33.770176], [-59.847017, -33.770236], [-59.846913, -33.770296], [-59.846818, -33.770352], [-59.846713, -33.770413], [-59.846609, -33.770475], [-59.846504, -33.770536], [-59.846405, -33.770593], [-59.846302, -33.770654], [-59.846197, -33.770715], [-59.846093, -33.770776], [-59.84599, -33.770836], [-59.845885, -33.770897], [-59.84578, -33.770958], [-59.84568, -33.771017], [-59.845574, -33.771077], [-59.84547, -33.771138], [-59.845366, -33.771198], [-59.845261, -33.771258], [-59.845156, -33.771319], [-59.845052, -33.77138], [-59.844949, -33.771441], [-59.844846, -33.771501], [-59.844742, -33.771562], [-59.844638, -33.771623], [-59.844534, -33.771684], [-59.844429, -33.771745], [-59.844325, -33.771806], [-59.84422, -33.771867], [-59.844116, -33.771928], [-59.844012, -33.771988], [-59.843907, -33.772049], [-59.843803, -33.772109], [-59.843698, -33.77217], [-59.843594, -33.77223], [-59.84349, -33.77229], [-59.843385, -33.772351], [-59.843282, -33.772411], [-59.843177, -33.772471], [-59.843073, -33.772531], [-59.842968, -33.772592], [-59.842865, -33.772652], [-59.84276, -33.772713], [-59.842657, -33.772774], [-59.842552, -33.772835], [-59.842451, -33.772894], [-59.842346, -33.772955], [-59.842242, -33.773016], [-59.842139, -33.773076], [-59.842037, -33.773135], [-59.841933, -33.773195], [-59.841829, -33.773255], [-59.841724, -33.773316], [-59.841619, -33.773376], [-59.841516, -33.773436], [-59.841412, -33.773498], [-59.841308, -33.773558], [-59.841205, -33.773619], [-59.841103, -33.773679], [-59.841, -33.77374], [-59.8409, -33.773798], [-59.840797, -33.773859], [-59.840693, -33.77392], [-59.84059, -33.773979], [-59.840486, -33.774039], [-59.840385, -33.774097], [-59.840281, -33.774158], [-59.84018, -33.774217], [-59.840076, -33.774278], [-59.839975, -33.774337], [-59.839872, -33.774397], [-59.839768, -33.774458], [-59.839665, -33.774518], [-59.839562, -33.774578], [-59.839458, -33.774638], [-59.839355, -33.774698], [-59.839251, -33.774758], [-59.839149, -33.774817], [-59.839053, -33.774873], [-59.838957, -33.774929], [-59.838852, -33.77499], [-59.838748, -33.77505], [-59.838644, -33.775111], [-59.838541, -33.775171], [-59.838439, -33.775231], [-59.838336, -33.775291], [-59.838231, -33.775352], [-59.838127, -33.775412], [-59.838022, -33.775474], [-59.837919, -33.775534], [-59.837814, -33.775595], [-59.837711, -33.775655], [-59.837608, -33.775715], [-59.837503, -33.775776], [-59.837398, -33.775837], [-59.837294, -33.775896], [-59.83719, -33.775957], [-59.837087, -33.776018], [-59.836983, -33.776079], [-59.83688, -33.776139], [-59.836776, -33.7762], [-59.836675, -33.776258], [-59.836571, -33.776318], [-59.836469, -33.776378], [-59.836365, -33.776439], [-59.836263, -33.776499], [-59.83616, -33.77656], [-59.836056, -33.776621], [-59.835952, -33.776682], [-59.835849, -33.776742], [-59.835746, -33.776803], [-59.835642, -33.776863], [-59.835542, -33.776921], [-59.835438, -33.776981], [-59.835334, -33.777041], [-59.835231, -33.777101], [-59.835127, -33.777162], [-59.835022, -33.777221], [-59.834917, -33.777281], [-59.834867, -33.777311], [-59.834816, -33.77734], [-59.834765, -33.77737], [-59.834716, -33.777398], [-59.834612, -33.777458], [-59.834508, -33.777518], [-59.83448, -33.777534], [-59.834375, -33.777594], [-59.83427, -33.777654], [-59.834165, -33.777714], [-59.83406, -33.777775], [-59.833955, -33.777835], [-59.833854, -33.777894], [-59.83375, -33.777955], [-59.833648, -33.778014], [-59.833542, -33.778075], [-59.833439, -33.778135], [-59.833334, -33.778195], [-59.83323, -33.778255], [-59.833126, -33.778316], [-59.833022, -33.778377], [-59.832918, -33.778437], [-59.832816, -33.778496], [-59.832713, -33.778556], [-59.83261, -33.778616], [-59.832506, -33.778675], [-59.832401, -33.778734], [-59.832296, -33.778794], [-59.832192, -33.778853], [-59.832088, -33.778913], [-59.831984, -33.778973], [-59.83188, -33.779033], [-59.831777, -33.779094], [-59.831676, -33.779153], [-59.831572, -33.779214], [-59.831468, -33.779275], [-59.831363, -33.779336], [-59.831255, -33.779393], [-59.831144, -33.779446], [-59.831033, -33.779499], [-59.830922, -33.779552], [-59.830811, -33.779604], [-59.830702, -33.779656], [-59.830591, -33.779709], [-59.830481, -33.779761], [-59.830371, -33.779814], [-59.830262, -33.779865], [-59.830151, -33.779917], [-59.830043, -33.779968], [-59.829933, -33.780021], [-59.829824, -33.780074], [-59.829714, -33.780127], [-59.829605, -33.780179], [-59.829494, -33.780231], [-59.829387, -33.780282], [-59.829277, -33.780334], [-59.829165, -33.780386], [-59.829065, -33.780434], [-59.828957, -33.780486], [-59.828857, -33.780534], [-59.828748, -33.780586], [-59.828637, -33.780639], [-59.828527, -33.780691], [-59.828419, -33.780741], [-59.82831, -33.780793], [-59.8282, -33.780845], [-59.828091, -33.780897], [-59.827981, -33.780949], [-59.827871, -33.781001], [-59.827761, -33.781054], [-59.827653, -33.781105], [-59.827543, -33.781157], [-59.827433, -33.781209], [-59.827324, -33.781262], [-59.827215, -33.781313], [-59.827104, -33.781366], [-59.827, -33.781416], [-59.826891, -33.781469], [-59.826781, -33.781521], [-59.826671, -33.781573], [-59.826561, -33.781625], [-59.826453, -33.781677], [-59.826348, -33.781726], [-59.826238, -33.781778], [-59.826128, -33.781831], [-59.826018, -33.781883], [-59.825907, -33.781935], [-59.825797, -33.781987], [-59.825696, -33.782035], [-59.825586, -33.782088], [-59.825476, -33.78214], [-59.825366, -33.782193], [-59.825257, -33.782245], [-59.825146, -33.782297], [-59.825036, -33.78235], [-59.824926, -33.782403], [-59.824816, -33.782455], [-59.824706, -33.782509], [-59.824596, -33.782562], [-59.824485, -33.782615], [-59.824376, -33.782667], [-59.824273, -33.782716], [-59.824163, -33.782768], [-59.824053, -33.78282], [-59.823944, -33.782872], [-59.823833, -33.782925], [-59.823723, -33.782977], [-59.823613, -33.783028], [-59.823502, -33.783081], [-59.823393, -33.783133], [-59.823282, -33.783185], [-59.823171, -33.783237], [-59.82306, -33.78329], [-59.822949, -33.783342], [-59.822838, -33.783395], [-59.822728, -33.783447], [-59.822619, -33.783499], [-59.82251, -33.783551], [-59.8224, -33.783603], [-59.822289, -33.783655], [-59.822179, -33.783707], [-59.822068, -33.78376], [-59.821957, -33.783813], [-59.821849, -33.783864], [-59.821739, -33.783916], [-59.821628, -33.783969], [-59.821522, -33.784019], [-59.821411, -33.784071], [-59.821301, -33.784123], [-59.821191, -33.784175], [-59.821081, -33.784227], [-59.820972, -33.784279], [-59.820861, -33.784332], [-59.820751, -33.784384], [-59.82064, -33.784436], [-59.820529, -33.784489], [-59.820419, -33.784542], [-59.820308, -33.784594], [-59.820198, -33.784647], [-59.820089, -33.784699], [-59.819979, -33.784751], [-59.819869, -33.784803], [-59.81976, -33.784855], [-59.819652, -33.784907], [-59.819542, -33.784959], [-59.819431, -33.785012], [-59.81932, -33.785064], [-59.819211, -33.785116], [-59.8191, -33.785168], [-59.818989, -33.78522], [-59.818878, -33.785272], [-59.818767, -33.785324], [-59.818656, -33.785377], [-59.818545, -33.78543], [-59.818434, -33.785483], [-59.818323, -33.785535], [-59.818212, -33.785588], [-59.818102, -33.78564], [-59.817991, -33.785693], [-59.81788, -33.785745], [-59.817769, -33.785797], [-59.817658, -33.785849], [-59.817549, -33.785901], [-59.817439, -33.785953], [-59.817328, -33.786006], [-59.81722, -33.786058], [-59.817171, -33.786081], [-59.817061, -33.786134], [-59.81695, -33.786186], [-59.81684, -33.786239], [-59.816729, -33.786291], [-59.816618, -33.786344], [-59.816507, -33.786396], [-59.816396, -33.786448], [-59.816286, -33.7865], [-59.816175, -33.786553], [-59.816065, -33.786606], [-59.815953, -33.786659], [-59.815843, -33.786712], [-59.815732, -33.786765], [-59.815621, -33.786818], [-59.815514, -33.786869], [-59.815404, -33.786921], [-59.815293, -33.786973], [-59.815182, -33.787025], [-59.81507, -33.787077], [-59.81496, -33.787129], [-59.814848, -33.787182], [-59.814741, -33.787232], [-59.814632, -33.787284], [-59.814523, -33.787336], [-59.814414, -33.787388], [-59.814304, -33.78744], [-59.814196, -33.787492], [-59.814086, -33.787543], [-59.813976, -33.787595], [-59.813866, -33.787647], [-59.813756, -33.7877], [-59.813651, -33.78775], [-59.813541, -33.787803], [-59.813433, -33.787855], [-59.813323, -33.787907], [-59.813213, -33.787959], [-59.813102, -33.788011], [-59.813012, -33.788053], [-59.812901, -33.788105], [-59.812792, -33.788157], [-59.812682, -33.788209], [-59.812572, -33.788261], [-59.812462, -33.788314], [-59.812352, -33.788366], [-59.812243, -33.788418], [-59.812152, -33.788462], [-59.812043, -33.788514], [-59.811932, -33.788566], [-59.811823, -33.788619], [-59.811713, -33.788672], [-59.811604, -33.788724], [-59.811494, -33.788776], [-59.811384, -33.788828], [-59.811274, -33.78888], [-59.811163, -33.788932], [-59.811053, -33.788984], [-59.810944, -33.789035], [-59.810834, -33.789087], [-59.810724, -33.789139], [-59.810614, -33.789191], [-59.810504, -33.789243], [-59.810394, -33.789295], [-59.810287, -33.789346], [-59.810178, -33.789397], [-59.810068, -33.78945], [-59.809958, -33.789502], [-59.809848, -33.789553], [-59.809738, -33.789605], [-59.809628, -33.789657], [-59.809518, -33.789708], [-59.809407, -33.78976], [-59.809298, -33.789811], [-59.809188, -33.789863], [-59.809077, -33.789915], [-59.808967, -33.789966], [-59.808858, -33.790018], [-59.808748, -33.79007], [-59.808638, -33.790122], [-59.808528, -33.790174], [-59.808417, -33.790227], [-59.80831, -33.790278], [-59.808202, -33.790329], [-59.808093, -33.790381], [-59.807984, -33.790432], [-59.807875, -33.790484], [-59.807764, -33.790537], [-59.807655, -33.790588], [-59.807544, -33.790641], [-59.807433, -33.790693], [-59.807323, -33.790746], [-59.807214, -33.790798], [-59.807104, -33.790851], [-59.806994, -33.790904], [-59.806883, -33.790958], [-59.806775, -33.791012], [-59.806665, -33.791066], [-59.806556, -33.79112], [-59.806447, -33.791175], [-59.806339, -33.791229], [-59.80623, -33.791284], [-59.806122, -33.791339], [-59.806014, -33.791393], [-59.805905, -33.791447], [-59.805796, -33.7915], [-59.805687, -33.791554], [-59.805578, -33.791608], [-59.805469, -33.791662], [-59.805362, -33.791718], [-59.805255, -33.791774], [-59.805147, -33.79183], [-59.805039, -33.791884], [-59.804931, -33.791938], [-59.804855, -33.791976], [-59.804758, -33.792025], [-59.804649, -33.792078], [-59.80454, -33.79213], [-59.804432, -33.792183], [-59.804323, -33.792237], [-59.80427, -33.792263], [-59.804218, -33.792289], [-59.804165, -33.792316], [-59.804112, -33.792342], [-59.804002, -33.792396], [-59.803896, -33.792448], [-59.803793, -33.7925], [-59.803686, -33.792553], [-59.803604, -33.792593], [-59.803494, -33.792645], [-59.803389, -33.792695], [-59.803379, -33.792699], [-59.80333, -33.792722], [-59.803303, -33.792734], [-59.803193, -33.792786], [-59.803084, -33.792836], [-59.802974, -33.792886], [-59.802862, -33.792937], [-59.802751, -33.792988], [-59.802641, -33.793039], [-59.80253, -33.79309], [-59.802419, -33.79314], [-59.802308, -33.793191], [-59.802197, -33.793242], [-59.802088, -33.793292], [-59.801977, -33.793343], [-59.801865, -33.793394], [-59.801756, -33.793444], [-59.801644, -33.793496], [-59.801536, -33.793546], [-59.801425, -33.793597], [-59.801313, -33.793649], [-59.801206, -33.793698], [-59.8011, -33.793746], [-59.800989, -33.793797], [-59.800877, -33.793848], [-59.800769, -33.793897], [-59.800659, -33.793948], [-59.800548, -33.793999], [-59.800437, -33.794051], [-59.800325, -33.794103], [-59.800214, -33.794155], [-59.800103, -33.794206], [-59.799991, -33.794257], [-59.799882, -33.794308], [-59.79977, -33.794359], [-59.799659, -33.79441], [-59.799548, -33.794462], [-59.799436, -33.794513], [-59.799325, -33.794566], [-59.799213, -33.794618], [-59.799104, -33.79467], [-59.798994, -33.794723], [-59.798883, -33.794776], [-59.798773, -33.794828], [-59.798662, -33.794881], [-59.79855, -33.794934], [-59.79844, -33.794987], [-59.798329, -33.79504], [-59.798223, -33.795091], [-59.798111, -33.795143], [-59.798001, -33.795196], [-59.79789, -33.795248], [-59.797779, -33.7953], [-59.797668, -33.795353], [-59.797559, -33.795405], [-59.797449, -33.795458], [-59.797339, -33.795511], [-59.797228, -33.795564], [-59.797118, -33.795616], [-59.797008, -33.795669], [-59.796898, -33.795722], [-59.796788, -33.795775], [-59.796678, -33.795827], [-59.796567, -33.795879], [-59.79646, -33.79593], [-59.796349, -33.795983], [-59.79624, -33.796034], [-59.79613, -33.796087], [-59.796022, -33.796138], [-59.795911, -33.796191], [-59.7958, -33.796244], [-59.79569, -33.796297], [-59.79558, -33.79635], [-59.795471, -33.796402], [-59.795361, -33.796455], [-59.795251, -33.796508], [-59.795142, -33.796561], [-59.795032, -33.796613], [-59.794925, -33.796664], [-59.794815, -33.796716], [-59.794706, -33.796767], [-59.794597, -33.796819], [-59.794487, -33.796872], [-59.794377, -33.796925], [-59.794268, -33.796977], [-59.794158, -33.79703], [-59.794049, -33.797083], [-59.793938, -33.797136], [-59.793838, -33.797184], [-59.793727, -33.797236], [-59.793617, -33.797288], [-59.793509, -33.79734], [-59.793399, -33.797392], [-59.79329, -33.797443], [-59.79318, -33.797495], [-59.79307, -33.797546], [-59.792959, -33.797598], [-59.792848, -33.797651], [-59.792752, -33.797696], [-59.792642, -33.797749], [-59.792531, -33.797802], [-59.792421, -33.797854], [-59.79231, -33.797906], [-59.7922, -33.797958], [-59.792089, -33.79801], [-59.791979, -33.798062], [-59.791868, -33.798114], [-59.791756, -33.798167], [-59.791647, -33.798219], [-59.791538, -33.798271], [-59.791427, -33.798324], [-59.791316, -33.798376], [-59.791205, -33.798429], [-59.791095, -33.798481], [-59.790987, -33.798533], [-59.790875, -33.798585], [-59.790765, -33.798637], [-59.790657, -33.798688], [-59.790547, -33.798741], [-59.790437, -33.798793], [-59.790327, -33.798846], [-59.790218, -33.798898], [-59.790108, -33.798951], [-59.790006, -33.799001], [-59.789896, -33.799053], [-59.789786, -33.799106], [-59.789678, -33.799158], [-59.789568, -33.79921], [-59.789456, -33.799263], [-59.789345, -33.799314], [-59.789234, -33.799366], [-59.789122, -33.799418], [-59.789014, -33.799469], [-59.788902, -33.799521], [-59.788794, -33.799572], [-59.788684, -33.799624], [-59.788574, -33.799677], [-59.788464, -33.79973], [-59.788353, -33.799782], [-59.788242, -33.799835], [-59.788131, -33.799888], [-59.788022, -33.799941], [-59.787912, -33.799993], [-59.787803, -33.800045], [-59.787691, -33.800098], [-59.78758, -33.800151], [-59.787474, -33.800201], [-59.787362, -33.800253], [-59.787251, -33.800306], [-59.787143, -33.800357], [-59.787035, -33.800409], [-59.786925, -33.800461], [-59.786821, -33.800511], [-59.78671, -33.800564], [-59.7866, -33.800617], [-59.786489, -33.80067], [-59.786378, -33.800722], [-59.786333, -33.800744], [-59.786224, -33.800796], [-59.786113, -33.800849], [-59.786002, -33.800901], [-59.785896, -33.800952], [-59.785785, -33.801004], [-59.785674, -33.801057], [-59.785564, -33.801109], [-59.785453, -33.801162], [-59.785343, -33.801214], [-59.785233, -33.801266], [-59.785125, -33.801317], [-59.785014, -33.80137], [-59.784905, -33.801422], [-59.784795, -33.801475], [-59.784684, -33.801527], [-59.784574, -33.80158], [-59.784468, -33.80163], [-59.784364, -33.801679], [-59.784255, -33.801731], [-59.784144, -33.801783], [-59.784033, -33.801835], [-59.783922, -33.801888], [-59.783811, -33.801941], [-59.783701, -33.801993], [-59.78359, -33.802046], [-59.783479, -33.802098], [-59.783368, -33.80215], [-59.783261, -33.802202], [-59.78315, -33.802255], [-59.783042, -33.802306], [-59.782932, -33.802359], [-59.782821, -33.802411], [-59.782711, -33.802464], [-59.782601, -33.802516], [-59.78249, -33.802569], [-59.78238, -33.802622], [-59.782269, -33.802675], [-59.782158, -33.802727], [-59.782047, -33.80278], [-59.781937, -33.802831], [-59.781827, -33.802883], [-59.781732, -33.802928], [-59.781621, -33.802981], [-59.781511, -33.803034], [-59.781404, -33.803087], [-59.781294, -33.803141], [-59.781185, -33.803194], [-59.781078, -33.803247], [-59.780968, -33.8033], [-59.780858, -33.803353], [-59.780749, -33.803406], [-59.78064, -33.803459], [-59.780531, -33.803513], [-59.78042, -33.803566], [-59.78031, -33.80362], [-59.7802, -33.803673], [-59.78009, -33.803727], [-59.779981, -33.80378], [-59.779873, -33.803833], [-59.779769, -33.803883], [-59.779687, -33.803923], [-59.779577, -33.803977], [-59.779468, -33.80403], [-59.779358, -33.804083], [-59.779249, -33.804137], [-59.779139, -33.80419], [-59.779028, -33.804244], [-59.778919, -33.804297], [-59.778811, -33.80435], [-59.778701, -33.804403], [-59.778592, -33.804457], [-59.778485, -33.80451], [-59.778376, -33.804563], [-59.778266, -33.804617], [-59.778158, -33.80467], [-59.778051, -33.804724], [-59.777941, -33.804779], [-59.777832, -33.804834], [-59.777722, -33.804888], [-59.777612, -33.804943], [-59.777503, -33.804997], [-59.777394, -33.805052], [-59.777284, -33.805106], [-59.777175, -33.805159], [-59.777065, -33.805213], [-59.776957, -33.805266], [-59.776848, -33.80532], [-59.776739, -33.805374], [-59.776632, -33.805428], [-59.776523, -33.805483], [-59.776414, -33.805537], [-59.776308, -33.80559], [-59.776199, -33.805644], [-59.776091, -33.805698], [-59.775984, -33.805752], [-59.775876, -33.805806], [-59.775766, -33.80586], [-59.775657, -33.805914], [-59.775548, -33.805968], [-59.775439, -33.806022], [-59.77533, -33.806076], [-59.775222, -33.80613], [-59.775114, -33.806183], [-59.775006, -33.806237], [-59.774896, -33.806291], [-59.774787, -33.806346], [-59.774678, -33.8064], [-59.774568, -33.806455], [-59.774461, -33.806509], [-59.774352, -33.806564], [-59.774243, -33.806619], [-59.774134, -33.806673], [-59.774025, -33.806727], [-59.773919, -33.806781], [-59.77381, -33.806835], [-59.7737, -33.806889], [-59.773591, -33.806944], [-59.773481, -33.806999], [-59.773374, -33.807053], [-59.773265, -33.807108], [-59.773155, -33.807163], [-59.773045, -33.807217], [-59.772937, -33.80727], [-59.772828, -33.807324], [-59.772719, -33.807378], [-59.772609, -33.807433], [-59.772501, -33.807487], [-59.772393, -33.807541], [-59.772284, -33.807595], [-59.772175, -33.80765], [-59.772066, -33.807704], [-59.771959, -33.807757], [-59.771849, -33.807812], [-59.77174, -33.807867], [-59.771631, -33.807921], [-59.771522, -33.807976], [-59.771412, -33.808031], [-59.771304, -33.808085], [-59.771195, -33.80814], [-59.771085, -33.808194], [-59.770976, -33.808249], [-59.770877, -33.808316], [-59.770782, -33.808388], [-59.770691, -33.808458], [-59.770598, -33.80853], [-59.770505, -33.808603], [-59.770411, -33.808675], [-59.770318, -33.808747], [-59.770225, -33.80882], [-59.770132, -33.808892], [-59.77004, -33.808965], [-59.769946, -33.809037], [-59.769853, -33.80911], [-59.76976, -33.809183], [-59.769668, -33.809255], [-59.769575, -33.809327], [-59.769482, -33.809399], [-59.769389, -33.809472], [-59.769295, -33.809545], [-59.769202, -33.809617], [-59.769109, -33.809689], [-59.769016, -33.809761], [-59.768922, -33.809834], [-59.768828, -33.809906], [-59.768738, -33.809976], [-59.768645, -33.810048], [-59.768551, -33.81012], [-59.768457, -33.810192], [-59.768363, -33.810264], [-59.768269, -33.810336], [-59.768176, -33.810408], [-59.768082, -33.810481], [-59.767988, -33.810553], [-59.767896, -33.810623], [-59.767803, -33.810695], [-59.767708, -33.810766], [-59.767614, -33.810838], [-59.767521, -33.81091], [-59.767427, -33.810981], [-59.767333, -33.811053], [-59.767239, -33.811125], [-59.767144, -33.811196], [-59.767049, -33.811268], [-59.766956, -33.811339], [-59.766862, -33.811411], [-59.766768, -33.811482], [-59.766674, -33.811554], [-59.76658, -33.811626], [-59.766488, -33.811697], [-59.766394, -33.811769], [-59.7663, -33.811841], [-59.766205, -33.811913], [-59.766112, -33.811984], [-59.766017, -33.812056], [-59.765923, -33.812128], [-59.765829, -33.8122], [-59.765735, -33.812272], [-59.765641, -33.812344], [-59.765547, -33.812416], [-59.765454, -33.812486], [-59.76536, -33.812557], [-59.765309, -33.812596], [-59.765215, -33.812668], [-59.76512, -33.81274], [-59.765028, -33.812811], [-59.764934, -33.812883], [-59.76484, -33.812956], [-59.764746, -33.813028], [-59.764652, -33.8131], [-59.76456, -33.813171], [-59.764466, -33.813243], [-59.764377, -33.813312], [-59.764284, -33.813383], [-59.76419, -33.813456], [-59.764096, -33.813528], [-59.764003, -33.8136], [-59.763908, -33.813673], [-59.763815, -33.813744], [-59.763724, -33.813814], [-59.76363, -33.813886], [-59.763536, -33.813957], [-59.763442, -33.814029], [-59.763349, -33.814101], [-59.763255, -33.814173], [-59.763161, -33.814245], [-59.763067, -33.814317], [-59.762974, -33.814387], [-59.762881, -33.814459], [-59.76279, -33.814527], [-59.762697, -33.814599], [-59.762604, -33.814671], [-59.76251, -33.814743], [-59.762417, -33.814814], [-59.762328, -33.814882], [-59.762234, -33.814954], [-59.762141, -33.815025], [-59.762047, -33.815096], [-59.761955, -33.815166], [-59.761861, -33.815238], [-59.761767, -33.81531], [-59.761673, -33.815382], [-59.761579, -33.815453], [-59.761486, -33.815524], [-59.761392, -33.815596], [-59.761299, -33.815667], [-59.761205, -33.815739], [-59.761112, -33.81581], [-59.76102, -33.81588], [-59.760926, -33.815952], [-59.760832, -33.816024], [-59.760738, -33.816096], [-59.760643, -33.816168], [-59.76055, -33.816239], [-59.760457, -33.816309], [-59.760365, -33.81638], [-59.760271, -33.816452], [-59.760177, -33.816524], [-59.760083, -33.816596], [-59.759989, -33.816668], [-59.759896, -33.816738], [-59.759802, -33.81681], [-59.759708, -33.816882], [-59.759614, -33.816954], [-59.75952, -33.817025], [-59.759427, -33.817096], [-59.759334, -33.817166], [-59.759245, -33.817234], [-59.75915, -33.817306], [-59.759056, -33.817377], [-59.758962, -33.81745], [-59.758868, -33.817521], [-59.758774, -33.817593], [-59.758679, -33.817664], [-59.758585, -33.817735], [-59.758491, -33.817806], [-59.758397, -33.817877], [-59.758303, -33.817948], [-59.758208, -33.818019], [-59.758114, -33.818091], [-59.758019, -33.818162], [-59.757925, -33.818234], [-59.757831, -33.818306], [-59.757737, -33.818378], [-59.757645, -33.818449], [-59.757552, -33.81852], [-59.757458, -33.818591], [-59.757363, -33.818663], [-59.757269, -33.818734], [-59.757175, -33.818805], [-59.757086, -33.818873], [-59.756991, -33.818945], [-59.756897, -33.819016], [-59.756803, -33.819088], [-59.756708, -33.819158], [-59.756613, -33.81923], [-59.756521, -33.8193], [-59.756428, -33.819371], [-59.756336, -33.819441], [-59.756244, -33.819512], [-59.75615, -33.819582], [-59.756057, -33.819653], [-59.755963, -33.819724], [-59.75587, -33.819795], [-59.755822, -33.819832], [-59.755729, -33.819904], [-59.755634, -33.819976], [-59.755526, -33.820031], [-59.755412, -33.820077], [-59.755296, -33.820124], [-59.755246, -33.820144], [-59.755131, -33.820192], [-59.755018, -33.820239], [-59.754905, -33.820287], [-59.754796, -33.820333], [-59.754687, -33.82038], [-59.754578, -33.820426], [-59.75447, -33.820472], [-59.754357, -33.820519], [-59.754243, -33.820567], [-59.754132, -33.820614], [-59.754019, -33.820662], [-59.753905, -33.82071], [-59.753791, -33.820758], [-59.753677, -33.820806], [-59.753564, -33.820855], [-59.75345, -33.820903], [-59.753336, -33.820952], [-59.753222, -33.821], [-59.753108, -33.821048], [-59.752994, -33.821097], [-59.75288, -33.821146], [-59.752767, -33.821194], [-59.752653, -33.821243], [-59.75254, -33.821291], [-59.752426, -33.82134], [-59.752313, -33.821388], [-59.752201, -33.821436], [-59.752088, -33.821486], [-59.751975, -33.821535], [-59.751862, -33.821585], [-59.751749, -33.821635], [-59.751638, -33.821684], [-59.751526, -33.821733], [-59.751415, -33.821783], [-59.751304, -33.821833], [-59.751192, -33.821883], [-59.751079, -33.821933], [-59.750969, -33.821982], [-59.750857, -33.822032], [-59.750744, -33.822082], [-59.750632, -33.822132], [-59.75052, -33.822182], [-59.750407, -33.822232], [-59.750294, -33.822283], [-59.750181, -33.822333], [-59.75007, -33.822383], [-59.749958, -33.822433], [-59.749845, -33.822483], [-59.749733, -33.822533], [-59.74962, -33.822583], [-59.749509, -33.822632], [-59.749397, -33.822683], [-59.749284, -33.822733], [-59.749172, -33.822782], [-59.74906, -33.822832], [-59.748947, -33.822882], [-59.748834, -33.822932], [-59.748721, -33.822982], [-59.748609, -33.823033], [-59.748497, -33.823083], [-59.748385, -33.823134], [-59.748272, -33.823185], [-59.74816, -33.823236], [-59.74805, -33.823286], [-59.747938, -33.823337], [-59.747826, -33.823388], [-59.747713, -33.823439], [-59.747601, -33.823489], [-59.74749, -33.82354], [-59.747378, -33.82359], [-59.747266, -33.82364], [-59.747154, -33.82369], [-59.747043, -33.82374], [-59.746932, -33.82379], [-59.746821, -33.82384], [-59.746711, -33.82389], [-59.746599, -33.82394], [-59.746487, -33.823991], [-59.746375, -33.824041], [-59.746264, -33.824092], [-59.746152, -33.824143], [-59.746041, -33.824194], [-59.745929, -33.824244], [-59.745817, -33.824295], [-59.745706, -33.824345], [-59.745594, -33.824395], [-59.745485, -33.824445], [-59.745373, -33.824495], [-59.745261, -33.824545], [-59.745149, -33.824596], [-59.745038, -33.824646], [-59.744926, -33.824697], [-59.744814, -33.824748], [-59.744702, -33.824799], [-59.744591, -33.824849], [-59.744483, -33.824898], [-59.744371, -33.824948], [-59.744259, -33.824999], [-59.744147, -33.825049], [-59.744038, -33.825099], [-59.743926, -33.82515], [-59.743814, -33.8252], [-59.743701, -33.825251], [-59.743591, -33.825301], [-59.743479, -33.825352], [-59.743367, -33.825403], [-59.743255, -33.825454], [-59.743143, -33.825505], [-59.743032, -33.825556], [-59.742923, -33.825605], [-59.742811, -33.825656], [-59.742699, -33.825707], [-59.742587, -33.825758], [-59.742476, -33.825808], [-59.742364, -33.825859], [-59.742252, -33.82591], [-59.742141, -33.825961], [-59.742028, -33.826012], [-59.741916, -33.826062], [-59.741804, -33.826113], [-59.741692, -33.826164], [-59.74158, -33.826215], [-59.741469, -33.826266], [-59.741356, -33.826317], [-59.741245, -33.826368], [-59.741134, -33.826418], [-59.741022, -33.826469], [-59.740912, -33.82652], [-59.7408, -33.826571], [-59.740689, -33.826622], [-59.740577, -33.826672], [-59.740464, -33.826723], [-59.740352, -33.826774], [-59.74024, -33.826824], [-59.740131, -33.826874], [-59.740018, -33.826925], [-59.739906, -33.826976], [-59.739794, -33.827027], [-59.739683, -33.827078], [-59.739571, -33.827129], [-59.739459, -33.82718], [-59.739347, -33.827231], [-59.739237, -33.827281], [-59.739125, -33.827332], [-59.739014, -33.827383], [-59.738903, -33.827433], [-59.738791, -33.827483], [-59.738679, -33.827535], [-59.738567, -33.827586], [-59.738457, -33.827636], [-59.738347, -33.827686], [-59.738236, -33.827736], [-59.738127, -33.827786], [-59.738016, -33.827836], [-59.737906, -33.827886], [-59.737798, -33.827935], [-59.737687, -33.827985], [-59.73758, -33.828034], [-59.737469, -33.828084], [-59.737359, -33.828134], [-59.737251, -33.828183], [-59.737139, -33.828234], [-59.737027, -33.828285], [-59.736957, -33.828316], [-59.736847, -33.828366], [-59.736736, -33.828416], [-59.736627, -33.828466], [-59.736517, -33.828516], [-59.736405, -33.828566], [-59.736293, -33.828617], [-59.736181, -33.828667], [-59.736069, -33.828717], [-59.73596, -33.828766], [-59.735848, -33.828817], [-59.73574, -33.828866], [-59.735632, -33.828915], [-59.735521, -33.828966], [-59.73541, -33.829016], [-59.735299, -33.829067], [-59.735186, -33.829118], [-59.735074, -33.829169], [-59.734963, -33.829219], [-59.73485, -33.82927], [-59.734739, -33.829321], [-59.734629, -33.829371], [-59.734517, -33.829421], [-59.734406, -33.829472], [-59.734296, -33.829522], [-59.734187, -33.829571], [-59.734075, -33.829621], [-59.733963, -33.829673], [-59.733854, -33.829722], [-59.733743, -33.829773], [-59.733631, -33.829824], [-59.73352, -33.829875], [-59.733408, -33.829926], [-59.733295, -33.829977], [-59.733184, -33.830027], [-59.733072, -33.830079], [-59.73296, -33.83013], [-59.732853, -33.830178], [-59.732743, -33.830228], [-59.732631, -33.830279], [-59.732519, -33.830329], [-59.732407, -33.83038], [-59.732297, -33.830429], [-59.732185, -33.83048], [-59.732073, -33.830532], [-59.731961, -33.830582], [-59.731849, -33.830633], [-59.731737, -33.830684], [-59.731626, -33.830735], [-59.731514, -33.830786], [-59.731402, -33.830836], [-59.73129, -33.830887], [-59.731179, -33.830938], [-59.731066, -33.83099], [-59.730956, -33.83104], [-59.730845, -33.831091], [-59.730737, -33.83114], [-59.730633, -33.831188], [-59.730524, -33.831238], [-59.73042, -33.831285], [-59.730308, -33.831335], [-59.730196, -33.831385], [-59.730084, -33.831435], [-59.729973, -33.831485], [-59.729861, -33.831536], [-59.729749, -33.831586], [-59.729637, -33.831637], [-59.729525, -33.831687], [-59.729413, -33.831737], [-59.729301, -33.831788], [-59.729188, -33.831838], [-59.729076, -33.831889], [-59.728965, -33.831938], [-59.728854, -33.831988], [-59.728741, -33.832039], [-59.728628, -33.832089], [-59.728516, -33.83214], [-59.728403, -33.83219], [-59.728293, -33.83224], [-59.728181, -33.83229], [-59.72807, -33.83234], [-59.727958, -33.832391], [-59.727847, -33.832442], [-59.727736, -33.832492], [-59.727626, -33.832543], [-59.727515, -33.832595], [-59.727404, -33.832648], [-59.727294, -33.8327], [-59.727183, -33.832751], [-59.727071, -33.832802], [-59.72696, -33.832853], [-59.726848, -33.832902], [-59.726736, -33.832953], [-59.726701, -33.832968], [-59.726589, -33.833018], [-59.726476, -33.833065], [-59.726362, -33.833113], [-59.726307, -33.833137], [-59.726251, -33.833162], [-59.726195, -33.833186], [-59.726141, -33.833209], [-59.726028, -33.83326], [-59.725916, -33.833312], [-59.725804, -33.833361], [-59.725693, -33.833411], [-59.725633, -33.833437], [-59.72552, -33.833487], [-59.72541, -33.833537], [-59.725299, -33.833589], [-59.725188, -33.83364], [-59.725076, -33.833692], [-59.724966, -33.833744], [-59.724857, -33.833794], [-59.724746, -33.833846], [-59.724636, -33.833896], [-59.724525, -33.833948], [-59.724414, -33.833999], [-59.724302, -33.83405], [-59.724193, -33.834099], [-59.724082, -33.83415], [-59.72397, -33.834201], [-59.723859, -33.834253], [-59.723748, -33.834304], [-59.723638, -33.834355], [-59.723527, -33.834407], [-59.723417, -33.834457], [-59.723311, -33.834514], [-59.723206, -33.834573], [-59.723102, -33.834633], [-59.722997, -33.834693], [-59.722894, -33.834753], [-59.722789, -33.834813], [-59.722685, -33.834873], [-59.72258, -33.834933], [-59.722474, -33.834994], [-59.722371, -33.835054], [-59.722268, -33.835114], [-59.722164, -33.835174], [-59.722063, -33.835233], [-59.721958, -33.835294], [-59.721853, -33.835355], [-59.721748, -33.835416], [-59.721643, -33.835477], [-59.72154, -33.835536], [-59.721437, -33.835595], [-59.721331, -33.835655], [-59.721226, -33.835715], [-59.721122, -33.835775], [-59.721017, -33.835835], [-59.720914, -33.835894], [-59.720809, -33.835955], [-59.720704, -33.836015], [-59.720598, -33.836075], [-59.720495, -33.836134], [-59.720391, -33.836194], [-59.720287, -33.836254], [-59.720182, -33.836314], [-59.720077, -33.836374], [-59.719973, -33.836435], [-59.719868, -33.836495], [-59.719763, -33.836555], [-59.719659, -33.836614], [-59.719555, -33.836673], [-59.71945, -33.836734], [-59.719347, -33.836793], [-59.719241, -33.836853], [-59.719137, -33.836913], [-59.719034, -33.836971], [-59.718929, -33.837031], [-59.718823, -33.837091], [-59.71872, -33.83715], [-59.718615, -33.83721], [-59.71851, -33.837271], [-59.718406, -33.837331], [-59.7183, -33.837391], [-59.718195, -33.837451], [-59.71809, -33.837511], [-59.717985, -33.83757], [-59.71788, -33.83763], [-59.717778, -33.837689], [-59.71772, -33.837723], [-59.717617, -33.837784], [-59.717514, -33.837846], [-59.717411, -33.837906], [-59.717306, -33.837967], [-59.717201, -33.838026], [-59.717099, -33.838085], [-59.716994, -33.838145], [-59.716891, -33.838204], [-59.716792, -33.83826], [-59.716687, -33.83832], [-59.716583, -33.83838], [-59.716482, -33.838439], [-59.716377, -33.8385], [-59.716274, -33.838561], [-59.716169, -33.838622], [-59.716067, -33.838681], [-59.715963, -33.838741], [-59.715862, -33.8388], [-59.715758, -33.83886], [-59.715653, -33.838921], [-59.71555, -33.838981], [-59.715446, -33.839042], [-59.715342, -33.839103], [-59.715239, -33.839163], [-59.715134, -33.839225], [-59.71503, -33.839285], [-59.71493, -33.839344], [-59.714825, -33.839405], [-59.714728, -33.839462], [-59.714625, -33.839522], [-59.714521, -33.839583], [-59.714417, -33.839643], [-59.714311, -33.839705], [-59.714206, -33.839765], [-59.714101, -33.839825], [-59.713998, -33.839886], [-59.713895, -33.839946], [-59.713792, -33.840005], [-59.713688, -33.840066], [-59.713584, -33.840127], [-59.71348, -33.840188], [-59.713381, -33.840245], [-59.713277, -33.840306], [-59.713171, -33.840367], [-59.713068, -33.840428], [-59.712963, -33.840488], [-59.712859, -33.840548], [-59.712755, -33.840609], [-59.712652, -33.84067], [-59.712548, -33.84073], [-59.712444, -33.840791], [-59.712341, -33.840852], [-59.712237, -33.840912], [-59.712132, -33.840973], [-59.712028, -33.841034], [-59.711924, -33.841095], [-59.71182, -33.841155], [-59.711716, -33.841216], [-59.711613, -33.841276], [-59.71151, -33.841336], [-59.711407, -33.841397], [-59.711302, -33.841458], [-59.711198, -33.841518], [-59.711094, -33.841578], [-59.71099, -33.84164], [-59.710886, -33.8417], [-59.710781, -33.84176], [-59.710677, -33.84182], [-59.710572, -33.841881], [-59.710468, -33.841941], [-59.710395, -33.841983], [-59.710291, -33.842044], [-59.710188, -33.842104], [-59.710097, -33.842157], [-59.709993, -33.842217], [-59.709889, -33.842278], [-59.709786, -33.842338], [-59.709683, -33.842398], [-59.709579, -33.842458], [-59.709474, -33.842518], [-59.709369, -33.842579], [-59.709265, -33.842639], [-59.709159, -33.842701], [-59.709055, -33.842761], [-59.708951, -33.842822], [-59.708847, -33.842883], [-59.708743, -33.842944], [-59.708639, -33.843007], [-59.708535, -33.843068], [-59.708421, -33.843112], [-59.708299, -33.843149], [-59.708182, -33.843183], [-59.708064, -33.843216], [-59.707946, -33.843249], [-59.707825, -33.843282], [-59.707705, -33.843316], [-59.707584, -33.84335], [-59.707463, -33.843384], [-59.707342, -33.843418], [-59.707221, -33.843451], [-59.707101, -33.843485], [-59.70698, -33.843518], [-59.706867, -33.843549], [-59.706745, -33.843583], [-59.706624, -33.843617], [-59.706507, -33.843651], [-59.706387, -33.843684], [-59.706267, -33.843718], [-59.706145, -33.843751], [-59.706024, -33.843785], [-59.705903, -33.843819], [-59.705785, -33.843851], [-59.705665, -33.843885], [-59.705544, -33.843919], [-59.705425, -33.843953], [-59.705305, -33.843987], [-59.705185, -33.84402], [-59.705065, -33.844053], [-59.704945, -33.844087], [-59.704825, -33.84412], [-59.704704, -33.844154], [-59.704582, -33.844189], [-59.704463, -33.844223], [-59.704343, -33.844257], [-59.704303, -33.844268], [-59.704182, -33.844302], [-59.704061, -33.844336], [-59.70394, -33.84437], [-59.703822, -33.844402], [-59.703701, -33.844436], [-59.703581, -33.84447], [-59.703461, -33.844503], [-59.703341, -33.844536], [-59.703223, -33.844569], [-59.703103, -33.844603], [-59.702982, -33.844637], [-59.702862, -33.844671], [-59.702741, -33.844704], [-59.702621, -33.844738], [-59.702608, -33.844741], [-59.702556, -33.844756], [-59.702497, -33.844772], [-59.702378, -33.84481], [-59.702268, -33.844863], [-59.702159, -33.84492], [-59.702051, -33.844978], [-59.701944, -33.845035], [-59.701841, -33.84509], [-59.701733, -33.845148], [-59.701627, -33.845205], [-59.70152, -33.845264], [-59.701415, -33.845321], [-59.701307, -33.84538], [-59.701202, -33.845437], [-59.701095, -33.845495], [-59.70099, -33.845553], [-59.700882, -33.845611], [-59.700778, -33.845668], [-59.700671, -33.845727], [-59.700564, -33.845785], [-59.700458, -33.845841], [-59.700352, -33.845898], [-59.700246, -33.845956], [-59.70014, -33.846014], [-59.700034, -33.846071], [-59.699928, -33.846128], [-59.699823, -33.846185], [-59.699716, -33.846244], [-59.699611, -33.8463], [-59.699504, -33.846358], [-59.699399, -33.846416], [-59.699292, -33.846474], [-59.699185, -33.846532], [-59.699079, -33.846589], [-59.698972, -33.846647], [-59.698869, -33.846702], [-59.698763, -33.846761], [-59.698657, -33.846818], [-59.698551, -33.846876], [-59.698445, -33.846934], [-59.698341, -33.84699], [-59.698234, -33.847048], [-59.698127, -33.847106], [-59.698022, -33.847163], [-59.697916, -33.84722], [-59.69781, -33.847277], [-59.697703, -33.847335], [-59.697597, -33.847393], [-59.69749, -33.847451], [-59.697383, -33.84751], [-59.697277, -33.847568], [-59.697171, -33.847625], [-59.69707, -33.847681], [-59.696962, -33.847738], [-59.696859, -33.847794], [-59.696752, -33.847852], [-59.696646, -33.84791], [-59.696539, -33.847969], [-59.696431, -33.848027], [-59.696326, -33.848084], [-59.696218, -33.848142], [-59.696112, -33.8482], [-59.696005, -33.848258], [-59.695898, -33.848316], [-59.695791, -33.848374], [-59.695685, -33.848432], [-59.695578, -33.84849], [-59.695472, -33.848548], [-59.695367, -33.848605], [-59.69526, -33.848664], [-59.695155, -33.848721], [-59.695048, -33.848779], [-59.694943, -33.848836], [-59.694837, -33.848894], [-59.694729, -33.848954], [-59.694625, -33.849011], [-59.694518, -33.849069], [-59.694411, -33.849128], [-59.694305, -33.849186], [-59.694199, -33.849245], [-59.694096, -33.849302], [-59.69399, -33.84936], [-59.693886, -33.849417], [-59.693779, -33.849475], [-59.693672, -33.849534], [-59.693565, -33.849592], [-59.693459, -33.849649], [-59.693353, -33.849708], [-59.693247, -33.849766], [-59.693138, -33.849825], [-59.693033, -33.849882], [-59.692926, -33.84994], [-59.692819, -33.849999], [-59.692712, -33.850057], [-59.692605, -33.850115], [-59.692499, -33.850173], [-59.692393, -33.85023], [-59.692286, -33.850287], [-59.69218, -33.850344], [-59.692074, -33.850403], [-59.691967, -33.850461], [-59.691863, -33.850518], [-59.691756, -33.850576], [-59.69165, -33.850634], [-59.691543, -33.850692], [-59.691436, -33.85075], [-59.691329, -33.850808], [-59.691223, -33.850866], [-59.691116, -33.850924], [-59.69101, -33.850983], [-59.690903, -33.851042], [-59.690801, -33.851098], [-59.690695, -33.851157], [-59.690589, -33.851215], [-59.690483, -33.851274], [-59.690377, -33.851332], [-59.690274, -33.851389], [-59.690168, -33.851448], [-59.690062, -33.851506], [-59.689956, -33.851565], [-59.689854, -33.851622], [-59.689749, -33.851681], [-59.689643, -33.85174], [-59.689538, -33.851799], [-59.689431, -33.851858], [-59.689325, -33.851917], [-59.689221, -33.851974], [-59.689115, -33.852033], [-59.689008, -33.852092], [-59.688902, -33.852151], [-59.688798, -33.852208], [-59.688695, -33.852266], [-59.688588, -33.852325], [-59.688492, -33.852379], [-59.688385, -33.852439], [-59.68828, -33.852497], [-59.688172, -33.852557], [-59.688067, -33.852615], [-59.687961, -33.852674], [-59.687853, -33.852734], [-59.687748, -33.852792], [-59.687642, -33.85285], [-59.687536, -33.852909], [-59.687476, -33.852942], [-59.687371, -33.853001], [-59.687266, -33.85306], [-59.687159, -33.85312], [-59.687054, -33.853178], [-59.686948, -33.853237], [-59.686842, -33.853296], [-59.686735, -33.853356], [-59.686629, -33.853415], [-59.686523, -33.853474], [-59.686417, -33.853532], [-59.686311, -33.853591], [-59.686206, -33.85365], [-59.6861, -33.853708], [-59.685996, -33.853765], [-59.685892, -33.853823], [-59.685787, -33.853881], [-59.685682, -33.85394], [-59.685576, -33.853998], [-59.685473, -33.854056], [-59.685366, -33.854114], [-59.685261, -33.854173], [-59.685155, -33.854231], [-59.685048, -33.85429], [-59.684943, -33.854349], [-59.684836, -33.854408], [-59.684732, -33.854466], [-59.684626, -33.854525], [-59.68452, -33.854584], [-59.684414, -33.854643], [-59.684308, -33.854702], [-59.684202, -33.85476], [-59.684099, -33.854817], [-59.683992, -33.854876], [-59.683886, -33.854935], [-59.683782, -33.854994], [-59.683676, -33.855053], [-59.683572, -33.855111], [-59.683469, -33.855168], [-59.683364, -33.855227], [-59.683258, -33.855286], [-59.683151, -33.855346], [-59.683046, -33.855404], [-59.682942, -33.855462], [-59.682836, -33.855521], [-59.68273, -33.85558], [-59.682625, -33.855639], [-59.682519, -33.855697], [-59.682413, -33.855757], [-59.682307, -33.855816], [-59.682202, -33.855875], [-59.682097, -33.855934], [-59.681991, -33.855993], [-59.681885, -33.856052], [-59.681779, -33.856112], [-59.681674, -33.856171], [-59.681568, -33.85623], [-59.681465, -33.856287], [-59.681358, -33.856346], [-59.681254, -33.856405], [-59.681149, -33.856464], [-59.681047, -33.856521], [-59.680941, -33.85658], [-59.680837, -33.856639], [-59.680731, -33.856698], [-59.680626, -33.856757], [-59.68052, -33.856815], [-59.680414, -33.856873], [-59.680308, -33.856932], [-59.680203, -33.856991], [-59.680097, -33.85705], [-59.679991, -33.85711], [-59.679888, -33.857168], [-59.679781, -33.857227], [-59.679675, -33.857286], [-59.679569, -33.857345], [-59.679465, -33.857403], [-59.679361, -33.857462], [-59.679258, -33.85752], [-59.679154, -33.857578], [-59.679048, -33.857637], [-59.678943, -33.857695], [-59.678837, -33.857754], [-59.67873, -33.857813], [-59.678627, -33.85787], [-59.678522, -33.857929], [-59.678415, -33.857989], [-59.678311, -33.858047], [-59.678206, -33.858106], [-59.6781, -33.858166], [-59.678003, -33.858221], [-59.677898, -33.85828], [-59.677793, -33.858339], [-59.67771, -33.858386], [-59.677606, -33.858444], [-59.6775, -33.858503], [-59.677395, -33.858563], [-59.67729, -33.858622], [-59.677184, -33.858681], [-59.677079, -33.85874], [-59.676972, -33.8588], [-59.676866, -33.858858], [-59.67676, -33.858918], [-59.676655, -33.858976], [-59.676549, -33.859036], [-59.676444, -33.859094], [-59.676338, -33.859154], [-59.676232, -33.859214], [-59.676126, -33.859273], [-59.67602, -33.859333], [-59.675914, -33.859393], [-59.675809, -33.859453], [-59.675704, -33.859512], [-59.675598, -33.859571], [-59.675492, -33.85963], [-59.675386, -33.859689], [-59.67528, -33.859748], [-59.67518, -33.859805], [-59.675075, -33.859864], [-59.67497, -33.859923], [-59.674864, -33.859982], [-59.674758, -33.860042], [-59.674653, -33.860102], [-59.67455, -33.86016], [-59.674446, -33.860219], [-59.67434, -33.860278], [-59.674235, -33.860337], [-59.674129, -33.860397], [-59.674025, -33.860455], [-59.673921, -33.860513], [-59.673816, -33.860572], [-59.67371, -33.860632], [-59.673604, -33.860692], [-59.673499, -33.860751], [-59.673396, -33.860809], [-59.673294, -33.860867], [-59.673189, -33.860925], [-59.673085, -33.860984], [-59.67298, -33.861042], [-59.672874, -33.861101], [-59.672768, -33.86116], [-59.672663, -33.861219], [-59.672557, -33.861278], [-59.672452, -33.861337], [-59.672345, -33.861397], [-59.67224, -33.861456], [-59.672134, -33.861515], [-59.672029, -33.861574], [-59.671923, -33.861633], [-59.671818, -33.861693], [-59.671714, -33.861751], [-59.671608, -33.86181], [-59.671503, -33.861869], [-59.671397, -33.861929], [-59.671293, -33.861988], [-59.671188, -33.862048], [-59.671083, -33.862108], [-59.670978, -33.862168], [-59.670873, -33.862227], [-59.670768, -33.862287], [-59.670663, -33.862346], [-59.670563, -33.862403], [-59.670459, -33.862462], [-59.670353, -33.862522], [-59.670248, -33.862581], [-59.670143, -33.862641], [-59.670039, -33.8627], [-59.669935, -33.862758], [-59.66983, -33.862817], [-59.669725, -33.862876], [-59.66962, -33.862936], [-59.669518, -33.862993], [-59.669413, -33.863052], [-59.669311, -33.863109], [-59.669206, -33.863167], [-59.6691, -33.863227], [-59.668997, -33.863285], [-59.668892, -33.863343], [-59.668787, -33.863402], [-59.668682, -33.86346], [-59.668577, -33.86352], [-59.668471, -33.86358], [-59.668368, -33.863638], [-59.668263, -33.863697], [-59.668157, -33.863756], [-59.668052, -33.863815], [-59.667947, -33.863874], [-59.667842, -33.863933], [-59.667736, -33.863993], [-59.66763, -33.864052], [-59.667525, -33.864111], [-59.66742, -33.864171], [-59.667315, -33.86423], [-59.66721, -33.864289], [-59.667106, -33.864347], [-59.667001, -33.864406], [-59.666896, -33.864465], [-59.666792, -33.864523], [-59.666686, -33.864583], [-59.666586, -33.864639], [-59.66648, -33.864699], [-59.666375, -33.864758], [-59.666273, -33.864816], [-59.666167, -33.864875], [-59.666062, -33.864934], [-59.665956, -33.864993], [-59.665849, -33.865053], [-59.665746, -33.865111], [-59.665644, -33.865169], [-59.665538, -33.865229], [-59.665433, -33.865288], [-59.665327, -33.865347], [-59.665222, -33.865406], [-59.665117, -33.865466], [-59.665011, -33.865525], [-59.664905, -33.865584], [-59.6648, -33.865644], [-59.664694, -33.865703], [-59.66459, -33.865761], [-59.664485, -33.86582], [-59.664381, -33.865879], [-59.664275, -33.865938], [-59.66417, -33.865997], [-59.664065, -33.866056], [-59.663962, -33.866114], [-59.663857, -33.866173], [-59.663752, -33.866232], [-59.663647, -33.86629], [-59.663545, -33.866347], [-59.66344, -33.866406], [-59.663334, -33.866465], [-59.663231, -33.866523], [-59.663128, -33.866581], [-59.663024, -33.866641], [-59.662923, -33.866697], [-59.662821, -33.866755], [-59.662718, -33.866813], [-59.662613, -33.866872], [-59.662508, -33.866931], [-59.662402, -33.86699], [-59.662299, -33.867048], [-59.662194, -33.867107], [-59.662092, -33.867164], [-59.661987, -33.867224], [-59.661887, -33.867281], [-59.661785, -33.867341], [-59.661685, -33.867406], [-59.661588, -33.867472], [-59.661491, -33.867537], [-59.661392, -33.867601], [-59.661292, -33.867667], [-59.661242, -33.867701], [-59.661145, -33.867766], [-59.661048, -33.867831], [-59.660953, -33.867896], [-59.660859, -33.867959], [-59.66076, -33.868026], [-59.660661, -33.868093], [-59.660564, -33.868158], [-59.660465, -33.868225], [-59.660366, -33.868293], [-59.660268, -33.868359], [-59.660168, -33.868426], [-59.66007, -33.868493], [-59.659978, -33.868555], [-59.659882, -33.86862], [-59.659784, -33.868687], [-59.659685, -33.868753], [-59.659586, -33.86882], [-59.659489, -33.868886], [-59.65939, -33.868952], [-59.659291, -33.869019], [-59.659192, -33.869085], [-59.659096, -33.86915], [-59.658997, -33.869216], [-59.658898, -33.869282], [-59.6588, -33.869348], [-59.6587, -33.869415], [-59.658601, -33.869482], [-59.658503, -33.869548], [-59.658406, -33.869613], [-59.658307, -33.86968], [-59.658209, -33.869747], [-59.658112, -33.869812], [-59.658014, -33.869877], [-59.657959, -33.869913], [-59.657936, -33.869928], [-59.657894, -33.869957], [-59.65789, -33.86996], [-59.657876, -33.869969], [-59.657873, -33.869971], [-59.657829, -33.870001], [-59.657794, -33.870024], [-59.657696, -33.870091], [-59.657599, -33.870157], [-59.657504, -33.870222], [-59.657406, -33.870288], [-59.657308, -33.870355], [-59.657211, -33.870421], [-59.657112, -33.870487], [-59.657014, -33.870554], [-59.656916, -33.870621], [-59.656818, -33.870687], [-59.65672, -33.870753], [-59.656622, -33.870819], [-59.656523, -33.870886], [-59.656425, -33.870952], [-59.656326, -33.871018], [-59.656231, -33.871081], [-59.656131, -33.871148], [-59.656032, -33.871214], [-59.655932, -33.871281], [-59.655833, -33.871347], [-59.655734, -33.871414], [-59.655635, -33.871481], [-59.655537, -33.871548], [-59.655439, -33.871615], [-59.65534, -33.871681], [-59.655245, -33.871745], [-59.655147, -33.871812], [-59.655049, -33.871878], [-59.65495, -33.871945], [-59.654852, -33.872011], [-59.654753, -33.872077], [-59.654658, -33.872142], [-59.654559, -33.872208], [-59.654462, -33.872273], [-59.654365, -33.872339], [-59.654268, -33.872405], [-59.654171, -33.872471], [-59.654095, -33.872522], [-59.653997, -33.872589], [-59.653899, -33.872655], [-59.653801, -33.872722], [-59.653703, -33.872788], [-59.653606, -33.872854], [-59.653511, -33.872919], [-59.653413, -33.872986], [-59.653315, -33.873052], [-59.653217, -33.873119], [-59.653119, -33.873186], [-59.65302, -33.873253], [-59.652921, -33.87332], [-59.652822, -33.873386], [-59.652722, -33.873453], [-59.652624, -33.87352], [-59.652525, -33.873587], [-59.652426, -33.873654], [-59.652327, -33.873721], [-59.652228, -33.873788], [-59.652129, -33.873855], [-59.652035, -33.873919], [-59.651938, -33.873985], [-59.651839, -33.874052], [-59.651741, -33.874118], [-59.651643, -33.874184], [-59.651545, -33.874251], [-59.651447, -33.874318], [-59.651349, -33.874384], [-59.651251, -33.874451], [-59.651153, -33.874517], [-59.651054, -33.874584], [-59.650957, -33.87465], [-59.65086, -33.874716], [-59.650762, -33.874782], [-59.650664, -33.874848], [-59.650565, -33.874914], [-59.650467, -33.87498], [-59.650369, -33.875046], [-59.65027, -33.875112], [-59.650175, -33.875176], [-59.650076, -33.875242], [-59.649981, -33.875306], [-59.649884, -33.875373], [-59.649786, -33.875438], [-59.649688, -33.875505], [-59.649591, -33.875571], [-59.649493, -33.875637], [-59.649395, -33.875704], [-59.649296, -33.87577], [-59.649197, -33.875836], [-59.649102, -33.875904], [-59.649009, -33.875973], [-59.648914, -33.876044], [-59.648824, -33.876111], [-59.648731, -33.876182], [-59.648636, -33.876253], [-59.648543, -33.876324], [-59.64845, -33.876395], [-59.648357, -33.876466], [-59.648263, -33.876537], [-59.64817, -33.876609], [-59.648078, -33.876679], [-59.647984, -33.87675], [-59.647891, -33.876821], [-59.647799, -33.876891], [-59.647705, -33.876963], [-59.647612, -33.877033], [-59.647518, -33.877104], [-59.647425, -33.877174], [-59.647332, -33.877244], [-59.647245, -33.87731], [-59.647152, -33.877381], [-59.647059, -33.877452], [-59.646966, -33.877523], [-59.64688, -33.87759], [-59.646787, -33.877663], [-59.646692, -33.877732], [-59.646589, -33.877795], [-59.646484, -33.877854], [-59.646379, -33.877912], [-59.646274, -33.87797], [-59.646168, -33.878028], [-59.646063, -33.878087], [-59.645959, -33.878145], [-59.645853, -33.878204], [-59.645748, -33.878264], [-59.645643, -33.878324], [-59.645539, -33.878382], [-59.645433, -33.878442], [-59.645329, -33.8785], [-59.645224, -33.878559], [-59.645122, -33.878616], [-59.645016, -33.878676], [-59.644911, -33.878735], [-59.64481, -33.8788], [-59.644713, -33.878865], [-59.644614, -33.878934], [-59.644516, -33.879001], [-59.644418, -33.879067], [-59.644322, -33.879133], [-59.644223, -33.8792], [-59.644125, -33.879268], [-59.644027, -33.879335], [-59.643929, -33.879403], [-59.643832, -33.879469], [-59.643734, -33.879536], [-59.643636, -33.879604], [-59.643538, -33.879672], [-59.643439, -33.87974], [-59.643341, -33.879807], [-59.643244, -33.879874], [-59.643146, -33.879941], [-59.64305, -33.880008], [-59.642953, -33.880074], [-59.642855, -33.880141], [-59.642761, -33.880206], [-59.642663, -33.880273], [-59.642565, -33.88034], [-59.642467, -33.880407], [-59.642369, -33.880474], [-59.642271, -33.880542], [-59.642179, -33.880604], [-59.642089, -33.880666], [-59.641992, -33.880733], [-59.641893, -33.880801], [-59.641795, -33.880868], [-59.641702, -33.880932], [-59.641604, -33.881], [-59.641507, -33.881068], [-59.64141, -33.881131], [-59.641301, -33.881188], [-59.641244, -33.881217], [-59.641134, -33.881273], [-59.641027, -33.881328], [-59.64092, -33.881382], [-59.640811, -33.881437], [-59.640701, -33.881491], [-59.640591, -33.881544], [-59.640481, -33.881597], [-59.64037, -33.88165], [-59.640259, -33.881702], [-59.640148, -33.881754], [-59.640036, -33.881806], [-59.639925, -33.881856], [-59.639817, -33.881907], [-59.639705, -33.881957], [-59.639594, -33.882008], [-59.639485, -33.882057], [-59.639374, -33.882108], [-59.639264, -33.88216], [-59.639154, -33.882212], [-59.639044, -33.882264], [-59.638933, -33.882316], [-59.638823, -33.882368], [-59.638713, -33.88242], [-59.638601, -33.882474], [-59.638495, -33.882524], [-59.638442, -33.882549], [-59.638387, -33.882575], [-59.638277, -33.882627], [-59.638169, -33.882679], [-59.638059, -33.882732], [-59.637948, -33.882784], [-59.637837, -33.882835], [-59.637727, -33.882887], [-59.637616, -33.882938], [-59.637508, -33.882989], [-59.637397, -33.88304], [-59.637286, -33.883093], [-59.637179, -33.883143], [-59.63707, -33.883194], [-59.636961, -33.883245], [-59.63685, -33.883297], [-59.636738, -33.883348], [-59.636627, -33.883397], [-59.636514, -33.883447], [-59.636401, -33.883497], [-59.636289, -33.883547], [-59.636177, -33.883597], [-59.636064, -33.883649], [-59.635954, -33.883701], [-59.635843, -33.883755], [-59.635734, -33.883808], [-59.635625, -33.883863], [-59.635517, -33.883918], [-59.635465, -33.883945], [-59.635416, -33.883971], [-59.635366, -33.883997], [-59.635318, -33.884023], [-59.635211, -33.884081], [-59.635106, -33.884139], [-59.635054, -33.884168], [-59.635002, -33.884196], [-59.634951, -33.884225], [-59.634897, -33.884255], [-59.634847, -33.884283], [-59.634793, -33.884313], [-59.634743, -33.884342], [-59.634697, -33.884369], [-59.634646, -33.884399], [-59.634596, -33.884429], [-59.634495, -33.88449], [-59.634392, -33.884554], [-59.634293, -33.88462], [-59.634203, -33.884693], [-59.63411, -33.884766], [-59.634007, -33.884829], [-59.633956, -33.884859], [-59.633904, -33.88489], [-59.633854, -33.88492], [-59.633804, -33.88495], [-59.633753, -33.884981], [-59.633701, -33.885012], [-59.633651, -33.885043], [-59.633601, -33.885075], [-59.633552, -33.885105], [-59.633506, -33.885134], [-59.633457, -33.885166], [-59.633408, -33.885197], [-59.633307, -33.885262], [-59.633199, -33.885318], [-59.633094, -33.885374], [-59.632992, -33.885438], [-59.632891, -33.885502], [-59.632789, -33.885566], [-59.63274, -33.885596], [-59.63269, -33.885627], [-59.632644, -33.885655], [-59.632595, -33.885684], [-59.632547, -33.885714], [-59.632495, -33.885745], [-59.632445, -33.885775], [-59.632394, -33.885806], [-59.632345, -33.885836], [-59.632296, -33.885866], [-59.632194, -33.885929], [-59.632092, -33.885992], [-59.631991, -33.886055], [-59.63189, -33.886117], [-59.631789, -33.886179], [-59.631687, -33.886241], [-59.631587, -33.886301], [-59.631483, -33.886364], [-59.631382, -33.886426], [-59.631281, -33.886488], [-59.631181, -33.886549], [-59.631079, -33.886611], [-59.631029, -33.886641], [-59.63098, -33.88667], [-59.630878, -33.886731], [-59.630775, -33.886792], [-59.630676, -33.886852], [-59.630573, -33.886913], [-59.630471, -33.886975], [-59.630381, -33.88703], [-59.630278, -33.887092], [-59.630177, -33.887152], [-59.630075, -33.887213], [-59.629973, -33.887275], [-59.629893, -33.887324], [-59.629791, -33.887386], [-59.62969, -33.887448], [-59.629588, -33.88751], [-59.629486, -33.887572], [-59.629385, -33.887635], [-59.629283, -33.887698], [-59.629183, -33.887761], [-59.629082, -33.887825], [-59.628982, -33.887889], [-59.628882, -33.887952], [-59.62878, -33.888015], [-59.628678, -33.888076], [-59.628577, -33.888137], [-59.628473, -33.888199], [-59.62837, -33.888261], [-59.628269, -33.888323], [-59.628167, -33.888387], [-59.628065, -33.888449], [-59.627963, -33.888513], [-59.627862, -33.888576], [-59.627763, -33.888637], [-59.627663, -33.8887], [-59.627562, -33.888763], [-59.627464, -33.888825], [-59.627365, -33.888887], [-59.627263, -33.88895], [-59.627162, -33.889012], [-59.627059, -33.889075], [-59.626959, -33.889135], [-59.626876, -33.889184], [-59.626772, -33.889246], [-59.626668, -33.889306], [-59.626563, -33.889366], [-59.626457, -33.889424], [-59.626351, -33.889481], [-59.626247, -33.889539], [-59.626143, -33.889599], [-59.626039, -33.889661], [-59.625936, -33.889723], [-59.625833, -33.889786], [-59.625731, -33.889848], [-59.625623, -33.889902], [-59.625506, -33.889936], [-59.625387, -33.889964], [-59.625268, -33.889991], [-59.625147, -33.890017], [-59.625042, -33.89004], [-59.62492, -33.890067], [-59.624798, -33.890093], [-59.624674, -33.890119], [-59.624553, -33.89015], [-59.624438, -33.890197], [-59.624326, -33.890247], [-59.624269, -33.890272], [-59.624213, -33.890296], [-59.624158, -33.890321], [-59.624106, -33.890345], [-59.624052, -33.890369], [-59.624003, -33.890391], [-59.623956, -33.890412], [-59.623903, -33.890435], [-59.623849, -33.89046], [-59.623794, -33.890484], [-59.623739, -33.890509], [-59.623685, -33.890532], [-59.623629, -33.890557], [-59.623573, -33.890582], [-59.623518, -33.890607], [-59.623464, -33.890631], [-59.623412, -33.890654], [-59.623357, -33.890679], [-59.623304, -33.890702], [-59.62325, -33.890726], [-59.623138, -33.890775], [-59.623028, -33.890824], [-59.622917, -33.890873], [-59.622807, -33.890922], [-59.622698, -33.890971], [-59.622586, -33.891021], [-59.622476, -33.89107], [-59.622365, -33.89112], [-59.622253, -33.89117], [-59.622143, -33.891219], [-59.622032, -33.891269], [-59.621921, -33.891319], [-59.62181, -33.891368], [-59.6217, -33.891418], [-59.621589, -33.891468], [-59.621477, -33.891518], [-59.621366, -33.891568], [-59.621263, -33.891614], [-59.621153, -33.891663], [-59.621041, -33.891713], [-59.62093, -33.891763], [-59.620819, -33.891812], [-59.620706, -33.891863], [-59.620594, -33.891913], [-59.620483, -33.891962], [-59.620371, -33.892012], [-59.620258, -33.892063], [-59.620147, -33.892112], [-59.620035, -33.892161], [-59.619924, -33.892211], [-59.619813, -33.892261], [-59.619702, -33.892311], [-59.61959, -33.892362], [-59.61948, -33.892412], [-59.619369, -33.892462], [-59.619259, -33.892511], [-59.619148, -33.892561], [-59.619049, -33.892605], [-59.618941, -33.892654], [-59.618829, -33.892704], [-59.618717, -33.892754], [-59.618607, -33.892803], [-59.618499, -33.892851], [-59.61839, -33.8929], [-59.618278, -33.89295], [-59.618177, -33.892995], [-59.618067, -33.893045], [-59.617956, -33.893094], [-59.617844, -33.893144], [-59.617733, -33.893194], [-59.617622, -33.893243], [-59.617514, -33.893292], [-59.617403, -33.893342], [-59.617292, -33.893392], [-59.61718, -33.893441], [-59.61707, -33.893491], [-59.61696, -33.89354], [-59.616849, -33.89359], [-59.616737, -33.89364], [-59.616626, -33.89369], [-59.616516, -33.893739], [-59.616405, -33.893788], [-59.616293, -33.893839], [-59.616182, -33.893888], [-59.616073, -33.893938], [-59.615963, -33.893989], [-59.615852, -33.894041], [-59.615742, -33.894094], [-59.61564, -33.894157], [-59.615542, -33.894224], [-59.615445, -33.894292], [-59.615348, -33.894362], [-59.615251, -33.894431], [-59.615157, -33.8945], [-59.615061, -33.894571], [-59.614966, -33.89464], [-59.614879, -33.894704], [-59.614787, -33.894772], [-59.614691, -33.894841], [-59.614598, -33.894909], [-59.614505, -33.894977], [-59.614411, -33.895046], [-59.614316, -33.895116], [-59.614223, -33.895184], [-59.614128, -33.895253], [-59.614034, -33.895321], [-59.613939, -33.895391], [-59.613843, -33.895461], [-59.613749, -33.895529], [-59.613653, -33.895599], [-59.613558, -33.895668], [-59.613463, -33.895737], [-59.613367, -33.895806], [-59.613272, -33.895876], [-59.613177, -33.895945], [-59.613082, -33.896014], [-59.612987, -33.896083], [-59.612891, -33.896152], [-59.612796, -33.896222], [-59.6127, -33.896292], [-59.612606, -33.896361], [-59.612511, -33.896431], [-59.612416, -33.8965], [-59.612321, -33.896569], [-59.612226, -33.896638], [-59.612131, -33.896706], [-59.612037, -33.896776], [-59.61194, -33.896846], [-59.611844, -33.896916], [-59.611748, -33.896987], [-59.611653, -33.897056], [-59.611557, -33.897127], [-59.611461, -33.897196], [-59.611365, -33.897266], [-59.61127, -33.897335], [-59.611173, -33.897405], [-59.611077, -33.897475], [-59.610982, -33.897544], [-59.610887, -33.897614], [-59.610791, -33.897684], [-59.610694, -33.897753], [-59.610598, -33.897822], [-59.610501, -33.897892], [-59.610405, -33.897962], [-59.61031, -33.89803], [-59.610214, -33.8981], [-59.610118, -33.89817], [-59.610022, -33.898241], [-59.609927, -33.898312], [-59.609833, -33.898383], [-59.609738, -33.898455], [-59.609644, -33.898526], [-59.609549, -33.898598], [-59.609456, -33.89867], [-59.609364, -33.89874], [-59.609271, -33.898813], [-59.609177, -33.898886], [-59.609083, -33.898958], [-59.60899, -33.899031], [-59.608896, -33.899104], [-59.608803, -33.899176], [-59.60871, -33.899249], [-59.608617, -33.899322], [-59.608523, -33.899394], [-59.608429, -33.899467], [-59.608336, -33.899539], [-59.608243, -33.899611], [-59.608149, -33.899683], [-59.608057, -33.899753], [-59.607963, -33.899826], [-59.60787, -33.899897], [-59.607776, -33.89997], [-59.607682, -33.900042], [-59.607587, -33.900114], [-59.607495, -33.900185], [-59.6074, -33.900256], [-59.607306, -33.900327], [-59.60721, -33.900398], [-59.607115, -33.900469], [-59.607019, -33.90054], [-59.606923, -33.90061], [-59.606827, -33.90068], [-59.606732, -33.90075], [-59.606636, -33.900821], [-59.60654, -33.900891], [-59.606445, -33.900962], [-59.606349, -33.901032], [-59.606254, -33.901103], [-59.606159, -33.901173], [-59.606063, -33.901245], [-59.605969, -33.901315], [-59.605876, -33.901384], [-59.605781, -33.901455], [-59.605685, -33.901526], [-59.605592, -33.901595], [-59.605496, -33.901665], [-59.6054, -33.901733], [-59.605303, -33.901803], [-59.605258, -33.901835], [-59.605163, -33.901904], [-59.605066, -33.901973], [-59.60497, -33.902041], [-59.604877, -33.902108], [-59.604781, -33.902176], [-59.604687, -33.902245], [-59.604592, -33.902314], [-59.604496, -33.902384], [-59.604399, -33.902453], [-59.604303, -33.902522], [-59.604208, -33.902591], [-59.604115, -33.902659], [-59.60402, -33.902727], [-59.603924, -33.902797], [-59.603828, -33.902865], [-59.603732, -33.902935], [-59.603635, -33.903004], [-59.603542, -33.903072], [-59.603447, -33.903141], [-59.603351, -33.903211], [-59.603255, -33.90328], [-59.603159, -33.90335], [-59.603063, -33.903419], [-59.602968, -33.903488], [-59.60287, -33.903558], [-59.602779, -33.903624], [-59.602684, -33.903692], [-59.602589, -33.90376], [-59.602493, -33.903829], [-59.602397, -33.903898], [-59.602301, -33.903967], [-59.602205, -33.904036], [-59.602109, -33.904105], [-59.602012, -33.904175], [-59.601915, -33.904246], [-59.601818, -33.904315], [-59.601721, -33.904385], [-59.60163, -33.904457], [-59.601544, -33.904536], [-59.601457, -33.904614], [-59.60137, -33.904692], [-59.601284, -33.904769], [-59.601198, -33.904846], [-59.601112, -33.904923], [-59.601027, -33.905], [-59.60094, -33.905078], [-59.600855, -33.905154], [-59.60077, -33.905231], [-59.600684, -33.905309], [-59.600598, -33.905386], [-59.600513, -33.905462], [-59.600427, -33.90554], [-59.600342, -33.905617], [-59.600256, -33.905694], [-59.600171, -33.905772], [-59.600085, -33.90585], [-59.599999, -33.905927], [-59.599913, -33.906004], [-59.599828, -33.90608], [-59.599742, -33.906158], [-59.599658, -33.906233], [-59.599571, -33.906311], [-59.599484, -33.906389], [-59.599397, -33.906468], [-59.59931, -33.906546], [-59.599225, -33.906623], [-59.599139, -33.9067], [-59.599053, -33.906777], [-59.598966, -33.906855], [-59.598881, -33.906932], [-59.598797, -33.907008], [-59.59871, -33.907086], [-59.598625, -33.907163], [-59.598539, -33.90724], [-59.598453, -33.907318], [-59.59837, -33.907393], [-59.598283, -33.907471], [-59.598198, -33.907548], [-59.598111, -33.907626], [-59.598026, -33.907702], [-59.59794, -33.907779], [-59.597854, -33.907856], [-59.597768, -33.907933], [-59.597687, -33.908006], [-59.597603, -33.908082], [-59.597517, -33.908159], [-59.597431, -33.908236], [-59.597345, -33.908313], [-59.597259, -33.908391], [-59.597173, -33.908468], [-59.597087, -33.908545], [-59.597002, -33.908623], [-59.596916, -33.9087], [-59.596829, -33.908778], [-59.596743, -33.908856], [-59.596657, -33.908933], [-59.59657, -33.909011], [-59.596484, -33.909088], [-59.596397, -33.909166], [-59.59631, -33.909244], [-59.596223, -33.909322], [-59.596136, -33.9094], [-59.596049, -33.909478], [-59.595964, -33.909554], [-59.595877, -33.909631], [-59.595791, -33.909708], [-59.595706, -33.909785], [-59.59562, -33.909862], [-59.595534, -33.909939], [-59.595449, -33.910016], [-59.595364, -33.910093], [-59.595277, -33.910171], [-59.595194, -33.910246], [-59.595107, -33.910324], [-59.595019, -33.910402], [-59.594932, -33.91048], [-59.594845, -33.910558], [-59.594761, -33.910633], [-59.594675, -33.910711], [-59.594588, -33.910789], [-59.594501, -33.910866], [-59.594414, -33.910944], [-59.594326, -33.911023], [-59.594245, -33.911097], [-59.594158, -33.911175], [-59.594073, -33.911252], [-59.593986, -33.911329], [-59.593901, -33.911406], [-59.593815, -33.911483], [-59.593728, -33.911561], [-59.593644, -33.911637], [-59.593557, -33.911715], [-59.59347, -33.911792], [-59.593384, -33.911869], [-59.593298, -33.911947], [-59.593211, -33.912024], [-59.593126, -33.912101], [-59.593039, -33.912179], [-59.592953, -33.912257], [-59.592867, -33.912334], [-59.592772, -33.912403], [-59.592672, -33.912469], [-59.592573, -33.912534], [-59.592473, -33.9126], [-59.592373, -33.912665], [-59.592276, -33.912728], [-59.592179, -33.912793], [-59.592082, -33.912857], [-59.59199, -33.912918], [-59.591892, -33.912983], [-59.591795, -33.913047], [-59.591699, -33.913111], [-59.591602, -33.913176], [-59.591504, -33.913242], [-59.591405, -33.913308], [-59.591307, -33.913373], [-59.591209, -33.913438], [-59.591113, -33.913501], [-59.591016, -33.913566], [-59.590917, -33.913631], [-59.590821, -33.913695], [-59.590722, -33.91376], [-59.590624, -33.913825], [-59.590524, -33.913891], [-59.590426, -33.913956], [-59.590327, -33.914021], [-59.590229, -33.914086], [-59.59013, -33.914152], [-59.590031, -33.914217], [-59.589932, -33.914282], [-59.589833, -33.914348], [-59.589733, -33.914413], [-59.589634, -33.914478], [-59.589536, -33.914543], [-59.589438, -33.914609], [-59.589339, -33.914674], [-59.589241, -33.91474], [-59.589141, -33.914806], [-59.589047, -33.914868], [-59.588948, -33.914933], [-59.588851, -33.914997], [-59.588753, -33.915062], [-59.588654, -33.915128], [-59.588556, -33.915193], [-59.588458, -33.915258], [-59.588359, -33.915324], [-59.588261, -33.915388], [-59.588162, -33.915454], [-59.588062, -33.91552], [-59.587962, -33.915586], [-59.587863, -33.915651], [-59.587763, -33.915716], [-59.587664, -33.915781], [-59.58757, -33.915842], [-59.587495, -33.91589], [-59.587397, -33.915957], [-59.587307, -33.916033], [-59.587246, -33.916086], [-59.587158, -33.916161], [-59.587069, -33.916238], [-59.586981, -33.916314], [-59.586929, -33.916359], [-59.586841, -33.916434], [-59.586752, -33.91651], [-59.586664, -33.916584], [-59.586627, -33.916615], [-59.586552, -33.91668], [-59.586463, -33.916755], [-59.586376, -33.91683], [-59.586288, -33.916904], [-59.586199, -33.91698], [-59.58611, -33.917056], [-59.58602, -33.917132], [-59.585931, -33.917208], [-59.585842, -33.917284], [-59.585753, -33.917359], [-59.585664, -33.917435], [-59.585575, -33.917511], [-59.585485, -33.917587], [-59.585397, -33.917661], [-59.585308, -33.917736], [-59.58522, -33.917811], [-59.585133, -33.917886], [-59.585045, -33.917961], [-59.584958, -33.918034], [-59.58487, -33.918109], [-59.584784, -33.918183], [-59.584696, -33.918258], [-59.584608, -33.918334], [-59.58452, -33.91841], [-59.584431, -33.918486], [-59.584346, -33.918559], [-59.584257, -33.918635], [-59.584168, -33.918712], [-59.58408, -33.918787], [-59.584016, -33.918842], [-59.583928, -33.918917], [-59.583842, -33.918991], [-59.583755, -33.919065], [-59.583668, -33.919141], [-59.583579, -33.919218], [-59.583491, -33.919293], [-59.583404, -33.919368], [-59.583316, -33.919444], [-59.583229, -33.919519], [-59.583142, -33.919594], [-59.583055, -33.919669], [-59.582969, -33.919744], [-59.58288, -33.91982], [-59.582791, -33.919897], [-59.582704, -33.919972], [-59.582617, -33.920047], [-59.582529, -33.920122], [-59.582441, -33.920197], [-59.582354, -33.920272], [-59.582265, -33.920348], [-59.582178, -33.920422], [-59.58209, -33.920497], [-59.582001, -33.920573], [-59.581914, -33.920649], [-59.581825, -33.920725], [-59.581737, -33.920801], [-59.58165, -33.920876], [-59.58156, -33.920952], [-59.581472, -33.921027], [-59.581385, -33.921101], [-59.581297, -33.921177], [-59.581209, -33.921253], [-59.581125, -33.921326], [-59.581036, -33.921402], [-59.580949, -33.921476], [-59.580862, -33.921551], [-59.580775, -33.921626], [-59.580689, -33.9217], [-59.580601, -33.921776], [-59.580512, -33.921852], [-59.580424, -33.921928], [-59.580335, -33.922004], [-59.580247, -33.92208], [-59.580158, -33.922156], [-59.580069, -33.922232], [-59.57998, -33.922309], [-59.579894, -33.922384], [-59.579806, -33.92246], [-59.579719, -33.922534], [-59.579633, -33.922608], [-59.579545, -33.922683], [-59.579458, -33.922757], [-59.57937, -33.922833], [-59.579282, -33.922907], [-59.579197, -33.922979], [-59.579108, -33.923054], [-59.57902, -33.923129], [-59.578931, -33.923206], [-59.578867, -33.923262], [-59.57878, -33.923337], [-59.578693, -33.923412], [-59.578606, -33.923488], [-59.578519, -33.923564], [-59.578432, -33.92364], [-59.578345, -33.923716], [-59.578258, -33.923791], [-59.57817, -33.923867], [-59.578083, -33.923942], [-59.577994, -33.924018], [-59.577908, -33.924092], [-59.577819, -33.924168], [-59.57773, -33.924245], [-59.577641, -33.924322], [-59.577554, -33.924398], [-59.577466, -33.924474], [-59.577378, -33.924551], [-59.57729, -33.924627], [-59.577201, -33.924703], [-59.577114, -33.924779], [-59.577027, -33.924853], [-59.576938, -33.92493], [-59.576851, -33.925005], [-59.576767, -33.925076], [-59.576679, -33.925152], [-59.57659, -33.925227], [-59.576501, -33.925303], [-59.576411, -33.92538], [-59.576323, -33.925455], [-59.576234, -33.925532], [-59.57615, -33.925603], [-59.576062, -33.925679], [-59.575975, -33.925753], [-59.575888, -33.925827], [-59.5758, -33.925903], [-59.575711, -33.925978], [-59.575623, -33.926053], [-59.575537, -33.926126], [-59.57545, -33.926202], [-59.575362, -33.926277], [-59.575274, -33.926352], [-59.575186, -33.926427], [-59.575098, -33.926503], [-59.575011, -33.926578], [-59.574923, -33.926653], [-59.574835, -33.926729], [-59.574748, -33.926803], [-59.574659, -33.926879], [-59.574571, -33.926955], [-59.574483, -33.92703], [-59.574395, -33.927105], [-59.574308, -33.92718], [-59.57422, -33.927255], [-59.574131, -33.927332], [-59.574045, -33.927406], [-59.573956, -33.927481], [-59.573866, -33.927558], [-59.573823, -33.927594], [-59.57378, -33.927631], [-59.573735, -33.927669], [-59.573691, -33.927706], [-59.573646, -33.927744], [-59.573602, -33.927782], [-59.57356, -33.927817], [-59.573516, -33.927854], [-59.573498, -33.927869], [-59.573456, -33.927904], [-59.573413, -33.927941], [-59.573369, -33.927978], [-59.573328, -33.928014], [-59.573285, -33.928051], [-59.573242, -33.928088], [-59.5732, -33.928125], [-59.573159, -33.92816], [-59.573117, -33.928196], [-59.573076, -33.928232], [-59.573035, -33.928267], [-59.572946, -33.928343], [-59.572858, -33.928417], [-59.572769, -33.928494], [-59.572681, -33.928569], [-59.572592, -33.928644], [-59.572503, -33.928719], [-59.572414, -33.928795], [-59.572326, -33.928871], [-59.572239, -33.928946], [-59.572151, -33.929021], [-59.572065, -33.929096], [-59.571981, -33.929169], [-59.571893, -33.92924], [-59.571801, -33.929312], [-59.571709, -33.929383], [-59.57162, -33.929453], [-59.57153, -33.929524], [-59.571439, -33.929596], [-59.571347, -33.929669], [-59.57126, -33.929738], [-59.571167, -33.929811], [-59.571074, -33.929884], [-59.570983, -33.929955], [-59.570892, -33.930027], [-59.5708, -33.930099], [-59.570711, -33.930169], [-59.57062, -33.93024], [-59.570529, -33.930312], [-59.570437, -33.930384], [-59.570344, -33.930457], [-59.570252, -33.93053], [-59.570162, -33.930602], [-59.570069, -33.930675], [-59.569978, -33.930747], [-59.569886, -33.93082], [-59.569795, -33.930892], [-59.569702, -33.930965], [-59.56961, -33.931037], [-59.569519, -33.931109], [-59.569425, -33.931182], [-59.569334, -33.931254], [-59.569243, -33.931326], [-59.569151, -33.931399], [-59.569061, -33.931471], [-59.56897, -33.931543], [-59.568879, -33.931615], [-59.568788, -33.931687], [-59.568696, -33.93176], [-59.568604, -33.931833], [-59.568511, -33.931907], [-59.56842, -33.931979], [-59.568328, -33.932053], [-59.568236, -33.932126], [-59.568143, -33.9322], [-59.568051, -33.932272], [-59.567958, -33.932344], [-59.567866, -33.932417], [-59.567774, -33.932489], [-59.567682, -33.932563], [-59.567591, -33.932635], [-59.567499, -33.932708], [-59.567418, -33.932772], [-59.567325, -33.932845], [-59.567235, -33.932916], [-59.567142, -33.932989], [-59.567052, -33.933061], [-59.56696, -33.933134], [-59.56687, -33.933205], [-59.566778, -33.933277], [-59.566688, -33.933349], [-59.566595, -33.933422], [-59.566505, -33.933494], [-59.566413, -33.933567], [-59.566322, -33.93364], [-59.56623, -33.933713], [-59.566142, -33.933783], [-59.566049, -33.933856], [-59.565957, -33.933928], [-59.565865, -33.934], [-59.565772, -33.934071], [-59.565678, -33.934142], [-59.565585, -33.934212], [-59.565489, -33.934283], [-59.565394, -33.934353], [-59.565298, -33.934424], [-59.565204, -33.934494], [-59.565108, -33.934566], [-59.56502, -33.934631], [-59.564957, -33.934678], [-59.564861, -33.934748], [-59.564764, -33.934818], [-59.564669, -33.934888], [-59.564573, -33.934959], [-59.56448, -33.935028], [-59.564384, -33.935098], [-59.564289, -33.935169], [-59.564194, -33.93524], [-59.564098, -33.935311], [-59.564002, -33.935381], [-59.563906, -33.935452], [-59.563813, -33.935522], [-59.563718, -33.935592], [-59.563624, -33.935662], [-59.56353, -33.935732], [-59.563436, -33.935802], [-59.563341, -33.935872], [-59.563246, -33.935942], [-59.563152, -33.936012], [-59.563059, -33.936081], [-59.562967, -33.93615], [-59.562872, -33.93622], [-59.562778, -33.93629], [-59.562684, -33.93636], [-59.56259, -33.936429], [-59.562495, -33.936499], [-59.5624, -33.93657], [-59.56231, -33.936637], [-59.562216, -33.936705], [-59.562122, -33.936775], [-59.562029, -33.936844], [-59.561935, -33.936914], [-59.56184, -33.936984], [-59.561745, -33.937055], [-59.561649, -33.937126], [-59.561554, -33.937196], [-59.56146, -33.937265], [-59.561366, -33.937335], [-59.56127, -33.937406], [-59.561175, -33.937477], [-59.561079, -33.937548], [-59.560988, -33.937615], [-59.560892, -33.937686], [-59.560798, -33.937757], [-59.560702, -33.937827], [-59.560606, -33.937898], [-59.560511, -33.937969], [-59.560418, -33.938038], [-59.560323, -33.938109], [-59.560229, -33.93818], [-59.560134, -33.938251], [-59.560039, -33.938322], [-59.559947, -33.938392], [-59.559853, -33.938463], [-59.55976, -33.938532], [-59.559666, -33.938603], [-59.559573, -33.938673], [-59.559484, -33.93874], [-59.559391, -33.938809], [-59.559298, -33.938879], [-59.559205, -33.93895], [-59.559112, -33.939021], [-59.55902, -33.93909], [-59.558925, -33.939162], [-59.558831, -33.939233], [-59.558736, -33.939305], [-59.558641, -33.939377], [-59.558546, -33.939448], [-59.558451, -33.939519], [-59.558357, -33.93959], [-59.558266, -33.939658], [-59.558172, -33.939729], [-59.558078, -33.939801], [-59.557997, -33.939864], [-59.557904, -33.939933], [-59.557812, -33.940003], [-59.557717, -33.940074], [-59.557623, -33.940144], [-59.557529, -33.940216], [-59.557436, -33.940285], [-59.557342, -33.940356], [-59.557248, -33.940426], [-59.557156, -33.940495], [-59.557062, -33.940567], [-59.556967, -33.940638], [-59.556873, -33.94071], [-59.556779, -33.940781], [-59.556685, -33.940853], [-59.556591, -33.940924], [-59.556498, -33.940995], [-59.556405, -33.941065], [-59.556314, -33.941135], [-59.55622, -33.941206], [-59.556126, -33.941277], [-59.556034, -33.941347], [-59.555941, -33.941418], [-59.555847, -33.94149], [-59.555752, -33.941562], [-59.555658, -33.941633], [-59.555563, -33.941705], [-59.555468, -33.941776], [-59.555376, -33.941846], [-59.55528, -33.941918], [-59.555185, -33.941989], [-59.555091, -33.94206], [-59.554997, -33.942131], [-59.554903, -33.942202], [-59.554809, -33.942274], [-59.554714, -33.942345], [-59.554621, -33.942417], [-59.554527, -33.942488], [-59.554433, -33.94256], [-59.554339, -33.942631], [-59.554246, -33.942701], [-59.554153, -33.942771], [-59.554061, -33.942841], [-59.553967, -33.942912], [-59.553875, -33.942982], [-59.553781, -33.943053], [-59.553687, -33.943124], [-59.553594, -33.943194], [-59.553502, -33.943264], [-59.553412, -33.943333], [-59.553317, -33.943404], [-59.553223, -33.943475], [-59.553129, -33.943546], [-59.553035, -33.943619], [-59.55294, -33.94369], [-59.552846, -33.943762], [-59.552753, -33.943832], [-59.552659, -33.943903], [-59.552565, -33.943974], [-59.552471, -33.944045], [-59.552377, -33.944116], [-59.552282, -33.944188], [-59.552186, -33.944259], [-59.552092, -33.944331], [-59.551997, -33.944403], [-59.551905, -33.944472], [-59.551811, -33.944543], [-59.551716, -33.944614], [-59.551621, -33.944685], [-59.551528, -33.944756], [-59.551433, -33.944828], [-59.551338, -33.9449], [-59.551244, -33.944972], [-59.551148, -33.945043], [-59.551054, -33.945115], [-59.550965, -33.945182], [-59.550871, -33.945254], [-59.550777, -33.945324], [-59.550683, -33.945396], [-59.550589, -33.945467], [-59.550494, -33.945539], [-59.5504, -33.945611], [-59.550306, -33.945682], [-59.550212, -33.945752], [-59.55014, -33.945807], [-59.550045, -33.945878], [-59.549954, -33.945947], [-59.549859, -33.946018], [-59.549763, -33.946089], [-59.549669, -33.946161], [-59.549575, -33.946233], [-59.54948, -33.946304], [-59.549387, -33.946374], [-59.549296, -33.946442], [-59.549204, -33.946512], [-59.54911, -33.946583], [-59.549016, -33.946654], [-59.548934, -33.946715], [-59.548841, -33.946786], [-59.548746, -33.946857], [-59.548653, -33.946927], [-59.548558, -33.946999], [-59.548465, -33.947069], [-59.54837, -33.94714], [-59.548276, -33.947212], [-59.548182, -33.947282], [-59.548088, -33.947354], [-59.547995, -33.947424], [-59.547901, -33.947496], [-59.547808, -33.947566], [-59.547714, -33.947637], [-59.54762, -33.947709], [-59.547527, -33.947779], [-59.547438, -33.947847], [-59.547345, -33.947917], [-59.547253, -33.947987], [-59.54716, -33.948058], [-59.547068, -33.948128], [-59.546982, -33.948192], [-59.546888, -33.948263], [-59.546794, -33.948334], [-59.546701, -33.948404], [-59.546608, -33.948474], [-59.546515, -33.948545], [-59.546421, -33.948616], [-59.546328, -33.948687], [-59.546233, -33.948758], [-59.546139, -33.948829], [-59.546045, -33.9489], [-59.545951, -33.948971], [-59.545862, -33.949039], [-59.545775, -33.949105], [-59.545681, -33.949177], [-59.545588, -33.949247], [-59.545494, -33.949319], [-59.5454, -33.949389], [-59.545305, -33.949461], [-59.545212, -33.949532], [-59.545122, -33.9496], [-59.545029, -33.949671], [-59.544935, -33.949743], [-59.544841, -33.949814], [-59.544749, -33.949884], [-59.544655, -33.949955], [-59.544561, -33.950027], [-59.544468, -33.950099], [-59.544374, -33.95017], [-59.54428, -33.950242], [-59.544187, -33.950313], [-59.544091, -33.950385], [-59.544002, -33.950452], [-59.543907, -33.950524], [-59.543813, -33.950595], [-59.543719, -33.950666], [-59.543627, -33.950736], [-59.543533, -33.950807], [-59.543439, -33.950877], [-59.543344, -33.950949], [-59.54325, -33.951019], [-59.543157, -33.95109], [-59.543063, -33.951161], [-59.542969, -33.951232], [-59.542874, -33.951303], [-59.542783, -33.951372], [-59.542693, -33.951441], [-59.542599, -33.951513], [-59.542505, -33.951584], [-59.542411, -33.951656], [-59.542322, -33.951723], [-59.542231, -33.951791], [-59.542136, -33.951862], [-59.542043, -33.951933], [-59.541953, -33.952001], [-59.541859, -33.952072], [-59.541768, -33.95214], [-59.541674, -33.952212], [-59.54158, -33.952283], [-59.541487, -33.952354], [-59.541392, -33.952425], [-59.541298, -33.952497], [-59.541203, -33.952568], [-59.541111, -33.952638], [-59.541017, -33.952709], [-59.540923, -33.95278], [-59.540829, -33.952851], [-59.540735, -33.952922], [-59.540641, -33.952994], [-59.540547, -33.953064], [-59.540452, -33.953135], [-59.540359, -33.953205], [-59.540264, -33.953276], [-59.540169, -33.953348], [-59.540074, -33.953419], [-59.539981, -33.953489], [-59.539887, -33.953561], [-59.539794, -33.953632], [-59.539699, -33.953704], [-59.539604, -33.953775], [-59.53951, -33.953846], [-59.539415, -33.953916], [-59.539322, -33.953986], [-59.539227, -33.954057], [-59.539133, -33.954128], [-59.539038, -33.9542], [-59.538944, -33.954271], [-59.53885, -33.954342], [-59.538756, -33.954413], [-59.538661, -33.954485], [-59.538568, -33.954556], [-59.538474, -33.954627], [-59.53838, -33.954698], [-59.538287, -33.954769], [-59.538192, -33.95484], [-59.5381, -33.95491], [-59.538006, -33.954981], [-59.537912, -33.955052], [-59.537818, -33.955123], [-59.537724, -33.955193], [-59.53763, -33.955263], [-59.537535, -33.955334], [-59.53744, -33.955405], [-59.537345, -33.955477], [-59.537258, -33.955542], [-59.537162, -33.955614], [-59.537068, -33.955685], [-59.536974, -33.955756], [-59.536881, -33.955826], [-59.536787, -33.955898], [-59.536692, -33.955969], [-59.536597, -33.956041], [-59.536502, -33.956112], [-59.536407, -33.956184], [-59.536313, -33.956254], [-59.536218, -33.956325], [-59.536124, -33.956396], [-59.536029, -33.956468], [-59.535935, -33.956539], [-59.535841, -33.956611], [-59.535746, -33.956682], [-59.535656, -33.956749], [-59.535562, -33.956821], [-59.535469, -33.95689], [-59.535378, -33.956959], [-59.535284, -33.95703], [-59.535189, -33.957102], [-59.535095, -33.957173], [-59.535001, -33.957244], [-59.534911, -33.957315], [-59.534818, -33.957388], [-59.534728, -33.95746], [-59.534637, -33.957533], [-59.534549, -33.957606], [-59.534459, -33.957679], [-59.534372, -33.957752], [-59.534283, -33.957826], [-59.534192, -33.957901], [-59.534103, -33.957975], [-59.534012, -33.95805], [-59.533923, -33.958124], [-59.533831, -33.958199], [-59.533741, -33.958274], [-59.533652, -33.958347], [-59.533561, -33.958422], [-59.53347, -33.958497], [-59.53338, -33.958572], [-59.533289, -33.958647], [-59.533199, -33.958721], [-59.533107, -33.958796], [-59.533017, -33.958871], [-59.532926, -33.958946], [-59.532835, -33.959021], [-59.532744, -33.959096], [-59.532653, -33.959172], [-59.532562, -33.959246], [-59.532472, -33.959321], [-59.532381, -33.959396], [-59.532292, -33.95947], [-59.532201, -33.959545], [-59.532116, -33.959616], [-59.532027, -33.959689], [-59.531938, -33.959764], [-59.531854, -33.959833], [-59.531764, -33.959907], [-59.531677, -33.959979], [-59.531586, -33.960054], [-59.531495, -33.960129], [-59.531404, -33.960204], [-59.531314, -33.960278], [-59.531224, -33.960352], [-59.531133, -33.960428], [-59.531044, -33.960501], [-59.530952, -33.960577], [-59.530862, -33.96065], [-59.530772, -33.960724], [-59.530682, -33.960798], [-59.530594, -33.960871], [-59.530507, -33.960943], [-59.530418, -33.961017], [-59.530328, -33.961091], [-59.530239, -33.961165], [-59.530149, -33.961239], [-59.530058, -33.961313], [-59.529969, -33.961386], [-59.529881, -33.961459], [-59.529791, -33.961533], [-59.5297, -33.961609], [-59.52961, -33.961683], [-59.52952, -33.961758], [-59.52943, -33.961832], [-59.52934, -33.961907], [-59.529251, -33.961981], [-59.529161, -33.962056], [-59.52907, -33.962131], [-59.528979, -33.962206], [-59.52889, -33.962281], [-59.528799, -33.962357], [-59.528708, -33.962431], [-59.528616, -33.962507], [-59.528527, -33.96258], [-59.528436, -33.962654], [-59.528348, -33.962726], [-59.528257, -33.962801], [-59.528168, -33.962875], [-59.528079, -33.962948], [-59.527989, -33.963023], [-59.5279, -33.963097], [-59.527814, -33.963169], [-59.527725, -33.963242], [-59.527638, -33.963314], [-59.527548, -33.963388], [-59.52746, -33.963461], [-59.52737, -33.963535], [-59.527279, -33.96361], [-59.527188, -33.963685], [-59.527098, -33.96376], [-59.527006, -33.963835], [-59.526917, -33.963908], [-59.526827, -33.963983], [-59.526737, -33.964058], [-59.526647, -33.964132], [-59.526559, -33.964205], [-59.52647, -33.964279], [-59.52638, -33.964354], [-59.526288, -33.964429], [-59.526199, -33.964502], [-59.526108, -33.964577], [-59.526018, -33.964651], [-59.525928, -33.964725], [-59.52584, -33.964797], [-59.525753, -33.964869], [-59.525664, -33.964942], [-59.525573, -33.965016], [-59.525491, -33.965083], [-59.525402, -33.965157], [-59.525313, -33.96523], [-59.525225, -33.965303], [-59.525138, -33.965375], [-59.525049, -33.965448], [-59.524963, -33.965519], [-59.524874, -33.965593], [-59.524786, -33.965665], [-59.524696, -33.96574], [-59.52461, -33.965811], [-59.524523, -33.965883], [-59.524434, -33.965956], [-59.524345, -33.96603], [-59.524256, -33.966105], [-59.524167, -33.966178], [-59.524078, -33.966251], [-59.523989, -33.966325], [-59.5239, -33.966398], [-59.523811, -33.966471], [-59.523721, -33.966546], [-59.523631, -33.966621], [-59.523541, -33.966696], [-59.52345, -33.966771], [-59.523359, -33.966846], [-59.52327, -33.966919], [-59.523181, -33.966993], [-59.523092, -33.967066], [-59.523002, -33.967141], [-59.522911, -33.967215], [-59.522878, -33.967242], [-59.522788, -33.967317], [-59.522698, -33.967392], [-59.522607, -33.967467], [-59.522516, -33.967541], [-59.522425, -33.967616], [-59.522335, -33.967691], [-59.522244, -33.967766], [-59.522155, -33.96784], [-59.522065, -33.967915], [-59.521975, -33.96799], [-59.521886, -33.968063], [-59.521797, -33.968136], [-59.521729, -33.968194], [-59.521641, -33.968267], [-59.521551, -33.968341], [-59.521463, -33.968414], [-59.521375, -33.968486], [-59.521285, -33.968561], [-59.521195, -33.968634], [-59.521106, -33.968708], [-59.521016, -33.968784], [-59.520928, -33.968857], [-59.520838, -33.968931], [-59.520749, -33.969005], [-59.520658, -33.96908], [-59.520569, -33.969153], [-59.52048, -33.969228], [-59.520393, -33.969301], [-59.520306, -33.969373], [-59.520217, -33.969447], [-59.520129, -33.969521], [-59.520038, -33.969596], [-59.519949, -33.96967], [-59.519858, -33.969745], [-59.519768, -33.969819], [-59.519681, -33.969891], [-59.519592, -33.969964], [-59.519502, -33.970037], [-59.519416, -33.970108], [-59.519326, -33.970181], [-59.519235, -33.970257], [-59.519145, -33.970331], [-59.519056, -33.970406], [-59.518965, -33.970481], [-59.518875, -33.970556], [-59.518785, -33.97063], [-59.518693, -33.970705], [-59.518603, -33.970778], [-59.518512, -33.970853], [-59.518423, -33.970926], [-59.518351, -33.970986], [-59.518262, -33.97106], [-59.518171, -33.971136], [-59.518084, -33.971208], [-59.517993, -33.971283], [-59.517906, -33.971356], [-59.517817, -33.97143], [-59.517727, -33.971505], [-59.517636, -33.971581], [-59.517546, -33.971656], [-59.517454, -33.971731], [-59.517364, -33.971806], [-59.517272, -33.97188], [-59.517181, -33.971955], [-59.517091, -33.972029], [-59.517002, -33.972103], [-59.516912, -33.972177], [-59.516822, -33.97225], [-59.516732, -33.972323], [-59.516643, -33.972396], [-59.516553, -33.97247], [-59.516462, -33.972544], [-59.516375, -33.972615], [-59.516288, -33.972687], [-59.516199, -33.97276], [-59.516111, -33.972833], [-59.516022, -33.972907], [-59.515933, -33.972981], [-59.515843, -33.973055], [-59.515754, -33.973129], [-59.515665, -33.973202], [-59.515574, -33.973277], [-59.515485, -33.973351], [-59.515397, -33.973424], [-59.515307, -33.973498], [-59.515218, -33.973571], [-59.51513, -33.973644], [-59.515039, -33.973718], [-59.514949, -33.973791], [-59.514859, -33.973866], [-59.514769, -33.973939], [-59.514678, -33.974014], [-59.514589, -33.974087], [-59.5145, -33.974159], [-59.51441, -33.974233], [-59.514322, -33.974304], [-59.514232, -33.974378], [-59.514143, -33.974451], [-59.514053, -33.974525], [-59.513965, -33.974597], [-59.513876, -33.97467], [-59.513787, -33.974743], [-59.513697, -33.974817], [-59.513611, -33.974888], [-59.513522, -33.974962], [-59.513431, -33.975036], [-59.51334, -33.975111], [-59.51325, -33.975185], [-59.513159, -33.97526], [-59.513069, -33.975333], [-59.512978, -33.975408], [-59.512888, -33.975482], [-59.512798, -33.975557], [-59.512709, -33.97563], [-59.512621, -33.975703], [-59.512536, -33.975774], [-59.512445, -33.975849], [-59.512357, -33.975921], [-59.512266, -33.975995], [-59.512176, -33.976069], [-59.512087, -33.976142], [-59.511998, -33.976217], [-59.511909, -33.97629], [-59.511818, -33.976365], [-59.511727, -33.976439], [-59.511636, -33.976514], [-59.511546, -33.976587], [-59.511455, -33.976662], [-59.511364, -33.976737], [-59.511275, -33.976811], [-59.51119, -33.976881], [-59.5111, -33.976955], [-59.511011, -33.977028], [-59.510922, -33.977101], [-59.510832, -33.977175], [-59.510743, -33.977248], [-59.510655, -33.97732], [-59.510567, -33.977393], [-59.51048, -33.977465], [-59.51039, -33.977539], [-59.510302, -33.977613], [-59.510213, -33.977686], [-59.510124, -33.97776], [-59.510035, -33.977833], [-59.509949, -33.977903], [-59.509859, -33.977975], [-59.509769, -33.978049], [-59.509679, -33.978121], [-59.509588, -33.978195], [-59.509497, -33.978269], [-59.509407, -33.978342], [-59.509317, -33.978415], [-59.509226, -33.978489], [-59.509135, -33.978562], [-59.509044, -33.978636], [-59.508954, -33.97871], [-59.508864, -33.978784], [-59.508773, -33.978858], [-59.508685, -33.97893], [-59.508594, -33.979004], [-59.508506, -33.979076], [-59.508415, -33.979151], [-59.508325, -33.979225], [-59.508237, -33.979296], [-59.508146, -33.97937], [-59.508055, -33.979444], [-59.507965, -33.979518], [-59.507873, -33.979592], [-59.507782, -33.979667], [-59.507691, -33.979741], [-59.5076, -33.979816], [-59.507509, -33.979891], [-59.507418, -33.979966], [-59.50733, -33.980038], [-59.50724, -33.98011], [-59.50715, -33.980184], [-59.507058, -33.980258], [-59.506967, -33.980332], [-59.506876, -33.980406], [-59.506786, -33.980479], [-59.506698, -33.980551], [-59.506607, -33.980625], [-59.506517, -33.980698], [-59.506427, -33.980773], [-59.50634, -33.980846], [-59.50625, -33.98092], [-59.506161, -33.980994], [-59.506071, -33.981069], [-59.505982, -33.981145], [-59.505893, -33.981221], [-59.505805, -33.981296], [-59.505716, -33.981373], [-59.505629, -33.981449], [-59.505543, -33.981522], [-59.505455, -33.981598], [-59.505366, -33.981674], [-59.505279, -33.981749], [-59.505191, -33.981824], [-59.505101, -33.9819], [-59.505012, -33.981975], [-59.504925, -33.982049], [-59.504839, -33.982122], [-59.504752, -33.982196], [-59.504664, -33.982272], [-59.504575, -33.982348], [-59.504486, -33.982424], [-59.504398, -33.982499], [-59.50431, -33.982575], [-59.504222, -33.982651], [-59.504134, -33.982727], [-59.504046, -33.982803], [-59.503957, -33.982879], [-59.503868, -33.982954], [-59.50378, -33.983029], [-59.503691, -33.983105], [-59.503606, -33.983178], [-59.503517, -33.983253], [-59.503431, -33.983328], [-59.503344, -33.983402], [-59.503258, -33.983475], [-59.503169, -33.983552], [-59.50308, -33.983628], [-59.502993, -33.983703], [-59.502904, -33.983779], [-59.502817, -33.983854], [-59.502729, -33.983929], [-59.502641, -33.984005], [-59.502552, -33.984081], [-59.502464, -33.984156], [-59.502375, -33.984232], [-59.502289, -33.984306], [-59.5022, -33.984381], [-59.502111, -33.984455], [-59.502023, -33.984531], [-59.501936, -33.984606], [-59.501847, -33.984681], [-59.501819, -33.984703], [-59.501729, -33.984776], [-59.501625, -33.984836], [-59.501539, -33.984878], [-59.50143, -33.98493], [-59.501321, -33.984984], [-59.501212, -33.985036], [-59.501104, -33.985091], [-59.501009, -33.985158], [-59.500919, -33.985232], [-59.50083, -33.985305], [-59.500739, -33.985381], [-59.500649, -33.985456], [-59.500559, -33.985531], [-59.500468, -33.985606], [-59.500378, -33.985682], [-59.500288, -33.985756], [-59.500266, -33.985775], [-59.500175, -33.98585], [-59.500084, -33.985924], [-59.499993, -33.985999], [-59.499903, -33.986075], [-59.499812, -33.98615], [-59.499744, -33.986205], [-59.499663, -33.986271], [-59.499571, -33.986346], [-59.49948, -33.98642], [-59.499389, -33.986494], [-59.499297, -33.986568], [-59.499205, -33.986642], [-59.499114, -33.986716], [-59.499022, -33.98679], [-59.49893, -33.986863], [-59.498839, -33.986937], [-59.498747, -33.987011], [-59.498655, -33.987085], [-59.498564, -33.987159], [-59.498472, -33.987234], [-59.498382, -33.987308], [-59.498292, -33.987381], [-59.498202, -33.987454], [-59.498112, -33.987526], [-59.498021, -33.987599], [-59.497929, -33.987672], [-59.497836, -33.987745], [-59.497742, -33.987817], [-59.497647, -33.987888], [-59.497552, -33.987959], [-59.497457, -33.988029], [-59.497361, -33.988099], [-59.497266, -33.98817], [-59.497171, -33.988241], [-59.497076, -33.988311], [-59.49698, -33.988382], [-59.496886, -33.988453], [-59.49679, -33.988524], [-59.496696, -33.988594], [-59.496602, -33.988665], [-59.496507, -33.988735], [-59.496414, -33.988805], [-59.49632, -33.988876], [-59.496227, -33.988945], [-59.496133, -33.989016], [-59.496038, -33.989087], [-59.495944, -33.989157], [-59.49585, -33.989228], [-59.495755, -33.9893], [-59.49566, -33.989371], [-59.495567, -33.989442], [-59.495475, -33.989511], [-59.495379, -33.989583], [-59.495285, -33.989653], [-59.49519, -33.989724], [-59.495095, -33.989794], [-59.495, -33.989865], [-59.494906, -33.989935], [-59.494812, -33.990006], [-59.494719, -33.990077], [-59.49463, -33.990144], [-59.494537, -33.990214], [-59.494442, -33.990285], [-59.494348, -33.990356], [-59.494254, -33.990426], [-59.49416, -33.990496], [-59.494065, -33.990567], [-59.493971, -33.990637], [-59.493877, -33.990708], [-59.493782, -33.990779], [-59.493688, -33.99085], [-59.493594, -33.990919], [-59.493499, -33.99099], [-59.493405, -33.99106], [-59.493312, -33.991131], [-59.493218, -33.991202], [-59.493123, -33.991273], [-59.493029, -33.991343], [-59.492935, -33.991414], [-59.492841, -33.991484], [-59.492747, -33.991554], [-59.492653, -33.991624], [-59.492558, -33.991696], [-59.492465, -33.991765], [-59.492371, -33.991836], [-59.492278, -33.991907], [-59.492183, -33.991978], [-59.492091, -33.992047], [-59.491996, -33.992118], [-59.491901, -33.992189], [-59.491806, -33.99226], [-59.491712, -33.99233], [-59.491617, -33.9924], [-59.491522, -33.992471], [-59.491426, -33.992542], [-59.491332, -33.992612], [-59.491237, -33.992682], [-59.491142, -33.992752], [-59.491048, -33.992822], [-59.490953, -33.992893], [-59.490858, -33.992964], [-59.490764, -33.993034], [-59.490669, -33.993105], [-59.490574, -33.993175], [-59.490479, -33.993246], [-59.490384, -33.993317], [-59.490291, -33.993387], [-59.4902, -33.993454], [-59.490107, -33.993523], [-59.490014, -33.993593], [-59.489919, -33.993664], [-59.489823, -33.993735], [-59.489728, -33.993806], [-59.489633, -33.993878], [-59.489538, -33.993949], [-59.489442, -33.994019], [-59.489347, -33.99409], [-59.489251, -33.994161], [-59.489156, -33.994231], [-59.48906, -33.994302], [-59.488965, -33.994373], [-59.488872, -33.994443], [-59.488777, -33.994513], [-59.488681, -33.994584], [-59.488586, -33.994655], [-59.488491, -33.994726], [-59.488396, -33.994796], [-59.488303, -33.994866], [-59.488208, -33.994937], [-59.488113, -33.995008], [-59.488019, -33.995079], [-59.487923, -33.99515], [-59.487831, -33.995219], [-59.487738, -33.995288], [-59.487644, -33.995358], [-59.487552, -33.995427], [-59.487458, -33.995498], [-59.487363, -33.995568], [-59.487268, -33.995639], [-59.487173, -33.99571], [-59.487078, -33.995781], [-59.486983, -33.995853], [-59.486889, -33.995924], [-59.486794, -33.995995], [-59.486699, -33.996067], [-59.486605, -33.996137], [-59.48651, -33.996208], [-59.486416, -33.996278], [-59.486323, -33.996348], [-59.486229, -33.996418], [-59.486136, -33.996488], [-59.486042, -33.996559], [-59.485948, -33.996629], [-59.485855, -33.9967], [-59.485761, -33.996771], [-59.485668, -33.996841], [-59.485574, -33.996912], [-59.485481, -33.996983], [-59.485388, -33.997053], [-59.48531, -33.997111], [-59.48522, -33.997179], [-59.485126, -33.99725], [-59.485033, -33.99732], [-59.484939, -33.997391], [-59.484846, -33.997462], [-59.484753, -33.997532], [-59.484695, -33.997575], [-59.4846, -33.997646], [-59.484505, -33.997718], [-59.484411, -33.997789], [-59.484319, -33.997859], [-59.484225, -33.997931], [-59.484131, -33.998002], [-59.484037, -33.998073], [-59.483943, -33.998144], [-59.48385, -33.998214], [-59.483755, -33.998286], [-59.483661, -33.998357], [-59.483567, -33.998427], [-59.483472, -33.998499], [-59.483377, -33.998569], [-59.483283, -33.99864], [-59.483188, -33.998711], [-59.483094, -33.998782], [-59.482999, -33.998853], [-59.482906, -33.998923], [-59.482812, -33.998994], [-59.482717, -33.999065], [-59.482624, -33.999137], [-59.482546, -33.999195], [-59.482453, -33.999266], [-59.482359, -33.999337], [-59.482265, -33.999407], [-59.482172, -33.999478], [-59.48208, -33.999548], [-59.481986, -33.999619], [-59.481894, -33.999689], [-59.481801, -33.999759], [-59.481708, -33.99983], [-59.481614, -33.999901], [-59.481521, -33.999971], [-59.481427, -34.000042], [-59.481333, -34.000113], [-59.481238, -34.000184], [-59.481144, -34.000255], [-59.48105, -34.000327], [-59.480955, -34.000398], [-59.48086, -34.00047], [-59.480766, -34.000541], [-59.480673, -34.000611], [-59.480578, -34.000682], [-59.480484, -34.000754], [-59.480394, -34.000822], [-59.480298, -34.000894], [-59.480204, -34.000964], [-59.48011, -34.001035], [-59.480016, -34.001105], [-59.479922, -34.001176], [-59.479828, -34.001246], [-59.479734, -34.001317], [-59.47964, -34.001387], [-59.479545, -34.001459], [-59.479451, -34.00153], [-59.479358, -34.001601], [-59.479264, -34.001672], [-59.479169, -34.001742], [-59.479076, -34.001812], [-59.478982, -34.001882], [-59.478888, -34.001954], [-59.478793, -34.002025], [-59.478699, -34.002095], [-59.478604, -34.002167], [-59.478509, -34.002238], [-59.478417, -34.002308], [-59.478324, -34.002379], [-59.478232, -34.002447], [-59.478139, -34.002517], [-59.478044, -34.002588], [-59.477949, -34.002658], [-59.477855, -34.002728], [-59.477761, -34.002798], [-59.477667, -34.002869], [-59.477574, -34.002941], [-59.477481, -34.003011], [-59.477387, -34.003083], [-59.477293, -34.003153], [-59.477199, -34.003224], [-59.477105, -34.003294], [-59.477011, -34.003365], [-59.476917, -34.003436], [-59.476824, -34.003506], [-59.47673, -34.003577], [-59.476637, -34.003647], [-59.476543, -34.003718], [-59.476449, -34.003789], [-59.476356, -34.003859], [-59.476262, -34.003931], [-59.476167, -34.004003], [-59.476079, -34.004069], [-59.475983, -34.00414], [-59.475889, -34.004211], [-59.475794, -34.004282], [-59.475702, -34.004352], [-59.475607, -34.004424], [-59.475512, -34.004496], [-59.475419, -34.004566], [-59.475325, -34.004637], [-59.47523, -34.004708], [-59.475135, -34.004778], [-59.475041, -34.004849], [-59.474947, -34.00492], [-59.474852, -34.00499], [-59.474759, -34.00506], [-59.474665, -34.00513], [-59.47457, -34.005201], [-59.474474, -34.005272], [-59.474381, -34.005341], [-59.474287, -34.005412], [-59.474268, -34.005426], [-59.474174, -34.005498], [-59.474131, -34.005531], [-59.474085, -34.005566], [-59.47399, -34.005637], [-59.473897, -34.005707], [-59.473804, -34.005778], [-59.47371, -34.005849], [-59.473617, -34.005919], [-59.473523, -34.00599], [-59.473429, -34.006061], [-59.473336, -34.006131], [-59.473241, -34.006203], [-59.473147, -34.006274], [-59.473052, -34.006346], [-59.472971, -34.006407], [-59.472952, -34.006422], [-59.472909, -34.006454], [-59.472896, -34.006464], [-59.472851, -34.006499], [-59.472788, -34.006546], [-59.472694, -34.006617], [-59.472599, -34.006688], [-59.472505, -34.006759], [-59.47241, -34.00683], [-59.472316, -34.006901], [-59.472222, -34.006972], [-59.472128, -34.007043], [-59.472034, -34.007115], [-59.471939, -34.007187], [-59.471846, -34.007257], [-59.471752, -34.007329], [-59.471658, -34.007401], [-59.471563, -34.007473], [-59.471471, -34.007542], [-59.471377, -34.007613], [-59.471281, -34.007684], [-59.471186, -34.007756], [-59.471092, -34.007827], [-59.471003, -34.007894], [-59.470909, -34.007966], [-59.470815, -34.008037], [-59.47072, -34.008109], [-59.470633, -34.008176], [-59.470539, -34.008248], [-59.470445, -34.008319], [-59.470354, -34.008389], [-59.47026, -34.00846], [-59.470167, -34.00853], [-59.470074, -34.008601], [-59.469983, -34.00867], [-59.46989, -34.008741], [-59.469798, -34.008811], [-59.469704, -34.008883], [-59.46961, -34.008955], [-59.469516, -34.009026], [-59.469423, -34.009096], [-59.469332, -34.009165], [-59.469241, -34.009233], [-59.469147, -34.009304], [-59.469053, -34.009375], [-59.468961, -34.009445], [-59.468868, -34.009514], [-59.468776, -34.009584], [-59.468683, -34.009656], [-59.468589, -34.009727], [-59.468494, -34.009799], [-59.468403, -34.009868], [-59.468309, -34.009938], [-59.468219, -34.010007], [-59.468127, -34.010077], [-59.468033, -34.010148], [-59.467942, -34.010217], [-59.46785, -34.010287], [-59.467756, -34.010359], [-59.467663, -34.01043], [-59.467569, -34.010501], [-59.467475, -34.010572], [-59.467381, -34.010644], [-59.467288, -34.010715], [-59.467194, -34.010786], [-59.4671, -34.010856], [-59.467006, -34.010927], [-59.46691, -34.010999], [-59.466817, -34.011069], [-59.466726, -34.011138], [-59.466631, -34.01121], [-59.466537, -34.011281], [-59.466444, -34.011352], [-59.466353, -34.011421], [-59.466259, -34.011492], [-59.466165, -34.011564], [-59.466072, -34.011634], [-59.465978, -34.011704], [-59.465883, -34.011775], [-59.46579, -34.011846], [-59.465695, -34.011917], [-59.465601, -34.011988], [-59.46551, -34.012056], [-59.465418, -34.012126], [-59.465324, -34.012197], [-59.465229, -34.012268], [-59.465136, -34.012338], [-59.465041, -34.01241], [-59.464949, -34.01248], [-59.464854, -34.012551], [-59.46476, -34.012622], [-59.464666, -34.012694], [-59.464575, -34.012763], [-59.464482, -34.012833], [-59.464388, -34.012904], [-59.464294, -34.012976], [-59.464203, -34.013044], [-59.464109, -34.013116], [-59.464015, -34.013187], [-59.463921, -34.013258], [-59.463828, -34.013328], [-59.463738, -34.013396], [-59.463643, -34.013468], [-59.463552, -34.013536], [-59.463457, -34.013608], [-59.463363, -34.013679], [-59.463268, -34.013752], [-59.463176, -34.013822], [-59.463081, -34.013894], [-59.462991, -34.013963], [-59.462897, -34.014035], [-59.462804, -34.014106], [-59.462709, -34.014178], [-59.462616, -34.014249], [-59.462525, -34.014319], [-59.462431, -34.01439], [-59.462336, -34.014463], [-59.462242, -34.014534], [-59.462147, -34.014606], [-59.462052, -34.014677], [-59.461957, -34.014748], [-59.461863, -34.01482], [-59.461772, -34.014888], [-59.461677, -34.014959], [-59.461583, -34.01503], [-59.461495, -34.015097], [-59.461401, -34.015168], [-59.461307, -34.015239], [-59.461215, -34.015309], [-59.461121, -34.01538], [-59.461027, -34.015451], [-59.460949, -34.01551], [-59.460855, -34.015581], [-59.460761, -34.015652], [-59.460666, -34.015724], [-59.460603, -34.015772], [-59.460509, -34.015845], [-59.460425, -34.015921], [-59.460355, -34.016008], [-59.460287, -34.016096], [-59.460217, -34.016184], [-59.460166, -34.016247], [-59.460098, -34.016333], [-59.460027, -34.016421], [-59.459949, -34.016505], [-59.459858, -34.016578], [-59.459826, -34.016602], [-59.459767, -34.016647], [-59.459676, -34.016716], [-59.459584, -34.016785], [-59.459489, -34.016856], [-59.459395, -34.016926], [-59.4593, -34.016998], [-59.459206, -34.017069], [-59.459111, -34.01714], [-59.459016, -34.017212], [-59.458921, -34.017283], [-59.458826, -34.017354], [-59.458732, -34.017424], [-59.458637, -34.017495], [-59.458544, -34.017565], [-59.458448, -34.017637], [-59.458356, -34.017707], [-59.458262, -34.017777], [-59.458168, -34.017847], [-59.458074, -34.017918], [-59.457981, -34.017988], [-59.457886, -34.018059], [-59.457791, -34.01813], [-59.457696, -34.018201], [-59.457601, -34.018272], [-59.457506, -34.018344], [-59.457411, -34.018415], [-59.457316, -34.018487], [-59.457221, -34.018558], [-59.457126, -34.018629], [-59.457031, -34.0187], [-59.456937, -34.018771], [-59.456842, -34.018843], [-59.456747, -34.018914], [-59.456656, -34.018982], [-59.45656, -34.019054], [-59.456466, -34.019125], [-59.456371, -34.019196], [-59.456277, -34.019266], [-59.456183, -34.019337], [-59.456088, -34.019407], [-59.455995, -34.019478], [-59.4559, -34.01955], [-59.455806, -34.019621], [-59.455713, -34.019692], [-59.455618, -34.019765], [-59.455525, -34.019836], [-59.455431, -34.019908], [-59.455338, -34.019979], [-59.455253, -34.020046], [-59.45516, -34.020118], [-59.455067, -34.02019], [-59.454982, -34.020254], [-59.454955, -34.020275], [-59.454863, -34.020346], [-59.45477, -34.02042], [-59.454678, -34.020492], [-59.454591, -34.020563], [-59.4545, -34.020635], [-59.454456, -34.020669], [-59.454412, -34.020704], [-59.454368, -34.020739], [-59.454324, -34.020773], [-59.454279, -34.020809], [-59.454235, -34.020844], [-59.454142, -34.020916], [-59.45405, -34.020988], [-59.453958, -34.021062], [-59.453936, -34.02108], [-59.453847, -34.02115], [-59.453753, -34.021222], [-59.453657, -34.021293], [-59.45356, -34.021363], [-59.453466, -34.021432], [-59.453371, -34.021503], [-59.45328, -34.021573], [-59.453187, -34.021645], [-59.453101, -34.021711], [-59.453007, -34.021784], [-59.452914, -34.021855], [-59.452821, -34.021928], [-59.45273, -34.021999], [-59.452636, -34.022072], [-59.452543, -34.022144], [-59.45245, -34.022216], [-59.452357, -34.022289], [-59.452263, -34.022361], [-59.452169, -34.022433], [-59.452075, -34.022506], [-59.451983, -34.022576], [-59.451889, -34.022649], [-59.451804, -34.022715], [-59.451712, -34.022787], [-59.451619, -34.022859], [-59.451527, -34.02293], [-59.451434, -34.023003], [-59.451341, -34.023075], [-59.451248, -34.023147], [-59.451155, -34.023219], [-59.451062, -34.023291], [-59.450969, -34.023363], [-59.450877, -34.023435], [-59.450784, -34.023508], [-59.450691, -34.02358], [-59.450598, -34.023653], [-59.450504, -34.023726], [-59.450411, -34.023799], [-59.450319, -34.023871], [-59.450225, -34.023943], [-59.450131, -34.024015], [-59.450037, -34.024087], [-59.449943, -34.02416], [-59.44985, -34.024232], [-59.449758, -34.024304], [-59.449665, -34.024377], [-59.449572, -34.02445], [-59.449479, -34.024522], [-59.449387, -34.024594], [-59.449294, -34.024666], [-59.449202, -34.024737], [-59.449109, -34.024807], [-59.449014, -34.024877], [-59.448917, -34.024946], [-59.448868, -34.02498], [-59.44882, -34.025013], [-59.448772, -34.025046], [-59.448722, -34.02508], [-59.448625, -34.025146], [-59.448526, -34.025212], [-59.448496, -34.025233], [-59.448399, -34.025299], [-59.4483, -34.025366], [-59.448207, -34.02543], [-59.448111, -34.025496], [-59.448014, -34.025563], [-59.447917, -34.025631], [-59.447819, -34.025698], [-59.447721, -34.025764], [-59.447623, -34.025831], [-59.447524, -34.025898], [-59.447425, -34.025966], [-59.447326, -34.026033], [-59.447228, -34.0261], [-59.44713, -34.026167], [-59.447031, -34.026235], [-59.446933, -34.026303], [-59.446836, -34.02637], [-59.446737, -34.026438], [-59.446638, -34.026506], [-59.446539, -34.026573], [-59.446441, -34.026641], [-59.446342, -34.026708], [-59.446243, -34.026776], [-59.446145, -34.026843], [-59.446047, -34.02691], [-59.445949, -34.026977], [-59.445857, -34.02704], [-59.44576, -34.027107], [-59.445662, -34.027174], [-59.445566, -34.02724], [-59.445468, -34.027308], [-59.445373, -34.027375], [-59.445275, -34.027441], [-59.445177, -34.027509], [-59.445079, -34.027576], [-59.44498, -34.027644], [-59.444882, -34.027711], [-59.444784, -34.027778], [-59.444686, -34.027845], [-59.444589, -34.027912], [-59.444493, -34.027977], [-59.444397, -34.028042], [-59.444298, -34.028109], [-59.444199, -34.028177], [-59.444102, -34.028244], [-59.444004, -34.028311], [-59.443911, -34.028375], [-59.443813, -34.028442], [-59.443716, -34.028509], [-59.44362, -34.028575], [-59.443521, -34.028643], [-59.443423, -34.02871], [-59.443324, -34.028778], [-59.443231, -34.028842], [-59.443132, -34.028909], [-59.443033, -34.028977], [-59.442936, -34.029043], [-59.442839, -34.029109], [-59.44274, -34.029177], [-59.442642, -34.029244], [-59.442545, -34.029311], [-59.442447, -34.029378], [-59.442349, -34.029445], [-59.44225, -34.029514], [-59.442153, -34.029581], [-59.442056, -34.029648], [-59.441957, -34.029715], [-59.441859, -34.029781], [-59.441762, -34.029848], [-59.441664, -34.029915], [-59.441565, -34.029982], [-59.441468, -34.030048], [-59.441373, -34.030113], [-59.441276, -34.03018], [-59.441179, -34.030247], [-59.44108, -34.030315], [-59.440982, -34.030382], [-59.440884, -34.030449], [-59.440785, -34.030514], [-59.440684, -34.03058], [-59.440585, -34.030645], [-59.440489, -34.030708], [-59.44039, -34.030773], [-59.440291, -34.030839], [-59.440191, -34.030905], [-59.440092, -34.03097], [-59.439993, -34.031035], [-59.439894, -34.031101], [-59.439795, -34.031167], [-59.439695, -34.031233], [-59.439595, -34.031299], [-59.439495, -34.031365], [-59.439397, -34.03143], [-59.439298, -34.031496], [-59.439199, -34.031562], [-59.439099, -34.031628], [-59.438999, -34.031694], [-59.438901, -34.031759], [-59.4388, -34.031826], [-59.438701, -34.031891], [-59.438601, -34.031957], [-59.438501, -34.032022], [-59.438401, -34.032088], [-59.438302, -34.032154], [-59.438204, -34.032219], [-59.438105, -34.032286], [-59.438005, -34.032352], [-59.437905, -34.032418], [-59.437805, -34.032483], [-59.437705, -34.032549], [-59.437605, -34.032616], [-59.437506, -34.032681], [-59.437406, -34.032748], [-59.437306, -34.032814], [-59.437206, -34.03288], [-59.437107, -34.032945], [-59.437009, -34.03301], [-59.43691, -34.033076], [-59.436811, -34.033142], [-59.436711, -34.033208], [-59.436612, -34.033274], [-59.436513, -34.03334], [-59.436415, -34.033406], [-59.436318, -34.03347], [-59.436222, -34.033533], [-59.436121, -34.033599], [-59.436022, -34.033664], [-59.435922, -34.033731], [-59.435823, -34.033797], [-59.435724, -34.033864], [-59.435624, -34.033931], [-59.435526, -34.033997], [-59.435426, -34.034063], [-59.435327, -34.03413], [-59.435229, -34.034196], [-59.435129, -34.034262], [-59.435029, -34.034328], [-59.434929, -34.034395], [-59.43483, -34.034461], [-59.434731, -34.034527], [-59.434632, -34.034593], [-59.434533, -34.034659], [-59.434435, -34.034723], [-59.434336, -34.03479], [-59.434241, -34.034853], [-59.434143, -34.034918], [-59.434045, -34.034983], [-59.433944, -34.035051], [-59.433845, -34.035117], [-59.433745, -34.035183], [-59.433646, -34.035249], [-59.433546, -34.035316], [-59.433446, -34.035383], [-59.433346, -34.035449], [-59.433246, -34.035515], [-59.433147, -34.035581], [-59.433046, -34.035647], [-59.432948, -34.035712], [-59.432848, -34.035778], [-59.432756, -34.035839], [-59.432658, -34.035904], [-59.432559, -34.03597], [-59.43246, -34.036035], [-59.432361, -34.036101], [-59.432262, -34.036167], [-59.432162, -34.036233], [-59.432062, -34.036299], [-59.431964, -34.036364], [-59.431868, -34.036428], [-59.431769, -34.036493], [-59.431669, -34.036559], [-59.43157, -34.036625], [-59.431472, -34.036691], [-59.431374, -34.036757], [-59.431275, -34.036823], [-59.431177, -34.036889], [-59.431078, -34.036955], [-59.430978, -34.037022], [-59.430879, -34.037088], [-59.430781, -34.037152], [-59.430683, -34.037217], [-59.430584, -34.037282], [-59.430484, -34.037348], [-59.430386, -34.037413], [-59.430287, -34.037479], [-59.430188, -34.037546], [-59.430146, -34.037574], [-59.430046, -34.037641], [-59.429947, -34.037707], [-59.429849, -34.037772], [-59.42975, -34.037837], [-59.42965, -34.037902], [-59.429551, -34.037968], [-59.429452, -34.038034], [-59.429352, -34.038101], [-59.429253, -34.038167], [-59.429156, -34.038232], [-59.429056, -34.038299], [-59.428956, -34.038364], [-59.428856, -34.038431], [-59.428757, -34.038496], [-59.428656, -34.038564], [-59.428558, -34.038629], [-59.428458, -34.038696], [-59.428358, -34.038762], [-59.428259, -34.038829], [-59.42816, -34.038895], [-59.42806, -34.038962], [-59.427961, -34.039027], [-59.427861, -34.039094], [-59.427761, -34.03916], [-59.427663, -34.039226], [-59.427568, -34.039289], [-59.427468, -34.039356], [-59.427368, -34.039421], [-59.427269, -34.039487], [-59.427169, -34.039552], [-59.42707, -34.039619], [-59.426971, -34.039684], [-59.426874, -34.039748], [-59.426776, -34.039814], [-59.426679, -34.039878], [-59.42658, -34.039943], [-59.426481, -34.040009], [-59.426381, -34.040075], [-59.42628, -34.040141], [-59.42618, -34.040207], [-59.426082, -34.040272], [-59.425982, -34.040339], [-59.425882, -34.040405], [-59.425786, -34.040469], [-59.425685, -34.040535], [-59.425586, -34.0406], [-59.425486, -34.040667], [-59.425387, -34.040733], [-59.425288, -34.040798], [-59.425189, -34.040864], [-59.42509, -34.04093], [-59.424991, -34.040996], [-59.424891, -34.041062], [-59.424794, -34.041126], [-59.424695, -34.041191], [-59.424597, -34.041256], [-59.424497, -34.041322], [-59.424398, -34.041387], [-59.424298, -34.041454], [-59.424199, -34.041519], [-59.4241, -34.041586], [-59.424003, -34.04165], [-59.423903, -34.041716], [-59.423804, -34.041782], [-59.423704, -34.041848], [-59.423605, -34.041913], [-59.423506, -34.041979], [-59.423406, -34.042044], [-59.423308, -34.042109], [-59.423209, -34.042174], [-59.42311, -34.042239], [-59.423011, -34.042305], [-59.422911, -34.04237], [-59.422854, -34.042407], [-59.422754, -34.042472], [-59.422655, -34.042537], [-59.422554, -34.042602], [-59.422454, -34.042666], [-59.422353, -34.04273], [-59.422252, -34.042795], [-59.422152, -34.042859], [-59.422052, -34.042923], [-59.421951, -34.042988], [-59.421851, -34.043052], [-59.421751, -34.043117], [-59.42165, -34.043182], [-59.421554, -34.043244], [-59.421454, -34.043308], [-59.421354, -34.043373], [-59.421255, -34.043436], [-59.421155, -34.043501], [-59.421055, -34.043565], [-59.420956, -34.043627], [-59.420856, -34.04369], [-59.420755, -34.043755], [-59.420655, -34.043819], [-59.420553, -34.043883], [-59.420452, -34.043947], [-59.42035, -34.044011], [-59.420249, -34.044074], [-59.420147, -34.044137], [-59.420045, -34.0442], [-59.419944, -34.044264], [-59.419842, -34.044327], [-59.41974, -34.04439], [-59.419638, -34.044453], [-59.419536, -34.044517], [-59.419434, -34.04458], [-59.419332, -34.044643], [-59.41923, -34.044706], [-59.419128, -34.04477], [-59.419027, -34.044833], [-59.418925, -34.044896], [-59.41883, -34.044954], [-59.418728, -34.045018], [-59.418627, -34.045081], [-59.418525, -34.045144], [-59.418426, -34.045206], [-59.418327, -34.045267], [-59.418225, -34.045331], [-59.418123, -34.045394], [-59.418022, -34.045456], [-59.417922, -34.045518], [-59.417821, -34.045581], [-59.417724, -34.045641], [-59.417622, -34.045704], [-59.417521, -34.045768], [-59.417421, -34.04583], [-59.417319, -34.045893], [-59.417219, -34.045956], [-59.417118, -34.046019], [-59.417017, -34.046083], [-59.416915, -34.046146], [-59.416813, -34.04621], [-59.416712, -34.046273], [-59.416609, -34.046336], [-59.416508, -34.046399], [-59.416406, -34.046462], [-59.416304, -34.046526], [-59.416202, -34.046589], [-59.416099, -34.046653], [-59.415999, -34.046716], [-59.415896, -34.046779], [-59.415795, -34.046843], [-59.415693, -34.046906], [-59.415591, -34.04697], [-59.415492, -34.047031], [-59.41539, -34.047095], [-59.415291, -34.047156], [-59.41519, -34.04722], [-59.415089, -34.047282], [-59.414987, -34.047345], [-59.414886, -34.047408], [-59.414784, -34.047471], [-59.414682, -34.047534], [-59.41458, -34.047597], [-59.414479, -34.04766], [-59.414377, -34.047724], [-59.414277, -34.047787], [-59.414176, -34.04785], [-59.414075, -34.047914], [-59.413973, -34.047978], [-59.413875, -34.048039], [-59.413772, -34.048103], [-59.41367, -34.048166], [-59.413569, -34.048229], [-59.413468, -34.048292], [-59.413365, -34.048355], [-59.413264, -34.048418], [-59.41317, -34.048476], [-59.413069, -34.048538], [-59.412969, -34.048599], [-59.412868, -34.048662], [-59.412767, -34.048725], [-59.412665, -34.048788], [-59.412564, -34.048852], [-59.412509, -34.048886], [-59.412409, -34.048948], [-59.412306, -34.049012], [-59.412202, -34.049075], [-59.4121, -34.049139], [-59.411997, -34.049203], [-59.411895, -34.049266], [-59.411792, -34.04933], [-59.41169, -34.049395], [-59.411587, -34.049458], [-59.411486, -34.049521], [-59.411383, -34.049585], [-59.41128, -34.049649], [-59.411178, -34.049712], [-59.411075, -34.049776], [-59.410972, -34.04984], [-59.410881, -34.049897], [-59.410779, -34.049961], [-59.410676, -34.050024], [-59.410586, -34.05008], [-59.410484, -34.050144], [-59.410382, -34.050207], [-59.41028, -34.050271], [-59.41018, -34.050334], [-59.410078, -34.050398], [-59.409976, -34.050462], [-59.409876, -34.050525], [-59.409776, -34.050588], [-59.409675, -34.050651], [-59.409574, -34.050714], [-59.40947, -34.050779], [-59.409371, -34.050841], [-59.409269, -34.050904], [-59.409167, -34.050968], [-59.409065, -34.051032], [-59.408963, -34.051095], [-59.408862, -34.051158], [-59.408763, -34.05122], [-59.408661, -34.051283], [-59.408559, -34.051347], [-59.408458, -34.051411], [-59.408357, -34.051475], [-59.408255, -34.051539], [-59.408153, -34.051603], [-59.40805, -34.051667], [-59.407949, -34.051731], [-59.407846, -34.051796], [-59.407745, -34.05186], [-59.407643, -34.051924], [-59.40754, -34.051988], [-59.407439, -34.052051], [-59.407338, -34.052114], [-59.407237, -34.052179], [-59.407137, -34.052241], [-59.407037, -34.052305], [-59.406935, -34.052369], [-59.406836, -34.052431], [-59.406734, -34.052495], [-59.406633, -34.052558], [-59.406532, -34.052622], [-59.406431, -34.052685], [-59.406329, -34.052749], [-59.406228, -34.052813], [-59.406127, -34.052876], [-59.406026, -34.05294], [-59.405925, -34.053003], [-59.405823, -34.053067], [-59.405722, -34.05313], [-59.405621, -34.053193], [-59.405518, -34.053257], [-59.405417, -34.05332], [-59.405316, -34.053383], [-59.405213, -34.053447], [-59.405111, -34.05351], [-59.405008, -34.053574], [-59.404907, -34.053636], [-59.404804, -34.0537], [-59.404702, -34.053764], [-59.404599, -34.053827], [-59.404497, -34.053891], [-59.404394, -34.053954], [-59.404294, -34.054018], [-59.404192, -34.054082], [-59.40409, -34.054146], [-59.403987, -34.05421], [-59.403885, -34.054274], [-59.403783, -34.054337], [-59.40368, -34.054401], [-59.403579, -34.054464], [-59.403477, -34.054528], [-59.403376, -34.05459], [-59.403276, -34.054652], [-59.403177, -34.054713], [-59.403074, -34.054776], [-59.402972, -34.054839], [-59.40287, -34.054904], [-59.402769, -34.054966], [-59.402668, -34.055028], [-59.402567, -34.055091], [-59.402464, -34.055154], [-59.402365, -34.055216], [-59.402263, -34.055279], [-59.402161, -34.055343], [-59.40206, -34.055407], [-59.401958, -34.05547], [-59.401856, -34.055534], [-59.401753, -34.055598], [-59.401651, -34.055661], [-59.40155, -34.055724], [-59.401447, -34.055788], [-59.401344, -34.055852], [-59.401243, -34.055915], [-59.401144, -34.055976], [-59.401044, -34.056038], [-59.400942, -34.0561], [-59.400843, -34.056161], [-59.400741, -34.056225], [-59.400639, -34.056288], [-59.400537, -34.056352], [-59.400435, -34.056416], [-59.400333, -34.056479], [-59.400232, -34.056542], [-59.400127, -34.056607], [-59.400026, -34.056669], [-59.399924, -34.056733], [-59.399821, -34.056796], [-59.39972, -34.056859], [-59.399621, -34.056921], [-59.399518, -34.056985], [-59.399416, -34.057048], [-59.399313, -34.057112], [-59.399212, -34.057175], [-59.399114, -34.057237], [-59.399012, -34.0573], [-59.398911, -34.057362], [-59.398809, -34.057426], [-59.398707, -34.05749], [-59.398605, -34.057553], [-59.398502, -34.057616], [-59.398402, -34.057678], [-59.3983, -34.057742], [-59.398197, -34.057806], [-59.398098, -34.057868], [-59.397998, -34.057929], [-59.397895, -34.057993], [-59.397793, -34.058056], [-59.397691, -34.058119], [-59.39759, -34.058182], [-59.397489, -34.058245], [-59.397387, -34.05831], [-59.397287, -34.058374], [-59.397187, -34.058438], [-59.397085, -34.058503], [-59.396983, -34.058568], [-59.396883, -34.058631], [-59.396783, -34.058694], [-59.39668, -34.058759], [-59.396579, -34.058822], [-59.396481, -34.058883], [-59.396382, -34.058945], [-59.396316, -34.058986], [-59.396216, -34.059048], [-59.396114, -34.059111], [-59.396012, -34.059175], [-59.39591, -34.059239], [-59.395813, -34.059299], [-59.395712, -34.059362], [-59.395611, -34.059425], [-59.395512, -34.059486], [-59.39541, -34.05955], [-59.395309, -34.059612], [-59.395208, -34.059676], [-59.395106, -34.059739], [-59.395003, -34.059803], [-59.394901, -34.059867], [-59.394799, -34.059931], [-59.394698, -34.059995], [-59.394595, -34.060059], [-59.394493, -34.060123], [-59.394391, -34.060186], [-59.394291, -34.060248], [-59.394188, -34.060312], [-59.394086, -34.060376], [-59.393985, -34.060439], [-59.393885, -34.060503], [-59.393782, -34.060566], [-59.393683, -34.060628], [-59.393582, -34.060691], [-59.393479, -34.060755], [-59.393384, -34.060815], [-59.393287, -34.060875], [-59.393185, -34.060938], [-59.393083, -34.061002], [-59.39298, -34.061066], [-59.392879, -34.061129], [-59.392776, -34.061193], [-59.392675, -34.061256], [-59.392573, -34.06132], [-59.392472, -34.061384], [-59.392371, -34.061447], [-59.392271, -34.06151], [-59.392169, -34.061574], [-59.392068, -34.061637], [-59.391966, -34.0617], [-59.391866, -34.061763], [-59.391765, -34.061826], [-59.391663, -34.061889], [-59.391561, -34.061953], [-59.391459, -34.062016], [-59.391358, -34.062079], [-59.391255, -34.062142], [-59.391152, -34.062206], [-59.391051, -34.062269], [-59.39095, -34.062333], [-59.390849, -34.062397], [-59.390747, -34.062461], [-59.390646, -34.062526], [-59.390544, -34.062589], [-59.390441, -34.062653], [-59.390339, -34.062717], [-59.39024, -34.062779], [-59.390137, -34.062843], [-59.390035, -34.062907], [-59.389933, -34.06297], [-59.389831, -34.063034], [-59.389729, -34.063098], [-59.389627, -34.063162], [-59.389525, -34.063225], [-59.389459, -34.063267], [-59.389358, -34.06333], [-59.389257, -34.063393], [-59.389154, -34.063458], [-59.389053, -34.063521], [-59.388951, -34.063585], [-59.388848, -34.063649], [-59.388746, -34.063712], [-59.388644, -34.063776], [-59.388542, -34.06384], [-59.388441, -34.063903], [-59.388339, -34.063967], [-59.388237, -34.064032], [-59.388135, -34.064096], [-59.388033, -34.06416], [-59.387938, -34.06422], [-59.387838, -34.064283], [-59.387736, -34.064347], [-59.387633, -34.064411], [-59.387531, -34.064474], [-59.387429, -34.064538], [-59.387328, -34.064601], [-59.387227, -34.064666], [-59.387172, -34.064701], [-59.387075, -34.064764], [-59.386975, -34.064827], [-59.386874, -34.064892], [-59.386772, -34.064956], [-59.386722, -34.064988], [-59.38667, -34.06502], [-59.386619, -34.065052], [-59.386569, -34.065084], [-59.386518, -34.065115], [-59.386466, -34.065147], [-59.386415, -34.065179], [-59.386362, -34.065211], [-59.386312, -34.065242], [-59.38626, -34.065274], [-59.38621, -34.065305], [-59.386158, -34.065338], [-59.386107, -34.06537], [-59.386055, -34.065402], [-59.386004, -34.065434], [-59.385952, -34.065467], [-59.385902, -34.065498], [-59.385849, -34.065531], [-59.385799, -34.065562], [-59.385747, -34.065595], [-59.385645, -34.065659], [-59.385543, -34.065722], [-59.385456, -34.065776], [-59.385354, -34.065838], [-59.385253, -34.065899], [-59.385149, -34.065962], [-59.385046, -34.066025], [-59.384944, -34.066089], [-59.384845, -34.066151], [-59.384742, -34.066216], [-59.384643, -34.066279], [-59.384543, -34.066342], [-59.384441, -34.066407], [-59.384339, -34.06647], [-59.384238, -34.066533], [-59.384137, -34.066596], [-59.384037, -34.066658], [-59.383936, -34.06672], [-59.383834, -34.066783], [-59.38373, -34.066846], [-59.38363, -34.066908], [-59.383527, -34.06697], [-59.383429, -34.067031], [-59.383327, -34.067094], [-59.383226, -34.067157], [-59.383123, -34.067221], [-59.383021, -34.067284], [-59.382919, -34.067348], [-59.382816, -34.067412], [-59.382716, -34.067475], [-59.382613, -34.067538], [-59.38251, -34.067601], [-59.382407, -34.067665], [-59.382304, -34.067728], [-59.382201, -34.067792], [-59.382099, -34.067855], [-59.381996, -34.067918], [-59.381893, -34.067982], [-59.381792, -34.068045], [-59.381691, -34.068108], [-59.38159, -34.068171], [-59.381488, -34.068235], [-59.381386, -34.068298], [-59.381284, -34.068361], [-59.381183, -34.068423], [-59.381083, -34.068484], [-59.380982, -34.068547], [-59.38088, -34.06861], [-59.380779, -34.068673], [-59.380678, -34.068736], [-59.380577, -34.068798], [-59.380476, -34.068861], [-59.380373, -34.068925], [-59.380271, -34.068988], [-59.38017, -34.069051], [-59.380067, -34.069115], [-59.379967, -34.069178], [-59.379865, -34.069242], [-59.379764, -34.069304], [-59.379662, -34.069368], [-59.37956, -34.069432], [-59.379458, -34.069495], [-59.379357, -34.069558], [-59.379255, -34.069621], [-59.379152, -34.069684], [-59.37905, -34.069748], [-59.378989, -34.069786], [-59.378888, -34.06985], [-59.378786, -34.069915], [-59.378684, -34.069978], [-59.378584, -34.070041], [-59.378482, -34.070104], [-59.378384, -34.070165], [-59.378283, -34.070228], [-59.378181, -34.070292], [-59.378079, -34.070356], [-59.377976, -34.07042], [-59.377874, -34.070483], [-59.377773, -34.070546], [-59.377672, -34.070609], [-59.37757, -34.070672], [-59.377467, -34.070736], [-59.377364, -34.0708], [-59.377262, -34.070863], [-59.377161, -34.070927], [-59.377059, -34.07099], [-59.376958, -34.071054], [-59.376857, -34.071117], [-59.376757, -34.07118], [-59.376655, -34.071243], [-59.376553, -34.071307], [-59.376451, -34.07137], [-59.376349, -34.071433], [-59.376246, -34.071497], [-59.376145, -34.071561], [-59.376042, -34.071625], [-59.375941, -34.071688], [-59.375841, -34.07175], [-59.37574, -34.071814], [-59.375638, -34.071879], [-59.375601, -34.071902], [-59.375499, -34.071965], [-59.375399, -34.072026], [-59.375298, -34.072089], [-59.375195, -34.072154], [-59.375092, -34.072218], [-59.374991, -34.072282], [-59.374889, -34.072346], [-59.374787, -34.07241], [-59.374684, -34.072474], [-59.374584, -34.072536], [-59.37448, -34.0726], [-59.374378, -34.072662], [-59.374278, -34.072725], [-59.374178, -34.072788], [-59.374097, -34.072839], [-59.373995, -34.072904], [-59.373892, -34.072968], [-59.37379, -34.073031], [-59.373688, -34.073094], [-59.373586, -34.073158], [-59.373485, -34.073222], [-59.373385, -34.073285], [-59.373283, -34.073349], [-59.373185, -34.07341], [-59.373082, -34.073475], [-59.37298, -34.073538], [-59.372879, -34.073602], [-59.372776, -34.073666], [-59.372674, -34.07373], [-59.372572, -34.073794], [-59.372469, -34.073857], [-59.372367, -34.073921], [-59.372267, -34.073983], [-59.372167, -34.074045], [-59.372064, -34.074109], [-59.371963, -34.074172], [-59.371861, -34.074235], [-59.371759, -34.074299], [-59.371659, -34.074362], [-59.371557, -34.074426], [-59.371456, -34.074489], [-59.371354, -34.074553], [-59.371251, -34.074616], [-59.37115, -34.074679], [-59.371048, -34.074742], [-59.370948, -34.074804], [-59.370848, -34.074866], [-59.370746, -34.07493], [-59.37065, -34.074989], [-59.370548, -34.075053], [-59.370447, -34.075116], [-59.370345, -34.07518], [-59.370242, -34.075243], [-59.37014, -34.075307], [-59.370038, -34.07537], [-59.369936, -34.075433], [-59.369835, -34.075497], [-59.369734, -34.075562], [-59.369636, -34.075625], [-59.369579, -34.075661], [-59.369478, -34.075727], [-59.369377, -34.075791], [-59.369276, -34.075857], [-59.369175, -34.075922], [-59.369074, -34.075987], [-59.368973, -34.076053], [-59.368872, -34.076118], [-59.368773, -34.076183], [-59.368672, -34.076249], [-59.368572, -34.076314], [-59.368471, -34.07638], [-59.368372, -34.076444], [-59.368272, -34.07651], [-59.368172, -34.076575], [-59.368072, -34.07664], [-59.367973, -34.076706], [-59.367872, -34.076771], [-59.367771, -34.076837], [-59.367671, -34.076902], [-59.367572, -34.076967], [-59.367472, -34.077031], [-59.36737, -34.077097], [-59.367271, -34.077161], [-59.367184, -34.077217], [-59.367083, -34.077283], [-59.366982, -34.077348], [-59.366882, -34.077413], [-59.366781, -34.077479], [-59.36668, -34.077544], [-59.366579, -34.077609], [-59.366478, -34.077675], [-59.366377, -34.077741], [-59.366277, -34.077806], [-59.36618, -34.077869], [-59.36608, -34.077935], [-59.365979, -34.078001], [-59.365878, -34.078066], [-59.365778, -34.078131], [-59.365678, -34.078196], [-59.36558, -34.078261], [-59.365479, -34.078326], [-59.365379, -34.078392], [-59.365279, -34.078457], [-59.365179, -34.078522], [-59.365079, -34.078588], [-59.364978, -34.078653], [-59.364879, -34.078718], [-59.364778, -34.078783], [-59.364677, -34.078848], [-59.364576, -34.078913], [-59.364476, -34.078978], [-59.364377, -34.079042], [-59.364277, -34.079107], [-59.364176, -34.079173], [-59.364076, -34.079238], [-59.363975, -34.079304], [-59.363875, -34.07937], [-59.363774, -34.079435], [-59.363673, -34.079501], [-59.363572, -34.079567], [-59.363472, -34.079631], [-59.363371, -34.079697], [-59.363272, -34.079761], [-59.363172, -34.079827], [-59.363072, -34.079892], [-59.362971, -34.079958], [-59.362871, -34.080024], [-59.36277, -34.080089], [-59.362669, -34.080155], [-59.362568, -34.08022], [-59.362467, -34.080285], [-59.362366, -34.08035], [-59.362266, -34.080415], [-59.362165, -34.080481], [-59.362064, -34.080546], [-59.361967, -34.080609], [-59.361867, -34.080674], [-59.361767, -34.080739], [-59.361666, -34.080805], [-59.361565, -34.08087], [-59.361466, -34.080935], [-59.361365, -34.081], [-59.361264, -34.081066], [-59.361163, -34.081131], [-59.361063, -34.081197], [-59.360962, -34.081263], [-59.360861, -34.081329], [-59.36076, -34.081394], [-59.360662, -34.081459], [-59.360561, -34.081524], [-59.360461, -34.081589], [-59.36036, -34.081655], [-59.36026, -34.08172], [-59.360159, -34.081786], [-59.360059, -34.081851], [-59.359958, -34.081916], [-59.359858, -34.081982], [-59.359757, -34.082047], [-59.359657, -34.082113], [-59.359556, -34.082178], [-59.359455, -34.082243], [-59.359355, -34.082308], [-59.359254, -34.082374], [-59.359154, -34.082439], [-59.359055, -34.082504], [-59.358955, -34.08257], [-59.358856, -34.082635], [-59.358756, -34.0827], [-59.358656, -34.082765], [-59.358554, -34.082831], [-59.358455, -34.082896], [-59.358356, -34.082961], [-59.358256, -34.083025], [-59.358157, -34.08309], [-59.358056, -34.083156], [-59.357956, -34.083221], [-59.357855, -34.083287], [-59.357753, -34.083352], [-59.357653, -34.083417], [-59.35755, -34.083484], [-59.35745, -34.083548], [-59.357349, -34.083613], [-59.35725, -34.083678], [-59.357148, -34.083744], [-59.357054, -34.083806], [-59.356955, -34.083872], [-59.356851, -34.083933], [-59.356742, -34.08399], [-59.356638, -34.084045], [-59.356529, -34.084102], [-59.35642, -34.084157], [-59.356312, -34.084213], [-59.356205, -34.084268], [-59.356096, -34.084325], [-59.355987, -34.084381], [-59.355882, -34.084436], [-59.355791, -34.084483], [-59.355682, -34.08454], [-59.355583, -34.084592], [-59.355487, -34.084642], [-59.355387, -34.084694], [-59.355278, -34.08475], [-59.355169, -34.084807], [-59.35506, -34.084863], [-59.354956, -34.084917], [-59.354847, -34.084974], [-59.354739, -34.08503], [-59.35463, -34.085087], [-59.354521, -34.085143], [-59.354413, -34.0852], [-59.354305, -34.085256], [-59.354199, -34.085311], [-59.354093, -34.085367], [-59.353985, -34.085424], [-59.353877, -34.08548], [-59.353769, -34.085537], [-59.353663, -34.085592], [-59.353554, -34.085649], [-59.353447, -34.085706], [-59.35334, -34.085763], [-59.353233, -34.085821], [-59.35313, -34.085882], [-59.353028, -34.085946], [-59.352975, -34.08598], [-59.352874, -34.086043], [-59.352773, -34.086107], [-59.352671, -34.086171], [-59.352569, -34.086235], [-59.352466, -34.086299], [-59.352365, -34.086362], [-59.352263, -34.086426], [-59.35216, -34.08649], [-59.352058, -34.086554], [-59.351956, -34.086618], [-59.351853, -34.086683], [-59.351752, -34.086746], [-59.351649, -34.08681], [-59.351548, -34.086874], [-59.351446, -34.086938], [-59.351344, -34.087002], [-59.351242, -34.087066], [-59.35114, -34.087129], [-59.351038, -34.087193], [-59.350936, -34.087257], [-59.350834, -34.08732], [-59.350733, -34.087384], [-59.350631, -34.087448], [-59.350529, -34.087512], [-59.350427, -34.087576], [-59.350325, -34.087641], [-59.350224, -34.087704], [-59.350122, -34.087768], [-59.35002, -34.087832], [-59.349918, -34.087897], [-59.349817, -34.08796], [-59.349715, -34.088024], [-59.349613, -34.088088], [-59.349511, -34.088153], [-59.349409, -34.088216], [-59.349307, -34.088281], [-59.349204, -34.088345], [-59.349102, -34.088409], [-59.349001, -34.088473], [-59.348899, -34.088537], [-59.348797, -34.088601], [-59.348696, -34.088665], [-59.348594, -34.088729], [-59.348496, -34.088798], [-59.348402, -34.088869], [-59.348309, -34.08894], [-59.348216, -34.08901], [-59.348121, -34.089082], [-59.348028, -34.089153], [-59.347933, -34.089225], [-59.347839, -34.089296], [-59.347745, -34.089368], [-59.347651, -34.089439], [-59.347556, -34.089511], [-59.347462, -34.089583], [-59.347367, -34.089654], [-59.347274, -34.089725], [-59.347179, -34.089798], [-59.347086, -34.089869], [-59.346991, -34.089942], [-59.346899, -34.090012], [-59.346806, -34.090084], [-59.346712, -34.090156], [-59.346631, -34.090218], [-59.346537, -34.09029], [-59.346443, -34.090361], [-59.346354, -34.090428], [-59.34626, -34.0905], [-59.346165, -34.090572], [-59.346072, -34.090644], [-59.345978, -34.090716], [-59.345884, -34.090788], [-59.34579, -34.09086], [-59.345696, -34.090932], [-59.345602, -34.091005], [-59.345509, -34.091077], [-59.345415, -34.09115], [-59.345321, -34.091222], [-59.345234, -34.091289], [-59.345139, -34.091362], [-59.345045, -34.091434], [-59.344951, -34.091506], [-59.344857, -34.091578], [-59.344763, -34.09165], [-59.344669, -34.091722], [-59.344575, -34.091794], [-59.344482, -34.091866], [-59.344389, -34.091938], [-59.344296, -34.09201], [-59.344203, -34.092083], [-59.344112, -34.092155], [-59.344019, -34.092229], [-59.343938, -34.092292], [-59.343848, -34.092364], [-59.343756, -34.092438], [-59.343665, -34.092511], [-59.343572, -34.092584], [-59.34348, -34.092658], [-59.343388, -34.092731], [-59.343296, -34.092805], [-59.343205, -34.092879], [-59.343112, -34.092953], [-59.34302, -34.093026], [-59.342928, -34.0931], [-59.342836, -34.093172], [-59.342744, -34.093246], [-59.342655, -34.093316], [-59.342561, -34.09339], [-59.342469, -34.093463], [-59.342376, -34.093536], [-59.342285, -34.093607], [-59.342193, -34.09368], [-59.3421, -34.093754], [-59.342008, -34.093825], [-59.341915, -34.093898], [-59.341822, -34.093972], [-59.341731, -34.094044], [-59.341638, -34.094117], [-59.341549, -34.094188], [-59.341456, -34.094261], [-59.341363, -34.094334], [-59.34127, -34.094407], [-59.341182, -34.094477], [-59.34109, -34.094551], [-59.340998, -34.094624], [-59.340905, -34.094698], [-59.340812, -34.094772], [-59.34072, -34.094845], [-59.340631, -34.094915], [-59.340539, -34.094988], [-59.340446, -34.095062], [-59.340354, -34.095136], [-59.340261, -34.095209], [-59.340169, -34.095283], [-59.340077, -34.095356], [-59.339985, -34.095428], [-59.339893, -34.095502], [-59.3398, -34.095575], [-59.339707, -34.095648], [-59.339614, -34.095721], [-59.339522, -34.095794], [-59.339429, -34.095867], [-59.339337, -34.09594], [-59.339246, -34.096013], [-59.339153, -34.096087], [-59.339062, -34.09616], [-59.33897, -34.096232], [-59.33888, -34.096304], [-59.338788, -34.096377], [-59.338697, -34.09645], [-59.338655, -34.096484], [-59.338567, -34.096554], [-59.338475, -34.096627], [-59.338383, -34.0967], [-59.338292, -34.096772], [-59.338199, -34.096845], [-59.338107, -34.096917], [-59.338014, -34.096988], [-59.337922, -34.09706], [-59.337831, -34.097129], [-59.337737, -34.097201], [-59.33765, -34.097269], [-59.337557, -34.09734], [-59.337464, -34.097413], [-59.337372, -34.097484], [-59.337279, -34.097556], [-59.337187, -34.097628], [-59.337093, -34.0977], [-59.337001, -34.097772], [-59.336908, -34.097844], [-59.336815, -34.097916], [-59.336722, -34.097988], [-59.336632, -34.098058], [-59.33654, -34.09813], [-59.336448, -34.098201], [-59.336358, -34.09827], [-59.336265, -34.098342], [-59.336172, -34.098415], [-59.336079, -34.098486], [-59.335987, -34.098558], [-59.335893, -34.09863], [-59.335799, -34.098702], [-59.335706, -34.098775], [-59.335613, -34.098848], [-59.335519, -34.09892], [-59.335426, -34.098993], [-59.335333, -34.099064], [-59.33524, -34.099136], [-59.335146, -34.099209], [-59.335057, -34.099278], [-59.334963, -34.099351], [-59.33487, -34.099424], [-59.334777, -34.099496], [-59.334684, -34.099568], [-59.33459, -34.09964], [-59.334497, -34.099712], [-59.334404, -34.099784], [-59.334311, -34.099855], [-59.334219, -34.099927], [-59.334126, -34.099999], [-59.334034, -34.100071], [-59.333941, -34.100144], [-59.333847, -34.100217], [-59.333756, -34.100288], [-59.333663, -34.100362], [-59.333572, -34.100433], [-59.333479, -34.100507], [-59.333388, -34.100579], [-59.333296, -34.100653], [-59.333204, -34.100726], [-59.333112, -34.1008], [-59.33302, -34.100874], [-59.332936, -34.100941], [-59.332861, -34.101002], [-59.33277, -34.101075], [-59.332692, -34.101138], [-59.332601, -34.101212], [-59.33251, -34.101286], [-59.332418, -34.10136], [-59.332332, -34.101429], [-59.332241, -34.101503], [-59.33215, -34.101576], [-59.332058, -34.10165], [-59.331971, -34.10172], [-59.331883, -34.101791], [-59.33179, -34.101865], [-59.331698, -34.101938], [-59.331614, -34.102006], [-59.331524, -34.102078], [-59.331432, -34.102152], [-59.33134, -34.102225], [-59.331247, -34.1023], [-59.331156, -34.102373], [-59.331064, -34.102447], [-59.330973, -34.102521], [-59.330881, -34.102595], [-59.33079, -34.10267], [-59.330699, -34.102744], [-59.330608, -34.102819], [-59.330516, -34.102894], [-59.330425, -34.102968], [-59.330334, -34.103042], [-59.330243, -34.103116], [-59.330163, -34.103181], [-59.330071, -34.103256], [-59.329981, -34.103329], [-59.32989, -34.103403], [-59.329799, -34.103477], [-59.329708, -34.103552], [-59.329625, -34.10362], [-59.329534, -34.103695], [-59.329443, -34.103769], [-59.329351, -34.103844], [-59.32926, -34.103918], [-59.32917, -34.10399], [-59.329077, -34.104064], [-59.328987, -34.104137], [-59.328894, -34.10421], [-59.328802, -34.104283], [-59.328709, -34.104356], [-59.328616, -34.104429], [-59.328524, -34.104502], [-59.328431, -34.104575], [-59.328338, -34.104649], [-59.328246, -34.104723], [-59.328154, -34.104796], [-59.328061, -34.10487], [-59.327968, -34.104943], [-59.327882, -34.105012], [-59.32779, -34.105085], [-59.327697, -34.105158], [-59.327605, -34.105231], [-59.327513, -34.105304], [-59.327421, -34.105377], [-59.32733, -34.105449], [-59.327237, -34.105523], [-59.327144, -34.105595], [-59.327052, -34.105668], [-59.32696, -34.10574], [-59.326868, -34.105813], [-59.326776, -34.105886], [-59.326684, -34.105959], [-59.326591, -34.106032], [-59.326499, -34.106106], [-59.326406, -34.106179], [-59.326314, -34.106252], [-59.326222, -34.106325], [-59.326129, -34.106398], [-59.326036, -34.106472], [-59.325945, -34.106544], [-59.325852, -34.106618], [-59.32576, -34.106691], [-59.325668, -34.106764], [-59.325576, -34.106837], [-59.325483, -34.106911], [-59.32539, -34.106984], [-59.3253, -34.107056], [-59.325207, -34.107129], [-59.325115, -34.107202], [-59.325023, -34.107275], [-59.324931, -34.107348], [-59.324838, -34.107421], [-59.324747, -34.107494], [-59.324654, -34.107566], [-59.324562, -34.107639], [-59.324468, -34.107713], [-59.324377, -34.107786], [-59.324284, -34.107859], [-59.324192, -34.107932], [-59.324099, -34.108006], [-59.324007, -34.10808], [-59.323915, -34.108153], [-59.323823, -34.108227], [-59.32373, -34.108301], [-59.323637, -34.108374], [-59.323546, -34.108446], [-59.323454, -34.108519], [-59.323362, -34.108592], [-59.32327, -34.108665], [-59.323178, -34.108739], [-59.323085, -34.108812], [-59.322994, -34.108885], [-59.322904, -34.108957], [-59.322812, -34.109031], [-59.32272, -34.109105], [-59.322628, -34.109178], [-59.322536, -34.109252], [-59.322444, -34.109325], [-59.322351, -34.109399], [-59.322259, -34.109473], [-59.322167, -34.109546], [-59.322077, -34.109619], [-59.321986, -34.109692], [-59.321893, -34.109766], [-59.321801, -34.10984], [-59.321709, -34.109913], [-59.321617, -34.109986], [-59.321525, -34.110059], [-59.321432, -34.110133], [-59.32134, -34.110207], [-59.321248, -34.11028], [-59.321156, -34.110354], [-59.321064, -34.110427], [-59.320971, -34.110501], [-59.320879, -34.110574], [-59.320798, -34.110639], [-59.320705, -34.110713], [-59.320613, -34.110787], [-59.320522, -34.110859], [-59.32043, -34.110932], [-59.320337, -34.111006], [-59.320244, -34.11108], [-59.320152, -34.111153], [-59.320059, -34.111227], [-59.319968, -34.1113], [-59.319875, -34.111373], [-59.319784, -34.111445], [-59.319727, -34.11149], [-59.319637, -34.111562], [-59.319544, -34.111636], [-59.319452, -34.111709], [-59.31936, -34.111783], [-59.319267, -34.111857], [-59.319175, -34.11193], [-59.319082, -34.112004], [-59.318989, -34.112078], [-59.318897, -34.112151], [-59.318804, -34.112224], [-59.318711, -34.112297], [-59.318619, -34.11237], [-59.318526, -34.112444], [-59.318437, -34.112515], [-59.318344, -34.112589], [-59.318252, -34.112662], [-59.318159, -34.112735], [-59.318066, -34.112808], [-59.317974, -34.11288], [-59.317882, -34.112953], [-59.317794, -34.113023], [-59.317702, -34.113096], [-59.317609, -34.113169], [-59.317518, -34.113243], [-59.317425, -34.113317], [-59.317333, -34.11339], [-59.31724, -34.113464], [-59.317148, -34.113538], [-59.317055, -34.113613], [-59.316964, -34.113686], [-59.316872, -34.113759], [-59.31678, -34.113834], [-59.316694, -34.113902], [-59.316601, -34.113976], [-59.316509, -34.114049], [-59.316416, -34.114122], [-59.316323, -34.114196], [-59.316231, -34.11427], [-59.316139, -34.114343], [-59.316047, -34.114416], [-59.315955, -34.114491], [-59.315862, -34.114564], [-59.31577, -34.114637], [-59.315679, -34.11471], [-59.315586, -34.114784], [-59.315494, -34.114857], [-59.315402, -34.114931], [-59.31531, -34.115004], [-59.315217, -34.115077], [-59.315125, -34.115151], [-59.315032, -34.115224], [-59.314941, -34.115297], [-59.314849, -34.11537], [-59.314756, -34.115444], [-59.314665, -34.115518], [-59.314572, -34.115592], [-59.314485, -34.115661], [-59.314393, -34.115734], [-59.314301, -34.115808], [-59.314209, -34.115881], [-59.314116, -34.115955], [-59.314024, -34.116029], [-59.313933, -34.116103], [-59.313842, -34.116176], [-59.313751, -34.116248], [-59.313658, -34.116322], [-59.313566, -34.116395], [-59.313475, -34.116467], [-59.313383, -34.11654], [-59.313291, -34.116613], [-59.313198, -34.116687], [-59.313107, -34.116759], [-59.313015, -34.116832], [-59.312922, -34.116906], [-59.312831, -34.116979], [-59.312738, -34.117053], [-59.312646, -34.117126], [-59.312554, -34.117199], [-59.312462, -34.117271], [-59.31237, -34.117344], [-59.312277, -34.117416], [-59.312184, -34.11749], [-59.312092, -34.117563], [-59.312, -34.117635], [-59.311908, -34.117708], [-59.311817, -34.117779], [-59.311724, -34.117852], [-59.311631, -34.117926], [-59.311539, -34.117999], [-59.311446, -34.118072], [-59.311353, -34.118145], [-59.311261, -34.118218], [-59.311167, -34.118292], [-59.311075, -34.118365], [-59.310981, -34.118438], [-59.310889, -34.118511], [-59.310796, -34.118584], [-59.310703, -34.118658], [-59.31061, -34.118731], [-59.31052, -34.118803], [-59.310431, -34.118873], [-59.310338, -34.118947], [-59.310245, -34.11902], [-59.310153, -34.119092], [-59.310061, -34.119166], [-59.309969, -34.119238], [-59.309877, -34.119312], [-59.309785, -34.119384], [-59.309692, -34.119458], [-59.3096, -34.119531], [-59.309507, -34.119605], [-59.309415, -34.119678], [-59.309322, -34.119752], [-59.30923, -34.119826], [-59.309138, -34.1199], [-59.309045, -34.119973], [-59.308953, -34.120046], [-59.30886, -34.120119], [-59.308767, -34.120193], [-59.308674, -34.120266], [-59.308581, -34.12034], [-59.308488, -34.120413], [-59.308396, -34.120486], [-59.308303, -34.120559], [-59.30821, -34.120633], [-59.308117, -34.120706], [-59.308024, -34.120779], [-59.307931, -34.120852], [-59.307837, -34.120925], [-59.307744, -34.120998], [-59.307651, -34.121071], [-59.307559, -34.121143], [-59.307467, -34.121217], [-59.307375, -34.121291], [-59.307282, -34.121365], [-59.307191, -34.121437], [-59.307098, -34.12151], [-59.307006, -34.121583], [-59.306913, -34.121656], [-59.306821, -34.121729], [-59.306729, -34.121802], [-59.306637, -34.121874], [-59.306544, -34.121947], [-59.306453, -34.122019], [-59.30636, -34.122092], [-59.306267, -34.122166], [-59.306176, -34.122238], [-59.306084, -34.122311], [-59.305991, -34.122385], [-59.305899, -34.122458], [-59.30581, -34.122528], [-59.305717, -34.122601], [-59.305624, -34.122675], [-59.305533, -34.122747], [-59.305442, -34.12282], [-59.30535, -34.122894], [-59.305258, -34.122967], [-59.305167, -34.123039], [-59.305075, -34.123112], [-59.304982, -34.123186], [-59.30489, -34.123259], [-59.304797, -34.123332], [-59.304705, -34.123406], [-59.304612, -34.12348], [-59.30452, -34.123553], [-59.304428, -34.123627], [-59.304336, -34.123699], [-59.304244, -34.123772], [-59.304151, -34.123845], [-59.304059, -34.123918], [-59.303966, -34.12399], [-59.303874, -34.124062], [-59.303782, -34.124135], [-59.30369, -34.124206], [-59.303598, -34.124278], [-59.303506, -34.124351], [-59.303415, -34.124425], [-59.303323, -34.124498], [-59.303231, -34.124571], [-59.30314, -34.124644], [-59.303047, -34.124718], [-59.302956, -34.12479], [-59.302863, -34.124863], [-59.302772, -34.124935], [-59.30268, -34.125008], [-59.302635, -34.125044], [-59.302542, -34.125118], [-59.302449, -34.125191], [-59.302357, -34.125265], [-59.302265, -34.125338], [-59.302175, -34.12541], [-59.302083, -34.125482], [-59.30199, -34.125556], [-59.301899, -34.125628], [-59.301813, -34.125696], [-59.301721, -34.125768], [-59.301629, -34.125841], [-59.301538, -34.125913], [-59.301446, -34.125986], [-59.301354, -34.126058], [-59.301261, -34.126131], [-59.30117, -34.126203], [-59.301078, -34.126275], [-59.300986, -34.126348], [-59.300893, -34.126421], [-59.300801, -34.126493], [-59.300708, -34.126566], [-59.300618, -34.126638], [-59.300524, -34.126711], [-59.300433, -34.126782], [-59.300341, -34.126855], [-59.300249, -34.126928], [-59.300157, -34.127001], [-59.300064, -34.127074], [-59.299975, -34.127145], [-59.299882, -34.127218], [-59.299791, -34.127291], [-59.299699, -34.127365], [-59.299607, -34.127438], [-59.299514, -34.127511], [-59.299422, -34.127583], [-59.299329, -34.127656], [-59.299239, -34.127728], [-59.299148, -34.1278], [-59.299056, -34.127873], [-59.298963, -34.127946], [-59.298871, -34.128019], [-59.298782, -34.12809], [-59.29869, -34.128163], [-59.298598, -34.128235], [-59.298505, -34.128308], [-59.298413, -34.128381], [-59.298321, -34.128454], [-59.298236, -34.12852], [-59.298144, -34.128592], [-59.298065, -34.128654], [-59.297972, -34.128726], [-59.297879, -34.128799], [-59.297788, -34.128871], [-59.297697, -34.128943], [-59.297605, -34.129016], [-59.297512, -34.129089], [-59.297422, -34.12916], [-59.29733, -34.129233], [-59.297238, -34.129305], [-59.297146, -34.129378], [-59.297053, -34.129451], [-59.296962, -34.129524], [-59.29687, -34.129597], [-59.296779, -34.12967], [-59.296686, -34.129743], [-59.296595, -34.129815], [-59.296503, -34.129889], [-59.296412, -34.129962], [-59.296321, -34.130035], [-59.296229, -34.130108], [-59.296137, -34.130181], [-59.296047, -34.130253], [-59.295955, -34.130327], [-59.295863, -34.130401], [-59.295772, -34.130473], [-59.295682, -34.130546], [-59.295589, -34.130619], [-59.295497, -34.130692], [-59.295405, -34.130764], [-59.295312, -34.130838], [-59.295223, -34.130908], [-59.295131, -34.130981], [-59.295039, -34.131054], [-59.294946, -34.131127], [-59.294857, -34.131198], [-59.294765, -34.131271], [-59.294675, -34.131343], [-59.294582, -34.131417], [-59.294499, -34.131483], [-59.294408, -34.131556], [-59.294316, -34.13163], [-59.294224, -34.131703], [-59.294132, -34.131776], [-59.294041, -34.13185], [-59.29395, -34.131924], [-59.293858, -34.131997], [-59.293768, -34.132069], [-59.293676, -34.132142], [-59.293584, -34.132216], [-59.293492, -34.132289], [-59.2934, -34.132362], [-59.293307, -34.132435], [-59.293219, -34.132505], [-59.293137, -34.13257], [-59.293045, -34.132643], [-59.292953, -34.132717], [-59.292864, -34.132788], [-59.292773, -34.13286], [-59.29268, -34.132933], [-59.292589, -34.133006], [-59.292496, -34.13308], [-59.292404, -34.133152], [-59.292312, -34.133225], [-59.29222, -34.133298], [-59.292128, -34.133372], [-59.292035, -34.133446], [-59.291943, -34.13352], [-59.291851, -34.133594], [-59.29176, -34.133667], [-59.29167, -34.133738], [-59.291577, -34.133812], [-59.291485, -34.133885], [-59.291392, -34.133959], [-59.291302, -34.13403], [-59.29121, -34.134104], [-59.291119, -34.134178], [-59.291028, -34.134251], [-59.290936, -34.134324], [-59.290843, -34.134398], [-59.290751, -34.134471], [-59.290658, -34.134545], [-59.290565, -34.134618], [-59.290475, -34.134691], [-59.290383, -34.134765], [-59.290291, -34.134839], [-59.290202, -34.134911], [-59.290113, -34.134983], [-59.290021, -34.135057], [-59.289929, -34.13513], [-59.289837, -34.135203], [-59.289747, -34.135275], [-59.289656, -34.135346], [-59.289565, -34.135419], [-59.289473, -34.135492], [-59.289383, -34.135564], [-59.289292, -34.135637], [-59.2892, -34.135711], [-59.289109, -34.135785], [-59.289017, -34.135859], [-59.288926, -34.135932], [-59.288835, -34.136005], [-59.288743, -34.136079], [-59.288653, -34.13615], [-59.288561, -34.136223], [-59.288468, -34.136297], [-59.288377, -34.136369], [-59.288287, -34.136441], [-59.288195, -34.136515], [-59.288151, -34.136551], [-59.28806, -34.136624], [-59.287968, -34.136698], [-59.287877, -34.13677], [-59.287785, -34.136843], [-59.287694, -34.136915], [-59.287602, -34.136988], [-59.28751, -34.137061], [-59.287417, -34.137134], [-59.287325, -34.137207], [-59.287232, -34.13728], [-59.28714, -34.137354], [-59.287049, -34.137427], [-59.286957, -34.1375], [-59.286865, -34.137574], [-59.286774, -34.137647], [-59.286685, -34.137718], [-59.286593, -34.137792], [-59.286504, -34.137863], [-59.286412, -34.137936], [-59.286319, -34.138009], [-59.286226, -34.138082], [-59.286134, -34.138155], [-59.286043, -34.138228], [-59.285952, -34.138302], [-59.28586, -34.138376], [-59.285768, -34.138449], [-59.285676, -34.138523], [-59.285583, -34.138597], [-59.285491, -34.13867], [-59.285402, -34.138741], [-59.28531, -34.138813], [-59.285219, -34.138886], [-59.285127, -34.138959], [-59.285035, -34.139032], [-59.284943, -34.139105], [-59.284852, -34.139178], [-59.284764, -34.139248], [-59.284674, -34.139319], [-59.284582, -34.139392], [-59.28449, -34.139465], [-59.284398, -34.139538], [-59.284306, -34.139611], [-59.284215, -34.139684], [-59.284123, -34.139758], [-59.284032, -34.139831], [-59.283946, -34.1399], [-59.283854, -34.139974], [-59.283763, -34.140047], [-59.283671, -34.14012], [-59.283579, -34.140193], [-59.283487, -34.140266], [-59.283395, -34.140339], [-59.283303, -34.140412], [-59.283212, -34.140484], [-59.28312, -34.140556], [-59.283054, -34.140607], [-59.282962, -34.140678], [-59.282864, -34.140746], [-59.282814, -34.140779], [-59.282764, -34.140812], [-59.282713, -34.140845], [-59.282663, -34.140878], [-59.282563, -34.140944], [-59.282467, -34.141008], [-59.282417, -34.141042], [-59.28233, -34.141099], [-59.282231, -34.141166], [-59.282131, -34.141232], [-59.282033, -34.141298], [-59.281938, -34.141361], [-59.281839, -34.141426], [-59.28174, -34.141492], [-59.281641, -34.141559], [-59.281542, -34.141625], [-59.281442, -34.141691], [-59.281342, -34.141757], [-59.281243, -34.141823], [-59.281145, -34.141891], [-59.281045, -34.141958], [-59.280947, -34.142024], [-59.280851, -34.142088], [-59.280751, -34.142154], [-59.280653, -34.14222], [-59.280553, -34.142287], [-59.280462, -34.142348], [-59.280394, -34.142394], [-59.280294, -34.14246], [-59.280197, -34.142524], [-59.280099, -34.142588], [-59.279999, -34.142655], [-59.279951, -34.142688], [-59.279903, -34.14272], [-59.279855, -34.142753], [-59.279806, -34.142785], [-59.279757, -34.142818], [-59.279708, -34.142851], [-59.279659, -34.142883], [-59.279612, -34.142915], [-59.279512, -34.142981], [-59.279417, -34.143044], [-59.27932, -34.143109], [-59.279219, -34.143173], [-59.279119, -34.143237], [-59.279025, -34.143308], [-59.278998, -34.14333], [-59.278909, -34.143406], [-59.278844, -34.14346], [-59.278756, -34.143535], [-59.278666, -34.143611], [-59.278577, -34.143686], [-59.278488, -34.143761], [-59.278405, -34.143832], [-59.278316, -34.143908], [-59.278227, -34.143985], [-59.278138, -34.14406], [-59.278049, -34.144135], [-59.27796, -34.14421], [-59.277871, -34.144285], [-59.277781, -34.14436], [-59.277691, -34.144436], [-59.277602, -34.144511], [-59.277512, -34.144588], [-59.277423, -34.144663], [-59.277335, -34.144737], [-59.277245, -34.144813], [-59.277156, -34.144888], [-59.277069, -34.144962], [-59.27698, -34.145037], [-59.276892, -34.145111], [-59.276803, -34.145187], [-59.276715, -34.145263], [-59.276626, -34.145338], [-59.276538, -34.145414], [-59.276449, -34.14549], [-59.276362, -34.145568], [-59.276276, -34.145645], [-59.276192, -34.145723], [-59.276107, -34.145802], [-59.276024, -34.14588], [-59.275941, -34.145958], [-59.275856, -34.146038], [-59.275772, -34.146117], [-59.275688, -34.146197], [-59.275604, -34.146276], [-59.27552, -34.146356], [-59.275435, -34.146436], [-59.275351, -34.146516], [-59.275265, -34.146596], [-59.275181, -34.146675], [-59.275097, -34.146755], [-59.275012, -34.146835], [-59.274927, -34.146915], [-59.274843, -34.146994], [-59.274759, -34.147074], [-59.274676, -34.147153], [-59.274593, -34.147232], [-59.274508, -34.147312], [-59.274424, -34.147391], [-59.274339, -34.147472], [-59.274255, -34.147551], [-59.274171, -34.147631], [-59.274087, -34.147711], [-59.274004, -34.147791], [-59.273921, -34.14787], [-59.273837, -34.147949], [-59.273752, -34.148028], [-59.273668, -34.148107], [-59.273584, -34.148186], [-59.2735, -34.148265], [-59.273416, -34.148344], [-59.273332, -34.148423], [-59.273248, -34.148503], [-59.273165, -34.148582], [-59.27308, -34.148662], [-59.272998, -34.148739], [-59.272913, -34.148819], [-59.272829, -34.148899], [-59.272745, -34.148978], [-59.27266, -34.149057], [-59.272576, -34.149135], [-59.272492, -34.149215], [-59.272408, -34.149294], [-59.272323, -34.149374], [-59.272242, -34.149451], [-59.272159, -34.14953], [-59.272075, -34.14961], [-59.271992, -34.149689], [-59.271907, -34.149768], [-59.271823, -34.149848], [-59.271738, -34.149928], [-59.271654, -34.150008], [-59.27157, -34.150087], [-59.271487, -34.150165], [-59.271404, -34.150244], [-59.271319, -34.150324], [-59.271235, -34.150404], [-59.271152, -34.150483], [-59.271068, -34.150563], [-59.270983, -34.150644], [-59.270899, -34.150724], [-59.270815, -34.150803], [-59.270729, -34.15088], [-59.270642, -34.150959], [-59.270555, -34.151037], [-59.270467, -34.151115], [-59.27038, -34.151193], [-59.270293, -34.151269], [-59.270206, -34.151345], [-59.270168, -34.151379], [-59.270143, -34.151401], [-59.270101, -34.151438], [-59.27009, -34.151448], [-59.270049, -34.151488], [-59.270013, -34.151521], [-59.269929, -34.151601], [-59.269845, -34.151681], [-59.269762, -34.15176], [-59.269681, -34.15184], [-59.269598, -34.15192], [-59.269518, -34.152], [-59.269435, -34.152083], [-59.269347, -34.152159], [-59.269244, -34.15222], [-59.269138, -34.152278], [-59.269034, -34.152335], [-59.268927, -34.152393], [-59.268822, -34.152452], [-59.268716, -34.15251], [-59.268611, -34.152569], [-59.268505, -34.152627], [-59.268399, -34.152685], [-59.268293, -34.152743], [-59.268187, -34.152801], [-59.268082, -34.152859], [-59.267976, -34.152917], [-59.26787, -34.152976], [-59.267765, -34.153034], [-59.267659, -34.153092], [-59.267552, -34.153151], [-59.267447, -34.153209], [-59.267349, -34.153263], [-59.267248, -34.153318], [-59.267143, -34.153377], [-59.267038, -34.153435], [-59.266932, -34.153493], [-59.266827, -34.153551], [-59.266721, -34.153609], [-59.266644, -34.153652], [-59.266538, -34.153709], [-59.266433, -34.153767], [-59.266328, -34.153825], [-59.266222, -34.153883], [-59.266118, -34.153941], [-59.266012, -34.153999], [-59.265907, -34.154056], [-59.265803, -34.154113], [-59.265699, -34.154171], [-59.265595, -34.154228], [-59.265492, -34.154284], [-59.265386, -34.154342], [-59.265281, -34.154399], [-59.265175, -34.154457], [-59.265069, -34.154515], [-59.264962, -34.154573], [-59.264856, -34.15463], [-59.264748, -34.154689], [-59.264642, -34.154746], [-59.264536, -34.154803], [-59.26443, -34.154861], [-59.264322, -34.154919], [-59.264216, -34.154976], [-59.264109, -34.155034], [-59.264002, -34.155091], [-59.263896, -34.155149], [-59.263792, -34.155204], [-59.263687, -34.155261], [-59.26358, -34.155319], [-59.263475, -34.155376], [-59.263368, -34.155433], [-59.263263, -34.155491], [-59.263157, -34.155548], [-59.263051, -34.155606], [-59.262944, -34.155664], [-59.262838, -34.155722], [-59.262732, -34.15578], [-59.262628, -34.155837], [-59.262524, -34.155894], [-59.26242, -34.155951], [-59.262313, -34.156009], [-59.262207, -34.156066], [-59.2621, -34.156125], [-59.261993, -34.156183], [-59.261888, -34.15624], [-59.26178, -34.156298], [-59.261674, -34.156355], [-59.261567, -34.156413], [-59.26146, -34.156471], [-59.261356, -34.156528], [-59.261249, -34.156585], [-59.261148, -34.15664], [-59.261044, -34.156696], [-59.260937, -34.156755], [-59.260829, -34.156813], [-59.260723, -34.15687], [-59.260616, -34.156928], [-59.260508, -34.156986], [-59.260401, -34.157043], [-59.260295, -34.157101], [-59.260189, -34.157159], [-59.260082, -34.157218], [-59.259977, -34.157275], [-59.259871, -34.157332], [-59.259764, -34.15739], [-59.259657, -34.157448], [-59.25955, -34.157506], [-59.259448, -34.157562], [-59.259341, -34.15762], [-59.259233, -34.157678], [-59.259126, -34.157736], [-59.25902, -34.157793], [-59.258917, -34.157849], [-59.258812, -34.157907], [-59.258706, -34.157965], [-59.258599, -34.158024], [-59.258494, -34.158081], [-59.258386, -34.15814], [-59.25828, -34.158197], [-59.258171, -34.158255], [-59.258064, -34.158313], [-59.257958, -34.158371], [-59.257853, -34.158429], [-59.257747, -34.158487], [-59.25764, -34.158545], [-59.257534, -34.158604], [-59.257425, -34.158663], [-59.257319, -34.158721], [-59.257214, -34.158778], [-59.257108, -34.158836], [-59.257003, -34.158893], [-59.256897, -34.158951], [-59.256791, -34.159009], [-59.256685, -34.159067], [-59.256578, -34.159125], [-59.256472, -34.159183], [-59.256364, -34.159241], [-59.256258, -34.159299], [-59.25615, -34.159357], [-59.256044, -34.159414], [-59.255938, -34.159471], [-59.255833, -34.159527], [-59.255725, -34.159585], [-59.255618, -34.159642], [-59.255511, -34.1597], [-59.255405, -34.159758], [-59.255298, -34.159816], [-59.255191, -34.159873], [-59.255085, -34.159931], [-59.254979, -34.159988], [-59.254872, -34.160046], [-59.254765, -34.160104], [-59.254658, -34.160162], [-59.254551, -34.16022], [-59.254445, -34.160278], [-59.254339, -34.160336], [-59.254232, -34.160394], [-59.254125, -34.160453], [-59.254018, -34.160512], [-59.253911, -34.16057], [-59.253816, -34.160621], [-59.253709, -34.160679], [-59.253601, -34.160738], [-59.253494, -34.160795], [-59.253387, -34.160853], [-59.25328, -34.160911], [-59.253173, -34.160969], [-59.253066, -34.161027], [-59.252975, -34.161076], [-59.252868, -34.161134], [-59.252762, -34.161193], [-59.252656, -34.16125], [-59.25255, -34.161308], [-59.252445, -34.161364], [-59.252341, -34.161421], [-59.252241, -34.161475], [-59.252134, -34.161533], [-59.252027, -34.161591], [-59.251919, -34.16165], [-59.25184, -34.161693], [-59.251733, -34.161751], [-59.251626, -34.161809], [-59.25152, -34.161868], [-59.251413, -34.161926], [-59.251307, -34.161984], [-59.2512, -34.162042], [-59.251094, -34.1621], [-59.250987, -34.162158], [-59.250881, -34.162216], [-59.250774, -34.162274], [-59.250668, -34.162332], [-59.250563, -34.162389], [-59.250456, -34.162447], [-59.250348, -34.162505], [-59.25024, -34.162562], [-59.250133, -34.16262], [-59.250026, -34.162678], [-59.249918, -34.162736], [-59.249813, -34.162793], [-59.249752, -34.162826], [-59.249644, -34.162884], [-59.249538, -34.162942], [-59.24943, -34.163001], [-59.249323, -34.163059], [-59.249215, -34.163117], [-59.249107, -34.163176], [-59.249, -34.163233], [-59.248895, -34.163289], [-59.248789, -34.163347], [-59.248681, -34.163405], [-59.248576, -34.163462], [-59.248468, -34.16352], [-59.248363, -34.163577], [-59.248256, -34.163636], [-59.248155, -34.16369], [-59.248048, -34.163749], [-59.247941, -34.163807], [-59.247833, -34.163865], [-59.247726, -34.163923], [-59.247618, -34.163981], [-59.247513, -34.164038], [-59.247406, -34.164097], [-59.247298, -34.164155], [-59.247192, -34.164213], [-59.247084, -34.164271], [-59.246977, -34.164329], [-59.24687, -34.164387], [-59.246763, -34.164445], [-59.246656, -34.164503], [-59.24655, -34.16456], [-59.246443, -34.164618], [-59.246336, -34.164675], [-59.246232, -34.164731], [-59.246125, -34.16479], [-59.24602, -34.164847], [-59.245913, -34.164905], [-59.245806, -34.164964], [-59.2457, -34.165022], [-59.245594, -34.165081], [-59.245488, -34.165139], [-59.24538, -34.165197], [-59.245274, -34.165254], [-59.245167, -34.165313], [-59.245061, -34.165371], [-59.244955, -34.165429], [-59.244849, -34.165487], [-59.244744, -34.165544], [-59.244638, -34.165603], [-59.244531, -34.165661], [-59.244425, -34.165719], [-59.244321, -34.165775], [-59.244214, -34.165834], [-59.244107, -34.165892], [-59.244001, -34.16595], [-59.243894, -34.166007], [-59.243793, -34.166062], [-59.243688, -34.166119], [-59.243584, -34.166177], [-59.243479, -34.166234], [-59.243373, -34.166292], [-59.243267, -34.16635], [-59.243161, -34.166408], [-59.243056, -34.166466], [-59.242952, -34.166523], [-59.242846, -34.166582], [-59.242759, -34.166629], [-59.242653, -34.166688], [-59.242547, -34.166746], [-59.242439, -34.166804], [-59.242333, -34.166862], [-59.242227, -34.16692], [-59.242121, -34.166978], [-59.242014, -34.167037], [-59.241909, -34.167095], [-59.241804, -34.167153], [-59.241697, -34.167211], [-59.241591, -34.167268], [-59.241485, -34.167326], [-59.241378, -34.167385], [-59.241271, -34.167444], [-59.241164, -34.167502], [-59.241057, -34.167561], [-59.24095, -34.167619], [-59.240844, -34.167677], [-59.240737, -34.167736], [-59.24063, -34.167794], [-59.240523, -34.167853], [-59.240419, -34.16791], [-59.240312, -34.167969], [-59.240205, -34.168028], [-59.240098, -34.168086], [-59.23999, -34.168145], [-59.239883, -34.168203], [-59.239775, -34.168262], [-59.239669, -34.16832], [-59.239566, -34.168377], [-59.239459, -34.168435], [-59.239353, -34.168493], [-59.239247, -34.168551], [-59.239141, -34.168609], [-59.239034, -34.168669], [-59.238929, -34.168727], [-59.238823, -34.168787], [-59.238716, -34.168847], [-59.238609, -34.168906], [-59.238503, -34.168965], [-59.238395, -34.169024], [-59.238289, -34.169083], [-59.238184, -34.169141], [-59.238084, -34.169196], [-59.237977, -34.169256], [-59.237871, -34.169315], [-59.237764, -34.169375], [-59.237658, -34.169434], [-59.237553, -34.169492], [-59.237448, -34.16955], [-59.237342, -34.16961], [-59.237237, -34.169669], [-59.237152, -34.169717], [-59.237046, -34.169776], [-59.236992, -34.169806], [-59.236939, -34.169836], [-59.236886, -34.169866], [-59.236832, -34.169896], [-59.236756, -34.169938], [-59.23665, -34.169997], [-59.236547, -34.170056], [-59.236444, -34.170115], [-59.236341, -34.170175], [-59.236239, -34.170234], [-59.236136, -34.170296], [-59.236032, -34.170357], [-59.235929, -34.170418], [-59.235825, -34.170479], [-59.235721, -34.17054], [-59.235616, -34.170601], [-59.235513, -34.170662], [-59.235408, -34.170723], [-59.235309, -34.170782], [-59.235206, -34.170842], [-59.235101, -34.170903], [-59.234997, -34.170965], [-59.234893, -34.171025], [-59.234792, -34.171085], [-59.234688, -34.171146], [-59.234584, -34.171207], [-59.23448, -34.171269], [-59.234375, -34.171331], [-59.234273, -34.171391], [-59.234169, -34.171453], [-59.234065, -34.171514], [-59.233961, -34.171575], [-59.233857, -34.171636], [-59.233753, -34.171697], [-59.233651, -34.171757], [-59.233549, -34.171816], [-59.233446, -34.171877], [-59.233342, -34.171939], [-59.23324, -34.171999], [-59.23314, -34.172058], [-59.233036, -34.172118], [-59.232933, -34.172179], [-59.23283, -34.17224], [-59.232725, -34.172302], [-59.232622, -34.172363], [-59.232518, -34.172424], [-59.232414, -34.172486], [-59.232309, -34.172547], [-59.232205, -34.172608], [-59.2321, -34.172669], [-59.231996, -34.17273], [-59.231891, -34.172791], [-59.231785, -34.172853], [-59.231684, -34.172912], [-59.231581, -34.172972], [-59.231477, -34.173033], [-59.231374, -34.173093], [-59.231275, -34.173151], [-59.231171, -34.173212], [-59.231069, -34.173272], [-59.230966, -34.173333], [-59.230861, -34.173394], [-59.230761, -34.173453], [-59.230672, -34.173506], [-59.230567, -34.173568], [-59.230464, -34.173629], [-59.230413, -34.173659], [-59.230359, -34.173691], [-59.230308, -34.173722], [-59.230255, -34.173753], [-59.230204, -34.173784], [-59.23015, -34.173817], [-59.2301, -34.173846], [-59.230047, -34.173878], [-59.229945, -34.173939], [-59.229841, -34.174001], [-59.229738, -34.174062], [-59.229635, -34.174123], [-59.229533, -34.174183], [-59.229428, -34.174245], [-59.229324, -34.174306], [-59.229222, -34.174366], [-59.229118, -34.174428], [-59.229016, -34.17449], [-59.228912, -34.174552], [-59.228808, -34.174614], [-59.228704, -34.174675], [-59.2286, -34.174737], [-59.228496, -34.174799], [-59.228392, -34.17486], [-59.228288, -34.174923], [-59.228183, -34.174985], [-59.228079, -34.175046], [-59.227976, -34.175108], [-59.227873, -34.175169], [-59.227769, -34.175231], [-59.227665, -34.175292], [-59.227561, -34.175353], [-59.227457, -34.175415], [-59.227353, -34.175477], [-59.227249, -34.175539], [-59.227148, -34.1756], [-59.227045, -34.175661], [-59.226961, -34.175711], [-59.226858, -34.175772], [-59.226756, -34.175833], [-59.226652, -34.175895], [-59.22655, -34.175955], [-59.226448, -34.176016], [-59.226344, -34.176078], [-59.226243, -34.176139], [-59.22614, -34.1762], [-59.226037, -34.17626], [-59.225936, -34.17632], [-59.225833, -34.176381], [-59.225732, -34.176441], [-59.225629, -34.176502], [-59.225527, -34.176563], [-59.225424, -34.176624], [-59.22532, -34.176685], [-59.225216, -34.176746], [-59.225113, -34.176807], [-59.225011, -34.176868], [-59.224908, -34.176929], [-59.224805, -34.17699], [-59.224703, -34.17705], [-59.224599, -34.177111], [-59.224494, -34.177173], [-59.22439, -34.177234], [-59.224287, -34.177294], [-59.224186, -34.177354], [-59.224082, -34.177415], [-59.223979, -34.177476], [-59.223876, -34.177537], [-59.223771, -34.177598], [-59.223669, -34.177658], [-59.223565, -34.17772], [-59.223462, -34.177781], [-59.223363, -34.177839], [-59.223258, -34.1779], [-59.223155, -34.177961], [-59.223052, -34.178021], [-59.22295, -34.178082], [-59.222846, -34.178143], [-59.222742, -34.178204], [-59.222637, -34.178264], [-59.222533, -34.178325], [-59.222428, -34.178386], [-59.222324, -34.178448], [-59.22222, -34.178509], [-59.222115, -34.17857], [-59.222011, -34.178632], [-59.221908, -34.178693], [-59.221804, -34.178754], [-59.22171, -34.17881], [-59.221613, -34.178868], [-59.221509, -34.178929], [-59.221406, -34.17899], [-59.221303, -34.179052], [-59.221198, -34.179113], [-59.221095, -34.179173], [-59.220991, -34.179234], [-59.220888, -34.179294], [-59.220783, -34.179355], [-59.22068, -34.179416], [-59.220576, -34.179477], [-59.220473, -34.179538], [-59.220369, -34.1796], [-59.220265, -34.179662], [-59.220162, -34.179723], [-59.220059, -34.179784], [-59.219955, -34.179845], [-59.219852, -34.179905], [-59.219749, -34.179965], [-59.219646, -34.180026], [-59.219542, -34.180087], [-59.219438, -34.180148], [-59.219333, -34.180209], [-59.21923, -34.18027], [-59.219126, -34.180331], [-59.219022, -34.180392], [-59.218918, -34.180454], [-59.218816, -34.180514], [-59.218711, -34.180576], [-59.218608, -34.180636], [-59.218503, -34.180697], [-59.218401, -34.180757], [-59.218297, -34.180818], [-59.218195, -34.180878], [-59.218091, -34.180939], [-59.217987, -34.181001], [-59.217886, -34.181059], [-59.217783, -34.18112], [-59.217679, -34.181181], [-59.217575, -34.181242], [-59.21747, -34.181303], [-59.217366, -34.181365], [-59.217262, -34.181426], [-59.217157, -34.181487], [-59.217053, -34.181547], [-59.216951, -34.181605], [-59.216846, -34.181666], [-59.216794, -34.181697], [-59.21674, -34.181729], [-59.216688, -34.181759], [-59.216636, -34.18179], [-59.216533, -34.181851], [-59.216429, -34.181912], [-59.216361, -34.181952], [-59.216257, -34.182013], [-59.216152, -34.182075], [-59.216048, -34.182135], [-59.215943, -34.182197], [-59.215839, -34.182258], [-59.215737, -34.182319], [-59.215633, -34.18238], [-59.215531, -34.182441], [-59.215426, -34.182502], [-59.215326, -34.182562], [-59.215222, -34.182623], [-59.215118, -34.182684], [-59.215017, -34.182744], [-59.214915, -34.182804], [-59.214812, -34.182865], [-59.214708, -34.182927], [-59.214605, -34.182988], [-59.214501, -34.18305], [-59.214397, -34.183111], [-59.214294, -34.183172], [-59.214192, -34.183232], [-59.214088, -34.183293], [-59.213985, -34.183354], [-59.213902, -34.183403], [-59.213799, -34.183464], [-59.213695, -34.183526], [-59.213643, -34.183557], [-59.21359, -34.183589], [-59.213537, -34.18362], [-59.213485, -34.183651], [-59.21338, -34.183712], [-59.213276, -34.183773], [-59.213229, -34.1838], [-59.213126, -34.18386], [-59.213023, -34.183921], [-59.212919, -34.183982], [-59.212815, -34.184044], [-59.212712, -34.184106], [-59.212609, -34.184168], [-59.212505, -34.18423], [-59.212401, -34.184292], [-59.212297, -34.184354], [-59.212194, -34.184416], [-59.212091, -34.184477], [-59.211986, -34.184538], [-59.211884, -34.184599], [-59.211786, -34.184656], [-59.211681, -34.184718], [-59.211578, -34.184779], [-59.211474, -34.184841], [-59.211373, -34.184901], [-59.211269, -34.184962], [-59.211164, -34.185023], [-59.21106, -34.185085], [-59.210955, -34.185146], [-59.21085, -34.185208], [-59.210746, -34.18527], [-59.210642, -34.18533], [-59.210538, -34.185391], [-59.210434, -34.185453], [-59.21033, -34.185514], [-59.210225, -34.185576], [-59.210121, -34.185638], [-59.210017, -34.1857], [-59.209915, -34.185762], [-59.209812, -34.185824], [-59.209705, -34.185883], [-59.209597, -34.18594], [-59.209489, -34.185998], [-59.209381, -34.186055], [-59.209272, -34.186112], [-59.209164, -34.18617], [-59.209062, -34.186224], [-59.208955, -34.186281], [-59.208848, -34.186338], [-59.20874, -34.186395], [-59.208632, -34.186452], [-59.208524, -34.18651], [-59.208417, -34.186567], [-59.208309, -34.186624], [-59.208202, -34.186681], [-59.208095, -34.186739], [-59.207987, -34.186796], [-59.207879, -34.186853], [-59.207773, -34.18691], [-59.207665, -34.186966], [-59.207557, -34.187023], [-59.207449, -34.18708], [-59.207342, -34.187137], [-59.207236, -34.187193], [-59.207128, -34.18725], [-59.207021, -34.187307], [-59.206913, -34.187364], [-59.206808, -34.18742], [-59.2067, -34.187478], [-59.206592, -34.187535], [-59.206484, -34.187593], [-59.206377, -34.18765], [-59.206269, -34.187708], [-59.206161, -34.187765], [-59.206053, -34.187822], [-59.205946, -34.18788], [-59.20584, -34.187936], [-59.205731, -34.187994], [-59.205624, -34.188051], [-59.205519, -34.188107], [-59.205411, -34.188164], [-59.205303, -34.188221], [-59.205196, -34.188278], [-59.205088, -34.188335], [-59.204982, -34.188391], [-59.204874, -34.188449], [-59.204765, -34.188506], [-59.204657, -34.188562], [-59.204555, -34.188616], [-59.204447, -34.188674], [-59.20434, -34.188731], [-59.204233, -34.188787], [-59.204127, -34.188844], [-59.204019, -34.188901], [-59.203912, -34.188958], [-59.203803, -34.189015], [-59.203696, -34.189071], [-59.203589, -34.189128], [-59.203481, -34.189185], [-59.203373, -34.189242], [-59.203266, -34.189299], [-59.203158, -34.189355], [-59.203051, -34.189412], [-59.202946, -34.189468], [-59.202839, -34.189525], [-59.202734, -34.189581], [-59.202627, -34.189639], [-59.202521, -34.189698], [-59.202418, -34.18976], [-59.202315, -34.189823], [-59.202213, -34.189886], [-59.202111, -34.189948], [-59.20201, -34.19001], [-59.201907, -34.190073], [-59.20181, -34.190133], [-59.201711, -34.190195], [-59.201608, -34.190259], [-59.201506, -34.190322], [-59.201405, -34.190385], [-59.201302, -34.190448], [-59.2012, -34.190512], [-59.201097, -34.190576], [-59.200995, -34.190638], [-59.200892, -34.190702], [-59.20079, -34.190765], [-59.200688, -34.190829], [-59.200585, -34.190893], [-59.200482, -34.190957], [-59.200382, -34.191019], [-59.200281, -34.191082], [-59.200178, -34.191146], [-59.200075, -34.19121], [-59.199973, -34.191273], [-59.19987, -34.191337], [-59.199767, -34.1914], [-59.199665, -34.191464], [-59.199564, -34.191527], [-59.199463, -34.19159], [-59.199361, -34.191653], [-59.199258, -34.191717], [-59.199157, -34.19178], [-59.199056, -34.191843], [-59.198956, -34.191905], [-59.198854, -34.191969], [-59.198755, -34.19203], [-59.198653, -34.192094], [-59.198551, -34.192158], [-59.198453, -34.192218], [-59.198351, -34.192282], [-59.198253, -34.192342], [-59.19815, -34.192406], [-59.198049, -34.192468], [-59.197947, -34.192532], [-59.197844, -34.192594], [-59.197776, -34.192636], [-59.197674, -34.1927], [-59.197572, -34.192763], [-59.197471, -34.192826], [-59.197368, -34.192889], [-59.197266, -34.192953], [-59.197163, -34.193016], [-59.197061, -34.193079], [-59.196959, -34.193143], [-59.196856, -34.193207], [-59.196754, -34.19327], [-59.196655, -34.193331], [-59.196552, -34.193394], [-59.19645, -34.193458], [-59.196348, -34.193521], [-59.196246, -34.193585], [-59.196143, -34.193648], [-59.196041, -34.193712], [-59.195939, -34.193775], [-59.195837, -34.193838], [-59.195734, -34.193901], [-59.195631, -34.193964], [-59.195531, -34.194025], [-59.19543, -34.194089], [-59.195327, -34.194152], [-59.195225, -34.194216], [-59.195125, -34.194278], [-59.195022, -34.194342], [-59.19492, -34.194406], [-59.194818, -34.194469], [-59.194716, -34.194532], [-59.194613, -34.194596], [-59.194511, -34.194659], [-59.19441, -34.194723], [-59.194308, -34.194786], [-59.194205, -34.19485], [-59.194104, -34.194913], [-59.194004, -34.194975], [-59.193902, -34.195039], [-59.193801, -34.195102], [-59.193699, -34.195166], [-59.193597, -34.19523], [-59.193495, -34.195293], [-59.193393, -34.195357], [-59.193291, -34.195421], [-59.193189, -34.195485], [-59.193087, -34.195549], [-59.192984, -34.195613], [-59.192883, -34.195676], [-59.192781, -34.19574], [-59.19268, -34.195803], [-59.19258, -34.195866], [-59.192478, -34.195929], [-59.192375, -34.195993], [-59.192275, -34.196055], [-59.192173, -34.196117], [-59.192071, -34.19618], [-59.191967, -34.196244], [-59.191865, -34.196307], [-59.191762, -34.196371], [-59.19166, -34.196435], [-59.191558, -34.196499], [-59.191457, -34.196562], [-59.191355, -34.196626], [-59.191253, -34.196689], [-59.191151, -34.196752], [-59.191048, -34.196815], [-59.190946, -34.196879], [-59.190845, -34.196941], [-59.190743, -34.197004], [-59.190642, -34.197068], [-59.19054, -34.197132], [-59.190438, -34.197196], [-59.190351, -34.197249], [-59.190249, -34.197313], [-59.190147, -34.197377], [-59.190045, -34.197441], [-59.189942, -34.197505], [-59.189839, -34.197568], [-59.189738, -34.197631], [-59.189636, -34.197695], [-59.189533, -34.197759], [-59.189431, -34.197823], [-59.189329, -34.197887], [-59.189226, -34.197951], [-59.189124, -34.198014], [-59.189022, -34.198078], [-59.188919, -34.198141], [-59.188818, -34.198204], [-59.188717, -34.198267], [-59.188614, -34.198331], [-59.188512, -34.198395], [-59.188409, -34.198459], [-59.188307, -34.198522], [-59.188206, -34.198585], [-59.188103, -34.198648], [-59.188001, -34.198712], [-59.187899, -34.198776], [-59.187798, -34.198839], [-59.187696, -34.198903], [-59.187593, -34.198966], [-59.187488, -34.199029], [-59.187384, -34.19909], [-59.187279, -34.199151], [-59.187175, -34.19921], [-59.187073, -34.19927], [-59.186971, -34.19933], [-59.186866, -34.199392], [-59.186762, -34.199454], [-59.18666, -34.199514], [-59.186556, -34.199577], [-59.186451, -34.199639], [-59.186346, -34.1997], [-59.186248, -34.199757], [-59.186143, -34.199819], [-59.186038, -34.19988], [-59.185933, -34.19994], [-59.185827, -34.200002], [-59.185723, -34.200062], [-59.185618, -34.200123], [-59.185513, -34.200184], [-59.185408, -34.200245], [-59.185302, -34.200306], [-59.185199, -34.200367], [-59.185094, -34.200428], [-59.184992, -34.200488], [-59.184888, -34.20055], [-59.184783, -34.200612], [-59.184681, -34.200672], [-59.184578, -34.200733], [-59.184475, -34.200795], [-59.18437, -34.200856], [-59.184265, -34.200917], [-59.184159, -34.200978], [-59.184054, -34.201038], [-59.183949, -34.201098], [-59.183844, -34.201159], [-59.183741, -34.20122], [-59.183638, -34.201282], [-59.183534, -34.201343], [-59.18343, -34.201405], [-59.183325, -34.201466], [-59.183221, -34.201527], [-59.183116, -34.201588], [-59.183013, -34.201649], [-59.182908, -34.20171], [-59.182804, -34.201771], [-59.182699, -34.201832], [-59.182594, -34.201893], [-59.182488, -34.201953], [-59.182384, -34.202014], [-59.182279, -34.202075], [-59.182175, -34.202136], [-59.182072, -34.202197], [-59.181969, -34.202259], [-59.181863, -34.202321], [-59.18176, -34.202382], [-59.181656, -34.202443], [-59.181552, -34.202504], [-59.181447, -34.202566], [-59.181376, -34.202608], [-59.181271, -34.20267], [-59.181169, -34.20273], [-59.181064, -34.202792], [-59.180961, -34.202853], [-59.180856, -34.202914], [-59.180751, -34.202976], [-59.180649, -34.203036], [-59.180545, -34.203096], [-59.180445, -34.203156], [-59.18034, -34.203217], [-59.180235, -34.203279], [-59.180131, -34.20334], [-59.180027, -34.203401], [-59.179925, -34.203462], [-59.179822, -34.203523], [-59.179719, -34.203584], [-59.179615, -34.203645], [-59.179512, -34.203706], [-59.179408, -34.203767], [-59.179303, -34.203828], [-59.179198, -34.203889], [-59.179095, -34.20395], [-59.17899, -34.204012], [-59.178887, -34.204073], [-59.178783, -34.204134], [-59.178679, -34.204196], [-59.178578, -34.204255], [-59.178474, -34.204316], [-59.17837, -34.204377], [-59.178266, -34.204438], [-59.178162, -34.204499], [-59.178058, -34.20456], [-59.177954, -34.204621], [-59.17785, -34.204682], [-59.177746, -34.204743], [-59.177642, -34.204805], [-59.177539, -34.204866], [-59.177435, -34.204927], [-59.17733, -34.204988], [-59.177226, -34.205048], [-59.177123, -34.205109], [-59.177019, -34.20517], [-59.176917, -34.20523], [-59.176813, -34.205292], [-59.17671, -34.205353], [-59.176606, -34.205414], [-59.176504, -34.205474], [-59.176399, -34.205535], [-59.176295, -34.205595], [-59.176191, -34.205656], [-59.176087, -34.205718], [-59.175983, -34.205778], [-59.17588, -34.205839], [-59.175775, -34.2059], [-59.175675, -34.205959], [-59.175571, -34.20602], [-59.175466, -34.206081], [-59.175361, -34.206142], [-59.175315, -34.20617], [-59.175211, -34.206231], [-59.175106, -34.206293], [-59.175002, -34.206354], [-59.174898, -34.206415], [-59.174793, -34.206477], [-59.174689, -34.206538], [-59.174586, -34.206598], [-59.17448, -34.20666], [-59.174374, -34.20672], [-59.174271, -34.20678], [-59.174168, -34.206842], [-59.174064, -34.206904], [-59.173959, -34.206967], [-59.173856, -34.207029], [-59.173753, -34.207091], [-59.173648, -34.207153], [-59.173543, -34.207212], [-59.173438, -34.207271], [-59.173408, -34.207288], [-59.173319, -34.207339], [-59.173214, -34.2074], [-59.173109, -34.207462], [-59.173005, -34.207523], [-59.1729, -34.207585], [-59.172796, -34.207646], [-59.172692, -34.207707], [-59.172588, -34.207769], [-59.172485, -34.207829], [-59.17238, -34.207891], [-59.172276, -34.207952], [-59.172171, -34.208013], [-59.172067, -34.208075], [-59.171962, -34.208136], [-59.171859, -34.208197], [-59.171754, -34.208258], [-59.171649, -34.20832], [-59.171547, -34.20838], [-59.171442, -34.208442], [-59.171337, -34.208504], [-59.171234, -34.208564], [-59.17113, -34.208625], [-59.171025, -34.208687], [-59.17092, -34.208748], [-59.170817, -34.208809], [-59.170712, -34.208871], [-59.170608, -34.208931], [-59.170504, -34.208993], [-59.170406, -34.20905], [-59.170301, -34.209111], [-59.170202, -34.209169], [-59.170097, -34.20923], [-59.169998, -34.209287], [-59.169894, -34.209349], [-59.169789, -34.20941], [-59.169685, -34.209471], [-59.169582, -34.209532], [-59.169477, -34.209593], [-59.169374, -34.209653], [-59.16927, -34.209714], [-59.169165, -34.209775], [-59.169061, -34.209836], [-59.168958, -34.209897], [-59.168862, -34.209954], [-59.168758, -34.210015], [-59.168654, -34.210077], [-59.168551, -34.210138], [-59.168447, -34.210199], [-59.168344, -34.21026], [-59.168239, -34.210322], [-59.168135, -34.210384], [-59.168034, -34.210444], [-59.16793, -34.210505], [-59.167826, -34.210566], [-59.16772, -34.210627], [-59.167616, -34.210688], [-59.167512, -34.210749], [-59.167431, -34.210797], [-59.167327, -34.210859], [-59.167223, -34.21092], [-59.16712, -34.210981], [-59.167016, -34.211041], [-59.166912, -34.211102], [-59.166808, -34.211164], [-59.166704, -34.211225], [-59.166599, -34.211287], [-59.166496, -34.211348], [-59.166392, -34.211409], [-59.166288, -34.21147], [-59.166183, -34.211532], [-59.166079, -34.211593], [-59.165975, -34.211654], [-59.16587, -34.211715], [-59.165766, -34.211776], [-59.165662, -34.211837], [-59.165558, -34.211899], [-59.165453, -34.21196], [-59.16535, -34.212021], [-59.165246, -34.212082], [-59.165143, -34.212143], [-59.16504, -34.212203], [-59.164935, -34.212265], [-59.164831, -34.212327], [-59.16473, -34.212386], [-59.164627, -34.212446], [-59.164524, -34.212507], [-59.164419, -34.212568], [-59.164315, -34.212629], [-59.16421, -34.21269], [-59.164105, -34.212752], [-59.164001, -34.212813], [-59.163897, -34.212874], [-59.163793, -34.212937], [-59.163689, -34.212998], [-59.163585, -34.21306], [-59.163481, -34.213121], [-59.163377, -34.213182], [-59.163273, -34.213244], [-59.163168, -34.213305], [-59.163064, -34.213366], [-59.162959, -34.213428], [-59.162855, -34.213489], [-59.16275, -34.213551], [-59.162645, -34.213612], [-59.162542, -34.213673], [-59.162438, -34.213735], [-59.162384, -34.213767], [-59.162287, -34.213824], [-59.162189, -34.213882], [-59.162136, -34.213913], [-59.162085, -34.213943], [-59.162036, -34.213972], [-59.161983, -34.214003], [-59.161934, -34.214032], [-59.161883, -34.214062], [-59.161779, -34.214123], [-59.161677, -34.214182], [-59.161584, -34.214237], [-59.16148, -34.214299], [-59.161375, -34.21436], [-59.16127, -34.21442], [-59.161168, -34.214479], [-59.161065, -34.21454], [-59.160962, -34.214601], [-59.160857, -34.214662], [-59.160753, -34.214724], [-59.160649, -34.214785], [-59.160547, -34.214846], [-59.160453, -34.214901], [-59.160351, -34.214962], [-59.16025, -34.215021], [-59.160148, -34.215082], [-59.160043, -34.215143], [-59.159939, -34.215206], [-59.159838, -34.215265], [-59.159746, -34.215319], [-59.159644, -34.21538], [-59.159541, -34.215441], [-59.159436, -34.215502], [-59.159335, -34.215562], [-59.159244, -34.215616], [-59.159142, -34.215677], [-59.159042, -34.215736], [-59.158943, -34.215795], [-59.158837, -34.215857], [-59.158734, -34.215918], [-59.15863, -34.215979], [-59.158526, -34.216041], [-59.158422, -34.216103], [-59.158319, -34.216164], [-59.158217, -34.216225], [-59.158113, -34.216286], [-59.158009, -34.216348], [-59.157907, -34.216408], [-59.157803, -34.216469], [-59.157698, -34.216531], [-59.157594, -34.216593], [-59.157505, -34.216646], [-59.157406, -34.216704], [-59.15731, -34.216761], [-59.157206, -34.216823], [-59.157115, -34.216877], [-59.157014, -34.216937], [-59.156909, -34.217], [-59.156806, -34.217061], [-59.156703, -34.217123], [-59.1566, -34.217183], [-59.156497, -34.217244], [-59.156394, -34.217306], [-59.156309, -34.217357], [-59.156207, -34.217417], [-59.156115, -34.217472], [-59.156013, -34.217532], [-59.155921, -34.217586], [-59.155831, -34.21764], [-59.15573, -34.2177], [-59.155628, -34.21776], [-59.15553, -34.217818], [-59.155427, -34.217879], [-59.155325, -34.217939], [-59.155221, -34.218001], [-59.155118, -34.218062], [-59.155014, -34.218123], [-59.154913, -34.218184], [-59.15481, -34.218244], [-59.154709, -34.218304], [-59.154606, -34.218364], [-59.154502, -34.218426], [-59.154399, -34.218487], [-59.154296, -34.21855], [-59.154194, -34.218611], [-59.154091, -34.218673], [-59.153989, -34.218734], [-59.153886, -34.218795], [-59.153785, -34.218857], [-59.153683, -34.218918], [-59.153579, -34.218979], [-59.153477, -34.219041], [-59.153374, -34.219103], [-59.153271, -34.219165], [-59.153168, -34.219227], [-59.153065, -34.219289], [-59.152963, -34.21935], [-59.152878, -34.219401], [-59.152857, -34.219414], [-59.152775, -34.219463], [-59.152672, -34.219525], [-59.152569, -34.219586], [-59.152468, -34.219646], [-59.152365, -34.219707], [-59.152262, -34.219768], [-59.152158, -34.21983], [-59.152055, -34.219891], [-59.151953, -34.219952], [-59.15185, -34.220013], [-59.151747, -34.220075], [-59.151644, -34.220136], [-59.151543, -34.220196], [-59.15144, -34.220258], [-59.151338, -34.220319], [-59.151236, -34.22038], [-59.151134, -34.220442], [-59.15103, -34.220503], [-59.150928, -34.220564], [-59.150825, -34.220625], [-59.150723, -34.220686], [-59.150621, -34.220747], [-59.150519, -34.220808], [-59.150417, -34.220869], [-59.150315, -34.22093], [-59.150213, -34.220991], [-59.150111, -34.221053], [-59.150008, -34.221114], [-59.149909, -34.221174], [-59.149805, -34.221236], [-59.149702, -34.221298], [-59.149599, -34.22136], [-59.149495, -34.221422], [-59.149392, -34.221483], [-59.149289, -34.221545], [-59.149187, -34.221606], [-59.149084, -34.221667], [-59.148981, -34.221729], [-59.148882, -34.221788], [-59.148782, -34.221847], [-59.148678, -34.221909], [-59.148576, -34.22197], [-59.148474, -34.222031], [-59.148372, -34.222092], [-59.148273, -34.222151], [-59.148171, -34.222213], [-59.148069, -34.222273], [-59.147967, -34.222335], [-59.147864, -34.222397], [-59.147762, -34.222459], [-59.14766, -34.222521], [-59.147558, -34.222583], [-59.147457, -34.222644], [-59.147359, -34.222703], [-59.147256, -34.222764], [-59.147155, -34.222824], [-59.147054, -34.222884], [-59.146952, -34.222946], [-59.146849, -34.223007], [-59.146746, -34.223064], [-59.146639, -34.223123], [-59.146532, -34.223181], [-59.146455, -34.223223], [-59.146348, -34.223282], [-59.14624, -34.223341], [-59.146134, -34.223399], [-59.146028, -34.223456], [-59.145921, -34.223514], [-59.145815, -34.223573], [-59.145709, -34.223631], [-59.145602, -34.223689], [-59.145494, -34.223746], [-59.145386, -34.223804], [-59.145282, -34.223867], [-59.145192, -34.223942], [-59.145107, -34.22402], [-59.14502, -34.224099], [-59.144934, -34.224176], [-59.144847, -34.224253], [-59.14476, -34.224332], [-59.144673, -34.22441], [-59.144586, -34.224488], [-59.1445, -34.224566], [-59.144418, -34.224641], [-59.144332, -34.224719], [-59.144248, -34.224795], [-59.144162, -34.224873], [-59.144077, -34.22495], [-59.143991, -34.225028], [-59.143904, -34.225106], [-59.143818, -34.225183], [-59.143731, -34.225262], [-59.143644, -34.22534], [-59.143557, -34.225418], [-59.143473, -34.225494], [-59.143386, -34.225572], [-59.1433, -34.225651], [-59.143212, -34.225729], [-59.143125, -34.225807], [-59.143038, -34.225885], [-59.142952, -34.225963], [-59.142871, -34.226036], [-59.142785, -34.226114], [-59.142698, -34.226192], [-59.142612, -34.226269], [-59.142526, -34.226346], [-59.14244, -34.226424], [-59.142353, -34.226502], [-59.142268, -34.226579], [-59.142181, -34.226657], [-59.142097, -34.226733], [-59.14201, -34.226812], [-59.141924, -34.226889], [-59.141838, -34.226966], [-59.141751, -34.227043], [-59.141665, -34.227122], [-59.14158, -34.227198], [-59.141494, -34.227276], [-59.141411, -34.227351], [-59.141324, -34.227429], [-59.141238, -34.227506], [-59.141152, -34.227584], [-59.141066, -34.227662], [-59.140979, -34.22774], [-59.140892, -34.227818], [-59.140822, -34.22788], [-59.140735, -34.227958], [-59.140648, -34.228034], [-59.140564, -34.22811], [-59.14048, -34.228187], [-59.140394, -34.228264], [-59.140307, -34.228342], [-59.140219, -34.22842], [-59.140132, -34.228498], [-59.140045, -34.228576], [-59.139958, -34.228655], [-59.139872, -34.228732], [-59.139788, -34.228808], [-59.139702, -34.228886], [-59.139615, -34.228965], [-59.139528, -34.229043], [-59.139443, -34.229121], [-59.139358, -34.229197], [-59.139272, -34.229274], [-59.139185, -34.229352], [-59.139099, -34.229429], [-59.139012, -34.229507], [-59.138925, -34.229585], [-59.138838, -34.229663], [-59.138751, -34.229741], [-59.138665, -34.229819], [-59.13858, -34.229895], [-59.138493, -34.229973], [-59.138408, -34.23005], [-59.138322, -34.230127], [-59.138237, -34.230204], [-59.138152, -34.230281], [-59.138068, -34.230358], [-59.137981, -34.230436], [-59.137894, -34.230515], [-59.137807, -34.230593], [-59.137723, -34.230669], [-59.137636, -34.230747], [-59.137549, -34.230825], [-59.137462, -34.230904], [-59.137375, -34.230982], [-59.137289, -34.23106], [-59.137203, -34.231138], [-59.137116, -34.231217], [-59.13703, -34.231295], [-59.136944, -34.231373], [-59.136856, -34.231451], [-59.136769, -34.231529], [-59.136682, -34.231607], [-59.136608, -34.231675], [-59.136522, -34.231752], [-59.136436, -34.23183], [-59.136349, -34.231909], [-59.136262, -34.231987], [-59.136176, -34.232065], [-59.13609, -34.232143], [-59.136002, -34.232222], [-59.135916, -34.2323], [-59.135828, -34.232379], [-59.135742, -34.232458], [-59.135656, -34.232534], [-59.135569, -34.232613], [-59.135481, -34.232691], [-59.135395, -34.232769], [-59.135311, -34.232846], [-59.135224, -34.232924], [-59.135138, -34.233003], [-59.135052, -34.233081], [-59.134965, -34.23316], [-59.134879, -34.233237], [-59.134794, -34.233314], [-59.134709, -34.233392], [-59.134623, -34.23347], [-59.134536, -34.233548], [-59.134448, -34.233627], [-59.134361, -34.233705], [-59.134274, -34.233784], [-59.134187, -34.233861], [-59.134101, -34.23394], [-59.134015, -34.234018], [-59.133933, -34.234094], [-59.133848, -34.234173], [-59.133764, -34.234253], [-59.13368, -34.234333], [-59.133596, -34.234414], [-59.133513, -34.234494], [-59.133431, -34.234574], [-59.133342, -34.23465], [-59.133236, -34.234708], [-59.133126, -34.234757], [-59.133013, -34.234806], [-59.132951, -34.234834], [-59.132839, -34.234884], [-59.132725, -34.234932], [-59.132611, -34.23498], [-59.132498, -34.235029], [-59.132385, -34.235079], [-59.13227, -34.235125], [-59.132157, -34.23517], [-59.132043, -34.235217], [-59.131928, -34.235265], [-59.131845, -34.235299], [-59.131731, -34.235347], [-59.131617, -34.235395], [-59.131508, -34.235452], [-59.131414, -34.235524], [-59.131327, -34.235602], [-59.131239, -34.23568], [-59.13115, -34.235757], [-59.131062, -34.235834], [-59.130973, -34.235912], [-59.130885, -34.235989], [-59.130798, -34.236066], [-59.13071, -34.236143], [-59.130623, -34.23622], [-59.130535, -34.236297], [-59.130446, -34.236374], [-59.130358, -34.236452], [-59.13027, -34.236529], [-59.130182, -34.236607], [-59.130094, -34.236684], [-59.130006, -34.236761], [-59.12992, -34.236837], [-59.129834, -34.236913], [-59.129746, -34.23699], [-59.12966, -34.237066], [-59.129574, -34.237141], [-59.129488, -34.237216], [-59.129409, -34.237285], [-59.129323, -34.237361], [-59.129235, -34.237438], [-59.129149, -34.237513], [-59.129061, -34.23759], [-59.128973, -34.237667], [-59.128885, -34.237744], [-59.128798, -34.23782], [-59.12871, -34.237896], [-59.128622, -34.237973], [-59.128535, -34.238049], [-59.128446, -34.238126], [-59.128359, -34.238203], [-59.128271, -34.23828], [-59.128186, -34.238355], [-59.1281, -34.238432], [-59.128015, -34.238506], [-59.127926, -34.238583], [-59.127838, -34.23866], [-59.12775, -34.238737], [-59.127662, -34.238814], [-59.127574, -34.238891], [-59.127486, -34.238968], [-59.127397, -34.239045], [-59.127309, -34.239122], [-59.127221, -34.2392], [-59.127132, -34.239277], [-59.127046, -34.239353], [-59.126959, -34.239429], [-59.126873, -34.239505], [-59.126786, -34.23958], [-59.126702, -34.239653], [-59.126616, -34.239729], [-59.126528, -34.239805], [-59.12644, -34.239881], [-59.126352, -34.239957], [-59.126264, -34.240033], [-59.126176, -34.24011], [-59.126089, -34.240185], [-59.126, -34.240262], [-59.125911, -34.240338], [-59.125825, -34.240414], [-59.125736, -34.24049], [-59.125647, -34.240567], [-59.125559, -34.240644], [-59.125473, -34.240719], [-59.125385, -34.240796], [-59.125297, -34.240873], [-59.125208, -34.240951], [-59.12512, -34.241027], [-59.125032, -34.241105], [-59.124944, -34.241182], [-59.124856, -34.241259], [-59.124767, -34.241337], [-59.12468, -34.241413], [-59.124592, -34.241489], [-59.124504, -34.241567], [-59.124416, -34.241644], [-59.124328, -34.24172], [-59.12424, -34.241798], [-59.124155, -34.241871], [-59.124066, -34.241948], [-59.123978, -34.242025], [-59.123889, -34.242102], [-59.1238, -34.24218], [-59.123711, -34.242257], [-59.123624, -34.242332], [-59.123536, -34.24241], [-59.123448, -34.242487], [-59.123387, -34.24254], [-59.123299, -34.242617], [-59.123212, -34.242694], [-59.123124, -34.242771], [-59.123038, -34.242846], [-59.12295, -34.242922], [-59.122861, -34.243], [-59.122773, -34.243077], [-59.122684, -34.243154], [-59.122597, -34.243231], [-59.122508, -34.243308], [-59.122421, -34.243384], [-59.122334, -34.243462], [-59.122246, -34.243539], [-59.122159, -34.243616], [-59.122072, -34.243692], [-59.121984, -34.243769], [-59.121896, -34.243846], [-59.121808, -34.243923], [-59.12172, -34.244], [-59.121632, -34.244076], [-59.121544, -34.244153], [-59.121455, -34.24423], [-59.121368, -34.244307], [-59.121279, -34.244384], [-59.121192, -34.24446], [-59.121106, -34.244536], [-59.121017, -34.244613], [-59.12093, -34.244689], [-59.120842, -34.244766], [-59.120754, -34.244843], [-59.120666, -34.24492], [-59.120578, -34.244997], [-59.12049, -34.245075], [-59.120402, -34.245152], [-59.120313, -34.245229], [-59.120226, -34.245305], [-59.12014, -34.24538], [-59.120052, -34.245457], [-59.119964, -34.245535], [-59.119875, -34.245612], [-59.119789, -34.245688], [-59.1197, -34.245765], [-59.119612, -34.245842], [-59.119524, -34.245919], [-59.119435, -34.245997], [-59.119347, -34.246074], [-59.11926, -34.24615], [-59.119172, -34.246227], [-59.119084, -34.246303], [-59.119, -34.246376], [-59.118912, -34.246453], [-59.118824, -34.246529], [-59.118735, -34.246607], [-59.118647, -34.246683], [-59.118559, -34.246761], [-59.118472, -34.246838], [-59.118386, -34.246913], [-59.118297, -34.24699], [-59.118209, -34.247067], [-59.118121, -34.247143], [-59.118034, -34.24722], [-59.117946, -34.247298], [-59.11786, -34.247375], [-59.117786, -34.24744], [-59.117698, -34.247517], [-59.117611, -34.247594], [-59.117523, -34.247671], [-59.117438, -34.247747], [-59.11735, -34.247824], [-59.117262, -34.247902], [-59.117175, -34.247979], [-59.117087, -34.248056], [-59.117, -34.248134], [-59.116912, -34.248212], [-59.116825, -34.248289], [-59.116737, -34.248366], [-59.11665, -34.248444], [-59.116563, -34.248521], [-59.116479, -34.248595], [-59.116392, -34.248672], [-59.116306, -34.248749], [-59.116219, -34.248825], [-59.116131, -34.248903], [-59.116044, -34.24898], [-59.115956, -34.249058], [-59.115868, -34.249136], [-59.11578, -34.249215], [-59.115692, -34.249292], [-59.115604, -34.24937], [-59.115516, -34.249448], [-59.115429, -34.249524], [-59.115341, -34.249602], [-59.115253, -34.24968], [-59.115165, -34.249758], [-59.115078, -34.249835], [-59.11499, -34.249913], [-59.11492, -34.249975], [-59.114832, -34.250052], [-59.114745, -34.250129], [-59.114661, -34.250204], [-59.114575, -34.250281], [-59.11449, -34.25036], [-59.114407, -34.250441], [-59.114325, -34.250523], [-59.114243, -34.250605], [-59.114161, -34.250687], [-59.114079, -34.250768], [-59.113997, -34.250849], [-59.113915, -34.25093], [-59.113832, -34.251012], [-59.11375, -34.251093], [-59.113668, -34.251174], [-59.113585, -34.251255], [-59.113502, -34.251337], [-59.11342, -34.251419], [-59.113337, -34.251501], [-59.113255, -34.251582], [-59.113173, -34.251662], [-59.113101, -34.251734], [-59.113021, -34.251812], [-59.112939, -34.251892], [-59.112866, -34.251964], [-59.112783, -34.252046], [-59.112702, -34.252127], [-59.11262, -34.252208], [-59.11254, -34.252287], [-59.112459, -34.252366], [-59.112386, -34.252439], [-59.112303, -34.25252], [-59.112221, -34.252602], [-59.112143, -34.25268], [-59.112061, -34.252761], [-59.11198, -34.252842], [-59.111899, -34.252923], [-59.111818, -34.253004], [-59.111738, -34.253083], [-59.111657, -34.253162], [-59.111576, -34.253243], [-59.111494, -34.253323], [-59.111412, -34.253403], [-59.11133, -34.253485], [-59.111248, -34.253565], [-59.111167, -34.253645], [-59.111086, -34.253725], [-59.111004, -34.253806], [-59.110924, -34.253887], [-59.110841, -34.253969], [-59.110759, -34.25405], [-59.110678, -34.25413], [-59.110596, -34.254211], [-59.110517, -34.25429], [-59.110436, -34.254372], [-59.110353, -34.254454], [-59.110282, -34.254525], [-59.1102, -34.254605], [-59.110118, -34.254686], [-59.110037, -34.254767], [-59.109954, -34.254847], [-59.109873, -34.254927], [-59.109791, -34.255009], [-59.109714, -34.255086], [-59.109638, -34.255162], [-59.109558, -34.255241], [-59.109478, -34.255321], [-59.109395, -34.255402], [-59.109314, -34.255483], [-59.109232, -34.255564], [-59.109149, -34.255645], [-59.109066, -34.255727], [-59.108983, -34.255808], [-59.1089, -34.25589], [-59.108817, -34.255971], [-59.10874, -34.256047], [-59.108659, -34.256128], [-59.108578, -34.256208], [-59.108495, -34.256289], [-59.108412, -34.256371], [-59.108329, -34.256453], [-59.108247, -34.256535], [-59.108165, -34.256616], [-59.108085, -34.256696], [-59.108004, -34.256776], [-59.107922, -34.256857], [-59.10784, -34.256938], [-59.107757, -34.25702], [-59.107675, -34.257102], [-59.107592, -34.257183], [-59.10751, -34.257264], [-59.107428, -34.257346], [-59.107347, -34.257427], [-59.107264, -34.25751], [-59.107182, -34.257591], [-59.1071, -34.257673], [-59.107018, -34.257755], [-59.106943, -34.257829], [-59.106863, -34.257908], [-59.10678, -34.257991], [-59.106699, -34.25807], [-59.106618, -34.25815], [-59.106538, -34.25823], [-59.106455, -34.258312], [-59.106373, -34.258393], [-59.106292, -34.258474], [-59.10621, -34.258555], [-59.106127, -34.258637], [-59.106045, -34.258719], [-59.105962, -34.258801], [-59.10588, -34.258882], [-59.105798, -34.258963], [-59.105717, -34.259045], [-59.105634, -34.259127], [-59.105552, -34.259208], [-59.105471, -34.259289], [-59.10539, -34.25937], [-59.105308, -34.259452], [-59.105226, -34.259533], [-59.105144, -34.259615], [-59.105062, -34.259697], [-59.104981, -34.259776], [-59.104899, -34.259858], [-59.104817, -34.25994], [-59.104735, -34.260022], [-59.104654, -34.260104], [-59.104572, -34.260185], [-59.104489, -34.260267], [-59.104407, -34.260349], [-59.104326, -34.260429], [-59.104244, -34.26051], [-59.104163, -34.26059], [-59.104083, -34.26067], [-59.104002, -34.260751], [-59.10392, -34.260832], [-59.103838, -34.260913], [-59.103771, -34.260979], [-59.103689, -34.261061], [-59.103606, -34.261143], [-59.103524, -34.261225], [-59.103442, -34.261306], [-59.103359, -34.261388], [-59.103278, -34.261468], [-59.103195, -34.261551], [-59.103113, -34.261632], [-59.103033, -34.261712], [-59.102952, -34.261792], [-59.102871, -34.261872], [-59.102789, -34.261953], [-59.102707, -34.262034], [-59.102625, -34.262116], [-59.102543, -34.262197], [-59.102461, -34.262279], [-59.10238, -34.26236], [-59.102298, -34.262442], [-59.102215, -34.262524], [-59.102133, -34.262605], [-59.10205, -34.262687], [-59.101968, -34.262768], [-59.101886, -34.26285], [-59.101829, -34.262907], [-59.101747, -34.262989], [-59.101665, -34.263071], [-59.101583, -34.263152], [-59.101501, -34.263234], [-59.101419, -34.263315], [-59.101337, -34.263397], [-59.101255, -34.263478], [-59.101173, -34.26356], [-59.10109, -34.263642], [-59.101007, -34.263724], [-59.100925, -34.263805], [-59.100843, -34.263887], [-59.100762, -34.263968], [-59.100681, -34.264048], [-59.1006, -34.264128], [-59.100518, -34.26421], [-59.100436, -34.264291], [-59.100354, -34.264373], [-59.100277, -34.26445], [-59.100194, -34.264532], [-59.100112, -34.264614], [-59.100031, -34.264695], [-59.099949, -34.264777], [-59.099866, -34.264858], [-59.099787, -34.264937], [-59.099706, -34.265018], [-59.099623, -34.2651], [-59.099542, -34.265182], [-59.099459, -34.265264], [-59.099378, -34.265345], [-59.099297, -34.265425], [-59.099214, -34.265507], [-59.099131, -34.265589], [-59.099049, -34.26567], [-59.098966, -34.265752], [-59.098884, -34.265833], [-59.098801, -34.265915], [-59.098719, -34.265996], [-59.098636, -34.266078], [-59.098556, -34.266156], [-59.098476, -34.266235], [-59.098395, -34.266316], [-59.098315, -34.266394], [-59.098232, -34.266475], [-59.098155, -34.266552], [-59.098092, -34.266614], [-59.09801, -34.266696], [-59.097928, -34.266778], [-59.097845, -34.266859], [-59.097762, -34.26694], [-59.097679, -34.267022], [-59.097597, -34.267102], [-59.097568, -34.26713], [-59.097481, -34.267215], [-59.097407, -34.267307], [-59.09736, -34.267411], [-59.097337, -34.267521], [-59.097333, -34.267559], [-59.097327, -34.267647], [-59.097323, -34.267713], [-59.097318, -34.267825], [-59.097312, -34.267936], [-59.097306, -34.268047], [-59.097298, -34.268158], [-59.097289, -34.26827], [-59.097278, -34.268381], [-59.097261, -34.268491], [-59.097223, -34.268598], [-59.097166, -34.268695], [-59.097088, -34.268784], [-59.096998, -34.268862], [-59.096904, -34.268938], [-59.096808, -34.269015], [-59.09671, -34.269092], [-59.096621, -34.269162], [-59.096524, -34.269238], [-59.096425, -34.269315], [-59.096328, -34.269392], [-59.096231, -34.269467], [-59.096135, -34.269541], [-59.096038, -34.269617], [-59.095935, -34.269691], [-59.095829, -34.269758], [-59.095719, -34.269822], [-59.095615, -34.269895], [-59.095524, -34.269965], [-59.095426, -34.270042], [-59.09533, -34.270116], [-59.095235, -34.27019], [-59.095139, -34.270266], [-59.095043, -34.270342], [-59.094945, -34.270418], [-59.094853, -34.270491], [-59.094755, -34.270568], [-59.094663, -34.27064], [-59.094565, -34.270716], [-59.094469, -34.270791], [-59.094373, -34.270866], [-59.094275, -34.270942], [-59.094177, -34.271018], [-59.094079, -34.271094], [-59.093988, -34.271165], [-59.093892, -34.271241], [-59.093796, -34.271317], [-59.093699, -34.271393], [-59.09361, -34.271462], [-59.093514, -34.271537], [-59.093415, -34.271612], [-59.093319, -34.271686], [-59.093223, -34.27176], [-59.093126, -34.271836], [-59.093028, -34.271913], [-59.092932, -34.27199], [-59.092837, -34.272066], [-59.092739, -34.272143], [-59.092645, -34.272216], [-59.092546, -34.272292], [-59.092448, -34.272369], [-59.092351, -34.272444], [-59.092252, -34.272521], [-59.092156, -34.272595], [-59.092062, -34.272669], [-59.091964, -34.272746], [-59.091868, -34.272822], [-59.091778, -34.272904], [-59.091693, -34.272987], [-59.091608, -34.27307], [-59.091523, -34.273153], [-59.091437, -34.273238], [-59.09135, -34.273323], [-59.091267, -34.273404], [-59.09118, -34.273489], [-59.091096, -34.273573], [-59.091009, -34.273659], [-59.090922, -34.273744], [-59.090838, -34.273828], [-59.090754, -34.273911], [-59.09067, -34.273996], [-59.090585, -34.274081], [-59.090499, -34.274167], [-59.090431, -34.274236], [-59.090346, -34.274323], [-59.09026, -34.27441], [-59.090183, -34.27449], [-59.090104, -34.274571], [-59.090021, -34.274657], [-59.089937, -34.274743], [-59.089852, -34.274829], [-59.089768, -34.274914], [-59.089682, -34.274995], [-59.089588, -34.275075], [-59.089494, -34.275155], [-59.0894, -34.275233], [-59.089307, -34.275311], [-59.089217, -34.275385], [-59.089125, -34.275462], [-59.089034, -34.275537], [-59.088939, -34.275616], [-59.088846, -34.275694], [-59.088756, -34.27577], [-59.088664, -34.275848], [-59.088577, -34.275934], [-59.08851, -34.276027], [-59.088464, -34.276129], [-59.088428, -34.276236], [-59.088397, -34.276329], [-59.088362, -34.276434], [-59.088328, -34.276536], [-59.088277, -34.276641], [-59.088272, -34.276649], [-59.0882, -34.27674], [-59.088104, -34.276818], [-59.088003, -34.276872], [-59.087984, -34.27688], [-59.087929, -34.276902], [-59.087815, -34.276947], [-59.0877, -34.276992], [-59.087661, -34.277008], [-59.087552, -34.277064], [-59.087464, -34.277138], [-59.087397, -34.277206], [-59.087315, -34.277288], [-59.087233, -34.277369], [-59.087152, -34.27745], [-59.087069, -34.277532], [-59.086986, -34.277613], [-59.086904, -34.277695], [-59.086822, -34.277776], [-59.086742, -34.277857], [-59.086659, -34.277938], [-59.086577, -34.27802], [-59.086495, -34.278101], [-59.086414, -34.278182], [-59.086332, -34.278264], [-59.08625, -34.278346], [-59.086168, -34.278428], [-59.086086, -34.27851], [-59.086006, -34.278589], [-59.085924, -34.278671], [-59.085842, -34.278752], [-59.085761, -34.278833], [-59.085679, -34.278915], [-59.085597, -34.278997], [-59.085515, -34.279078], [-59.085434, -34.27916], [-59.085352, -34.279241], [-59.08527, -34.279324], [-59.085188, -34.279405], [-59.085107, -34.279487], [-59.085025, -34.279569], [-59.084953, -34.27964], [-59.084871, -34.279722], [-59.08479, -34.279802], [-59.084707, -34.279884], [-59.084625, -34.279966], [-59.084544, -34.280047], [-59.084462, -34.280129], [-59.08439, -34.280201], [-59.084308, -34.280283], [-59.084225, -34.280365], [-59.084143, -34.280446], [-59.084061, -34.280528], [-59.083978, -34.28061], [-59.083896, -34.280692], [-59.083814, -34.280773], [-59.083732, -34.280854], [-59.083656, -34.28093], [-59.083574, -34.281011], [-59.083492, -34.281093], [-59.083409, -34.281174], [-59.083327, -34.281254], [-59.083245, -34.281336], [-59.083164, -34.281417], [-59.083085, -34.281496], [-59.083005, -34.281578], [-59.082923, -34.28166], [-59.082841, -34.281741], [-59.082758, -34.281823], [-59.082677, -34.281904], [-59.082595, -34.281985], [-59.082513, -34.282067], [-59.082431, -34.282148], [-59.082349, -34.28223], [-59.082268, -34.282311], [-59.082185, -34.282393], [-59.082103, -34.282475], [-59.08202, -34.282556], [-59.081938, -34.282637], [-59.081859, -34.282718], [-59.081777, -34.282799], [-59.081695, -34.282881], [-59.081613, -34.282964], [-59.081532, -34.283045], [-59.081452, -34.283125], [-59.081371, -34.283206], [-59.08129, -34.283288], [-59.08121, -34.28337], [-59.081129, -34.283452], [-59.081047, -34.283533], [-59.08101, -34.283569], [-59.080927, -34.28365], [-59.080844, -34.283731], [-59.080762, -34.283812], [-59.080682, -34.283893], [-59.080601, -34.283975], [-59.080519, -34.284058], [-59.080437, -34.28414], [-59.080354, -34.284221], [-59.080271, -34.284303], [-59.08019, -34.284382], [-59.080107, -34.284463], [-59.080024, -34.284545], [-59.079944, -34.284626], [-59.079862, -34.284708], [-59.079781, -34.28479], [-59.079699, -34.284872], [-59.079617, -34.284954], [-59.079535, -34.285036], [-59.079452, -34.285118], [-59.07937, -34.285199], [-59.079288, -34.28528], [-59.079206, -34.285362], [-59.079123, -34.285444], [-59.079042, -34.285525], [-59.078961, -34.285607], [-59.078879, -34.285688], [-59.078797, -34.285771], [-59.078731, -34.285836], [-59.07865, -34.285917], [-59.078569, -34.285998], [-59.078487, -34.286079], [-59.078421, -34.286145], [-59.07834, -34.286225], [-59.078257, -34.286307], [-59.078174, -34.286388], [-59.078092, -34.286469], [-59.078011, -34.28655], [-59.07793, -34.286631], [-59.077848, -34.286713], [-59.077766, -34.286795], [-59.07769, -34.28687], [-59.077608, -34.286951], [-59.077526, -34.287032], [-59.077443, -34.287113], [-59.077361, -34.287195], [-59.077278, -34.287276], [-59.077196, -34.287357], [-59.077114, -34.287437], [-59.077032, -34.287519], [-59.076952, -34.287599], [-59.07687, -34.287681], [-59.07679, -34.287761], [-59.076708, -34.287843], [-59.076626, -34.287925], [-59.076544, -34.288007], [-59.076479, -34.288098], [-59.076436, -34.288199], [-59.076403, -34.288302], [-59.076371, -34.288404], [-59.076339, -34.288507], [-59.076308, -34.28861], [-59.076277, -34.288713], [-59.076247, -34.288817], [-59.076218, -34.288918], [-59.076204, -34.288968], [-59.07619, -34.289018], [-59.076177, -34.289067], [-59.076163, -34.289118], [-59.07615, -34.289169], [-59.076137, -34.28922], [-59.076124, -34.28927], [-59.07611, -34.289321], [-59.076097, -34.289371], [-59.076083, -34.289422], [-59.076068, -34.289473], [-59.076054, -34.289524], [-59.07604, -34.289572], [-59.076025, -34.289622], [-59.076006, -34.289671], [-59.075978, -34.289718], [-59.075945, -34.289762], [-59.075903, -34.289801], [-59.075858, -34.289835], [-59.075806, -34.289862], [-59.075754, -34.289889], [-59.075701, -34.289916], [-59.075647, -34.289943], [-59.075592, -34.28997], [-59.07554, -34.289996], [-59.075486, -34.290023], [-59.075432, -34.29005], [-59.075378, -34.290077], [-59.075324, -34.290103], [-59.07527, -34.290129], [-59.07522, -34.290154], [-59.075165, -34.29018], [-59.075111, -34.290206], [-59.075056, -34.290233], [-59.075001, -34.290259], [-59.074947, -34.290285], [-59.074865, -34.290325], [-59.074755, -34.290379], [-59.074648, -34.290432], [-59.074537, -34.290486], [-59.074427, -34.290539], [-59.074317, -34.290591], [-59.074208, -34.290643], [-59.074134, -34.290678], [-59.074076, -34.290706], [-59.074019, -34.290733], [-59.073993, -34.290746], [-59.073888, -34.290807], [-59.0738, -34.290883], [-59.073728, -34.290956], [-59.07371, -34.290976], [-59.073637, -34.291055], [-59.073559, -34.291137], [-59.073518, -34.291179], [-59.073478, -34.291222], [-59.073438, -34.291263], [-59.073398, -34.291305], [-59.07336, -34.291347], [-59.073321, -34.291388], [-59.073244, -34.291471], [-59.073168, -34.291551], [-59.073111, -34.291612], [-59.073068, -34.291657], [-59.072989, -34.291739], [-59.072909, -34.291822], [-59.07283, -34.291905], [-59.072751, -34.291988], [-59.072672, -34.292071], [-59.072594, -34.292154], [-59.072517, -34.292236], [-59.07244, -34.292319], [-59.072362, -34.292403], [-59.072284, -34.292485], [-59.07221, -34.292565], [-59.072131, -34.292649], [-59.072053, -34.292733], [-59.071974, -34.292816], [-59.071897, -34.2929], [-59.071819, -34.292983], [-59.071741, -34.293066], [-59.071662, -34.293149], [-59.071584, -34.293233], [-59.071505, -34.293317], [-59.071425, -34.2934], [-59.071346, -34.293484], [-59.071267, -34.293568], [-59.071189, -34.293651], [-59.07111, -34.293735], [-59.071032, -34.293818], [-59.070954, -34.293901], [-59.070877, -34.293981], [-59.070798, -34.294064], [-59.070719, -34.294148], [-59.07064, -34.294231], [-59.070561, -34.294314], [-59.070482, -34.294397], [-59.070403, -34.294481], [-59.070324, -34.294564], [-59.070249, -34.294643], [-59.070171, -34.294725], [-59.070092, -34.294809], [-59.070013, -34.294892], [-59.069934, -34.294976], [-59.069857, -34.295057], [-59.069778, -34.29514], [-59.0697, -34.295223], [-59.069621, -34.295307], [-59.069543, -34.29539], [-59.069467, -34.295471], [-59.069389, -34.295554], [-59.06931, -34.295638], [-59.069232, -34.295721], [-59.069152, -34.295804], [-59.069073, -34.295888], [-59.068994, -34.295971], [-59.068916, -34.296055], [-59.068837, -34.296139], [-59.068759, -34.296222], [-59.068681, -34.296305], [-59.068603, -34.296387], [-59.068524, -34.296471], [-59.068444, -34.296554], [-59.068364, -34.296638], [-59.068284, -34.296722], [-59.068204, -34.296805], [-59.068124, -34.29689], [-59.068045, -34.296973], [-59.067965, -34.297056], [-59.067885, -34.29714], [-59.067807, -34.297223], [-59.067727, -34.297308], [-59.067648, -34.297392], [-59.067569, -34.297476], [-59.067496, -34.297553], [-59.067417, -34.297637], [-59.067338, -34.297721], [-59.067259, -34.297805], [-59.06718, -34.297888], [-59.067101, -34.297971], [-59.067022, -34.298055], [-59.066943, -34.298139], [-59.066869, -34.298218], [-59.06679, -34.298302], [-59.066711, -34.298386], [-59.066632, -34.29847], [-59.066553, -34.298555], [-59.066476, -34.298638], [-59.066399, -34.29872], [-59.06632, -34.298803], [-59.066246, -34.298883], [-59.066169, -34.298965], [-59.066091, -34.299048], [-59.066012, -34.299132], [-59.065934, -34.299216], [-59.065857, -34.299297], [-59.065778, -34.299381], [-59.065714, -34.299449], [-59.065672, -34.299494], [-59.065594, -34.299577], [-59.065514, -34.299662], [-59.065436, -34.299744], [-59.065357, -34.299826], [-59.065278, -34.299909], [-59.065198, -34.299993], [-59.06512, -34.300075], [-59.065041, -34.300159], [-59.064963, -34.300243], [-59.064884, -34.300327], [-59.064806, -34.300411], [-59.064727, -34.300495], [-59.064651, -34.300576], [-59.064573, -34.300658], [-59.064508, -34.300726], [-59.064429, -34.300809], [-59.064352, -34.300891], [-59.064274, -34.300974], [-59.064196, -34.301058], [-59.064118, -34.30114], [-59.064039, -34.301224], [-59.06396, -34.301306], [-59.063882, -34.301389], [-59.063804, -34.301471], [-59.063725, -34.301554], [-59.06365, -34.301634], [-59.063572, -34.301717], [-59.063493, -34.3018], [-59.063414, -34.301884], [-59.063337, -34.301966], [-59.063259, -34.30205], [-59.06318, -34.302133], [-59.063101, -34.302216], [-59.063027, -34.302295], [-59.062948, -34.302378], [-59.06287, -34.302461], [-59.062792, -34.302543], [-59.062713, -34.302626], [-59.062634, -34.30271], [-59.062555, -34.302793], [-59.062477, -34.302876], [-59.062399, -34.302958], [-59.06232, -34.30304], [-59.062242, -34.303124], [-59.062163, -34.303207], [-59.062085, -34.30329], [-59.062007, -34.303373], [-59.061928, -34.303457], [-59.061852, -34.303537], [-59.061773, -34.303619], [-59.061693, -34.303703], [-59.061613, -34.303785], [-59.061534, -34.303869], [-59.061456, -34.303952], [-59.061377, -34.304036], [-59.061301, -34.304116], [-59.061222, -34.304199], [-59.061144, -34.30428], [-59.061065, -34.304362], [-59.060986, -34.304445], [-59.060908, -34.304528], [-59.060831, -34.304612], [-59.060754, -34.304696], [-59.060688, -34.304787], [-59.060645, -34.304886], [-59.060623, -34.30499], [-59.060622, -34.305095], [-59.060633, -34.3052], [-59.060644, -34.305305], [-59.060655, -34.30541], [-59.060666, -34.305512], [-59.060677, -34.305614], [-59.060689, -34.305717], [-59.0607, -34.305822], [-59.060711, -34.305925], [-59.060721, -34.306031], [-59.060731, -34.306137], [-59.060742, -34.306243], [-59.060753, -34.306349], [-59.060764, -34.306453], [-59.060765, -34.306464], [-59.060775, -34.306569], [-59.060786, -34.306674], [-59.060797, -34.30678], [-59.060804, -34.306853], [-59.060801, -34.306959], [-59.060765, -34.307061], [-59.060753, -34.307088], [-59.060711, -34.307186], [-59.060669, -34.307285], [-59.060625, -34.307384], [-59.060581, -34.307484], [-59.060525, -34.307579], [-59.06044, -34.307659], [-59.060345, -34.30773], [-59.06025, -34.307801], [-59.060154, -34.307872], [-59.060057, -34.307941], [-59.05996, -34.30801], [-59.059863, -34.308079], [-59.059766, -34.308147], [-59.059669, -34.308217], [-59.059575, -34.308285], [-59.059479, -34.308355], [-59.059382, -34.308426], [-59.059286, -34.308497], [-59.059191, -34.308567], [-59.059095, -34.308638], [-59.058998, -34.308709], [-59.058903, -34.308778], [-59.058809, -34.308848], [-59.058713, -34.308919], [-59.058618, -34.30899], [-59.058523, -34.309061], [-59.058428, -34.309131], [-59.058332, -34.309201], [-59.058235, -34.309272], [-59.058138, -34.309342], [-59.058043, -34.309411], [-59.057946, -34.309482], [-59.057857, -34.309547], [-59.057767, -34.309623], [-59.057682, -34.309703], [-59.057596, -34.309782], [-59.057513, -34.30986], [-59.057428, -34.30994], [-59.057343, -34.31002], [-59.057272, -34.310087], [-59.057188, -34.310167], [-59.057104, -34.310248], [-59.057019, -34.310327], [-59.056934, -34.310408], [-59.056848, -34.310488], [-59.056763, -34.310568], [-59.056678, -34.310648], [-59.056593, -34.310728], [-59.056508, -34.310808], [-59.056424, -34.310888], [-59.056341, -34.310966], [-59.056257, -34.311045], [-59.056172, -34.311125], [-59.056087, -34.311206], [-59.056003, -34.311285], [-59.055918, -34.311365], [-59.055832, -34.311445], [-59.055767, -34.311507], [-59.055681, -34.311587], [-59.055598, -34.311666], [-59.055514, -34.311745], [-59.05543, -34.311825], [-59.055345, -34.311905], [-59.055264, -34.311982], [-59.05521, -34.312034], [-59.055126, -34.312114], [-59.055042, -34.312194], [-59.054996, -34.312238], [-59.054913, -34.312317], [-59.054873, -34.312354], [-59.054789, -34.312434], [-59.05472, -34.312499], [-59.054635, -34.31258], [-59.054551, -34.31266], [-59.054494, -34.312714], [-59.05441, -34.312794], [-59.054325, -34.312874], [-59.054239, -34.312953], [-59.054189, -34.312999], [-59.054167, -34.31302], [-59.054085, -34.313101], [-59.054004, -34.313185], [-59.053927, -34.313264], [-59.053884, -34.313309], [-59.053805, -34.313391], [-59.053761, -34.313437], [-59.053683, -34.31352], [-59.05365, -34.313555], [-59.053573, -34.313638], [-59.053494, -34.313722], [-59.053423, -34.313798], [-59.053345, -34.313882], [-59.053266, -34.313967], [-59.053233, -34.314002], [-59.053154, -34.314087], [-59.053113, -34.314131], [-59.053034, -34.314214], [-59.052978, -34.314274], [-59.052898, -34.314359], [-59.05282, -34.314442], [-59.052741, -34.314526], [-59.052698, -34.314572], [-59.05262, -34.314655], [-59.052542, -34.314739], [-59.052462, -34.314823], [-59.052384, -34.314906], [-59.052305, -34.31499], [-59.052226, -34.315074], [-59.052149, -34.315155], [-59.05207, -34.315239], [-59.051991, -34.315323], [-59.051912, -34.315407], [-59.051833, -34.31549], [-59.051754, -34.315574], [-59.051676, -34.315658], [-59.051596, -34.315741], [-59.051517, -34.315825], [-59.05144, -34.315907], [-59.051361, -34.315991], [-59.051282, -34.316074], [-59.051202, -34.316158], [-59.051123, -34.316242], [-59.051043, -34.316325], [-59.050964, -34.316409], [-59.050885, -34.316493], [-59.050806, -34.316577], [-59.050728, -34.31666], [-59.05065, -34.316744], [-59.050574, -34.316825], [-59.050495, -34.316909], [-59.050418, -34.316992], [-59.050339, -34.317075], [-59.05026, -34.31716], [-59.05018, -34.317245], [-59.050102, -34.317328], [-59.050023, -34.317412], [-59.049944, -34.317496], [-59.049865, -34.31758], [-59.049787, -34.317662], [-59.049708, -34.317746], [-59.049631, -34.317827], [-59.049551, -34.31791], [-59.049472, -34.317993], [-59.049392, -34.318077], [-59.049312, -34.318161], [-59.049233, -34.318246], [-59.049155, -34.31833], [-59.049075, -34.318414], [-59.048996, -34.318496], [-59.048917, -34.31858], [-59.048838, -34.318664], [-59.048759, -34.318748], [-59.04868, -34.318831], [-59.048602, -34.318916], [-59.048524, -34.319], [-59.048446, -34.319083], [-59.048367, -34.319167], [-59.048288, -34.31925], [-59.048208, -34.319334], [-59.048129, -34.319417], [-59.04805, -34.319501], [-59.047971, -34.319585], [-59.047892, -34.319669], [-59.047813, -34.319754], [-59.047736, -34.319836], [-59.047657, -34.319921], [-59.047591, -34.31999], [-59.047512, -34.320074], [-59.047433, -34.320157], [-59.047355, -34.320241], [-59.047276, -34.320325], [-59.0472, -34.320406], [-59.047122, -34.320489], [-59.047042, -34.320574], [-59.046962, -34.320658], [-59.046884, -34.320741], [-59.046805, -34.320825], [-59.046726, -34.320909], [-59.046648, -34.320993], [-59.046568, -34.321076], [-59.04649, -34.32116], [-59.04641, -34.321244], [-59.046331, -34.321328], [-59.046252, -34.321412], [-59.046173, -34.321497], [-59.046094, -34.32158], [-59.046016, -34.321663], [-59.045937, -34.321747], [-59.045858, -34.32183], [-59.04578, -34.321913], [-59.045701, -34.321998], [-59.045622, -34.322081], [-59.045543, -34.322165], [-59.045465, -34.322247], [-59.045386, -34.322331], [-59.045307, -34.322415], [-59.045229, -34.322497], [-59.045185, -34.322543], [-59.045106, -34.322627], [-59.045027, -34.322711], [-59.044989, -34.322752], [-59.044911, -34.322835], [-59.044831, -34.32292], [-59.044752, -34.323003], [-59.044676, -34.323083], [-59.044642, -34.323119], [-59.044563, -34.323203], [-59.044483, -34.323287], [-59.044404, -34.323371], [-59.044325, -34.323454], [-59.044303, -34.323478], [-59.044225, -34.323561], [-59.044146, -34.323645], [-59.044067, -34.323729], [-59.044026, -34.323772], [-59.043999, -34.323801], [-59.04392, -34.323885], [-59.043883, -34.323924], [-59.043804, -34.324007], [-59.043773, -34.32404], [-59.043694, -34.324124], [-59.043615, -34.324208], [-59.043556, -34.324271], [-59.043477, -34.324354], [-59.043428, -34.324406], [-59.043412, -34.324422], [-59.043333, -34.324505], [-59.043301, -34.32454], [-59.043222, -34.324623], [-59.04316, -34.324688], [-59.0431, -34.324752], [-59.043022, -34.324836], [-59.042943, -34.32492], [-59.042866, -34.325003], [-59.042788, -34.325087], [-59.04271, -34.32517], [-59.042631, -34.325254], [-59.042551, -34.325337], [-59.042472, -34.325422], [-59.042392, -34.325505], [-59.042315, -34.325588], [-59.042272, -34.325634], [-59.042233, -34.325675], [-59.04219, -34.325722], [-59.042141, -34.325773], [-59.042094, -34.325823], [-59.042052, -34.325869], [-59.042014, -34.325909], [-59.041983, -34.325942], [-59.041948, -34.325979], [-59.041915, -34.326014], [-59.041884, -34.326047], [-59.041803, -34.326133], [-59.041722, -34.326218], [-59.041688, -34.326255], [-59.041617, -34.326329], [-59.041571, -34.326378], [-59.041504, -34.326447], [-59.041474, -34.326478], [-59.04143, -34.326526], [-59.041351, -34.326612], [-59.04127, -34.326698], [-59.041226, -34.326745], [-59.041145, -34.32683], [-59.041064, -34.326916], [-59.04102, -34.326962], [-59.04094, -34.327048], [-59.040859, -34.327135], [-59.040823, -34.327173], [-59.040742, -34.327259], [-59.040661, -34.327345], [-59.040621, -34.327387], [-59.040571, -34.32744], [-59.040516, -34.327497], [-59.04046, -34.327555], [-59.040413, -34.327604], [-59.040373, -34.327647], [-59.0403, -34.327726], [-59.040237, -34.327792], [-59.040177, -34.327856], [-59.040115, -34.327921], [-59.040034, -34.328007], [-59.039953, -34.328093], [-59.039873, -34.32818], [-59.039804, -34.328253], [-59.039722, -34.328339], [-59.039636, -34.32842], [-59.039588, -34.328459], [-59.039509, -34.328523], [-59.039413, -34.328598], [-59.039317, -34.328673], [-59.039272, -34.328707], [-59.039175, -34.328783], [-59.03908, -34.328857], [-59.038985, -34.328932], [-59.038923, -34.32898], [-59.038829, -34.329055], [-59.03879, -34.329085], [-59.038694, -34.32916], [-59.038671, -34.329178], [-59.038639, -34.329203], [-59.038544, -34.329277], [-59.038448, -34.329352], [-59.038382, -34.329403], [-59.038287, -34.329478], [-59.038246, -34.32951], [-59.038151, -34.329585], [-59.038118, -34.329611], [-59.038022, -34.329686], [-59.037927, -34.329761], [-59.037889, -34.329791], [-59.037828, -34.329839], [-59.037745, -34.329905], [-59.03765, -34.32998], [-59.037578, -34.330037], [-59.037483, -34.330112], [-59.037387, -34.330187], [-59.037367, -34.330202], [-59.037292, -34.33026], [-59.037197, -34.330335], [-59.037132, -34.330385], [-59.037054, -34.330447], [-59.036985, -34.3305], [-59.036894, -34.330571], [-59.036798, -34.330645], [-59.036702, -34.330719], [-59.036607, -34.330793], [-59.036512, -34.330867], [-59.036415, -34.330942], [-59.03632, -34.331016], [-59.036223, -34.331091], [-59.036144, -34.331152], [-59.036064, -34.331215], [-59.035969, -34.33129], [-59.035874, -34.331365], [-59.035781, -34.331438], [-59.035686, -34.331512], [-59.035591, -34.331587], [-59.035495, -34.331662], [-59.0354, -34.331736], [-59.035304, -34.33181], [-59.035209, -34.331885], [-59.035123, -34.331952], [-59.035027, -34.332027], [-59.034936, -34.332098], [-59.034841, -34.332173], [-59.034746, -34.332248], [-59.034658, -34.332317], [-59.034563, -34.332392], [-59.034474, -34.332462], [-59.034378, -34.332537], [-59.034282, -34.332611], [-59.034186, -34.332686], [-59.03409, -34.33276], [-59.034012, -34.332822], [-59.033916, -34.332896], [-59.033837, -34.332957], [-59.033741, -34.333031], [-59.033646, -34.333106], [-59.033572, -34.333164], [-59.033495, -34.333224], [-59.033403, -34.333297], [-59.033309, -34.333368], [-59.033262, -34.333404], [-59.033215, -34.333441], [-59.033169, -34.333476], [-59.033121, -34.333513], [-59.033027, -34.333585], [-59.032935, -34.333659], [-59.032918, -34.333673], [-59.032823, -34.333749], [-59.032728, -34.333824], [-59.032633, -34.333898], [-59.032536, -34.333972], [-59.032454, -34.334035], [-59.032363, -34.334106], [-59.032267, -34.334181], [-59.032172, -34.334256], [-59.032077, -34.33433], [-59.031981, -34.334405], [-59.031885, -34.33448], [-59.03179, -34.334554], [-59.031696, -34.334628], [-59.031601, -34.334703], [-59.031505, -34.334778], [-59.031437, -34.334831], [-59.031342, -34.334905], [-59.031247, -34.33498], [-59.031151, -34.335054], [-59.031056, -34.335128], [-59.030968, -34.335197], [-59.030878, -34.335268], [-59.030783, -34.335342], [-59.030688, -34.335416], [-59.030593, -34.335491], [-59.030498, -34.335566], [-59.030402, -34.335641], [-59.030307, -34.335715], [-59.030212, -34.335789], [-59.030116, -34.335864], [-59.03002, -34.335939], [-59.029924, -34.336014], [-59.029828, -34.336088], [-59.029732, -34.336162], [-59.029636, -34.336237], [-59.029542, -34.33631], [-59.029447, -34.336385], [-59.029352, -34.33646], [-59.029315, -34.336489], [-59.029224, -34.336559], [-59.029131, -34.336632], [-59.029084, -34.336669], [-59.029038, -34.336706], [-59.028991, -34.336743], [-59.028944, -34.33678], [-59.028852, -34.336853], [-59.028759, -34.336926], [-59.028674, -34.336994], [-59.02858, -34.337068], [-59.028485, -34.337143], [-59.02839, -34.337217], [-59.0283, -34.337287], [-59.02821, -34.337356], [-59.028119, -34.337427], [-59.028023, -34.337501], [-59.027929, -34.337576], [-59.027833, -34.337651], [-59.027743, -34.337722], [-59.027648, -34.337797], [-59.027553, -34.337871], [-59.027457, -34.337946], [-59.027362, -34.33802], [-59.027267, -34.338095], [-59.027172, -34.338168], [-59.027077, -34.338243], [-59.026982, -34.338318], [-59.026886, -34.338393], [-59.026791, -34.338468], [-59.026696, -34.338542], [-59.0266, -34.338617], [-59.026505, -34.338692], [-59.02641, -34.338766], [-59.026316, -34.338841], [-59.026221, -34.338916], [-59.026126, -34.338991], [-59.02603, -34.339065], [-59.025935, -34.33914], [-59.025841, -34.339214], [-59.025771, -34.339269], [-59.025696, -34.339327], [-59.025606, -34.339398], [-59.02551, -34.339473], [-59.025429, -34.339536], [-59.025346, -34.339601], [-59.025251, -34.339675], [-59.025155, -34.33975], [-59.025059, -34.339825], [-59.024964, -34.3399], [-59.024869, -34.339976], [-59.024775, -34.340049], [-59.02468, -34.340124], [-59.024585, -34.3402], [-59.02449, -34.340274], [-59.024394, -34.340349], [-59.024299, -34.340423], [-59.024219, -34.340486], [-59.024124, -34.340561], [-59.024028, -34.340636], [-59.023934, -34.340709], [-59.023838, -34.340783], [-59.023741, -34.340858], [-59.023673, -34.340911], [-59.023577, -34.340985], [-59.023493, -34.341051], [-59.023397, -34.341126], [-59.023326, -34.341182], [-59.02323, -34.341257], [-59.023156, -34.341315], [-59.02306, -34.34139], [-59.022964, -34.341465], [-59.022869, -34.34154], [-59.022774, -34.341614], [-59.022678, -34.341688], [-59.022583, -34.341762], [-59.022488, -34.341836], [-59.022414, -34.341894], [-59.022319, -34.341969], [-59.022243, -34.342029], [-59.022148, -34.342103], [-59.022052, -34.342177], [-59.021956, -34.342252], [-59.021861, -34.342327], [-59.021765, -34.342402], [-59.021671, -34.342477], [-59.021575, -34.342552], [-59.021479, -34.342627], [-59.021384, -34.342701], [-59.021288, -34.342776], [-59.021191, -34.34285], [-59.021097, -34.342923], [-59.021001, -34.342998], [-59.02092, -34.343061], [-59.02083, -34.343131], [-59.020734, -34.343206], [-59.020638, -34.34328], [-59.020555, -34.343345], [-59.02046, -34.343419], [-59.020364, -34.343494], [-59.020269, -34.343568], [-59.020174, -34.343642], [-59.020078, -34.343717], [-59.020006, -34.343773], [-59.01991, -34.343847], [-59.019814, -34.343922], [-59.019719, -34.343996], [-59.019624, -34.344071], [-59.019528, -34.344146], [-59.019433, -34.34422], [-59.019338, -34.344295], [-59.019254, -34.344361], [-59.019158, -34.344435], [-59.019083, -34.344494], [-59.018988, -34.344569], [-59.018892, -34.344644], [-59.018797, -34.344719], [-59.018702, -34.344794], [-59.018607, -34.344869], [-59.018515, -34.34494], [-59.01842, -34.345015], [-59.018334, -34.345082], [-59.018237, -34.345157], [-59.018142, -34.345231], [-59.018046, -34.345306], [-59.017951, -34.34538], [-59.017855, -34.345455], [-59.017762, -34.345528], [-59.017667, -34.345603], [-59.017571, -34.345678], [-59.017477, -34.345752], [-59.017381, -34.345826], [-59.017286, -34.345901], [-59.017211, -34.34596], [-59.017115, -34.346034], [-59.01702, -34.346109], [-59.016924, -34.346184], [-59.016828, -34.346259], [-59.016733, -34.346333], [-59.016642, -34.346405], [-59.016546, -34.34648], [-59.016451, -34.346555], [-59.016356, -34.346629], [-59.016261, -34.346704], [-59.016165, -34.346778], [-59.016069, -34.346853], [-59.015972, -34.346928], [-59.015929, -34.346962], [-59.015885, -34.346996], [-59.015842, -34.34703], [-59.015798, -34.347065], [-59.015753, -34.347101], [-59.015707, -34.347137], [-59.015664, -34.34717], [-59.015622, -34.347204], [-59.015611, -34.347212], [-59.0156, -34.347221], [-59.015592, -34.347227], [-59.015579, -34.347237], [-59.015537, -34.34727], [-59.015493, -34.347305], [-59.015448, -34.34734], [-59.015418, -34.347364], [-59.015388, -34.347388], [-59.015343, -34.347422], [-59.015325, -34.347437], [-59.015311, -34.347447], [-59.015301, -34.347455], [-59.015289, -34.347465], [-59.015251, -34.347494], [-59.015204, -34.347531], [-59.015157, -34.347568], [-59.015124, -34.347593], [-59.01512, -34.347596]]}},
{"type": "Feature", "properties": {"ProjectID": "P7844", "OBJECTID": 92293, "ID_LIC": "N1P", "Gasoducto": 10002012, "Tramo": 10002012014, "TdTrm": "Paralelo", "PkiTrm": 1455471, "PkfTrm": 1471000, "Long": 15.81, "PrsDsn": 75.5, "Mapo": 75.5, "Diametro": 30, "Espesor": 8.12, "MatNyG": "X70", "Construc": " ", "FchHab": null, "PrsMaxPru": 0, "PrsMinPru": 0, "FldPru": " ", "FchPru": null, "Unifilar": " ", "Fuente": " ", "Licenciataria": 10002, "ID_TEOS": null, "Obs": " "}, "geometry": {"type": "LineString", "coordinates": [[-61.073166, -32.865678], [-61.072773, -32.86574], [-61.072762, -32.865742], [-61.07273, -32.865747], [-61.072712, -32.86575], [-61.072698, -32.865753], [-61.072588, -32.865773], [-61.072459, -32.865795], [-61.072331, -32.865816], [-61.0722, -32.865836], [-61.072067, -32.865853], [-61.071941, -32.865885], [-61.071823, -32.865935], [-61.071717, -32.865998], [-61.071613, -32.866062], [-61.071507, -32.866128], [-61.071404, -32.866193], [-61.071298, -32.86626], [-61.071192, -32.866326], [-61.071086, -32.866393], [-61.071009, -32.866441], [-61.070908, -32.866505], [-61.070806, -32.866569], [-61.070706, -32.866633], [-61.070606, -32.866696], [-61.070508, -32.866757], [-61.070409, -32.86682], [-61.070309, -32.866882], [-61.070213, -32.866943], [-61.070113, -32.867006], [-61.070012, -32.867069], [-61.069912, -32.867133], [-61.069809, -32.867198], [-61.06971, -32.86726], [-61.069608, -32.867324], [-61.069506, -32.867388], [-61.069405, -32.867451], [-61.069306, -32.867513], [-61.069205, -32.867575], [-61.069103, -32.86764], [-61.069, -32.867703], [-61.068898, -32.867767], [-61.068797, -32.86783], [-61.068696, -32.867894], [-61.068594, -32.867959], [-61.068496, -32.86802], [-61.068394, -32.868085], [-61.068295, -32.868146], [-61.068195, -32.868209], [-61.068094, -32.868274], [-61.067992, -32.868339], [-61.067891, -32.868403], [-61.067871, -32.868416], [-61.067777, -32.868472], [-61.067675, -32.868536], [-61.067574, -32.868601], [-61.067475, -32.868665], [-61.067368, -32.868731], [-61.067266, -32.868802], [-61.067165, -32.868865], [-61.067063, -32.868927], [-61.066962, -32.868992], [-61.066861, -32.869053], [-61.066846, -32.869064], [-61.066761, -32.869117], [-61.06666, -32.86918], [-61.066561, -32.869243], [-61.066462, -32.869305], [-61.06636, -32.869369], [-61.066258, -32.869433], [-61.06616, -32.869494], [-61.06606, -32.869556], [-61.065959, -32.869619], [-61.065858, -32.869682], [-61.065756, -32.869747], [-61.065653, -32.86981], [-61.065551, -32.869874], [-61.065449, -32.869937], [-61.065348, -32.87], [-61.065252, -32.870059], [-61.065151, -32.870121], [-61.065051, -32.870183], [-61.06495, -32.870246], [-61.064851, -32.870308], [-61.064752, -32.87037], [-61.064652, -32.870433], [-61.064554, -32.870495], [-61.064454, -32.870558], [-61.064353, -32.870622], [-61.064251, -32.870686], [-61.064153, -32.870748], [-61.064053, -32.87081], [-61.063953, -32.870873], [-61.06385, -32.870937], [-61.063753, -32.870999], [-61.063654, -32.871062], [-61.063583, -32.871107], [-61.063483, -32.871171], [-61.063399, -32.871243], [-61.063323, -32.871329], [-61.063262, -32.871423], [-61.063218, -32.871522], [-61.063178, -32.871623], [-61.063137, -32.871727], [-61.063098, -32.871832], [-61.063058, -32.871938], [-61.063018, -32.872043], [-61.062979, -32.872149], [-61.062939, -32.872255], [-61.062902, -32.872355], [-61.062863, -32.872457], [-61.062832, -32.872538], [-61.06281, -32.872598], [-61.062772, -32.872699], [-61.062765, -32.872715], [-61.062732, -32.872798], [-61.062694, -32.872899], [-61.062656, -32.873001], [-61.062617, -32.873101], [-61.062579, -32.873202], [-61.062543, -32.873298], [-61.062505, -32.8734], [-61.062466, -32.873501], [-61.062427, -32.873602], [-61.062389, -32.8737], [-61.062351, -32.873801], [-61.062314, -32.8739], [-61.062276, -32.873999], [-61.062238, -32.874098], [-61.062201, -32.874199], [-61.062163, -32.8743], [-61.062124, -32.874401], [-61.062087, -32.8745], [-61.062048, -32.874602], [-61.062012, -32.874697], [-61.062007, -32.874712], [-61.061972, -32.874801], [-61.061934, -32.874901], [-61.061896, -32.875], [-61.061858, -32.8751], [-61.061819, -32.875201], [-61.06178, -32.875302], [-61.061742, -32.875403], [-61.061704, -32.875503], [-61.06167, -32.875591], [-61.061634, -32.875687], [-61.061595, -32.875788], [-61.061557, -32.87589], [-61.061519, -32.875991], [-61.061482, -32.876089], [-61.061444, -32.876189], [-61.061406, -32.87629], [-61.061367, -32.876389], [-61.061328, -32.87649], [-61.061289, -32.87659], [-61.061251, -32.87669], [-61.061214, -32.876786], [-61.061174, -32.876889], [-61.061136, -32.87699], [-61.061097, -32.877092], [-61.061058, -32.877195], [-61.06102, -32.877295], [-61.060983, -32.877395], [-61.060946, -32.877492], [-61.060925, -32.877552], [-61.060889, -32.877649], [-61.060851, -32.877751], [-61.060812, -32.877851], [-61.060775, -32.877953], [-61.060738, -32.878055], [-61.060697, -32.878161], [-61.060657, -32.878267], [-61.060617, -32.878373], [-61.060577, -32.878478], [-61.060537, -32.878585], [-61.060486, -32.878682], [-61.060419, -32.878764], [-61.060331, -32.878837], [-61.060315, -32.87885], [-61.060281, -32.878872], [-61.060182, -32.878938], [-61.060083, -32.879003], [-61.059982, -32.879066], [-61.059879, -32.879127], [-61.059776, -32.879187], [-61.059665, -32.879238], [-61.059563, -32.879302], [-61.059468, -32.879361], [-61.059366, -32.879425], [-61.059265, -32.879488], [-61.059163, -32.879551], [-61.059063, -32.879614], [-61.05899, -32.879658], [-61.058892, -32.87972], [-61.058792, -32.879783], [-61.058688, -32.879847], [-61.058587, -32.87991], [-61.058485, -32.879973], [-61.058379, -32.880033], [-61.058362, -32.880043], [-61.05828, -32.880099], [-61.058173, -32.880157], [-61.058071, -32.880216], [-61.057967, -32.880277], [-61.057865, -32.880337], [-61.057763, -32.880398], [-61.057657, -32.880458], [-61.057555, -32.880518], [-61.057453, -32.880578], [-61.057351, -32.880638], [-61.057246, -32.880699], [-61.057142, -32.88076], [-61.05704, -32.88082], [-61.056937, -32.88088], [-61.056833, -32.880941], [-61.056737, -32.880997], [-61.056634, -32.881057], [-61.056532, -32.881118], [-61.056426, -32.881179], [-61.056322, -32.881239], [-61.05622, -32.881299], [-61.056115, -32.88136], [-61.056012, -32.88142], [-61.055909, -32.881479], [-61.055804, -32.88154], [-61.055701, -32.8816], [-61.055598, -32.88166], [-61.055495, -32.88172], [-61.055393, -32.881779], [-61.055288, -32.881841], [-61.055185, -32.881901], [-61.055083, -32.88196], [-61.05498, -32.88202], [-61.054877, -32.88208], [-61.054774, -32.882141], [-61.05467, -32.882201], [-61.054566, -32.882262], [-61.054464, -32.882322], [-61.05436, -32.882382], [-61.054256, -32.882443], [-61.054156, -32.882502], [-61.054053, -32.882562], [-61.05395, -32.882622], [-61.053856, -32.882678], [-61.053752, -32.882739], [-61.053651, -32.882797], [-61.053548, -32.882857], [-61.053444, -32.882918], [-61.053345, -32.882975], [-61.053243, -32.883035], [-61.053139, -32.883094], [-61.053039, -32.883153], [-61.052934, -32.883215], [-61.05283, -32.883276], [-61.052727, -32.883336], [-61.052622, -32.883397], [-61.052518, -32.883459], [-61.052414, -32.883519], [-61.052311, -32.883579], [-61.052207, -32.883639], [-61.052103, -32.883699], [-61.051999, -32.88376], [-61.051896, -32.883819], [-61.051795, -32.883878], [-61.051692, -32.883938], [-61.051591, -32.883998], [-61.051487, -32.884059], [-61.051382, -32.88412], [-61.051279, -32.88418], [-61.051176, -32.884241], [-61.051072, -32.884301], [-61.050969, -32.884361], [-61.050865, -32.88442], [-61.050763, -32.884481], [-61.050681, -32.884528], [-61.050577, -32.884589], [-61.050475, -32.884649], [-61.050373, -32.884708], [-61.05027, -32.884769], [-61.050167, -32.884828], [-61.050064, -32.884889], [-61.04996, -32.884949], [-61.049856, -32.885009], [-61.049751, -32.88507], [-61.049648, -32.88513], [-61.049545, -32.885191], [-61.049447, -32.885249], [-61.049344, -32.885309], [-61.049241, -32.885369], [-61.049137, -32.88543], [-61.049112, -32.885445], [-61.049008, -32.885507], [-61.048903, -32.885568], [-61.048797, -32.88563], [-61.048688, -32.885694], [-61.048586, -32.885754], [-61.048483, -32.885813], [-61.048385, -32.885871], [-61.04828, -32.885931], [-61.048177, -32.88599], [-61.048074, -32.886049], [-61.047971, -32.886109], [-61.047871, -32.886167], [-61.047767, -32.886227], [-61.047663, -32.886287], [-61.047559, -32.886347], [-61.047456, -32.886407], [-61.047358, -32.886465], [-61.047255, -32.886525], [-61.047155, -32.886583], [-61.047051, -32.886645], [-61.04695, -32.886704], [-61.046846, -32.886763], [-61.046746, -32.886822], [-61.046642, -32.886882], [-61.046538, -32.886944], [-61.046434, -32.887004], [-61.046329, -32.887064], [-61.046225, -32.887124], [-61.04612, -32.887184], [-61.046017, -32.887243], [-61.045913, -32.887303], [-61.045807, -32.887364], [-61.045703, -32.887424], [-61.045601, -32.887484], [-61.045498, -32.887544], [-61.045397, -32.887603], [-61.045292, -32.887664], [-61.045188, -32.887725], [-61.045082, -32.887787], [-61.044983, -32.887844], [-61.044878, -32.887904], [-61.044774, -32.887965], [-61.044674, -32.888023], [-61.044572, -32.888082], [-61.044467, -32.888142], [-61.044367, -32.8882], [-61.044263, -32.88826], [-61.044158, -32.88832], [-61.044054, -32.88838], [-61.043951, -32.888439], [-61.043848, -32.888497], [-61.043744, -32.888556], [-61.043642, -32.888616], [-61.043539, -32.888676], [-61.043437, -32.888735], [-61.04334, -32.888793], [-61.043236, -32.888853], [-61.043131, -32.888914], [-61.043028, -32.888973], [-61.042923, -32.889034], [-61.04282, -32.889093], [-61.042715, -32.889155], [-61.042611, -32.889215], [-61.042507, -32.889276], [-61.042403, -32.889338], [-61.042299, -32.8894], [-61.042194, -32.889461], [-61.042092, -32.889521], [-61.04199, -32.889582], [-61.041889, -32.889641], [-61.041785, -32.889701], [-61.041681, -32.889763], [-61.041577, -32.889822], [-61.041475, -32.889882], [-61.041373, -32.889942], [-61.04127, -32.890002], [-61.041165, -32.890061], [-61.041061, -32.890123], [-61.040955, -32.890183], [-61.040849, -32.890244], [-61.040746, -32.890304], [-61.04065, -32.890358], [-61.040545, -32.890419], [-61.040442, -32.890479], [-61.040337, -32.89054], [-61.040232, -32.8906], [-61.040128, -32.890661], [-61.040025, -32.890722], [-61.039922, -32.890782], [-61.039817, -32.890843], [-61.039714, -32.890904], [-61.03961, -32.890965], [-61.039506, -32.891025], [-61.039404, -32.891085], [-61.039298, -32.891144], [-61.039214, -32.891187], [-61.039113, -32.89125], [-61.039012, -32.891311], [-61.038906, -32.891377], [-61.038794, -32.891436], [-61.038691, -32.891497], [-61.038587, -32.891557], [-61.038487, -32.891624], [-61.038383, -32.891685], [-61.038279, -32.891746], [-61.038176, -32.891805], [-61.038072, -32.891865], [-61.037969, -32.891925], [-61.037871, -32.891983], [-61.037767, -32.892043], [-61.037671, -32.8921], [-61.037571, -32.892158], [-61.037469, -32.892217], [-61.037365, -32.892278], [-61.037261, -32.892339], [-61.037159, -32.892398], [-61.037058, -32.892457], [-61.036953, -32.892518], [-61.036847, -32.892579], [-61.036743, -32.89264], [-61.036642, -32.892698], [-61.036536, -32.892758], [-61.036434, -32.892818], [-61.036332, -32.89288], [-61.036223, -32.892937], [-61.03612, -32.892996], [-61.036016, -32.893057], [-61.035912, -32.893116], [-61.035808, -32.893177], [-61.035705, -32.893238], [-61.0356, -32.893298], [-61.035498, -32.893358], [-61.035395, -32.893418], [-61.035292, -32.893478], [-61.035191, -32.893538], [-61.035086, -32.893599], [-61.034981, -32.893659], [-61.034877, -32.893721], [-61.034773, -32.893782], [-61.034673, -32.89384], [-61.034568, -32.893901], [-61.034464, -32.893961], [-61.034359, -32.894022], [-61.034255, -32.894082], [-61.034151, -32.894142], [-61.034048, -32.894202], [-61.033944, -32.894263], [-61.033838, -32.894324], [-61.033733, -32.894385], [-61.033635, -32.894442], [-61.03353, -32.894502], [-61.033425, -32.894564], [-61.033323, -32.894626], [-61.033219, -32.894686], [-61.033117, -32.894747], [-61.033012, -32.894809], [-61.032909, -32.894868], [-61.032805, -32.89493], [-61.032705, -32.894987], [-61.0326, -32.895048], [-61.032497, -32.89511], [-61.032393, -32.895171], [-61.032288, -32.895233], [-61.032187, -32.895292], [-61.032087, -32.89535], [-61.031984, -32.895409], [-61.031886, -32.895465], [-61.031783, -32.895526], [-61.031678, -32.895587], [-61.031573, -32.895647], [-61.03147, -32.895709], [-61.031365, -32.895769], [-61.031261, -32.895829], [-61.031158, -32.89589], [-61.031055, -32.895949], [-61.030951, -32.896011], [-61.030851, -32.896068], [-61.030747, -32.896129], [-61.030645, -32.896188], [-61.030542, -32.896249], [-61.03044, -32.896309], [-61.030339, -32.896368], [-61.030243, -32.896424], [-61.030139, -32.896485], [-61.030037, -32.896544], [-61.029933, -32.896603], [-61.029833, -32.896661], [-61.029732, -32.896721], [-61.029628, -32.896782], [-61.029522, -32.89684], [-61.029495, -32.896856], [-61.029392, -32.896918], [-61.029289, -32.896978], [-61.029185, -32.897041], [-61.029079, -32.897102], [-61.028974, -32.897166], [-61.028868, -32.897232], [-61.028766, -32.897295], [-61.02866, -32.89736], [-61.028557, -32.897422], [-61.028455, -32.897485], [-61.028429, -32.897499], [-61.02833, -32.897559], [-61.028252, -32.897607], [-61.02815, -32.89767], [-61.028047, -32.897732], [-61.027946, -32.897794], [-61.027842, -32.897856], [-61.02774, -32.897919], [-61.027637, -32.897982], [-61.02754, -32.898041], [-61.027438, -32.898102], [-61.027335, -32.898165], [-61.027235, -32.898225], [-61.027132, -32.898288], [-61.027029, -32.898351], [-61.026927, -32.898414], [-61.026827, -32.898476], [-61.026726, -32.898538], [-61.026628, -32.898597], [-61.026525, -32.898659], [-61.026423, -32.898722], [-61.026324, -32.898781], [-61.026222, -32.898844], [-61.026121, -32.898906], [-61.026023, -32.898966], [-61.025921, -32.899028], [-61.025823, -32.89909], [-61.025724, -32.899151], [-61.025623, -32.899214], [-61.025525, -32.899274], [-61.025423, -32.899336], [-61.025321, -32.899399], [-61.02522, -32.899461], [-61.025119, -32.899523], [-61.025016, -32.899586], [-61.024914, -32.899648], [-61.024812, -32.89971], [-61.02471, -32.899773], [-61.02461, -32.899834], [-61.024509, -32.899896], [-61.024405, -32.899959], [-61.024301, -32.900022], [-61.0242, -32.900084], [-61.024099, -32.900144], [-61.023997, -32.900208], [-61.023896, -32.90027], [-61.023795, -32.900332], [-61.023693, -32.900396], [-61.023592, -32.900457], [-61.02349, -32.90052], [-61.023387, -32.900582], [-61.023288, -32.900643], [-61.023189, -32.900704], [-61.02309, -32.900765], [-61.022987, -32.900828], [-61.022884, -32.900892], [-61.022781, -32.900955], [-61.022683, -32.901015], [-61.022582, -32.901078], [-61.022479, -32.90114], [-61.022377, -32.901202], [-61.022276, -32.901266], [-61.022173, -32.901329], [-61.02207, -32.901391], [-61.021968, -32.901454], [-61.021866, -32.901516], [-61.021763, -32.901579], [-61.021661, -32.901641], [-61.021559, -32.901704], [-61.021458, -32.901767], [-61.021356, -32.90183], [-61.02127, -32.901892], [-61.021179, -32.901964], [-61.021105, -32.90205], [-61.021051, -32.902147], [-61.021037, -32.902183], [-61.020995, -32.902281], [-61.020955, -32.90238], [-61.020913, -32.902487], [-61.020872, -32.902593], [-61.020831, -32.902698], [-61.02079, -32.902805], [-61.020748, -32.902911], [-61.020707, -32.903017], [-61.020666, -32.903123], [-61.020624, -32.90323], [-61.020584, -32.903332], [-61.020543, -32.903439], [-61.020501, -32.903545], [-61.020462, -32.903646], [-61.020422, -32.903749], [-61.020381, -32.903854], [-61.020327, -32.903946], [-61.020249, -32.904029], [-61.020167, -32.904096], [-61.020066, -32.904156], [-61.019955, -32.904206], [-61.019844, -32.904248], [-61.019729, -32.904289], [-61.019612, -32.904329], [-61.019496, -32.90437], [-61.019457, -32.904385], [-61.019338, -32.90443], [-61.019216, -32.904472], [-61.019101, -32.904513], [-61.018985, -32.904553], [-61.018869, -32.904592], [-61.018754, -32.904633], [-61.018637, -32.904675], [-61.01852, -32.904717], [-61.018402, -32.904759], [-61.018286, -32.904801], [-61.018171, -32.904842], [-61.018054, -32.904881], [-61.017939, -32.904924], [-61.017823, -32.904965], [-61.017707, -32.905008], [-61.017594, -32.905044], [-61.017478, -32.905087], [-61.017365, -32.905131], [-61.017255, -32.905171], [-61.017138, -32.905212], [-61.017028, -32.905252], [-61.016912, -32.905293], [-61.016799, -32.905332], [-61.016677, -32.905376], [-61.016556, -32.90542], [-61.01644, -32.905461], [-61.016325, -32.905503], [-61.016209, -32.905552], [-61.016095, -32.905596], [-61.015978, -32.905635], [-61.015874, -32.905672], [-61.015841, -32.905682], [-61.015748, -32.905714], [-61.01563, -32.905754], [-61.015513, -32.905794], [-61.015399, -32.905834], [-61.015286, -32.905874], [-61.015171, -32.905914], [-61.015054, -32.905955], [-61.014936, -32.905997], [-61.014819, -32.906037], [-61.014702, -32.906078], [-61.014584, -32.90612], [-61.014467, -32.906161], [-61.014351, -32.906203], [-61.014235, -32.906244], [-61.014119, -32.906284], [-61.014003, -32.906326], [-61.013888, -32.906366], [-61.013773, -32.906407], [-61.013655, -32.906448], [-61.013537, -32.906489], [-61.01342, -32.90653], [-61.013303, -32.90657], [-61.013187, -32.906616], [-61.01308, -32.906672], [-61.012977, -32.906731], [-61.012876, -32.90679], [-61.012775, -32.906848], [-61.012673, -32.906906], [-61.012567, -32.906967], [-61.012473, -32.90702], [-61.01237, -32.90708], [-61.012265, -32.907139], [-61.012167, -32.907196], [-61.012064, -32.907255], [-61.011962, -32.907314], [-61.01186, -32.907372], [-61.01176, -32.90743], [-61.011654, -32.907491], [-61.011556, -32.907547], [-61.011452, -32.907606], [-61.011348, -32.907666], [-61.011245, -32.907725], [-61.01114, -32.907785], [-61.011036, -32.907844], [-61.010936, -32.907902], [-61.01083, -32.907964], [-61.010727, -32.908024], [-61.010623, -32.908084], [-61.010518, -32.908145], [-61.010414, -32.908205], [-61.010311, -32.908265], [-61.010211, -32.908323], [-61.010108, -32.908382], [-61.010007, -32.90844], [-61.009901, -32.908501], [-61.009798, -32.90856], [-61.009697, -32.908617], [-61.009593, -32.908678], [-61.00949, -32.908738], [-61.009387, -32.908799], [-61.009348, -32.908822], [-61.009244, -32.908882], [-61.009143, -32.90894], [-61.009035, -32.909003], [-61.008931, -32.909063], [-61.008829, -32.909122], [-61.008734, -32.909177], [-61.008632, -32.909237], [-61.008532, -32.909295], [-61.008429, -32.909356], [-61.008325, -32.909417], [-61.008221, -32.909478], [-61.008117, -32.909538], [-61.008012, -32.9096], [-61.007914, -32.909656], [-61.007812, -32.909716], [-61.007712, -32.909773], [-61.007612, -32.909832], [-61.007509, -32.909893], [-61.007407, -32.909953], [-61.007303, -32.910013], [-61.007199, -32.910073], [-61.007095, -32.910134], [-61.006992, -32.910193], [-61.006889, -32.910253], [-61.006786, -32.910312], [-61.006684, -32.910371], [-61.006579, -32.910432], [-61.006475, -32.910492], [-61.00637, -32.910553], [-61.006266, -32.910613], [-61.006164, -32.910673], [-61.00606, -32.910734], [-61.005957, -32.910793], [-61.005853, -32.910854], [-61.005751, -32.910914], [-61.005647, -32.910974], [-61.005544, -32.911035], [-61.00544, -32.911096], [-61.005335, -32.911156], [-61.00523, -32.911217], [-61.005126, -32.911278], [-61.005021, -32.911339], [-61.004918, -32.911399], [-61.004815, -32.911459], [-61.00471, -32.91152], [-61.004607, -32.91158], [-61.004507, -32.911638], [-61.004403, -32.911699], [-61.004301, -32.911757], [-61.004197, -32.911818], [-61.004094, -32.911878], [-61.00399, -32.911938], [-61.003887, -32.911998], [-61.003782, -32.912059], [-61.003677, -32.91212], [-61.003576, -32.912179], [-61.003472, -32.912239], [-61.003368, -32.9123], [-61.003265, -32.91236], [-61.003161, -32.912421], [-61.003058, -32.912481], [-61.002956, -32.91254], [-61.002851, -32.9126], [-61.002747, -32.912662], [-61.002644, -32.912721], [-61.002541, -32.912781], [-61.002439, -32.912841], [-61.002334, -32.912902], [-61.002228, -32.912963], [-61.002125, -32.913024], [-61.002019, -32.913084], [-61.001916, -32.913145], [-61.001814, -32.913205], [-61.00171, -32.913265], [-61.001608, -32.913324], [-61.001505, -32.913385], [-61.001402, -32.913445], [-61.001299, -32.913506], [-61.001196, -32.913566], [-61.001092, -32.913628], [-61.000993, -32.913685], [-61.000892, -32.913744], [-61.000787, -32.913804], [-61.000681, -32.913864], [-61.000578, -32.913924], [-61.000473, -32.913985], [-61.000369, -32.914045], [-61.000266, -32.914105], [-61.000163, -32.914165], [-61.000064, -32.914223], [-60.999961, -32.914284], [-60.999857, -32.914345], [-60.999756, -32.914405], [-60.999664, -32.91446], [-60.999562, -32.914521], [-60.999458, -32.914581], [-60.999438, -32.914593], [-60.999333, -32.91465], [-60.999231, -32.91471], [-60.999122, -32.914773], [-60.999023, -32.91483], [-60.99892, -32.914888], [-60.998817, -32.914949], [-60.998714, -32.915009], [-60.998611, -32.915069], [-60.998507, -32.91513], [-60.998404, -32.91519], [-60.998303, -32.91525], [-60.9982, -32.915309], [-60.998101, -32.915367], [-60.997996, -32.915428], [-60.997891, -32.915489], [-60.997786, -32.91555], [-60.997682, -32.915611], [-60.997578, -32.915671], [-60.997474, -32.915732], [-60.99737, -32.915792], [-60.997266, -32.915852], [-60.997162, -32.915913], [-60.997058, -32.915973], [-60.996953, -32.916033], [-60.99685, -32.916094], [-60.996747, -32.916154], [-60.996644, -32.916214], [-60.996541, -32.916274], [-60.996438, -32.916334], [-60.996335, -32.916394], [-60.996231, -32.916454], [-60.996127, -32.916514], [-60.996024, -32.916573], [-60.995919, -32.916634], [-60.995818, -32.916692], [-60.995714, -32.916753], [-60.99561, -32.916813], [-60.99551, -32.916872], [-60.995405, -32.916933], [-60.995301, -32.916994], [-60.995197, -32.917054], [-60.995095, -32.917113], [-60.994991, -32.917173], [-60.994888, -32.917231], [-60.994784, -32.917291], [-60.994685, -32.917348], [-60.994582, -32.917407], [-60.994479, -32.917467], [-60.994375, -32.917527], [-60.99427, -32.917587], [-60.994168, -32.917645], [-60.994064, -32.917705], [-60.993961, -32.917764], [-60.993857, -32.917825], [-60.993752, -32.917887], [-60.993649, -32.917946], [-60.993546, -32.918006], [-60.993442, -32.918066], [-60.99334, -32.918126], [-60.993236, -32.918187], [-60.993132, -32.918246], [-60.993027, -32.918307], [-60.992923, -32.918369], [-60.992821, -32.918429], [-60.992723, -32.918486], [-60.992619, -32.918546], [-60.992515, -32.918607], [-60.992412, -32.918666], [-60.992313, -32.918724], [-60.99221, -32.918783], [-60.992105, -32.918844], [-60.992003, -32.918903], [-60.991901, -32.918963], [-60.991799, -32.919023], [-60.991696, -32.919083], [-60.991592, -32.919145], [-60.991488, -32.919206], [-60.991383, -32.919267], [-60.991282, -32.919325], [-60.991177, -32.919386], [-60.991075, -32.919447], [-60.990972, -32.919507], [-60.99087, -32.919567], [-60.990767, -32.919629], [-60.990662, -32.919691], [-60.99056, -32.91975], [-60.990456, -32.919811], [-60.990352, -32.919873], [-60.990249, -32.919933], [-60.990145, -32.919994], [-60.990042, -32.920054], [-60.989938, -32.920116], [-60.989834, -32.920177], [-60.98973, -32.920238], [-60.98963, -32.920297], [-60.989542, -32.920354], [-60.989438, -32.920414], [-60.989335, -32.920475], [-60.989227, -32.920538], [-60.98912, -32.920597], [-60.989018, -32.920657], [-60.988916, -32.920718], [-60.988811, -32.920779], [-60.988709, -32.92084], [-60.988605, -32.9209], [-60.988508, -32.920957], [-60.988406, -32.921017], [-60.9883, -32.921077], [-60.988197, -32.921138], [-60.988095, -32.921198], [-60.987991, -32.921259], [-60.987888, -32.92132], [-60.987784, -32.921381], [-60.987682, -32.921444], [-60.987578, -32.921506], [-60.987477, -32.921566], [-60.987373, -32.921627], [-60.987273, -32.921694], [-60.987169, -32.921755], [-60.987066, -32.921816], [-60.986965, -32.921876], [-60.98686, -32.921937], [-60.986756, -32.921999], [-60.98665, -32.922058], [-60.986548, -32.922119], [-60.986446, -32.922182], [-60.986343, -32.922241], [-60.986239, -32.922303], [-60.986135, -32.922366], [-60.986039, -32.922422], [-60.985938, -32.922485], [-60.985834, -32.922546], [-60.985729, -32.922608], [-60.985628, -32.92267], [-60.985528, -32.922727], [-60.985425, -32.92279], [-60.985326, -32.922849], [-60.985223, -32.922909], [-60.985124, -32.922969], [-60.98502, -32.923031], [-60.984917, -32.923092], [-60.984816, -32.923153], [-60.984713, -32.923214], [-60.98461, -32.923275], [-60.984507, -32.923337], [-60.984405, -32.923399], [-60.984301, -32.92346], [-60.984199, -32.923522], [-60.984101, -32.923579], [-60.983998, -32.92364], [-60.983895, -32.923701], [-60.983792, -32.923762], [-60.98369, -32.923823], [-60.983588, -32.923884], [-60.983484, -32.923946], [-60.98338, -32.924008], [-60.983277, -32.92407], [-60.983173, -32.924131], [-60.983069, -32.924193], [-60.982964, -32.924255], [-60.982862, -32.924317], [-60.982758, -32.924378], [-60.982657, -32.924439], [-60.982555, -32.924501], [-60.982451, -32.924563], [-60.982351, -32.924624], [-60.982249, -32.924685], [-60.982145, -32.924748], [-60.982045, -32.924808], [-60.98194, -32.92487], [-60.981837, -32.924931], [-60.981735, -32.924992], [-60.981635, -32.92505], [-60.981534, -32.92511], [-60.981435, -32.925169], [-60.981333, -32.92523], [-60.98123, -32.925291], [-60.981126, -32.925353], [-60.981021, -32.925414], [-60.980918, -32.925476], [-60.980817, -32.925536], [-60.980713, -32.925599], [-60.980611, -32.92566], [-60.980507, -32.925722], [-60.980405, -32.925783], [-60.980303, -32.925844], [-60.980203, -32.925904], [-60.9801, -32.925966], [-60.979996, -32.926028], [-60.979893, -32.926089], [-60.97979, -32.92615], [-60.979694, -32.926211], [-60.979591, -32.926273], [-60.97949, -32.926335], [-60.979384, -32.926401], [-60.979273, -32.926452], [-60.979162, -32.926502], [-60.97909, -32.926535], [-60.978979, -32.926585], [-60.978868, -32.926635], [-60.978756, -32.926686], [-60.978648, -32.926735], [-60.978539, -32.926786], [-60.978427, -32.926836], [-60.978317, -32.926886], [-60.978209, -32.926936], [-60.978096, -32.926987], [-60.977986, -32.927037], [-60.977873, -32.927089], [-60.977769, -32.927142], [-60.977665, -32.927202], [-60.97756, -32.927263], [-60.977457, -32.927324], [-60.977354, -32.927383], [-60.977249, -32.927443], [-60.977146, -32.927503], [-60.977041, -32.927564], [-60.976939, -32.927624], [-60.976833, -32.927684], [-60.976729, -32.927743], [-60.976625, -32.927804], [-60.97652, -32.927864], [-60.976417, -32.927923], [-60.976323, -32.927977], [-60.976219, -32.928038], [-60.976115, -32.928098], [-60.976016, -32.928156], [-60.975913, -32.928215], [-60.975809, -32.928276], [-60.975705, -32.928337], [-60.975601, -32.928397], [-60.975496, -32.928458], [-60.975393, -32.928518], [-60.975288, -32.92858], [-60.975186, -32.92864], [-60.97508, -32.928701], [-60.974977, -32.928761], [-60.974874, -32.928821], [-60.974769, -32.928882], [-60.974667, -32.928941], [-60.974564, -32.929], [-60.974462, -32.92906], [-60.974359, -32.929119], [-60.974256, -32.929178], [-60.97415, -32.929239], [-60.974044, -32.929299], [-60.97394, -32.929359], [-60.973836, -32.92942], [-60.973731, -32.929481], [-60.973625, -32.929541], [-60.973522, -32.929602], [-60.973423, -32.929659], [-60.973319, -32.92972], [-60.973216, -32.92978], [-60.973114, -32.929839], [-60.973009, -32.9299], [-60.972907, -32.92996], [-60.972802, -32.93002], [-60.972697, -32.93008], [-60.972596, -32.930139], [-60.972494, -32.930198], [-60.972388, -32.93026], [-60.972284, -32.93032], [-60.972179, -32.93038], [-60.972076, -32.930442], [-60.971973, -32.930502], [-60.971867, -32.930563], [-60.971765, -32.930622], [-60.971662, -32.930681], [-60.971558, -32.930742], [-60.971455, -32.930802], [-60.97135, -32.930862], [-60.971246, -32.930922], [-60.971143, -32.930982], [-60.971038, -32.931042], [-60.970934, -32.931103], [-60.970832, -32.931161], [-60.970729, -32.931221], [-60.970625, -32.931282], [-60.97052, -32.931343], [-60.970416, -32.931404], [-60.970311, -32.931465], [-60.97021, -32.931524], [-60.970105, -32.931586], [-60.970001, -32.931646], [-60.969901, -32.931705], [-60.969799, -32.931768], [-60.969695, -32.931828], [-60.969593, -32.931888], [-60.969484, -32.93195], [-60.969377, -32.932011], [-60.969275, -32.932069], [-60.969172, -32.932128], [-60.969068, -32.932184], [-60.968962, -32.932244], [-60.968858, -32.932305], [-60.968755, -32.932364], [-60.968651, -32.932424], [-60.968547, -32.932485], [-60.968442, -32.932546], [-60.968339, -32.932605], [-60.968239, -32.932663], [-60.968135, -32.932723], [-60.968032, -32.932782], [-60.967927, -32.932842], [-60.967824, -32.932902], [-60.967719, -32.932962], [-60.967617, -32.933021], [-60.967517, -32.933079], [-60.967414, -32.933138], [-60.967309, -32.933199], [-60.967205, -32.933259], [-60.967102, -32.933318], [-60.966998, -32.933378], [-60.966893, -32.933438], [-60.96679, -32.933497], [-60.966686, -32.933557], [-60.966581, -32.933617], [-60.966476, -32.933676], [-60.966372, -32.933736], [-60.966267, -32.933797], [-60.966162, -32.933858], [-60.966057, -32.933918], [-60.965954, -32.933978], [-60.96585, -32.934038], [-60.965746, -32.934098], [-60.965643, -32.934158], [-60.965552, -32.93421], [-60.965451, -32.934269], [-60.965351, -32.934328], [-60.965245, -32.934387], [-60.965142, -32.934447], [-60.965038, -32.934508], [-60.964936, -32.934566], [-60.964832, -32.934626], [-60.964727, -32.934686], [-60.964623, -32.934747], [-60.964519, -32.934807], [-60.964415, -32.934867], [-60.96431, -32.934927], [-60.964206, -32.934988], [-60.964101, -32.935048], [-60.963998, -32.935108], [-60.963901, -32.935165], [-60.963796, -32.935225], [-60.963691, -32.935285], [-60.963587, -32.935345], [-60.963489, -32.935403], [-60.963383, -32.935464], [-60.96328, -32.935525], [-60.963171, -32.935589], [-60.963062, -32.935651], [-60.962953, -32.935714], [-60.962847, -32.935775], [-60.962746, -32.935833], [-60.962641, -32.935894], [-60.962537, -32.935954], [-60.962432, -32.936014], [-60.962327, -32.936075], [-60.962222, -32.936136], [-60.962116, -32.936196], [-60.962012, -32.936256], [-60.961907, -32.936316], [-60.961802, -32.936375], [-60.961698, -32.936436], [-60.961596, -32.936494], [-60.961491, -32.936554], [-60.961388, -32.936614], [-60.961286, -32.936673], [-60.961181, -32.936734], [-60.96108, -32.936794], [-60.960974, -32.936855], [-60.960872, -32.936914], [-60.960772, -32.936971], [-60.960671, -32.93703], [-60.960567, -32.937091], [-60.960463, -32.937152], [-60.960386, -32.937196], [-60.960313, -32.937239], [-60.960213, -32.937297], [-60.96011, -32.937357], [-60.960005, -32.937417], [-60.959903, -32.937477], [-60.959799, -32.937538], [-60.959696, -32.937599], [-60.959594, -32.93766], [-60.959485, -32.937723], [-60.959381, -32.937784], [-60.959276, -32.937846], [-60.959171, -32.937906], [-60.95907, -32.937964], [-60.958969, -32.938021], [-60.958866, -32.93808], [-60.958761, -32.93814], [-60.958657, -32.938199], [-60.958553, -32.938259], [-60.958449, -32.938319], [-60.958347, -32.938378], [-60.958246, -32.938438], [-60.958141, -32.938499], [-60.958039, -32.938558], [-60.957986, -32.93859], [-60.95788, -32.93865], [-60.957776, -32.938709], [-60.957667, -32.938772], [-60.95756, -32.938835], [-60.957452, -32.938898], [-60.957343, -32.938961], [-60.957235, -32.939024], [-60.957133, -32.939084], [-60.957029, -32.939146], [-60.956926, -32.939207], [-60.956836, -32.93926], [-60.956732, -32.939319], [-60.956629, -32.93938], [-60.956524, -32.939441], [-60.956421, -32.939501], [-60.956317, -32.939561], [-60.956212, -32.939622], [-60.956108, -32.939683], [-60.956006, -32.939743], [-60.955903, -32.939803], [-60.955801, -32.939862], [-60.955698, -32.939922], [-60.955592, -32.939984], [-60.955488, -32.940045], [-60.955384, -32.940105], [-60.955281, -32.940165], [-60.955179, -32.940224], [-60.955077, -32.940282], [-60.954977, -32.940341], [-60.954874, -32.940401], [-60.954769, -32.940461], [-60.954664, -32.940523], [-60.954561, -32.940583], [-60.954456, -32.940644], [-60.954351, -32.940705], [-60.954247, -32.940765], [-60.954144, -32.940825], [-60.954039, -32.940886], [-60.953934, -32.940946], [-60.953836, -32.941003], [-60.953732, -32.941064], [-60.953631, -32.941122], [-60.953528, -32.941182], [-60.953423, -32.941243], [-60.953319, -32.941303], [-60.953215, -32.941364], [-60.953114, -32.941423], [-60.95301, -32.941484], [-60.952908, -32.941545], [-60.952803, -32.941606], [-60.9527, -32.941666], [-60.952597, -32.941725], [-60.952492, -32.941785], [-60.952391, -32.941845], [-60.952287, -32.941905], [-60.952187, -32.941964], [-60.952083, -32.942025], [-60.95198, -32.942085], [-60.951878, -32.942146], [-60.951773, -32.942207], [-60.95167, -32.942268], [-60.951566, -32.942328], [-60.951467, -32.942387], [-60.951358, -32.94245], [-60.95125, -32.942514], [-60.951141, -32.942577], [-60.951032, -32.942639], [-60.950925, -32.942701], [-60.950818, -32.942764], [-60.950709, -32.942827], [-60.950602, -32.94289], [-60.950498, -32.942951], [-60.950389, -32.943015], [-60.950281, -32.943078], [-60.950172, -32.943141], [-60.950064, -32.943205], [-60.949954, -32.943268], [-60.949917, -32.943289], [-60.949813, -32.943349], [-60.949711, -32.943408], [-60.949609, -32.943467], [-60.949505, -32.943527], [-60.949402, -32.943587], [-60.9493, -32.943646], [-60.949193, -32.943708], [-60.949095, -32.943766], [-60.948992, -32.943826], [-60.948888, -32.943886], [-60.948784, -32.943946], [-60.948679, -32.944007], [-60.948577, -32.944068], [-60.948472, -32.944129], [-60.94837, -32.944189], [-60.94827, -32.944248], [-60.948164, -32.94431], [-60.948062, -32.944369], [-60.94796, -32.944429], [-60.947863, -32.944486], [-60.947757, -32.944545], [-60.947651, -32.944604], [-60.947556, -32.944657], [-60.947449, -32.944717], [-60.947345, -32.944775], [-60.947244, -32.944832], [-60.947144, -32.94489], [-60.94704, -32.94495], [-60.946937, -32.94501], [-60.946832, -32.945071], [-60.946726, -32.945133], [-60.946624, -32.945192], [-60.94652, -32.945252], [-60.946416, -32.945312], [-60.946312, -32.945373], [-60.946209, -32.945434], [-60.946107, -32.945493], [-60.946004, -32.945553], [-60.945901, -32.945612], [-60.945799, -32.945672], [-60.945697, -32.945732], [-60.945593, -32.945792], [-60.94549, -32.945853], [-60.945389, -32.945913], [-60.945291, -32.94597], [-60.945188, -32.94603], [-60.945085, -32.94609], [-60.944979, -32.946151], [-60.944876, -32.94621], [-60.944771, -32.94627], [-60.944666, -32.946331], [-60.944562, -32.946391], [-60.944457, -32.946451], [-60.944353, -32.946512], [-60.944248, -32.946573], [-60.944152, -32.946629], [-60.944048, -32.94669], [-60.943943, -32.94675], [-60.943839, -32.94681], [-60.943738, -32.94687], [-60.943634, -32.946931], [-60.94353, -32.946992], [-60.943425, -32.947052], [-60.943326, -32.947112], [-60.943226, -32.94717], [-60.943121, -32.947231], [-60.943022, -32.947288], [-60.942923, -32.947347], [-60.942818, -32.947408], [-60.942714, -32.94747], [-60.942609, -32.94753], [-60.942505, -32.947591], [-60.942402, -32.94765], [-60.942298, -32.947711], [-60.942194, -32.947771], [-60.942092, -32.947833], [-60.941988, -32.947893], [-60.941883, -32.947954], [-60.941779, -32.948014], [-60.941677, -32.948075], [-60.941573, -32.948136], [-60.941471, -32.948196], [-60.941363, -32.948259], [-60.941254, -32.948322], [-60.941152, -32.948381], [-60.941046, -32.948443], [-60.940942, -32.948504], [-60.940834, -32.948567], [-60.940725, -32.948629], [-60.940617, -32.948693], [-60.940508, -32.948755], [-60.940399, -32.948818], [-60.940297, -32.948878], [-60.940208, -32.948929], [-60.940191, -32.948938], [-60.940163, -32.948956], [-60.940102, -32.948989], [-60.940092, -32.948994], [-60.940058, -32.949015], [-60.94004, -32.949025], [-60.940026, -32.949034], [-60.940007, -32.949043], [-60.939907, -32.9491], [-60.939797, -32.949162], [-60.939784, -32.94917], [-60.939727, -32.949204]]}},
{"type": "Feature", "properties": {"ProjectID": "P7844", "OBJECTID": 92297, "ID_LIC": "N3P", "Gasoducto": 10002014, "Tramo": 10002014003, "TdTrm": "Paralelo", "PkiTrm": 253298, "PkfTrm": 298001, "Long": 32.94, "PrsDsn": 60.35, "Mapo": 40, "Diametro": 30, "Espesor": 9.65, "MatNyG": "X60", "Construc": " ", "FchHab": null, "PrsMaxPru": 0, "PrsMinPru": 0, "FldPru": " ", "FchPru": null, "Unifilar": " ", "Fuente": " ", "Licenciataria": 10002, "ID_TEOS": null, "Obs": " "}, "geometry": {"type": "LineString", "coordinates": [[-59.005045, -34.361077], [-59.005093, -34.361179], [-59.005136, -34.361266], [-59.005186, -34.361366], [-59.005237, -34.361467], [-59.005288, -34.361568], [-59.005329, -34.361649], [-59.005378, -34.361749], [-59.005428, -34.36185], [-59.005478, -34.361951], [-59.005527, -34.362051], [-59.005577, -34.362153], [-59.005624, -34.362248], [-59.005674, -34.362349], [-59.005718, -34.362438], [-59.005763, -34.362531], [-59.005813, -34.362631], [-59.005856, -34.362716], [-59.005904, -34.362818], [-59.005936, -34.362924], [-59.005966, -34.363022], [-59.005971, -34.363039], [-59.005995, -34.363122], [-59.00602, -34.363204], [-59.006051, -34.36331], [-59.006076, -34.363393], [-59.006107, -34.363498], [-59.006131, -34.363577], [-59.006162, -34.363683], [-59.006187, -34.363764], [-59.006219, -34.363869], [-59.006243, -34.36395], [-59.006272, -34.364044], [-59.006304, -34.364149], [-59.006336, -34.364255], [-59.006359, -34.36433], [-59.006391, -34.364436], [-59.006415, -34.364517], [-59.006447, -34.364622], [-59.006473, -34.364707], [-59.006505, -34.364812], [-59.006527, -34.364884], [-59.006559, -34.36499], [-59.006585, -34.365075], [-59.006617, -34.365181], [-59.006645, -34.365274], [-59.006672, -34.365371], [-59.006702, -34.365477], [-59.006734, -34.36557], [-59.006774, -34.365674], [-59.006811, -34.365767], [-59.006853, -34.36587], [-59.006896, -34.365973], [-59.00694, -34.366076], [-59.006983, -34.366178], [-59.007026, -34.366281], [-59.007069, -34.366384], [-59.007113, -34.366487], [-59.007143, -34.366559], [-59.007186, -34.366662], [-59.00722, -34.366743], [-59.007263, -34.366845], [-59.007306, -34.366948], [-59.007348, -34.367051], [-59.007391, -34.367155], [-59.007429, -34.367248], [-59.007472, -34.367352], [-59.007507, -34.367434], [-59.007544, -34.367521], [-59.007579, -34.367604], [-59.007611, -34.367679], [-59.007646, -34.367762], [-59.007679, -34.367845], [-59.007708, -34.367916], [-59.007737, -34.367986], [-59.007763, -34.36805], [-59.007777, -34.368082], [-59.007805, -34.368148], [-59.007844, -34.368239], [-59.00788, -34.368324], [-59.007901, -34.368374], [-59.007944, -34.368477], [-59.007987, -34.36858], [-59.00803, -34.368683], [-59.008073, -34.368785], [-59.008116, -34.368888], [-59.008159, -34.368991], [-59.008201, -34.369089], [-59.008244, -34.369192], [-59.008284, -34.369286], [-59.008326, -34.369389], [-59.008369, -34.369492], [-59.008412, -34.369595], [-59.008452, -34.369691], [-59.008495, -34.369794], [-59.008537, -34.369897], [-59.00858, -34.369999], [-59.008617, -34.370088], [-59.008661, -34.370191], [-59.008704, -34.370294], [-59.008748, -34.370397], [-59.008792, -34.3705], [-59.008836, -34.370603], [-59.008878, -34.370706], [-59.008912, -34.37079], [-59.008955, -34.370894], [-59.008991, -34.37098], [-59.009034, -34.371084], [-59.009066, -34.371162], [-59.00911, -34.371265], [-59.009153, -34.371368], [-59.009196, -34.371472], [-59.009239, -34.371575], [-59.009282, -34.371677], [-59.009326, -34.37178], [-59.009369, -34.371883], [-59.009413, -34.371986], [-59.009456, -34.37209], [-59.0095, -34.372193], [-59.009542, -34.372297], [-59.009585, -34.3724], [-59.009628, -34.372503], [-59.009671, -34.372606], [-59.009713, -34.372706], [-59.009757, -34.37281], [-59.009802, -34.372913], [-59.009844, -34.373016], [-59.009883, -34.373119], [-59.009919, -34.373214], [-59.00994, -34.373267], [-59.00998, -34.373371], [-59.010021, -34.373475], [-59.010062, -34.373578], [-59.010103, -34.373682], [-59.010144, -34.373785], [-59.010179, -34.373871], [-59.010221, -34.373975], [-59.010263, -34.374076], [-59.010308, -34.374179], [-59.010347, -34.374269], [-59.010382, -34.37435], [-59.010426, -34.374453], [-59.010468, -34.374552], [-59.010506, -34.374641], [-59.010548, -34.374741], [-59.010587, -34.374832], [-59.01063, -34.374936], [-59.010672, -34.37504], [-59.010712, -34.375144], [-59.010754, -34.375248], [-59.010797, -34.375351], [-59.010841, -34.375452], [-59.010885, -34.375547], [-59.010933, -34.375648], [-59.010975, -34.375733], [-59.011017, -34.375822], [-59.011055, -34.375905], [-59.011094, -34.376001], [-59.011124, -34.376075], [-59.011129, -34.376086], [-59.011159, -34.376155], [-59.011204, -34.376253], [-59.01125, -34.376356], [-59.011296, -34.376457], [-59.011335, -34.376545], [-59.011381, -34.376648], [-59.011426, -34.376751], [-59.011463, -34.376835], [-59.011493, -34.376902], [-59.011533, -34.376994], [-59.011578, -34.377096], [-59.011624, -34.377198], [-59.011669, -34.377301], [-59.011714, -34.377403], [-59.011746, -34.377479], [-59.01179, -34.377582], [-59.011832, -34.377681], [-59.011877, -34.377783], [-59.011913, -34.377866], [-59.011959, -34.377967], [-59.011997, -34.378052], [-59.01204, -34.378155], [-59.012083, -34.378258], [-59.01213, -34.37836], [-59.01217, -34.37845], [-59.012185, -34.378486], [-59.012213, -34.378551], [-59.012257, -34.378654], [-59.0123, -34.378753], [-59.012338, -34.37884], [-59.012381, -34.378939], [-59.012417, -34.379023], [-59.012461, -34.379126], [-59.012506, -34.379229], [-59.01255, -34.379332], [-59.012591, -34.379431], [-59.012635, -34.379533], [-59.012671, -34.379617], [-59.012715, -34.37972], [-59.01276, -34.379822], [-59.012806, -34.379925], [-59.012857, -34.380026], [-59.012913, -34.380125], [-59.01297, -34.380224], [-59.013007, -34.380289], [-59.01305, -34.380366], [-59.013089, -34.380435], [-59.013145, -34.380535], [-59.013184, -34.380605], [-59.013239, -34.380704], [-59.013283, -34.380783], [-59.013338, -34.380882], [-59.013393, -34.380981], [-59.013444, -34.381073], [-59.0135, -34.381173], [-59.013554, -34.381272], [-59.013609, -34.381371], [-59.013664, -34.381469], [-59.013716, -34.381562], [-59.013772, -34.38166], [-59.01383, -34.381758], [-59.013883, -34.381849], [-59.013941, -34.381947], [-59.013984, -34.382021], [-59.014042, -34.382119], [-59.01409, -34.3822], [-59.014148, -34.382298], [-59.014197, -34.382379], [-59.014255, -34.382477], [-59.014314, -34.382575], [-59.01437, -34.382668], [-59.014429, -34.382766], [-59.014487, -34.382864], [-59.014545, -34.382961], [-59.014603, -34.383059], [-59.014662, -34.383158], [-59.014716, -34.383248], [-59.014766, -34.383333], [-59.014824, -34.383429], [-59.014862, -34.383494], [-59.014915, -34.383584], [-59.014971, -34.383678], [-59.015029, -34.383776], [-59.01508, -34.383861], [-59.015139, -34.383958], [-59.015192, -34.384046], [-59.01525, -34.384142], [-59.015309, -34.384241], [-59.015364, -34.384331], [-59.015421, -34.384427], [-59.015478, -34.384524], [-59.015536, -34.384621], [-59.015592, -34.384716], [-59.015646, -34.384806], [-59.015705, -34.384904], [-59.015758, -34.384992], [-59.015817, -34.38509], [-59.015876, -34.385188], [-59.01593, -34.385278], [-59.015986, -34.385372], [-59.016037, -34.385457], [-59.016096, -34.385555], [-59.016155, -34.385652], [-59.016216, -34.385747], [-59.016273, -34.385837], [-59.01633, -34.385932], [-59.016358, -34.38598], [-59.016386, -34.386027], [-59.016414, -34.386074], [-59.016442, -34.386121], [-59.01647, -34.386168], [-59.016498, -34.386215], [-59.016526, -34.386263], [-59.016555, -34.386311], [-59.016612, -34.386406], [-59.016669, -34.3865], [-59.016674, -34.38651], [-59.016681, -34.386521], [-59.016707, -34.386562], [-59.016766, -34.386657], [-59.016822, -34.38675], [-59.016876, -34.386839], [-59.016934, -34.386937], [-59.016994, -34.387034], [-59.017042, -34.387114], [-59.0171, -34.387209], [-59.017151, -34.387293], [-59.01721, -34.387391], [-59.017269, -34.387489], [-59.017328, -34.387586], [-59.017387, -34.387684], [-59.017446, -34.387782], [-59.017505, -34.38788], [-59.017551, -34.387956], [-59.017603, -34.388041], [-59.017648, -34.388115], [-59.017708, -34.388212], [-59.017752, -34.388285], [-59.017812, -34.388382], [-59.017871, -34.388479], [-59.017929, -34.388577], [-59.017989, -34.388674], [-59.01804, -34.388735], [-59.018104, -34.388807], [-59.018184, -34.388894], [-59.018263, -34.38898], [-59.018318, -34.38904], [-59.018397, -34.389126], [-59.018477, -34.389213], [-59.018556, -34.3893], [-59.018635, -34.389387], [-59.018703, -34.389481], [-59.018761, -34.389576], [-59.018813, -34.389661], [-59.018871, -34.389755], [-59.01893, -34.389853], [-59.018988, -34.389948], [-59.019033, -34.390023], [-59.019088, -34.390114], [-59.019145, -34.390207], [-59.019197, -34.390292], [-59.019257, -34.390389], [-59.019299, -34.390457], [-59.019358, -34.390553], [-59.019418, -34.39065], [-59.019477, -34.390747], [-59.019524, -34.390825], [-59.019583, -34.390923], [-59.019637, -34.391014], [-59.019695, -34.39111], [-59.019753, -34.391207], [-59.01982, -34.391301], [-59.019897, -34.391389], [-59.019953, -34.39145], [-59.020032, -34.391538], [-59.020094, -34.391605], [-59.020169, -34.391687], [-59.020244, -34.39177], [-59.020316, -34.391849], [-59.020371, -34.39191], [-59.020442, -34.391987], [-59.020501, -34.392052], [-59.020576, -34.392134], [-59.020641, -34.392204], [-59.020715, -34.392285], [-59.020781, -34.392357], [-59.020861, -34.392444], [-59.020927, -34.392516], [-59.020995, -34.392591], [-59.021074, -34.392678], [-59.021141, -34.392752], [-59.021215, -34.392832], [-59.021294, -34.392919], [-59.021362, -34.392993], [-59.021441, -34.39308], [-59.021518, -34.393165], [-59.021597, -34.393251], [-59.021676, -34.393338], [-59.021737, -34.393405], [-59.021817, -34.393492], [-59.021876, -34.393557], [-59.021956, -34.393643], [-59.022011, -34.393703], [-59.022097, -34.393786], [-59.022159, -34.393844], [-59.022239, -34.393918], [-59.02231, -34.393986], [-59.022397, -34.394067], [-59.022462, -34.394128], [-59.022549, -34.394209], [-59.022615, -34.39427], [-59.022685, -34.394335], [-59.022706, -34.394356], [-59.022794, -34.394437], [-59.022881, -34.394518], [-59.022967, -34.3946], [-59.023052, -34.39468], [-59.023138, -34.394762], [-59.023224, -34.394844], [-59.023302, -34.394919], [-59.023388, -34.395002], [-59.023474, -34.395084], [-59.023549, -34.395154], [-59.023617, -34.395226], [-59.023679, -34.395322], [-59.023725, -34.395405], [-59.023776, -34.395496], [-59.023794, -34.395529], [-59.023834, -34.395602], [-59.023888, -34.395702], [-59.023942, -34.3958], [-59.023987, -34.395882], [-59.024025, -34.395952], [-59.024079, -34.396052], [-59.024126, -34.396121], [-59.024184, -34.396193], [-59.024266, -34.396279], [-59.024338, -34.396355], [-59.02441, -34.396431], [-59.024476, -34.396501], [-59.024557, -34.396587], [-59.024617, -34.396649], [-59.024698, -34.396734], [-59.02478, -34.39682], [-59.024857, -34.396901], [-59.024938, -34.396987], [-59.02502, -34.397073], [-59.025101, -34.397158], [-59.025182, -34.397244], [-59.025263, -34.397329], [-59.025344, -34.397415], [-59.025422, -34.397497], [-59.025503, -34.397582], [-59.025584, -34.397667], [-59.025666, -34.397752], [-59.025747, -34.397838], [-59.025829, -34.397923], [-59.025911, -34.398008], [-59.025993, -34.398094], [-59.026074, -34.39818], [-59.026155, -34.398266], [-59.026236, -34.398352], [-59.026312, -34.398434], [-59.026393, -34.398519], [-59.02644, -34.398569], [-59.026521, -34.398655], [-59.026542, -34.398676], [-59.026606, -34.398743], [-59.026689, -34.398827], [-59.026755, -34.398894], [-59.026837, -34.398979], [-59.026893, -34.399038], [-59.026974, -34.399124], [-59.027049, -34.399203], [-59.02713, -34.399289], [-59.027204, -34.39937], [-59.027259, -34.399429], [-59.027318, -34.399494], [-59.027397, -34.39958], [-59.027457, -34.399646], [-59.027536, -34.399732], [-59.02761, -34.399813], [-59.027688, -34.399899], [-59.027749, -34.399966], [-59.027828, -34.400053], [-59.027907, -34.40014], [-59.027964, -34.400203], [-59.028039, -34.400285], [-59.028118, -34.400373], [-59.028183, -34.400446], [-59.028261, -34.400533], [-59.028339, -34.40062], [-59.028419, -34.400707], [-59.028498, -34.400795], [-59.028552, -34.400854], [-59.028631, -34.400941], [-59.028694, -34.40101], [-59.028773, -34.401097], [-59.028832, -34.401162], [-59.028912, -34.401249], [-59.028989, -34.401334], [-59.02906, -34.401411], [-59.029139, -34.401498], [-59.029219, -34.401584], [-59.029299, -34.40167], [-59.029372, -34.40175], [-59.029449, -34.401838], [-59.029516, -34.401931], [-59.029563, -34.402033], [-59.029587, -34.402139], [-59.029588, -34.402247], [-59.029583, -34.402328], [-59.029578, -34.402426], [-59.029572, -34.402534], [-59.02957, -34.402604], [-59.029566, -34.402713], [-59.029562, -34.402821], [-59.029559, -34.40293], [-59.029557, -34.40304], [-59.029555, -34.403124], [-59.029554, -34.403229], [-59.029553, -34.403338], [-59.029552, -34.403441], [-59.029551, -34.40355], [-59.029549, -34.403659], [-59.029548, -34.403768], [-59.029546, -34.403874], [-59.029545, -34.403955], [-59.029544, -34.404064], [-59.029542, -34.40417], [-59.029541, -34.404279], [-59.02954, -34.404387], [-59.029538, -34.404495], [-59.029536, -34.404604], [-59.029535, -34.404713], [-59.029534, -34.404822], [-59.029532, -34.404919], [-59.029528, -34.405029], [-59.029522, -34.405137], [-59.029503, -34.405219], [-59.029462, -34.405321], [-59.029409, -34.405421], [-59.029359, -34.405518], [-59.029321, -34.405617], [-59.029306, -34.405725], [-59.029304, -34.405833], [-59.029303, -34.405942], [-59.029301, -34.406048], [-59.0293, -34.406157], [-59.029299, -34.406265], [-59.029297, -34.406374], [-59.029295, -34.406483], [-59.029294, -34.406592], [-59.029292, -34.406702], [-59.029291, -34.406811], [-59.029289, -34.406919], [-59.029288, -34.407029], [-59.029293, -34.407126], [-59.02931, -34.407207], [-59.02934, -34.407313], [-59.029369, -34.407419], [-59.029398, -34.407526], [-59.029427, -34.40763], [-59.029456, -34.407736], [-59.029486, -34.407843], [-59.029515, -34.407949], [-59.029545, -34.408056], [-59.029566, -34.408131], [-59.029592, -34.408223], [-59.029614, -34.408303], [-59.029643, -34.408409], [-59.029671, -34.40851], [-59.029699, -34.408616], [-59.029719, -34.40869], [-59.029748, -34.408797], [-59.029778, -34.408903], [-59.029805, -34.409002], [-59.029828, -34.409089], [-59.029856, -34.409193], [-59.029877, -34.40927], [-59.029905, -34.409376], [-59.029933, -34.409484], [-59.029969, -34.409588], [-59.03001, -34.409664], [-59.030067, -34.409763], [-59.030125, -34.409861], [-59.030183, -34.409959], [-59.030236, -34.410046], [-59.030295, -34.410144], [-59.030353, -34.410242], [-59.030411, -34.41034], [-59.030468, -34.410436], [-59.030526, -34.410535], [-59.030583, -34.410632], [-59.030641, -34.41073], [-59.030698, -34.410828], [-59.030756, -34.410926], [-59.030814, -34.411024], [-59.030872, -34.411122], [-59.030929, -34.41122], [-59.030987, -34.411318], [-59.031044, -34.411416], [-59.031102, -34.411513], [-59.031161, -34.411611], [-59.031217, -34.411703], [-59.031275, -34.411802], [-59.031332, -34.411899], [-59.031378, -34.411978], [-59.031434, -34.412072], [-59.031491, -34.41217], [-59.031548, -34.412268], [-59.031606, -34.412366], [-59.031653, -34.412447], [-59.031699, -34.412525], [-59.031757, -34.412622], [-59.031814, -34.412718], [-59.031872, -34.412815], [-59.03193, -34.412912], [-59.031988, -34.41301], [-59.032046, -34.413108], [-59.032104, -34.413205], [-59.032161, -34.413303], [-59.032219, -34.413401], [-59.032276, -34.413499], [-59.032334, -34.413596], [-59.032392, -34.413694], [-59.03245, -34.413792], [-59.032509, -34.41389], [-59.032561, -34.413978], [-59.032619, -34.414075], [-59.032664, -34.41415], [-59.032715, -34.414236], [-59.032768, -34.414324], [-59.032826, -34.414421], [-59.032884, -34.414519], [-59.032942, -34.414616], [-59.033, -34.414714], [-59.033058, -34.414812], [-59.033116, -34.414911], [-59.033174, -34.415009], [-59.033215, -34.415079], [-59.033273, -34.415176], [-59.033331, -34.415275], [-59.033389, -34.415373], [-59.033437, -34.415454], [-59.033495, -34.415552], [-59.033554, -34.415651], [-59.033612, -34.415748], [-59.03367, -34.415847], [-59.033728, -34.415944], [-59.033786, -34.416042], [-59.033833, -34.41612], [-59.033891, -34.416218], [-59.033949, -34.416316], [-59.034007, -34.416413], [-59.034064, -34.416511], [-59.034118, -34.416603], [-59.034176, -34.416701], [-59.034233, -34.416797], [-59.03429, -34.416895], [-59.034348, -34.416993], [-59.034401, -34.417084], [-59.03446, -34.417181], [-59.034517, -34.417278], [-59.034575, -34.417375], [-59.034633, -34.417473], [-59.034691, -34.417571], [-59.034748, -34.417669], [-59.034805, -34.417767], [-59.034863, -34.417865], [-59.03492, -34.417962], [-59.034978, -34.41806], [-59.035031, -34.418148], [-59.035088, -34.418243], [-59.035144, -34.418338], [-59.035203, -34.418436], [-59.035257, -34.418527], [-59.035316, -34.418625], [-59.035374, -34.418722], [-59.035432, -34.418821], [-59.035489, -34.418918], [-59.035544, -34.419018], [-59.035597, -34.419118], [-59.035649, -34.419218], [-59.035685, -34.419288], [-59.035733, -34.419382], [-59.035784, -34.419483], [-59.035836, -34.419583], [-59.035884, -34.419675], [-59.035941, -34.419773], [-59.036, -34.419871], [-59.036059, -34.419968], [-59.036115, -34.420059], [-59.036173, -34.420154], [-59.036233, -34.420252], [-59.036292, -34.420349], [-59.036343, -34.420434], [-59.036398, -34.420527], [-59.036452, -34.42062], [-59.03651, -34.420718], [-59.036568, -34.420816], [-59.036621, -34.420907], [-59.03668, -34.421004], [-59.036739, -34.421102], [-59.036783, -34.421171], [-59.036844, -34.421267], [-59.036907, -34.421363], [-59.03697, -34.421459], [-59.037028, -34.421549], [-59.037087, -34.421641], [-59.037143, -34.421733], [-59.037197, -34.421822], [-59.037248, -34.421908], [-59.037294, -34.421984], [-59.037343, -34.422069], [-59.037402, -34.422167], [-59.037457, -34.422259], [-59.037516, -34.422357], [-59.037565, -34.422439], [-59.037625, -34.422536], [-59.037672, -34.422613], [-59.037731, -34.42271], [-59.037786, -34.422802], [-59.037845, -34.422899], [-59.0379, -34.422993], [-59.037958, -34.42309], [-59.038016, -34.423188], [-59.038074, -34.423285], [-59.03812, -34.423363], [-59.038163, -34.423434], [-59.038221, -34.423532], [-59.038278, -34.42363], [-59.038333, -34.423728], [-59.038389, -34.423826], [-59.038396, -34.423838], [-59.038454, -34.423935], [-59.038513, -34.424032], [-59.038573, -34.424128], [-59.038616, -34.424199], [-59.038674, -34.424296], [-59.038718, -34.424369], [-59.038776, -34.424467], [-59.038832, -34.424562], [-59.03889, -34.42466], [-59.038944, -34.424753], [-59.039002, -34.424851], [-59.03906, -34.424948], [-59.039118, -34.425047], [-59.039176, -34.425145], [-59.039222, -34.425223], [-59.03928, -34.42532], [-59.039334, -34.425413], [-59.039386, -34.425501], [-59.039444, -34.425598], [-59.039496, -34.425685], [-59.039554, -34.425783], [-59.039611, -34.425881], [-59.039669, -34.425978], [-59.039728, -34.426076], [-59.039783, -34.426168], [-59.039841, -34.426266], [-59.039899, -34.426364], [-59.039948, -34.426447], [-59.039998, -34.426532], [-59.040056, -34.426631], [-59.040114, -34.426729], [-59.040163, -34.426811], [-59.04022, -34.426909], [-59.040279, -34.427006], [-59.040338, -34.427104], [-59.040389, -34.42719], [-59.040448, -34.427288], [-59.040504, -34.427384], [-59.040562, -34.427482], [-59.040603, -34.427551], [-59.040656, -34.42764], [-59.04071, -34.427731], [-59.040768, -34.427829], [-59.04082, -34.427917], [-59.040877, -34.428013], [-59.040936, -34.42811], [-59.040994, -34.428207], [-59.041045, -34.428293], [-59.041103, -34.428391], [-59.041161, -34.428489], [-59.041219, -34.428587], [-59.041277, -34.428685], [-59.04133, -34.428774], [-59.041376, -34.428851], [-59.041434, -34.428949], [-59.041492, -34.429047], [-59.04155, -34.429145], [-59.041599, -34.429227], [-59.041656, -34.429325], [-59.041707, -34.429411], [-59.041757, -34.429495], [-59.041799, -34.429565], [-59.041856, -34.429662], [-59.041896, -34.429728], [-59.041954, -34.429826], [-59.042013, -34.429924], [-59.042071, -34.430021], [-59.042129, -34.430119], [-59.042186, -34.430213], [-59.042244, -34.43031], [-59.042292, -34.430391], [-59.042349, -34.430489], [-59.042396, -34.43057], [-59.042446, -34.430654], [-59.042504, -34.430752], [-59.042552, -34.430834], [-59.04261, -34.430932], [-59.042668, -34.43103], [-59.042725, -34.431126], [-59.042783, -34.431223], [-59.042839, -34.431318], [-59.042894, -34.431411], [-59.042945, -34.431496], [-59.043002, -34.431593], [-59.04306, -34.431691], [-59.043118, -34.431789], [-59.043176, -34.431885], [-59.043223, -34.431963], [-59.043281, -34.432061], [-59.043339, -34.432159], [-59.043398, -34.432256], [-59.043456, -34.432354], [-59.043507, -34.432441], [-59.043565, -34.432539], [-59.043622, -34.432637], [-59.04368, -34.432734], [-59.043737, -34.432832], [-59.043791, -34.432925], [-59.043849, -34.433022], [-59.043903, -34.433116], [-59.04396, -34.433214], [-59.044014, -34.433304], [-59.044072, -34.433402], [-59.04413, -34.433499], [-59.044179, -34.433581], [-59.044228, -34.433664], [-59.044286, -34.433761], [-59.044344, -34.433859], [-59.044392, -34.433939], [-59.044432, -34.434006], [-59.044489, -34.434103], [-59.044531, -34.434173], [-59.044588, -34.434271], [-59.044645, -34.434368], [-59.044702, -34.434466], [-59.04476, -34.434563], [-59.044818, -34.434661], [-59.044875, -34.434759], [-59.044933, -34.434858], [-59.044991, -34.434955], [-59.045049, -34.435052], [-59.045106, -34.43515], [-59.045159, -34.435239], [-59.045217, -34.435337], [-59.045275, -34.435435], [-59.045333, -34.435533], [-59.04539, -34.435628], [-59.045447, -34.435723], [-59.045505, -34.435821], [-59.045562, -34.435919], [-59.04562, -34.436017], [-59.045677, -34.436115], [-59.045734, -34.436213], [-59.045791, -34.436311], [-59.045848, -34.436407], [-59.045906, -34.436505], [-59.045965, -34.436602], [-59.046009, -34.436676], [-59.046067, -34.436773], [-59.046125, -34.436871], [-59.046184, -34.436969], [-59.046241, -34.437066], [-59.046299, -34.437164], [-59.046349, -34.437249], [-59.046406, -34.437348], [-59.046464, -34.437446], [-59.046523, -34.437543], [-59.046578, -34.437634], [-59.046637, -34.437732], [-59.046696, -34.437829], [-59.046749, -34.437916], [-59.046807, -34.438014], [-59.046864, -34.438111], [-59.046922, -34.438209], [-59.046969, -34.438289], [-59.047026, -34.438387], [-59.047071, -34.438464], [-59.047129, -34.438562], [-59.047187, -34.438659], [-59.047246, -34.438757], [-59.047304, -34.438854], [-59.047362, -34.438951], [-59.04742, -34.439049], [-59.047468, -34.43913], [-59.047525, -34.439228], [-59.047581, -34.439327], [-59.047635, -34.439426], [-59.047679, -34.439508], [-59.047732, -34.439607], [-59.047763, -34.439666], [-59.047812, -34.43976], [-59.047842, -34.439817], [-59.047894, -34.439917], [-59.047926, -34.439978], [-59.047979, -34.440077], [-59.048013, -34.440137], [-59.048073, -34.440234], [-59.048109, -34.440292], [-59.04817, -34.440389], [-59.048205, -34.440445], [-59.048267, -34.440542], [-59.048303, -34.4406], [-59.048359, -34.440689], [-59.048395, -34.440746], [-59.048454, -34.440843], [-59.048493, -34.440907], [-59.048552, -34.441003], [-59.04859, -34.441065], [-59.04865, -34.441161], [-59.048689, -34.441224], [-59.048735, -34.441298], [-59.048783, -34.441375], [-59.048833, -34.441455], [-59.048875, -34.441523], [-59.048935, -34.44162], [-59.048979, -34.441691], [-59.049038, -34.441788], [-59.049095, -34.44188], [-59.04915, -34.441972], [-59.049184, -34.442027], [-59.049243, -34.442123], [-59.049282, -34.442186], [-59.049341, -34.442282], [-59.049373, -34.442336], [-59.049431, -34.442433], [-59.049468, -34.442493], [-59.049526, -34.44259], [-59.049564, -34.442655], [-59.049621, -34.442752], [-59.049657, -34.442813], [-59.049711, -34.442904], [-59.049746, -34.442965], [-59.0498, -34.443056], [-59.049837, -34.443119], [-59.049895, -34.443217], [-59.049931, -34.443277], [-59.049989, -34.443375], [-59.050025, -34.443436], [-59.050083, -34.443534], [-59.050118, -34.443592], [-59.050177, -34.44369], [-59.050211, -34.443748], [-59.05027, -34.443846], [-59.050304, -34.443904], [-59.050362, -34.444002], [-59.050396, -34.444058], [-59.050454, -34.444156], [-59.050491, -34.444218], [-59.050549, -34.444316], [-59.050582, -34.444372], [-59.050622, -34.444441], [-59.050658, -34.444501], [-59.050702, -34.444577], [-59.050735, -34.444634], [-59.050794, -34.444732], [-59.050827, -34.444787], [-59.050886, -34.444885], [-59.050919, -34.444941], [-59.050976, -34.445037], [-59.051013, -34.445099], [-59.05107, -34.445196], [-59.051107, -34.445259], [-59.051165, -34.445357], [-59.051202, -34.445421], [-59.05126, -34.445518], [-59.051295, -34.445577], [-59.051354, -34.445675], [-59.051391, -34.445738], [-59.05145, -34.445835], [-59.051493, -34.445907], [-59.051532, -34.445973], [-59.051567, -34.446033], [-59.051608, -34.446103], [-59.051666, -34.446201], [-59.051702, -34.446263], [-59.051759, -34.446361], [-59.051795, -34.446423], [-59.051852, -34.44652], [-59.051885, -34.446575], [-59.051919, -34.446632], [-59.051977, -34.44673], [-59.052013, -34.44679], [-59.052072, -34.446888], [-59.052108, -34.446948], [-59.052166, -34.447045], [-59.052202, -34.447106], [-59.052261, -34.447204], [-59.052297, -34.447265], [-59.052356, -34.447363], [-59.052379, -34.447401], [-59.052438, -34.447499], [-59.052473, -34.447559], [-59.052472, -34.447567], [-59.052447, -34.447647], [-59.052428, -34.447707], [-59.052394, -34.447813], [-59.052373, -34.447878], [-59.052347, -34.447958], [-59.052312, -34.448063], [-59.052291, -34.448124], [-59.052266, -34.448205], [-59.052269, -34.448212], [-59.052281, -34.448233], [-59.052336, -34.448325], [-59.052379, -34.448397], [-59.052437, -34.448493], [-59.052485, -34.448574], [-59.052543, -34.448671], [-59.052601, -34.448769], [-59.052659, -34.448867], [-59.052704, -34.448942], [-59.052762, -34.449039], [-59.052807, -34.449114], [-59.052858, -34.449198], [-59.052906, -34.449279], [-59.052964, -34.449376], [-59.053008, -34.449449], [-59.053065, -34.449547], [-59.053104, -34.449612], [-59.053163, -34.44971], [-59.053212, -34.449792], [-59.053262, -34.449877], [-59.053321, -34.449976], [-59.053378, -34.45007], [-59.053436, -34.450168], [-59.053495, -34.450266], [-59.053553, -34.450363], [-59.053612, -34.45046], [-59.05367, -34.450557], [-59.053722, -34.450644], [-59.05376, -34.450709], [-59.053819, -34.450806], [-59.053871, -34.450895], [-59.053929, -34.450993], [-59.053987, -34.451091], [-59.054038, -34.451177], [-59.054096, -34.451274], [-59.054155, -34.451371], [-59.05421, -34.451463], [-59.054268, -34.451561], [-59.054327, -34.451658], [-59.054373, -34.451735], [-59.054419, -34.451812], [-59.054466, -34.451889], [-59.054525, -34.451987], [-59.054583, -34.452085], [-59.054642, -34.452182], [-59.054701, -34.45228], [-59.054759, -34.452378], [-59.054817, -34.452475], [-59.054876, -34.452573], [-59.054922, -34.452651], [-59.054978, -34.452746], [-59.055024, -34.452822], [-59.055083, -34.45292], [-59.055137, -34.453011], [-59.055186, -34.453091], [-59.055244, -34.453188], [-59.055302, -34.453286], [-59.055361, -34.453384], [-59.055395, -34.45344], [-59.055454, -34.453538], [-59.05549, -34.453598], [-59.055549, -34.453696], [-59.055589, -34.453763], [-59.055635, -34.453841], [-59.055672, -34.453902], [-59.055726, -34.453993], [-59.055759, -34.454047], [-59.055817, -34.454145], [-59.055859, -34.454209], [-59.055916, -34.454291], [-59.055959, -34.454353], [-59.056011, -34.454425], [-59.056053, -34.454484], [-59.056107, -34.454558], [-59.056145, -34.45461], [-59.056201, -34.454687], [-59.05627, -34.45478], [-59.05634, -34.454873], [-59.056379, -34.454925], [-59.056448, -34.455017], [-59.056491, -34.455075], [-59.056561, -34.455168], [-59.056608, -34.45523], [-59.056662, -34.455302], [-59.056706, -34.455362], [-59.056776, -34.455455], [-59.056817, -34.455509], [-59.056882, -34.455595], [-59.056924, -34.455651], [-59.056993, -34.455744], [-59.05704, -34.455807], [-59.057109, -34.455901], [-59.057147, -34.455953], [-59.057215, -34.456046], [-59.05726, -34.456106], [-59.05733, -34.456199], [-59.057371, -34.456253], [-59.057429, -34.456332], [-59.057475, -34.456392], [-59.057542, -34.456483], [-59.057581, -34.456536], [-59.057632, -34.456607], [-59.057677, -34.456668], [-59.057729, -34.45674], [-59.057769, -34.456795], [-59.057836, -34.456889], [-59.057883, -34.456954], [-59.057934, -34.457023], [-59.05799, -34.457099], [-59.058058, -34.457191], [-59.058115, -34.457267], [-59.058184, -34.45736], [-59.058231, -34.457423], [-59.0583, -34.457516], [-59.058352, -34.457586], [-59.058417, -34.457673], [-59.058475, -34.457753], [-59.058544, -34.457846], [-59.058613, -34.457939], [-59.058672, -34.45802], [-59.058738, -34.458108], [-59.058807, -34.458201], [-59.058875, -34.458294], [-59.058943, -34.458386], [-59.05901, -34.458477], [-59.059078, -34.45857], [-59.059129, -34.458638], [-59.059177, -34.458703], [-59.059229, -34.458773], [-59.059298, -34.458866], [-59.059365, -34.458956], [-59.059434, -34.459047], [-59.059503, -34.45914], [-59.059561, -34.459216], [-59.059618, -34.459291], [-59.059687, -34.459383], [-59.059755, -34.459477], [-59.059823, -34.45957], [-59.059892, -34.459663], [-59.059943, -34.459732], [-59.060012, -34.459825], [-59.060082, -34.459917], [-59.060152, -34.460009], [-59.060222, -34.460101], [-59.060291, -34.460194], [-59.060311, -34.460222], [-59.060364, -34.460294], [-59.060433, -34.460387], [-59.0605, -34.46048], [-59.060564, -34.46057], [-59.06063, -34.46066], [-59.060663, -34.460704], [-59.060695, -34.460748], [-59.060729, -34.460794], [-59.060763, -34.46084], [-59.060829, -34.46093], [-59.060897, -34.46102], [-59.060948, -34.461088], [-59.061017, -34.461181], [-59.061077, -34.46126], [-59.061136, -34.461339], [-59.061199, -34.461421], [-59.061268, -34.461513], [-59.061337, -34.461606], [-59.061399, -34.46169], [-59.061462, -34.461773], [-59.061531, -34.461866], [-59.061601, -34.461959], [-59.061671, -34.462051], [-59.061722, -34.46212], [-59.061792, -34.462212], [-59.061852, -34.462293], [-59.061919, -34.462383], [-59.061989, -34.462476], [-59.062059, -34.462569], [-59.062128, -34.462663], [-59.062197, -34.462756], [-59.062266, -34.462849], [-59.062334, -34.462942], [-59.062403, -34.463035], [-59.062454, -34.463104], [-59.062509, -34.463177], [-59.062578, -34.46327], [-59.062647, -34.463362], [-59.062706, -34.463441], [-59.062765, -34.463518], [-59.062834, -34.46361], [-59.062903, -34.463703], [-59.062965, -34.463786], [-59.063035, -34.463878], [-59.063083, -34.463942], [-59.063143, -34.464022], [-59.063207, -34.464109], [-59.06327, -34.464193], [-59.063339, -34.464285], [-59.063398, -34.464365], [-59.063468, -34.46446], [-59.063529, -34.464541], [-59.063597, -34.464634], [-59.063666, -34.464727], [-59.063734, -34.464821], [-59.063802, -34.464912], [-59.063864, -34.465], [-59.063925, -34.465095], [-59.063986, -34.465192], [-59.064048, -34.465289], [-59.064109, -34.465385], [-59.06417, -34.465481], [-59.064232, -34.465578], [-59.064294, -34.465675], [-59.064358, -34.465761], [-59.064424, -34.46585], [-59.064476, -34.465921], [-59.064546, -34.466014], [-59.064616, -34.466107], [-59.064685, -34.466199], [-59.064755, -34.466292], [-59.064825, -34.466384], [-59.064895, -34.466477], [-59.064955, -34.466557], [-59.064996, -34.46661], [-59.065067, -34.466703], [-59.065136, -34.466796], [-59.065205, -34.466889], [-59.065254, -34.466966], [-59.065314, -34.467062], [-59.065375, -34.467159], [-59.065436, -34.467255], [-59.065497, -34.467351], [-59.065558, -34.467448], [-59.065608, -34.467528], [-59.065669, -34.467625], [-59.065723, -34.467712], [-59.065779, -34.467802], [-59.065845, -34.467896], [-59.065914, -34.46799], [-59.06598, -34.468079], [-59.066049, -34.468172], [-59.066119, -34.468264], [-59.066187, -34.468355], [-59.066257, -34.468448], [-59.066326, -34.46854], [-59.066396, -34.468633], [-59.066466, -34.468726], [-59.066536, -34.468819], [-59.066606, -34.468912], [-59.066676, -34.469005], [-59.066746, -34.469097], [-59.066815, -34.46919], [-59.066866, -34.469256], [-59.066931, -34.469344], [-59.066989, -34.469421], [-59.06706, -34.469513], [-59.067124, -34.469595], [-59.067196, -34.469686], [-59.067261, -34.469765], [-59.067336, -34.469855], [-59.067411, -34.469945], [-59.067473, -34.470041], [-59.067512, -34.47014], [-59.067523, -34.47023], [-59.067527, -34.470339], [-59.067529, -34.470413], [-59.067532, -34.470521], [-59.067536, -34.47063], [-59.06754, -34.47074], [-59.067543, -34.47085], [-59.067546, -34.470958], [-59.067549, -34.471067], [-59.067552, -34.471168], [-59.067556, -34.471276], [-59.067559, -34.471371], [-59.067563, -34.47148], [-59.067564, -34.471589], [-59.067551, -34.471698], [-59.067537, -34.471806], [-59.067528, -34.471878], [-59.067501, -34.471985], [-59.067444, -34.472083], [-59.067393, -34.472154], [-59.06734, -34.472226], [-59.067273, -34.472315], [-59.067211, -34.472396], [-59.06714, -34.472487], [-59.06707, -34.472579], [-59.066999, -34.472671], [-59.066929, -34.472763], [-59.066875, -34.472835], [-59.066814, -34.472916], [-59.066743, -34.473009], [-59.066674, -34.473101], [-59.066633, -34.473155], [-59.066572, -34.473235], [-59.066506, -34.473323], [-59.066435, -34.473415], [-59.066365, -34.473507], [-59.066295, -34.4736], [-59.066225, -34.473692], [-59.066155, -34.473784], [-59.066084, -34.473876], [-59.066027, -34.47395], [-59.065957, -34.474042], [-59.06589, -34.47413], [-59.065819, -34.474222], [-59.065748, -34.474315], [-59.065677, -34.474407], [-59.065607, -34.474499], [-59.065536, -34.474592], [-59.065465, -34.474683], [-59.065395, -34.474775], [-59.065336, -34.474852], [-59.065277, -34.474929], [-59.065212, -34.475014], [-59.065141, -34.475106], [-59.065071, -34.475197], [-59.065003, -34.475285], [-59.064937, -34.475372], [-59.064866, -34.475464], [-59.064795, -34.475556], [-59.064735, -34.475633], [-59.064665, -34.475723], [-59.064602, -34.475805], [-59.064531, -34.475897], [-59.06446, -34.475989], [-59.064389, -34.476081], [-59.064318, -34.476173], [-59.064248, -34.476264], [-59.064181, -34.476351], [-59.06411, -34.476443], [-59.064043, -34.47653], [-59.063972, -34.476622], [-59.063916, -34.476695], [-59.063845, -34.476787], [-59.063774, -34.476879], [-59.063703, -34.476971], [-59.063631, -34.477063], [-59.06356, -34.477155], [-59.063488, -34.477247], [-59.063417, -34.477339], [-59.063358, -34.477415], [-59.063287, -34.477507], [-59.063229, -34.477583], [-59.063159, -34.477674], [-59.063099, -34.477751], [-59.063028, -34.477843], [-59.062962, -34.477926], [-59.062891, -34.478018], [-59.06282, -34.478109], [-59.06275, -34.4782], [-59.0627, -34.478264], [-59.062629, -34.478356], [-59.062579, -34.478421], [-59.062509, -34.478513], [-59.062462, -34.478575], [-59.062391, -34.478667], [-59.062336, -34.478739], [-59.062265, -34.478831], [-59.062195, -34.478922], [-59.062123, -34.479013], [-59.062078, -34.479071], [-59.062007, -34.479162], [-59.061961, -34.47922], [-59.0619, -34.479298], [-59.061828, -34.479389], [-59.061756, -34.47948], [-59.061684, -34.479571], [-59.061611, -34.479662], [-59.061539, -34.479753], [-59.061473, -34.479835], [-59.061456, -34.479857], [-59.061383, -34.479948], [-59.061328, -34.480018], [-59.061288, -34.48007], [-59.061221, -34.480155], [-59.061148, -34.480246], [-59.061076, -34.480337], [-59.061006, -34.480426], [-59.060971, -34.480471], [-59.060935, -34.480516], [-59.060862, -34.480607], [-59.06079, -34.480698], [-59.060718, -34.480787], [-59.060646, -34.480878], [-59.060585, -34.480953], [-59.060512, -34.481044], [-59.060451, -34.48112], [-59.060382, -34.481207], [-59.060313, -34.481293], [-59.06024, -34.481385], [-59.060168, -34.481475], [-59.060096, -34.481567], [-59.060025, -34.481656], [-59.059958, -34.481742], [-59.059886, -34.481834], [-59.059815, -34.481926], [-59.059745, -34.482018], [-59.059674, -34.48211], [-59.059603, -34.482202], [-59.05954, -34.482283], [-59.059476, -34.482365], [-59.059407, -34.482454], [-59.059336, -34.482545], [-59.059265, -34.482637], [-59.059213, -34.482705], [-59.05915, -34.482786], [-59.059096, -34.482856], [-59.059035, -34.482935], [-59.058964, -34.483027], [-59.0589, -34.483109], [-59.058847, -34.483178], [-59.058776, -34.48327], [-59.058706, -34.483361], [-59.058635, -34.483453], [-59.058564, -34.483544], [-59.058494, -34.483635], [-59.058426, -34.483722], [-59.058356, -34.483813], [-59.058284, -34.483905], [-59.058213, -34.483996], [-59.058144, -34.484084], [-59.058073, -34.484176], [-59.058002, -34.484267], [-59.057931, -34.484359], [-59.057874, -34.484433], [-59.05781, -34.484515], [-59.057753, -34.484588], [-59.057682, -34.48468], [-59.057611, -34.484772], [-59.057546, -34.484855], [-59.05748, -34.48494], [-59.057409, -34.485032], [-59.057343, -34.485118], [-59.057273, -34.48521], [-59.057203, -34.485303], [-59.057145, -34.485381], [-59.05708, -34.485467], [-59.057009, -34.485559], [-59.056938, -34.485651], [-59.056868, -34.485743], [-59.0568, -34.485831], [-59.056729, -34.485923], [-59.056659, -34.486015], [-59.056591, -34.486104], [-59.056539, -34.486172], [-59.05647, -34.486263], [-59.056405, -34.486348], [-59.056342, -34.486431], [-59.056271, -34.486524], [-59.056201, -34.486616], [-59.056131, -34.486708], [-59.056061, -34.4868], [-59.055991, -34.486892], [-59.055921, -34.486984], [-59.05586, -34.487065], [-59.055789, -34.487157], [-59.055731, -34.487233], [-59.055661, -34.487326], [-59.055594, -34.487414], [-59.055524, -34.487506], [-59.055463, -34.487587], [-59.055393, -34.487679], [-59.055322, -34.487772], [-59.055251, -34.487864], [-59.055194, -34.487939], [-59.055123, -34.488032], [-59.055069, -34.488101], [-59.055003, -34.488189], [-59.054932, -34.488281], [-59.054861, -34.488373], [-59.05479, -34.488466], [-59.05472, -34.488558], [-59.054651, -34.48865], [-59.054581, -34.488742], [-59.054521, -34.488822], [-59.054451, -34.488914], [-59.054398, -34.488985], [-59.054328, -34.489077], [-59.054259, -34.489168], [-59.054196, -34.489251], [-59.054137, -34.489328], [-59.054067, -34.48942], [-59.053996, -34.489512], [-59.053926, -34.489604], [-59.053855, -34.489695], [-59.053785, -34.489787], [-59.053727, -34.489862], [-59.053657, -34.489954], [-59.053603, -34.490024], [-59.053532, -34.490115], [-59.053479, -34.490184], [-59.053408, -34.490275], [-59.053343, -34.49037], [-59.053287, -34.490469], [-59.053243, -34.490547], [-59.053187, -34.490646], [-59.053144, -34.49072], [-59.053088, -34.490818], [-59.053042, -34.490898], [-59.052986, -34.490997], [-59.052934, -34.491097], [-59.052892, -34.491184], [-59.052841, -34.491284], [-59.052789, -34.491384], [-59.052748, -34.491464], [-59.052701, -34.491555], [-59.052661, -34.491634], [-59.052608, -34.491735], [-59.052568, -34.491814], [-59.052517, -34.491915], [-59.052465, -34.492016], [-59.052415, -34.492115], [-59.052364, -34.492216], [-59.052313, -34.492317], [-59.052262, -34.492417], [-59.052211, -34.492518], [-59.05216, -34.492619], [-59.05211, -34.492718], [-59.052065, -34.492807], [-59.052014, -34.492908], [-59.051973, -34.492987], [-59.051953, -34.493027], [-59.051907, -34.493118], [-59.051856, -34.493218], [-59.051805, -34.493319], [-59.051761, -34.493405], [-59.051721, -34.493482], [-59.051676, -34.49357], [-59.051628, -34.493663], [-59.051576, -34.493764], [-59.051536, -34.493844], [-59.051491, -34.493932], [-59.05144, -34.494032], [-59.051389, -34.494132], [-59.051343, -34.494226], [-59.051296, -34.494321], [-59.051246, -34.494422], [-59.0512, -34.494514], [-59.051148, -34.494615], [-59.051094, -34.494715], [-59.051039, -34.4948], [-59.050978, -34.494889], [-59.050922, -34.494973], [-59.05086, -34.495069], [-59.050799, -34.495165], [-59.050737, -34.495261], [-59.050732, -34.495269], [-59.05067, -34.495365], [-59.050601, -34.495458], [-59.050532, -34.49555], [-59.050462, -34.495643], [-59.050408, -34.495715], [-59.050338, -34.495807], [-59.050272, -34.495897], [-59.050207, -34.495983], [-59.050138, -34.496076], [-59.050068, -34.496168], [-59.049998, -34.49626], [-59.049928, -34.496352], [-59.049863, -34.496437], [-59.049793, -34.496529], [-59.049722, -34.496621], [-59.049652, -34.496712], [-59.049591, -34.496791], [-59.049521, -34.496882], [-59.049471, -34.496947], [-59.0494, -34.497039], [-59.049347, -34.497108], [-59.049277, -34.4972], [-59.049221, -34.497272], [-59.049151, -34.497363], [-59.049081, -34.497455], [-59.04901, -34.497547], [-59.04894, -34.497639], [-59.04887, -34.497731], [-59.048799, -34.497824], [-59.048733, -34.49791], [-59.048663, -34.498002], [-59.048593, -34.498094], [-59.048529, -34.498178], [-59.048459, -34.49827], [-59.048389, -34.498362], [-59.048319, -34.498454], [-59.048249, -34.498546], [-59.048178, -34.498638], [-59.048107, -34.49873], [-59.048042, -34.498815], [-59.047978, -34.498898], [-59.047907, -34.498991], [-59.047837, -34.499083], [-59.047767, -34.499175], [-59.047705, -34.499256], [-59.047635, -34.499349], [-59.047565, -34.499441], [-59.047495, -34.499533], [-59.047426, -34.499625], [-59.047356, -34.499717], [-59.047286, -34.499809], [-59.047215, -34.499901], [-59.047144, -34.499993], [-59.047074, -34.500085], [-59.047003, -34.500176], [-59.046939, -34.500261], [-59.046868, -34.500353], [-59.046798, -34.500444], [-59.046728, -34.500537], [-59.046658, -34.500629], [-59.046589, -34.500721], [-59.046527, -34.500804], [-59.046457, -34.500896], [-59.046387, -34.500988], [-59.046333, -34.50106], [-59.046264, -34.501151], [-59.046204, -34.50123], [-59.046134, -34.501322], [-59.046064, -34.501414], [-59.045995, -34.501506], [-59.045943, -34.501573], [-59.045874, -34.501665], [-59.045804, -34.501757], [-59.045749, -34.501828], [-59.045679, -34.50192], [-59.045609, -34.502012], [-59.045539, -34.502104], [-59.045468, -34.502195], [-59.045398, -34.502287], [-59.04535, -34.502349], [-59.045279, -34.502441], [-59.045209, -34.502533], [-59.045151, -34.50261], [-59.04508, -34.502702], [-59.045029, -34.502768], [-59.044959, -34.502859], [-59.044906, -34.502929], [-59.044835, -34.503021], [-59.044765, -34.503114], [-59.044698, -34.503202], [-59.044645, -34.503272], [-59.04458, -34.503356], [-59.044522, -34.503433], [-59.044452, -34.503526], [-59.044382, -34.503619], [-59.044318, -34.503714], [-59.044259, -34.503812], [-59.044202, -34.50391], [-59.044175, -34.503956], [-59.044118, -34.504054], [-59.044061, -34.504153], [-59.044008, -34.504245], [-59.043951, -34.504344], [-59.043896, -34.504442], [-59.043849, -34.504525], [-59.043793, -34.504623], [-59.043736, -34.504722], [-59.043692, -34.5048], [-59.043648, -34.504875], [-59.043596, -34.504967], [-59.043543, -34.50506], [-59.043487, -34.505158], [-59.04343, -34.505257], [-59.043374, -34.505356], [-59.043318, -34.505454], [-59.043262, -34.505553], [-59.043206, -34.505651], [-59.04315, -34.505749], [-59.043102, -34.505835], [-59.043046, -34.505933], [-59.042991, -34.506032], [-59.042935, -34.506131], [-59.04288, -34.50623], [-59.042826, -34.506328], [-59.042771, -34.506427], [-59.042716, -34.506526], [-59.042668, -34.506614], [-59.042624, -34.506694], [-59.042571, -34.506791], [-59.042516, -34.50689], [-59.042474, -34.506967], [-59.042419, -34.507066], [-59.042364, -34.507164], [-59.042308, -34.507264], [-59.042257, -34.507354], [-59.042201, -34.507453], [-59.042153, -34.507536], [-59.042095, -34.507634], [-59.042038, -34.507733], [-59.04198, -34.507831], [-59.041922, -34.50793], [-59.041909, -34.507953], [-59.041892, -34.507981], [-59.041884, -34.507995], [-59.041868, -34.508021], [-59.041863, -34.50803], [-59.041807, -34.508127], [-59.041757, -34.508212], [-59.0417, -34.50831], [-59.041658, -34.508383], [-59.041601, -34.508482], [-59.041548, -34.508574], [-59.041491, -34.508672], [-59.041443, -34.508756], [-59.041386, -34.508855], [-59.041343, -34.508929], [-59.041294, -34.509015], [-59.041236, -34.509113], [-59.04119, -34.509193], [-59.041146, -34.509269], [-59.041097, -34.509353], [-59.041055, -34.509426], [-59.040997, -34.509523], [-59.04094, -34.509622], [-59.040885, -34.509716], [-59.040829, -34.509813], [-59.040771, -34.509912], [-59.040729, -34.509986], [-59.040688, -34.510056], [-59.040645, -34.510131], [-59.040588, -34.510229], [-59.040547, -34.510299], [-59.040489, -34.510398], [-59.040444, -34.510474], [-59.040387, -34.510573], [-59.040343, -34.510649], [-59.040299, -34.510725], [-59.040243, -34.510823], [-59.040187, -34.510919], [-59.040142, -34.510998], [-59.040085, -34.511096], [-59.040043, -34.51117], [-59.039986, -34.511268], [-59.039944, -34.511341], [-59.039886, -34.51144], [-59.039845, -34.511512], [-59.039787, -34.51161], [-59.03973, -34.511708], [-59.039678, -34.511808], [-59.039628, -34.511908], [-59.039577, -34.512009], [-59.039526, -34.512109], [-59.039475, -34.512209], [-59.039424, -34.51231], [-59.039377, -34.512404], [-59.039325, -34.512504], [-59.039272, -34.512604], [-59.039218, -34.512703], [-59.039171, -34.512786], [-59.03913, -34.512858], [-59.039073, -34.512956], [-59.03903, -34.513029], [-59.038972, -34.513127], [-59.038927, -34.513202], [-59.038868, -34.5133], [-59.038809, -34.513398], [-59.038749, -34.513496], [-59.038699, -34.513577], [-59.038653, -34.513653], [-59.038607, -34.513729], [-59.038565, -34.513798], [-59.038518, -34.513876], [-59.038462, -34.513971], [-59.038412, -34.514055], [-59.038369, -34.514127], [-59.038311, -34.514225], [-59.038252, -34.514323], [-59.038207, -34.514398], [-59.038148, -34.514497], [-59.038088, -34.514594], [-59.038032, -34.514688], [-59.037973, -34.514785], [-59.037914, -34.514882], [-59.037857, -34.514981], [-59.037818, -34.515085], [-59.037787, -34.515192], [-59.037756, -34.515297], [-59.03773, -34.515386], [-59.037701, -34.515487], [-59.037675, -34.515576], [-59.037645, -34.515682], [-59.037616, -34.515781], [-59.03759, -34.515873], [-59.03756, -34.51598], [-59.037529, -34.516085], [-59.037498, -34.516192], [-59.037468, -34.516299], [-59.037437, -34.516405], [-59.037407, -34.516511], [-59.037376, -34.516617], [-59.037345, -34.516724], [-59.037314, -34.516831], [-59.037284, -34.516937], [-59.03726, -34.517044], [-59.037253, -34.517141], [-59.037249, -34.51725], [-59.037247, -34.517359], [-59.037246, -34.517468], [-59.037245, -34.517577], [-59.037244, -34.517686], [-59.037244, -34.517795], [-59.037244, -34.517904], [-59.037244, -34.518013], [-59.037243, -34.518121], [-59.037243, -34.518224], [-59.037243, -34.518309], [-59.037242, -34.518418], [-59.037241, -34.518528], [-59.03724, -34.518637], [-59.037238, -34.518746], [-59.037237, -34.51885], [-59.037235, -34.518958], [-59.037233, -34.519067], [-59.037231, -34.519161], [-59.037229, -34.519256], [-59.037226, -34.519366], [-59.037224, -34.519475], [-59.037222, -34.519563], [-59.03722, -34.519652], [-59.037218, -34.519762], [-59.037215, -34.519871], [-59.037211, -34.51998], [-59.037205, -34.520087], [-59.037198, -34.52019], [-59.037194, -34.520289], [-59.037191, -34.520341], [-59.037189, -34.520392], [-59.037187, -34.520441], [-59.037185, -34.520489], [-59.037183, -34.520541], [-59.037181, -34.520592], [-59.037179, -34.520646], [-59.037178, -34.520699], [-59.037176, -34.520751], [-59.037174, -34.520804], [-59.037171, -34.520886], [-59.037169, -34.520993], [-59.037168, -34.521083], [-59.037167, -34.521192], [-59.037167, -34.521302], [-59.037164, -34.52141], [-59.037163, -34.521478], [-59.037161, -34.521522], [-59.037156, -34.521631], [-59.037151, -34.521741], [-59.037146, -34.521848], [-59.03714, -34.521958], [-59.037136, -34.522067], [-59.037134, -34.522176], [-59.037132, -34.522285], [-59.03713, -34.522394], [-59.037128, -34.522495], [-59.037126, -34.522604], [-59.037123, -34.522714], [-59.03712, -34.522822], [-59.037117, -34.522907], [-59.037114, -34.523012], [-59.037111, -34.523101], [-59.037108, -34.523211], [-59.037104, -34.523313], [-59.037101, -34.523423], [-59.037098, -34.523532], [-59.037095, -34.523641], [-59.037093, -34.523729], [-59.03709, -34.523819], [-59.037086, -34.523928], [-59.037083, -34.524037], [-59.03708, -34.524147], [-59.037076, -34.524256], [-59.037072, -34.524364], [-59.037068, -34.524473], [-59.037063, -34.524579], [-59.037057, -34.524687], [-59.037051, -34.524796], [-59.037045, -34.524905], [-59.037039, -34.525014], [-59.037033, -34.525122], [-59.037027, -34.525231], [-59.037022, -34.525332], [-59.037017, -34.52543], [-59.037012, -34.525534], [-59.037006, -34.525644], [-59.037001, -34.525754], [-59.036996, -34.525856], [-59.036992, -34.525965], [-59.036986, -34.526074], [-59.036981, -34.526183], [-59.036975, -34.526291], [-59.03697, -34.526381], [-59.036965, -34.526488], [-59.03696, -34.526587], [-59.036954, -34.526696], [-59.036948, -34.526805], [-59.036943, -34.526912], [-59.036938, -34.527021], [-59.036933, -34.52713], [-59.036928, -34.527238], [-59.036923, -34.527347], [-59.036918, -34.527451], [-59.036912, -34.527561], [-59.036907, -34.52767], [-59.036902, -34.527779], [-59.036897, -34.527889], [-59.036891, -34.527998], [-59.036887, -34.528107], [-59.036882, -34.528215], [-59.036878, -34.528324], [-59.036875, -34.5284], [-59.036871, -34.528508], [-59.036869, -34.528586], [-59.036866, -34.52868], [-59.036863, -34.528789], [-59.03686, -34.528885], [-59.036857, -34.528993], [-59.036854, -34.529102], [-59.036851, -34.529208], [-59.036847, -34.529317], [-59.036844, -34.529426], [-59.036841, -34.529529], [-59.036837, -34.529638], [-59.036834, -34.529747], [-59.03683, -34.529856], [-59.036828, -34.529943], [-59.036825, -34.530052], [-59.036822, -34.530144], [-59.036819, -34.530231], [-59.036817, -34.530306], [-59.036814, -34.530392], [-59.03681, -34.530499], [-59.036806, -34.530607], [-59.036803, -34.530716], [-59.0368, -34.530825], [-59.036797, -34.530934], [-59.036794, -34.531042], [-59.036791, -34.53113], [-59.036788, -34.531238], [-59.036787, -34.531273], [-59.036784, -34.531375], [-59.036781, -34.531484], [-59.036777, -34.531593], [-59.036774, -34.531703], [-59.036771, -34.531812], [-59.036768, -34.531921], [-59.036764, -34.53203], [-59.036761, -34.532123], [-59.036758, -34.532216], [-59.036754, -34.532312], [-59.036751, -34.532407], [-59.036748, -34.532516], [-59.036744, -34.532626], [-59.036741, -34.532735], [-59.036738, -34.532839], [-59.036735, -34.532948], [-59.036732, -34.533051], [-59.036729, -34.533154], [-59.036726, -34.533232], [-59.036723, -34.533341], [-59.03672, -34.533426], [-59.036716, -34.533534], [-59.036712, -34.533612], [-59.036709, -34.533721], [-59.036706, -34.533804], [-59.036702, -34.533913], [-59.0367, -34.534022], [-59.036697, -34.534118], [-59.036694, -34.534227], [-59.036691, -34.534337], [-59.036688, -34.534446], [-59.036684, -34.534556], [-59.036681, -34.534665], [-59.036677, -34.534774], [-59.036674, -34.534883], [-59.036671, -34.534992], [-59.036667, -34.535101], [-59.036664, -34.535211], [-59.03666, -34.53532], [-59.036657, -34.535421], [-59.036653, -34.53553], [-59.03665, -34.535612], [-59.036646, -34.53572], [-59.036643, -34.53583], [-59.03664, -34.535939], [-59.036637, -34.53603], [-59.036633, -34.536139], [-59.03663, -34.536248], [-59.036628, -34.536327], [-59.036625, -34.536436], [-59.036621, -34.536545], [-59.036618, -34.536654], [-59.036615, -34.536752], [-59.036612, -34.536862], [-59.036609, -34.536971], [-59.036606, -34.53708], [-59.036603, -34.537189], [-59.0366, -34.537284], [-59.036597, -34.537393], [-59.036593, -34.537502], [-59.03659, -34.537611], [-59.036587, -34.53772], [-59.036584, -34.537816], [-59.036582, -34.537904], [-59.036579, -34.538013], [-59.036577, -34.538122], [-59.036574, -34.538231], [-59.036572, -34.538341], [-59.03657, -34.53845], [-59.036568, -34.538553], [-59.036567, -34.538662], [-59.036565, -34.538772], [-59.036563, -34.538881], [-59.036562, -34.538991], [-59.03656, -34.539066], [-59.036557, -34.539174], [-59.036554, -34.539275], [-59.036552, -34.539367], [-59.03655, -34.539462], [-59.036547, -34.539569], [-59.036545, -34.539678], [-59.036543, -34.539787], [-59.036541, -34.539895], [-59.036539, -34.540004], [-59.036537, -34.540113], [-59.036535, -34.540222], [-59.036533, -34.540331], [-59.036532, -34.540412], [-59.03653, -34.540496], [-59.036529, -34.540575], [-59.036527, -34.540659], [-59.036526, -34.540769], [-59.036524, -34.540858], [-59.036522, -34.540962], [-59.03652, -34.541059], [-59.036518, -34.541168], [-59.036516, -34.541259], [-59.036515, -34.541368], [-59.036515, -34.541459], [-59.036514, -34.541566], [-59.036513, -34.541653], [-59.036511, -34.541763], [-59.036508, -34.541872], [-59.036505, -34.541935], [-59.0365, -34.542041], [-59.036495, -34.54215], [-59.03649, -34.542259], [-59.036483, -34.542368], [-59.036479, -34.542455], [-59.036473, -34.542564], [-59.036468, -34.542651], [-59.036464, -34.542743], [-59.036459, -34.542853], [-59.036454, -34.542961], [-59.03645, -34.543042], [-59.036445, -34.543151], [-59.036441, -34.543231], [-59.036435, -34.54334], [-59.036429, -34.543449], [-59.036423, -34.543554], [-59.036418, -34.543663], [-59.036412, -34.543771], [-59.036407, -34.543881], [-59.036402, -34.543978], [-59.036397, -34.544071], [-59.036391, -34.544177], [-59.036386, -34.54428], [-59.03638, -34.544389], [-59.036375, -34.544498], [-59.03637, -34.544607], [-59.036365, -34.544716], [-59.036362, -34.544825], [-59.036358, -34.544933], [-59.036355, -34.545042], [-59.036352, -34.545144], [-59.036349, -34.545253], [-59.036347, -34.545344], [-59.036344, -34.545447], [-59.036342, -34.54553], [-59.036339, -34.545639], [-59.036337, -34.545716], [-59.036334, -34.545825], [-59.036331, -34.545902], [-59.036328, -34.546002], [-59.036325, -34.546076], [-59.036321, -34.546185], [-59.036318, -34.546294], [-59.036314, -34.546403], [-59.036311, -34.546512], [-59.036308, -34.546621], [-59.036305, -34.546731], [-59.036302, -34.54684], [-59.036299, -34.546947], [-59.036296, -34.547045], [-59.036293, -34.547155], [-59.03629, -34.547264], [-59.036288, -34.54736], [-59.036284, -34.547469], [-59.036281, -34.547562], [-59.036277, -34.547672], [-59.036274, -34.547763], [-59.03627, -34.547859], [-59.036267, -34.547966], [-59.036265, -34.548075], [-59.036262, -34.548184], [-59.036259, -34.548294], [-59.036257, -34.548401], [-59.036255, -34.54851], [-59.036252, -34.548603], [-59.036249, -34.548712], [-59.036246, -34.548807], [-59.036242, -34.548916], [-59.036238, -34.549025], [-59.036234, -34.549134], [-59.036231, -34.549243], [-59.036228, -34.549352], [-59.036226, -34.549447], [-59.036224, -34.549556], [-59.036223, -34.549665], [-59.036222, -34.549773], [-59.036221, -34.549882], [-59.036221, -34.54999], [-59.03622, -34.550099], [-59.03622, -34.550208], [-59.036219, -34.550304], [-59.036219, -34.550411], [-59.036219, -34.550488], [-59.036219, -34.550596], [-59.036219, -34.550684], [-59.036218, -34.550794], [-59.036218, -34.55088], [-59.036218, -34.55099], [-59.036217, -34.5511], [-59.036216, -34.55121], [-59.036214, -34.551298], [-59.036211, -34.551406], [-59.036208, -34.551515], [-59.036205, -34.551624], [-59.036201, -34.551733], [-59.036198, -34.551839], [-59.036195, -34.551948], [-59.036192, -34.552057], [-59.036189, -34.552164], [-59.036185, -34.552274], [-59.036182, -34.55237], [-59.036178, -34.552479], [-59.036174, -34.552582], [-59.036169, -34.552691], [-59.036163, -34.552799], [-59.036158, -34.552907], [-59.036152, -34.553016], [-59.036145, -34.553125], [-59.036139, -34.553234], [-59.036135, -34.553307], [-59.036129, -34.553415], [-59.036124, -34.553522], [-59.036118, -34.553631], [-59.036113, -34.553739], [-59.036107, -34.553848], [-59.036101, -34.553952], [-59.036095, -34.554054], [-59.036088, -34.554162], [-59.036081, -34.554271], [-59.036075, -34.554354], [-59.036069, -34.554462], [-59.036064, -34.554547], [-59.03606, -34.554656], [-59.036061, -34.554745], [-59.036065, -34.554854], [-59.036069, -34.554964], [-59.036072, -34.55507], [-59.036075, -34.555179], [-59.036076, -34.555245], [-59.036073, -34.555326], [-59.036057, -34.555434], [-59.03605, -34.555543], [-59.036062, -34.555651], [-59.036084, -34.555759], [-59.036097, -34.555867], [-59.036097, -34.555874], [-59.036101, -34.555983], [-59.036106, -34.556075], [-59.036111, -34.556184], [-59.036117, -34.556292], [-59.036122, -34.556401], [-59.036126, -34.556488], [-59.036132, -34.556591], [-59.036136, -34.556673], [-59.036142, -34.556773], [-59.036147, -34.556883], [-59.036153, -34.556992], [-59.036159, -34.5571], [-59.036165, -34.557204], [-59.036171, -34.557313], [-59.036178, -34.557421], [-59.036183, -34.557506], [-59.036188, -34.557597], [-59.036192, -34.557671], [-59.036198, -34.557773], [-59.036203, -34.557864], [-59.036207, -34.557954], [-59.036211, -34.558063], [-59.036214, -34.558172], [-59.036216, -34.558281], [-59.036217, -34.55839], [-59.036218, -34.558468], [-59.036218, -34.558577], [-59.036219, -34.558654], [-59.03622, -34.558757], [-59.03622, -34.558853], [-59.03622, -34.558963], [-59.036221, -34.559047], [-59.036222, -34.559156], [-59.036223, -34.559264], [-59.036224, -34.559359], [-59.036226, -34.559454], [-59.036227, -34.559545], [-59.036229, -34.559654], [-59.03623, -34.559741], [-59.036231, -34.559838], [-59.036232, -34.559941], [-59.036233, -34.56005], [-59.036233, -34.560146], [-59.036234, -34.560254], [-59.036235, -34.560354], [-59.036236, -34.560462], [-59.036238, -34.560553], [-59.03624, -34.560644], [-59.036242, -34.560724], [-59.036246, -34.560832], [-59.036249, -34.560942], [-59.036253, -34.561046], [-59.036257, -34.561155], [-59.036261, -34.561264], [-59.036265, -34.561373], [-59.036267, -34.561463], [-59.036271, -34.561571], [-59.036274, -34.56168], [-59.036277, -34.561761], [-59.03628, -34.561868], [-59.036283, -34.561977], [-59.036286, -34.562086], [-59.03629, -34.562195], [-59.036293, -34.562303], [-59.036297, -34.562412], [-59.036301, -34.562522], [-59.036304, -34.562628], [-59.036307, -34.562738], [-59.03631, -34.562844], [-59.036313, -34.562952], [-59.036316, -34.563043], [-59.036319, -34.563138], [-59.036323, -34.563236], [-59.036326, -34.563339], [-59.036329, -34.563448], [-59.036332, -34.563539], [-59.036336, -34.563648], [-59.036339, -34.563756], [-59.036342, -34.563844], [-59.036346, -34.563953], [-59.036348, -34.564063], [-59.036352, -34.564172], [-59.036355, -34.564281], [-59.036359, -34.56439], [-59.036362, -34.564498], [-59.036366, -34.564607], [-59.036369, -34.564709], [-59.036373, -34.564815], [-59.036376, -34.564908], [-59.03638, -34.565015], [-59.036384, -34.565111], [-59.036388, -34.56522], [-59.036391, -34.565329], [-59.036394, -34.565438], [-59.036397, -34.565541], [-59.0364, -34.565623], [-59.036403, -34.565732], [-59.036405, -34.565841], [-59.036408, -34.565921], [-59.036411, -34.566029], [-59.036414, -34.566135], [-59.036417, -34.566245], [-59.03642, -34.566329], [-59.036424, -34.566437], [-59.036428, -34.566547], [-59.036431, -34.566633], [-59.036435, -34.566742], [-59.036438, -34.566834], [-59.036442, -34.566943], [-59.036446, -34.567053], [-59.036449, -34.567137], [-59.036453, -34.567246], [-59.036457, -34.567349], [-59.03646, -34.567458], [-59.036463, -34.567567], [-59.036467, -34.567669], [-59.036469, -34.567748], [-59.036472, -34.567857], [-59.036475, -34.567942], [-59.036478, -34.56805], [-59.036482, -34.568159], [-59.036486, -34.568268], [-59.036489, -34.568376], [-59.036493, -34.568485], [-59.036497, -34.568595], [-59.0365, -34.568678], [-59.036504, -34.568787], [-59.036507, -34.568875], [-59.036511, -34.568976], [-59.036514, -34.569086], [-59.036518, -34.569178], [-59.036521, -34.569286], [-59.036525, -34.569384], [-59.036528, -34.569492], [-59.036532, -34.569601], [-59.036535, -34.569709], [-59.036538, -34.569784], [-59.036542, -34.569893], [-59.036545, -34.569974], [-59.03655, -34.570083], [-59.036554, -34.570192], [-59.036557, -34.570295], [-59.036559, -34.570387], [-59.036561, -34.570497], [-59.036554, -34.570589], [-59.036539, -34.570697], [-59.036528, -34.57078], [-59.036512, -34.570888], [-59.036496, -34.57099], [-59.036482, -34.571072], [-59.036452, -34.571179], [-59.036414, -34.571277], [-59.036378, -34.571374], [-59.036339, -34.571478], [-59.0363, -34.571579], [-59.036251, -34.571681], [-59.036185, -34.571776], [-59.036139, -34.571838], [-59.036071, -34.571928], [-59.036, -34.572021], [-59.035941, -34.572096], [-59.035902, -34.572142], [-59.035865, -34.572185], [-59.035829, -34.572229], [-59.035793, -34.572273], [-59.03576, -34.572314], [-59.035697, -34.57241], [-59.035669, -34.572481], [-59.035638, -34.572587], [-59.035631, -34.572695], [-59.035631, -34.572803], [-59.035632, -34.572893], [-59.035632, -34.572988], [-59.035633, -34.573096], [-59.035634, -34.573205], [-59.035634, -34.573282], [-59.035635, -34.573381], [-59.035635, -34.573491], [-59.035636, -34.5736], [-59.035636, -34.573704], [-59.035637, -34.573813], [-59.035639, -34.573922], [-59.03564, -34.574032], [-59.035642, -34.574141], [-59.035643, -34.574249], [-59.035644, -34.574358], [-59.035645, -34.574466], [-59.035646, -34.574566], [-59.035647, -34.574656], [-59.035649, -34.574766], [-59.035651, -34.574858], [-59.035654, -34.574964], [-59.035659, -34.575073], [-59.035664, -34.575181], [-59.035671, -34.575189], [-59.035769, -34.575263], [-59.035867, -34.575335], [-59.035965, -34.575407], [-59.036055, -34.575475], [-59.036099, -34.575507], [-59.03617, -34.575563], [-59.036254, -34.575648], [-59.036309, -34.575709], [-59.036387, -34.575796], [-59.036458, -34.575877], [-59.036528, -34.575955], [-59.036595, -34.576042], [-59.036641, -34.576139], [-59.03668, -34.576243], [-59.036709, -34.57632], [-59.036738, -34.576403], [-59.036773, -34.576508], [-59.036794, -34.576594], [-59.036803, -34.576702], [-59.036803, -34.576803], [-59.036803, -34.576913], [-59.036803, -34.577011], [-59.036805, -34.577087], [-59.036808, -34.577195], [-59.03681, -34.577266], [-59.036813, -34.577375], [-59.036817, -34.577478], [-59.03682, -34.577587], [-59.036824, -34.577696], [-59.036827, -34.577805], [-59.036831, -34.577914], [-59.036834, -34.578024], [-59.036836, -34.578118], [-59.036839, -34.578228], [-59.036841, -34.578309], [-59.036843, -34.578399], [-59.036845, -34.578507], [-59.036848, -34.578616], [-59.036852, -34.578724], [-59.036855, -34.578833], [-59.036858, -34.578942], [-59.036861, -34.579026], [-59.036864, -34.579134], [-59.036866, -34.579208], [-59.036869, -34.579316], [-59.036873, -34.579425], [-59.036875, -34.579523], [-59.036878, -34.579616], [-59.036882, -34.57972], [-59.036886, -34.579829], [-59.03689, -34.579937], [-59.036894, -34.580013], [-59.036898, -34.580123], [-59.036902, -34.580196], [-59.036907, -34.580306], [-59.036912, -34.580414], [-59.036917, -34.580523], [-59.036922, -34.580608], [-59.036927, -34.580717], [-59.036932, -34.580826], [-59.036938, -34.580936], [-59.036942, -34.581039], [-59.036946, -34.581113], [-59.03695, -34.581202], [-59.036953, -34.581282], [-59.036958, -34.58139], [-59.036962, -34.581484], [-59.036966, -34.581566], [-59.036972, -34.581675], [-59.036978, -34.581784], [-59.036982, -34.581881], [-59.036984, -34.581959], [-59.036986, -34.582051], [-59.036988, -34.582159], [-59.036989, -34.582238], [-59.036989, -34.582326], [-59.03699, -34.582435], [-59.03699, -34.582526], [-59.03699, -34.582625], [-59.03699, -34.582734], [-59.036991, -34.582843], [-59.036993, -34.582934], [-59.036994, -34.583043], [-59.036995, -34.58313], [-59.036996, -34.583239], [-59.036996, -34.583349], [-59.036996, -34.583458], [-59.036995, -34.583563], [-59.036995, -34.583672], [-59.036996, -34.583782], [-59.036997, -34.583891], [-59.036998, -34.583973], [-59.036999, -34.584058], [-59.037001, -34.584167], [-59.037003, -34.584245], [-59.037007, -34.584354], [-59.037009, -34.584447], [-59.037012, -34.584521], [-59.037015, -34.584629], [-59.037018, -34.58472], [-59.037021, -34.584829], [-59.037024, -34.584938], [-59.037027, -34.585028], [-59.03703, -34.585104], [-59.037033, -34.585197], [-59.037036, -34.585293], [-59.037039, -34.585402], [-59.037042, -34.585511], [-59.037044, -34.58561], [-59.037046, -34.585706], [-59.037048, -34.585816], [-59.037047, -34.585926], [-59.037033, -34.586035], [-59.037017, -34.586144], [-59.037002, -34.586234], [-59.036971, -34.58634], [-59.036931, -34.586433], [-59.036893, -34.586523], [-59.036838, -34.586623], [-59.036774, -34.586717], [-59.03671, -34.586812], [-59.036637, -34.586904], [-59.036559, -34.586991], [-59.03648, -34.587079], [-59.036425, -34.587142], [-59.036347, -34.587229], [-59.036269, -34.587316], [-59.03619, -34.587405], [-59.036113, -34.587492], [-59.036035, -34.58758], [-59.035963, -34.58766], [-59.035899, -34.587733], [-59.035819, -34.58782], [-59.035741, -34.587904], [-59.03566, -34.587991], [-59.03558, -34.588078], [-59.035502, -34.588162], [-59.035432, -34.588237], [-59.03535, -34.588323], [-59.035267, -34.588408], [-59.035198, -34.588478], [-59.03515, -34.588526], [-59.035066, -34.588601], [-59.03498, -34.588658], [-59.03488, -34.588718], [-59.034774, -34.588783], [-59.034692, -34.588829], [-59.034578, -34.588883], [-59.034469, -34.588929], [-59.03435, -34.588977], [-59.034228, -34.589019], [-59.034106, -34.589058], [-59.033985, -34.589096], [-59.033861, -34.589133], [-59.033777, -34.589157], [-59.033652, -34.589192], [-59.033564, -34.589215], [-59.033443, -34.589248], [-59.033331, -34.589277], [-59.033207, -34.589312], [-59.033114, -34.589339], [-59.032989, -34.589374], [-59.032875, -34.589405], [-59.032756, -34.589437], [-59.032631, -34.589471], [-59.032506, -34.589507], [-59.032382, -34.589542], [-59.032257, -34.589578], [-59.032143, -34.589611], [-59.032017, -34.589647], [-59.031889, -34.589679], [-59.031762, -34.589708], [-59.031634, -34.589738], [-59.031511, -34.589767], [-59.03139, -34.589795], [-59.031263, -34.589824], [-59.03116, -34.589848], [-59.031033, -34.589877], [-59.030906, -34.589906], [-59.030787, -34.589933], [-59.03066, -34.589962], [-59.030533, -34.589992], [-59.030406, -34.590021], [-59.030279, -34.590051], [-59.030171, -34.590075], [-59.030135, -34.590084], [-59.030042, -34.590104], [-59.02994, -34.590127], [-59.029816, -34.590165], [-59.029699, -34.59022], [-59.029585, -34.590274], [-59.029471, -34.59033], [-59.029356, -34.590384], [-59.02926, -34.590427], [-59.029153, -34.590472], [-59.029031, -34.590516], [-59.028929, -34.590543], [-59.028801, -34.590572], [-59.028673, -34.590601], [-59.028548, -34.59063], [-59.028419, -34.59066], [-59.028291, -34.590689], [-59.028163, -34.590719], [-59.028037, -34.590748], [-59.027908, -34.590777], [-59.02778, -34.590806], [-59.027685, -34.590829], [-59.027558, -34.590862], [-59.027459, -34.590886], [-59.027343, -34.590912], [-59.027218, -34.59094], [-59.027091, -34.590969], [-59.026984, -34.590994], [-59.026857, -34.591023], [-59.026732, -34.591051], [-59.026605, -34.59108], [-59.026487, -34.591106], [-59.026373, -34.591132], [-59.026246, -34.59116], [-59.026117, -34.591189], [-59.026, -34.591215], [-59.025872, -34.591244], [-59.025744, -34.591273], [-59.025631, -34.591298], [-59.025504, -34.591327], [-59.025398, -34.591352], [-59.02527, -34.591381], [-59.025142, -34.591411], [-59.025014, -34.59144], [-59.0249, -34.591466], [-59.024873, -34.591473], [-59.024868, -34.59149], [-59.024898, -34.591578], [-59.024927, -34.591663], [-59.024963, -34.591767], [-59.024973, -34.591799], [-59.024997, -34.591871], [-59.025028, -34.591963], [-59.025061, -34.592063], [-59.025097, -34.592168], [-59.025127, -34.592257], [-59.025161, -34.592363], [-59.025195, -34.592468], [-59.025229, -34.592573], [-59.025263, -34.592677], [-59.025297, -34.592778], [-59.02533, -34.592877], [-59.025353, -34.592946], [-59.025388, -34.593051], [-59.025422, -34.593152], [-59.025458, -34.593258], [-59.025486, -34.593343], [-59.025522, -34.593449], [-59.025557, -34.593554], [-59.025593, -34.59366], [-59.025628, -34.593766], [-59.025664, -34.593871], [-59.025699, -34.593977], [-59.025734, -34.594083], [-59.02577, -34.594189], [-59.025807, -34.594295], [-59.025843, -34.5944], [-59.02588, -34.594506], [-59.025906, -34.594581], [-59.025942, -34.594686], [-59.025974, -34.594779], [-59.026006, -34.594873], [-59.026033, -34.594951], [-59.026069, -34.595056], [-59.026105, -34.595162], [-59.026139, -34.595268], [-59.026173, -34.595375], [-59.026203, -34.595465], [-59.026238, -34.595572], [-59.026272, -34.595677], [-59.0263, -34.595761], [-59.026336, -34.595866], [-59.026372, -34.595971], [-59.026408, -34.596077], [-59.026441, -34.596174], [-59.026476, -34.596279], [-59.026508, -34.596372], [-59.026533, -34.596446], [-59.026558, -34.596521], [-59.026587, -34.596607], [-59.026623, -34.596712], [-59.026654, -34.596805], [-59.026689, -34.59691], [-59.026716, -34.596991], [-59.026744, -34.597073], [-59.026775, -34.597165], [-59.026802, -34.597244], [-59.026834, -34.597339], [-59.026861, -34.597418], [-59.026897, -34.597524], [-59.026924, -34.597605], [-59.026955, -34.597696], [-59.026989, -34.597794], [-59.027024, -34.597899], [-59.027055, -34.597989], [-59.027078, -34.598059], [-59.027103, -34.598132], [-59.027131, -34.598216], [-59.027156, -34.598291], [-59.027185, -34.598377], [-59.027222, -34.598481], [-59.027256, -34.598574], [-59.027293, -34.598678], [-59.027324, -34.598764], [-59.027361, -34.598868], [-59.027399, -34.598973], [-59.027436, -34.599077], [-59.027471, -34.599176], [-59.027509, -34.59928], [-59.027546, -34.599384], [-59.027583, -34.599486], [-59.027621, -34.599591], [-59.027656, -34.599691], [-59.027693, -34.599795], [-59.027731, -34.5999], [-59.027767, -34.600005], [-59.027805, -34.600109], [-59.027843, -34.600214], [-59.02788, -34.600317], [-59.027908, -34.600393], [-59.027946, -34.600498], [-59.027984, -34.600601], [-59.028022, -34.600705], [-59.028061, -34.600809], [-59.028093, -34.600899], [-59.028131, -34.601003], [-59.028168, -34.601107], [-59.028193, -34.60118], [-59.02823, -34.601284], [-59.028267, -34.601389], [-59.028303, -34.601494], [-59.02834, -34.601598], [-59.028377, -34.601703], [-59.028414, -34.601807], [-59.028442, -34.601884], [-59.02848, -34.601988], [-59.028516, -34.602092], [-59.028548, -34.602193], [-59.028563, -34.602287], [-59.028563, -34.602395], [-59.02855, -34.602504], [-59.028525, -34.602611], [-59.028508, -34.602704], [-59.02849, -34.602805], [-59.028473, -34.602913], [-59.028457, -34.603016], [-59.02844, -34.603124], [-59.028426, -34.603206], [-59.028412, -34.603294], [-59.028398, -34.603381], [-59.028381, -34.603488], [-59.028366, -34.603577], [-59.028359, -34.603625], [-59.028341, -34.603732], [-59.028324, -34.60384], [-59.028306, -34.603948], [-59.028291, -34.604044], [-59.028273, -34.604152], [-59.028259, -34.604239], [-59.028241, -34.604347], [-59.028224, -34.604455], [-59.028206, -34.604561], [-59.028188, -34.604669], [-59.028171, -34.604774], [-59.028152, -34.604882], [-59.028134, -34.60499], [-59.028115, -34.605098], [-59.028102, -34.605172], [-59.028083, -34.60528], [-59.028065, -34.605383], [-59.028047, -34.605491], [-59.028029, -34.605595], [-59.028011, -34.605698], [-59.027985, -34.605805], [-59.027937, -34.605906], [-59.027861, -34.605995], [-59.027774, -34.606076], [-59.027684, -34.606155], [-59.02761, -34.606218], [-59.027523, -34.606292], [-59.027432, -34.606371], [-59.027339, -34.60645], [-59.027265, -34.606514], [-59.027173, -34.606593], [-59.027101, -34.606655], [-59.02701, -34.606733], [-59.026919, -34.606811], [-59.026832, -34.606885], [-59.02674, -34.606963], [-59.026662, -34.60703], [-59.026571, -34.607108], [-59.026511, -34.607158], [-59.02642, -34.607236], [-59.026329, -34.607315], [-59.026238, -34.607393], [-59.026147, -34.607471], [-59.026055, -34.607549], [-59.025964, -34.607628], [-59.025873, -34.607706], [-59.025782, -34.607784], [-59.02569, -34.607863], [-59.025622, -34.607921], [-59.02553, -34.608], [-59.025443, -34.608074], [-59.025355, -34.608148], [-59.025263, -34.608227], [-59.025171, -34.608305], [-59.025079, -34.608384], [-59.025011, -34.608443], [-59.024919, -34.608522], [-59.024827, -34.6086], [-59.024735, -34.608678], [-59.024644, -34.608757], [-59.024554, -34.608835], [-59.024463, -34.608913], [-59.024371, -34.608992], [-59.02428, -34.60907], [-59.024188, -34.609148], [-59.024096, -34.609226], [-59.024005, -34.609303], [-59.023914, -34.609382], [-59.023844, -34.609441], [-59.023753, -34.609519], [-59.023666, -34.609593], [-59.023575, -34.609671], [-59.023488, -34.609746], [-59.023396, -34.609825], [-59.023304, -34.609904], [-59.023235, -34.609963], [-59.023144, -34.610042], [-59.023055, -34.610118], [-59.022963, -34.610196], [-59.022876, -34.61027], [-59.022785, -34.610348], [-59.022693, -34.610426], [-59.022602, -34.610504], [-59.02251, -34.610582], [-59.022418, -34.61066], [-59.022327, -34.610738], [-59.022235, -34.610816], [-59.022143, -34.610894], [-59.022067, -34.610959], [-59.021975, -34.611038], [-59.021884, -34.611115], [-59.021794, -34.611192], [-59.021702, -34.61127], [-59.02161, -34.611349], [-59.021526, -34.61142], [-59.021445, -34.611488], [-59.021354, -34.611566], [-59.021263, -34.611644], [-59.021179, -34.611716], [-59.021087, -34.611795], [-59.020996, -34.611873], [-59.020906, -34.61195], [-59.02082, -34.612025], [-59.020728, -34.612104], [-59.020636, -34.612183], [-59.020544, -34.612262], [-59.020454, -34.612341], [-59.020362, -34.612419], [-59.020271, -34.612498], [-59.020179, -34.612576], [-59.020088, -34.612654], [-59.019996, -34.612733], [-59.019905, -34.612811], [-59.019814, -34.612888], [-59.019722, -34.612967], [-59.019656, -34.613023], [-59.019564, -34.613102], [-59.019473, -34.61318], [-59.01938, -34.61326], [-59.01929, -34.613337], [-59.019198, -34.613415], [-59.019106, -34.613494], [-59.019014, -34.613573], [-59.018921, -34.613652], [-59.018829, -34.61373], [-59.018737, -34.613809], [-59.018646, -34.613887], [-59.018554, -34.613965], [-59.018466, -34.61404], [-59.018395, -34.614101], [-59.018303, -34.614179], [-59.018222, -34.614248], [-59.01813, -34.614327], [-59.018039, -34.614405], [-59.017947, -34.614484], [-59.017856, -34.614562], [-59.017767, -34.614638], [-59.017698, -34.614697], [-59.017607, -34.614775], [-59.017538, -34.614833], [-59.017446, -34.614912], [-59.017415, -34.614937], [-59.017323, -34.615016], [-59.017231, -34.615094], [-59.01714, -34.615173], [-59.017048, -34.615252], [-59.016964, -34.615323], [-59.016881, -34.615395], [-59.016789, -34.615473], [-59.016721, -34.615531], [-59.01664, -34.6156], [-59.016549, -34.615678], [-59.016456, -34.615757], [-59.016365, -34.615835], [-59.016273, -34.615913], [-59.016187, -34.615987], [-59.016095, -34.616065], [-59.016003, -34.616143], [-59.015911, -34.616221], [-59.015819, -34.6163], [-59.015728, -34.616377], [-59.015636, -34.616456], [-59.015544, -34.616534], [-59.015453, -34.616612], [-59.015366, -34.616686], [-59.015274, -34.616765], [-59.015182, -34.616843], [-59.015091, -34.616922], [-59.015011, -34.61699], [-59.014919, -34.617069], [-59.014826, -34.617148], [-59.014762, -34.617202], [-59.01467, -34.617281], [-59.014579, -34.61736], [-59.014481, -34.617434], [-59.01437, -34.617493], [-59.014263, -34.61754], [-59.014182, -34.617575], [-59.014065, -34.617625], [-59.013949, -34.617675], [-59.013832, -34.617725], [-59.013716, -34.617774], [-59.013599, -34.617824], [-59.013481, -34.617874], [-59.013365, -34.617924], [-59.013277, -34.617961], [-59.013159, -34.618011], [-59.013051, -34.618057], [-59.012966, -34.618097], [-59.012851, -34.618151], [-59.012736, -34.618205], [-59.012622, -34.618259], [-59.012507, -34.618313], [-59.012392, -34.618367], [-59.01228, -34.618421], [-59.012193, -34.618462], [-59.012092, -34.618514], [-59.011987, -34.61858], [-59.011883, -34.618645], [-59.011777, -34.618711], [-59.011687, -34.618767], [-59.011593, -34.618825], [-59.011509, -34.618874], [-59.011399, -34.618935], [-59.011312, -34.619001], [-59.011224, -34.61907], [-59.011142, -34.619134], [-59.011042, -34.619206], [-59.010942, -34.619277], [-59.010841, -34.619347], [-59.01074, -34.619418], [-59.010644, -34.619485], [-59.010542, -34.619555], [-59.010441, -34.619626], [-59.01034, -34.619696], [-59.01024, -34.619766], [-59.01014, -34.619836], [-59.01004, -34.619906], [-59.009939, -34.619976], [-59.009839, -34.620046], [-59.009748, -34.620109], [-59.009647, -34.620178], [-59.009546, -34.620249], [-59.009445, -34.620319], [-59.009359, -34.62038], [-59.009259, -34.62045], [-59.00916, -34.62052], [-59.009074, -34.620581], [-59.008975, -34.620652], [-59.008893, -34.62071], [-59.008794, -34.62078], [-59.008694, -34.62085], [-59.008594, -34.62092], [-59.008494, -34.62099], [-59.008395, -34.621058]]}},
{"type": "Feature", "properties": {"ProjectID": "P7844", "OBJECTID": 92315, "ID_LIC": "N1T", "Gasoducto": 10002010, "Tramo": 10002010013, "TdTrm": "Troncal", "PkiTrm": 1556708, "PkfTrm": 1708000, "Long": 32.47, "PrsDsn": 59.8, "Mapo": 40, "Diametro": 22, "Espesor": 6.35, "MatNyG": "X52", "Construc": " ", "FchHab": null, "PrsMaxPru": 0, "PrsMinPru": 0, "FldPru": " ", "FchPru": null, "Unifilar": " ", "Fuente": " ", "Licenciataria": 10002, "ID_TEOS": null, "Obs": " "}, "geometry": {"type": "LineString", "coordinates": [[-59.269976, -34.151421], [-59.269908, -34.151485], [-59.269818, -34.151572], [-59.269765, -34.151624], [-59.269679, -34.151707], [-59.269591, -34.151792], [-59.269517, -34.151863], [-59.269445, -34.151932], [-59.269355, -34.152012], [-59.269255, -34.152085], [-59.269147, -34.152152], [-59.269054, -34.152203], [-59.268961, -34.152255], [-59.268851, -34.152316], [-59.268734, -34.152381], [-59.268621, -34.152443], [-59.268511, -34.152504], [-59.268402, -34.152565], [-59.268299, -34.152622], [-59.268205, -34.152674], [-59.26811, -34.152726], [-59.26802, -34.152776], [-59.26791, -34.152836], [-59.267803, -34.152894], [-59.267698, -34.152952], [-59.267591, -34.15301], [-59.267505, -34.153058], [-59.267419, -34.153105], [-59.267333, -34.153153], [-59.267247, -34.1532], [-59.267166, -34.153245], [-59.267087, -34.153289], [-59.267013, -34.15333], [-59.266895, -34.153395], [-59.26686, -34.153415], [-59.26675, -34.153477], [-59.26664, -34.153538], [-59.26653, -34.153598], [-59.26642, -34.153659], [-59.26631, -34.15372], [-59.2662, -34.153781], [-59.26609, -34.153842], [-59.26598, -34.153903], [-59.265909, -34.153943], [-59.265793, -34.154007], [-59.265702, -34.154057], [-59.2656, -34.154113], [-59.265494, -34.154171], [-59.265394, -34.154226], [-59.265305, -34.154273], [-59.265206, -34.154327], [-59.265119, -34.154375], [-59.265037, -34.15442], [-59.264977, -34.154452], [-59.264872, -34.15451], [-59.264773, -34.154564], [-59.264672, -34.154619], [-59.264567, -34.154677], [-59.264457, -34.154737], [-59.264347, -34.154797], [-59.264237, -34.154857], [-59.264127, -34.154917], [-59.264017, -34.154976], [-59.263965, -34.155005], [-59.263846, -34.15507], [-59.263736, -34.15513], [-59.263626, -34.15519], [-59.263515, -34.15525], [-59.263405, -34.15531], [-59.263295, -34.15537], [-59.263184, -34.15543], [-59.263074, -34.15549], [-59.263011, -34.155524], [-59.262901, -34.155584], [-59.262809, -34.155634], [-59.262725, -34.15568], [-59.262626, -34.155734], [-59.262531, -34.155786], [-59.262455, -34.155827], [-59.262386, -34.155865], [-59.262276, -34.155925], [-59.262216, -34.155958], [-59.262157, -34.15599], [-59.262046, -34.15605], [-59.261933, -34.156111], [-59.261823, -34.156171], [-59.261712, -34.15623], [-59.261602, -34.15629], [-59.261492, -34.15635], [-59.261382, -34.15641], [-59.261271, -34.15647], [-59.261153, -34.156534], [-59.261082, -34.156572], [-59.260975, -34.15663], [-59.260878, -34.156683], [-59.260778, -34.156737], [-59.260663, -34.1568], [-59.260548, -34.156863], [-59.260491, -34.156894], [-59.260437, -34.156923], [-59.26032, -34.156987], [-59.260219, -34.157042], [-59.260109, -34.157102], [-59.260043, -34.157138], [-59.25994, -34.157194], [-59.259857, -34.157239], [-59.259754, -34.157295], [-59.259737, -34.157304], [-59.259642, -34.157356], [-59.259623, -34.157366], [-59.25953, -34.157416], [-59.25943, -34.157469], [-59.259326, -34.157525], [-59.259227, -34.157579], [-59.259127, -34.157634], [-59.259051, -34.157676], [-59.258933, -34.157741], [-59.258815, -34.157805], [-59.258705, -34.157865], [-59.258595, -34.157925], [-59.258485, -34.157985], [-59.258375, -34.158045], [-59.258265, -34.158105], [-59.258154, -34.158165], [-59.258044, -34.158224], [-59.257954, -34.158273], [-59.257837, -34.158337], [-59.257736, -34.158392], [-59.25764, -34.158444], [-59.257526, -34.158506], [-59.257416, -34.158566], [-59.257315, -34.15862], [-59.257204, -34.158679], [-59.2571, -34.158736], [-59.256982, -34.158799], [-59.256894, -34.158847], [-59.256794, -34.158901], [-59.256687, -34.158959], [-59.256582, -34.159016], [-59.25648, -34.159071], [-59.256364, -34.159134], [-59.256262, -34.15919], [-59.256147, -34.159253], [-59.256044, -34.159309], [-59.255956, -34.159357], [-59.255889, -34.159394], [-59.255776, -34.159455], [-59.255666, -34.159515], [-59.255549, -34.159578], [-59.255433, -34.159641], [-59.255321, -34.159702], [-59.255203, -34.159766], [-59.25509, -34.159827], [-59.254997, -34.159877], [-59.254904, -34.159927], [-59.254819, -34.159973], [-59.254703, -34.160036], [-59.2546, -34.160091], [-59.254504, -34.160144], [-59.254388, -34.160206], [-59.254276, -34.160267], [-59.254173, -34.160322], [-59.254057, -34.160384], [-59.253978, -34.160427], [-59.253873, -34.160485], [-59.253755, -34.160549], [-59.253676, -34.160593], [-59.253558, -34.160657], [-59.253445, -34.160717], [-59.253334, -34.160777], [-59.253217, -34.16084], [-59.253115, -34.160895], [-59.252998, -34.160959], [-59.252891, -34.161017], [-59.252785, -34.161074], [-59.252733, -34.161102], [-59.252623, -34.161162], [-59.252512, -34.161222], [-59.252403, -34.161281], [-59.252288, -34.161344], [-59.252171, -34.161408], [-59.252073, -34.161461], [-59.251971, -34.161517], [-59.251882, -34.161565], [-59.251789, -34.161616], [-59.251732, -34.161647], [-59.251611, -34.161713], [-59.251512, -34.161766], [-59.2514, -34.161827], [-59.251289, -34.161888], [-59.251179, -34.161948], [-59.251068, -34.162008], [-59.250958, -34.162067], [-59.250847, -34.162127], [-59.250737, -34.162187], [-59.250642, -34.162238], [-59.250531, -34.162298], [-59.250421, -34.162357], [-59.250311, -34.162417], [-59.2502, -34.162477], [-59.250095, -34.162534], [-59.25001, -34.16258], [-59.249912, -34.162633], [-59.249822, -34.162682], [-59.249723, -34.162736], [-59.249646, -34.162778], [-59.24954, -34.162836], [-59.249452, -34.162884], [-59.249348, -34.162941], [-59.249228, -34.163006], [-59.249123, -34.163063], [-59.249023, -34.163118], [-59.248911, -34.163178], [-59.248814, -34.163231], [-59.248734, -34.163275], [-59.248624, -34.163334], [-59.248514, -34.163394], [-59.248404, -34.163454], [-59.248293, -34.163514], [-59.248183, -34.163574], [-59.248073, -34.163633], [-59.247962, -34.163693], [-59.247852, -34.163753], [-59.247742, -34.163813], [-59.247677, -34.163848], [-59.247566, -34.163908], [-59.247456, -34.163968], [-59.247354, -34.164024], [-59.247239, -34.164087], [-59.247132, -34.164145], [-59.247018, -34.164207], [-59.246899, -34.164272], [-59.246789, -34.164332], [-59.246697, -34.164382], [-59.246639, -34.164414], [-59.246529, -34.164474], [-59.246419, -34.164534], [-59.246309, -34.164594], [-59.246199, -34.164654], [-59.246085, -34.164717], [-59.245975, -34.164777], [-59.245865, -34.164837], [-59.245749, -34.1649], [-59.245638, -34.16496], [-59.245545, -34.165011], [-59.245434, -34.165071], [-59.245324, -34.165131], [-59.245207, -34.165195], [-59.245088, -34.165259], [-59.244973, -34.165322], [-59.244862, -34.165382], [-59.244752, -34.165442], [-59.244637, -34.165504], [-59.244531, -34.165562], [-59.244433, -34.165616], [-59.244323, -34.165676], [-59.244213, -34.165737], [-59.244103, -34.165797], [-59.243993, -34.165857], [-59.243883, -34.165918], [-59.243773, -34.165977], [-59.243664, -34.166036], [-59.243554, -34.166097], [-59.243446, -34.166156], [-59.243332, -34.166219], [-59.243236, -34.166271], [-59.243127, -34.166331], [-59.243017, -34.166391], [-59.242921, -34.166444], [-59.242811, -34.166504], [-59.242718, -34.166555], [-59.242621, -34.166608], [-59.242538, -34.166653], [-59.242464, -34.166693], [-59.242406, -34.166725], [-59.242293, -34.166787], [-59.242181, -34.166848], [-59.242082, -34.166901], [-59.24197, -34.166963], [-59.241861, -34.167022], [-59.241751, -34.167081], [-59.241642, -34.16714], [-59.241533, -34.167199], [-59.241424, -34.167258], [-59.241315, -34.167317], [-59.241206, -34.167376], [-59.241096, -34.167435], [-59.241021, -34.167475], [-59.240907, -34.167538], [-59.240796, -34.167599], [-59.240683, -34.167661], [-59.240593, -34.16771], [-59.240484, -34.16777], [-59.240375, -34.167829], [-59.240265, -34.167889], [-59.240156, -34.167948], [-59.240047, -34.168007], [-59.239938, -34.168067], [-59.239829, -34.168126], [-59.239719, -34.168185], [-59.23961, -34.168245], [-59.239521, -34.168293], [-59.239411, -34.168352], [-59.239311, -34.168406], [-59.239209, -34.168462], [-59.239093, -34.168525], [-59.238989, -34.168581], [-59.23888, -34.16864], [-59.23877, -34.168699], [-59.238661, -34.168759], [-59.238552, -34.168819], [-59.23847, -34.168863], [-59.238354, -34.168926], [-59.238251, -34.168983], [-59.238139, -34.169044], [-59.238025, -34.169106], [-59.23792, -34.169163], [-59.237816, -34.169219], [-59.237714, -34.169274], [-59.237627, -34.169321], [-59.237538, -34.169369], [-59.237422, -34.169432], [-59.237308, -34.169494], [-59.237195, -34.169557], [-59.237081, -34.169624], [-59.237015, -34.169663], [-59.237006, -34.169667], [-59.236897, -34.169732], [-59.236889, -34.169737], [-59.236805, -34.169787], [-59.23669, -34.169854], [-59.236572, -34.169922], [-59.236455, -34.16999], [-59.23635, -34.170051], [-59.236237, -34.170117], [-59.236121, -34.170185], [-59.236025, -34.170241], [-59.235916, -34.170305], [-59.235817, -34.170363], [-59.235714, -34.170423], [-59.235605, -34.170487], [-59.235528, -34.170532], [-59.235419, -34.170595], [-59.235306, -34.170661], [-59.235197, -34.170725], [-59.235086, -34.170789], [-59.234982, -34.17085], [-59.234888, -34.170904], [-59.23479, -34.170961], [-59.234676, -34.171027], [-59.234566, -34.171091], [-59.234497, -34.171131], [-59.234389, -34.171195], [-59.234283, -34.171256], [-59.234174, -34.17132], [-59.234066, -34.171383], [-59.233957, -34.171447], [-59.233848, -34.17151], [-59.23374, -34.171574], [-59.233632, -34.171637], [-59.233523, -34.1717], [-59.233415, -34.171763], [-59.233304, -34.171827], [-59.233195, -34.171891], [-59.233081, -34.171957], [-59.232968, -34.172022], [-59.232864, -34.172083], [-59.232773, -34.172136], [-59.232666, -34.172197], [-59.232566, -34.172255], [-59.232494, -34.172298], [-59.232402, -34.172351], [-59.23229, -34.172416], [-59.232179, -34.172481], [-59.232073, -34.172542], [-59.231959, -34.172609], [-59.231842, -34.172677], [-59.231732, -34.172742], [-59.231631, -34.172801], [-59.231516, -34.172869], [-59.231408, -34.172932], [-59.23135, -34.172966], [-59.231241, -34.17303], [-59.231133, -34.173093], [-59.231025, -34.173157], [-59.230931, -34.173212], [-59.230823, -34.173275], [-59.230712, -34.173339], [-59.230603, -34.173402], [-59.230545, -34.173436], [-59.230433, -34.173501], [-59.230325, -34.173563], [-59.230216, -34.173626], [-59.230121, -34.173682], [-59.230113, -34.173687], [-59.230016, -34.173744], [-59.229908, -34.173809], [-59.2299, -34.173814], [-59.229796, -34.173875], [-59.229693, -34.173936], [-59.229588, -34.173998], [-59.229513, -34.174042], [-59.2294, -34.174109], [-59.229287, -34.174177], [-59.229182, -34.17424], [-59.229072, -34.174306], [-59.228961, -34.174373], [-59.228867, -34.174429], [-59.228809, -34.174463], [-59.228703, -34.174527], [-59.228596, -34.174591], [-59.228548, -34.17462], [-59.228441, -34.174684], [-59.228335, -34.174748], [-59.228228, -34.174811], [-59.228121, -34.174875], [-59.228014, -34.174939], [-59.227907, -34.175002], [-59.227801, -34.175066], [-59.227706, -34.175123], [-59.227693, -34.175131], [-59.227587, -34.175194], [-59.227479, -34.175257], [-59.227373, -34.17532], [-59.227266, -34.175383], [-59.227159, -34.175446], [-59.227052, -34.17551], [-59.226945, -34.175573], [-59.226838, -34.175636], [-59.226731, -34.175699], [-59.226625, -34.175763], [-59.226517, -34.175826], [-59.226411, -34.175889], [-59.226303, -34.175952], [-59.226196, -34.176016], [-59.226089, -34.176079], [-59.225982, -34.176143], [-59.225876, -34.176206], [-59.225769, -34.17627], [-59.225655, -34.176337], [-59.225548, -34.176401], [-59.225442, -34.176464], [-59.225335, -34.176528], [-59.22523, -34.17659], [-59.225151, -34.176637], [-59.22505, -34.176697], [-59.224964, -34.176748], [-59.224881, -34.176798], [-59.224774, -34.176861], [-59.224665, -34.176926], [-59.224575, -34.17698], [-59.224468, -34.177043], [-59.224361, -34.177106], [-59.224274, -34.177157], [-59.224167, -34.177221], [-59.224109, -34.177256], [-59.224002, -34.177319], [-59.223897, -34.177381], [-59.223796, -34.177441], [-59.223712, -34.17749], [-59.223632, -34.177537], [-59.223537, -34.177593], [-59.223444, -34.177648], [-59.223395, -34.177677], [-59.2233, -34.177733], [-59.223193, -34.177797], [-59.223085, -34.177861], [-59.222979, -34.177924], [-59.222871, -34.177987], [-59.222764, -34.178051], [-59.222657, -34.178114], [-59.22255, -34.178178], [-59.222443, -34.178242], [-59.222336, -34.178305], [-59.222284, -34.178336], [-59.222169, -34.178404], [-59.222062, -34.178468], [-59.22196, -34.178528], [-59.221849, -34.178594], [-59.221736, -34.178661], [-59.221623, -34.178728], [-59.221514, -34.178792], [-59.221415, -34.178851], [-59.221317, -34.17891], [-59.221247, -34.178951], [-59.22114, -34.179014], [-59.221035, -34.179077], [-59.220927, -34.17914], [-59.22082, -34.179203], [-59.220713, -34.179266], [-59.220599, -34.179333], [-59.220496, -34.179394], [-59.220387, -34.179459], [-59.220282, -34.179521], [-59.220181, -34.179581], [-59.220071, -34.179646], [-59.21996, -34.179712], [-59.219849, -34.179778], [-59.219739, -34.179843], [-59.219632, -34.179907], [-59.219525, -34.17997], [-59.219417, -34.180034], [-59.219311, -34.180098], [-59.219241, -34.180139], [-59.219149, -34.180194], [-59.219042, -34.180257], [-59.218934, -34.18032], [-59.218827, -34.180383], [-59.218714, -34.18045], [-59.218603, -34.180516], [-59.218489, -34.180584], [-59.218379, -34.180649], [-59.218263, -34.180718], [-59.218157, -34.18078], [-59.218061, -34.180837], [-59.217954, -34.180901], [-59.217847, -34.180964], [-59.217739, -34.181027], [-59.217642, -34.181085], [-59.217532, -34.18115], [-59.217439, -34.181206], [-59.217333, -34.181269], [-59.217225, -34.181332], [-59.217118, -34.181395], [-59.217006, -34.181462], [-59.216899, -34.181525], [-59.216891, -34.18153], [-59.216822, -34.181571], [-59.21674, -34.18162], [-59.216653, -34.181672], [-59.216646, -34.181676], [-59.216558, -34.181728], [-59.21645, -34.181791], [-59.216343, -34.181854], [-59.216244, -34.181911], [-59.216138, -34.181974], [-59.216029, -34.182038], [-59.215923, -34.182102], [-59.215816, -34.182166], [-59.215729, -34.182217], [-59.21562, -34.18228], [-59.215512, -34.182343], [-59.215404, -34.182406], [-59.215296, -34.182469], [-59.215188, -34.182532], [-59.215102, -34.182583], [-59.214994, -34.182646], [-59.214887, -34.182709], [-59.214779, -34.182773], [-59.214672, -34.182836], [-59.214564, -34.182899], [-59.214457, -34.182962], [-59.214349, -34.183025], [-59.214241, -34.183089], [-59.214133, -34.183152], [-59.214088, -34.183178], [-59.213979, -34.183243], [-59.213868, -34.183308], [-59.213767, -34.183367], [-59.213665, -34.183428], [-59.213555, -34.183494], [-59.213438, -34.183564], [-59.213433, -34.183567], [-59.213355, -34.183613], [-59.213247, -34.183678], [-59.213239, -34.183682], [-59.213184, -34.183715], [-59.213083, -34.183774], [-59.212985, -34.183831], [-59.212873, -34.183897], [-59.212757, -34.183965], [-59.212646, -34.184031], [-59.212533, -34.184098], [-59.212425, -34.184161], [-59.21232, -34.184223], [-59.212207, -34.18429], [-59.212092, -34.184357], [-59.211984, -34.184421], [-59.211913, -34.184462], [-59.211805, -34.184526], [-59.211698, -34.184589], [-59.21159, -34.184653], [-59.211479, -34.184719], [-59.211371, -34.184782], [-59.211269, -34.184842], [-59.211184, -34.184892], [-59.211095, -34.184945], [-59.211018, -34.18499], [-59.210911, -34.185054], [-59.210803, -34.185117], [-59.210696, -34.18518], [-59.210588, -34.185244], [-59.21048, -34.185307], [-59.210373, -34.18537], [-59.210265, -34.185433], [-59.210158, -34.185496], [-59.21005, -34.185559], [-59.209963, -34.18561], [-59.209851, -34.185676], [-59.2098, -34.185706], [-59.209707, -34.185761], [-59.209597, -34.185821], [-59.209485, -34.18588], [-59.209374, -34.185939], [-59.209269, -34.185995], [-59.209158, -34.186054], [-59.209047, -34.186113], [-59.208937, -34.186173], [-59.208827, -34.186232], [-59.208716, -34.186292], [-59.208605, -34.186352], [-59.208494, -34.186412], [-59.208383, -34.186471], [-59.208272, -34.186531], [-59.208161, -34.18659], [-59.20805, -34.18665], [-59.207939, -34.186709], [-59.207883, -34.186739], [-59.207771, -34.186799], [-59.207658, -34.186859], [-59.207546, -34.186919], [-59.207435, -34.186978], [-59.207324, -34.187037], [-59.207213, -34.187097], [-59.207102, -34.187156], [-59.206991, -34.187215], [-59.206879, -34.187274], [-59.206768, -34.187333], [-59.206657, -34.187392], [-59.206546, -34.187451], [-59.206434, -34.18751], [-59.206323, -34.187569], [-59.206212, -34.187628], [-59.206101, -34.187688], [-59.20599, -34.187747], [-59.205879, -34.187806], [-59.205768, -34.187865], [-59.20568, -34.187912], [-59.205569, -34.187971], [-59.205458, -34.18803], [-59.205347, -34.188089], [-59.205236, -34.188148], [-59.205117, -34.188211], [-59.205006, -34.18827], [-59.204899, -34.188327], [-59.204785, -34.188388], [-59.20467, -34.188449], [-59.204554, -34.188511], [-59.204448, -34.188567], [-59.204337, -34.188627], [-59.204291, -34.188651], [-59.20418, -34.188711], [-59.204069, -34.18877], [-59.203963, -34.188827], [-59.203852, -34.188886], [-59.203745, -34.188942], [-59.203635, -34.189002], [-59.203524, -34.189061], [-59.203465, -34.189092], [-59.203354, -34.189152], [-59.203234, -34.189215], [-59.203123, -34.189273], [-59.203011, -34.189332], [-59.2029, -34.18939], [-59.202789, -34.189449], [-59.202678, -34.189508], [-59.202568, -34.189569], [-59.202459, -34.189631], [-59.202353, -34.189696], [-59.202247, -34.189762], [-59.202141, -34.189828], [-59.202036, -34.189894], [-59.201931, -34.18996], [-59.201826, -34.190026], [-59.20172, -34.190092], [-59.201615, -34.190157], [-59.201509, -34.190223], [-59.201404, -34.190289], [-59.201292, -34.190358], [-59.201187, -34.190424], [-59.201075, -34.190494], [-59.200971, -34.190559], [-59.200858, -34.190629], [-59.200745, -34.190699], [-59.200638, -34.190766], [-59.200526, -34.190836], [-59.200413, -34.190906], [-59.200302, -34.190974], [-59.200196, -34.19104], [-59.20009, -34.191106], [-59.199984, -34.191171], [-59.199878, -34.191237], [-59.199773, -34.191303], [-59.199673, -34.191365], [-59.199568, -34.191431], [-59.199463, -34.191497], [-59.199357, -34.191563], [-59.199256, -34.191626], [-59.199151, -34.191692], [-59.199056, -34.191751], [-59.198941, -34.191823], [-59.198834, -34.19189], [-59.198728, -34.191956], [-59.198622, -34.192022], [-59.198516, -34.192088], [-59.19841, -34.192154], [-59.19832, -34.19221], [-59.198254, -34.192251], [-59.198149, -34.192316], [-59.198092, -34.192352], [-59.197986, -34.192417], [-59.19788, -34.192483], [-59.197775, -34.19255], [-59.19767, -34.192615], [-59.197564, -34.19268], [-59.197459, -34.192746], [-59.197382, -34.192793], [-59.197326, -34.192828], [-59.197221, -34.192893], [-59.197116, -34.192959], [-59.19701, -34.193024], [-59.196905, -34.19309], [-59.196791, -34.19316], [-59.196686, -34.193225], [-59.196579, -34.193292], [-59.19648, -34.193354], [-59.196377, -34.193417], [-59.196272, -34.193483], [-59.19616, -34.193552], [-59.196052, -34.19362], [-59.195949, -34.193683], [-59.195836, -34.193754], [-59.195737, -34.193815], [-59.195632, -34.193881], [-59.195526, -34.193946], [-59.195426, -34.194008], [-59.195321, -34.194073], [-59.195216, -34.194138], [-59.195121, -34.194197], [-59.195037, -34.194249], [-59.194932, -34.194314], [-59.194826, -34.194379], [-59.194721, -34.194445], [-59.194616, -34.19451], [-59.194529, -34.194563], [-59.194445, -34.194615], [-59.194388, -34.194651], [-59.19428, -34.194718], [-59.194175, -34.194784], [-59.194068, -34.19485], [-59.193957, -34.194919], [-59.193845, -34.194989], [-59.193793, -34.195021], [-59.193782, -34.195028], [-59.193727, -34.195062], [-59.193622, -34.195127], [-59.193517, -34.195193], [-59.193429, -34.195248], [-59.193338, -34.195304], [-59.193249, -34.19536], [-59.193135, -34.195431], [-59.193021, -34.195502], [-59.192908, -34.195572], [-59.192803, -34.195637], [-59.192696, -34.195703], [-59.192586, -34.195771], [-59.192477, -34.195839], [-59.192374, -34.195903], [-59.192269, -34.195967], [-59.192181, -34.196023], [-59.192107, -34.19607], [-59.192074, -34.19609], [-59.191969, -34.196156], [-59.191864, -34.196221], [-59.19176, -34.196286], [-59.191656, -34.196351], [-59.191552, -34.196416], [-59.191466, -34.196471], [-59.191388, -34.196519], [-59.191316, -34.196565], [-59.191211, -34.19663], [-59.191105, -34.196696], [-59.191, -34.196761], [-59.190894, -34.196826], [-59.190789, -34.196891], [-59.190683, -34.196956], [-59.190577, -34.197021], [-59.190472, -34.197086], [-59.190366, -34.19715], [-59.190256, -34.197218], [-59.190151, -34.197283], [-59.190046, -34.197348], [-59.189941, -34.197413], [-59.189835, -34.197478], [-59.189794, -34.197504], [-59.189689, -34.197569], [-59.189583, -34.197633], [-59.189477, -34.197698], [-59.189377, -34.19776], [-59.189275, -34.197824], [-59.189166, -34.197891], [-59.18906, -34.197957], [-59.18895, -34.198025], [-59.188845, -34.19809], [-59.188739, -34.198155], [-59.188634, -34.19822], [-59.188535, -34.198282], [-59.188445, -34.198337], [-59.188333, -34.198406], [-59.18822, -34.198476], [-59.188114, -34.198541], [-59.188003, -34.19861], [-59.187892, -34.198678], [-59.187784, -34.198743], [-59.187676, -34.198807], [-59.187569, -34.19887], [-59.187487, -34.198918], [-59.187388, -34.198976], [-59.18728, -34.199039], [-59.187172, -34.199103], [-59.187064, -34.199166], [-59.186956, -34.19923], [-59.186842, -34.199297], [-59.18673, -34.199363], [-59.186614, -34.199432], [-59.186502, -34.199498], [-59.186385, -34.199566], [-59.186271, -34.199634], [-59.186162, -34.199698], [-59.186051, -34.199763], [-59.185938, -34.199829], [-59.18583, -34.199892], [-59.185716, -34.199959], [-59.185607, -34.200023], [-59.185499, -34.200086], [-59.185406, -34.200141], [-59.185307, -34.200199], [-59.185251, -34.200232], [-59.185138, -34.200298], [-59.185035, -34.200359], [-59.184941, -34.200414], [-59.184838, -34.200475], [-59.184756, -34.200524], [-59.184659, -34.200581], [-59.184547, -34.200646], [-59.184466, -34.200694], [-59.184383, -34.200743], [-59.184313, -34.200784], [-59.184202, -34.200849], [-59.18409, -34.200914], [-59.183979, -34.200979], [-59.183862, -34.201046], [-59.183761, -34.201106], [-59.183661, -34.201163], [-59.183558, -34.201224], [-59.183465, -34.201278], [-59.183379, -34.201329], [-59.183333, -34.201356], [-59.183225, -34.201419], [-59.183131, -34.201475], [-59.183032, -34.201533], [-59.182927, -34.201596], [-59.182814, -34.201662], [-59.1827, -34.20173], [-59.182583, -34.201799], [-59.182467, -34.201867], [-59.182375, -34.201921], [-59.182283, -34.201975], [-59.182187, -34.202031], [-59.182096, -34.202084], [-59.182001, -34.20214], [-59.181893, -34.202203], [-59.181785, -34.202267], [-59.181677, -34.202331], [-59.18157, -34.202396], [-59.181482, -34.202448], [-59.181392, -34.202501], [-59.181309, -34.202549], [-59.1812, -34.202612], [-59.181092, -34.202675], [-59.180984, -34.202738], [-59.180876, -34.202801], [-59.180769, -34.202864], [-59.180661, -34.202928], [-59.180553, -34.202991], [-59.18047, -34.203041], [-59.18038, -34.203094], [-59.180273, -34.203157], [-59.180195, -34.203204], [-59.180088, -34.203267], [-59.179981, -34.20333], [-59.179873, -34.203393], [-59.179766, -34.203457], [-59.179658, -34.20352], [-59.179551, -34.203583], [-59.179464, -34.203634], [-59.179357, -34.203697], [-59.179274, -34.203745], [-59.179171, -34.203806], [-59.179066, -34.203868], [-59.178973, -34.203923], [-59.178889, -34.203973], [-59.178808, -34.20402], [-59.178758, -34.204049], [-59.178696, -34.204086], [-59.178618, -34.204132], [-59.17854, -34.204178], [-59.178469, -34.204219], [-59.178405, -34.204257], [-59.178298, -34.20432], [-59.178191, -34.204384], [-59.178083, -34.204447], [-59.178029, -34.20448], [-59.177921, -34.204543], [-59.177856, -34.204582], [-59.177748, -34.204645], [-59.177697, -34.204675], [-59.17759, -34.204739], [-59.177485, -34.204801], [-59.177418, -34.204841], [-59.177311, -34.204904], [-59.177204, -34.204967], [-59.177112, -34.205021], [-59.177005, -34.205084], [-59.176898, -34.205148], [-59.176806, -34.205201], [-59.176712, -34.205256], [-59.176622, -34.20531], [-59.176519, -34.20537], [-59.17645, -34.20541], [-59.176336, -34.205477], [-59.176229, -34.20554], [-59.176121, -34.205603], [-59.176013, -34.205665], [-59.175906, -34.205728], [-59.175798, -34.205791], [-59.175705, -34.205844], [-59.1756, -34.205906], [-59.175492, -34.205969], [-59.175388, -34.206029], [-59.17532, -34.206069], [-59.17529, -34.206086], [-59.175183, -34.20615], [-59.175075, -34.206214], [-59.174968, -34.206277], [-59.17486, -34.206341], [-59.17476, -34.206399], [-59.174649, -34.206465], [-59.174563, -34.206516], [-59.174455, -34.206579], [-59.174341, -34.206646], [-59.174228, -34.206712], [-59.17412, -34.206776], [-59.174017, -34.206836], [-59.174009, -34.206841], [-59.173898, -34.206907], [-59.173787, -34.206972], [-59.173779, -34.206977], [-59.173739, -34.207], [-59.173628, -34.207065], [-59.173539, -34.207117], [-59.173432, -34.20718], [-59.173325, -34.207243], [-59.173217, -34.207307], [-59.17311, -34.20737], [-59.172997, -34.207436], [-59.172901, -34.207493], [-59.172792, -34.207557], [-59.172679, -34.207623], [-59.172565, -34.20769], [-59.172455, -34.207754], [-59.172356, -34.207813], [-59.172241, -34.207881], [-59.172134, -34.207944], [-59.172022, -34.20801], [-59.171909, -34.208077], [-59.171808, -34.208137], [-59.171696, -34.208203], [-59.171583, -34.20827], [-59.171469, -34.208337], [-59.171354, -34.208406], [-59.171267, -34.208458], [-59.171157, -34.208522], [-59.171047, -34.208587], [-59.17094, -34.208651], [-59.170833, -34.208714], [-59.170725, -34.208777], [-59.170618, -34.20884], [-59.17051, -34.208903], [-59.170396, -34.20897], [-59.170305, -34.209023], [-59.170192, -34.20909], [-59.170084, -34.209153], [-59.169977, -34.209216], [-59.169869, -34.20928], [-59.169762, -34.209343], [-59.169676, -34.209394], [-59.169623, -34.209425], [-59.169537, -34.209475], [-59.169445, -34.20953], [-59.169338, -34.209593], [-59.169231, -34.209656], [-59.16912, -34.209722], [-59.169013, -34.209785], [-59.168906, -34.209849], [-59.168798, -34.209912], [-59.168691, -34.209976], [-59.168584, -34.210039], [-59.168476, -34.210103], [-59.168365, -34.210168], [-59.168258, -34.210231], [-59.16815, -34.210294], [-59.168038, -34.210361], [-59.167924, -34.210428], [-59.167817, -34.210491], [-59.167711, -34.210552], [-59.167601, -34.210617], [-59.16749, -34.210683], [-59.167427, -34.21072], [-59.167335, -34.210776], [-59.167259, -34.210821], [-59.167165, -34.210876], [-59.167057, -34.210938], [-59.16695, -34.211001], [-59.166842, -34.211065], [-59.166735, -34.211128], [-59.166628, -34.211192], [-59.166521, -34.211255], [-59.166414, -34.211319], [-59.166307, -34.211382], [-59.166201, -34.211445], [-59.16609, -34.211511], [-59.165983, -34.211575], [-59.165875, -34.211638], [-59.165773, -34.211699], [-59.165665, -34.211762], [-59.165558, -34.211825], [-59.165442, -34.211894], [-59.165335, -34.211957], [-59.165227, -34.21202], [-59.16512, -34.212084], [-59.165013, -34.212147], [-59.164905, -34.21221], [-59.164798, -34.212273], [-59.16469, -34.212336], [-59.164583, -34.212399], [-59.164475, -34.212462], [-59.164368, -34.212525], [-59.16426, -34.212588], [-59.164153, -34.212652], [-59.164047, -34.212716], [-59.163975, -34.212758], [-59.163867, -34.212821], [-59.163758, -34.212885], [-59.163653, -34.212947], [-59.163545, -34.21301], [-59.163438, -34.213073], [-59.163339, -34.213132], [-59.16324, -34.213191], [-59.163132, -34.213254], [-59.16305, -34.213303], [-59.162942, -34.213367], [-59.162835, -34.21343], [-59.162736, -34.213489], [-59.162632, -34.21355], [-59.162521, -34.213616], [-59.162414, -34.21368], [-59.162313, -34.21374], [-59.16221, -34.2138], [-59.162103, -34.213863], [-59.162095, -34.213868], [-59.162069, -34.213883], [-59.161963, -34.213946], [-59.161852, -34.214011], [-59.161741, -34.214076], [-59.161733, -34.214081], [-59.161625, -34.214145], [-59.161519, -34.214208], [-59.161412, -34.214272], [-59.161304, -34.214334], [-59.161197, -34.214398], [-59.16109, -34.214462], [-59.161015, -34.214507], [-59.160906, -34.214573], [-59.160796, -34.21464], [-59.160691, -34.2147], [-59.160578, -34.214766], [-59.160463, -34.214833], [-59.160349, -34.2149], [-59.160237, -34.214967], [-59.160131, -34.21503], [-59.160027, -34.215092], [-59.159929, -34.21515], [-59.159817, -34.215216], [-59.159722, -34.215272], [-59.159636, -34.215323], [-59.159529, -34.215387], [-59.159437, -34.215442], [-59.159356, -34.21549], [-59.159244, -34.215556], [-59.159137, -34.21562], [-59.15903, -34.215683], [-59.158935, -34.215739], [-59.158829, -34.215801], [-59.158717, -34.215867], [-59.158602, -34.215934], [-59.158491, -34.216], [-59.158384, -34.216064], [-59.15832, -34.216101], [-59.158245, -34.216145], [-59.158141, -34.216206], [-59.158045, -34.216263], [-59.157957, -34.216315], [-59.15788, -34.216361], [-59.157774, -34.216426], [-59.157667, -34.21649], [-59.15756, -34.216553], [-59.157452, -34.216617], [-59.157345, -34.21668], [-59.15723, -34.216748], [-59.157125, -34.216809], [-59.157017, -34.216872], [-59.15697, -34.2169], [-59.15692, -34.216929], [-59.156813, -34.216993], [-59.156701, -34.217059], [-59.156601, -34.217118], [-59.156494, -34.217181], [-59.156383, -34.217246], [-59.156286, -34.217304], [-59.156179, -34.217367], [-59.156072, -34.21743], [-59.155965, -34.217494], [-59.155857, -34.217557], [-59.15575, -34.21762], [-59.155643, -34.217684], [-59.155536, -34.217747], [-59.155429, -34.217811], [-59.155322, -34.217875], [-59.155215, -34.217938], [-59.155108, -34.218002], [-59.154994, -34.218069], [-59.154899, -34.218125], [-59.154831, -34.218166], [-59.15472, -34.218232], [-59.154606, -34.218299], [-59.154496, -34.218364], [-59.154432, -34.218402], [-59.154329, -34.218463], [-59.154221, -34.218526], [-59.154138, -34.218575], [-59.154031, -34.218638], [-59.153923, -34.218701], [-59.153816, -34.218764], [-59.153708, -34.218828], [-59.1536, -34.218893], [-59.153487, -34.218959], [-59.15338, -34.219022], [-59.153269, -34.219087], [-59.153159, -34.219153], [-59.15305, -34.219217], [-59.152964, -34.219268], [-59.15289, -34.219312], [-59.152819, -34.219354], [-59.152716, -34.219415], [-59.152608, -34.219479], [-59.152505, -34.21954], [-59.1524, -34.219602], [-59.152293, -34.219665], [-59.152186, -34.219729], [-59.152077, -34.219793], [-59.15197, -34.219856], [-59.151862, -34.219919], [-59.151755, -34.219982], [-59.151648, -34.220045], [-59.15154, -34.220108], [-59.151433, -34.220171], [-59.151326, -34.220235], [-59.151219, -34.220298], [-59.151111, -34.220361], [-59.15101, -34.22042], [-59.150911, -34.220478], [-59.150803, -34.220541], [-59.150696, -34.220604], [-59.150678, -34.220615], [-59.15057, -34.220678], [-59.150463, -34.220742], [-59.150356, -34.220805], [-59.150249, -34.220868], [-59.150141, -34.220931], [-59.150033, -34.220996], [-59.149926, -34.221059], [-59.149819, -34.221123], [-59.149712, -34.221187], [-59.149605, -34.22125], [-59.149497, -34.221314], [-59.14939, -34.221377], [-59.149283, -34.221441], [-59.14917, -34.221508], [-59.149063, -34.221571], [-59.148955, -34.221635], [-59.148848, -34.221698], [-59.148741, -34.221761], [-59.148694, -34.221789], [-59.148587, -34.221852], [-59.148479, -34.221916], [-59.148372, -34.221979], [-59.148265, -34.222042], [-59.148157, -34.222105], [-59.148049, -34.222168], [-59.147941, -34.222232], [-59.147826, -34.222299], [-59.147726, -34.222358], [-59.147619, -34.222421], [-59.147563, -34.222454], [-59.147554, -34.222459], [-59.147445, -34.222523], [-59.147343, -34.222583], [-59.147234, -34.222647], [-59.147179, -34.22268], [-59.14717, -34.222685], [-59.147084, -34.222736], [-59.146976, -34.2228], [-59.146869, -34.222862], [-59.146758, -34.222927], [-59.14665, -34.22299], [-59.146548, -34.223049], [-59.146441, -34.223112], [-59.146333, -34.223175], [-59.146226, -34.223238], [-59.146119, -34.223301], [-59.146011, -34.223363], [-59.145904, -34.223426], [-59.145796, -34.223488], [-59.145683, -34.223553], [-59.14557, -34.223619], [-59.145456, -34.223684], [-59.145386, -34.223725], [-59.145282, -34.223791], [-59.14519, -34.22387], [-59.145119, -34.223933], [-59.145029, -34.224013], [-59.14494, -34.224093], [-59.14485, -34.224173], [-59.14476, -34.224252], [-59.14467, -34.224332], [-59.14458, -34.224412], [-59.14449, -34.224492], [-59.1444, -34.224571], [-59.14431, -34.224651], [-59.14422, -34.224731], [-59.144131, -34.224811], [-59.144041, -34.22489], [-59.143951, -34.22497], [-59.143861, -34.22505], [-59.143773, -34.225129], [-59.143683, -34.225208], [-59.143593, -34.225288], [-59.143504, -34.225368], [-59.143409, -34.225453], [-59.143319, -34.225533], [-59.14323, -34.225613], [-59.14314, -34.225693], [-59.143051, -34.225773], [-59.142961, -34.225853], [-59.142865, -34.225938], [-59.142776, -34.226018], [-59.142686, -34.226098], [-59.1426, -34.226174], [-59.142513, -34.226252], [-59.142425, -34.226329], [-59.14234, -34.226405], [-59.142246, -34.226488], [-59.142156, -34.226567], [-59.142082, -34.226633], [-59.142023, -34.226684], [-59.141937, -34.22676], [-59.141847, -34.22684], [-59.141766, -34.226913], [-59.141674, -34.226994], [-59.141578, -34.22708], [-59.141507, -34.227144], [-59.141432, -34.227211], [-59.141342, -34.227291], [-59.141292, -34.227335], [-59.141202, -34.227415], [-59.141107, -34.227498], [-59.141016, -34.227578], [-59.140924, -34.227659], [-59.14083, -34.227744], [-59.140736, -34.227827], [-59.140647, -34.227908], [-59.140588, -34.227961], [-59.140498, -34.228042], [-59.140432, -34.228101], [-59.140386, -34.228143], [-59.140292, -34.228227], [-59.140199, -34.228311], [-59.140108, -34.228393], [-59.140019, -34.228474], [-59.139926, -34.228557], [-59.139836, -34.228638], [-59.139747, -34.228719], [-59.139665, -34.228791], [-59.139577, -34.228871], [-59.13952, -34.228922], [-59.139423, -34.229009], [-59.13933, -34.229093], [-59.139238, -34.229175], [-59.139143, -34.229262], [-59.139049, -34.229346], [-59.138955, -34.229431], [-59.138861, -34.229516], [-59.138799, -34.229572], [-59.138736, -34.229628], [-59.138643, -34.229712], [-59.138554, -34.229793], [-59.13852, -34.229824], [-59.138431, -34.229904], [-59.138341, -34.229985], [-59.138251, -34.230066], [-59.138162, -34.230146], [-59.138072, -34.230227], [-59.137983, -34.230308], [-59.137893, -34.230388], [-59.137823, -34.230451], [-59.13773, -34.230534], [-59.137637, -34.230618], [-59.137541, -34.230705], [-59.137458, -34.23078], [-59.137364, -34.230864], [-59.137329, -34.230896], [-59.137285, -34.230935], [-59.137199, -34.231013], [-59.13711, -34.231093], [-59.137014, -34.23118], [-59.136925, -34.231261], [-59.136828, -34.231349], [-59.136734, -34.231433], [-59.136658, -34.231501], [-59.136566, -34.231584], [-59.136473, -34.231668], [-59.136384, -34.231749], [-59.136294, -34.23183], [-59.136204, -34.23191], [-59.136115, -34.231991], [-59.136052, -34.232047], [-59.135962, -34.232128], [-59.135873, -34.232208], [-59.135783, -34.232289], [-59.13569, -34.232372], [-59.135599, -34.232453], [-59.13551, -34.232533], [-59.13542, -34.232614], [-59.135404, -34.232629], [-59.135314, -34.23271], [-59.135222, -34.232793], [-59.135147, -34.23286], [-59.135058, -34.232941], [-59.134969, -34.233021], [-59.134873, -34.233107], [-59.134782, -34.233189], [-59.134697, -34.233266], [-59.134602, -34.233352], [-59.134507, -34.233438], [-59.134415, -34.23352], [-59.134337, -34.233591], [-59.134241, -34.233678], [-59.134149, -34.233761], [-59.134056, -34.233845], [-59.133963, -34.233928], [-59.13387, -34.234011], [-59.13378, -34.234091], [-59.133695, -34.234167], [-59.133614, -34.234241], [-59.133524, -34.234324], [-59.13343, -34.2344], [-59.133322, -34.234472], [-59.133214, -34.234528], [-59.133094, -34.234577], [-59.132978, -34.234616], [-59.132868, -34.234653], [-59.132753, -34.234692], [-59.132744, -34.234695], [-59.132639, -34.23473], [-59.132523, -34.234769], [-59.132513, -34.234772], [-59.132391, -34.234813], [-59.13229, -34.234847], [-59.132181, -34.234884], [-59.132062, -34.234932], [-59.131949, -34.234989], [-59.131863, -34.235042], [-59.131758, -34.23511], [-59.131703, -34.235147], [-59.131603, -34.235219], [-59.131511, -34.235298], [-59.131422, -34.235379], [-59.131331, -34.235459], [-59.13124, -34.235539], [-59.131149, -34.235618], [-59.131057, -34.235699], [-59.130966, -34.235779], [-59.130875, -34.235858], [-59.130784, -34.235938], [-59.130693, -34.236018], [-59.130602, -34.236097], [-59.13051, -34.236176], [-59.130419, -34.236256], [-59.130327, -34.236335], [-59.130236, -34.236414], [-59.130145, -34.236494], [-59.130053, -34.236573], [-59.129962, -34.236652], [-59.129879, -34.236724], [-59.129784, -34.236808], [-59.129697, -34.236883], [-59.129604, -34.236965], [-59.129508, -34.237048], [-59.129422, -34.237123], [-59.129331, -34.237202], [-59.129238, -34.237284], [-59.129176, -34.237338], [-59.129097, -34.237408], [-59.129042, -34.237456], [-59.128953, -34.237534], [-59.128862, -34.237613], [-59.128771, -34.237693], [-59.128679, -34.237774], [-59.128586, -34.237855], [-59.128491, -34.237939], [-59.128395, -34.238023], [-59.128307, -34.238101], [-59.128212, -34.238184], [-59.128115, -34.238269], [-59.128018, -34.238353], [-59.127921, -34.238437], [-59.12783, -34.238517], [-59.127739, -34.238596], [-59.127646, -34.238677], [-59.127555, -34.238756], [-59.127464, -34.238836], [-59.12737, -34.238917], [-59.12729, -34.238987], [-59.127199, -34.239067], [-59.127101, -34.239152], [-59.127005, -34.239235], [-59.126914, -34.239314], [-59.126823, -34.239394], [-59.126731, -34.239473], [-59.12664, -34.239553], [-59.126549, -34.239632], [-59.126458, -34.239712], [-59.126367, -34.239792], [-59.12629, -34.239858], [-59.126199, -34.239938], [-59.126108, -34.240017], [-59.126016, -34.240097], [-59.125925, -34.240176], [-59.125833, -34.240256], [-59.125751, -34.240328], [-59.125656, -34.24041], [-59.125561, -34.240493], [-59.125505, -34.240541], [-59.125414, -34.240621], [-59.125323, -34.2407], [-59.125231, -34.240779], [-59.12514, -34.240858], [-59.125048, -34.240938], [-59.124957, -34.241017], [-59.124866, -34.241097], [-59.124775, -34.241176], [-59.124684, -34.241256], [-59.124592, -34.241335], [-59.124523, -34.241395], [-59.124432, -34.241474], [-59.12434, -34.241554], [-59.124249, -34.241633], [-59.124157, -34.241713], [-59.124066, -34.241792], [-59.123975, -34.241872], [-59.123884, -34.241951], [-59.123792, -34.242031], [-59.123701, -34.24211], [-59.12361, -34.24219], [-59.123519, -34.242269], [-59.123428, -34.242349], [-59.123337, -34.242428], [-59.123246, -34.242507], [-59.123157, -34.242586], [-59.123071, -34.242661], [-59.122982, -34.242739], [-59.1229, -34.242812], [-59.122819, -34.242882], [-59.122726, -34.242964], [-59.122635, -34.243044], [-59.122544, -34.243124], [-59.122454, -34.243203], [-59.122364, -34.243282], [-59.122274, -34.243361], [-59.122179, -34.243445], [-59.122089, -34.243524], [-59.121999, -34.243604], [-59.121908, -34.243683], [-59.121842, -34.243741], [-59.121746, -34.243826], [-59.121659, -34.243902], [-59.121568, -34.243982], [-59.12147, -34.244068], [-59.121377, -34.24415], [-59.121291, -34.244225], [-59.121197, -34.244307], [-59.121102, -34.244391], [-59.121015, -34.244467], [-59.120925, -34.244546], [-59.120831, -34.244629], [-59.120742, -34.244706], [-59.120655, -34.244784], [-59.120557, -34.244869], [-59.120468, -34.244948], [-59.120378, -34.245027], [-59.120285, -34.245109], [-59.120189, -34.245194], [-59.120097, -34.245275], [-59.120006, -34.245355], [-59.119914, -34.245435], [-59.119818, -34.245519], [-59.119721, -34.245604], [-59.119627, -34.245686], [-59.119537, -34.245765], [-59.119507, -34.245791], [-59.119417, -34.24587], [-59.119349, -34.24593], [-59.119294, -34.245978], [-59.119227, -34.246037], [-59.119132, -34.24612], [-59.119037, -34.246204], [-59.118945, -34.246285], [-59.11885, -34.246369], [-59.118759, -34.246449], [-59.118665, -34.246532], [-59.118577, -34.246609], [-59.118487, -34.246689], [-59.118411, -34.246756], [-59.118319, -34.246836], [-59.118223, -34.24692], [-59.11813, -34.247002], [-59.118035, -34.247086], [-59.117938, -34.247171], [-59.117847, -34.24725], [-59.117752, -34.247333], [-59.117697, -34.247381], [-59.1176, -34.247467], [-59.11751, -34.247545], [-59.117415, -34.247628], [-59.117339, -34.247694], [-59.117248, -34.247772], [-59.117157, -34.247853], [-59.117079, -34.247921], [-59.116982, -34.248007], [-59.116912, -34.248068], [-59.116827, -34.248143], [-59.116741, -34.248219], [-59.116656, -34.248294], [-59.11659, -34.248353], [-59.116514, -34.248419], [-59.116424, -34.248498], [-59.116333, -34.248578], [-59.116247, -34.248653], [-59.116156, -34.248733], [-59.116065, -34.248812], [-59.115984, -34.248884], [-59.115901, -34.248957], [-59.11582, -34.249028], [-59.11574, -34.249098], [-59.115674, -34.249155], [-59.115586, -34.249232], [-59.115493, -34.249313], [-59.115399, -34.249395], [-59.115308, -34.249474], [-59.115217, -34.249553], [-59.115124, -34.249634], [-59.115035, -34.249714], [-59.114948, -34.249795], [-59.114902, -34.249838], [-59.114814, -34.24992], [-59.114733, -34.249996], [-59.114672, -34.250053], [-59.114615, -34.250106], [-59.114529, -34.250187], [-59.114442, -34.250269], [-59.114355, -34.25035], [-59.114269, -34.250433], [-59.114227, -34.250475], [-59.114143, -34.250558], [-59.114076, -34.250626], [-59.113992, -34.25071], [-59.113908, -34.250794], [-59.113824, -34.250877], [-59.11374, -34.250961], [-59.113655, -34.251044], [-59.11357, -34.251129], [-59.113493, -34.251206], [-59.113429, -34.25127], [-59.113366, -34.251332], [-59.113327, -34.251371], [-59.113242, -34.251454], [-59.113158, -34.251538], [-59.113074, -34.251621], [-59.112986, -34.251708], [-59.112899, -34.251795], [-59.112815, -34.251877], [-59.112728, -34.251963], [-59.112658, -34.252032], [-59.11259, -34.252099], [-59.112545, -34.252143], [-59.11246, -34.252227], [-59.112376, -34.25231], [-59.112292, -34.252394], [-59.112208, -34.252477], [-59.112124, -34.25256], [-59.112039, -34.252644], [-59.111955, -34.252727], [-59.111871, -34.252811], [-59.111787, -34.252894], [-59.111703, -34.252978], [-59.111618, -34.253061], [-59.111534, -34.253145], [-59.11145, -34.253228], [-59.111365, -34.253312], [-59.111281, -34.253395], [-59.111197, -34.253479], [-59.111112, -34.253563], [-59.111028, -34.253646], [-59.110944, -34.25373], [-59.11086, -34.253814], [-59.110771, -34.253902], [-59.110686, -34.253985], [-59.110602, -34.254069], [-59.110511, -34.254159], [-59.110427, -34.254243], [-59.110343, -34.254326], [-59.110259, -34.25441], [-59.110175, -34.254493], [-59.11009, -34.254577], [-59.110021, -34.254645], [-59.109935, -34.25473], [-59.10985, -34.254813], [-59.109765, -34.254898], [-59.109683, -34.254979], [-59.109595, -34.255065], [-59.10951, -34.255149], [-59.109426, -34.255232], [-59.109341, -34.255315], [-59.109281, -34.255375], [-59.109191, -34.255464], [-59.109104, -34.25555], [-59.10902, -34.255632], [-59.108931, -34.255721], [-59.108849, -34.255801], [-59.108775, -34.255874], [-59.108699, -34.255949], [-59.108632, -34.256015], [-59.108569, -34.256078], [-59.108499, -34.256148], [-59.108414, -34.256232], [-59.108334, -34.256312], [-59.108245, -34.256399], [-59.108158, -34.256486], [-59.108068, -34.256575], [-59.108004, -34.256639], [-59.107914, -34.256729], [-59.107844, -34.256798], [-59.107768, -34.256873], [-59.107708, -34.256932], [-59.107623, -34.257016], [-59.107553, -34.257085], [-59.107481, -34.257156], [-59.107395, -34.257241], [-59.107308, -34.257326], [-59.107245, -34.257388], [-59.107159, -34.257473], [-59.107073, -34.257557], [-59.106987, -34.257642], [-59.106948, -34.257681], [-59.106862, -34.257766], [-59.106776, -34.257851], [-59.10669, -34.257936], [-59.106604, -34.258021], [-59.106518, -34.258106], [-59.106432, -34.258191], [-59.106346, -34.258276], [-59.106269, -34.258353], [-59.106197, -34.258423], [-59.106112, -34.258508], [-59.106026, -34.258593], [-59.105941, -34.258678], [-59.105857, -34.258762], [-59.105771, -34.258847], [-59.105686, -34.258931], [-59.1056, -34.259016], [-59.105515, -34.259101], [-59.105446, -34.25917], [-59.105397, -34.259219], [-59.105314, -34.259301], [-59.105235, -34.25938], [-59.105156, -34.259459], [-59.10507, -34.259545], [-59.104985, -34.25963], [-59.104898, -34.259717], [-59.104808, -34.259807], [-59.104722, -34.259892], [-59.104638, -34.259976], [-59.104568, -34.260045], [-59.104484, -34.260129], [-59.104399, -34.260213], [-59.104314, -34.260297], [-59.104229, -34.260381], [-59.104139, -34.26047], [-59.104054, -34.260554], [-59.10397, -34.260638], [-59.103885, -34.260722], [-59.103841, -34.260765], [-59.103756, -34.260848], [-59.103671, -34.260932], [-59.103586, -34.261016], [-59.103502, -34.2611], [-59.103417, -34.261184], [-59.103332, -34.261268], [-59.103247, -34.261352], [-59.103163, -34.261435], [-59.103078, -34.261518], [-59.103038, -34.261559], [-59.10295, -34.261646], [-59.102863, -34.261733], [-59.102775, -34.26182], [-59.1027, -34.261895], [-59.102621, -34.261974], [-59.10256, -34.262035], [-59.102491, -34.262103], [-59.10243, -34.262164], [-59.102373, -34.262221], [-59.10233, -34.262263], [-59.102245, -34.262348], [-59.102182, -34.26241], [-59.102105, -34.262486], [-59.102025, -34.262565], [-59.101959, -34.262632], [-59.101875, -34.262716], [-59.10179, -34.262801], [-59.101713, -34.262878], [-59.10163, -34.26296], [-59.101572, -34.263018], [-59.101487, -34.263102], [-59.101403, -34.263187], [-59.101318, -34.263271], [-59.101228, -34.26336], [-59.101144, -34.263443], [-59.101098, -34.263488], [-59.101056, -34.26353], [-59.100969, -34.263616], [-59.100886, -34.263698], [-59.100818, -34.263766], [-59.100782, -34.263802], [-59.100696, -34.263888], [-59.100611, -34.263972], [-59.100532, -34.26405], [-59.100444, -34.264137], [-59.100354, -34.264226], [-59.10027, -34.26431], [-59.100185, -34.264394], [-59.1001, -34.264478], [-59.100015, -34.264562], [-59.099931, -34.264645], [-59.099847, -34.26473], [-59.099764, -34.264812], [-59.099681, -34.264896], [-59.099597, -34.26498], [-59.099513, -34.265065], [-59.099429, -34.265149], [-59.099344, -34.265234], [-59.09926, -34.265317], [-59.099175, -34.265401], [-59.099117, -34.265459], [-59.099032, -34.265543], [-59.098955, -34.26562], [-59.098867, -34.265708], [-59.09878, -34.265795], [-59.098696, -34.265879], [-59.098623, -34.265951], [-59.098538, -34.266034], [-59.098453, -34.266118], [-59.098368, -34.266202], [-59.098292, -34.266276], [-59.098207, -34.26636], [-59.098122, -34.266444], [-59.098037, -34.266528], [-59.097952, -34.266612], [-59.097875, -34.266688], [-59.097868, -34.266695], [-59.097794, -34.266768], [-59.097719, -34.266842], [-59.097647, -34.266914], [-59.097613, -34.266946], [-59.097607, -34.266952], [-59.097523, -34.267039], [-59.097511, -34.267053], [-59.097431, -34.267141], [-59.09736, -34.267228], [-59.097298, -34.267326], [-59.097256, -34.267429], [-59.097236, -34.267539], [-59.09723, -34.267624], [-59.097223, -34.26773], [-59.097216, -34.267841], [-59.097208, -34.267952], [-59.097199, -34.268063], [-59.097192, -34.268173], [-59.097184, -34.268282], [-59.097175, -34.268393], [-59.097159, -34.268503], [-59.097119, -34.268608], [-59.097047, -34.268701], [-59.096957, -34.268782], [-59.096861, -34.268859], [-59.096765, -34.268935], [-59.096668, -34.269011], [-59.09657, -34.269087], [-59.096473, -34.269163], [-59.096375, -34.269238], [-59.096276, -34.269313], [-59.096178, -34.269387], [-59.096079, -34.269462], [-59.09598, -34.269537], [-59.095882, -34.269612], [-59.095783, -34.269687], [-59.095694, -34.269755], [-59.095599, -34.269828], [-59.095501, -34.269903], [-59.095402, -34.269978], [-59.095306, -34.270053], [-59.09521, -34.270128], [-59.095114, -34.270202], [-59.095018, -34.270277], [-59.094921, -34.270352], [-59.094824, -34.270428], [-59.094727, -34.270503], [-59.09463, -34.270578], [-59.094537, -34.270651], [-59.094442, -34.270725], [-59.094345, -34.270802], [-59.094252, -34.270874], [-59.094156, -34.270951], [-59.094059, -34.271027], [-59.093962, -34.271103], [-59.093865, -34.27118], [-59.093768, -34.271256], [-59.093669, -34.271331], [-59.09357, -34.271406], [-59.093494, -34.271464], [-59.093394, -34.271539], [-59.093295, -34.271614], [-59.093198, -34.271688], [-59.093099, -34.271764], [-59.093001, -34.271839], [-59.092901, -34.271915], [-59.092805, -34.271989], [-59.092706, -34.272064], [-59.092608, -34.272138], [-59.092511, -34.272213], [-59.092416, -34.272287], [-59.092318, -34.272363], [-59.092221, -34.272438], [-59.092123, -34.272512], [-59.092024, -34.272586], [-59.091955, -34.272638], [-59.091865, -34.272706], [-59.091767, -34.272781], [-59.091669, -34.272855], [-59.091573, -34.272927], [-59.091476, -34.273003], [-59.091387, -34.273084], [-59.0913, -34.273169], [-59.091214, -34.273253], [-59.091128, -34.273338], [-59.091042, -34.273424], [-59.09096, -34.273506], [-59.090876, -34.273589], [-59.090791, -34.273672], [-59.090705, -34.273757], [-59.090619, -34.273841], [-59.090534, -34.273926], [-59.090448, -34.274011], [-59.090365, -34.274095], [-59.090281, -34.274179], [-59.0902, -34.27426], [-59.090116, -34.274344], [-59.09003, -34.274428], [-59.089943, -34.274513], [-59.089862, -34.274593], [-59.089775, -34.274679], [-59.089693, -34.274763], [-59.089608, -34.27485], [-59.089525, -34.274935], [-59.089437, -34.275019], [-59.089347, -34.275101], [-59.089253, -34.27518], [-59.089158, -34.275259], [-59.089068, -34.275335], [-59.088974, -34.275413], [-59.088884, -34.275488], [-59.088792, -34.275564], [-59.088697, -34.275642], [-59.088611, -34.275728], [-59.088541, -34.275823], [-59.088479, -34.275919], [-59.088417, -34.276017], [-59.088356, -34.276116], [-59.088285, -34.276206], [-59.0882, -34.276291], [-59.088117, -34.276374], [-59.088031, -34.276459], [-59.088025, -34.276464], [-59.087959, -34.27653], [-59.08789, -34.276597], [-59.087869, -34.276618], [-59.087863, -34.276624], [-59.087826, -34.27666], [-59.087743, -34.276741], [-59.087737, -34.276747], [-59.087684, -34.276799], [-59.0876, -34.276882], [-59.087518, -34.276963], [-59.087434, -34.277047], [-59.087351, -34.277131], [-59.087267, -34.277215], [-59.087183, -34.277298], [-59.087099, -34.277382], [-59.087016, -34.277464], [-59.086932, -34.277548], [-59.086848, -34.277631], [-59.086764, -34.277715], [-59.086679, -34.277798], [-59.086596, -34.277878], [-59.086512, -34.277962], [-59.086454, -34.278019], [-59.086369, -34.278102], [-59.086285, -34.278186], [-59.086203, -34.278267], [-59.086119, -34.27835], [-59.086035, -34.278434], [-59.085951, -34.278517], [-59.085867, -34.278601], [-59.085783, -34.278684], [-59.085698, -34.278768], [-59.085614, -34.278852], [-59.085529, -34.278935], [-59.085446, -34.279018], [-59.085362, -34.279102], [-59.085278, -34.279185], [-59.085194, -34.279269], [-59.08511, -34.279352], [-59.085051, -34.27941], [-59.085007, -34.279454], [-59.084923, -34.279538], [-59.084839, -34.279622], [-59.084755, -34.279705], [-59.08467, -34.279789], [-59.084586, -34.279873], [-59.084501, -34.279956], [-59.084417, -34.28004], [-59.084333, -34.280124], [-59.084248, -34.280207], [-59.084164, -34.280291], [-59.08409, -34.280364], [-59.084006, -34.280448], [-59.083922, -34.280532], [-59.08386, -34.280593], [-59.083771, -34.280681], [-59.083687, -34.280765], [-59.083604, -34.280849], [-59.08352, -34.280932], [-59.083435, -34.281015], [-59.083351, -34.281099], [-59.083279, -34.281171], [-59.083198, -34.281251], [-59.08312, -34.281328], [-59.083036, -34.281412], [-59.082952, -34.281496], [-59.082867, -34.281579], [-59.08278, -34.281666], [-59.082697, -34.281748], [-59.082613, -34.281832], [-59.082524, -34.281921], [-59.082439, -34.282005], [-59.082359, -34.282085], [-59.082275, -34.282169], [-59.082206, -34.282238], [-59.082123, -34.282321], [-59.082043, -34.2824], [-59.081959, -34.282484], [-59.081874, -34.282568], [-59.08179, -34.282651], [-59.081706, -34.282735], [-59.081643, -34.282798], [-59.081561, -34.28288], [-59.081507, -34.282933], [-59.081423, -34.283017], [-59.081338, -34.283101], [-59.081264, -34.283175], [-59.081185, -34.283252], [-59.081113, -34.283323], [-59.081029, -34.283407], [-59.080943, -34.283491], [-59.080866, -34.283567], [-59.080778, -34.283653], [-59.080738, -34.283693], [-59.080653, -34.283777], [-59.080568, -34.283861], [-59.080483, -34.283945], [-59.080398, -34.28403], [-59.080337, -34.28409], [-59.080252, -34.284175], [-59.080167, -34.284259], [-59.080107, -34.284319], [-59.080022, -34.284403], [-59.079937, -34.284487], [-59.079851, -34.284571], [-59.079766, -34.284655], [-59.079681, -34.284739], [-59.079597, -34.284823], [-59.079512, -34.284908], [-59.079427, -34.284992], [-59.079343, -34.285076], [-59.079258, -34.28516], [-59.079173, -34.285245], [-59.079114, -34.285304], [-59.079029, -34.285388], [-59.078978, -34.285439], [-59.078894, -34.285523], [-59.078809, -34.285607], [-59.078723, -34.285691], [-59.078638, -34.285776], [-59.078553, -34.28586], [-59.078482, -34.285931], [-59.078405, -34.286007], [-59.07832, -34.286091], [-59.078235, -34.286176], [-59.07815, -34.28626], [-59.078065, -34.286344], [-59.07798, -34.286428], [-59.077895, -34.286512], [-59.07781, -34.286597], [-59.077725, -34.286681], [-59.07764, -34.286766], [-59.077556, -34.28685], [-59.077471, -34.286934], [-59.077386, -34.287019], [-59.07731, -34.287095], [-59.077226, -34.28718], [-59.077142, -34.287265], [-59.077093, -34.287314], [-59.077009, -34.287399], [-59.076924, -34.287483], [-59.076839, -34.287568], [-59.076755, -34.287652], [-59.07667, -34.287736], [-59.076586, -34.28782], [-59.076503, -34.287902], [-59.076419, -34.287985], [-59.076335, -34.288069], [-59.076251, -34.288153], [-59.076167, -34.288237], [-59.076083, -34.288322], [-59.076002, -34.288408], [-59.07592, -34.288495], [-59.075839, -34.288581], [-59.075757, -34.288667], [-59.075676, -34.288753], [-59.075594, -34.28884], [-59.075512, -34.288926], [-59.07543, -34.289012], [-59.075349, -34.289098], [-59.075289, -34.289161], [-59.075208, -34.289247], [-59.075157, -34.2893], [-59.075076, -34.289387], [-59.074995, -34.289473], [-59.074914, -34.28956], [-59.074833, -34.289646], [-59.074751, -34.289731], [-59.074668, -34.289818], [-59.074587, -34.289904], [-59.074505, -34.28999], [-59.074423, -34.290077], [-59.074342, -34.290163], [-59.07426, -34.290249], [-59.074179, -34.290336], [-59.074097, -34.290423], [-59.074016, -34.290509], [-59.073934, -34.290595], [-59.073852, -34.290681], [-59.07377, -34.290766], [-59.073688, -34.290852], [-59.073633, -34.290909], [-59.073607, -34.290936], [-59.073535, -34.291013], [-59.073529, -34.291019], [-59.073449, -34.291102], [-59.073372, -34.291183], [-59.07329, -34.291268], [-59.073283, -34.291275], [-59.073226, -34.291335], [-59.073146, -34.291421], [-59.073069, -34.291504], [-59.073057, -34.291517], [-59.072977, -34.291603], [-59.072895, -34.29169], [-59.072822, -34.291768], [-59.072741, -34.291854], [-59.072659, -34.291941], [-59.072578, -34.292026], [-59.072497, -34.292113], [-59.072416, -34.292199], [-59.072335, -34.292285], [-59.072257, -34.292368], [-59.072187, -34.292442], [-59.072104, -34.29253], [-59.072028, -34.292611], [-59.071947, -34.292697], [-59.071864, -34.292785], [-59.071778, -34.292876], [-59.071695, -34.292964], [-59.071609, -34.293054], [-59.071532, -34.293137], [-59.071451, -34.293223], [-59.07137, -34.29331], [-59.071292, -34.293392], [-59.071211, -34.293478], [-59.071129, -34.293564], [-59.071048, -34.293651], [-59.070966, -34.293737], [-59.070885, -34.293824], [-59.070803, -34.29391], [-59.070722, -34.293996], [-59.07064, -34.294083], [-59.070558, -34.294169], [-59.070497, -34.294234], [-59.070419, -34.294317], [-59.070343, -34.294398], [-59.070262, -34.294484], [-59.07018, -34.29457], [-59.070098, -34.294656], [-59.070017, -34.294742], [-59.069935, -34.294829], [-59.069854, -34.294915], [-59.069772, -34.295001], [-59.06969, -34.295088], [-59.069614, -34.295167], [-59.069533, -34.295254], [-59.069451, -34.29534], [-59.069379, -34.295415], [-59.069297, -34.295501], [-59.069222, -34.295579], [-59.069179, -34.295623], [-59.069097, -34.295709], [-59.069016, -34.295796], [-59.068939, -34.295878], [-59.068858, -34.295964], [-59.068778, -34.29605], [-59.068696, -34.296138], [-59.068609, -34.296231], [-59.068527, -34.29632], [-59.068442, -34.296409], [-59.068375, -34.296481], [-59.068314, -34.296546], [-59.068246, -34.296618], [-59.068169, -34.296699], [-59.068103, -34.296769], [-59.068015, -34.296862], [-59.067931, -34.296951], [-59.067855, -34.297032], [-59.067768, -34.297123], [-59.067684, -34.297213], [-59.067626, -34.297275], [-59.067548, -34.297356], [-59.06747, -34.297439], [-59.067387, -34.297527], [-59.067327, -34.29759], [-59.06724, -34.297682], [-59.067153, -34.297774], [-59.067068, -34.297863], [-59.066986, -34.29795], [-59.066906, -34.298035], [-59.066825, -34.29812], [-59.066768, -34.298181], [-59.0667, -34.298254], [-59.066666, -34.298289], [-59.066584, -34.298377], [-59.0665, -34.298466], [-59.066417, -34.298555], [-59.066331, -34.298646], [-59.066257, -34.298725], [-59.066193, -34.298793], [-59.066123, -34.298867], [-59.066069, -34.298924], [-59.066004, -34.298993], [-59.065951, -34.299048], [-59.065865, -34.299139], [-59.065781, -34.299228], [-59.065698, -34.299315], [-59.065613, -34.299404], [-59.06554, -34.29948], [-59.065491, -34.299532], [-59.065455, -34.299569], [-59.065449, -34.299576], [-59.065398, -34.29963], [-59.065317, -34.299716], [-59.065311, -34.299723], [-59.065294, -34.299742], [-59.065213, -34.299828], [-59.065135, -34.299911], [-59.065051, -34.3], [-59.064969, -34.300088], [-59.064884, -34.300179], [-59.0648, -34.300269], [-59.064719, -34.300356], [-59.064665, -34.300414], [-59.06466, -34.30042], [-59.064597, -34.300486], [-59.064592, -34.300491], [-59.064553, -34.300533], [-59.064468, -34.300623], [-59.064389, -34.300706], [-59.064305, -34.300796], [-59.064223, -34.300882], [-59.064141, -34.300969], [-59.06406, -34.301055], [-59.063978, -34.301142], [-59.063897, -34.301228], [-59.063815, -34.301315], [-59.063732, -34.301403], [-59.063645, -34.301495], [-59.063558, -34.301587], [-59.063477, -34.301673], [-59.063402, -34.301752], [-59.063321, -34.301838], [-59.063235, -34.301929], [-59.063153, -34.302015], [-59.063075, -34.302097], [-59.06299, -34.302187], [-59.062919, -34.302263], [-59.062837, -34.30235], [-59.062756, -34.302436], [-59.062668, -34.302528], [-59.062588, -34.302613], [-59.06251, -34.302695], [-59.062428, -34.302782], [-59.062344, -34.30287], [-59.06226, -34.302959], [-59.062175, -34.303048], [-59.062101, -34.303127], [-59.062015, -34.303218], [-59.061926, -34.303312], [-59.061843, -34.303401], [-59.061769, -34.303478], [-59.061684, -34.303569], [-59.0616, -34.303658], [-59.06152, -34.303743], [-59.061438, -34.303831], [-59.061352, -34.303922], [-59.061289, -34.303988], [-59.0612, -34.304082], [-59.061116, -34.304172], [-59.06103, -34.304263], [-59.060946, -34.304351], [-59.060864, -34.304437], [-59.060777, -34.304529], [-59.060692, -34.304619], [-59.060614, -34.304701], [-59.060567, -34.304751], [-59.060485, -34.304837], [-59.060404, -34.304923], [-59.060335, -34.304996], [-59.060255, -34.30508], [-59.060173, -34.305166], [-59.060091, -34.305253], [-59.06002, -34.305326], [-59.059941, -34.305417], [-59.059875, -34.305512], [-59.059813, -34.305618], [-59.05976, -34.30572], [-59.059706, -34.305825], [-59.059665, -34.305903], [-59.059619, -34.305992], [-59.059569, -34.306087], [-59.059514, -34.30619], [-59.059458, -34.306294], [-59.059409, -34.306385], [-59.059357, -34.306481], [-59.059301, -34.306585], [-59.059266, -34.306649], [-59.059254, -34.306671], [-59.0592, -34.306771], [-59.05915, -34.306866], [-59.059098, -34.306966], [-59.059094, -34.306974], [-59.059084, -34.306994], [-59.059062, -34.307037], [-59.059013, -34.307135], [-59.058961, -34.307239], [-59.05893, -34.307305], [-59.058926, -34.307313], [-59.058877, -34.307415], [-59.05883, -34.307508], [-59.058777, -34.307608], [-59.058722, -34.307713], [-59.058673, -34.307808], [-59.058617, -34.307916], [-59.058562, -34.308025], [-59.058521, -34.308107], [-59.058479, -34.308189], [-59.058444, -34.308259], [-59.058385, -34.308364], [-59.058319, -34.30846], [-59.058276, -34.308515], [-59.058195, -34.308612], [-59.05812, -34.308693], [-59.058044, -34.308774], [-59.057962, -34.308861], [-59.057909, -34.308917], [-59.057848, -34.308982], [-59.057779, -34.309056], [-59.057692, -34.309149], [-59.057604, -34.309243], [-59.057521, -34.30933], [-59.057431, -34.309426], [-59.057355, -34.309507], [-59.057272, -34.309596], [-59.057184, -34.309688], [-59.05713, -34.309745], [-59.057056, -34.309824], [-59.056983, -34.309902], [-59.056908, -34.309982], [-59.056832, -34.310062], [-59.056748, -34.310151], [-59.056659, -34.310246], [-59.056578, -34.310332], [-59.056493, -34.310422], [-59.056406, -34.310514], [-59.056355, -34.310569], [-59.056294, -34.310633], [-59.056227, -34.310704], [-59.056143, -34.310793], [-59.056063, -34.310878], [-59.055977, -34.310968], [-59.055888, -34.311062], [-59.055811, -34.311143], [-59.055728, -34.31123], [-59.055649, -34.311314], [-59.055598, -34.311368], [-59.055522, -34.311448], [-59.055456, -34.311518], [-59.055375, -34.311603], [-59.055299, -34.311682], [-59.055219, -34.311767], [-59.055131, -34.311861], [-59.055047, -34.311949], [-59.054963, -34.312038], [-59.054878, -34.312128], [-59.054793, -34.312218], [-59.05471, -34.312306], [-59.054627, -34.312395], [-59.05454, -34.312487], [-59.054458, -34.312574], [-59.054391, -34.312645], [-59.054304, -34.312738], [-59.054241, -34.312804], [-59.054159, -34.312891], [-59.054078, -34.312977], [-59.053994, -34.313066], [-59.053951, -34.313112], [-59.053868, -34.313201], [-59.053788, -34.313284], [-59.053714, -34.313363], [-59.053644, -34.313437], [-59.053565, -34.31352], [-59.053482, -34.313608], [-59.053399, -34.313696], [-59.053314, -34.313786], [-59.053226, -34.313879], [-59.053177, -34.313931], [-59.053106, -34.314006], [-59.053034, -34.314083], [-59.052957, -34.314166], [-59.052887, -34.31424], [-59.052817, -34.314315], [-59.052736, -34.314401], [-59.052652, -34.31449], [-59.052572, -34.314576], [-59.052486, -34.314667], [-59.052431, -34.314725], [-59.05235, -34.314811], [-59.052265, -34.314901], [-59.052178, -34.314992], [-59.052089, -34.315086], [-59.052007, -34.315174], [-59.051926, -34.315259], [-59.051842, -34.315347], [-59.051762, -34.315432], [-59.051674, -34.315525], [-59.051611, -34.315591], [-59.051553, -34.315652], [-59.051489, -34.31572], [-59.051402, -34.315812], [-59.05133, -34.315888], [-59.051254, -34.315967], [-59.05117, -34.316056], [-59.051089, -34.316141], [-59.051011, -34.316224], [-59.050925, -34.316316], [-59.050866, -34.316378], [-59.050798, -34.316451], [-59.050741, -34.316511], [-59.050672, -34.316585], [-59.050598, -34.316663], [-59.050519, -34.316746], [-59.050436, -34.316835], [-59.050362, -34.316913], [-59.05033, -34.316947], [-59.050251, -34.317031], [-59.050191, -34.317094], [-59.050118, -34.317171], [-59.050036, -34.317259], [-59.049952, -34.317346], [-59.049866, -34.317438], [-59.049782, -34.317526], [-59.04971, -34.317602], [-59.049635, -34.317681], [-59.049555, -34.317766], [-59.049492, -34.317832], [-59.049418, -34.31791], [-59.049359, -34.317972], [-59.049288, -34.318048], [-59.049221, -34.318118], [-59.049152, -34.318191], [-59.049063, -34.318286], [-59.048994, -34.318359], [-59.04891, -34.318449], [-59.048827, -34.318537], [-59.048753, -34.318615], [-59.048679, -34.318693], [-59.048594, -34.318784], [-59.048509, -34.318875], [-59.048423, -34.318966], [-59.048342, -34.319053], [-59.048261, -34.319139], [-59.048178, -34.319227], [-59.048098, -34.319313], [-59.048017, -34.319399], [-59.047966, -34.319454], [-59.047913, -34.31951], [-59.047857, -34.319569], [-59.047786, -34.319644], [-59.047719, -34.319715], [-59.047644, -34.319793], [-59.047562, -34.319881], [-59.047483, -34.319964], [-59.047398, -34.320054], [-59.047333, -34.320123], [-59.047257, -34.320203], [-59.047172, -34.320292], [-59.047107, -34.320361], [-59.047027, -34.320445], [-59.046956, -34.320521], [-59.046883, -34.320598], [-59.046798, -34.320688], [-59.046717, -34.320775], [-59.046636, -34.32086], [-59.046549, -34.320953], [-59.046487, -34.32102], [-59.046412, -34.321099], [-59.046337, -34.321178], [-59.046251, -34.32127], [-59.046169, -34.321357], [-59.046087, -34.321444], [-59.046, -34.321537], [-59.045913, -34.321629], [-59.045825, -34.321723], [-59.045736, -34.321817], [-59.045679, -34.321877], [-59.045601, -34.32196], [-59.04552, -34.322045], [-59.045435, -34.322135], [-59.045353, -34.322222], [-59.04527, -34.322309], [-59.045186, -34.322399], [-59.045099, -34.32249], [-59.045013, -34.32258], [-59.044923, -34.322675], [-59.044879, -34.322722], [-59.0448, -34.322805], [-59.044719, -34.322891], [-59.044644, -34.32297], [-59.044568, -34.32305], [-59.044489, -34.323133], [-59.044402, -34.323225], [-59.044317, -34.323314], [-59.044237, -34.323398], [-59.04415, -34.32349], [-59.044083, -34.323561], [-59.044012, -34.323636], [-59.043927, -34.323727], [-59.043852, -34.323807], [-59.043766, -34.3239], [-59.043681, -34.32399], [-59.043599, -34.324077], [-59.043514, -34.324167], [-59.043428, -34.324257], [-59.04336, -34.324329], [-59.043287, -34.324407], [-59.043206, -34.324493], [-59.043127, -34.324577], [-59.043051, -34.324657], [-59.042973, -34.32474], [-59.042891, -34.324827], [-59.042808, -34.324914], [-59.042723, -34.325003], [-59.04267, -34.325058], [-59.042622, -34.325108], [-59.042543, -34.325191], [-59.042494, -34.325242], [-59.042406, -34.325333], [-59.042322, -34.325421], [-59.042271, -34.325475], [-59.042227, -34.32552], [-59.04214, -34.325611], [-59.04205, -34.325705], [-59.04196, -34.325798], [-59.041873, -34.325889], [-59.04182, -34.325945], [-59.041754, -34.326013], [-59.041676, -34.326095], [-59.041595, -34.326179], [-59.041508, -34.326272], [-59.04142, -34.326364], [-59.041332, -34.326455], [-59.041243, -34.326549], [-59.041152, -34.326644], [-59.041066, -34.326733], [-59.041, -34.326803], [-59.040925, -34.32688], [-59.040845, -34.326963], [-59.040763, -34.327047], [-59.040678, -34.327137], [-59.040597, -34.327223], [-59.040515, -34.327309], [-59.040448, -34.327379], [-59.040362, -34.327466], [-59.040278, -34.327551], [-59.040191, -34.32764], [-59.040108, -34.327726], [-59.040024, -34.327815], [-59.039936, -34.327907], [-59.039854, -34.327993], [-59.039766, -34.328084], [-59.039679, -34.328176], [-59.039638, -34.328219], [-59.039564, -34.328293], [-59.03947, -34.32837], [-59.039421, -34.328406], [-59.039322, -34.328482], [-59.039222, -34.328559], [-59.039118, -34.328639], [-59.039016, -34.328718], [-59.038931, -34.328784], [-59.038831, -34.328862], [-59.038792, -34.328892], [-59.038759, -34.328918], [-59.038659, -34.328995], [-59.038559, -34.329072], [-59.038478, -34.329135], [-59.038406, -34.329191], [-59.038304, -34.329269], [-59.038232, -34.329325], [-59.038135, -34.3294], [-59.038046, -34.329468], [-59.037952, -34.329541], [-59.037848, -34.329621], [-59.037747, -34.329698], [-59.037677, -34.329751], [-59.037581, -34.329826], [-59.037507, -34.329883], [-59.037431, -34.329941], [-59.037342, -34.330009], [-59.037276, -34.330061], [-59.03722, -34.330106], [-59.037152, -34.330159], [-59.037059, -34.330232], [-59.036976, -34.330298], [-59.036903, -34.330356], [-59.036815, -34.330426], [-59.036735, -34.33049], [-59.03665, -34.330557], [-59.036549, -34.330638], [-59.036501, -34.330676], [-59.036414, -34.330745], [-59.036336, -34.330807], [-59.036253, -34.330874], [-59.036172, -34.330938], [-59.036092, -34.331002], [-59.036002, -34.331073], [-59.03592, -34.331139], [-59.035824, -34.331216], [-59.035743, -34.33128], [-59.03567, -34.331338], [-59.0356, -34.331394], [-59.035508, -34.331466], [-59.035434, -34.331525], [-59.035344, -34.331597], [-59.035287, -34.331642], [-59.035211, -34.331703], [-59.035127, -34.331769], [-59.035055, -34.331826], [-59.034966, -34.331896], [-59.034881, -34.331964], [-59.034794, -34.332032], [-59.034708, -34.3321], [-59.034625, -34.332166], [-59.034532, -34.33224], [-59.034454, -34.332301], [-59.034359, -34.332377], [-59.034254, -34.33246], [-59.034181, -34.332518], [-59.034095, -34.332586], [-59.033999, -34.332662], [-59.033904, -34.332738], [-59.033814, -34.33281], [-59.033719, -34.332886], [-59.033623, -34.332962], [-59.033551, -34.333019], [-59.03347, -34.333083], [-59.033402, -34.333136], [-59.033336, -34.333188], [-59.033267, -34.333242], [-59.033171, -34.333318], [-59.033164, -34.333324], [-59.033134, -34.333349], [-59.033042, -34.333424], [-59.033026, -34.333437], [-59.032929, -34.333513], [-59.032921, -34.333519], [-59.03287, -34.333559], [-59.032853, -34.333573], [-59.032757, -34.333648], [-59.032697, -34.333697], [-59.03263, -34.333751], [-59.032537, -34.333825], [-59.03244, -34.333903], [-59.032349, -34.333976], [-59.032248, -34.334056], [-59.032148, -34.334135], [-59.032048, -34.334215], [-59.031954, -34.33429], [-59.03187, -34.334357], [-59.031775, -34.334432], [-59.031681, -34.334507], [-59.03158, -34.334587], [-59.031484, -34.334663], [-59.031389, -34.334738], [-59.031293, -34.334814], [-59.031198, -34.33489], [-59.031107, -34.334962], [-59.031013, -34.335036], [-59.03097, -34.33507], [-59.030874, -34.335146], [-59.030778, -34.335222], [-59.03069, -34.335291], [-59.030593, -34.335366], [-59.030496, -34.335442], [-59.030415, -34.335506], [-59.030338, -34.335567], [-59.030235, -34.335647], [-59.030187, -34.335685], [-59.0301, -34.335754], [-59.030004, -34.335829], [-59.029908, -34.335904], [-59.029857, -34.335943], [-59.029761, -34.336018], [-59.029681, -34.336081], [-59.02959, -34.336152], [-59.029509, -34.336214], [-59.029411, -34.336291], [-59.029312, -34.336369], [-59.029216, -34.336445], [-59.029208, -34.33645], [-59.029144, -34.3365], [-59.029044, -34.336577], [-59.028946, -34.336653], [-59.028849, -34.336728], [-59.028841, -34.336734], [-59.028797, -34.336769], [-59.028714, -34.336834], [-59.028618, -34.336909], [-59.028563, -34.336952], [-59.028478, -34.337019], [-59.028407, -34.337075], [-59.028341, -34.337126], [-59.028249, -34.337198], [-59.028164, -34.337263], [-59.028092, -34.33732], [-59.027989, -34.3374], [-59.027898, -34.337471], [-59.027802, -34.337546], [-59.027706, -34.337622], [-59.027661, -34.337657], [-59.027565, -34.337733], [-59.027469, -34.337808], [-59.027398, -34.337863], [-59.027328, -34.337918], [-59.027232, -34.337993], [-59.027145, -34.338061], [-59.027049, -34.338136], [-59.026955, -34.338209], [-59.026879, -34.338269], [-59.026807, -34.338325], [-59.026711, -34.338401], [-59.026633, -34.338462], [-59.026537, -34.338538], [-59.026441, -34.338613], [-59.026345, -34.338689], [-59.026249, -34.338764], [-59.026147, -34.338844], [-59.026051, -34.338919], [-59.025955, -34.338994], [-59.025882, -34.339051], [-59.025786, -34.339126], [-59.025684, -34.339207], [-59.025588, -34.339282], [-59.025492, -34.339357], [-59.025399, -34.33943], [-59.025297, -34.339509], [-59.025198, -34.339587], [-59.025094, -34.339668], [-59.024998, -34.339743], [-59.024895, -34.339824], [-59.024794, -34.339902], [-59.024698, -34.339977], [-59.024602, -34.340053], [-59.024506, -34.340128], [-59.02441, -34.340203], [-59.024314, -34.340278], [-59.024218, -34.340354], [-59.024122, -34.340429], [-59.02406, -34.340477], [-59.023964, -34.340552], [-59.023869, -34.340628], [-59.023782, -34.340695], [-59.023705, -34.340755], [-59.023612, -34.340827], [-59.023517, -34.340902], [-59.023415, -34.340981], [-59.02332, -34.341055], [-59.023224, -34.34113], [-59.023154, -34.341185], [-59.023057, -34.34126], [-59.022968, -34.34133], [-59.022895, -34.341387], [-59.022804, -34.341458], [-59.022708, -34.341533], [-59.022607, -34.341612], [-59.022506, -34.341691], [-59.022404, -34.341771], [-59.022308, -34.341846], [-59.02225, -34.341892], [-59.02215, -34.341971], [-59.022049, -34.342051], [-59.021953, -34.342126], [-59.021869, -34.342192], [-59.021771, -34.342269], [-59.021672, -34.342346], [-59.021573, -34.342423], [-59.021477, -34.342498], [-59.021376, -34.342576], [-59.021278, -34.342653], [-59.021176, -34.342731], [-59.021085, -34.342803], [-59.020983, -34.342882], [-59.020881, -34.342963], [-59.020784, -34.343039], [-59.020686, -34.343116], [-59.020597, -34.343185], [-59.020497, -34.343264], [-59.020401, -34.34334], [-59.0203, -34.343419], [-59.020202, -34.343496], [-59.020103, -34.343574], [-59.020002, -34.343653], [-59.019904, -34.34373], [-59.019836, -34.343783], [-59.019739, -34.343859], [-59.01964, -34.343936], [-59.019552, -34.344004], [-59.019466, -34.344071], [-59.019386, -34.344134], [-59.019311, -34.344192], [-59.019238, -34.344249], [-59.019141, -34.344324], [-59.019043, -34.344401], [-59.018975, -34.344454], [-59.018874, -34.344534], [-59.018772, -34.344614], [-59.018678, -34.344687], [-59.018576, -34.344767], [-59.018481, -34.344841], [-59.018389, -34.344913], [-59.018291, -34.344989], [-59.018193, -34.345066], [-59.018094, -34.345143], [-59.018014, -34.345206], [-59.017919, -34.34528], [-59.017821, -34.345357], [-59.017721, -34.345435], [-59.01762, -34.345515], [-59.017518, -34.345594], [-59.017418, -34.345672], [-59.01733, -34.345742], [-59.017249, -34.345805], [-59.017167, -34.345869], [-59.017089, -34.345931], [-59.016992, -34.346006], [-59.016892, -34.346085], [-59.016791, -34.346164], [-59.01669, -34.346243], [-59.01661, -34.346305], [-59.016511, -34.346382], [-59.016411, -34.34646], [-59.016325, -34.346527], [-59.016236, -34.346597], [-59.016178, -34.346642], [-59.016086, -34.346714], [-59.015989, -34.34679], [-59.015896, -34.346862], [-59.015802, -34.346936], [-59.015701, -34.347015], [-59.015646, -34.347058], [-59.015597, -34.347096], [-59.015496, -34.347175], [-59.015454, -34.347208], [-59.015375, -34.347256], [-59.015354, -34.347266], [-59.015257, -34.347323], [-59.01525, -34.347328], [-59.015247, -34.347331], [-59.015206, -34.347362], [-59.015198, -34.347367], [-59.015188, -34.347376], [-59.015182, -34.34738], [-59.015177, -34.347384], [-59.015167, -34.347392], [-59.015162, -34.347395], [-59.015095, -34.347448], [-59.01504, -34.347491]]}},
{"type": "Feature", "properties": {"ProjectID": "P7844", "OBJECTID": 92329, "ID_LIC": "N3P", "Gasoducto": 10002014, "Tramo": 10002014001, "TdTrm": "Paralelo", "PkiTrm": 123, "PkfTrm": 123000, "Long": 41.86, "PrsDsn": 60.35, "Mapo": 59.8, "Diametro": 30, "Espesor": 8.74, "MatNyG": "X52", "Construc": " ", "FchHab": null, "PrsMaxPru": 0, "PrsMinPru": 0, "FldPru": " ", "FchPru": null, "Unifilar": " ", "Fuente": " ", "Licenciataria": 10002, "ID_TEOS": null, "Obs": " "}, "geometry": {"type": "LineString", "coordinates": [[-60.421334, -33.342022], [-60.421248, -33.342097], [-60.421161, -33.342173], [-60.421074, -33.342249], [-60.420986, -33.342325], [-60.420897, -33.342402], [-60.42082, -33.342468], [-60.420732, -33.342545], [-60.420649, -33.342617], [-60.420563, -33.342692], [-60.420475, -33.342769], [-60.420387, -33.342846], [-60.420299, -33.342922], [-60.420212, -33.342998], [-60.420124, -33.343074], [-60.420036, -33.343151], [-60.419952, -33.343224], [-60.419863, -33.3433], [-60.419788, -33.343364], [-60.419701, -33.343439], [-60.419615, -33.343513], [-60.419541, -33.343577], [-60.419455, -33.343652], [-60.419368, -33.343727], [-60.419282, -33.343802], [-60.419194, -33.343879], [-60.41911, -33.343953], [-60.419032, -33.344021], [-60.419005, -33.344045], [-60.418956, -33.344087], [-60.418895, -33.344141], [-60.41886, -33.344171], [-60.418815, -33.34421], [-60.418745, -33.344271], [-60.418666, -33.344338], [-60.418597, -33.344398], [-60.418534, -33.344451], [-60.418508, -33.344474], [-60.41842, -33.34455], [-60.418336, -33.344623], [-60.418248, -33.3447], [-60.418178, -33.34476], [-60.41809, -33.344837], [-60.41801, -33.344907], [-60.417945, -33.344963], [-60.417856, -33.34504], [-60.417781, -33.345105], [-60.417749, -33.345133], [-60.417704, -33.345173], [-60.41762, -33.345246], [-60.417532, -33.345322], [-60.417453, -33.34539], [-60.417375, -33.345458], [-60.417287, -33.345535], [-60.4172, -33.345611], [-60.417113, -33.345687], [-60.417026, -33.345763], [-60.416948, -33.34583], [-60.416873, -33.345896], [-60.416798, -33.34596], [-60.41671, -33.346036], [-60.416627, -33.346107], [-60.416539, -33.346183], [-60.416458, -33.346253], [-60.41637, -33.346329], [-60.416282, -33.346406], [-60.416224, -33.346455], [-60.416161, -33.346509], [-60.41611, -33.346554], [-60.416074, -33.346585], [-60.416003, -33.346646], [-60.415915, -33.346721], [-60.415827, -33.346797], [-60.415787, -33.346831], [-60.415744, -33.346868], [-60.415655, -33.346944], [-60.415572, -33.347016], [-60.415482, -33.347092], [-60.415393, -33.347168], [-60.415312, -33.347238], [-60.415229, -33.34731], [-60.41514, -33.347386], [-60.415057, -33.347458], [-60.414969, -33.347534], [-60.414888, -33.347603], [-60.41481, -33.347671], [-60.414731, -33.347739], [-60.41465, -33.347808], [-60.414569, -33.347877], [-60.41449, -33.347946], [-60.41444, -33.347988], [-60.414407, -33.348017], [-60.41433, -33.348084], [-60.414283, -33.348125], [-60.414249, -33.348154], [-60.414218, -33.34818], [-60.414167, -33.348224], [-60.414109, -33.348274], [-60.414081, -33.348297], [-60.414045, -33.348329], [-60.414001, -33.348366], [-60.413959, -33.348403], [-60.41392, -33.348437], [-60.413891, -33.348462], [-60.413831, -33.348514], [-60.413747, -33.348586], [-60.413712, -33.348616], [-60.413658, -33.348663], [-60.41363, -33.348687], [-60.41357, -33.348737], [-60.413482, -33.348812], [-60.413457, -33.348834], [-60.413409, -33.348874], [-60.41338, -33.3489], [-60.413321, -33.348951], [-60.4133, -33.348969], [-60.413238, -33.349022], [-60.4132, -33.349055], [-60.413156, -33.349093], [-60.413119, -33.349125], [-60.413077, -33.349161], [-60.412985, -33.349239], [-60.4129, -33.349313], [-60.412812, -33.349388], [-60.412724, -33.349464], [-60.412637, -33.34954], [-60.412567, -33.3496], [-60.412482, -33.349674], [-60.41242, -33.349727], [-60.412334, -33.349801], [-60.412309, -33.349823], [-60.412264, -33.349862], [-60.41223, -33.349892], [-60.412188, -33.349928], [-60.412139, -33.34997], [-60.412099, -33.350005], [-60.41208, -33.350022], [-60.412017, -33.350077], [-60.411935, -33.350147], [-60.411846, -33.350223], [-60.411766, -33.350291], [-60.411719, -33.350332], [-60.411688, -33.350358], [-60.411653, -33.350388], [-60.41162, -33.350418], [-60.411577, -33.350454], [-60.411534, -33.350492], [-60.411495, -33.350525], [-60.411469, -33.350547], [-60.411381, -33.350624], [-60.411328, -33.35067], [-60.4113, -33.350695], [-60.411259, -33.35073], [-60.411224, -33.35076], [-60.411154, -33.350821], [-60.411064, -33.350899], [-60.411042, -33.350918], [-60.41099, -33.350962], [-60.410946, -33.351001], [-60.410908, -33.351034], [-60.41088, -33.351059], [-60.410838, -33.351094], [-60.41075, -33.351171], [-60.410716, -33.3512], [-60.410689, -33.351224], [-60.410657, -33.351251], [-60.410611, -33.351291], [-60.410558, -33.351337], [-60.410537, -33.351355], [-60.41048, -33.351405], [-60.410459, -33.351423], [-60.410373, -33.351497], [-60.410326, -33.351538], [-60.410295, -33.351565], [-60.410271, -33.351585], [-60.410215, -33.351633], [-60.410179, -33.351665], [-60.410125, -33.351711], [-60.410097, -33.351735], [-60.410047, -33.351779], [-60.409958, -33.351856], [-60.409934, -33.351877], [-60.409876, -33.351927], [-60.409837, -33.351962], [-60.409831, -33.351967], [-60.409797, -33.351996], [-60.409771, -33.352019], [-60.409681, -33.352095], [-60.409657, -33.352116], [-60.409615, -33.352152], [-60.409565, -33.352194], [-60.409537, -33.352217], [-60.409448, -33.352292], [-60.40936, -33.352366], [-60.409309, -33.35241], [-60.40927, -33.352442], [-60.409245, -33.352463], [-60.409181, -33.352518], [-60.40914, -33.352552], [-60.409099, -33.352587], [-60.409008, -33.352663], [-60.408963, -33.352701], [-60.408921, -33.352736], [-60.408851, -33.352795], [-60.408829, -33.352813], [-60.408763, -33.352869], [-60.408738, -33.35289], [-60.408711, -33.352912], [-60.408671, -33.352947], [-60.408637, -33.352976], [-60.40859, -33.353015], [-60.408501, -33.353091], [-60.408479, -33.35311], [-60.408414, -33.353165], [-60.408361, -33.35321], [-60.408341, -33.353227], [-60.408306, -33.353256], [-60.40825, -33.353303], [-60.408223, -33.353326], [-60.408175, -33.353366], [-60.408111, -33.35342], [-60.408095, -33.353434], [-60.408034, -33.353485], [-60.40801, -33.353505], [-60.407922, -33.35358], [-60.407884, -33.353612], [-60.407835, -33.353654], [-60.407802, -33.353681], [-60.407763, -33.353714], [-60.407736, -33.353736], [-60.407675, -33.353787], [-60.407651, -33.353807], [-60.407603, -33.353848], [-60.407513, -33.353923], [-60.407485, -33.353947], [-60.407434, -33.35399], [-60.407344, -33.354066], [-60.407257, -33.35414], [-60.407177, -33.354208], [-60.407123, -33.354253], [-60.40709, -33.354282], [-60.40706, -33.354307], [-60.40701, -33.35435], [-60.406957, -33.354395], [-60.40693, -33.354418], [-60.406841, -33.354493], [-60.40679, -33.354536], [-60.40675, -33.35457], [-60.406728, -33.354588], [-60.406668, -33.354638], [-60.406634, -33.354667], [-60.406596, -33.354699], [-60.406558, -33.354731], [-60.406503, -33.354777], [-60.406449, -33.354823], [-60.406418, -33.354849], [-60.406329, -33.354925], [-60.406272, -33.354973], [-60.406241, -33.354999], [-60.406188, -33.355044], [-60.406151, -33.355076], [-60.40613, -33.355093], [-60.406074, -33.35514], [-60.405983, -33.355217], [-60.405917, -33.355273], [-60.405828, -33.355347], [-60.405748, -33.355415], [-60.405671, -33.355479], [-60.405582, -33.355555], [-60.405508, -33.355617], [-60.405434, -33.355681], [-60.405345, -33.355756], [-60.40527, -33.355819], [-60.405179, -33.355896], [-60.405101, -33.355962], [-60.405013, -33.356036], [-60.404929, -33.356107], [-60.40485, -33.356174], [-60.404761, -33.35625], [-60.404684, -33.356314], [-60.404595, -33.35639], [-60.404508, -33.356464], [-60.40442, -33.356538], [-60.404332, -33.356614], [-60.404244, -33.356688], [-60.404154, -33.356762], [-60.404067, -33.356836], [-60.403975, -33.356911], [-60.403885, -33.356986], [-60.403795, -33.35706], [-60.403731, -33.357112], [-60.403638, -33.357187], [-60.403546, -33.357262], [-60.403454, -33.357337], [-60.403362, -33.357411], [-60.403273, -33.357484], [-60.40324, -33.357511], [-60.40318, -33.35756], [-60.40314, -33.357593], [-60.403089, -33.357635], [-60.403008, -33.357701], [-60.402965, -33.357736], [-60.402916, -33.357777], [-60.402825, -33.357852], [-60.402735, -33.357925], [-60.402644, -33.358001], [-60.402553, -33.358076], [-60.402462, -33.358151], [-60.402374, -33.358223], [-60.402284, -33.358298], [-60.402193, -33.358372], [-60.402152, -33.358406], [-60.4021, -33.358449], [-60.402009, -33.358524], [-60.401917, -33.3586], [-60.401826, -33.358674], [-60.401736, -33.358749], [-60.401699, -33.35878], [-60.401657, -33.358815], [-60.401571, -33.358887], [-60.401515, -33.358933], [-60.401486, -33.358957], [-60.401402, -33.359027], [-60.401311, -33.359102], [-60.401228, -33.35917], [-60.401139, -33.359243], [-60.401091, -33.359282], [-60.401062, -33.359306], [-60.40097, -33.359383], [-60.400885, -33.359452], [-60.400793, -33.359528], [-60.400747, -33.359566], [-60.400705, -33.3596], [-60.400614, -33.359675], [-60.400524, -33.35975], [-60.400432, -33.359824], [-60.400343, -33.359899], [-60.400254, -33.359972], [-60.400229, -33.359992], [-60.400162, -33.360048], [-60.400076, -33.360118], [-60.399984, -33.360194], [-60.399895, -33.360268], [-60.399821, -33.36033], [-60.399743, -33.360395], [-60.399697, -33.360433], [-60.399676, -33.36045], [-60.399597, -33.360515], [-60.399507, -33.36059], [-60.399416, -33.360665], [-60.399326, -33.360739], [-60.399235, -33.360814], [-60.399191, -33.360849], [-60.399166, -33.36087], [-60.399075, -33.360945], [-60.398984, -33.36102], [-60.398895, -33.361094], [-60.398819, -33.361156], [-60.398727, -33.361232], [-60.398637, -33.361305], [-60.398546, -33.36138], [-60.398456, -33.361454], [-60.398367, -33.361528], [-60.398282, -33.361598], [-60.398215, -33.361653], [-60.39819, -33.361673], [-60.398103, -33.361745], [-60.398012, -33.361821], [-60.397922, -33.361897], [-60.397831, -33.361972], [-60.397741, -33.362047], [-60.397652, -33.362121], [-60.39756, -33.362196], [-60.397468, -33.362271], [-60.397377, -33.362346], [-60.397286, -33.362421], [-60.397262, -33.36244], [-60.397195, -33.362497], [-60.397104, -33.362572], [-60.397013, -33.362648], [-60.396922, -33.362723], [-60.396856, -33.362777], [-60.396766, -33.362852], [-60.396699, -33.362906], [-60.396607, -33.362982], [-60.396516, -33.363056], [-60.396428, -33.363129], [-60.396336, -33.363205], [-60.396245, -33.363281], [-60.396162, -33.363349], [-60.396073, -33.363423], [-60.395982, -33.363498], [-60.39591, -33.363557], [-60.395819, -33.363633], [-60.395754, -33.363686], [-60.395664, -33.36376], [-60.395594, -33.363818], [-60.395505, -33.363891], [-60.395416, -33.363966], [-60.395324, -33.364041], [-60.395234, -33.364116], [-60.395142, -33.364192], [-60.39505, -33.364267], [-60.394962, -33.36434], [-60.39489, -33.364399], [-60.3948, -33.364472], [-60.394736, -33.364526], [-60.394645, -33.364601], [-60.394554, -33.364676], [-60.394463, -33.364752], [-60.394372, -33.364827], [-60.394281, -33.364902], [-60.39419, -33.364977], [-60.394099, -33.365053], [-60.394008, -33.365128], [-60.393917, -33.365204], [-60.393826, -33.365279], [-60.393736, -33.365353], [-60.393645, -33.365428], [-60.393554, -33.365503], [-60.393462, -33.365578], [-60.393371, -33.365653], [-60.393281, -33.365727], [-60.393195, -33.365797], [-60.393105, -33.365871], [-60.393013, -33.365948], [-60.392952, -33.365999], [-60.392862, -33.366073], [-60.39277, -33.366149], [-60.392685, -33.36622], [-60.392595, -33.366295], [-60.392503, -33.36637], [-60.392413, -33.366445], [-60.392335, -33.366507], [-60.392258, -33.366574], [-60.392237, -33.366593], [-60.39216, -33.366662], [-60.392075, -33.366741], [-60.392004, -33.366807], [-60.391917, -33.366885], [-60.391831, -33.366961], [-60.391764, -33.367021], [-60.391679, -33.367097], [-60.391592, -33.367176], [-60.391506, -33.367254], [-60.391428, -33.367326], [-60.391342, -33.367405], [-60.391277, -33.367463], [-60.391191, -33.36754], [-60.391131, -33.367593], [-60.391046, -33.36767], [-60.39096, -33.367747], [-60.390873, -33.367825], [-60.390787, -33.367903], [-60.390701, -33.367981], [-60.390615, -33.36806], [-60.390529, -33.368138], [-60.390448, -33.368212], [-60.390362, -33.368291], [-60.390275, -33.36837], [-60.390189, -33.368449], [-60.390102, -33.368527], [-60.390017, -33.368605], [-60.389931, -33.368684], [-60.389843, -33.368759], [-60.38975, -33.368832], [-60.389656, -33.368905], [-60.389591, -33.368955], [-60.389502, -33.369024], [-60.389437, -33.369075], [-60.389344, -33.369147], [-60.389251, -33.36922], [-60.389164, -33.369288], [-60.389072, -33.36936], [-60.388981, -33.369431], [-60.388889, -33.369503], [-60.388797, -33.369576], [-60.388705, -33.369648], [-60.388612, -33.369721], [-60.388519, -33.369793], [-60.388425, -33.369866], [-60.388335, -33.369937], [-60.388243, -33.37001], [-60.38815, -33.370083], [-60.388056, -33.370156], [-60.387963, -33.370229], [-60.387873, -33.3703], [-60.387779, -33.370373], [-60.387701, -33.370433], [-60.387608, -33.370505], [-60.387513, -33.370579], [-60.387419, -33.370652], [-60.387327, -33.370725], [-60.387233, -33.370799], [-60.38714, -33.370873], [-60.387045, -33.370947], [-60.386953, -33.37102], [-60.38686, -33.371092], [-60.386768, -33.371164], [-60.386705, -33.371213], [-60.386613, -33.371286], [-60.386533, -33.371348], [-60.38644, -33.371421], [-60.386363, -33.371482], [-60.386271, -33.371554], [-60.386178, -33.371628], [-60.386086, -33.3717], [-60.385994, -33.371772], [-60.385901, -33.371845], [-60.385808, -33.371917], [-60.385721, -33.371984], [-60.385627, -33.372057], [-60.385533, -33.37213], [-60.385447, -33.372198], [-60.38536, -33.372267], [-60.385267, -33.37234], [-60.385182, -33.372407], [-60.385089, -33.37248], [-60.384996, -33.372553], [-60.384904, -33.372625], [-60.384811, -33.372699], [-60.38472, -33.372771], [-60.384628, -33.372843], [-60.384564, -33.372894], [-60.384471, -33.372968], [-60.384378, -33.37304], [-60.384287, -33.373111], [-60.384194, -33.373183], [-60.384104, -33.373253], [-60.384011, -33.373326], [-60.38392, -33.373398], [-60.383828, -33.373471], [-60.383734, -33.373545], [-60.383642, -33.373617], [-60.383555, -33.373685], [-60.383482, -33.373742], [-60.383389, -33.373816], [-60.383318, -33.373871], [-60.383229, -33.37394], [-60.383139, -33.374011], [-60.383045, -33.374084], [-60.382952, -33.374158], [-60.382858, -33.374231], [-60.382776, -33.374295], [-60.382682, -33.374368], [-60.382605, -33.374428], [-60.382514, -33.374499], [-60.382446, -33.374552], [-60.382354, -33.374624], [-60.382281, -33.374682], [-60.382187, -33.374755], [-60.382095, -33.374828], [-60.382014, -33.374892], [-60.381921, -33.374964], [-60.381845, -33.375024], [-60.381766, -33.375085], [-60.381675, -33.375157], [-60.381582, -33.375229], [-60.381495, -33.375297], [-60.381402, -33.375369], [-60.381323, -33.375432], [-60.38123, -33.375504], [-60.381139, -33.375576], [-60.38105, -33.375645], [-60.380957, -33.375718], [-60.380863, -33.375791], [-60.380774, -33.375861], [-60.380709, -33.375912], [-60.380618, -33.375985], [-60.38055, -33.376039], [-60.380457, -33.376111], [-60.380383, -33.376169], [-60.38029, -33.376242], [-60.380217, -33.3763], [-60.380125, -33.376372], [-60.380035, -33.376442], [-60.379949, -33.376509], [-60.379884, -33.37656], [-60.379796, -33.376628], [-60.379732, -33.376677], [-60.379641, -33.376749], [-60.379573, -33.376803], [-60.379479, -33.376876], [-60.379385, -33.376949], [-60.37931, -33.377008], [-60.379221, -33.377078], [-60.379133, -33.377148], [-60.379052, -33.377211], [-60.378981, -33.377266], [-60.378959, -33.377283], [-60.378916, -33.377316], [-60.378824, -33.377388], [-60.378731, -33.377461], [-60.378658, -33.377519], [-60.378583, -33.377577], [-60.378492, -33.377649], [-60.3784, -33.377722], [-60.378322, -33.377782], [-60.378238, -33.377848], [-60.378143, -33.377922], [-60.378069, -33.37798], [-60.377975, -33.378053], [-60.377882, -33.378126], [-60.37779, -33.378198], [-60.377696, -33.378273], [-60.377604, -33.378346], [-60.377511, -33.378419], [-60.377418, -33.378492], [-60.377325, -33.378565], [-60.377247, -33.378627], [-60.377156, -33.378698], [-60.37708, -33.378758], [-60.376997, -33.378822], [-60.376906, -33.378893], [-60.376818, -33.378961], [-60.376738, -33.379024], [-60.376645, -33.379097], [-60.376554, -33.379168], [-60.376462, -33.379241], [-60.376369, -33.379314], [-60.376354, -33.379326], [-60.376275, -33.379387], [-60.376185, -33.379458], [-60.376093, -33.379531], [-60.376, -33.379604], [-60.375908, -33.379676], [-60.375815, -33.379748], [-60.375726, -33.379818], [-60.375636, -33.379889], [-60.375543, -33.379961], [-60.375467, -33.380021], [-60.375376, -33.380092], [-60.375303, -33.380149], [-60.375215, -33.380218], [-60.375126, -33.380288], [-60.375035, -33.380359], [-60.374948, -33.380428], [-60.374856, -33.3805], [-60.374781, -33.380558], [-60.374688, -33.38063], [-60.374608, -33.380692], [-60.374538, -33.380746], [-60.374445, -33.380818], [-60.374365, -33.380882], [-60.374297, -33.380935], [-60.374208, -33.381006], [-60.374142, -33.381058], [-60.374048, -33.381132], [-60.373979, -33.381186], [-60.373887, -33.381259], [-60.373821, -33.38131], [-60.373726, -33.381384], [-60.373641, -33.38145], [-60.373549, -33.381523], [-60.373456, -33.381596], [-60.373373, -33.381661], [-60.373281, -33.381733], [-60.373189, -33.381805], [-60.373097, -33.381877], [-60.373005, -33.381949], [-60.372912, -33.382022], [-60.372819, -33.382094], [-60.372727, -33.382166], [-60.372634, -33.382239], [-60.372541, -33.382312], [-60.372447, -33.382385], [-60.372353, -33.382459], [-60.37226, -33.382531], [-60.372167, -33.382604], [-60.372073, -33.382679], [-60.371981, -33.38275], [-60.37189, -33.382822], [-60.371798, -33.382894], [-60.371704, -33.382968], [-60.371611, -33.383041], [-60.371518, -33.383114], [-60.371425, -33.383187], [-60.371336, -33.383256], [-60.371243, -33.38333], [-60.371149, -33.383403], [-60.371058, -33.383474], [-60.370964, -33.383547], [-60.370891, -33.383604], [-60.370799, -33.383676], [-60.370724, -33.383736], [-60.370633, -33.383809], [-60.370564, -33.383863], [-60.370471, -33.383936], [-60.370379, -33.384009], [-60.370288, -33.38408], [-60.370196, -33.384152], [-60.370106, -33.384222], [-60.370015, -33.384293], [-60.36992, -33.384367], [-60.369844, -33.384426], [-60.369756, -33.384495], [-60.369665, -33.384566], [-60.369574, -33.384637], [-60.369481, -33.38471], [-60.36939, -33.384782], [-60.369297, -33.384855], [-60.369205, -33.384927], [-60.369113, -33.385], [-60.36902, -33.385073], [-60.368926, -33.385147], [-60.368833, -33.385221], [-60.368752, -33.385285], [-60.368658, -33.385359], [-60.368565, -33.385431], [-60.36847, -33.385505], [-60.368378, -33.385576], [-60.368284, -33.385649], [-60.368191, -33.385721], [-60.368099, -33.385794], [-60.368006, -33.385867], [-60.367912, -33.385941], [-60.367825, -33.38601], [-60.367731, -33.386084], [-60.367643, -33.386153], [-60.367551, -33.386226], [-60.367458, -33.386299], [-60.367366, -33.386371], [-60.367274, -33.386443], [-60.367183, -33.386515], [-60.36709, -33.386587], [-60.366997, -33.386659], [-60.366904, -33.386731], [-60.36681, -33.386804], [-60.366717, -33.386876], [-60.366625, -33.386948], [-60.366532, -33.387021], [-60.366442, -33.387091], [-60.366349, -33.387164], [-60.366256, -33.387237], [-60.366163, -33.38731], [-60.366071, -33.387382], [-60.365982, -33.387453], [-60.36589, -33.387526], [-60.365798, -33.3876], [-60.365706, -33.387674], [-60.365613, -33.387746], [-60.365519, -33.387819], [-60.365427, -33.38789], [-60.365334, -33.387963], [-60.36524, -33.388036], [-60.365151, -33.388105], [-60.365059, -33.388177], [-60.364967, -33.38825], [-60.364873, -33.388323], [-60.364781, -33.388395], [-60.364687, -33.388469], [-60.364594, -33.388542], [-60.364503, -33.388613], [-60.36441, -33.388686], [-60.364317, -33.388761], [-60.364225, -33.388834], [-60.364131, -33.388908], [-60.364051, -33.38897], [-60.363964, -33.389038], [-60.363873, -33.389108], [-60.36378, -33.38918], [-60.363687, -33.389253], [-60.363594, -33.389326], [-60.363502, -33.389399], [-60.363416, -33.389467], [-60.363323, -33.38954], [-60.363232, -33.389613], [-60.363139, -33.389686], [-60.363052, -33.389755], [-60.362958, -33.38983], [-60.362866, -33.389903], [-60.362771, -33.389978], [-60.362678, -33.39005], [-60.362586, -33.390122], [-60.3625, -33.390189], [-60.362408, -33.39026], [-60.362316, -33.390332], [-60.362224, -33.390405], [-60.36213, -33.390479], [-60.362046, -33.390545], [-60.361954, -33.390618], [-60.361861, -33.390691], [-60.361767, -33.390764], [-60.361674, -33.390836], [-60.361582, -33.390909], [-60.3615, -33.390974], [-60.361406, -33.391047], [-60.361315, -33.39112], [-60.361223, -33.391192], [-60.361142, -33.391257], [-60.361051, -33.391328], [-60.360965, -33.391395], [-60.360881, -33.391459], [-60.360787, -33.391532], [-60.360694, -33.391604], [-60.360605, -33.391674], [-60.360514, -33.391745], [-60.360422, -33.391818], [-60.360339, -33.391882], [-60.360246, -33.391954], [-60.360154, -33.392026], [-60.36008, -33.392084], [-60.360017, -33.392133], [-60.359926, -33.392205], [-60.359833, -33.392278], [-60.359741, -33.39235], [-60.359649, -33.392423], [-60.359558, -33.392494], [-60.359465, -33.392567], [-60.359374, -33.392638], [-60.359281, -33.39271], [-60.35919, -33.392782], [-60.359097, -33.392854], [-60.359014, -33.392919], [-60.358921, -33.392992], [-60.358829, -33.393064], [-60.358737, -33.393137], [-60.358645, -33.393209], [-60.358553, -33.393282], [-60.358459, -33.393355], [-60.358366, -33.393428], [-60.358274, -33.393501], [-60.358194, -33.393564], [-60.358101, -33.393637], [-60.358009, -33.393709], [-60.357917, -33.39378], [-60.357825, -33.393852], [-60.357732, -33.393925], [-60.35764, -33.393999], [-60.357549, -33.394072], [-60.357463, -33.394141], [-60.357392, -33.394198], [-60.357313, -33.394263], [-60.357224, -33.394335], [-60.357133, -33.394408], [-60.357052, -33.394473], [-60.356962, -33.394545], [-60.356871, -33.394618], [-60.35678, -33.394691], [-60.356699, -33.394756], [-60.356609, -33.394829], [-60.356521, -33.394899], [-60.356428, -33.394972], [-60.356336, -33.395045], [-60.356249, -33.395114], [-60.356157, -33.395188], [-60.356068, -33.39526], [-60.355976, -33.395334], [-60.355884, -33.395408], [-60.355792, -33.395483], [-60.355701, -33.395556], [-60.355609, -33.39563], [-60.355527, -33.395697], [-60.355434, -33.395771], [-60.355344, -33.395844], [-60.355253, -33.395917], [-60.355163, -33.395989], [-60.355072, -33.396061], [-60.35498, -33.396134], [-60.3549, -33.396198], [-60.354811, -33.396269], [-60.354726, -33.396336], [-60.354638, -33.396408], [-60.354545, -33.396482], [-60.354454, -33.396555], [-60.354433, -33.396572], [-60.354396, -33.396602], [-60.354304, -33.396677], [-60.354244, -33.396724], [-60.354152, -33.396799], [-60.354092, -33.396847], [-60.354001, -33.396921], [-60.353943, -33.396968], [-60.353858, -33.397037], [-60.3538, -33.397084], [-60.353706, -33.397159], [-60.353635, -33.397216], [-60.353557, -33.397278], [-60.353463, -33.397353], [-60.353371, -33.397427], [-60.353298, -33.397485], [-60.353206, -33.39756], [-60.353121, -33.397629], [-60.353093, -33.397651], [-60.353028, -33.397704], [-60.352936, -33.397777], [-60.352844, -33.39785], [-60.352753, -33.397924], [-60.352692, -33.397973], [-60.35264, -33.398015], [-60.35261, -33.398038], [-60.352553, -33.398085], [-60.352466, -33.398155], [-60.352443, -33.398173], [-60.352414, -33.398197], [-60.352369, -33.398233], [-60.352336, -33.398259], [-60.352277, -33.398307], [-60.352185, -33.39838], [-60.352127, -33.398427], [-60.352058, -33.398481], [-60.352033, -33.398501], [-60.351971, -33.39855], [-60.35188, -33.398624], [-60.351786, -33.398699], [-60.351695, -33.398771], [-60.351614, -33.398837], [-60.351525, -33.398909], [-60.351452, -33.398968], [-60.35136, -33.399042], [-60.351278, -33.399109], [-60.351187, -33.399183], [-60.351095, -33.399257], [-60.351003, -33.399331], [-60.350913, -33.399403], [-60.350821, -33.399478], [-60.35076, -33.399527], [-60.350676, -33.399594], [-60.350622, -33.399636], [-60.350528, -33.39971], [-60.350472, -33.399755], [-60.350379, -33.39983], [-60.350321, -33.399876], [-60.350229, -33.39995], [-60.35017, -33.399997], [-60.350077, -33.400072], [-60.350047, -33.400097], [-60.35002, -33.400118], [-60.34993, -33.400191], [-60.349877, -33.400233], [-60.349783, -33.400309], [-60.349727, -33.400354], [-60.349635, -33.400428], [-60.34958, -33.400472], [-60.349556, -33.400492], [-60.349486, -33.400547], [-60.349448, -33.400578], [-60.349423, -33.400598], [-60.349331, -33.400671], [-60.349247, -33.400738], [-60.349176, -33.400795], [-60.349119, -33.400841], [-60.349086, -33.400868], [-60.349043, -33.400903], [-60.348985, -33.400949], [-60.348931, -33.400992], [-60.348895, -33.40102], [-60.348803, -33.401093], [-60.348749, -33.401136], [-60.348712, -33.401165], [-60.34862, -33.401239], [-60.348529, -33.401312], [-60.348437, -33.401385], [-60.348347, -33.401457], [-60.348323, -33.401477], [-60.348254, -33.401532], [-60.348196, -33.401578], [-60.348162, -33.401606], [-60.348122, -33.401638], [-60.348068, -33.401681], [-60.348029, -33.401713], [-60.347986, -33.401747], [-60.347944, -33.401781], [-60.347922, -33.401799], [-60.347868, -33.401842], [-60.347845, -33.40186], [-60.347782, -33.401911], [-60.347752, -33.401935], [-60.347709, -33.401969], [-60.347683, -33.40199], [-60.347641, -33.402023], [-60.347547, -33.402098], [-60.34752, -33.402119], [-60.347464, -33.402164], [-60.347393, -33.402222], [-60.347362, -33.402247], [-60.347308, -33.40229], [-60.347219, -33.402361], [-60.347176, -33.402395], [-60.34714, -33.402424], [-60.347049, -33.402497], [-60.34701, -33.402528], [-60.346975, -33.402557], [-60.346883, -33.402631], [-60.346847, -33.402659], [-60.346806, -33.402692], [-60.346713, -33.402766], [-60.346641, -33.402824], [-60.34659, -33.402865], [-60.346562, -33.402887], [-60.346472, -33.402959], [-60.34638, -33.403032], [-60.346348, -33.403058], [-60.346262, -33.403126], [-60.34617, -33.4032], [-60.346127, -33.403235], [-60.346083, -33.40327], [-60.346041, -33.403304], [-60.345997, -33.403339], [-60.345912, -33.403407], [-60.345819, -33.40348], [-60.345726, -33.403554], [-60.345697, -33.403576], [-60.345664, -33.403603], [-60.345571, -33.403676], [-60.345479, -33.403748], [-60.345388, -33.40382], [-60.345332, -33.403864], [-60.345295, -33.403894], [-60.345201, -33.403968], [-60.345166, -33.403995], [-60.345107, -33.404042], [-60.345016, -33.404114], [-60.344924, -33.404188], [-60.344831, -33.404261], [-60.34474, -33.404334], [-60.344659, -33.4044], [-60.344567, -33.404473], [-60.344482, -33.404541], [-60.344388, -33.404615], [-60.344296, -33.404688], [-60.344202, -33.404762], [-60.344111, -33.404835], [-60.344054, -33.40488], [-60.344027, -33.404901], [-60.343955, -33.404958], [-60.343862, -33.405032], [-60.34379, -33.40509], [-60.343698, -33.405163], [-60.343607, -33.405236], [-60.343522, -33.405304], [-60.34345, -33.405361], [-60.343413, -33.40539], [-60.343356, -33.405435], [-60.343264, -33.405509], [-60.343223, -33.405541], [-60.343178, -33.405578], [-60.343117, -33.405626], [-60.343072, -33.405663], [-60.343041, -33.405687], [-60.342961, -33.40575], [-60.342868, -33.405824], [-60.342775, -33.405898], [-60.342684, -33.40597], [-60.34259, -33.406045], [-60.342498, -33.406118], [-60.342407, -33.406191], [-60.342314, -33.406264], [-60.342227, -33.406334], [-60.342136, -33.406406], [-60.342043, -33.40648], [-60.341953, -33.406553], [-60.34186, -33.406627], [-60.34177, -33.406699], [-60.341723, -33.406736], [-60.341676, -33.406773], [-60.341584, -33.406846], [-60.341492, -33.406918], [-60.341452, -33.406949], [-60.3414, -33.40699], [-60.341334, -33.407042], [-60.341239, -33.407117], [-60.341167, -33.407175], [-60.341135, -33.407201], [-60.341082, -33.407244], [-60.341025, -33.40729], [-60.340998, -33.407312], [-60.340969, -33.407335], [-60.340905, -33.407386], [-60.340822, -33.407452], [-60.34073, -33.407526], [-60.340668, -33.407575], [-60.340642, -33.407596], [-60.340561, -33.40766], [-60.340467, -33.407735], [-60.340374, -33.407808], [-60.340282, -33.407881], [-60.340189, -33.407955], [-60.340097, -33.408028], [-60.340003, -33.408102], [-60.339914, -33.408173], [-60.339821, -33.408247], [-60.339731, -33.408318], [-60.33964, -33.40839], [-60.339547, -33.408465], [-60.339454, -33.408539], [-60.339364, -33.408611], [-60.339274, -33.408683], [-60.339185, -33.408753], [-60.339094, -33.408826], [-60.339003, -33.408899], [-60.338909, -33.408974], [-60.338819, -33.409046], [-60.338724, -33.40912], [-60.338633, -33.409193], [-60.33854, -33.409267], [-60.338448, -33.40934], [-60.338355, -33.409413], [-60.338264, -33.409486], [-60.338173, -33.409559], [-60.338089, -33.409625], [-60.337996, -33.409699], [-60.337906, -33.40977], [-60.337814, -33.409843], [-60.337734, -33.40992], [-60.337665, -33.410007], [-60.337596, -33.410094], [-60.337525, -33.410182], [-60.337454, -33.410269], [-60.337383, -33.410354], [-60.337309, -33.410441], [-60.337272, -33.410484], [-60.337253, -33.410507], [-60.33718, -33.410592], [-60.337096, -33.410669], [-60.337002, -33.41074], [-60.336909, -33.410812], [-60.336816, -33.410884], [-60.336757, -33.41093], [-60.336664, -33.411002], [-60.336591, -33.41106], [-60.336499, -33.411134], [-60.336439, -33.411182], [-60.336365, -33.41124], [-60.336271, -33.411313], [-60.336214, -33.411358], [-60.336121, -33.411431], [-60.33603, -33.411504], [-60.335969, -33.411552], [-60.335877, -33.411626], [-60.335811, -33.411678], [-60.335755, -33.411721], [-60.335661, -33.411794], [-60.335569, -33.411865], [-60.33549, -33.411928], [-60.335445, -33.411964], [-60.335398, -33.412002], [-60.335354, -33.412037], [-60.335311, -33.412072], [-60.335265, -33.412109], [-60.335218, -33.412146], [-60.335156, -33.412196], [-60.335073, -33.412262], [-60.334982, -33.412334], [-60.334915, -33.412389], [-60.33482, -33.412459], [-60.334716, -33.412526], [-60.334618, -33.412589], [-60.334522, -33.41265], [-60.334421, -33.412716], [-60.334321, -33.412781], [-60.33429, -33.412801], [-60.33422, -33.412847], [-60.334145, -33.412897], [-60.334046, -33.412963], [-60.333957, -33.413022], [-60.333878, -33.413074], [-60.333786, -33.413135], [-60.333686, -33.413201], [-60.333609, -33.413252], [-60.333582, -33.413269], [-60.333511, -33.413315], [-60.333411, -33.41338], [-60.333312, -33.413445], [-60.333213, -33.41351], [-60.333112, -33.413576], [-60.333013, -33.413642], [-60.332913, -33.413707], [-60.332815, -33.413772], [-60.332716, -33.413837], [-60.33262, -33.413901], [-60.332522, -33.413966], [-60.332423, -33.414032], [-60.332324, -33.414101], [-60.332232, -33.41417], [-60.332135, -33.414241], [-60.332047, -33.414306], [-60.33195, -33.414377], [-60.331853, -33.414448], [-60.331759, -33.414518], [-60.331663, -33.414589], [-60.331568, -33.414659], [-60.331473, -33.41473], [-60.331378, -33.414801], [-60.331283, -33.414872], [-60.331188, -33.414942], [-60.331095, -33.415012], [-60.330999, -33.415084], [-60.330903, -33.415155], [-60.330809, -33.415226], [-60.330712, -33.415297], [-60.330618, -33.415367], [-60.330524, -33.415437], [-60.330429, -33.415507], [-60.330335, -33.415577], [-60.330239, -33.415648], [-60.330158, -33.415708], [-60.330062, -33.415779], [-60.32997, -33.415848], [-60.329875, -33.415918], [-60.329783, -33.415986], [-60.32969, -33.416055], [-60.329593, -33.416128], [-60.329499, -33.416197], [-60.329411, -33.416263], [-60.329316, -33.416333], [-60.329222, -33.416403], [-60.329129, -33.416473], [-60.329034, -33.416543], [-60.328939, -33.416614], [-60.328844, -33.416685], [-60.32875, -33.416755], [-60.328656, -33.416826], [-60.32856, -33.416897], [-60.328464, -33.416968], [-60.328389, -33.417023], [-60.328316, -33.417078], [-60.328235, -33.417138], [-60.328139, -33.417208], [-60.328065, -33.417264], [-60.32797, -33.417334], [-60.327897, -33.417388], [-60.327801, -33.417459], [-60.32772, -33.417519], [-60.327624, -33.417591], [-60.327552, -33.417644], [-60.327461, -33.417711], [-60.327393, -33.417762], [-60.3273, -33.417831], [-60.327204, -33.417903], [-60.327113, -33.41797], [-60.32702, -33.418038], [-60.326925, -33.418108], [-60.326846, -33.418167], [-60.326824, -33.418183], [-60.326777, -33.418218], [-60.326682, -33.418288], [-60.326591, -33.418356], [-60.326513, -33.418414], [-60.326437, -33.418471], [-60.326339, -33.418544], [-60.326245, -33.418614], [-60.326196, -33.418651], [-60.326148, -33.418685], [-60.326114, -33.41871], [-60.326052, -33.418756], [-60.325994, -33.418798], [-60.32596, -33.418823], [-60.325888, -33.418876], [-60.325846, -33.418908], [-60.325809, -33.418934], [-60.32577, -33.418963], [-60.325733, -33.418991], [-60.325657, -33.419048], [-60.325585, -33.419101], [-60.325511, -33.419156], [-60.325433, -33.419214], [-60.325389, -33.419247], [-60.325347, -33.419278], [-60.325324, -33.419295], [-60.325264, -33.41934], [-60.325208, -33.419382], [-60.325178, -33.419405], [-60.325134, -33.419437], [-60.325094, -33.419467], [-60.324999, -33.419538], [-60.324904, -33.419609], [-60.324808, -33.41968], [-60.324739, -33.419731], [-60.324642, -33.419802], [-60.324546, -33.419872], [-60.32445, -33.419943], [-60.324354, -33.420014], [-60.324258, -33.420085], [-60.324162, -33.420156], [-60.324117, -33.420189], [-60.324065, -33.420228], [-60.323968, -33.4203], [-60.323872, -33.420371], [-60.323776, -33.420441], [-60.323685, -33.420508], [-60.323613, -33.420561], [-60.323519, -33.420631], [-60.323448, -33.420683], [-60.323354, -33.420753], [-60.323285, -33.420805], [-60.323189, -33.420877], [-60.323118, -33.42093], [-60.323023, -33.421001], [-60.322949, -33.421056], [-60.322853, -33.421127], [-60.322811, -33.421158], [-60.322779, -33.421182], [-60.322733, -33.421216], [-60.322687, -33.42125], [-60.322646, -33.421281], [-60.322609, -33.421308], [-60.322567, -33.42134], [-60.322524, -33.421371], [-60.322427, -33.421443], [-60.322378, -33.421479], [-60.322334, -33.421512], [-60.322237, -33.421583], [-60.32219, -33.421618], [-60.32214, -33.421654], [-60.322045, -33.421723], [-60.321948, -33.421795], [-60.321853, -33.421866], [-60.321757, -33.421937], [-60.321662, -33.422007], [-60.321568, -33.422077], [-60.321472, -33.422148], [-60.321428, -33.422181], [-60.321382, -33.422215], [-60.321336, -33.422249], [-60.321292, -33.422281], [-60.321197, -33.422353], [-60.321102, -33.422424], [-60.321075, -33.422444], [-60.32098, -33.422515], [-60.320891, -33.422582], [-60.320797, -33.422653], [-60.320701, -33.422726], [-60.320608, -33.422795], [-60.320513, -33.422866], [-60.320418, -33.422938], [-60.320323, -33.42301], [-60.32023, -33.423079], [-60.320134, -33.423151], [-60.32004, -33.423222], [-60.319961, -33.423282], [-60.319885, -33.423339], [-60.319792, -33.423408], [-60.319697, -33.423479], [-60.319603, -33.423549], [-60.319506, -33.423622], [-60.31941, -33.423694], [-60.319314, -33.423766], [-60.319218, -33.423837], [-60.319126, -33.423906], [-60.319032, -33.423977], [-60.31894, -33.424047], [-60.318845, -33.424118], [-60.318762, -33.424181], [-60.318667, -33.424253], [-60.31857, -33.424326], [-60.318475, -33.424397], [-60.318382, -33.424466], [-60.318286, -33.424537], [-60.318192, -33.424608], [-60.318102, -33.424675], [-60.318022, -33.424735], [-60.317927, -33.424807], [-60.317833, -33.424877], [-60.317737, -33.424948], [-60.317642, -33.42502], [-60.317547, -33.425091], [-60.317452, -33.425162], [-60.317356, -33.425234], [-60.317261, -33.425305], [-60.317168, -33.425375], [-60.317073, -33.425446], [-60.316979, -33.425517], [-60.316893, -33.425582], [-60.316798, -33.425654], [-60.316702, -33.425726], [-60.316607, -33.425798], [-60.316512, -33.425868], [-60.316419, -33.425938], [-60.316323, -33.42601], [-60.316231, -33.426079], [-60.316136, -33.426151], [-60.316046, -33.426218], [-60.315952, -33.426289], [-60.315864, -33.426355], [-60.31577, -33.426425], [-60.315678, -33.426494], [-60.315584, -33.426564], [-60.315489, -33.426636], [-60.315398, -33.426704], [-60.315304, -33.426774], [-60.315211, -33.426844], [-60.315115, -33.426916], [-60.31502, -33.426987], [-60.31494, -33.427047], [-60.314908, -33.427071], [-60.314846, -33.427117], [-60.314752, -33.427188], [-60.314681, -33.427242], [-60.314585, -33.427314], [-60.31449, -33.427385], [-60.314395, -33.427456], [-60.3143, -33.427527], [-60.314211, -33.427593], [-60.314115, -33.427665], [-60.314021, -33.427736], [-60.313927, -33.427807], [-60.313831, -33.427879], [-60.313739, -33.427954], [-60.313653, -33.428029], [-60.313564, -33.428107], [-60.313475, -33.428185], [-60.313387, -33.428263], [-60.313302, -33.42834], [-60.313213, -33.428419], [-60.313127, -33.428497], [-60.313042, -33.428573], [-60.312956, -33.42865], [-60.312873, -33.428724], [-60.312785, -33.428802], [-60.312699, -33.428879], [-60.312614, -33.428954], [-60.312528, -33.429032], [-60.312441, -33.42911], [-60.312352, -33.42919], [-60.312266, -33.429267], [-60.312186, -33.429338], [-60.312109, -33.429407], [-60.312021, -33.429486], [-60.311935, -33.429563], [-60.311847, -33.429642], [-60.311759, -33.42972], [-60.311673, -33.429798], [-60.311586, -33.429876], [-60.311498, -33.429955], [-60.311415, -33.430029], [-60.311355, -33.430083], [-60.311267, -33.430161], [-60.311206, -33.430216], [-60.311121, -33.430291], [-60.311034, -33.43037], [-60.310946, -33.430447], [-60.310861, -33.430524], [-60.310778, -33.430598], [-60.31069, -33.430677], [-60.310603, -33.430755], [-60.310516, -33.430833], [-60.310429, -33.430911], [-60.310341, -33.43099], [-60.310254, -33.431068], [-60.310188, -33.431126], [-60.3101, -33.431205], [-60.310013, -33.431283], [-60.309926, -33.431361], [-60.309839, -33.431439], [-60.309751, -33.431518], [-60.309664, -33.431595], [-60.30959, -33.431662], [-60.309503, -33.43174], [-60.309416, -33.431818], [-60.30933, -33.431897], [-60.309243, -33.431975], [-60.30916, -33.43205], [-60.309074, -33.432129], [-60.308987, -33.432207], [-60.3089, -33.432286], [-60.308822, -33.432357], [-60.308744, -33.432427], [-60.308674, -33.43249], [-60.308598, -33.432559], [-60.308511, -33.432637], [-60.308424, -33.432714], [-60.308338, -33.432792], [-60.308252, -33.43287], [-60.308164, -33.432949], [-60.308077, -33.433028], [-60.30799, -33.433107], [-60.307904, -33.433184], [-60.307876, -33.43321], [-60.30781, -33.43327], [-60.307724, -33.433348], [-60.307648, -33.43341], [-60.307558, -33.433476], [-60.307462, -33.433547], [-60.307365, -33.433618], [-60.30727, -33.433688], [-60.307179, -33.433756], [-60.307084, -33.433827], [-60.30699, -33.433897], [-60.306894, -33.433968], [-60.3068, -33.434039], [-60.306705, -33.43411], [-60.30661, -33.434181], [-60.306515, -33.434252], [-60.306421, -33.434322], [-60.306327, -33.434393], [-60.306232, -33.434463], [-60.306137, -33.434534], [-60.306043, -33.434603], [-60.305953, -33.434669], [-60.305861, -33.434737], [-60.305772, -33.434803], [-60.305678, -33.434873], [-60.305596, -33.434934], [-60.305507, -33.435], [-60.305412, -33.435071], [-60.305317, -33.435142], [-60.305223, -33.435212], [-60.305129, -33.435281], [-60.305037, -33.43535], [-60.304943, -33.43542], [-60.304848, -33.435491], [-60.304754, -33.435561], [-60.304658, -33.435631], [-60.30458, -33.435689], [-60.304487, -33.435757], [-60.304392, -33.435827], [-60.304296, -33.435898], [-60.304201, -33.435969], [-60.304106, -33.436039], [-60.304011, -33.436109], [-60.303926, -33.436172], [-60.303831, -33.436242], [-60.303737, -33.436313], [-60.303641, -33.436384], [-60.303546, -33.436455], [-60.303453, -33.436525], [-60.303357, -33.436595], [-60.303262, -33.436666], [-60.303166, -33.436736], [-60.303069, -33.436806], [-60.302973, -33.436876], [-60.302877, -33.436947], [-60.302783, -33.437017], [-60.302688, -33.437088], [-60.302593, -33.437157], [-60.302498, -33.437228], [-60.302405, -33.437296], [-60.30231, -33.437367], [-60.302221, -33.437433], [-60.30213, -33.4375], [-60.302036, -33.437569], [-60.30194, -33.43764], [-60.301847, -33.43771], [-60.301761, -33.437773], [-60.301665, -33.437844], [-60.301569, -33.437915], [-60.301475, -33.437984], [-60.30138, -33.438054], [-60.301284, -33.438125], [-60.301187, -33.438196], [-60.301093, -33.438266], [-60.300997, -33.438337], [-60.300902, -33.438408], [-60.300808, -33.438477], [-60.300713, -33.438548], [-60.300618, -33.438618], [-60.300535, -33.438679], [-60.300441, -33.438749], [-60.300347, -33.438819], [-60.300251, -33.438889], [-60.300157, -33.438959], [-60.30006, -33.43903], [-60.299965, -33.4391], [-60.299869, -33.43917], [-60.299774, -33.43924], [-60.299679, -33.439309], [-60.299586, -33.439378], [-60.299492, -33.439447], [-60.299399, -33.439515], [-60.29931, -33.439581], [-60.299216, -33.439651], [-60.299125, -33.439719], [-60.299032, -33.439789], [-60.298938, -33.439859], [-60.298844, -33.439929], [-60.298749, -33.439999], [-60.298653, -33.44007], [-60.298558, -33.44014], [-60.298461, -33.440211], [-60.298366, -33.440281], [-60.298271, -33.44035], [-60.298178, -33.440419], [-60.298086, -33.440487], [-60.297994, -33.440555], [-60.297899, -33.440625], [-60.297803, -33.440696], [-60.297709, -33.440766], [-60.297613, -33.440837], [-60.297519, -33.440906], [-60.297425, -33.440976], [-60.29733, -33.441046], [-60.297235, -33.441117], [-60.297151, -33.441179], [-60.297056, -33.441249], [-60.29696, -33.441319], [-60.296894, -33.441368], [-60.2968, -33.441438], [-60.296704, -33.441508], [-60.296607, -33.44158], [-60.296512, -33.441651], [-60.296417, -33.441721], [-60.296322, -33.441791], [-60.296225, -33.441862], [-60.296129, -33.441933], [-60.296035, -33.442002], [-60.295939, -33.442073], [-60.295843, -33.442145], [-60.295776, -33.442195], [-60.295681, -33.442266], [-60.29559, -33.442333], [-60.295507, -33.442395], [-60.295412, -33.442464], [-60.295315, -33.442535], [-60.29522, -33.442606], [-60.295125, -33.442676], [-60.295028, -33.442747], [-60.294935, -33.442817], [-60.294868, -33.442866], [-60.294773, -33.442935], [-60.294677, -33.443005], [-60.294581, -33.443076], [-60.294485, -33.443146], [-60.29439, -33.443216], [-60.294295, -33.443287], [-60.2942, -33.443357], [-60.294111, -33.443423], [-60.294016, -33.443493], [-60.293933, -33.443555], [-60.293843, -33.443621], [-60.293749, -33.443691], [-60.293654, -33.443761], [-60.29356, -33.443831], [-60.293466, -33.443901], [-60.293371, -33.443971], [-60.293277, -33.444041], [-60.293182, -33.444111], [-60.293086, -33.444182], [-60.293018, -33.444232], [-60.292935, -33.444293], [-60.292839, -33.444364], [-60.292746, -33.444432], [-60.29265, -33.444503], [-60.292553, -33.444574], [-60.292456, -33.444645], [-60.292361, -33.444715], [-60.2923, -33.44476], [-60.292266, -33.444786], [-60.292178, -33.44485], [-60.292114, -33.444897], [-60.292086, -33.444918], [-60.292027, -33.444962], [-60.291933, -33.445032], [-60.29184, -33.445102], [-60.291745, -33.445173], [-60.29165, -33.445243], [-60.291555, -33.445312], [-60.29146, -33.445382], [-60.291368, -33.445449], [-60.291271, -33.44552], [-60.291175, -33.445591], [-60.29108, -33.445661], [-60.290997, -33.445722], [-60.290902, -33.445793], [-60.29086, -33.445823], [-60.290817, -33.445855], [-60.290736, -33.445915], [-60.29064, -33.445985], [-60.290544, -33.446057], [-60.290461, -33.446118], [-60.290431, -33.44614], [-60.290376, -33.446181], [-60.290281, -33.446252], [-60.29022, -33.446297], [-60.290199, -33.446313], [-60.290106, -33.446383], [-60.290063, -33.446415], [-60.290019, -33.446448], [-60.289927, -33.446515], [-60.289831, -33.446587], [-60.289744, -33.446651], [-60.289648, -33.446722], [-60.289553, -33.446793], [-60.289489, -33.44684], [-60.289463, -33.446859], [-60.289367, -33.44693], [-60.289271, -33.447002], [-60.289241, -33.447023], [-60.289177, -33.447071], [-60.289082, -33.447141], [-60.288987, -33.44721], [-60.28889, -33.44728], [-60.288821, -33.44733], [-60.288724, -33.4474], [-60.288633, -33.447472], [-60.288541, -33.447544], [-60.288447, -33.447618], [-60.288354, -33.44769], [-60.288261, -33.447762], [-60.288166, -33.447834], [-60.288073, -33.447906], [-60.28798, -33.447977], [-60.287894, -33.448043], [-60.287807, -33.448109], [-60.287714, -33.448181], [-60.287621, -33.448253], [-60.287528, -33.448325], [-60.287435, -33.448397], [-60.287343, -33.448467], [-60.287252, -33.448537], [-60.28716, -33.448607], [-60.287065, -33.448679], [-60.28699, -33.448736], [-60.286896, -33.448808], [-60.286818, -33.448868], [-60.286724, -33.44894], [-60.286631, -33.449013], [-60.286538, -33.449085], [-60.286444, -33.449157], [-60.28635, -33.449228], [-60.286256, -33.4493], [-60.286161, -33.449374], [-60.286069, -33.449444], [-60.285977, -33.449514], [-60.285883, -33.449585], [-60.28579, -33.449657], [-60.285698, -33.449728], [-60.285604, -33.4498], [-60.28551, -33.449873], [-60.285419, -33.449944], [-60.285326, -33.450016], [-60.285232, -33.450088], [-60.285137, -33.450158], [-60.285045, -33.450226], [-60.284948, -33.450298], [-60.284865, -33.45036], [-60.28477, -33.450431], [-60.284675, -33.450502], [-60.284581, -33.450573], [-60.284487, -33.450643], [-60.284394, -33.450713], [-60.284298, -33.450784], [-60.284205, -33.450853], [-60.28412, -33.450916], [-60.284026, -33.450987], [-60.283967, -33.45103], [-60.283939, -33.451051], [-60.283848, -33.451121], [-60.283755, -33.451191], [-60.28366, -33.451263], [-60.283587, -33.451318], [-60.283564, -33.451335], [-60.283472, -33.451404], [-60.283376, -33.451475], [-60.283282, -33.451546], [-60.283188, -33.451617], [-60.283098, -33.451684], [-60.283003, -33.451754], [-60.282908, -33.451825], [-60.282851, -33.451867], [-60.282824, -33.451887], [-60.282728, -33.451958], [-60.282635, -33.452028], [-60.282541, -33.452098], [-60.282447, -33.452169], [-60.282354, -33.452239], [-60.28226, -33.452309], [-60.282168, -33.452378], [-60.282079, -33.452445], [-60.281985, -33.452515], [-60.281897, -33.452581], [-60.281803, -33.452652], [-60.281709, -33.452723], [-60.281613, -33.452795], [-60.28152, -33.452865], [-60.281426, -33.452936], [-60.281331, -33.453007], [-60.281237, -33.453077], [-60.281145, -33.453146], [-60.28108, -33.453195], [-60.281005, -33.453252], [-60.280931, -33.453307], [-60.280837, -33.453378], [-60.280757, -33.453438], [-60.280662, -33.453509], [-60.280591, -33.453561], [-60.280496, -33.453632], [-60.280402, -33.453702], [-60.280325, -33.45376], [-60.28023, -33.453832], [-60.280136, -33.453903], [-60.280041, -33.453974], [-60.279945, -33.454046], [-60.279852, -33.454117], [-60.279757, -33.454187], [-60.279669, -33.454253], [-60.279575, -33.454323], [-60.279481, -33.454394], [-60.279385, -33.454465], [-60.279289, -33.454537], [-60.279196, -33.454608], [-60.279164, -33.454633], [-60.27907, -33.454703], [-60.278972, -33.454764], [-60.278872, -33.454824], [-60.278767, -33.454885], [-60.278661, -33.454947], [-60.278561, -33.455005], [-60.278455, -33.455067], [-60.278349, -33.455127], [-60.278244, -33.455189], [-60.278152, -33.455244], [-60.278054, -33.455302], [-60.277951, -33.455365], [-60.277858, -33.45542], [-60.277754, -33.455483], [-60.277649, -33.455545], [-60.277545, -33.455606], [-60.27744, -33.455667], [-60.277336, -33.455728], [-60.277243, -33.455783], [-60.277139, -33.455844], [-60.277036, -33.455904], [-60.276948, -33.455956], [-60.276858, -33.45601], [-60.276756, -33.45607], [-60.27666, -33.456127], [-60.276556, -33.456189], [-60.276452, -33.45625], [-60.276347, -33.456312], [-60.276243, -33.456374], [-60.276154, -33.456426], [-60.276049, -33.456489], [-60.275968, -33.456537], [-60.275865, -33.456598], [-60.275767, -33.456656], [-60.275663, -33.456718], [-60.275562, -33.456778], [-60.275458, -33.456839], [-60.275353, -33.4569], [-60.275249, -33.456962], [-60.275145, -33.457022], [-60.275043, -33.457082], [-60.27494, -33.457143], [-60.274838, -33.457203], [-60.274734, -33.457264], [-60.274631, -33.457325], [-60.274529, -33.457385], [-60.274426, -33.457447], [-60.27432, -33.45751], [-60.274216, -33.457572], [-60.274123, -33.457627], [-60.274021, -33.457688], [-60.273917, -33.457749], [-60.273817, -33.457808], [-60.273715, -33.457869], [-60.273612, -33.45793], [-60.273509, -33.45799], [-60.273405, -33.458052], [-60.273302, -33.458113], [-60.273198, -33.458175], [-60.273095, -33.458236], [-60.272992, -33.458296], [-60.272889, -33.458357], [-60.272788, -33.458416], [-60.272694, -33.458471], [-60.272591, -33.458532], [-60.27249, -33.458592], [-60.27239, -33.458652], [-60.272293, -33.45871], [-60.272271, -33.458724], [-60.272249, -33.458737], [-60.272204, -33.458764], [-60.27219, -33.458772], [-60.272158, -33.458791], [-60.272068, -33.458842], [-60.271978, -33.458894], [-60.271916, -33.458931], [-60.271814, -33.458994], [-60.271799, -33.459003], [-60.271698, -33.459064], [-60.271596, -33.459125], [-60.271493, -33.459185], [-60.27139, -33.459245], [-60.271287, -33.459305], [-60.271183, -33.459367], [-60.27108, -33.459429], [-60.270978, -33.45949], [-60.270876, -33.459551], [-60.270803, -33.459595], [-60.2707, -33.459657], [-60.270613, -33.459708], [-60.27051, -33.45977], [-60.270407, -33.459831], [-60.270304, -33.459892], [-60.270201, -33.459955], [-60.270098, -33.460016], [-60.269994, -33.460078], [-60.269892, -33.460139], [-60.269789, -33.460201], [-60.269686, -33.460262], [-60.269585, -33.460323], [-60.269485, -33.460383], [-60.269383, -33.460445], [-60.269281, -33.460506], [-60.269178, -33.460567], [-60.269074, -33.460628], [-60.268971, -33.460689], [-60.268868, -33.46075], [-60.268765, -33.460812], [-60.268667, -33.460871], [-60.26859, -33.460917], [-60.268496, -33.460974], [-60.268395, -33.461035], [-60.268295, -33.461095], [-60.268191, -33.461156], [-60.268089, -33.461218], [-60.267986, -33.46128], [-60.267884, -33.46134], [-60.267782, -33.461402], [-60.267682, -33.461463], [-60.26758, -33.461525], [-60.267478, -33.461585], [-60.267374, -33.461647], [-60.267271, -33.461708], [-60.267168, -33.461768], [-60.267064, -33.461829], [-60.266963, -33.461889], [-60.266862, -33.46195], [-60.26676, -33.46201], [-60.266655, -33.462073], [-60.266553, -33.462134], [-60.26645, -33.462196], [-60.266368, -33.462245], [-60.266266, -33.462306], [-60.266163, -33.462368], [-60.266059, -33.46243], [-60.265956, -33.462492], [-60.265852, -33.462554], [-60.265746, -33.462617], [-60.265644, -33.462677], [-60.265541, -33.462739], [-60.265438, -33.4628], [-60.265334, -33.462861], [-60.265232, -33.462923], [-60.265155, -33.462969], [-60.265054, -33.463028], [-60.264951, -33.463089], [-60.264849, -33.463149], [-60.264746, -33.46321], [-60.264642, -33.463272], [-60.26454, -33.463333], [-60.264438, -33.463394], [-60.264334, -33.463456], [-60.264234, -33.463516], [-60.264129, -33.463579], [-60.264025, -33.463641], [-60.263921, -33.463703], [-60.263818, -33.463764], [-60.263714, -33.463826], [-60.263614, -33.463886], [-60.26351, -33.463947], [-60.263406, -33.464009], [-60.263302, -33.46407], [-60.263198, -33.464131], [-60.263125, -33.464174], [-60.263031, -33.464229], [-60.262927, -33.464291], [-60.262827, -33.46435], [-60.262724, -33.464411], [-60.262621, -33.464473], [-60.262518, -33.464534], [-60.262414, -33.464596], [-60.262333, -33.464645], [-60.262238, -33.464701], [-60.262134, -33.464762], [-60.262032, -33.464823], [-60.261928, -33.464884], [-60.261825, -33.464946], [-60.261723, -33.465008], [-60.261619, -33.465071], [-60.261515, -33.465133], [-60.261413, -33.465193], [-60.261309, -33.465255], [-60.261213, -33.465312], [-60.261111, -33.465374], [-60.261013, -33.465432], [-60.260909, -33.465495], [-60.260805, -33.465557], [-60.260703, -33.465619], [-60.260599, -33.465682], [-60.260503, -33.465741], [-60.260412, -33.465795], [-60.260372, -33.465819], [-60.260313, -33.465854], [-60.260267, -33.465882], [-60.260195, -33.465925], [-60.260106, -33.465977], [-60.260006, -33.466037], [-60.259903, -33.466099], [-60.259799, -33.466161], [-60.259696, -33.466224], [-60.259594, -33.466286], [-60.259492, -33.466348], [-60.259389, -33.46641], [-60.259285, -33.466473], [-60.259181, -33.466535], [-60.259086, -33.466592], [-60.258982, -33.466655], [-60.258879, -33.466717], [-60.258775, -33.46678], [-60.258671, -33.466842], [-60.258568, -33.466904], [-60.258464, -33.466966], [-60.258362, -33.467027], [-60.258259, -33.467089], [-60.258159, -33.467149], [-60.258056, -33.467211], [-60.257985, -33.467254], [-60.257901, -33.467305], [-60.257822, -33.467353], [-60.257722, -33.467414], [-60.257651, -33.467458], [-60.257549, -33.467519], [-60.257476, -33.467564], [-60.257372, -33.467626], [-60.257283, -33.467679], [-60.257182, -33.467738], [-60.257081, -33.467799], [-60.256977, -33.467861], [-60.256887, -33.467916], [-60.256784, -33.467978], [-60.256691, -33.468034], [-60.256592, -33.468095], [-60.256489, -33.468158], [-60.256387, -33.46822], [-60.256283, -33.468283], [-60.256182, -33.468345], [-60.256077, -33.468408], [-60.255974, -33.468471], [-60.255901, -33.468514], [-60.2558, -33.468575], [-60.255719, -33.468624], [-60.255616, -33.468686], [-60.255514, -33.468747], [-60.255416, -33.468806], [-60.255312, -33.468867], [-60.255209, -33.468929], [-60.255167, -33.468954], [-60.255103, -33.468992], [-60.255002, -33.469054], [-60.254933, -33.469095], [-60.25483, -33.469157], [-60.254761, -33.469198], [-60.254658, -33.46926], [-60.254594, -33.469299], [-60.254492, -33.46936], [-60.254425, -33.4694], [-60.254322, -33.469462], [-60.254254, -33.469503], [-60.254153, -33.469564], [-60.25405, -33.469626], [-60.253947, -33.469687], [-60.253879, -33.469728], [-60.253849, -33.469746], [-60.253746, -33.469808], [-60.253643, -33.46987], [-60.253541, -33.469932], [-60.253487, -33.469965], [-60.253445, -33.46999], [-60.253342, -33.470052], [-60.253244, -33.470112], [-60.253139, -33.470175], [-60.253035, -33.470237], [-60.25293, -33.4703], [-60.252826, -33.470361], [-60.252722, -33.470424], [-60.252617, -33.470487], [-60.252515, -33.470548], [-60.252414, -33.470609], [-60.252313, -33.47067], [-60.25221, -33.470732], [-60.252109, -33.470792], [-60.252006, -33.470854], [-60.251903, -33.470916], [-60.2518, -33.470977], [-60.251698, -33.471038], [-60.251593, -33.4711], [-60.251491, -33.471162], [-60.251387, -33.471224], [-60.251288, -33.471284], [-60.251198, -33.471339], [-60.251106, -33.471394], [-60.251004, -33.471456], [-60.250901, -33.471517], [-60.250799, -33.471578], [-60.250697, -33.47164], [-60.25063, -33.47168], [-60.25053, -33.47174], [-60.250465, -33.471779], [-60.250361, -33.471842], [-60.250303, -33.471877], [-60.2502, -33.47194], [-60.250137, -33.471978], [-60.250034, -33.47204], [-60.24996, -33.472085], [-60.249856, -33.472148], [-60.249759, -33.472206], [-60.249669, -33.47226], [-60.249565, -33.472322], [-60.249462, -33.472384], [-60.249372, -33.472437], [-60.249269, -33.472499], [-60.24917, -33.472558], [-60.249067, -33.47262], [-60.248964, -33.472682], [-60.248861, -33.472743], [-60.248759, -33.472805], [-60.248662, -33.472864], [-60.248559, -33.472926], [-60.248457, -33.472987], [-60.248353, -33.473049], [-60.24825, -33.473111], [-60.248145, -33.473173], [-60.248043, -33.473235], [-60.247944, -33.473294], [-60.247841, -33.473356], [-60.247737, -33.473419], [-60.247634, -33.473481], [-60.24753, -33.473543], [-60.247427, -33.473605], [-60.247323, -33.473667], [-60.247222, -33.473727], [-60.247118, -33.473789], [-60.247015, -33.473851], [-60.246914, -33.473911], [-60.246812, -33.473973], [-60.24671, -33.474034], [-60.24661, -33.474095], [-60.246507, -33.474157], [-60.246405, -33.474218], [-60.2463, -33.474281], [-60.246196, -33.474344], [-60.246092, -33.474406], [-60.245989, -33.474468], [-60.2459, -33.474522], [-60.245796, -33.474584], [-60.245693, -33.474645], [-60.24559, -33.474706], [-60.245487, -33.474768], [-60.245385, -33.474828], [-60.245281, -33.474889], [-60.245179, -33.47495], [-60.245075, -33.475012], [-60.244972, -33.475073], [-60.244875, -33.475131], [-60.244771, -33.475193], [-60.244669, -33.475254], [-60.244568, -33.475315], [-60.244464, -33.475377], [-60.244361, -33.47544], [-60.244261, -33.475499], [-60.244157, -33.475561], [-60.244083, -33.475605], [-60.24398, -33.475667], [-60.243883, -33.475725], [-60.243779, -33.475787], [-60.243684, -33.475844], [-60.24358, -33.475906], [-60.243485, -33.475963], [-60.243382, -33.476025], [-60.243279, -33.476086], [-60.243177, -33.476147], [-60.243092, -33.476198], [-60.242999, -33.476253], [-60.242913, -33.476304], [-60.242872, -33.476329], [-60.242824, -33.476357], [-60.242721, -33.476419], [-60.242634, -33.476471], [-60.242532, -33.476532], [-60.24243, -33.476593], [-60.242365, -33.476631], [-60.242327, -33.476655], [-60.242237, -33.476709], [-60.242134, -33.476771], [-60.242082, -33.476802], [-60.242032, -33.476832], [-60.241979, -33.476864], [-60.241937, -33.476888], [-60.241838, -33.476948], [-60.241737, -33.477009], [-60.241704, -33.477028], [-60.241645, -33.477063], [-60.241581, -33.477102], [-60.24154, -33.477127], [-60.241439, -33.477187], [-60.241351, -33.477241], [-60.241246, -33.477304], [-60.241147, -33.477364], [-60.241045, -33.477425], [-60.240946, -33.477485], [-60.240844, -33.477546], [-60.240742, -33.477607], [-60.24064, -33.477669], [-60.240536, -33.477731], [-60.240433, -33.477793], [-60.240333, -33.477853], [-60.240241, -33.477909], [-60.240139, -33.47797], [-60.24004, -33.478029], [-60.239946, -33.478085], [-60.239843, -33.478146], [-60.239794, -33.478175], [-60.239762, -33.478194], [-60.239727, -33.478215], [-60.239626, -33.478275], [-60.239525, -33.478336], [-60.239424, -33.478396], [-60.23932, -33.478458], [-60.239217, -33.47852], [-60.239138, -33.478568], [-60.239034, -33.47863], [-60.238959, -33.478676], [-60.238857, -33.478739], [-60.238753, -33.478802], [-60.23865, -33.478864], [-60.238546, -33.478926], [-60.238443, -33.478987], [-60.238339, -33.479049], [-60.238234, -33.479111], [-60.23813, -33.479173], [-60.238034, -33.47923], [-60.237944, -33.479285], [-60.237846, -33.479344], [-60.237744, -33.479405], [-60.23764, -33.479467], [-60.237537, -33.479529], [-60.237434, -33.479592], [-60.237329, -33.479655], [-60.237226, -33.479718], [-60.237124, -33.47978], [-60.237022, -33.479842], [-60.236921, -33.479903], [-60.236818, -33.479965], [-60.236716, -33.480027], [-60.236614, -33.480087], [-60.236514, -33.480147], [-60.236412, -33.480208], [-60.236308, -33.48027], [-60.236205, -33.480332], [-60.236103, -33.480393], [-60.236001, -33.480454], [-60.235897, -33.480517], [-60.235794, -33.480579], [-60.235691, -33.480641], [-60.235588, -33.480703], [-60.235484, -33.480766], [-60.235391, -33.480821], [-60.235289, -33.480882], [-60.235187, -33.480943], [-60.235086, -33.481005], [-60.234984, -33.481066], [-60.234881, -33.481128], [-60.234778, -33.48119], [-60.234674, -33.481252], [-60.23457, -33.481315], [-60.234465, -33.481377], [-60.23437, -33.481434], [-60.234267, -33.481496], [-60.234163, -33.481558], [-60.234059, -33.481621], [-60.233957, -33.481683], [-60.233853, -33.481746], [-60.233761, -33.481802], [-60.233657, -33.481864], [-60.233554, -33.481926], [-60.233449, -33.481989], [-60.233345, -33.482052], [-60.233241, -33.482115], [-60.233138, -33.482176], [-60.233034, -33.482239], [-60.232932, -33.4823], [-60.232829, -33.482362], [-60.232739, -33.482416], [-60.232636, -33.482478], [-60.232532, -33.48254], [-60.232428, -33.482603], [-60.232325, -33.482666], [-60.232221, -33.482729], [-60.232117, -33.482792], [-60.232019, -33.482852], [-60.231921, -33.482912], [-60.231819, -33.482974], [-60.231716, -33.483037], [-60.231613, -33.483098], [-60.231511, -33.483159], [-60.23141, -33.483219], [-60.23131, -33.483279], [-60.231206, -33.483341], [-60.231104, -33.483403], [-60.231001, -33.483465], [-60.230898, -33.483528], [-60.230806, -33.483582], [-60.230704, -33.483644], [-60.230602, -33.483705], [-60.230499, -33.483767], [-60.230404, -33.483824], [-60.230301, -33.483886], [-60.230202, -33.483946], [-60.230099, -33.484008], [-60.229997, -33.484069], [-60.229897, -33.484129], [-60.229792, -33.484192], [-60.229703, -33.484246], [-60.229601, -33.484307], [-60.229498, -33.484369], [-60.229394, -33.484431], [-60.229291, -33.484494], [-60.229187, -33.484555], [-60.229085, -33.484616], [-60.228982, -33.484678], [-60.228881, -33.484739], [-60.22878, -33.4848], [-60.228677, -33.484861], [-60.228574, -33.484923], [-60.228479, -33.48498], [-60.228376, -33.485042], [-60.228274, -33.485103], [-60.228172, -33.485165], [-60.228069, -33.485227], [-60.227966, -33.485289], [-60.227864, -33.48535], [-60.227762, -33.485412], [-60.227661, -33.485474], [-60.227559, -33.485535], [-60.227457, -33.485596], [-60.227355, -33.485657], [-60.227253, -33.485719], [-60.22715, -33.48578], [-60.227047, -33.485842], [-60.226946, -33.485903], [-60.226842, -33.485966], [-60.22675, -33.486021], [-60.226658, -33.486077], [-60.226559, -33.486136], [-60.226465, -33.486192], [-60.226363, -33.486254], [-60.226261, -33.486315], [-60.226158, -33.486376], [-60.226054, -33.486437], [-60.225951, -33.486498], [-60.22585, -33.486558], [-60.22575, -33.486618], [-60.225653, -33.486678], [-60.225608, -33.486705], [-60.225505, -33.486768], [-60.225404, -33.486829], [-60.225302, -33.486891], [-60.225252, -33.486921], [-60.225205, -33.48695], [-60.225157, -33.486979], [-60.225107, -33.48701], [-60.225057, -33.48704], [-60.225007, -33.48707], [-60.224905, -33.487132], [-60.224806, -33.487194], [-60.224742, -33.487233], [-60.224649, -33.487288], [-60.224547, -33.487349], [-60.224451, -33.487406], [-60.224348, -33.487468], [-60.224245, -33.48753], [-60.224141, -33.487592], [-60.224037, -33.487654], [-60.223935, -33.487715], [-60.223846, -33.487769], [-60.223746, -33.48783], [-60.223645, -33.48789], [-60.223544, -33.487952], [-60.223441, -33.488013], [-60.223338, -33.488074], [-60.223239, -33.488133], [-60.223137, -33.488194], [-60.223042, -33.48825], [-60.222938, -33.488312], [-60.222837, -33.488372], [-60.222735, -33.488434], [-60.222633, -33.488496], [-60.222544, -33.488549], [-60.222445, -33.488609], [-60.222342, -33.488671], [-60.222239, -33.488734], [-60.222137, -33.488795], [-60.222033, -33.488858], [-60.221931, -33.488919], [-60.221829, -33.48898], [-60.221727, -33.489042], [-60.221625, -33.489103], [-60.221536, -33.489157], [-60.221434, -33.489218], [-60.221332, -33.48928], [-60.221251, -33.489328], [-60.221148, -33.489391], [-60.221047, -33.489452], [-60.220945, -33.489515], [-60.220842, -33.489577], [-60.220738, -33.489639], [-60.220635, -33.489701], [-60.220534, -33.489762], [-60.220433, -33.489823], [-60.220331, -33.489884], [-60.220229, -33.489945], [-60.220127, -33.490006], [-60.220025, -33.490068], [-60.219923, -33.490128], [-60.219819, -33.49019], [-60.219719, -33.490251], [-60.219616, -33.490313], [-60.219514, -33.490374], [-60.219412, -33.490436], [-60.21931, -33.490498], [-60.219209, -33.490559], [-60.219129, -33.490608], [-60.219026, -33.490669], [-60.218923, -33.490732], [-60.218821, -33.490793], [-60.218718, -33.490855], [-60.218616, -33.490917], [-60.218513, -33.490979], [-60.218413, -33.491039], [-60.218322, -33.491093], [-60.218221, -33.491153], [-60.218118, -33.491214], [-60.218017, -33.491274], [-60.217914, -33.491336], [-60.217811, -33.491397], [-60.217706, -33.49146], [-60.217604, -33.491521], [-60.217505, -33.49158], [-60.217402, -33.491642], [-60.217299, -33.491704], [-60.217197, -33.491766], [-60.217097, -33.491827], [-60.216994, -33.491889], [-60.216896, -33.491948], [-60.216793, -33.49201], [-60.216692, -33.492071], [-60.216589, -33.492133], [-60.216488, -33.492194], [-60.216386, -33.492256], [-60.216283, -33.492317], [-60.216181, -33.492379], [-60.216079, -33.492441], [-60.215977, -33.492502], [-60.215874, -33.492564], [-60.215773, -33.492624], [-60.21567, -33.492685], [-60.215569, -33.492746], [-60.215467, -33.492809], [-60.215364, -33.49287], [-60.215264, -33.49293], [-60.215162, -33.492991], [-60.215059, -33.493053], [-60.214957, -33.493114], [-60.214854, -33.493176], [-60.214751, -33.493237], [-60.214648, -33.493299], [-60.214546, -33.493359], [-60.214443, -33.49342], [-60.214348, -33.493477], [-60.214246, -33.493538], [-60.214144, -33.493599], [-60.214041, -33.493661], [-60.21394, -33.493721], [-60.213837, -33.493782], [-60.213734, -33.493843], [-60.213631, -33.493904], [-60.213528, -33.493965], [-60.213426, -33.494025], [-60.213325, -33.494085], [-60.213221, -33.494147], [-60.213119, -33.494208], [-60.213021, -33.494267], [-60.212918, -33.494328], [-60.212812, -33.494391], [-60.212708, -33.494453], [-60.212608, -33.494513], [-60.212506, -33.494573], [-60.212406, -33.494633], [-60.212303, -33.494694], [-60.212201, -33.494755], [-60.212099, -33.494816], [-60.211996, -33.494877], [-60.211894, -33.494938], [-60.211792, -33.494999], [-60.211692, -33.495059], [-60.211591, -33.495119], [-60.211497, -33.495175], [-60.211397, -33.495235], [-60.211295, -33.495297], [-60.211192, -33.495359], [-60.211089, -33.495421], [-60.210986, -33.495482], [-60.210883, -33.495543], [-60.210777, -33.495606], [-60.210672, -33.495668], [-60.21057, -33.49573], [-60.210466, -33.495792], [-60.210361, -33.495854], [-60.210257, -33.495916], [-60.210154, -33.495978], [-60.21005, -33.49604], [-60.209947, -33.496102], [-60.209845, -33.496164], [-60.209744, -33.496225], [-60.209642, -33.496287], [-60.209538, -33.496349], [-60.209434, -33.496411], [-60.209331, -33.496473], [-60.209229, -33.496534], [-60.209127, -33.496596], [-60.209023, -33.496658], [-60.20892, -33.496719], [-60.20882, -33.496779], [-60.208717, -33.496841], [-60.208615, -33.496902], [-60.208513, -33.496963], [-60.208411, -33.497025], [-60.208307, -33.497086], [-60.208206, -33.497146], [-60.208118, -33.497199], [-60.208015, -33.497259], [-60.207913, -33.49732], [-60.20781, -33.497382], [-60.207707, -33.497443], [-60.207605, -33.497504], [-60.207503, -33.497565], [-60.207399, -33.497627], [-60.207305, -33.497684], [-60.207203, -33.497745], [-60.207105, -33.497804], [-60.207013, -33.497859], [-60.206913, -33.497919], [-60.206809, -33.497981], [-60.206707, -33.498043], [-60.206605, -33.498104], [-60.206502, -33.498166], [-60.206399, -33.498227], [-60.206299, -33.498287], [-60.2062, -33.498347], [-60.206106, -33.498403], [-60.206003, -33.498465], [-60.205898, -33.498528], [-60.205795, -33.498589], [-60.205693, -33.49865], [-60.205591, -33.49871], [-60.205488, -33.498772], [-60.20539, -33.498829], [-60.20529, -33.498889], [-60.205187, -33.498951], [-60.205101, -33.499002], [-60.205008, -33.499059], [-60.204905, -33.49912], [-60.204802, -33.499181], [-60.2047, -33.499242], [-60.204596, -33.499304], [-60.204494, -33.499365], [-60.20439, -33.499426], [-60.204288, -33.499487], [-60.204185, -33.499549], [-60.204082, -33.499611], [-60.203978, -33.499673], [-60.203874, -33.499735], [-60.20377, -33.499798], [-60.203668, -33.499859], [-60.203577, -33.499913], [-60.203475, -33.499974], [-60.203371, -33.500036], [-60.203268, -33.500097], [-60.203165, -33.500159], [-60.203062, -33.500221], [-60.20296, -33.500282], [-60.202856, -33.500344], [-60.202758, -33.500403], [-60.202655, -33.500465], [-60.202553, -33.500526], [-60.20245, -33.500588], [-60.202346, -33.50065], [-60.202243, -33.500711], [-60.202141, -33.500773], [-60.202047, -33.50083], [-60.201944, -33.500892], [-60.201842, -33.500954], [-60.201738, -33.501016], [-60.20169, -33.501045], [-60.201588, -33.501106], [-60.201504, -33.501157], [-60.2014, -33.501219], [-60.201298, -33.501281], [-60.201198, -33.501342], [-60.201096, -33.501403], [-60.200994, -33.501465], [-60.200893, -33.501526], [-60.200787, -33.50159], [-60.200686, -33.501652], [-60.200588, -33.501712], [-60.200488, -33.501772], [-60.200386, -33.501834], [-60.200283, -33.501896], [-60.200181, -33.501958], [-60.200079, -33.50202], [-60.199976, -33.502082], [-60.199873, -33.502144], [-60.19977, -33.502206], [-60.199668, -33.502268], [-60.199576, -33.502324], [-60.199476, -33.502384], [-60.199373, -33.502447], [-60.199271, -33.502508], [-60.19917, -33.502569], [-60.199068, -33.502631], [-60.198967, -33.502693], [-60.198862, -33.502756], [-60.198759, -33.502818], [-60.198656, -33.50288], [-60.198555, -33.502941], [-60.198467, -33.502995], [-60.198366, -33.503056], [-60.198266, -33.503116], [-60.198165, -33.503177], [-60.198064, -33.503238], [-60.197961, -33.5033], [-60.197861, -33.503361], [-60.19776, -33.503422], [-60.197663, -33.503481], [-60.19756, -33.503543], [-60.197457, -33.503606], [-60.197354, -33.503669], [-60.197251, -33.503731], [-60.197157, -33.503788], [-60.197053, -33.50385], [-60.196949, -33.503912], [-60.196864, -33.503963], [-60.196761, -33.504024], [-60.196675, -33.504075], [-60.196585, -33.504129], [-60.196482, -33.504191], [-60.196378, -33.504253], [-60.196274, -33.504316], [-60.19617, -33.504378], [-60.196067, -33.50444], [-60.195965, -33.504501], [-60.195873, -33.504557], [-60.195771, -33.504619], [-60.195671, -33.504679], [-60.195568, -33.504741], [-60.195465, -33.504803], [-60.195362, -33.504866], [-60.195258, -33.504928], [-60.195155, -33.50499], [-60.195052, -33.505052], [-60.194954, -33.50511], [-60.194853, -33.505171], [-60.194752, -33.505232], [-60.194652, -33.505292], [-60.194549, -33.505354], [-60.194446, -33.505416], [-60.194342, -33.505478], [-60.194241, -33.50554], [-60.194139, -33.505601], [-60.194035, -33.505664], [-60.193931, -33.505726], [-60.193829, -33.505788], [-60.193726, -33.50585], [-60.193622, -33.505913], [-60.19352, -33.505974], [-60.193418, -33.506036], [-60.193326, -33.506092], [-60.193224, -33.506155], [-60.193127, -33.506224], [-60.193033, -33.506296], [-60.192941, -33.506366], [-60.192848, -33.506437], [-60.192771, -33.506496], [-60.192678, -33.506568], [-60.192593, -33.506634], [-60.1925, -33.506706], [-60.192409, -33.506776], [-60.192323, -33.506844], [-60.19223, -33.506916], [-60.192137, -33.506988], [-60.192046, -33.507058], [-60.191955, -33.507129], [-60.191865, -33.507199], [-60.19177, -33.507272], [-60.191702, -33.507325], [-60.191621, -33.507389], [-60.191527, -33.507461], [-60.191435, -33.507533], [-60.191343, -33.507604], [-60.191251, -33.507674], [-60.191159, -33.507745], [-60.191064, -33.507817], [-60.190971, -33.507889], [-60.190894, -33.507949], [-60.190802, -33.50802], [-60.190729, -33.508077], [-60.190636, -33.50815], [-60.1906, -33.508177], [-60.190559, -33.508209], [-60.190477, -33.508274], [-60.190383, -33.508346], [-60.190327, -33.50839], [-60.190301, -33.50841], [-60.190209, -33.50848], [-60.190173, -33.508507], [-60.19012, -33.508548], [-60.190025, -33.50862], [-60.189979, -33.508656], [-60.189936, -33.508689], [-60.189843, -33.50876], [-60.189764, -33.508821], [-60.189671, -33.508892], [-60.189579, -33.508963], [-60.189487, -33.509035], [-60.189395, -33.509107], [-60.189302, -33.509179], [-60.18921, -33.50925], [-60.189118, -33.509322], [-60.189024, -33.509394], [-60.188931, -33.509466], [-60.1889, -33.50949], [-60.188849, -33.50953], [-60.188769, -33.509593], [-60.188676, -33.509665], [-60.188597, -33.509727], [-60.188504, -33.509798], [-60.18841, -33.50987], [-60.188326, -33.509935], [-60.188233, -33.510006], [-60.188178, -33.510048], [-60.188155, -33.510066], [-60.188063, -33.510137], [-60.18797, -33.510209], [-60.187879, -33.51028], [-60.187822, -33.510324], [-60.187753, -33.510378], [-60.187688, -33.510428], [-60.187597, -33.510499], [-60.187544, -33.51054], [-60.187454, -33.51061], [-60.18743, -33.510628], [-60.187396, -33.510654], [-60.187303, -33.510727], [-60.187261, -33.510759], [-60.187229, -33.510785], [-60.187136, -33.510857], [-60.187094, -33.51089], [-60.187045, -33.510928], [-60.187007, -33.510958], [-60.186958, -33.510991], [-60.186908, -33.511024], [-60.186845, -33.511067], [-60.186786, -33.511106], [-60.186758, -33.511125], [-60.186658, -33.511191], [-60.186558, -33.511257], [-60.18646, -33.511323], [-60.186358, -33.51139], [-60.186258, -33.511457], [-60.186158, -33.511523], [-60.186063, -33.511587], [-60.185964, -33.511655], [-60.185916, -33.511687], [-60.185866, -33.51172], [-60.185765, -33.511788], [-60.185665, -33.511855], [-60.185564, -33.511921], [-60.185464, -33.511988], [-60.185364, -33.512055], [-60.185263, -33.512123], [-60.185162, -33.51219], [-60.185063, -33.512256], [-60.184962, -33.512323], [-60.184863, -33.512389], [-60.184762, -33.512456], [-60.184663, -33.512521], [-60.184563, -33.512587], [-60.184463, -33.512653], [-60.184363, -33.512719], [-60.184263, -33.512786], [-60.184167, -33.512855], [-60.184141, -33.512874], [-60.18407, -33.512927], [-60.183975, -33.512999], [-60.183903, -33.513052], [-60.183843, -33.513097], [-60.183747, -33.513168], [-60.183692, -33.513208], [-60.183597, -33.513277], [-60.183503, -33.513347], [-60.183408, -33.513417], [-60.183313, -33.513488], [-60.183218, -33.513559], [-60.183122, -33.51363], [-60.183028, -33.5137], [-60.182936, -33.513767], [-60.182858, -33.513825], [-60.182762, -33.513895], [-60.182668, -33.513964], [-60.182576, -33.514033], [-60.18248, -33.514104], [-60.182385, -33.514174], [-60.18229, -33.514245], [-60.182196, -33.514315], [-60.182099, -33.514386], [-60.182003, -33.514458], [-60.181907, -33.514529], [-60.18181, -33.514601], [-60.181713, -33.514673], [-60.181616, -33.514744], [-60.181519, -33.514816], [-60.181424, -33.514886], [-60.181327, -33.514958], [-60.181229, -33.515031], [-60.181173, -33.515072], [-60.181079, -33.515141], [-60.181043, -33.515167], [-60.181016, -33.515187], [-60.180941, -33.515242], [-60.180845, -33.515314], [-60.180767, -33.515401], [-60.18075, -33.515425], [-60.180707, -33.515486], [-60.180644, -33.515576], [-60.180578, -33.515666], [-60.180492, -33.515741], [-60.18043, -33.515785], [-60.180344, -33.515847], [-60.180297, -33.515882], [-60.18025, -33.515916], [-60.180204, -33.51595], [-60.180158, -33.515984], [-60.180111, -33.516018], [-60.180064, -33.516051], [-60.179969, -33.51612], [-60.179878, -33.516189], [-60.179782, -33.51625], [-60.179665, -33.516283], [-60.179607, -33.516292], [-60.179483, -33.516312], [-60.179359, -33.516332], [-60.179236, -33.516352], [-60.179112, -33.516372], [-60.178991, -33.516402], [-60.17888, -33.516441], [-60.178769, -33.51649], [-60.178667, -33.516549], [-60.178564, -33.51661], [-60.178461, -33.516671], [-60.178359, -33.516733], [-60.178257, -33.516795], [-60.178154, -33.516857], [-60.178052, -33.516918], [-60.17795, -33.51698], [-60.177849, -33.517041], [-60.177748, -33.517102], [-60.177646, -33.517163], [-60.177545, -33.517225], [-60.177443, -33.517286], [-60.17734, -33.517349], [-60.177238, -33.517411], [-60.177136, -33.517473], [-60.177034, -33.517534], [-60.176933, -33.517596], [-60.176832, -33.517657], [-60.17673, -33.517718], [-60.176628, -33.51778], [-60.176529, -33.517839], [-60.176427, -33.5179], [-60.176326, -33.517961], [-60.176224, -33.518023], [-60.176123, -33.518083], [-60.176023, -33.518143], [-60.175923, -33.518203], [-60.17582, -33.518265], [-60.175718, -33.518327], [-60.175617, -33.518389], [-60.175514, -33.518451], [-60.175413, -33.518512], [-60.17531, -33.518574], [-60.175208, -33.518636], [-60.175109, -33.518696], [-60.175006, -33.518757], [-60.174904, -33.518819], [-60.174802, -33.51888], [-60.1747, -33.518942], [-60.174598, -33.519004], [-60.174495, -33.519066], [-60.174394, -33.519128], [-60.174293, -33.519189], [-60.174191, -33.519251], [-60.174089, -33.519312], [-60.173987, -33.519374], [-60.173885, -33.519436], [-60.173783, -33.519497], [-60.17368, -33.519559], [-60.173578, -33.51962], [-60.173478, -33.51968], [-60.173376, -33.519742], [-60.173275, -33.519803], [-60.173175, -33.519865], [-60.173073, -33.519927], [-60.172972, -33.519989], [-60.17287, -33.520051], [-60.172768, -33.520113], [-60.172665, -33.520174], [-60.172566, -33.520237], [-60.172477, -33.520311], [-60.17239, -33.520385], [-60.172302, -33.520459], [-60.172214, -33.520534], [-60.172126, -33.52061], [-60.172038, -33.520685], [-60.171952, -33.520759], [-60.171865, -33.520834], [-60.171777, -33.520909], [-60.171689, -33.520984], [-60.171602, -33.521058], [-60.171515, -33.521132], [-60.171428, -33.521208], [-60.17134, -33.521284], [-60.171253, -33.521359], [-60.171168, -33.521433], [-60.17108, -33.521509], [-60.170994, -33.521584], [-60.170906, -33.521659], [-60.170819, -33.521735], [-60.170731, -33.52181], [-60.170643, -33.521886], [-60.170554, -33.521961], [-60.170467, -33.522038], [-60.170379, -33.522113], [-60.170291, -33.522189], [-60.170203, -33.522264], [-60.170116, -33.522339], [-60.170028, -33.522414], [-60.16994, -33.522489], [-60.169853, -33.522564], [-60.169765, -33.52264], [-60.169676, -33.522715], [-60.169587, -33.522791], [-60.169499, -33.522866], [-60.169411, -33.522942], [-60.169322, -33.523018], [-60.169237, -33.523092], [-60.169152, -33.523165], [-60.169064, -33.523242], [-60.168977, -33.523317], [-60.168893, -33.523388], [-60.168805, -33.523463], [-60.168718, -33.523537], [-60.16863, -33.523612], [-60.168541, -33.523687], [-60.168452, -33.523762], [-60.168364, -33.523838], [-60.168276, -33.523913], [-60.168187, -33.52399], [-60.168101, -33.524065], [-60.168014, -33.52414], [-60.167928, -33.524213], [-60.16784, -33.524289], [-60.167752, -33.524365], [-60.167663, -33.524441], [-60.167575, -33.524517], [-60.167487, -33.524593], [-60.167399, -33.524668], [-60.167311, -33.524743], [-60.167224, -33.524818], [-60.167135, -33.524894], [-60.167046, -33.52497], [-60.166958, -33.525046], [-60.16687, -33.525121], [-60.166783, -33.525196], [-60.166696, -33.52527], [-60.166607, -33.525346], [-60.166519, -33.525421], [-60.16643, -33.525498], [-60.166347, -33.525571], [-60.166259, -33.525646], [-60.166173, -33.525721], [-60.166089, -33.525794], [-60.166001, -33.525871], [-60.165912, -33.525947], [-60.165825, -33.526023], [-60.165737, -33.526099], [-60.165649, -33.526175], [-60.165564, -33.526248], [-60.165548, -33.526262], [-60.165459, -33.526337], [-60.16537, -33.526413], [-60.165281, -33.526488], [-60.165191, -33.526563], [-60.165104, -33.526638], [-60.165015, -33.526714], [-60.164928, -33.526788], [-60.164841, -33.526864], [-60.164752, -33.52694], [-60.164664, -33.527016], [-60.164583, -33.527087], [-60.164495, -33.527163], [-60.164409, -33.527239], [-60.164326, -33.527309], [-60.164238, -33.527385], [-60.164149, -33.527461], [-60.164061, -33.527537], [-60.163973, -33.527612], [-60.163885, -33.527688], [-60.163796, -33.527763], [-60.163708, -33.52784], [-60.16362, -33.527915], [-60.163531, -33.527991], [-60.163445, -33.528065], [-60.163359, -33.52814], [-60.163271, -33.528217], [-60.163183, -33.528293], [-60.163095, -33.528369], [-60.163007, -33.528445], [-60.16292, -33.52852], [-60.162831, -33.528596], [-60.162742, -33.528672], [-60.162653, -33.528748], [-60.162566, -33.528823], [-60.162477, -33.5289], [-60.16239, -33.528974], [-60.162302, -33.52905], [-60.162215, -33.529124], [-60.162125, -33.5292], [-60.162038, -33.529275], [-60.161949, -33.52935], [-60.161861, -33.529423], [-60.161771, -33.529498], [-60.161682, -33.529571], [-60.161593, -33.529645], [-60.161503, -33.529719], [-60.161414, -33.529792], [-60.161323, -33.529867], [-60.161235, -33.52994], [-60.161146, -33.530015], [-60.161057, -33.530089], [-60.160967, -33.530164], [-60.160877, -33.530239], [-60.160787, -33.530314], [-60.160698, -33.530388], [-60.160609, -33.530462], [-60.160519, -33.530537], [-60.160429, -33.530612], [-60.160339, -33.530686], [-60.160249, -33.530761], [-60.16016, -33.530834], [-60.16007, -33.530909], [-60.159982, -33.530983], [-60.159892, -33.531057], [-60.159803, -33.531132], [-60.159713, -33.531207], [-60.159624, -33.531281], [-60.159533, -33.531356], [-60.159446, -33.531427], [-60.159356, -33.531501], [-60.159267, -33.531574], [-60.159177, -33.531649], [-60.159087, -33.531723], [-60.158997, -33.531798], [-60.158906, -33.531873], [-60.158816, -33.531948], [-60.158726, -33.532023], [-60.158636, -33.532098], [-60.158549, -33.532171], [-60.158459, -33.532246], [-60.158369, -33.532321], [-60.158279, -33.532396], [-60.158188, -33.532471], [-60.158099, -33.532545], [-60.158009, -33.53262], [-60.157918, -33.532695], [-60.157828, -33.53277], [-60.157737, -33.532845], [-60.157648, -33.53292], [-60.157558, -33.532995], [-60.157468, -33.533071], [-60.157378, -33.533146], [-60.157288, -33.533221], [-60.157198, -33.533296], [-60.157108, -33.533372], [-60.157018, -33.533447], [-60.156928, -33.533521], [-60.156838, -33.533595], [-60.156748, -33.533669], [-60.156663, -33.533739], [-60.156573, -33.533814], [-60.156483, -33.533889], [-60.156393, -33.533963], [-60.156302, -33.534038], [-60.156212, -33.534113], [-60.156123, -33.534187], [-60.156033, -33.534261], [-60.155943, -33.534336], [-60.155853, -33.534411], [-60.155765, -33.534485], [-60.155675, -33.53456], [-60.155585, -33.534635], [-60.155536, -33.534676], [-60.155445, -33.53475], [-60.155357, -33.534823], [-60.155266, -33.534898], [-60.155176, -33.534972], [-60.155087, -33.535046], [-60.154997, -33.535121], [-60.154907, -33.535196], [-60.154818, -33.535271], [-60.154729, -33.535346], [-60.154642, -33.53542], [-60.154553, -33.535494], [-60.154463, -33.535569], [-60.154374, -33.535643], [-60.154284, -33.535718], [-60.154195, -33.535793], [-60.154104, -33.535868], [-60.154014, -33.535942], [-60.153924, -33.536016], [-60.153833, -33.536091], [-60.153743, -33.536165], [-60.153654, -33.536238], [-60.153563, -33.536313], [-60.153473, -33.536388], [-60.153384, -33.536462], [-60.153294, -33.536537], [-60.153204, -33.536613], [-60.153116, -33.536687], [-60.153027, -33.53676], [-60.152939, -33.536833], [-60.15285, -33.536906], [-60.152759, -33.536981], [-60.152668, -33.537056], [-60.152577, -33.537131], [-60.152485, -33.537207], [-60.152394, -33.537283], [-60.152302, -33.537358], [-60.152211, -33.537434], [-60.152119, -33.53751], [-60.152031, -33.537583], [-60.15194, -33.537659], [-60.151849, -33.537735], [-60.151758, -33.53781], [-60.151667, -33.537886], [-60.151575, -33.537962], [-60.151484, -33.538037], [-60.151392, -33.538113], [-60.1513, -33.538188], [-60.151209, -33.538263], [-60.151117, -33.538339], [-60.151025, -33.538414], [-60.150933, -33.53849], [-60.150842, -33.538565], [-60.150755, -33.538637], [-60.150664, -33.538712], [-60.150573, -33.538788], [-60.150483, -33.538863], [-60.150392, -33.538938], [-60.150302, -33.539012], [-60.150211, -33.539088], [-60.15012, -33.539163], [-60.150029, -33.539239], [-60.149939, -33.539314], [-60.149848, -33.539389], [-60.149756, -33.539465], [-60.149665, -33.539541], [-60.149574, -33.539615], [-60.149486, -33.539688], [-60.149395, -33.539764], [-60.149304, -33.539839], [-60.149213, -33.539915], [-60.149121, -33.539991], [-60.149031, -33.540067], [-60.14894, -33.540142], [-60.148849, -33.540218], [-60.148758, -33.540293], [-60.148667, -33.540369], [-60.148577, -33.540444], [-60.148487, -33.540519], [-60.148396, -33.540594], [-60.148305, -33.540669], [-60.148215, -33.540744], [-60.148123, -33.540819], [-60.148033, -33.540895], [-60.147942, -33.54097], [-60.147874, -33.541027], [-60.147783, -33.541103], [-60.147692, -33.541179], [-60.147602, -33.541255], [-60.14751, -33.541331], [-60.14742, -33.541407], [-60.147328, -33.541482], [-60.147239, -33.541555], [-60.147149, -33.54163], [-60.147058, -33.541706], [-60.146967, -33.541781], [-60.146876, -33.541856], [-60.146785, -33.541932], [-60.146694, -33.542008], [-60.146603, -33.542084], [-60.146514, -33.542158], [-60.146423, -33.542234], [-60.146332, -33.54231], [-60.146241, -33.542386], [-60.146151, -33.542462], [-60.14606, -33.542537], [-60.145969, -33.542613], [-60.145878, -33.542689], [-60.145791, -33.542762], [-60.145699, -33.542838], [-60.14561, -33.542912], [-60.145519, -33.542988], [-60.145428, -33.543064], [-60.145338, -33.54314], [-60.145247, -33.543217], [-60.145157, -33.543292], [-60.145067, -33.543368], [-60.144976, -33.543444], [-60.144886, -33.543519], [-60.144795, -33.543595], [-60.144705, -33.54367], [-60.144615, -33.543746], [-60.144524, -33.543822], [-60.144436, -33.543895], [-60.144345, -33.543971], [-60.144255, -33.544045], [-60.144165, -33.54412], [-60.144074, -33.544196], [-60.14403, -33.544232], [-60.143987, -33.544268], [-60.143897, -33.544344], [-60.143809, -33.544415], [-60.143725, -33.544484], [-60.143635, -33.54456], [-60.143545, -33.544634], [-60.143454, -33.54471], [-60.143364, -33.544784], [-60.143273, -33.54486], [-60.143183, -33.544935], [-60.143093, -33.54501], [-60.143002, -33.545086], [-60.142911, -33.545161], [-60.14282, -33.545237], [-60.142729, -33.545313], [-60.142638, -33.545389], [-60.142547, -33.545464], [-60.142455, -33.545539], [-60.142365, -33.545615], [-60.142274, -33.54569], [-60.142184, -33.545765], [-60.142094, -33.545839], [-60.142002, -33.545915], [-60.141911, -33.54599], [-60.141821, -33.546065], [-60.141731, -33.546139], [-60.141642, -33.546214], [-60.141551, -33.54629], [-60.141459, -33.546365], [-60.141367, -33.54644], [-60.141276, -33.546516], [-60.141185, -33.546592], [-60.141095, -33.546667], [-60.141004, -33.546743], [-60.140914, -33.546819], [-60.140823, -33.546895], [-60.140732, -33.546971], [-60.140642, -33.547045], [-60.140551, -33.547121], [-60.140459, -33.547196], [-60.14037, -33.54727], [-60.140279, -33.547345], [-60.140188, -33.547421], [-60.140097, -33.547496], [-60.140005, -33.547572], [-60.139914, -33.547647], [-60.139823, -33.547722], [-60.139737, -33.547794], [-60.139647, -33.547869], [-60.139556, -33.547944], [-60.139466, -33.548018], [-60.139375, -33.548093], [-60.139284, -33.548168], [-60.139193, -33.548244], [-60.139103, -33.548319], [-60.139012, -33.548395], [-60.138922, -33.54847], [-60.138831, -33.548546], [-60.13874, -33.548622], [-60.138649, -33.548698], [-60.138559, -33.548773], [-60.138468, -33.548849], [-60.138377, -33.548925], [-60.138287, -33.549], [-60.138198, -33.549074], [-60.138108, -33.54915], [-60.138021, -33.549224], [-60.13793, -33.5493], [-60.13784, -33.549376], [-60.13775, -33.549452], [-60.137659, -33.549528], [-60.137568, -33.549604], [-60.137477, -33.54968], [-60.137387, -33.549756], [-60.137297, -33.549831], [-60.137208, -33.549907], [-60.137117, -33.549983], [-60.137028, -33.550058], [-60.136937, -33.550133], [-60.136847, -33.550208], [-60.136755, -33.550284], [-60.136664, -33.550359], [-60.136573, -33.550435], [-60.136482, -33.55051], [-60.136391, -33.550586], [-60.1363, -33.550662], [-60.136209, -33.550738], [-60.136118, -33.550813], [-60.136028, -33.550888], [-60.135937, -33.550964], [-60.135846, -33.551039], [-60.135756, -33.551114], [-60.135664, -33.55119], [-60.135573, -33.551266], [-60.135482, -33.551341], [-60.135391, -33.551416], [-60.1353, -33.551491], [-60.13521, -33.551564], [-60.13512, -33.551639], [-60.135029, -33.551713], [-60.134938, -33.551788], [-60.134847, -33.551863], [-60.134755, -33.551939], [-60.134664, -33.552015], [-60.134573, -33.55209], [-60.134482, -33.552166], [-60.134391, -33.552242], [-60.1343, -33.552317], [-60.134209, -33.552393], [-60.134118, -33.552468], [-60.134028, -33.552544], [-60.133941, -33.552617], [-60.133851, -33.552692], [-60.13376, -33.552768], [-60.133668, -33.552844], [-60.133577, -33.552919], [-60.133486, -33.552995], [-60.133394, -33.55307], [-60.133303, -33.553145], [-60.133211, -33.553221], [-60.133121, -33.553295], [-60.133031, -33.55337], [-60.13294, -33.553445], [-60.13285, -33.55352], [-60.132759, -33.553596], [-60.132669, -33.55367], [-60.132578, -33.553745], [-60.132486, -33.553821], [-60.132395, -33.553897], [-60.132305, -33.553973], [-60.132215, -33.554048], [-60.132124, -33.554123], [-60.132035, -33.554196], [-60.131944, -33.554272], [-60.131855, -33.554346], [-60.131764, -33.554421], [-60.131675, -33.554494], [-60.131585, -33.554568], [-60.131494, -33.554643], [-60.131404, -33.554718], [-60.131314, -33.554792], [-60.131225, -33.554866], [-60.131135, -33.554941], [-60.131046, -33.555015], [-60.130957, -33.55509], [-60.130868, -33.555165], [-60.130779, -33.555241], [-60.130691, -33.555316], [-60.130602, -33.555392], [-60.130512, -33.555467], [-60.130422, -33.555542], [-60.130332, -33.555617], [-60.130242, -33.555691], [-60.130152, -33.555766], [-60.130062, -33.555841], [-60.129973, -33.555916], [-60.129883, -33.555992], [-60.129792, -33.556067], [-60.129702, -33.556142], [-60.129612, -33.556217], [-60.129521, -33.556292], [-60.129432, -33.556367], [-60.129342, -33.556443], [-60.129253, -33.556518], [-60.129164, -33.556593], [-60.129074, -33.556667], [-60.128985, -33.556742], [-60.128894, -33.556816], [-60.128803, -33.556891], [-60.128713, -33.556965], [-60.128623, -33.55704], [-60.128533, -33.557115], [-60.128443, -33.557189], [-60.128354, -33.557264], [-60.128264, -33.557339], [-60.128174, -33.557414], [-60.128084, -33.557489], [-60.127994, -33.557564], [-60.127904, -33.557639], [-60.127865, -33.557671], [-60.127775, -33.557746], [-60.127685, -33.557821], [-60.127594, -33.557895], [-60.12751, -33.557965], [-60.127419, -33.55804], [-60.12733, -33.558113], [-60.127239, -33.558188], [-60.127149, -33.558263], [-60.12706, -33.558338], [-60.12697, -33.558413], [-60.126881, -33.558487], [-60.126791, -33.558562], [-60.1267, -33.558637], [-60.12661, -33.558711], [-60.126519, -33.558786], [-60.126428, -33.558861], [-60.126338, -33.558935], [-60.126248, -33.55901], [-60.126158, -33.559085], [-60.126071, -33.559158], [-60.125982, -33.559233], [-60.125891, -33.559309], [-60.125801, -33.559384], [-60.12571, -33.559459], [-60.12562, -33.559534], [-60.12553, -33.559609], [-60.125439, -33.559683], [-60.125349, -33.559758], [-60.125259, -33.559832], [-60.12517, -33.559906], [-60.125079, -33.559981], [-60.12499, -33.560056], [-60.1249, -33.560131], [-60.12481, -33.560206], [-60.12472, -33.560281], [-60.124633, -33.560353], [-60.124544, -33.560428], [-60.124456, -33.560501], [-60.124366, -33.560576], [-60.124276, -33.560651], [-60.124186, -33.560725], [-60.124098, -33.560799], [-60.12401, -33.560873], [-60.123921, -33.560947], [-60.123833, -33.56102], [-60.123743, -33.561096], [-60.123652, -33.561171], [-60.123564, -33.561244], [-60.123479, -33.561314], [-60.12339, -33.561387], [-60.123301, -33.561459], [-60.123211, -33.561533], [-60.12312, -33.561608], [-60.12303, -33.561683], [-60.122943, -33.561755], [-60.122854, -33.56183], [-60.122765, -33.561904], [-60.122677, -33.561977], [-60.122587, -33.562052], [-60.122507, -33.562119], [-60.122417, -33.562194], [-60.122328, -33.562269], [-60.122239, -33.562342], [-60.122151, -33.562415], [-60.122063, -33.562489], [-60.121974, -33.562563], [-60.121883, -33.562638], [-60.121793, -33.562712], [-60.121704, -33.562785], [-60.121614, -33.562859], [-60.121524, -33.562934], [-60.121434, -33.563009], [-60.121345, -33.563084], [-60.121256, -33.563159], [-60.121166, -33.563234], [-60.121077, -33.563309], [-60.120988, -33.563383], [-60.120899, -33.563458], [-60.120809, -33.563533], [-60.120719, -33.563608], [-60.120628, -33.563682], [-60.120537, -33.563756], [-60.120447, -33.563831], [-60.120358, -33.563905], [-60.120268, -33.563979], [-60.120178, -33.564054], [-60.120088, -33.564129], [-60.119998, -33.564204], [-60.11991, -33.564278], [-60.11982, -33.564354], [-60.119732, -33.564428], [-60.119641, -33.564503], [-60.119551, -33.564578], [-60.119462, -33.564653], [-60.119372, -33.564728], [-60.119283, -33.564802], [-60.119192, -33.564877], [-60.119103, -33.564951], [-60.119013, -33.565025], [-60.118922, -33.565101], [-60.118832, -33.565176], [-60.118742, -33.565251], [-60.118653, -33.565325], [-60.118564, -33.5654], [-60.118474, -33.565475], [-60.118384, -33.56555], [-60.118295, -33.565625], [-60.118207, -33.5657], [-60.118118, -33.565775], [-60.118022, -33.565845], [-60.117923, -33.565912], [-60.117825, -33.56598], [-60.117727, -33.566046], [-60.117628, -33.566114], [-60.11753, -33.566181], [-60.117431, -33.566248], [-60.117333, -33.566316], [-60.117236, -33.566382], [-60.117137, -33.566449], [-60.117049, -33.566508], [-60.116951, -33.566576], [-60.116864, -33.566636], [-60.116766, -33.566704], [-60.116668, -33.566772], [-60.11657, -33.56684], [-60.116472, -33.566907], [-60.116373, -33.566975], [-60.116275, -33.567042], [-60.116176, -33.567109], [-60.116078, -33.567177], [-60.11598, -33.567243], [-60.115882, -33.56731], [-60.115783, -33.567377], [-60.115686, -33.567447], [-60.115593, -33.567517], [-60.115499, -33.567588], [-60.115406, -33.567658], [-60.115311, -33.56773], [-60.115217, -33.567801], [-60.115122, -33.567872], [-60.115029, -33.567942], [-60.114935, -33.568013], [-60.11484, -33.568084], [-60.114746, -33.568154], [-60.114651, -33.568225], [-60.114557, -33.568296], [-60.114463, -33.568368], [-60.114369, -33.56844], [-60.114275, -33.568511], [-60.11418, -33.568583], [-60.114086, -33.568655], [-60.113992, -33.568726], [-60.113899, -33.568796], [-60.113806, -33.568868], [-60.113713, -33.568939], [-60.113619, -33.569009], [-60.113525, -33.56908], [-60.113432, -33.56915], [-60.113339, -33.569221], [-60.113246, -33.569292], [-60.113201, -33.569326], [-60.113108, -33.569396], [-60.113014, -33.569467], [-60.112919, -33.569538], [-60.112824, -33.569609], [-60.112729, -33.56968], [-60.112635, -33.56975], [-60.112542, -33.569821], [-60.112448, -33.569892], [-60.112354, -33.569964], [-60.112259, -33.570036], [-60.112166, -33.570106], [-60.112072, -33.570178], [-60.111989, -33.570241], [-60.111894, -33.570311], [-60.111799, -33.570382], [-60.111706, -33.570452], [-60.111611, -33.570523], [-60.111516, -33.570594], [-60.111422, -33.570665], [-60.111327, -33.570736], [-60.111233, -33.570807], [-60.111139, -33.570879], [-60.111045, -33.570949], [-60.110951, -33.571021], [-60.110856, -33.571091], [-60.110761, -33.571162], [-60.110666, -33.571233], [-60.110572, -33.571304], [-60.110477, -33.571376], [-60.110383, -33.571447], [-60.110288, -33.571519], [-60.110194, -33.571591], [-60.1101, -33.571662], [-60.110006, -33.571734], [-60.109911, -33.571806], [-60.109816, -33.571877], [-60.109722, -33.571949], [-60.109627, -33.57202], [-60.109533, -33.572091], [-60.109438, -33.572162], [-60.109343, -33.572233], [-60.109248, -33.572304], [-60.109155, -33.572374], [-60.10906, -33.572445], [-60.108965, -33.572517], [-60.10887, -33.572588], [-60.108776, -33.57266], [-60.108683, -33.57273], [-60.108588, -33.572801], [-60.108494, -33.572872], [-60.108399, -33.572944], [-60.108304, -33.573015], [-60.10821, -33.573086], [-60.108115, -33.573157], [-60.108021, -33.573229], [-60.107927, -33.5733], [-60.107832, -33.573371], [-60.107739, -33.573441], [-60.107644, -33.573512], [-60.10755, -33.573583], [-60.107456, -33.573653], [-60.107361, -33.573724], [-60.107267, -33.573795], [-60.107172, -33.573866], [-60.107078, -33.573938], [-60.106984, -33.574009], [-60.10689, -33.574079], [-60.106794, -33.57415], [-60.106699, -33.57422], [-60.106604, -33.574291], [-60.106509, -33.574362], [-60.106414, -33.574433], [-60.106319, -33.574503], [-60.106225, -33.574575], [-60.106132, -33.574644], [-60.106037, -33.574715], [-60.105943, -33.574786], [-60.105849, -33.574857], [-60.105755, -33.574928], [-60.105661, -33.574999], [-60.105568, -33.57507], [-60.105476, -33.575139], [-60.105382, -33.575211], [-60.105289, -33.575281], [-60.105196, -33.575351], [-60.105102, -33.575423], [-60.105008, -33.575494], [-60.104914, -33.575565], [-60.104819, -33.575636], [-60.104725, -33.575707], [-60.10463, -33.575779], [-60.104541, -33.575846], [-60.104447, -33.575917], [-60.104353, -33.575988], [-60.104258, -33.576059], [-60.104164, -33.57613], [-60.104071, -33.576202], [-60.103977, -33.576272], [-60.103883, -33.576344], [-60.103788, -33.576414], [-60.103693, -33.576485], [-60.103599, -33.576556], [-60.103504, -33.576628], [-60.10341, -33.576698], [-60.103317, -33.576768], [-60.103223, -33.576839], [-60.103128, -33.576909], [-60.103034, -33.57698], [-60.102941, -33.57705], [-60.102848, -33.57712], [-60.102754, -33.577192], [-60.10266, -33.577263], [-60.10258, -33.577325], [-60.102487, -33.577395], [-60.102393, -33.577466], [-60.102298, -33.577537], [-60.102204, -33.577608], [-60.10211, -33.57768], [-60.102018, -33.57775], [-60.101924, -33.577821], [-60.10183, -33.577892], [-60.101738, -33.577961], [-60.101643, -33.578033], [-60.101549, -33.578104], [-60.101455, -33.578175], [-60.101361, -33.578247], [-60.101267, -33.578319], [-60.101174, -33.578391], [-60.101079, -33.578462], [-60.100987, -33.578532], [-60.100892, -33.578604], [-60.100798, -33.578674], [-60.100704, -33.578746], [-60.100609, -33.578817], [-60.100515, -33.578888], [-60.100421, -33.57896], [-60.100329, -33.579029], [-60.100235, -33.5791], [-60.100142, -33.57917], [-60.100048, -33.579241], [-60.099955, -33.579311], [-60.099861, -33.579382], [-60.099766, -33.579453], [-60.099672, -33.579525], [-60.099578, -33.579595], [-60.099484, -33.579666], [-60.099391, -33.579736], [-60.099297, -33.579807], [-60.099205, -33.579877], [-60.09911, -33.579948], [-60.099016, -33.580019], [-60.098922, -33.58009], [-60.098828, -33.580161], [-60.098735, -33.580232], [-60.09864, -33.580303], [-60.098547, -33.580374], [-60.098452, -33.580445], [-60.098358, -33.580516], [-60.098264, -33.580587], [-60.09817, -33.580659], [-60.098076, -33.580731], [-60.097982, -33.580802], [-60.097888, -33.580873], [-60.097797, -33.580941], [-60.097704, -33.581012], [-60.097613, -33.58108], [-60.097519, -33.581152], [-60.097426, -33.581223], [-60.097331, -33.581294], [-60.097237, -33.581365], [-60.097143, -33.581436], [-60.097049, -33.581508], [-60.096955, -33.581579], [-60.096862, -33.581651], [-60.09678, -33.581713], [-60.096685, -33.581784], [-60.096647, -33.581813], [-60.096554, -33.581883], [-60.096461, -33.581953], [-60.096417, -33.581985], [-60.096375, -33.582017], [-60.096327, -33.582052], [-60.09628, -33.582088], [-60.096185, -33.582159], [-60.096092, -33.58223], [-60.096033, -33.582276], [-60.095949, -33.58234], [-60.095856, -33.582412], [-60.095761, -33.582483], [-60.095668, -33.582553], [-60.095573, -33.582624], [-60.095479, -33.582694], [-60.095386, -33.582764], [-60.095292, -33.582835], [-60.095198, -33.582906], [-60.095104, -33.582977], [-60.09501, -33.583048], [-60.094916, -33.58312], [-60.094822, -33.58319], [-60.094728, -33.583261], [-60.094633, -33.583332], [-60.094539, -33.583403], [-60.094445, -33.583475], [-60.09435, -33.583546], [-60.094256, -33.583617], [-60.094163, -33.583688], [-60.094069, -33.583759], [-60.093975, -33.58383], [-60.09388, -33.583901], [-60.093786, -33.583972], [-60.093692, -33.584043], [-60.093598, -33.584114], [-60.093505, -33.584184], [-60.093411, -33.584256], [-60.093318, -33.584327], [-60.093224, -33.584399], [-60.09313, -33.58447], [-60.093035, -33.584541], [-60.092942, -33.584611], [-60.092847, -33.584682], [-60.092752, -33.584754], [-60.092658, -33.584825], [-60.092564, -33.584896], [-60.09247, -33.584966], [-60.092376, -33.585037], [-60.092282, -33.585107], [-60.092193, -33.585174], [-60.092099, -33.585245], [-60.092005, -33.585315], [-60.091914, -33.585384], [-60.091819, -33.585454], [-60.091724, -33.585525], [-60.091631, -33.585595], [-60.091537, -33.585666], [-60.091444, -33.585736], [-60.09135, -33.585806], [-60.091256, -33.585877], [-60.091161, -33.585948], [-60.091067, -33.586018], [-60.090973, -33.586089], [-60.090878, -33.586159], [-60.090784, -33.58623], [-60.09069, -33.586301], [-60.090595, -33.586372], [-60.090501, -33.586443], [-60.090408, -33.586513], [-60.090314, -33.586585], [-60.09022, -33.586655], [-60.090126, -33.586727], [-60.090033, -33.586797], [-60.08994, -33.586869], [-60.089847, -33.58694], [-60.089754, -33.587012], [-60.08966, -33.587084], [-60.089566, -33.587155], [-60.089473, -33.587227], [-60.089374, -33.587292], [-60.089267, -33.587345], [-60.089159, -33.587399], [-60.089049, -33.587452], [-60.08894, -33.587505], [-60.08883, -33.587558], [-60.088719, -33.587611], [-60.088609, -33.587664], [-60.0885, -33.587716], [-60.08839, -33.587769], [-60.08828, -33.587822], [-60.088174, -33.587873], [-60.088064, -33.587926], [-60.087955, -33.587978], [-60.087845, -33.588031], [-60.087735, -33.588084], [-60.087625, -33.588137], [-60.087518, -33.588189], [-60.08741, -33.588241], [-60.0873, -33.588294], [-60.08719, -33.588347], [-60.087081, -33.588399], [-60.086972, -33.588452], [-60.086862, -33.588505], [-60.086753, -33.588558], [-60.086642, -33.588611], [-60.086533, -33.588663], [-60.086422, -33.588715], [-60.08631, -33.588765], [-60.086199, -33.588816], [-60.086087, -33.588867], [-60.085976, -33.588919], [-60.085866, -33.588972], [-60.085756, -33.589025], [-60.085646, -33.589078], [-60.085536, -33.589131], [-60.085426, -33.589184], [-60.085378, -33.589207], [-60.085269, -33.589261], [-60.085169, -33.589328], [-60.085149, -33.589345], [-60.085129, -33.589362], [-60.085086, -33.589398], [-60.085042, -33.589435], [-60.084999, -33.589472], [-60.084957, -33.589507], [-60.084953, -33.58951], [-60.084934, -33.589525], [-60.08489, -33.589562], [-60.084878, -33.589572], [-60.08486, -33.589587], [-60.084848, -33.589598], [-60.084805, -33.589634], [-60.084763, -33.58967], [-60.084721, -33.589706], [-60.084677, -33.589743], [-60.084639, -33.589775]]}},
{"type": "Feature", "properties": {"ProjectID": "P7844", "OBJECTID": 92330, "ID_LIC": "N3P", "Gasoducto": 10002014, "Tramo": 10002014003, "TdTrm": "Paralelo", "PkiTrm": 253298, "PkfTrm": 298001, "Long": 2, "PrsDsn": 60.35, "Mapo": 40, "Diametro": 30, "Espesor": 7.57, "MatNyG": "X60", "Construc": " ", "FchHab": null, "PrsMaxPru": 0, "PrsMinPru": 0, "FldPru": " ", "FchPru": null, "Unifilar": " ", "Fuente": " ", "Licenciataria": 10002, "ID_TEOS": null, "Obs": " "}, "geometry": {"type": "LineString", "coordinates": [[-59.014968, -34.347663], [-59.014959, -34.347671], [-59.014936, -34.347688], [-59.014925, -34.347696], [-59.014906, -34.347711], [-59.014894, -34.347721], [-59.014883, -34.347729], [-59.014875, -34.347735], [-59.014862, -34.347745], [-59.014854, -34.347751], [-59.01485, -34.347754], [-59.014841, -34.347761], [-59.014836, -34.347765], [-59.014831, -34.347782], [-59.01483, -34.347789], [-59.014829, -34.34781], [-59.014828, -34.347824], [-59.014817, -34.347839], [-59.014807, -34.347846], [-59.014717, -34.347916], [-59.014672, -34.347951], [-59.014627, -34.347986], [-59.014581, -34.348022], [-59.014537, -34.348057], [-59.01444, -34.348132], [-59.014343, -34.348206], [-59.014248, -34.348279], [-59.014152, -34.348354], [-59.014055, -34.348428], [-59.01396, -34.348502], [-59.013864, -34.348577], [-59.013769, -34.348652], [-59.013692, -34.348712], [-59.013596, -34.348787], [-59.013513, -34.348852], [-59.013418, -34.348927], [-59.013335, -34.348992], [-59.01324, -34.349067], [-59.013145, -34.349142], [-59.013049, -34.349216], [-59.012953, -34.349291], [-59.012858, -34.349366], [-59.012762, -34.349441], [-59.012667, -34.349516], [-59.012571, -34.349591], [-59.012481, -34.349661], [-59.012384, -34.349736], [-59.012288, -34.349811], [-59.012193, -34.349885], [-59.012097, -34.349959], [-59.012001, -34.350034], [-59.011905, -34.350109], [-59.01181, -34.350183], [-59.011715, -34.350258], [-59.011619, -34.350333], [-59.011524, -34.350407], [-59.011428, -34.350481], [-59.011332, -34.350555], [-59.011236, -34.35063], [-59.011145, -34.350702], [-59.01105, -34.350776], [-59.010962, -34.350845], [-59.010866, -34.350919], [-59.01077, -34.350993], [-59.010673, -34.351068], [-59.010578, -34.351143], [-59.010482, -34.351219], [-59.010386, -34.351294], [-59.010291, -34.351368], [-59.010201, -34.351439], [-59.010123, -34.3515], [-59.010028, -34.351575], [-59.009934, -34.35165], [-59.009839, -34.351724], [-59.009743, -34.351799], [-59.009651, -34.351872], [-59.009555, -34.351947], [-59.009459, -34.352021], [-59.009363, -34.352096], [-59.009266, -34.35217], [-59.00917, -34.352244], [-59.009074, -34.352319], [-59.009, -34.352377], [-59.008905, -34.352452], [-59.008817, -34.352521], [-59.008721, -34.352595], [-59.008655, -34.352647], [-59.00856, -34.352721], [-59.008464, -34.352795], [-59.008367, -34.352869], [-59.00827, -34.352944], [-59.008175, -34.353018], [-59.008079, -34.353092], [-59.007984, -34.353166], [-59.007888, -34.353241], [-59.007793, -34.353315], [-59.007704, -34.353384], [-59.007608, -34.35346], [-59.007513, -34.353534], [-59.007418, -34.353609], [-59.007323, -34.353684], [-59.007227, -34.353759], [-59.007131, -34.353834], [-59.007035, -34.353908], [-59.006939, -34.353982], [-59.006843, -34.354056], [-59.006747, -34.35413], [-59.006651, -34.354205], [-59.006555, -34.354279], [-59.006459, -34.354354], [-59.006364, -34.354427], [-59.006267, -34.354502], [-59.006171, -34.354576], [-59.006092, -34.354637], [-59.006006, -34.354704], [-59.005909, -34.354778], [-59.005813, -34.354852], [-59.005717, -34.354926], [-59.00562, -34.355], [-59.005524, -34.355074], [-59.00543, -34.355148], [-59.005333, -34.355223], [-59.005238, -34.355297], [-59.005142, -34.355372], [-59.005066, -34.355431], [-59.00497, -34.355506], [-59.004891, -34.355567], [-59.004797, -34.355639], [-59.004701, -34.355713], [-59.004604, -34.355788], [-59.004508, -34.355862], [-59.004412, -34.355937], [-59.004315, -34.356012], [-59.00422, -34.356086], [-59.004124, -34.35616], [-59.004029, -34.356235], [-59.003933, -34.356309], [-59.003837, -34.356384], [-59.003742, -34.356457], [-59.003645, -34.356531], [-59.003547, -34.356605], [-59.003468, -34.356666], [-59.003376, -34.35674], [-59.003349, -34.356763], [-59.003328, -34.356781], [-59.003257, -34.356865], [-59.003219, -34.356966], [-59.003217, -34.357076], [-59.003254, -34.357178], [-59.003299, -34.35728], [-59.003344, -34.357383], [-59.003353, -34.357404], [-59.003397, -34.357506], [-59.003438, -34.3576], [-59.003481, -34.357703], [-59.003524, -34.357805], [-59.003567, -34.357907], [-59.003611, -34.35801], [-59.00365, -34.358101], [-59.003694, -34.358204], [-59.003738, -34.358307], [-59.003782, -34.35841], [-59.003825, -34.358511], [-59.003869, -34.358614], [-59.003913, -34.358717], [-59.003955, -34.35882], [-59.003986, -34.358894], [-59.004028, -34.358997], [-59.004063, -34.359073], [-59.004114, -34.359173], [-59.004162, -34.359268], [-59.004207, -34.35936], [-59.004257, -34.359461], [-59.004306, -34.359563], [-59.004351, -34.359656], [-59.004399, -34.359753], [-59.004448, -34.359854], [-59.004497, -34.359955], [-59.004546, -34.360056], [-59.004596, -34.360157], [-59.004645, -34.360259], [-59.004695, -34.36036], [-59.004745, -34.360461], [-59.004788, -34.36055], [-59.004807, -34.360588], [-59.004857, -34.360689], [-59.004905, -34.360785], [-59.004954, -34.360887], [-59.005002, -34.360989], [-59.005045, -34.361077]]}},
{"type": "Feature", "properties": {"ProjectID": "P7844", "OBJECTID": 92331, "ID_LIC": "N3P", "Gasoducto": 10002014, "Tramo": 10002014003, "TdTrm": "Paralelo", "PkiTrm": 253298, "PkfTrm": 298001, "Long": 2.01, "PrsDsn": 60.35, "Mapo": 40, "Diametro": 30, "Espesor": 7.57, "MatNyG": "X60", "Construc": " ", "FchHab": null, "PrsMaxPru": 0, "PrsMinPru": 0, "FldPru": " ", "FchPru": null, "Unifilar": " ", "Fuente": " ", "Licenciataria": 10002, "ID_TEOS": null, "Obs": " "}, "geometry": {"type": "LineString", "coordinates": [[-59.008395, -34.621058], [-59.0083, -34.621124], [-59.008214, -34.621184], [-59.008114, -34.621253], [-59.008031, -34.621312], [-59.007931, -34.621381], [-59.007831, -34.621452], [-59.007733, -34.621521], [-59.007637, -34.621589], [-59.007537, -34.621659], [-59.007457, -34.621715], [-59.007361, -34.621783], [-59.00726, -34.621853], [-59.00716, -34.621922], [-59.007059, -34.621992], [-59.006959, -34.622062], [-59.006859, -34.622131], [-59.00676, -34.622202], [-59.006659, -34.622272], [-59.006559, -34.622342], [-59.006461, -34.62241], [-59.006361, -34.62248], [-59.00626, -34.62255], [-59.00616, -34.62262], [-59.00606, -34.62269], [-59.00596, -34.62276], [-59.00586, -34.62283], [-59.00576, -34.6229], [-59.005694, -34.622947], [-59.005594, -34.623016], [-59.005517, -34.623071], [-59.005416, -34.623141], [-59.005316, -34.623211], [-59.005216, -34.623281], [-59.005132, -34.62334], [-59.005034, -34.623407], [-59.004959, -34.623459], [-59.004859, -34.623528], [-59.004765, -34.623594], [-59.004664, -34.623663], [-59.004572, -34.623726], [-59.004473, -34.623796], [-59.004374, -34.623868], [-59.004276, -34.62394], [-59.004177, -34.624012], [-59.004078, -34.624084], [-59.003979, -34.624156], [-59.003879, -34.624228], [-59.00378, -34.6243], [-59.003681, -34.624372], [-59.003582, -34.624443], [-59.003481, -34.624516], [-59.003387, -34.624584], [-59.003309, -34.62464], [-59.00321, -34.624712], [-59.003116, -34.62478], [-59.003016, -34.624853], [-59.002917, -34.624925], [-59.002818, -34.624997], [-59.002718, -34.625069], [-59.002618, -34.625141], [-59.002518, -34.625213], [-59.00244, -34.625269], [-59.00234, -34.625341], [-59.002265, -34.625395], [-59.002166, -34.625466], [-59.002066, -34.625538], [-59.001974, -34.625605], [-59.001875, -34.625676], [-59.001776, -34.625747], [-59.001677, -34.625819], [-59.001604, -34.625871], [-59.001505, -34.625942], [-59.001424, -34.626001], [-59.001324, -34.626073], [-59.001254, -34.626124], [-59.001155, -34.626196], [-59.001057, -34.626267], [-59.000957, -34.626339], [-59.000857, -34.626411], [-59.000758, -34.626483], [-59.000659, -34.626555], [-59.00056, -34.626628], [-59.000486, -34.626681], [-59.000387, -34.626753], [-59.000318, -34.626802], [-59.000219, -34.626874], [-59.000138, -34.626933], [-59.000038, -34.627004], [-58.999939, -34.627076], [-58.99984, -34.627147], [-58.999742, -34.627218], [-58.999644, -34.62729], [-58.999561, -34.62735], [-58.999462, -34.627422], [-58.999363, -34.627494], [-58.999289, -34.627548], [-58.99919, -34.62762], [-58.99909, -34.627691], [-58.998992, -34.627763], [-58.998897, -34.627832], [-58.998797, -34.627905], [-58.998699, -34.627975], [-58.998599, -34.628045], [-58.998493, -34.628111], [-58.998381, -34.628167], [-58.998268, -34.628224], [-58.998178, -34.628269], [-58.998066, -34.628326], [-58.997975, -34.628372], [-58.997863, -34.62843], [-58.997779, -34.628473], [-58.997667, -34.62853], [-58.997583, -34.628573], [-58.997472, -34.62863], [-58.997387, -34.628674], [-58.997275, -34.628731], [-58.997179, -34.62878], [-58.997069, -34.628836], [-58.996957, -34.628893], [-58.996845, -34.62895], [-58.996733, -34.629007], [-58.99662, -34.629064], [-58.996507, -34.629122], [-58.996395, -34.629179], [-58.996282, -34.629236], [-58.996169, -34.629294], [-58.996056, -34.629351], [-58.995944, -34.629409], [-58.995832, -34.629466], [-58.995718, -34.629524], [-58.995606, -34.629581], [-58.995492, -34.629639], [-58.995379, -34.629696], [-58.995267, -34.629753], [-58.995154, -34.62981], [-58.995056, -34.62986], [-58.994943, -34.629917], [-58.99483, -34.629974], [-58.994718, -34.630031], [-58.994605, -34.630088], [-58.994492, -34.630145], [-58.994379, -34.630201], [-58.994266, -34.630257], [-58.994153, -34.630313], [-58.99404, -34.630368], [-58.993956, -34.630409], [-58.993843, -34.630464], [-58.993743, -34.630514], [-58.99363, -34.630569], [-58.993518, -34.630624], [-58.993405, -34.63068], [-58.993297, -34.630733], [-58.993184, -34.630788], [-58.99307, -34.630844], [-58.992957, -34.630899], [-58.992843, -34.630954], [-58.992762, -34.630993], [-58.992648, -34.631049], [-58.992535, -34.631104], [-58.992421, -34.63116], [-58.992307, -34.631215], [-58.992193, -34.631271], [-58.992079, -34.631326], [-58.991965, -34.631382], [-58.991851, -34.631438], [-58.991738, -34.631493], [-58.991624, -34.631549], [-58.99151, -34.631605], [-58.991397, -34.63166], [-58.991282, -34.631716], [-58.991201, -34.631755], [-58.989418, -34.632666]]}},
{"type": "Feature", "properties": {"ProjectID": "P7844", "OBJECTID": 92333, "ID_LIC": "N3P", "Gasoducto": 10002014, "Tramo": 10002014003, "TdTrm": "Paralelo", "PkiTrm": 253298, "PkfTrm": 298001, "Long": 5.87, "PrsDsn": 60.35, "Mapo": 40, "Diametro": 30, "Espesor": 12.7, "MatNyG": "X52", "Construc": " ", "FchHab": null, "PrsMaxPru": 0, "PrsMinPru": 0, "FldPru": " ", "FchPru": null, "Unifilar": " ", "Fuente": " ", "Licenciataria": 10002, "ID_TEOS": null, "Obs": " "}, "geometry": {"type": "LineString", "coordinates": [[-58.98942, -34.632666], [-58.989368, -34.632694], [-58.989319, -34.632722], [-58.989265, -34.632751], [-58.989213, -34.63278], [-58.989161, -34.632808], [-58.989109, -34.632837], [-58.989057, -34.632866], [-58.989005, -34.632894], [-58.988953, -34.632923], [-58.988903, -34.63295], [-58.988851, -34.632979], [-58.9888, -34.633007], [-58.988748, -34.633036], [-58.988696, -34.633065], [-58.988643, -34.633094], [-58.988592, -34.633122], [-58.988541, -34.63315], [-58.988488, -34.633179], [-58.988435, -34.633208], [-58.988383, -34.633237], [-58.988337, -34.633262], [-58.988285, -34.633291], [-58.988234, -34.63332], [-58.988181, -34.633349], [-58.988129, -34.633378], [-58.988077, -34.633406], [-58.988026, -34.633435], [-58.987975, -34.633463], [-58.987928, -34.633489], [-58.987876, -34.633518], [-58.987826, -34.633545], [-58.987776, -34.633573], [-58.987723, -34.633602], [-58.987672, -34.63363], [-58.987621, -34.633659], [-58.987582, -34.63368], [-58.987535, -34.633706], [-58.987483, -34.633735], [-58.987431, -34.633764], [-58.98738, -34.633793], [-58.987328, -34.633823], [-58.987277, -34.63385], [-58.987261, -34.633846], [-58.987209, -34.63382], [-58.987201, -34.633815], [-58.987154, -34.633792], [-58.987102, -34.633766], [-58.987049, -34.63374], [-58.986996, -34.633714], [-58.986942, -34.633688], [-58.986888, -34.633662], [-58.986837, -34.633638], [-58.986785, -34.633613], [-58.986732, -34.633588], [-58.986677, -34.633562], [-58.986627, -34.633538], [-58.986575, -34.633514], [-58.986522, -34.633489], [-58.986468, -34.633464], [-58.986415, -34.633439], [-58.986361, -34.633413], [-58.986308, -34.633387], [-58.986256, -34.633362], [-58.986202, -34.633336], [-58.98615, -34.633312], [-58.986099, -34.633287], [-58.986044, -34.633261], [-58.985989, -34.633235], [-58.985934, -34.633209], [-58.985879, -34.633183], [-58.985826, -34.633158], [-58.985771, -34.633131], [-58.985716, -34.633105], [-58.985662, -34.63308], [-58.98561, -34.633055], [-58.985555, -34.633029], [-58.9855, -34.633002], [-58.985444, -34.632976], [-58.985388, -34.632949], [-58.985333, -34.632924], [-58.985278, -34.632898], [-58.985227, -34.632874], [-58.985173, -34.632848], [-58.98512, -34.632824], [-58.985066, -34.632798], [-58.985012, -34.632773], [-58.984968, -34.632752], [-58.984923, -34.632731], [-58.984877, -34.63271], [-58.984821, -34.632684], [-58.984766, -34.632658], [-58.98471, -34.632633], [-58.984655, -34.632607], [-58.9846, -34.632581], [-58.984546, -34.632555], [-58.984491, -34.63253], [-58.984437, -34.632505], [-58.984382, -34.632479], [-58.984329, -34.632455], [-58.984274, -34.63243], [-58.98422, -34.632404], [-58.984164, -34.632379], [-58.984113, -34.632355], [-58.984062, -34.632331], [-58.984011, -34.632308], [-58.983956, -34.632282], [-58.9839, -34.632256], [-58.983847, -34.632231], [-58.983791, -34.632205], [-58.983737, -34.63218], [-58.983684, -34.632155], [-58.983633, -34.632132], [-58.983578, -34.632106], [-58.983523, -34.632081], [-58.983468, -34.632055], [-58.983416, -34.632031], [-58.983362, -34.632005], [-58.983307, -34.63198], [-58.983252, -34.631954], [-58.983198, -34.631929], [-58.983144, -34.631903], [-58.98309, -34.631878], [-58.983038, -34.631853], [-58.982984, -34.631827], [-58.982929, -34.631801], [-58.982877, -34.631776], [-58.982823, -34.63175], [-58.982768, -34.631725], [-58.982715, -34.631699], [-58.982663, -34.631675], [-58.982609, -34.631649], [-58.982554, -34.631622], [-58.982499, -34.631596], [-58.982445, -34.63157], [-58.98239, -34.631544], [-58.982334, -34.631517], [-58.982277, -34.63149], [-58.982222, -34.631463], [-58.982169, -34.631437], [-58.982114, -34.631411], [-58.982059, -34.631385], [-58.982008, -34.63136], [-58.981955, -34.631334], [-58.9819, -34.631308], [-58.981845, -34.631282], [-58.981789, -34.631256], [-58.981732, -34.631229], [-58.981677, -34.631203], [-58.981622, -34.631177], [-58.981577, -34.631155], [-58.981524, -34.63113], [-58.98147, -34.631104], [-58.981421, -34.63108], [-58.981364, -34.631053], [-58.981309, -34.631027], [-58.981257, -34.631002], [-58.981202, -34.630976], [-58.981145, -34.630949], [-58.981088, -34.630922], [-58.981033, -34.630896], [-58.980978, -34.63087], [-58.980928, -34.630846], [-58.980873, -34.63082], [-58.980819, -34.630794], [-58.980768, -34.630769], [-58.980713, -34.630743], [-58.980659, -34.630717], [-58.980607, -34.630692], [-58.980553, -34.630665], [-58.980499, -34.63064], [-58.980444, -34.630614], [-58.980392, -34.630589], [-58.980337, -34.630563], [-58.980282, -34.630536], [-58.980227, -34.63051], [-58.98017, -34.630484], [-58.980118, -34.630459], [-58.980085, -34.630444], [-58.98003, -34.630419], [-58.979976, -34.630393], [-58.979924, -34.630368], [-58.979869, -34.630342], [-58.979818, -34.630318], [-58.979766, -34.630293], [-58.979715, -34.630266], [-58.97967, -34.630239], [-58.979622, -34.630208], [-58.979575, -34.630173], [-58.979532, -34.630138], [-58.979487, -34.630103], [-58.979441, -34.630067], [-58.979396, -34.630031], [-58.979351, -34.629996], [-58.979306, -34.629961], [-58.979262, -34.629926], [-58.979216, -34.629891], [-58.979173, -34.629857], [-58.97913, -34.629823], [-58.979109, -34.629807], [-58.979062, -34.62977], [-58.979017, -34.629735], [-58.978973, -34.629702], [-58.978926, -34.629666], [-58.978879, -34.629629], [-58.978834, -34.629595], [-58.978788, -34.629559], [-58.97874, -34.629523], [-58.978693, -34.629486], [-58.978652, -34.629455], [-58.978607, -34.629421], [-58.978559, -34.629384], [-58.978513, -34.629349], [-58.978467, -34.629313], [-58.978422, -34.629278], [-58.978376, -34.629242], [-58.97833, -34.629206], [-58.978285, -34.62917], [-58.97824, -34.629135], [-58.978193, -34.629098], [-58.978147, -34.629061], [-58.978102, -34.629026], [-58.978058, -34.628992], [-58.978013, -34.628957], [-58.977967, -34.628921], [-58.977923, -34.628886], [-58.977878, -34.628851], [-58.977832, -34.628815], [-58.977788, -34.62878], [-58.977742, -34.628744], [-58.977697, -34.628708], [-58.977653, -34.628674], [-58.977608, -34.628639], [-58.977564, -34.628604], [-58.97752, -34.62857], [-58.977473, -34.628533], [-58.977426, -34.628495], [-58.977379, -34.628459], [-58.977332, -34.628422], [-58.977287, -34.628386], [-58.977242, -34.628351], [-58.977197, -34.628314], [-58.977153, -34.62828], [-58.977107, -34.628242], [-58.977061, -34.628205], [-58.977018, -34.62817], [-58.976974, -34.628136], [-58.976927, -34.628099], [-58.976879, -34.628063], [-58.976839, -34.628032], [-58.976793, -34.627998], [-58.976747, -34.627964], [-58.9767, -34.62793], [-58.976654, -34.627896], [-58.976609, -34.627863], [-58.976584, -34.627845], [-58.976544, -34.627815], [-58.976499, -34.627781], [-58.976454, -34.627747], [-58.976407, -34.627711], [-58.976361, -34.627676], [-58.976315, -34.62764], [-58.976269, -34.627604], [-58.976223, -34.627569], [-58.976179, -34.627534], [-58.976133, -34.627499], [-58.976088, -34.627463], [-58.976042, -34.627428], [-58.975998, -34.627395], [-58.975951, -34.627358], [-58.975903, -34.627322], [-58.975855, -34.627285], [-58.97581, -34.627251], [-58.975764, -34.627216], [-58.975719, -34.627181], [-58.975673, -34.627145], [-58.975625, -34.627109], [-58.975578, -34.627072], [-58.975534, -34.627038], [-58.975489, -34.627003], [-58.975443, -34.626967], [-58.975399, -34.626932], [-58.975355, -34.626898], [-58.975309, -34.626863], [-58.975264, -34.626828], [-58.975218, -34.626793], [-58.975172, -34.626757], [-58.975129, -34.626724], [-58.975083, -34.626689], [-58.975037, -34.626654], [-58.974991, -34.626618], [-58.974946, -34.626583], [-58.974901, -34.626549], [-58.974856, -34.626515], [-58.974811, -34.62648], [-58.974765, -34.626445], [-58.974718, -34.62641], [-58.974672, -34.626374], [-58.974629, -34.626342], [-58.974583, -34.626306], [-58.974539, -34.626273], [-58.974494, -34.626238], [-58.97445, -34.626205], [-58.974404, -34.62617], [-58.974359, -34.626135], [-58.974313, -34.626101], [-58.974268, -34.626066], [-58.974222, -34.626031], [-58.974177, -34.625996], [-58.974131, -34.62596], [-58.974085, -34.625925], [-58.974039, -34.62589], [-58.973995, -34.625856], [-58.97395, -34.625821], [-58.973903, -34.625785], [-58.973858, -34.62575], [-58.973811, -34.625715], [-58.973767, -34.625681], [-58.973724, -34.625648], [-58.97368, -34.625614], [-58.973634, -34.625579], [-58.973588, -34.625543], [-58.973544, -34.625509], [-58.973501, -34.625475], [-58.973456, -34.62544], [-58.97341, -34.625404], [-58.973364, -34.625369], [-58.973318, -34.625333], [-58.973272, -34.625297], [-58.973227, -34.625263], [-58.973187, -34.625232], [-58.973141, -34.625197], [-58.973096, -34.625162], [-58.973049, -34.625126], [-58.973001, -34.625091], [-58.972983, -34.625095], [-58.972929, -34.625125], [-58.972877, -34.625154], [-58.972826, -34.625182], [-58.972796, -34.625198], [-58.972744, -34.625227], [-58.972693, -34.625254], [-58.972643, -34.625281], [-58.97259, -34.62531], [-58.972538, -34.625339], [-58.972485, -34.625368], [-58.972434, -34.625396], [-58.972382, -34.625424], [-58.972332, -34.625452], [-58.972284, -34.625478], [-58.972234, -34.625505], [-58.972181, -34.625534], [-58.97213, -34.625561], [-58.97208, -34.625589], [-58.97203, -34.625615], [-58.971978, -34.625643], [-58.971926, -34.625672], [-58.971875, -34.625699], [-58.971823, -34.625727], [-58.971771, -34.625756], [-58.97172, -34.625784], [-58.97167, -34.625811], [-58.971618, -34.625839], [-58.971566, -34.625868], [-58.971514, -34.625896], [-58.971461, -34.625925], [-58.971409, -34.625954], [-58.971358, -34.625981], [-58.971304, -34.62601], [-58.971252, -34.626038], [-58.9712, -34.626066], [-58.971147, -34.626094], [-58.971095, -34.626123], [-58.971044, -34.626151], [-58.970993, -34.626178], [-58.970941, -34.626207], [-58.970889, -34.626235], [-58.970836, -34.626264], [-58.970785, -34.626292], [-58.970733, -34.62632], [-58.970681, -34.626348], [-58.970628, -34.626377], [-58.970574, -34.626406], [-58.97052, -34.626436], [-58.970472, -34.626462], [-58.97042, -34.62649], [-58.970369, -34.626518], [-58.970318, -34.626546], [-58.97027, -34.626572], [-58.970219, -34.6266], [-58.970168, -34.626628], [-58.970116, -34.626656], [-58.970064, -34.626684], [-58.970012, -34.626713], [-58.96996, -34.626741], [-58.969911, -34.626768], [-58.96986, -34.626795], [-58.969808, -34.626824], [-58.969756, -34.626852], [-58.969704, -34.626881], [-58.969653, -34.626909], [-58.969601, -34.626937], [-58.969549, -34.626966], [-58.969497, -34.626995], [-58.969447, -34.627022], [-58.969395, -34.627051], [-58.969344, -34.627079], [-58.969292, -34.627108], [-58.96924, -34.627136], [-58.969185, -34.627166], [-58.969131, -34.627195], [-58.969077, -34.627224], [-58.969024, -34.627253], [-58.968975, -34.627282], [-58.968927, -34.627315], [-58.96888, -34.627349], [-58.968832, -34.627383], [-58.968785, -34.627417], [-58.968738, -34.627451], [-58.96869, -34.627485], [-58.968643, -34.627519], [-58.968595, -34.627554], [-58.968548, -34.627588], [-58.968501, -34.627622], [-58.968453, -34.627656], [-58.968406, -34.627691], [-58.968358, -34.627725], [-58.96831, -34.62776], [-58.968263, -34.627794], [-58.968215, -34.627829], [-58.968168, -34.627863], [-58.968121, -34.627896], [-58.968076, -34.627929], [-58.96803, -34.627962], [-58.967983, -34.627996], [-58.967936, -34.628031], [-58.967888, -34.628065], [-58.967841, -34.628099], [-58.967794, -34.628133], [-58.967746, -34.628167], [-58.967703, -34.628198], [-58.967656, -34.628232], [-58.96761, -34.628265], [-58.967563, -34.628299], [-58.967517, -34.628332], [-58.96747, -34.628366], [-58.967424, -34.628399], [-58.967378, -34.628432], [-58.967331, -34.628466], [-58.967284, -34.6285], [-58.967237, -34.628534], [-58.967189, -34.628568], [-58.967145, -34.6286], [-58.967099, -34.628634], [-58.967052, -34.628668], [-58.967004, -34.628702], [-58.966957, -34.628736], [-58.966911, -34.628769], [-58.966864, -34.628803], [-58.966817, -34.628837], [-58.966771, -34.62887], [-58.966723, -34.628904], [-58.966677, -34.628937], [-58.96663, -34.628971], [-58.966584, -34.629004], [-58.966537, -34.629038], [-58.966492, -34.629071], [-58.966444, -34.629105], [-58.966397, -34.629139], [-58.96635, -34.629173], [-58.966303, -34.629207], [-58.966257, -34.62924], [-58.966211, -34.629273], [-58.966164, -34.629307], [-58.966119, -34.62934], [-58.966075, -34.629372], [-58.966027, -34.629406], [-58.965979, -34.629441], [-58.965934, -34.629474], [-58.96589, -34.629506], [-58.965842, -34.62954], [-58.965798, -34.629571], [-58.965752, -34.629606], [-58.965709, -34.629644], [-58.96567, -34.629685], [-58.965635, -34.629728], [-58.965601, -34.629772], [-58.965567, -34.629816], [-58.965534, -34.629858], [-58.9655, -34.629902], [-58.965467, -34.629945], [-58.965435, -34.629985], [-58.965402, -34.630029], [-58.965368, -34.630072], [-58.965335, -34.630115], [-58.965302, -34.630158], [-58.965269, -34.630202], [-58.965237, -34.630243], [-58.965203, -34.630287], [-58.965169, -34.630331], [-58.965136, -34.630373], [-58.965102, -34.630417], [-58.965069, -34.63046], [-58.965035, -34.630504], [-58.965004, -34.630545], [-58.964976, -34.630581], [-58.964943, -34.630624], [-58.964909, -34.630667], [-58.964876, -34.63071], [-58.964841, -34.630754], [-58.964808, -34.630797], [-58.964774, -34.630841], [-58.96474, -34.630884], [-58.964706, -34.630928], [-58.964673, -34.630971], [-58.964641, -34.631012], [-58.964607, -34.631055], [-58.964573, -34.631099], [-58.964539, -34.631142], [-58.964506, -34.631185], [-58.964472, -34.631228], [-58.964438, -34.631271], [-58.964404, -34.631315], [-58.964371, -34.631357], [-58.964338, -34.6314], [-58.964306, -34.631441], [-58.964272, -34.631484], [-58.964238, -34.631528], [-58.964204, -34.631571], [-58.964173, -34.63161], [-58.964139, -34.631654], [-58.964107, -34.631696], [-58.964075, -34.631736], [-58.964041, -34.631779], [-58.964008, -34.631822], [-58.963974, -34.631866], [-58.96394, -34.631909], [-58.963906, -34.631953], [-58.963873, -34.631997], [-58.963839, -34.63204], [-58.963805, -34.632084], [-58.96377, -34.632127], [-58.963736, -34.63217], [-58.963702, -34.632214], [-58.963668, -34.632257], [-58.963634, -34.6323], [-58.963602, -34.632342], [-58.963568, -34.632386], [-58.963533, -34.63243], [-58.963499, -34.632474], [-58.963464, -34.632517], [-58.963431, -34.63256], [-58.9634, -34.632601], [-58.963366, -34.632644], [-58.963332, -34.632688], [-58.963298, -34.632732], [-58.963265, -34.632776], [-58.963231, -34.632819], [-58.963198, -34.632863], [-58.963164, -34.632906], [-58.963131, -34.632948], [-58.963097, -34.632992], [-58.963063, -34.633035], [-58.963029, -34.633078], [-58.962995, -34.633122], [-58.962961, -34.633166], [-58.962927, -34.633209], [-58.962896, -34.63325], [-58.96286, -34.633295], [-58.962825, -34.63334], [-58.962791, -34.633383], [-58.962758, -34.633426], [-58.962723, -34.633471], [-58.962691, -34.633511], [-58.962662, -34.63355], [-58.962627, -34.633594], [-58.962593, -34.633638], [-58.96256, -34.633681], [-58.962525, -34.633727], [-58.96249, -34.633772], [-58.962456, -34.633816], [-58.962423, -34.633858], [-58.962391, -34.6339], [-58.962357, -34.633944], [-58.962323, -34.633987], [-58.962291, -34.63403], [-58.962257, -34.634074], [-58.962223, -34.634117], [-58.962189, -34.63416], [-58.962155, -34.634204], [-58.962121, -34.634247], [-58.962087, -34.634291], [-58.962054, -34.634334], [-58.962021, -34.634377], [-58.961987, -34.634421], [-58.961954, -34.634465], [-58.96192, -34.634508], [-58.961887, -34.634552], [-58.961856, -34.634592], [-58.961822, -34.634636], [-58.961788, -34.634679], [-58.961757, -34.63472], [-58.961723, -34.634763], [-58.961689, -34.634807], [-58.961657, -34.634849], [-58.961625, -34.634891], [-58.961591, -34.634934], [-58.961557, -34.634978], [-58.961525, -34.635018], [-58.961491, -34.635062], [-58.961456, -34.635106], [-58.961422, -34.63515], [-58.961388, -34.635193], [-58.961354, -34.635237], [-58.961321, -34.635279], [-58.961286, -34.635323], [-58.961253, -34.635367], [-58.961219, -34.63541], [-58.961187, -34.635451], [-58.961155, -34.635493], [-58.961124, -34.635533], [-58.96109, -34.635576], [-58.961057, -34.635619], [-58.961024, -34.635661], [-58.960993, -34.635701], [-58.960958, -34.635745], [-58.960925, -34.635788], [-58.960892, -34.635831], [-58.96086, -34.635872], [-58.960826, -34.635916], [-58.960793, -34.635958], [-58.96076, -34.636001], [-58.960726, -34.636044], [-58.960693, -34.636087], [-58.96066, -34.636129], [-58.960626, -34.636172], [-58.960595, -34.636211], [-58.960561, -34.636254], [-58.960527, -34.636298], [-58.960493, -34.636342], [-58.960473, -34.636367], [-58.96046, -34.636385], [-58.960426, -34.636429], [-58.960392, -34.636472], [-58.960358, -34.636516], [-58.960325, -34.636559], [-58.960292, -34.636601], [-58.960268, -34.636632], [-58.960242, -34.636665], [-58.960208, -34.636708], [-58.960174, -34.636752], [-58.960141, -34.636794], [-58.96011, -34.636833], [-58.960076, -34.636877], [-58.960042, -34.63692], [-58.96001, -34.636962], [-58.959976, -34.637006], [-58.959943, -34.637048], [-58.95991, -34.637091], [-58.959875, -34.637135], [-58.959841, -34.637179], [-58.959809, -34.63722], [-58.959778, -34.637261], [-58.959743, -34.637305], [-58.95971, -34.637348], [-58.959675, -34.637394], [-58.95964, -34.637438], [-58.959614, -34.637472], [-58.95958, -34.637515], [-58.959547, -34.637558], [-58.959515, -34.6376], [-58.959482, -34.637642], [-58.959449, -34.637685], [-58.959415, -34.637728], [-58.959382, -34.637771], [-58.959349, -34.637814], [-58.959315, -34.637857], [-58.959282, -34.6379], [-58.959248, -34.637943], [-58.959216, -34.637984], [-58.959183, -34.638027], [-58.959148, -34.638071], [-58.959114, -34.638115], [-58.959081, -34.638156], [-58.95905, -34.638197], [-58.959016, -34.638241], [-58.958982, -34.638284], [-58.958949, -34.638327], [-58.958915, -34.638371], [-58.958882, -34.638413], [-58.958849, -34.638455], [-58.958818, -34.638495], [-58.958785, -34.638538], [-58.958752, -34.638581], [-58.958721, -34.63862], [-58.958689, -34.638662], [-58.958656, -34.638704], [-58.958623, -34.638747], [-58.958592, -34.638787], [-58.958565, -34.638821], [-58.958533, -34.638863], [-58.958501, -34.638904], [-58.958467, -34.638948], [-58.958434, -34.63899], [-58.958401, -34.639033], [-58.958367, -34.639076], [-58.958333, -34.639119], [-58.958299, -34.639163], [-58.958266, -34.639204], [-58.958232, -34.639248], [-58.958198, -34.639292], [-58.958167, -34.639332], [-58.958134, -34.639374], [-58.958099, -34.639419], [-58.958063, -34.639465], [-58.958029, -34.639509], [-58.957995, -34.639554], [-58.957962, -34.639597], [-58.957928, -34.639641], [-58.957895, -34.639683], [-58.95786, -34.639727], [-58.957825, -34.639771], [-58.957791, -34.639814], [-58.957757, -34.639857], [-58.957724, -34.639899], [-58.95769, -34.639941], [-58.957655, -34.639985], [-58.957622, -34.640028], [-58.95759, -34.640069], [-58.957556, -34.640112], [-58.957523, -34.640154], [-58.957489, -34.640197], [-58.957454, -34.640241], [-58.957421, -34.640284], [-58.957388, -34.640326], [-58.957353, -34.640371], [-58.957317, -34.640417], [-58.957283, -34.64046], [-58.95725, -34.640503], [-58.957216, -34.640547], [-58.957181, -34.640591], [-58.957149, -34.640633], [-58.957114, -34.640676], [-58.95708, -34.64072], [-58.957045, -34.640765], [-58.957011, -34.640808], [-58.956977, -34.640851], [-58.956944, -34.640893], [-58.956912, -34.640935], [-58.956878, -34.640979], [-58.956843, -34.641023], [-58.95681, -34.641065], [-58.956778, -34.641108], [-58.956744, -34.641151], [-58.956711, -34.641193], [-58.956675, -34.641238], [-58.956639, -34.641284], [-58.956607, -34.641325], [-58.956574, -34.641367], [-58.956541, -34.64141], [-58.956509, -34.641451], [-58.95648, -34.641488], [-58.956446, -34.641531], [-58.956412, -34.641575], [-58.956377, -34.641619], [-58.956344, -34.641662], [-58.95631, -34.641705], [-58.956279, -34.641746], [-58.956245, -34.641788], [-58.956211, -34.641832], [-58.95618, -34.641873], [-58.956147, -34.641916], [-58.956114, -34.641958], [-58.956081, -34.642], [-58.956048, -34.642042], [-58.956015, -34.642085], [-58.955981, -34.642128], [-58.955948, -34.64217], [-58.955914, -34.642215], [-58.955882, -34.642256], [-58.955849, -34.642299], [-58.955817, -34.64234], [-58.955783, -34.642383], [-58.95575, -34.642426], [-58.955716, -34.64247], [-58.955682, -34.642513], [-58.955648, -34.642556], [-58.955615, -34.642599], [-58.955591, -34.64263], [-58.95556, -34.642668], [-58.955529, -34.642709], [-58.955498, -34.642749], [-58.95547, -34.642785], [-58.955435, -34.642829], [-58.955415, -34.642827], [-58.955364, -34.6428], [-58.955328, -34.642781], [-58.95529, -34.642761], [-58.95524, -34.642734], [-58.955189, -34.642708], [-58.955136, -34.64268], [-58.955083, -34.642653], [-58.95503, -34.642625], [-58.954977, -34.642598], [-58.954926, -34.642572], [-58.954875, -34.642545], [-58.954822, -34.642517], [-58.954769, -34.642489], [-58.954717, -34.642462], [-58.95467, -34.642437], [-58.95462, -34.642411], [-58.954568, -34.642384], [-58.954515, -34.642356], [-58.954468, -34.642332], [-58.954415, -34.642304], [-58.954363, -34.642276], [-58.95431, -34.642249], [-58.954257, -34.642221], [-58.954204, -34.642193], [-58.954151, -34.642165], [-58.954099, -34.642137], [-58.954046, -34.642108], [-58.953997, -34.642083], [-58.953945, -34.642054], [-58.953893, -34.642027], [-58.953844, -34.642001], [-58.953791, -34.641973], [-58.953737, -34.641945], [-58.953683, -34.641917], [-58.953631, -34.64189], [-58.953579, -34.641862], [-58.953529, -34.641835], [-58.953476, -34.641807], [-58.953422, -34.641779], [-58.953378, -34.641756], [-58.953326, -34.641728], [-58.953274, -34.6417], [-58.953221, -34.641672], [-58.953168, -34.641644], [-58.953113, -34.641615], [-58.953059, -34.641586], [-58.953007, -34.641558], [-58.952956, -34.641531], [-58.952911, -34.641508], [-58.952858, -34.64148], [-58.952806, -34.641453], [-58.952753, -34.641425], [-58.952699, -34.641397], [-58.952645, -34.641369], [-58.952592, -34.641341], [-58.952539, -34.641313], [-58.952485, -34.641284], [-58.95243, -34.641255], [-58.952378, -34.641227], [-58.952325, -34.641199], [-58.95227, -34.64117], [-58.952216, -34.641141], [-58.952163, -34.641113], [-58.952113, -34.641086], [-58.952058, -34.641057], [-58.952005, -34.641028], [-58.951952, -34.641], [-58.951899, -34.640972], [-58.951846, -34.640944], [-58.951792, -34.640916], [-58.95174, -34.640888], [-58.951691, -34.640862], [-58.951638, -34.640834], [-58.951584, -34.640806], [-58.951532, -34.640778], [-58.951482, -34.640751], [-58.951429, -34.640723], [-58.951377, -34.640695], [-58.951322, -34.640667], [-58.951268, -34.640639], [-58.951218, -34.640612], [-58.951168, -34.640586], [-58.951114, -34.640557], [-58.95106, -34.640528], [-58.95101, -34.640501], [-58.950962, -34.640475], [-58.950914, -34.64045], [-58.950862, -34.640423], [-58.95081, -34.640395], [-58.950757, -34.640367], [-58.950706, -34.64034], [-58.950654, -34.640312], [-58.950603, -34.640285], [-58.950551, -34.640258], [-58.950496, -34.640229], [-58.950442, -34.640201], [-58.950387, -34.640172], [-58.950332, -34.640143], [-58.950279, -34.640115], [-58.950227, -34.640087], [-58.950172, -34.640058], [-58.950118, -34.640029], [-58.950063, -34.64], [-58.950009, -34.639972], [-58.949955, -34.639943], [-58.949901, -34.639915], [-58.949848, -34.639886], [-58.949801, -34.639862], [-58.949752, -34.639835], [-58.949699, -34.639808], [-58.949646, -34.63978], [-58.949596, -34.639753], [-58.949543, -34.639725], [-58.949491, -34.639697], [-58.949437, -34.639668], [-58.949382, -34.639639], [-58.949328, -34.63961], [-58.949273, -34.639581], [-58.949225, -34.639556], [-58.949171, -34.639528], [-58.949118, -34.6395], [-58.949065, -34.639472], [-58.949015, -34.639446], [-58.948964, -34.63942], [-58.948912, -34.639393], [-58.94886, -34.639365], [-58.948806, -34.639337], [-58.948754, -34.639309], [-58.948702, -34.639281], [-58.948648, -34.639253], [-58.948596, -34.639226], [-58.948546, -34.639199], [-58.948496, -34.639173], [-58.94846, -34.639153], [-58.948408, -34.639126], [-58.948366, -34.639104], [-58.948313, -34.639076], [-58.94826, -34.639048], [-58.948209, -34.639021], [-58.948156, -34.638994], [-58.948103, -34.638966], [-58.94805, -34.638938], [-58.947996, -34.638909], [-58.947946, -34.638883], [-58.947893, -34.638854], [-58.947842, -34.638828], [-58.947796, -34.638803], [-58.947741, -34.638774], [-58.947689, -34.638746], [-58.947648, -34.638724], [-58.947596, -34.638696], [-58.947542, -34.638668], [-58.947489, -34.638639], [-58.947435, -34.63861], [-58.947386, -34.638584], [-58.947334, -34.638557], [-58.94728, -34.638528], [-58.947225, -34.6385], [-58.947174, -34.638473], [-58.947122, -34.638445], [-58.947072, -34.638418], [-58.947021, -34.638391], [-58.946968, -34.638363], [-58.946917, -34.638336], [-58.946863, -34.638307], [-58.946808, -34.638278], [-58.946754, -34.63825], [-58.946701, -34.638222], [-58.946648, -34.638194], [-58.946595, -34.638166], [-58.946549, -34.638142], [-58.946496, -34.638114], [-58.946445, -34.638087], [-58.946395, -34.638061], [-58.946344, -34.638034], [-58.946294, -34.638007], [-58.946241, -34.637979], [-58.94619, -34.637952], [-58.946139, -34.637925], [-58.946091, -34.637899], [-58.946038, -34.637871], [-58.945986, -34.637842], [-58.945937, -34.637816], [-58.945886, -34.637789], [-58.945832, -34.637761], [-58.94578, -34.637732], [-58.945728, -34.637704], [-58.945675, -34.637676], [-58.945624, -34.637648], [-58.945571, -34.63762], [-58.945517, -34.637591], [-58.945462, -34.637562], [-58.94541, -34.637534], [-58.945397, -34.637527], [-58.945346, -34.6375], [-58.945293, -34.637472], [-58.945245, -34.637447], [-58.945191, -34.637421], [-58.945184, -34.63742], [-58.945118, -34.637422], [-58.945053, -34.637424], [-58.94499, -34.637427], [-58.944927, -34.637429], [-58.944865, -34.637431], [-58.944802, -34.637433], [-58.94474, -34.637435], [-58.944676, -34.637436], [-58.944665, -34.637437], [-58.944602, -34.637439], [-58.944537, -34.63744], [-58.944473, -34.637443], [-58.944464, -34.637449], [-58.94442, -34.637488], [-58.944376, -34.637527], [-58.944331, -34.637567], [-58.944288, -34.637605], [-58.944266, -34.637624], [-58.944222, -34.637662], [-58.944178, -34.6377], [-58.944134, -34.637739], [-58.944109, -34.637762], [-58.944026, -34.637835], [-58.944011, -34.637848], [-58.944003, -34.637854], [-58.943985, -34.637858], [-58.943969, -34.637858], [-58.943941, -34.637859], [-58.94383, -34.637862], [-58.943816, -34.637862], [-58.94368, -34.637865], [-58.94367, -34.637865], [-58.943659, -34.637866], [-58.943641, -34.637866], [-58.943631, -34.637866], [-58.943512, -34.637868], [-58.943392, -34.637871], [-58.943381, -34.637871], [-58.943368, -34.637871]]}}
]
}
