{
"type": "FeatureCollection",
"features": [
{"type": "Feature", "properties": {"ProjectID": "P2675", "TPMS_ID": 3054350, "OPER_LINK": 0, "OPS_ID": 39785, "P5_NUM": "253113", "OPER_NM": "EPIC CONSOLIDATED OPS, LLC", "SYS_NM": "TIERRA - PETTUS TO ROBSTOWN 12", "SUBSYS_NM": "12\" PTR NORTH", "T4PERMIT": "08939", "DIAMETER": 12.75, "COMMODITY1": "HVL", "COMMODITY2": null, "COMMODITY3": null, "CMDTY_DESC": "HIGHLY VOLATILE LIQUID (HVL)", "INTERSTATE": "N", "STATUS_CD": "I", "QUALITY_CD": "U", "SYSTYPE": "Q", "COUNTY": "025", "COM_CARRIE": "Y", "PLINE_ID": "PTRN-001", "SYS_ID": "962812", "NPMS_SYS_I": 0, "ALBERS_MIL": 12.7022988905, "LENGTH": 0.0}, "geometry": {"type": "LineString", "coordinates": [[-97.848457, 28.564166], [-97.848338, 28.564055], [-97.848362, 28.561904], [-97.848364, 28.560876], [-97.848379, 28.560055], [-97.848392, 28.55985], [-97.847454, 28.559845], [-97.846976, 28.559923], [-97.846678, 28.559792], [-97.839768, 28.55976], [-97.833894, 28.559723], [-97.828936, 28.559698], [-97.828656, 28.559697], [-97.828524, 28.559311], [-97.828205, 28.558467], [-97.828011, 28.55796], [-97.827699, 28.55713], [-97.827279, 28.556027], [-97.826653, 28.554385], [-97.825984, 28.552516], [-97.821406, 28.540188], [-97.817411, 28.529471], [-97.816517, 28.527038], [-97.81624, 28.526286], [-97.816003, 28.525658], [-97.815851, 28.525281], [-97.815742, 28.525026], [-97.815274, 28.523918], [-97.81507, 28.523451], [-97.8138, 28.520482], [-97.8119, 28.515339], [-97.810801, 28.512357], [-97.809469, 28.508773], [-97.807576, 28.503652], [-97.807249, 28.502741], [-97.807156, 28.502508], [-97.805357, 28.497704], [-97.803821, 28.49355], [-97.803657, 28.493123], [-97.803005, 28.491401], [-97.801318, 28.486826], [-97.801116, 28.486274], [-97.800116, 28.483593], [-97.79853, 28.479268], [-97.797489, 28.476486], [-97.794957, 28.46966], [-97.793135, 28.464694], [-97.791346, 28.45988], [-97.791257, 28.459652], [-97.790926, 28.45875], [-97.790497, 28.457618], [-97.788272, 28.451615], [-97.787277, 28.448858], [-97.784749, 28.442039], [-97.783785, 28.439633], [-97.77977, 28.432697], [-97.779273, 28.431844], [-97.779164, 28.431658], [-97.778527, 28.430567], [-97.777963, 28.429601], [-97.777991, 28.429588], [-97.775851, 28.425942], [-97.774076, 28.422888], [-97.774048, 28.4229], [-97.773268, 28.421558], [-97.77228, 28.417969], [-97.771834, 28.416348], [-97.769729, 28.40862], [-97.769032, 28.406049], [-97.769021, 28.406007]]}},
{"type": "Feature", "properties": {"ProjectID": "P2675", "TPMS_ID": 3054351, "OPER_LINK": 0, "OPS_ID": 39785, "P5_NUM": "253113", "OPER_NM": "EPIC CONSOLIDATED OPS, LLC", "SYS_NM": "TIERRA - PETTUS TO ROBSTOWN 12", "SUBSYS_NM": "12\" PTR NORTH", "T4PERMIT": "08939", "DIAMETER": 12.75, "COMMODITY1": "HVL", "COMMODITY2": null, "COMMODITY3": null, "CMDTY_DESC": "HIGHLY VOLATILE LIQUID (HVL)", "INTERSTATE": "N", "STATUS_CD": "I", "QUALITY_CD": "U", "SYSTYPE": "Q", "COUNTY": "025", "COM_CARRIE": "Y", "PLINE_ID": "PTRN-002", "SYS_ID": "962812", "NPMS_SYS_I": 0, "ALBERS_MIL": 1.3039753726, "LENGTH": 0.0}, "geometry": {"type": "LineString", "coordinates": [[-97.769021, 28.406007], [-97.768953, 28.405741], [-97.768888, 28.405516], [-97.768858, 28.404088], [-97.768868, 28.403937], [-97.768858, 28.403621], [-97.768862, 28.403326], [-97.768926, 28.400991], [-97.769024, 28.397077], [-97.768913, 28.396827], [-97.767671, 28.393815], [-97.767406, 28.393453], [-97.767163, 28.393188], [-97.766851, 28.392763], [-97.766431, 28.392188], [-97.765811, 28.391344], [-97.765184, 28.3905], [-97.764664, 28.389782], [-97.764514, 28.389564], [-97.764416, 28.389435], [-97.764164, 28.389086], [-97.763916, 28.388755], [-97.763797, 28.388596], [-97.763654, 28.388412], [-97.763614, 28.388357]]}},
{"type": "Feature", "properties": {"ProjectID": "P2675", "TPMS_ID": 3054346, "OPER_LINK": 0, "OPS_ID": 39785, "P5_NUM": "253113", "OPER_NM": "EPIC CONSOLIDATED OPS, LLC", "SYS_NM": "TIERRA - PETTUS TO ROBSTOWN 12", "SUBSYS_NM": "12\" PTR NORTH", "T4PERMIT": "08939", "DIAMETER": 12.75, "COMMODITY1": "HVL", "COMMODITY2": null, "COMMODITY3": null, "CMDTY_DESC": "HIGHLY VOLATILE LIQUID (HVL)", "INTERSTATE": "N", "STATUS_CD": "I", "QUALITY_CD": "U", "SYSTYPE": "Q", "COUNTY": "025", "COM_CARRIE": "Y", "PLINE_ID": "PTRN-003", "SYS_ID": "962812", "NPMS_SYS_I": 0, "ALBERS_MIL": 17.1038471398, "LENGTH": 0.0}, "geometry": {"type": "LineString", "coordinates": [[-97.763614, 28.388357], [-97.763459, 28.388145], [-97.763358, 28.388005], [-97.763171, 28.387745], [-97.762934, 28.386949], [-97.762461, 28.385614], [-97.762265, 28.38507], [-97.762071, 28.384519], [-97.761869, 28.383967], [-97.761084, 28.381763], [-97.760441, 28.379979], [-97.758713, 28.375685], [-97.758051, 28.374031], [-97.755145, 28.366939], [-97.75321, 28.362176], [-97.752527, 28.360501], [-97.752322, 28.360012], [-97.751811, 28.358925], [-97.751509, 28.358187], [-97.750853, 28.35638], [-97.748562, 28.350778], [-97.748525, 28.3507], [-97.748479, 28.350576], [-97.747874, 28.349055], [-97.747657, 28.348504], [-97.747211, 28.347401], [-97.746993, 28.34685], [-97.746934, 28.346707], [-97.746704, 28.346356], [-97.746608, 28.346126], [-97.746544, 28.345772], [-97.746265, 28.345101], [-97.7458, 28.343998], [-97.745543, 28.343304], [-97.745291, 28.342753], [-97.74506, 28.342201], [-97.744998, 28.341984], [-97.74485, 28.341581], [-97.74467, 28.340553], [-97.744673, 28.340436], [-97.744358, 28.339449], [-97.743183, 28.336495], [-97.742969, 28.335944], [-97.74231, 28.33429], [-97.741302, 28.331716], [-97.740031, 28.328152], [-97.73984, 28.327601], [-97.739372, 28.326288], [-97.739153, 28.325698], [-97.738303, 28.323298], [-97.737511, 28.321094], [-97.733179, 28.308781], [-97.733086, 28.308524], [-97.73156, 28.304185], [-97.731509, 28.303577], [-97.731367, 28.302836], [-97.729701, 28.299112], [-97.728705, 28.296874], [-97.728503, 28.296298], [-97.72833, 28.295763], [-97.726462, 28.290122], [-97.725715, 28.287918], [-97.723897, 28.282381], [-97.723531, 28.281279], [-97.723357, 28.280728], [-97.722977, 28.279585], [-97.722787, 28.279033], [-97.722424, 28.277931], [-97.722305, 28.277588], [-97.722141, 28.277037], [-97.721948, 28.276486], [-97.721833, 28.276049], [-97.721743, 28.275873], [-97.721631, 28.275515], [-97.721263, 28.274421], [-97.721089, 28.27387], [-97.720896, 28.273319], [-97.72068, 28.272767], [-97.720522, 28.272216], [-97.718834, 28.267199], [-97.717578, 28.263404], [-97.717207, 28.262301], [-97.717166, 28.262159], [-97.716961, 28.261608], [-97.716628, 28.260506], [-97.716618, 28.260176], [-97.71358, 28.251042], [-97.713385, 28.25043], [-97.712116, 28.246597], [-97.711226, 28.243948], [-97.711146, 28.24347], [-97.710974, 28.243198], [-97.706549, 28.229962], [-97.70497, 28.225119], [-97.704779, 28.224604], [-97.704346, 28.224158], [-97.700498, 28.212697], [-97.696674, 28.20126], [-97.696599, 28.201033], [-97.696451, 28.200482], [-97.696102, 28.199379], [-97.695783, 28.198277], [-97.695333, 28.196762], [-97.693707, 28.19125], [-97.693529, 28.190698], [-97.693474, 28.190399], [-97.693095, 28.189234], [-97.692873, 28.188618], [-97.692179, 28.186464], [-97.691282, 28.183752], [-97.691083, 28.1832], [-97.690915, 28.182649], [-97.690732, 28.182098], [-97.690533, 28.181546], [-97.690351, 28.180995], [-97.690195, 28.180448], [-97.689796, 28.179231], [-97.689702, 28.178931], [-97.688984, 28.176716], [-97.688807, 28.176164], [-97.688625, 28.175613], [-97.68845, 28.175062], [-97.687147, 28.171036], [-97.68643, 28.168855], [-97.686073, 28.167752], [-97.685892, 28.167201], [-97.685368, 28.165571], [-97.685011, 28.164468], [-97.684162, 28.161821], [-97.683806, 28.160718], [-97.68365, 28.160221], [-97.683606, 28.160094], [-97.682521, 28.156664], [-97.680786, 28.151105]]}},
{"type": "Feature", "properties": {"ProjectID": "P2675", "TPMS_ID": 4683084, "OPER_LINK": 0, "OPS_ID": 0, "P5_NUM": "253113", "OPER_NM": "EPIC CONSOLIDATED OPS, LLC", "SYS_NM": "EPIC NGL SYSTEM", "SUBSYS_NM": "216-MARKHAM TO OLD OCEAN", "T4PERMIT": "09817", "DIAMETER": 20.0, "COMMODITY1": "HVL", "COMMODITY2": null, "COMMODITY3": null, "CMDTY_DESC": "HIGHLY VOLATILE LIQUID", "INTERSTATE": "N", "STATUS_CD": "I", "QUALITY_CD": "G", "SYSTYPE": "Q", "COUNTY": "039", "COM_CARRIE": "Y", "PLINE_ID": "216", "SYS_ID": "970143", "NPMS_SYS_I": 0, "ALBERS_MIL": 1.0316362873, "LENGTH": 0.0}, "geometry": {"type": "LineString", "coordinates": [[-95.756061, 29.063011], [-95.756038, 29.063022], [-95.75603, 29.063025], [-95.755975, 29.063051], [-95.755945, 29.063065], [-95.755937, 29.063069], [-95.755836, 29.063115], [-95.755768, 29.063147], [-95.755654, 29.0632], [-95.755556, 29.063245], [-95.755534, 29.063208], [-95.755487, 29.063126], [-95.755151, 29.062553], [-95.755093, 29.062451], [-95.75507, 29.062409], [-95.755061, 29.062288], [-95.75502, 29.061861], [-95.755009, 29.06173], [-95.754998, 29.061606], [-95.754986, 29.061476], [-95.754976, 29.061362], [-95.754965, 29.06124], [-95.754954, 29.061114], [-95.754944, 29.060999], [-95.754932, 29.060886], [-95.754922, 29.060778], [-95.754912, 29.060662], [-95.754901, 29.06054], [-95.754892, 29.060436], [-95.754888, 29.060387], [-95.754999, 29.060305], [-95.755112, 29.06022], [-95.755219, 29.060139], [-95.755328, 29.060056], [-95.755434, 29.059974], [-95.75552, 29.059909], [-95.755595, 29.059852], [-95.755695, 29.059776], [-95.755803, 29.059692], [-95.755885, 29.059628], [-95.755973, 29.059562], [-95.75607, 29.05949], [-95.756141, 29.059435], [-95.756207, 29.059404], [-95.756313, 29.059354], [-95.756399, 29.059314], [-95.756485, 29.059273], [-95.756572, 29.059233], [-95.756658, 29.059192], [-95.756745, 29.059152], [-95.756831, 29.059112], [-95.756919, 29.059072], [-95.757004, 29.059031], [-95.757091, 29.05899], [-95.757179, 29.05895], [-95.757265, 29.05891], [-95.757352, 29.058869], [-95.757439, 29.058829], [-95.757526, 29.058788], [-95.757613, 29.058748], [-95.757701, 29.058707], [-95.757788, 29.058666], [-95.757874, 29.058626], [-95.757962, 29.058585], [-95.75805, 29.058544], [-95.758137, 29.058503], [-95.758224, 29.058461], [-95.75831, 29.05842], [-95.758397, 29.058379], [-95.758483, 29.058338], [-95.75857, 29.058296], [-95.758657, 29.058255], [-95.758744, 29.058215], [-95.75883, 29.058174], [-95.758916, 29.058134], [-95.759003, 29.058093], [-95.759091, 29.058052], [-95.759178, 29.058011], [-95.759266, 29.057971], [-95.759353, 29.057931], [-95.759442, 29.057892], [-95.759529, 29.057855], [-95.759618, 29.057818], [-95.759708, 29.057782], [-95.759803, 29.057747], [-95.759895, 29.057714], [-95.759986, 29.057682], [-95.760078, 29.057652], [-95.760171, 29.057623], [-95.760264, 29.057595], [-95.760357, 29.057567], [-95.760448, 29.057539], [-95.760541, 29.057511], [-95.760634, 29.057483], [-95.760727, 29.057455], [-95.760819, 29.057427], [-95.760912, 29.0574], [-95.761006, 29.057372], [-95.761099, 29.057346], [-95.761193, 29.057321], [-95.761287, 29.057297], [-95.761383, 29.057275], [-95.761478, 29.057253], [-95.761573, 29.057233], [-95.761668, 29.057215], [-95.761764, 29.057198], [-95.76186, 29.057179], [-95.761957, 29.057161], [-95.762053, 29.057142], [-95.762149, 29.057124], [-95.762245, 29.057105], [-95.762342, 29.057086], [-95.762438, 29.057067], [-95.762535, 29.057048], [-95.762631, 29.057029], [-95.762728, 29.05701], [-95.762824, 29.056991], [-95.76292, 29.056973], [-95.763017, 29.056954], [-95.763114, 29.056935], [-95.76321, 29.056916], [-95.763307, 29.056897], [-95.763403, 29.056878], [-95.763499, 29.056859], [-95.763595, 29.056841], [-95.763692, 29.056822], [-95.763795, 29.056802], [-95.76389, 29.056784], [-95.763987, 29.056765], [-95.764083, 29.056746], [-95.764179, 29.056728], [-95.764275, 29.056709], [-95.764371, 29.056691], [-95.764467, 29.056673], [-95.764564, 29.056654], [-95.76466, 29.056636], [-95.764757, 29.056617], [-95.764852, 29.056598], [-95.764949, 29.05658], [-95.765045, 29.056562], [-95.765141, 29.056543], [-95.765237, 29.056525], [-95.765334, 29.056506], [-95.76543, 29.056488], [-95.765526, 29.056469], [-95.765623, 29.056451], [-95.765719, 29.056432], [-95.765816, 29.056414], [-95.765912, 29.056395], [-95.766008, 29.056376], [-95.766103, 29.056358], [-95.766199, 29.05634], [-95.766296, 29.056321], [-95.766393, 29.056302], [-95.766489, 29.056284], [-95.766585, 29.056265], [-95.766681, 29.056246], [-95.766777, 29.056227], [-95.766874, 29.056209], [-95.766889, 29.056206]]}},
{"type": "Feature", "properties": {"ProjectID": "P2675", "TPMS_ID": 3328116, "OPER_LINK": 0, "OPS_ID": 0, "P5_NUM": "253113", "OPER_NM": "EPIC CONSOLIDATED OPS, LLC", "SYS_NM": "EPIC PRODUCTS PIPELINE", "SUBSYS_NM": "ROBSTOWN TO MARKHAM", "T4PERMIT": "10072", "DIAMETER": 12.75, "COMMODITY1": "HVL", "COMMODITY2": null, "COMMODITY3": null, "CMDTY_DESC": "HIGHLY VOLATILE LIQUID", "INTERSTATE": "N", "STATUS_CD": "I", "QUALITY_CD": "G", "SYSTYPE": "Q", "COUNTY": "057", "COM_CARRIE": "Y", "PLINE_ID": "ROBSTOWN TO MARKHAM", "SYS_ID": "966173", "NPMS_SYS_I": 0, "ALBERS_MIL": 7.6146145585, "LENGTH": 0.0}, "geometry": {"type": "LineString", "coordinates": [[-96.824416, 28.643093], [-96.826816, 28.641328], [-96.828662, 28.639918], [-96.830946, 28.638509], [-96.833373, 28.63696], [-96.835975, 28.6353], [-96.838677, 28.633569], [-96.841783, 28.631586], [-96.842944, 28.630851], [-96.844735, 28.629708], [-96.84769, 28.627822], [-96.850571, 28.625981], [-96.853487, 28.62412], [-96.856313, 28.622313], [-96.859037, 28.620574], [-96.861779, 28.618819], [-96.864514, 28.617072], [-96.86483, 28.616869], [-96.865239, 28.616484], [-96.867696, 28.614911], [-96.870231, 28.613305], [-96.888666, 28.601564], [-96.891402, 28.599804], [-96.891878, 28.60038], [-96.899919, 28.600087], [-96.903514, 28.599799], [-96.903976, 28.600057], [-96.909164, 28.594961], [-96.912976, 28.591315], [-96.922656, 28.582004], [-96.923806, 28.58093]]}},
{"type": "Feature", "properties": {"ProjectID": "P2675", "TPMS_ID": 3328120, "OPER_LINK": 0, "OPS_ID": 0, "P5_NUM": "253113", "OPER_NM": "EPIC CONSOLIDATED OPS, LLC", "SYS_NM": "EPIC PRODUCTS PIPELINE", "SUBSYS_NM": "ROBSTOWN TO MARKHAM", "T4PERMIT": "10072", "DIAMETER": 12.75, "COMMODITY1": "HVL", "COMMODITY2": null, "COMMODITY3": null, "CMDTY_DESC": "HIGHLY VOLATILE LIQUID", "INTERSTATE": "N", "STATUS_CD": "I", "QUALITY_CD": "G", "SYSTYPE": "Q", "COUNTY": "469", "COM_CARRIE": "Y", "PLINE_ID": "ROBSTOWN TO MARKHAM", "SYS_ID": "966173", "NPMS_SYS_I": 0, "ALBERS_MIL": 19.4364631994, "LENGTH": 0.0}, "geometry": {"type": "LineString", "coordinates": [[-96.824395, 28.643109], [-96.824416, 28.643093]]}},
{"type": "Feature", "properties": {"ProjectID": "P2675", "TPMS_ID": 4683067, "OPER_LINK": 0, "OPS_ID": 0, "P5_NUM": "253113", "OPER_NM": "EPIC CONSOLIDATED OPS, LLC", "SYS_NM": "EPIC NGL SYSTEM", "SUBSYS_NM": "202-SALT CREEK TO BENEDUM", "T4PERMIT": "09817", "DIAMETER": 24.0, "COMMODITY1": "HVL", "COMMODITY2": null, "COMMODITY3": null, "CMDTY_DESC": "HIGHLY VOLATILE LIQUID", "INTERSTATE": "N", "STATUS_CD": "I", "QUALITY_CD": "G", "SYSTYPE": "Q", "COUNTY": "461", "COM_CARRIE": "Y", "PLINE_ID": "202", "SYS_ID": "965678", "NPMS_SYS_I": 0, "ALBERS_MIL": 39.0838744454, "LENGTH": 0.0}, "geometry": {"type": "LineString", "coordinates": [[-102.314917, 31.445873], [-102.314917, 31.445873]]}},
{"type": "Feature", "properties": {"ProjectID": "P2675", "TPMS_ID": 4683076, "OPER_LINK": 0, "OPS_ID": 0, "P5_NUM": "253113", "OPER_NM": "EPIC CONSOLIDATED OPS, LLC", "SYS_NM": "EPIC NGL SYSTEM", "SUBSYS_NM": "202-SALT CREEK TO BENEDUM", "T4PERMIT": "09817", "DIAMETER": 24.0, "COMMODITY1": "HVL", "COMMODITY2": null, "COMMODITY3": null, "CMDTY_DESC": "HIGHLY VOLATILE LIQUID", "INTERSTATE": "N", "STATUS_CD": "I", "QUALITY_CD": "G", "SYSTYPE": "Q", "COUNTY": "103", "COM_CARRIE": "Y", "PLINE_ID": "202", "SYS_ID": "965678", "NPMS_SYS_I": 0, "ALBERS_MIL": 2.9111615336, "LENGTH": 0.0}, "geometry": {"type": "LineString", "coordinates": [[-102.361408, 31.434145], [-102.361306, 31.434164], [-102.361056, 31.434212], [-102.360957, 31.434231], [-102.360808, 31.43426], [-102.360661, 31.434287], [-102.360511, 31.434316], [-102.360361, 31.434345], [-102.360279, 31.43436], [-102.360246, 31.434366], [-102.360242, 31.434367], [-102.360239, 31.434368], [-102.360216, 31.434372], [-102.360211, 31.434373], [-102.360206, 31.434374], [-102.360202, 31.434375], [-102.360199, 31.434375], [-102.360181, 31.434379], [-102.360179, 31.434379], [-102.360174, 31.43438], [-102.360169, 31.434381], [-102.360167, 31.434381], [-102.360148, 31.434385], [-102.360144, 31.434385], [-102.360141, 31.434386], [-102.360135, 31.434387], [-102.360131, 31.434388], [-102.360108, 31.434392], [-102.360104, 31.434393], [-102.3601, 31.434394], [-102.360068, 31.4344], [-102.359976, 31.434417], [-102.359725, 31.434462], [-102.359683, 31.43447], [-102.359638, 31.434477], [-102.3596, 31.434484], [-102.359482, 31.434507], [-102.359375, 31.434528], [-102.359293, 31.434544], [-102.35925, 31.434554], [-102.359214, 31.434566], [-102.359132, 31.434597], [-102.359013, 31.43464], [-102.358899, 31.434681], [-102.358675, 31.434762], [-102.358446, 31.434845], [-102.35821, 31.434931], [-102.358056, 31.434988], [-102.35792, 31.435038], [-102.357785, 31.435087], [-102.35755, 31.435174], [-102.357319, 31.43526], [-102.357171, 31.435312], [-102.357083, 31.435333], [-102.356835, 31.435391], [-102.356589, 31.435449], [-102.356342, 31.435508], [-102.356096, 31.435567], [-102.355849, 31.435625], [-102.355664, 31.435669], [-102.35552, 31.435703], [-102.355304, 31.435754], [-102.355272, 31.435761], [-102.355025, 31.43582], [-102.354823, 31.435868], [-102.35469, 31.4359], [-102.354545, 31.435934], [-102.354487, 31.435948], [-102.354451, 31.435957], [-102.354354, 31.43598], [-102.354208, 31.436014], [-102.353962, 31.436073], [-102.353715, 31.436132], [-102.353468, 31.43619], [-102.35322, 31.436248], [-102.353056, 31.436288], [-102.353009, 31.436299], [-102.352974, 31.436307], [-102.352727, 31.436367], [-102.352647, 31.436386], [-102.352483, 31.436424], [-102.352381, 31.436448], [-102.352236, 31.436481], [-102.352082, 31.436518], [-102.351989, 31.43654], [-102.351742, 31.436599], [-102.351496, 31.436658], [-102.351357, 31.436692], [-102.351249, 31.436718], [-102.351002, 31.436776], [-102.350755, 31.436834], [-102.350626, 31.436865], [-102.350529, 31.436887], [-102.350507, 31.436893], [-102.350493, 31.436896], [-102.350261, 31.436952], [-102.350022, 31.437011], [-102.350014, 31.437013], [-102.349816, 31.437163], [-102.349626, 31.437311], [-102.349544, 31.437377], [-102.349473, 31.437432], [-102.349438, 31.43746], [-102.349248, 31.437607], [-102.349231, 31.437614], [-102.349213, 31.437606], [-102.349184, 31.437578], [-102.34915, 31.437554], [-102.349111, 31.437526], [-102.349062, 31.437491], [-102.348945, 31.437406], [-102.348875, 31.437358], [-102.348855, 31.437344], [-102.34883, 31.437326], [-102.348806, 31.437307], [-102.348795, 31.437302], [-102.348794, 31.437301], [-102.348781, 31.437301], [-102.34877, 31.437303], [-102.348535, 31.437361], [-102.348291, 31.437419], [-102.348044, 31.437479], [-102.347891, 31.437515], [-102.347759, 31.437546], [-102.347587, 31.437587], [-102.347515, 31.437612], [-102.347306, 31.437683], [-102.347291, 31.437689], [-102.347096, 31.437757], [-102.34708, 31.437763], [-102.346894, 31.437828], [-102.346865, 31.437839], [-102.346647, 31.437915], [-102.346622, 31.437924], [-102.34655, 31.437949], [-102.346388, 31.438007], [-102.346338, 31.438025], [-102.346248, 31.438056], [-102.346011, 31.43814], [-102.345773, 31.438223], [-102.345686, 31.438253], [-102.34553, 31.438292], [-102.345284, 31.438352], [-102.345038, 31.43841], [-102.344793, 31.438467], [-102.344693, 31.438489], [-102.344548, 31.438524], [-102.344535, 31.438527], [-102.344419, 31.438555], [-102.344173, 31.438613], [-102.343987, 31.438657], [-102.343918, 31.438674], [-102.343756, 31.438713], [-102.343533, 31.438765], [-102.343509, 31.438771], [-102.343382, 31.438803], [-102.343269, 31.438845], [-102.343036, 31.438938], [-102.342952, 31.438972], [-102.342915, 31.438984], [-102.342796, 31.439012], [-102.342549, 31.439069], [-102.342452, 31.439091], [-102.3423, 31.439126], [-102.342122, 31.439165], [-102.341874, 31.439222], [-102.341626, 31.439277], [-102.341513, 31.439303], [-102.341503, 31.439306], [-102.341496, 31.439311], [-102.341395, 31.439401], [-102.341315, 31.439467], [-102.341137, 31.43962], [-102.341064, 31.439683], [-102.341009, 31.439731], [-102.340936, 31.439792], [-102.34083, 31.439884], [-102.340671, 31.440023], [-102.340664, 31.440028], [-102.340656, 31.440031], [-102.340487, 31.440071], [-102.340242, 31.440131], [-102.339995, 31.440192], [-102.339748, 31.440252], [-102.339503, 31.440311], [-102.339277, 31.440367], [-102.339035, 31.440425], [-102.339032, 31.440426], [-102.338785, 31.440486], [-102.338542, 31.440546], [-102.338317, 31.440602], [-102.338294, 31.440607], [-102.33822, 31.440626], [-102.338051, 31.440667], [-102.337804, 31.440727], [-102.337558, 31.440788], [-102.337313, 31.440847], [-102.337069, 31.440907], [-102.336822, 31.440967], [-102.336576, 31.441027], [-102.336332, 31.441089], [-102.336311, 31.441093], [-102.336301, 31.441096], [-102.336081, 31.44115], [-102.335834, 31.44121], [-102.335659, 31.441253], [-102.335618, 31.441259], [-102.335586, 31.441262], [-102.335335, 31.441291], [-102.33508, 31.441322], [-102.335068, 31.441324], [-102.335028, 31.441329], [-102.334983, 31.441336], [-102.334832, 31.441373], [-102.334735, 31.441398], [-102.334623, 31.441443], [-102.334604, 31.441451], [-102.334598, 31.441451], [-102.334463, 31.441509], [-102.334419, 31.441524], [-102.334386, 31.441534], [-102.334313, 31.441553], [-102.334205, 31.44158], [-102.334106, 31.441605], [-102.334012, 31.441629], [-102.333768, 31.44169], [-102.333522, 31.441751], [-102.333285, 31.441807], [-102.33309, 31.441853], [-102.333058, 31.441859], [-102.332813, 31.441915], [-102.332565, 31.441971], [-102.332319, 31.442026], [-102.332071, 31.442081], [-102.331833, 31.442136], [-102.331823, 31.442138], [-102.331576, 31.442195], [-102.331331, 31.442251], [-102.331083, 31.442306], [-102.330835, 31.442361], [-102.330699, 31.442391], [-102.330587, 31.442416], [-102.330339, 31.442472], [-102.330149, 31.442517], [-102.330094, 31.44253], [-102.329862, 31.442583], [-102.329615, 31.442639], [-102.329475, 31.44267], [-102.329389, 31.442689], [-102.329141, 31.442745], [-102.32888, 31.442804], [-102.328652, 31.442856], [-102.328613, 31.442865], [-102.328405, 31.442915], [-102.328165, 31.442972], [-102.328021, 31.443006], [-102.327938, 31.443026], [-102.327676, 31.443088], [-102.327429, 31.443147], [-102.327293, 31.443179], [-102.327194, 31.443203], [-102.327, 31.443251], [-102.326753, 31.443311], [-102.32668, 31.443328], [-102.32658, 31.44335], [-102.326331, 31.443403], [-102.326233, 31.443424], [-102.326087, 31.443461], [-102.325841, 31.443523], [-102.325595, 31.443585], [-102.325351, 31.443646], [-102.325306, 31.443658], [-102.325105, 31.443708], [-102.324859, 31.44377], [-102.324615, 31.44383], [-102.324571, 31.443841], [-102.324502, 31.44386], [-102.324491, 31.443862], [-102.32448, 31.443859], [-102.324389, 31.443815], [-102.324282, 31.443766], [-102.324157, 31.443713], [-102.324119, 31.443692], [-102.324104, 31.443685], [-102.323946, 31.443611], [-102.323904, 31.443591], [-102.323894, 31.443586], [-102.323774, 31.443529], [-102.32375, 31.443518], [-102.323739, 31.443515], [-102.323728, 31.443516], [-102.323589, 31.443551], [-102.323341, 31.443613], [-102.323098, 31.443673], [-102.322853, 31.443734], [-102.322606, 31.443793], [-102.322359, 31.443853], [-102.322112, 31.443913], [-102.321868, 31.44397], [-102.321705, 31.444008], [-102.321485, 31.44406], [-102.32145, 31.444068], [-102.321283, 31.444107], [-102.321054, 31.444162], [-102.320808, 31.444219], [-102.320725, 31.444239], [-102.320477, 31.444297], [-102.320234, 31.444354], [-102.320003, 31.444409], [-102.319982, 31.444416], [-102.319852, 31.444446], [-102.319757, 31.444469], [-102.319663, 31.444492], [-102.319513, 31.444527], [-102.319345, 31.444568], [-102.319235, 31.444594], [-102.319169, 31.44461], [-102.319059, 31.444636], [-102.31895, 31.444662], [-102.318743, 31.444712], [-102.318552, 31.444757], [-102.318336, 31.444809], [-102.318089, 31.444868], [-102.317842, 31.444927], [-102.317711, 31.444958], [-102.317599, 31.444997], [-102.317588, 31.445001], [-102.317363, 31.445082], [-102.317161, 31.445156], [-102.317002, 31.445217], [-102.316991, 31.445219], [-102.316793, 31.44529], [-102.316754, 31.445304], [-102.316566, 31.445372], [-102.316385, 31.445436], [-102.316382, 31.445437], [-102.316148, 31.44552], [-102.315911, 31.445603], [-102.315675, 31.445688], [-102.315504, 31.445749], [-102.315435, 31.445765], [-102.315187, 31.44582], [-102.314944, 31.445875], [-102.314934, 31.445877], [-102.314927, 31.445876], [-102.314917, 31.445873]]}},
{"type": "Feature", "properties": {"ProjectID": "P2675", "TPMS_ID": 4683092, "OPER_LINK": 0, "OPS_ID": 0, "P5_NUM": "253113", "OPER_NM": "EPIC CONSOLIDATED OPS, LLC", "SYS_NM": "EPIC NGL SYSTEM", "SUBSYS_NM": "202-SALT CREEK TO BENEDUM", "T4PERMIT": "09817", "DIAMETER": 24.0, "COMMODITY1": "HVL", "COMMODITY2": null, "COMMODITY3": null, "CMDTY_DESC": "HIGHLY VOLATILE LIQUID", "INTERSTATE": "N", "STATUS_CD": "I", "QUALITY_CD": "G", "SYSTYPE": "Q", "COUNTY": "103", "COM_CARRIE": "Y", "PLINE_ID": "202", "SYS_ID": "965678", "NPMS_SYS_I": 0, "ALBERS_MIL": 25.5387078845, "LENGTH": 0.0}, "geometry": {"type": "MultiLineString", "coordinates": [[[-102.767463, 31.358703], [-102.767323, 31.358689], [-102.767067, 31.358677], [-102.766817, 31.358649], [-102.766654, 31.358638], [-102.766499, 31.358622], [-102.766436, 31.358622], [-102.766329, 31.35861], [-102.766084, 31.358593], [-102.76584, 31.358575], [-102.765585, 31.358556], [-102.76533, 31.358537], [-102.765074, 31.358518], [-102.764821, 31.358501], [-102.764566, 31.358481], [-102.76431, 31.358462], [-102.764056, 31.358442], [-102.763917, 31.358432], [-102.763775, 31.35842], [-102.763519, 31.358399], [-102.763341, 31.358385], [-102.763151, 31.35837], [-102.762895, 31.35835], [-102.762642, 31.35833], [-102.762386, 31.358311], [-102.762135, 31.358292], [-102.76188, 31.358273], [-102.761625, 31.358253], [-102.761495, 31.358242], [-102.761369, 31.358232], [-102.761159, 31.358216], [-102.760905, 31.358197], [-102.760658, 31.358178], [-102.760403, 31.358158], [-102.760148, 31.358138], [-102.759898, 31.358119], [-102.759733, 31.358106], [-102.759479, 31.358086], [-102.759283, 31.358072], [-102.759092, 31.358057], [-102.758843, 31.358037], [-102.758601, 31.358018], [-102.758352, 31.357998], [-102.758097, 31.357978], [-102.757845, 31.357958], [-102.757601, 31.357939], [-102.757346, 31.357919], [-102.757095, 31.3579], [-102.75684, 31.357881], [-102.756585, 31.357862], [-102.756333, 31.357842], [-102.756079, 31.357822], [-102.755823, 31.357802], [-102.755572, 31.357783], [-102.75544, 31.357773], [-102.755201, 31.357754], [-102.754946, 31.357735], [-102.754768, 31.357722], [-102.754597, 31.357709], [-102.754342, 31.357688], [-102.754087, 31.357668], [-102.753835, 31.357648], [-102.753581, 31.357629], [-102.753326, 31.357608], [-102.753221, 31.357601], [-102.753071, 31.357588], [-102.752993, 31.357583], [-102.752848, 31.357571], [-102.752592, 31.357552], [-102.752525, 31.357546], [-102.752342, 31.357531], [-102.752204, 31.357521], [-102.752086, 31.357511], [-102.751831, 31.357492], [-102.751794, 31.357491], [-102.751621, 31.357477], [-102.751577, 31.357474], [-102.751507, 31.357468], [-102.751323, 31.357453], [-102.751184, 31.357443], [-102.75093, 31.357423], [-102.750772, 31.357412], [-102.750655, 31.357403], [-102.750431, 31.357386], [-102.750176, 31.357367], [-102.749922, 31.357348], [-102.749667, 31.357327], [-102.749412, 31.357308], [-102.749156, 31.357288], [-102.748905, 31.357268], [-102.748727, 31.357254], [-102.748472, 31.357234], [-102.748263, 31.357219], [-102.748059, 31.357202], [-102.747812, 31.357183], [-102.747561, 31.357164], [-102.747305, 31.357144], [-102.747051, 31.357124], [-102.746812, 31.357106], [-102.746565, 31.357086], [-102.746423, 31.357075], [-102.746199, 31.357056], [-102.746066, 31.357047], [-102.74584, 31.357028], [-102.74563, 31.357012], [-102.745375, 31.356993], [-102.745164, 31.356978], [-102.745011, 31.356966], [-102.744908, 31.356958], [-102.744766, 31.356947], [-102.744514, 31.35693], [-102.744505, 31.356928], [-102.74426, 31.356914], [-102.744007, 31.356898], [-102.743753, 31.35688], [-102.743627, 31.356871], [-102.743522, 31.356864], [-102.743481, 31.356861], [-102.743266, 31.356847], [-102.743011, 31.35683], [-102.742808, 31.356817], [-102.742627, 31.356805], [-102.742374, 31.35679], [-102.742116, 31.356774], [-102.741861, 31.356759], [-102.741703, 31.356748], [-102.7415, 31.356736], [-102.741393, 31.356729], [-102.741265, 31.356721], [-102.741142, 31.356714], [-102.741017, 31.356705], [-102.740819, 31.356693], [-102.740569, 31.356676], [-102.740314, 31.356661], [-102.740059, 31.356645], [-102.739808, 31.35663], [-102.739575, 31.356615], [-102.739434, 31.356606], [-102.739179, 31.35659], [-102.739038, 31.35658], [-102.738923, 31.356573], [-102.738791, 31.356565], [-102.738583, 31.356552], [-102.738331, 31.356536], [-102.738076, 31.356521], [-102.737821, 31.356505], [-102.737574, 31.356489], [-102.73732, 31.356473], [-102.737162, 31.356463], [-102.737064, 31.356457], [-102.736928, 31.356448], [-102.736728, 31.356436], [-102.736473, 31.356419], [-102.736217, 31.356404], [-102.735965, 31.356387], [-102.73571, 31.356371], [-102.735455, 31.356356], [-102.735202, 31.356339], [-102.73504, 31.356329], [-102.734895, 31.35632], [-102.734639, 31.356304], [-102.734522, 31.356297], [-102.734388, 31.356288], [-102.734253, 31.35628], [-102.733998, 31.356265], [-102.733746, 31.356248], [-102.73349, 31.356232], [-102.733236, 31.356215], [-102.73298, 31.356199], [-102.732808, 31.356189], [-102.732654, 31.35618], [-102.732408, 31.356164], [-102.732399, 31.356163], [-102.732195, 31.35615], [-102.732017, 31.35614], [-102.731794, 31.356125], [-102.731542, 31.35611], [-102.731291, 31.356094], [-102.731036, 31.356079], [-102.730782, 31.356063], [-102.73053, 31.356047], [-102.730278, 31.356032], [-102.730144, 31.356023], [-102.730017, 31.356015], [-102.729872, 31.356006], [-102.729711, 31.355996], [-102.72955, 31.355986], [-102.729306, 31.35597], [-102.72905, 31.355954], [-102.728794, 31.355937], [-102.728626, 31.355927], [-102.728503, 31.355918], [-102.72835, 31.355908], [-102.728247, 31.355901], [-102.728094, 31.355892], [-102.727947, 31.355883], [-102.727759, 31.355873], [-102.727585, 31.355861], [-102.72739, 31.355848], [-102.727218, 31.355838], [-102.726963, 31.355821], [-102.726707, 31.355805], [-102.726452, 31.355789], [-102.726195, 31.355772], [-102.725941, 31.355756], [-102.725758, 31.355745], [-102.725566, 31.355733], [-102.725456, 31.355726], [-102.725353, 31.35572], [-102.725177, 31.355709], [-102.725069, 31.355702], [-102.724917, 31.355693], [-102.724733, 31.355681], [-102.724482, 31.355665], [-102.724226, 31.355649], [-102.723971, 31.355632], [-102.723716, 31.355615], [-102.72346, 31.3556], [-102.723316, 31.355591], [-102.723312, 31.355591], [-102.723245, 31.355587], [-102.723171, 31.355582], [-102.722989, 31.355572], [-102.722872, 31.355566], [-102.72286, 31.355565], [-102.72269, 31.355557], [-102.722538, 31.355546], [-102.722399, 31.355536], [-102.722144, 31.355519], [-102.721906, 31.355504], [-102.72165, 31.355487], [-102.721396, 31.355468], [-102.721288, 31.355461], [-102.721196, 31.355456], [-102.721116, 31.355464], [-102.720985, 31.355476], [-102.720837, 31.355491], [-102.720669, 31.355509], [-102.720506, 31.355526], [-102.720252, 31.355551], [-102.719998, 31.355577], [-102.719741, 31.355603], [-102.719489, 31.355629], [-102.719238, 31.355653], [-102.719113, 31.355666], [-102.718985, 31.355678], [-102.718823, 31.355694], [-102.718567, 31.355719], [-102.718328, 31.355742], [-102.718075, 31.355767], [-102.717823, 31.355793], [-102.717568, 31.355818], [-102.717314, 31.355844], [-102.717059, 31.355868], [-102.716842, 31.355889], [-102.716587, 31.355915], [-102.716333, 31.355939], [-102.716079, 31.355964], [-102.715824, 31.355989], [-102.71557, 31.356014], [-102.715433, 31.356028], [-102.715178, 31.356054], [-102.714925, 31.35608], [-102.714919, 31.356081], [-102.714698, 31.356104], [-102.714652, 31.356108], [-102.714444, 31.356128], [-102.714189, 31.356153], [-102.713935, 31.356178], [-102.71368, 31.356203], [-102.713425, 31.356228], [-102.713234, 31.356247], [-102.71298, 31.356272], [-102.712726, 31.356298], [-102.712472, 31.356323], [-102.712264, 31.356344], [-102.712009, 31.35637], [-102.711756, 31.356395], [-102.711502, 31.356421], [-102.711247, 31.356446], [-102.710993, 31.356472], [-102.710871, 31.356484], [-102.710734, 31.356497], [-102.710479, 31.356522], [-102.710225, 31.356547], [-102.709997, 31.35657], [-102.709806, 31.356589], [-102.709551, 31.356614], [-102.709299, 31.356639], [-102.709044, 31.356664], [-102.708793, 31.356689], [-102.70854, 31.356715], [-102.70841, 31.356728], [-102.708156, 31.356753], [-102.707936, 31.356776], [-102.707829, 31.356786], [-102.707678, 31.356802], [-102.707424, 31.356827], [-102.70717, 31.356852], [-102.706915, 31.356877], [-102.706664, 31.356901], [-102.706411, 31.356927], [-102.706267, 31.356941], [-102.706013, 31.356967], [-102.705758, 31.356993], [-102.705528, 31.357016], [-102.705274, 31.357041], [-102.70502, 31.357066], [-102.704783, 31.357091], [-102.704529, 31.357115], [-102.704278, 31.357141], [-102.704024, 31.357166], [-102.703909, 31.357178], [-102.703655, 31.357203], [-102.703401, 31.357229], [-102.70315, 31.357254], [-102.702927, 31.357276], [-102.702673, 31.3573], [-102.702422, 31.357325], [-102.702187, 31.357349], [-102.70217, 31.35735], [-102.701944, 31.357372], [-102.701838, 31.357382], [-102.701584, 31.357406], [-102.701433, 31.357421], [-102.701305, 31.357433], [-102.701277, 31.357435], [-102.701051, 31.357459], [-102.700951, 31.357468], [-102.700775, 31.357486], [-102.700689, 31.357494], [-102.700606, 31.357503], [-102.700382, 31.357525], [-102.700127, 31.357551], [-102.699873, 31.357575], [-102.699715, 31.357593], [-102.69957, 31.357606], [-102.699474, 31.35759], [-102.699381, 31.357571], [-102.699133, 31.357516], [-102.698925, 31.357469], [-102.698728, 31.357425], [-102.698635, 31.357404], [-102.698406, 31.35735], [-102.698388, 31.357348], [-102.698199, 31.357307], [-102.697978, 31.357259], [-102.697735, 31.357204], [-102.697596, 31.357173], [-102.697487, 31.357147], [-102.697278, 31.357101], [-102.697241, 31.357093], [-102.697029, 31.357044], [-102.696893, 31.357013], [-102.696783, 31.356988], [-102.696556, 31.356936], [-102.696411, 31.356903], [-102.696246, 31.356864], [-102.695999, 31.356807], [-102.695756, 31.356752], [-102.69551, 31.356696], [-102.69526, 31.356639], [-102.695012, 31.356582], [-102.694764, 31.356525], [-102.694589, 31.356485], [-102.694345, 31.356429], [-102.694139, 31.356382], [-102.693952, 31.356338], [-102.693767, 31.356296], [-102.693526, 31.35624], [-102.693297, 31.356186], [-102.69305, 31.356131], [-102.692802, 31.356075], [-102.692554, 31.35602], [-102.69245, 31.355996], [-102.692202, 31.35594], [-102.69212, 31.355922], [-102.691996, 31.355894], [-102.691903, 31.355873], [-102.691802, 31.355851], [-102.691555, 31.355794], [-102.691308, 31.355739], [-102.69106, 31.355683], [-102.690813, 31.355626], [-102.690569, 31.35557], [-102.690446, 31.355542], [-102.69035, 31.35552], [-102.690228, 31.355493], [-102.690019, 31.355447], [-102.689981, 31.355439], [-102.689733, 31.355385], [-102.689621, 31.355359], [-102.689602, 31.355356], [-102.689499, 31.355331], [-102.689428, 31.355316], [-102.689353, 31.355301], [-102.689321, 31.355294], [-102.689106, 31.355242], [-102.68902, 31.355223], [-102.688772, 31.355169], [-102.688525, 31.355113], [-102.688281, 31.355057], [-102.688181, 31.355034], [-102.688034, 31.354999], [-102.687906, 31.354969], [-102.687787, 31.354942], [-102.687549, 31.354888], [-102.687413, 31.354857], [-102.687305, 31.354833], [-102.687058, 31.354779], [-102.686868, 31.354737], [-102.686812, 31.354726], [-102.686634, 31.354685], [-102.686564, 31.35467], [-102.686345, 31.354622], [-102.686096, 31.354563], [-102.685848, 31.354505], [-102.685599, 31.35445], [-102.685352, 31.354394], [-102.685105, 31.354338], [-102.684857, 31.354282], [-102.684615, 31.354227], [-102.684368, 31.354171], [-102.68412, 31.354115], [-102.683873, 31.354058], [-102.683625, 31.354002], [-102.683378, 31.353946], [-102.68313, 31.353889], [-102.683016, 31.353863], [-102.682892, 31.353834], [-102.682813, 31.353817], [-102.682575, 31.353763], [-102.682398, 31.353722], [-102.68215, 31.353666], [-102.681927, 31.353616], [-102.681776, 31.353581], [-102.681681, 31.353555], [-102.681622, 31.353536], [-102.681438, 31.353483], [-102.681252, 31.353429], [-102.68111, 31.353387], [-102.680994, 31.353355], [-102.680964, 31.353346], [-102.680823, 31.353306], [-102.680581, 31.353236], [-102.680446, 31.353197], [-102.680315, 31.353158], [-102.680214, 31.353129], [-102.680121, 31.353102], [-102.679878, 31.353033], [-102.679637, 31.352963], [-102.679396, 31.352893], [-102.679152, 31.352822], [-102.678913, 31.352752], [-102.678698, 31.35269], [-102.678537, 31.352645], [-102.678488, 31.352638], [-102.678235, 31.352604], [-102.677982, 31.352571], [-102.677758, 31.352541], [-102.677505, 31.352508], [-102.677252, 31.352474], [-102.676999, 31.35244], [-102.676868, 31.352422], [-102.676658, 31.352394], [-102.676514, 31.352375], [-102.676264, 31.352341], [-102.676089, 31.352317], [-102.675836, 31.352283], [-102.675583, 31.35225], [-102.675336, 31.352216], [-102.675084, 31.352182], [-102.67483, 31.352149], [-102.67468, 31.352129], [-102.674519, 31.352108], [-102.674339, 31.352084], [-102.67415, 31.352058], [-102.67395, 31.352031], [-102.673759, 31.352005], [-102.673507, 31.35197], [-102.673257, 31.351936], [-102.673004, 31.351903], [-102.672751, 31.351869], [-102.672501, 31.351836], [-102.672343, 31.351815], [-102.672186, 31.351794], [-102.672035, 31.351773], [-102.671835, 31.351746], [-102.671751, 31.351736], [-102.67163, 31.35172], [-102.671495, 31.351702], [-102.67144, 31.351694], [-102.671268, 31.351672], [-102.671017, 31.351639], [-102.670764, 31.351605], [-102.670511, 31.351571], [-102.670258, 31.351538], [-102.670012, 31.351505], [-102.669855, 31.351484], [-102.669732, 31.351467], [-102.669619, 31.351452], [-102.669498, 31.351437], [-102.669348, 31.351419], [-102.66919, 31.351397], [-102.669, 31.351372], [-102.668818, 31.351348], [-102.668565, 31.351314], [-102.668312, 31.351282], [-102.668058, 31.351249], [-102.667805, 31.351217], [-102.667555, 31.351186], [-102.667396, 31.351166], [-102.667234, 31.351145], [-102.66713, 31.351133], [-102.666962, 31.351111], [-102.666811, 31.351091], [-102.666676, 31.351075], [-102.666552, 31.351059], [-102.666383, 31.351038], [-102.666129, 31.351005], [-102.665879, 31.350974], [-102.665626, 31.350942], [-102.665373, 31.35091], [-102.665212, 31.350889], [-102.664959, 31.350856], [-102.664706, 31.350825], [-102.664622, 31.350814], [-102.66452, 31.350801], [-102.664405, 31.350784], [-102.664152, 31.350751], [-102.663942, 31.350723], [-102.66379, 31.350708], [-102.663689, 31.350722], [-102.663438, 31.350764], [-102.663186, 31.350806], [-102.662936, 31.350851], [-102.662692, 31.350893], [-102.662568, 31.350915], [-102.662428, 31.350941], [-102.662295, 31.350962], [-102.662142, 31.35099], [-102.661975, 31.351019], [-102.661806, 31.351049], [-102.661555, 31.351094], [-102.661304, 31.351137], [-102.661054, 31.351181], [-102.660806, 31.351224], [-102.660556, 31.351268], [-102.660466, 31.351284], [-102.660355, 31.351305], [-102.660259, 31.351323], [-102.660152, 31.351345], [-102.660044, 31.351361], [-102.659825, 31.351399], [-102.659728, 31.351416], [-102.659602, 31.35146], [-102.659366, 31.351547], [-102.659131, 31.351634], [-102.658896, 31.351721], [-102.658608, 31.35183], [-102.658373, 31.351918], [-102.658215, 31.351975], [-102.658066, 31.352032], [-102.657882, 31.352101], [-102.657647, 31.352189], [-102.657638, 31.352193], [-102.657614, 31.352201], [-102.657507, 31.352242], [-102.657369, 31.352293], [-102.657262, 31.352333], [-102.657157, 31.352373], [-102.65715, 31.352375], [-102.657144, 31.352377], [-102.657119, 31.352387], [-102.65691, 31.352464], [-102.65672, 31.352533], [-102.656695, 31.352541], [-102.656486, 31.352622], [-102.656253, 31.352709], [-102.656018, 31.352796], [-102.655783, 31.352883], [-102.655666, 31.352927], [-102.655552, 31.352969], [-102.655318, 31.353057], [-102.655155, 31.353118], [-102.655013, 31.353171], [-102.654853, 31.353231], [-102.654619, 31.353318], [-102.654388, 31.353405], [-102.654153, 31.353492], [-102.653918, 31.353581], [-102.653792, 31.353628], [-102.653666, 31.353675], [-102.653452, 31.353754], [-102.653302, 31.353809], [-102.653186, 31.353853], [-102.652982, 31.353929], [-102.652871, 31.35397], [-102.652636, 31.354058], [-102.652401, 31.354146], [-102.652166, 31.354233], [-102.651932, 31.354321], [-102.651697, 31.354408], [-102.651461, 31.354495], [-102.651225, 31.354583], [-102.650993, 31.35467], [-102.650761, 31.354756], [-102.650526, 31.354844], [-102.650293, 31.354931], [-102.650077, 31.355012], [-102.649846, 31.355098], [-102.649611, 31.355186], [-102.649484, 31.355233], [-102.64937, 31.355275], [-102.649264, 31.355315], [-102.649065, 31.355388], [-102.648934, 31.355437], [-102.648795, 31.355489], [-102.64856, 31.355576], [-102.648328, 31.355662], [-102.648096, 31.355749], [-102.647862, 31.355837], [-102.64772, 31.355889], [-102.647587, 31.355938], [-102.647401, 31.35601], [-102.64738, 31.356018], [-102.647234, 31.356074], [-102.647224, 31.356077], [-102.647146, 31.356098], [-102.646912, 31.356162], [-102.646895, 31.356167], [-102.646765, 31.356204], [-102.646666, 31.356232], [-102.646564, 31.35626], [-102.646433, 31.356297], [-102.646302, 31.356333], [-102.646138, 31.356378], [-102.645894, 31.356445], [-102.64565, 31.356513], [-102.645407, 31.35658], [-102.645163, 31.356648], [-102.644919, 31.356716], [-102.644765, 31.356759], [-102.644584, 31.356808], [-102.644425, 31.356852], [-102.644181, 31.356919], [-102.64402, 31.356963], [-102.643777, 31.35703], [-102.643533, 31.357098], [-102.64329, 31.357166], [-102.643046, 31.357234], [-102.642802, 31.3573], [-102.642558, 31.357368], [-102.642398, 31.357413], [-102.642215, 31.357463], [-102.641971, 31.357531], [-102.641797, 31.357579], [-102.641555, 31.357646], [-102.641366, 31.357699], [-102.641122, 31.357767], [-102.640881, 31.357833], [-102.640638, 31.357901], [-102.640398, 31.357968], [-102.640154, 31.358036], [-102.640036, 31.358068], [-102.639893, 31.358108], [-102.639649, 31.358175], [-102.639486, 31.35822], [-102.639336, 31.358261], [-102.639093, 31.35833], [-102.638849, 31.358397], [-102.638616, 31.358462], [-102.638605, 31.358464], [-102.638363, 31.358533], [-102.638138, 31.358595], [-102.638121, 31.358601], [-102.637895, 31.358663], [-102.637651, 31.35873], [-102.637407, 31.358797], [-102.637163, 31.358864], [-102.63692, 31.358931], [-102.636702, 31.358993], [-102.636467, 31.359059], [-102.636223, 31.359126], [-102.63598, 31.359194], [-102.635736, 31.359261], [-102.635492, 31.359328], [-102.635249, 31.359396], [-102.635009, 31.359463], [-102.634768, 31.35953], [-102.634528, 31.359597], [-102.634284, 31.359664], [-102.63404, 31.359732], [-102.6338, 31.359799], [-102.633559, 31.359866], [-102.63346, 31.359893], [-102.633216, 31.35996], [-102.632976, 31.360026], [-102.632732, 31.360093], [-102.632491, 31.360159], [-102.632248, 31.360227], [-102.632068, 31.360277], [-102.632003, 31.360295], [-102.631985, 31.360299], [-102.631784, 31.360355], [-102.631613, 31.360403], [-102.631602, 31.360403], [-102.631591, 31.360399], [-102.631517, 31.360368], [-102.631475, 31.36035], [-102.631472, 31.360348], [-102.631459, 31.360342], [-102.631379, 31.360307], [-102.631242, 31.360248], [-102.631109, 31.360189], [-102.631088, 31.360181], [-102.631068, 31.360174], [-102.631067, 31.360173], [-102.63099, 31.360138], [-102.630982, 31.360136], [-102.630972, 31.360136], [-102.630716, 31.360146], [-102.630553, 31.360153], [-102.630531, 31.360154], [-102.630439, 31.360158], [-102.630276, 31.360165], [-102.630244, 31.360169], [-102.630234, 31.36017]], [[-102.630234, 31.36017], [-102.630231, 31.36017], [-102.630225, 31.36017], [-102.630222, 31.360171], [-102.630219, 31.360171], [-102.630199, 31.360172], [-102.630197, 31.360172], [-102.630192, 31.360173], [-102.630186, 31.360173], [-102.630184, 31.360173], [-102.630166, 31.360174], [-102.630163, 31.360175], [-102.630159, 31.360175], [-102.630153, 31.360175], [-102.63015, 31.360175]], [[-102.630234, 31.36017], [-102.630234, 31.360173], [-102.630236, 31.360189], [-102.630236, 31.360191], [-102.630236, 31.360195], [-102.630237, 31.3602]], [[-102.63015, 31.360175], [-102.630147, 31.360176], [-102.630141, 31.360176], [-102.630136, 31.360176], [-102.63011, 31.360176], [-102.630107, 31.360176], [-102.630104, 31.360178], [-102.63007, 31.360181], [-102.629961, 31.360187], [-102.629709, 31.360204], [-102.629466, 31.360223], [-102.629455, 31.360223], [-102.629234, 31.360241], [-102.629224, 31.360243], [-102.629214, 31.360249], [-102.629079, 31.360392], [-102.628916, 31.360561], [-102.628753, 31.360731], [-102.628608, 31.360883], [-102.628444, 31.361053], [-102.628283, 31.361219], [-102.62812, 31.361388], [-102.628072, 31.361437], [-102.62791, 31.361607], [-102.627869, 31.361649], [-102.627714, 31.361804], [-102.627705, 31.361811], [-102.627695, 31.361813], [-102.62744, 31.361827], [-102.62722, 31.361838], [-102.627215, 31.361839], [-102.627211, 31.361837], [-102.627035, 31.361711], [-102.62684, 31.361573], [-102.626668, 31.361458], [-102.62666, 31.361454], [-102.626652, 31.361453], [-102.626549, 31.361443], [-102.626542, 31.361442], [-102.626532, 31.361445], [-102.626529, 31.361445], [-102.626415, 31.361491], [-102.62631, 31.361533], [-102.626293, 31.36154], [-102.626254, 31.361555], [-102.626114, 31.361609], [-102.62588, 31.361699], [-102.625787, 31.361736], [-102.625647, 31.361791], [-102.62542, 31.361881], [-102.62523, 31.361959], [-102.624999, 31.362051], [-102.624766, 31.362143], [-102.624592, 31.362211], [-102.624559, 31.362223], [-102.624358, 31.362301], [-102.624126, 31.362392], [-102.623925, 31.362472], [-102.623692, 31.362563], [-102.623462, 31.362653], [-102.623229, 31.362745], [-102.622996, 31.362836], [-102.622767, 31.362926], [-102.622534, 31.363017], [-102.622406, 31.363068], [-102.62225, 31.363129], [-102.622098, 31.363189], [-102.621949, 31.363247], [-102.621793, 31.363309], [-102.621563, 31.363398], [-102.621331, 31.36349], [-102.621098, 31.363581], [-102.620865, 31.363672], [-102.620632, 31.363763], [-102.620399, 31.363855], [-102.620203, 31.363933], [-102.619976, 31.364022], [-102.619742, 31.364111], [-102.619731, 31.364116], [-102.619524, 31.364196], [-102.619293, 31.364289], [-102.61906, 31.36438], [-102.618827, 31.364472], [-102.618597, 31.364563], [-102.618416, 31.364634], [-102.618226, 31.364709], [-102.618058, 31.364775], [-102.617871, 31.364848], [-102.617676, 31.364924], [-102.617447, 31.365015], [-102.617215, 31.365107], [-102.616982, 31.365199], [-102.616749, 31.36529], [-102.616706, 31.365308], [-102.616518, 31.365381], [-102.616294, 31.365468], [-102.616061, 31.36556], [-102.615829, 31.365651], [-102.615596, 31.365743], [-102.615363, 31.365834], [-102.615132, 31.365926], [-102.614902, 31.366016], [-102.614669, 31.366108], [-102.614439, 31.366198], [-102.614381, 31.366221], [-102.614148, 31.366312], [-102.613915, 31.366403], [-102.613682, 31.366494], [-102.613451, 31.366584], [-102.613229, 31.366671], [-102.613054, 31.36674], [-102.612898, 31.366801], [-102.61271, 31.366874], [-102.612553, 31.366936], [-102.612394, 31.366998], [-102.61222, 31.367067], [-102.611987, 31.367159], [-102.611754, 31.36725], [-102.611528, 31.367339], [-102.611296, 31.367431], [-102.611063, 31.367522], [-102.61083, 31.367614], [-102.610598, 31.367706], [-102.610455, 31.367762], [-102.610222, 31.367853], [-102.6101, 31.367901], [-102.609867, 31.367992], [-102.609634, 31.368082], [-102.609401, 31.368172], [-102.609248, 31.368233], [-102.609015, 31.368325], [-102.608979, 31.36834], [-102.608783, 31.368417], [-102.608735, 31.368436], [-102.608581, 31.368496], [-102.608348, 31.368589], [-102.60817, 31.368659], [-102.607941, 31.368748], [-102.607722, 31.368835], [-102.607489, 31.368926], [-102.607256, 31.369017], [-102.607023, 31.369108], [-102.606818, 31.369189], [-102.606585, 31.36928], [-102.606409, 31.369349], [-102.606177, 31.36944], [-102.60605, 31.36949], [-102.605818, 31.369581], [-102.605611, 31.369661], [-102.605379, 31.369752], [-102.605146, 31.369844], [-102.604914, 31.369936], [-102.604681, 31.370028], [-102.604565, 31.370073], [-102.604457, 31.370116], [-102.604363, 31.370152], [-102.60426, 31.370194], [-102.604076, 31.370265], [-102.603973, 31.370306], [-102.603876, 31.370344], [-102.603711, 31.370409], [-102.603482, 31.370499], [-102.60325, 31.37059], [-102.603017, 31.370681], [-102.602787, 31.370771], [-102.602552, 31.370861], [-102.602406, 31.370918], [-102.602257, 31.370978], [-102.602101, 31.371039], [-102.601924, 31.371109], [-102.601923, 31.37111], [-102.601871, 31.37113], [-102.60172, 31.371189], [-102.601668, 31.371209], [-102.60163, 31.371223], [-102.601607, 31.371232], [-102.601487, 31.371279], [-102.601369, 31.371325], [-102.60123, 31.37138], [-102.601146, 31.371413], [-102.601018, 31.371463], [-102.600785, 31.371556], [-102.600604, 31.371628], [-102.600553, 31.371648], [-102.600461, 31.371684], [-102.600228, 31.371775], [-102.600177, 31.371795], [-102.600098, 31.371826], [-102.599896, 31.371906], [-102.599867, 31.371918], [-102.599739, 31.371969], [-102.599636, 31.372009], [-102.599555, 31.372041], [-102.59954, 31.372047], [-102.599416, 31.372097], [-102.599279, 31.37215], [-102.599278, 31.372151], [-102.599045, 31.372242], [-102.598812, 31.372332], [-102.598579, 31.372424], [-102.598346, 31.372514], [-102.598169, 31.372583], [-102.597993, 31.372652], [-102.59776, 31.372743], [-102.597583, 31.372812], [-102.597354, 31.372903], [-102.59712, 31.372994], [-102.59689, 31.373083], [-102.596665, 31.373171], [-102.596432, 31.373263], [-102.596198, 31.373354], [-102.595966, 31.373446], [-102.595841, 31.373494], [-102.595736, 31.373536], [-102.59552, 31.373621], [-102.595288, 31.373712], [-102.595098, 31.373786], [-102.594896, 31.373866], [-102.594663, 31.373957], [-102.59443, 31.374048], [-102.594197, 31.37414], [-102.593965, 31.374232], [-102.593778, 31.374307], [-102.593767, 31.374311], [-102.593535, 31.374402], [-102.59331, 31.374489], [-102.593285, 31.374499], [-102.593125, 31.374563], [-102.59302, 31.374604], [-102.592791, 31.374695], [-102.592774, 31.374701], [-102.592625, 31.37476], [-102.592571, 31.374781], [-102.592392, 31.374851], [-102.592164, 31.37494], [-102.591934, 31.37503], [-102.591704, 31.375122], [-102.591493, 31.375205], [-102.591471, 31.375212], [-102.591449, 31.375221], [-102.591291, 31.375283], [-102.591239, 31.375304], [-102.591077, 31.375367], [-102.591068, 31.375371], [-102.591039, 31.375381], [-102.591006, 31.375395], [-102.590792, 31.37548], [-102.590559, 31.375573], [-102.590328, 31.375663], [-102.590095, 31.375754], [-102.589862, 31.375845], [-102.589629, 31.375936], [-102.589403, 31.376025], [-102.589199, 31.376105], [-102.58905, 31.376164], [-102.588899, 31.376223], [-102.588666, 31.376314], [-102.588535, 31.376366], [-102.588302, 31.376457], [-102.588076, 31.376545], [-102.587846, 31.376635], [-102.587617, 31.376725], [-102.587384, 31.376816], [-102.587194, 31.376891], [-102.587012, 31.376962], [-102.586779, 31.377053], [-102.586647, 31.377105], [-102.586414, 31.377196], [-102.586181, 31.377288], [-102.585952, 31.377378], [-102.585793, 31.37744], [-102.585651, 31.377496], [-102.585418, 31.377587], [-102.585186, 31.377679], [-102.585039, 31.377737], [-102.584913, 31.377786], [-102.58468, 31.377877], [-102.58445, 31.377966], [-102.58422, 31.378056], [-102.583987, 31.378148], [-102.583756, 31.378238], [-102.583525, 31.37833], [-102.583431, 31.378366], [-102.583316, 31.378411], [-102.583167, 31.37847], [-102.582944, 31.378558], [-102.582817, 31.378608], [-102.582578, 31.378702], [-102.58236, 31.378788], [-102.582119, 31.378883], [-102.581891, 31.378972], [-102.581655, 31.379065], [-102.581508, 31.379123], [-102.581426, 31.379155], [-102.581256, 31.379221], [-102.581026, 31.379311], [-102.580796, 31.379402], [-102.580736, 31.379425], [-102.580572, 31.379488], [-102.580417, 31.379548], [-102.580362, 31.37957], [-102.580144, 31.379657], [-102.579911, 31.379749], [-102.5797, 31.379832], [-102.579468, 31.379922], [-102.579248, 31.380009], [-102.579014, 31.380101], [-102.578783, 31.380191], [-102.578551, 31.380282], [-102.578318, 31.380374], [-102.578085, 31.380465], [-102.577852, 31.380556], [-102.577619, 31.380647], [-102.577403, 31.380733], [-102.577171, 31.380823], [-102.576938, 31.380915], [-102.576705, 31.381004], [-102.576472, 31.381096], [-102.576239, 31.381188], [-102.576015, 31.381276], [-102.575837, 31.381345], [-102.575753, 31.381378], [-102.575748, 31.381381], [-102.575746, 31.381384], [-102.575735, 31.381412], [-102.57569, 31.381519], [-102.575618, 31.381686], [-102.575532, 31.38189], [-102.575475, 31.382023], [-102.575472, 31.382028], [-102.575466, 31.382031], [-102.575448, 31.382039], [-102.575238, 31.382122], [-102.575218, 31.38213], [-102.575099, 31.382178], [-102.574865, 31.382268], [-102.574632, 31.382359], [-102.574402, 31.38245], [-102.57417, 31.382541], [-102.573937, 31.382633], [-102.57378, 31.382695], [-102.573703, 31.382724], [-102.57347, 31.382815], [-102.573427, 31.382831], [-102.573241, 31.382905], [-102.573012, 31.382996], [-102.572779, 31.383089], [-102.572546, 31.383179], [-102.572313, 31.383271], [-102.572081, 31.383364], [-102.571848, 31.383456], [-102.571805, 31.383474], [-102.571616, 31.383549], [-102.571383, 31.383641], [-102.571328, 31.383663], [-102.571151, 31.383733], [-102.570918, 31.383825], [-102.570686, 31.383918], [-102.570454, 31.384011], [-102.570221, 31.384102], [-102.569989, 31.384194], [-102.569756, 31.384286], [-102.569523, 31.384379], [-102.569291, 31.384471], [-102.569155, 31.384525], [-102.568922, 31.384618], [-102.568689, 31.38471], [-102.568457, 31.384802], [-102.568396, 31.384827], [-102.568225, 31.384894], [-102.568183, 31.384912], [-102.567992, 31.384988], [-102.56776, 31.385079], [-102.567531, 31.38517], [-102.56731, 31.385258], [-102.567147, 31.385323], [-102.567078, 31.38535], [-102.566849, 31.385441], [-102.566616, 31.385533], [-102.566384, 31.385625], [-102.566151, 31.385718], [-102.565919, 31.385811], [-102.565686, 31.385903], [-102.565454, 31.385995], [-102.565222, 31.386088], [-102.564994, 31.386179], [-102.564761, 31.38627], [-102.564529, 31.386362], [-102.564296, 31.386454], [-102.564064, 31.386547], [-102.563832, 31.386639], [-102.563675, 31.386701], [-102.563634, 31.386717], [-102.563622, 31.386723], [-102.5636, 31.386726], [-102.563524, 31.38676], [-102.563383, 31.386817], [-102.563155, 31.386909], [-102.562923, 31.387001], [-102.56269, 31.387093], [-102.562458, 31.387185], [-102.562225, 31.387277], [-102.562001, 31.387366], [-102.56177, 31.387459], [-102.561539, 31.387555], [-102.561308, 31.387651], [-102.561169, 31.387707], [-102.561069, 31.387721], [-102.560941, 31.387731], [-102.560801, 31.387746], [-102.560699, 31.387784], [-102.560604, 31.387823], [-102.560422, 31.3879], [-102.560201, 31.387992], [-102.559982, 31.388084], [-102.559972, 31.38809], [-102.559969, 31.388102], [-102.559957, 31.38822], [-102.559942, 31.388399], [-102.55993, 31.38854], [-102.559915, 31.388712], [-102.559902, 31.38885], [-102.559891, 31.38896], [-102.559887, 31.389059], [-102.559913, 31.389144], [-102.559917, 31.38916], [-102.559922, 31.38918], [-102.559951, 31.389264], [-102.559993, 31.38939], [-102.560034, 31.389517], [-102.560059, 31.389598], [-102.560066, 31.389619], [-102.560075, 31.389645], [-102.560142, 31.389851], [-102.560186, 31.389986], [-102.560223, 31.390095], [-102.56025, 31.390177], [-102.560294, 31.390306], [-102.560327, 31.390404], [-102.560324, 31.390423], [-102.560309, 31.39043], [-102.560104, 31.390476], [-102.560056, 31.390492], [-102.560008, 31.390506], [-102.55991, 31.390531], [-102.559787, 31.390562], [-102.559619, 31.390603], [-102.559541, 31.390623], [-102.559296, 31.390688], [-102.559057, 31.390749], [-102.558813, 31.390813], [-102.558652, 31.390855], [-102.558407, 31.39092], [-102.558247, 31.390963], [-102.558065, 31.391008], [-102.55782, 31.391073], [-102.557575, 31.391136], [-102.557329, 31.3912], [-102.557086, 31.391266], [-102.55684, 31.391329], [-102.556595, 31.391394], [-102.556484, 31.391423], [-102.556259, 31.391483], [-102.556148, 31.391512], [-102.556041, 31.39154], [-102.555934, 31.391567], [-102.555836, 31.391593], [-102.555733, 31.39162], [-102.555543, 31.39167], [-102.555298, 31.391734], [-102.555053, 31.391799], [-102.554808, 31.391862], [-102.554563, 31.391927], [-102.554318, 31.391991], [-102.554143, 31.392037], [-102.553898, 31.3921], [-102.553722, 31.392146], [-102.553559, 31.392189], [-102.553372, 31.392238], [-102.553128, 31.392303], [-102.552884, 31.392367], [-102.552638, 31.392432], [-102.552392, 31.392496], [-102.552147, 31.39256], [-102.551903, 31.392624], [-102.551658, 31.392689], [-102.551412, 31.392752], [-102.551168, 31.392818], [-102.550923, 31.392882], [-102.550678, 31.392946], [-102.550433, 31.393009], [-102.55019, 31.393073], [-102.549944, 31.393136], [-102.549704, 31.39321], [-102.549469, 31.393298], [-102.549234, 31.393386], [-102.549003, 31.393472], [-102.548768, 31.39356], [-102.548534, 31.393646], [-102.548299, 31.393732], [-102.548066, 31.393819], [-102.547831, 31.393906], [-102.547595, 31.393994], [-102.547422, 31.39406], [-102.547195, 31.394143], [-102.547117, 31.394171], [-102.546948, 31.394195], [-102.546699, 31.394228], [-102.546445, 31.394265], [-102.546196, 31.394299], [-102.546089, 31.394314], [-102.545835, 31.394349], [-102.545582, 31.394384], [-102.545386, 31.394411], [-102.545156, 31.394444], [-102.545005, 31.394464], [-102.544935, 31.394475], [-102.544758, 31.394523], [-102.544516, 31.394587], [-102.544272, 31.394648], [-102.544026, 31.394712], [-102.543781, 31.394775], [-102.543563, 31.39483], [-102.54332, 31.394891], [-102.543075, 31.394954], [-102.542829, 31.395017], [-102.542587, 31.39508], [-102.542357, 31.395139], [-102.542115, 31.395201], [-102.541871, 31.395264], [-102.541626, 31.395327], [-102.54138, 31.395391], [-102.541135, 31.395453], [-102.540889, 31.395516], [-102.540645, 31.395578], [-102.5404, 31.395641], [-102.540155, 31.395705], [-102.539909, 31.395767], [-102.539663, 31.395829], [-102.539418, 31.395892], [-102.539172, 31.395955], [-102.538927, 31.396018], [-102.538684, 31.396079], [-102.538441, 31.396141], [-102.538195, 31.396204], [-102.53795, 31.396267], [-102.537704, 31.39633], [-102.537459, 31.396392], [-102.537215, 31.396456], [-102.537054, 31.396499], [-102.536809, 31.396563], [-102.536619, 31.396611], [-102.536431, 31.396659], [-102.536189, 31.396721], [-102.535945, 31.396783], [-102.535699, 31.396844], [-102.535453, 31.396906], [-102.53521, 31.396969], [-102.534965, 31.397032], [-102.534723, 31.397093], [-102.534537, 31.39714], [-102.534419, 31.39717], [-102.534339, 31.397191], [-102.534135, 31.397242], [-102.533923, 31.397296], [-102.533723, 31.397347], [-102.533678, 31.397358], [-102.533608, 31.397377], [-102.533433, 31.397422], [-102.533189, 31.397483], [-102.532947, 31.397546], [-102.532713, 31.397607], [-102.532467, 31.397671], [-102.532355, 31.397698], [-102.532148, 31.397753], [-102.532147, 31.397753], [-102.531902, 31.397817], [-102.531783, 31.397845], [-102.531537, 31.397909], [-102.531291, 31.397972], [-102.531046, 31.398034], [-102.530801, 31.398097], [-102.530616, 31.398144], [-102.530468, 31.398183], [-102.530389, 31.398202], [-102.53037, 31.398207], [-102.530208, 31.398244], [-102.530061, 31.398285], [-102.529815, 31.398347], [-102.529623, 31.398398], [-102.529498, 31.39843], [-102.529449, 31.398441], [-102.529205, 31.398506], [-102.528977, 31.398564], [-102.528732, 31.398628], [-102.528707, 31.398634], [-102.528694, 31.398637], [-102.528587, 31.398664], [-102.528486, 31.398689], [-102.528485, 31.398689], [-102.528462, 31.398696], [-102.52844, 31.398702], [-102.528241, 31.398753], [-102.528097, 31.398789], [-102.528051, 31.398801], [-102.52796, 31.398824], [-102.527714, 31.398887], [-102.527566, 31.398925], [-102.527473, 31.398949], [-102.527238, 31.39901], [-102.526993, 31.399072], [-102.526771, 31.399129], [-102.526636, 31.399159], [-102.526602, 31.39916], [-102.526522, 31.399157], [-102.526384, 31.39915], [-102.526245, 31.399146], [-102.526132, 31.399169], [-102.525886, 31.399232], [-102.525825, 31.399247], [-102.525692, 31.399285], [-102.525596, 31.399341], [-102.525459, 31.399427], [-102.525458, 31.39943], [-102.525352, 31.399491], [-102.525229, 31.399524], [-102.525115, 31.399554], [-102.524984, 31.399588], [-102.524739, 31.399651], [-102.524494, 31.399714], [-102.524248, 31.399776], [-102.524081, 31.399819], [-102.524027, 31.399832], [-102.523929, 31.399855], [-102.523746, 31.399904], [-102.523607, 31.39994], [-102.52342, 31.399988], [-102.523175, 31.400051], [-102.523099, 31.400071], [-102.523085, 31.400073], [-102.523008, 31.400093], [-102.522956, 31.400108], [-102.522711, 31.400168], [-102.522525, 31.400215], [-102.52228, 31.400278], [-102.522035, 31.400341], [-102.521789, 31.400403], [-102.521543, 31.400467], [-102.521435, 31.400495], [-102.521314, 31.400527], [-102.521196, 31.400557], [-102.521094, 31.400583], [-102.520997, 31.400609], [-102.520913, 31.400631], [-102.520667, 31.400694], [-102.520492, 31.400738], [-102.520245, 31.400801], [-102.52, 31.400864], [-102.519754, 31.400926], [-102.519653, 31.400952], [-102.519552, 31.400978], [-102.519308, 31.40104], [-102.519202, 31.401067], [-102.51911, 31.401091], [-102.519015, 31.401116], [-102.518922, 31.401139], [-102.518677, 31.401202], [-102.518431, 31.401264], [-102.518225, 31.401318], [-102.517979, 31.40138], [-102.517734, 31.401443], [-102.517488, 31.401506], [-102.517243, 31.40157], [-102.517034, 31.401623], [-102.516838, 31.401671], [-102.516592, 31.401737], [-102.516347, 31.401799], [-102.5162, 31.401836], [-102.515954, 31.401898], [-102.515713, 31.40196], [-102.515467, 31.402023], [-102.515222, 31.402087], [-102.514982, 31.402149], [-102.51482, 31.40219], [-102.514636, 31.402236], [-102.514434, 31.402288], [-102.514189, 31.40235], [-102.513943, 31.402413], [-102.513698, 31.402476], [-102.513452, 31.40254], [-102.51321, 31.402601], [-102.513031, 31.402647], [-102.512786, 31.40271], [-102.512539, 31.402771], [-102.512305, 31.402832], [-102.512182, 31.402864], [-102.512158, 31.40287], [-102.512149, 31.402872], [-102.512035, 31.402902], [-102.511929, 31.40293], [-102.511912, 31.402934], [-102.511897, 31.402937], [-102.511653, 31.403], [-102.511436, 31.403055], [-102.511409, 31.403063], [-102.511391, 31.403067], [-102.511315, 31.403085], [-102.511261, 31.403101], [-102.511251, 31.403104], [-102.511221, 31.403112], [-102.511107, 31.403141], [-102.511011, 31.403165], [-102.5109, 31.403192], [-102.510792, 31.403219], [-102.510681, 31.403247], [-102.510459, 31.403303], [-102.5103, 31.403344], [-102.510214, 31.403365], [-102.509969, 31.40343], [-102.509724, 31.403493], [-102.509488, 31.403554], [-102.509482, 31.403555], [-102.509482, 31.403555], [-102.509476, 31.403553], [-102.509253, 31.403451], [-102.50903, 31.403349], [-102.508807, 31.403246], [-102.508582, 31.403143], [-102.508385, 31.403052], [-102.508358, 31.40304], [-102.508164, 31.402951], [-102.508133, 31.402937], [-102.507909, 31.402832], [-102.507831, 31.402797], [-102.507711, 31.402739], [-102.507559, 31.402667], [-102.507554, 31.402665], [-102.507548, 31.402668], [-102.507302, 31.402726], [-102.507071, 31.402784], [-102.506823, 31.402846], [-102.506762, 31.402862], [-102.506516, 31.402924], [-102.506397, 31.402955], [-102.506387, 31.402956], [-102.506379, 31.402955], [-102.506259, 31.402931], [-102.506014, 31.40288], [-102.505831, 31.402843], [-102.50561, 31.402799], [-102.505361, 31.402749], [-102.505163, 31.402707], [-102.505153, 31.402706], [-102.505144, 31.402707], [-102.504899, 31.402771], [-102.504841, 31.402786], [-102.504655, 31.402833], [-102.504594, 31.40285], [-102.504414, 31.402896], [-102.504389, 31.402901], [-102.504371, 31.402908], [-102.504327, 31.402919], [-102.504143, 31.402965], [-102.503898, 31.403029], [-102.503708, 31.40308], [-102.503655, 31.403098], [-102.503428, 31.403176], [-102.503418, 31.40318], [-102.50318, 31.40326], [-102.502988, 31.403325], [-102.502796, 31.403389], [-102.502621, 31.403451], [-102.502606, 31.403454], [-102.50256, 31.403469], [-102.502354, 31.403531], [-102.502113, 31.403604], [-102.502053, 31.403623], [-102.501908, 31.403667], [-102.501883, 31.403674], [-102.501729, 31.403721], [-102.501707, 31.403727], [-102.501487, 31.403794], [-102.501245, 31.403867], [-102.501004, 31.403939], [-102.500762, 31.404012], [-102.50052, 31.404086], [-102.500297, 31.404153], [-102.500281, 31.404158], [-102.50019, 31.404185], [-102.500112, 31.404209], [-102.500075, 31.40422], [-102.500069, 31.404222], [-102.500061, 31.404223], [-102.499953, 31.404219], [-102.499942, 31.40422], [-102.499823, 31.404218], [-102.4997, 31.404248], [-102.499634, 31.404268], [-102.499512, 31.404311], [-102.499417, 31.404378], [-102.499321, 31.404444], [-102.499219, 31.404481], [-102.499198, 31.404487], [-102.498978, 31.404555], [-102.498736, 31.404628], [-102.498603, 31.404669], [-102.498364, 31.404741], [-102.498123, 31.404814], [-102.497999, 31.404852], [-102.497977, 31.404859], [-102.497966, 31.404862], [-102.497784, 31.404919], [-102.497542, 31.404991], [-102.497438, 31.405021], [-102.497422, 31.405026], [-102.497402, 31.405032], [-102.497296, 31.405066], [-102.497054, 31.405138], [-102.496812, 31.40521], [-102.496571, 31.405282], [-102.496451, 31.405318], [-102.49621, 31.405391], [-102.496054, 31.405437], [-102.496038, 31.405442], [-102.49584, 31.405504], [-102.495797, 31.405517], [-102.495678, 31.405553], [-102.495562, 31.405601], [-102.495543, 31.405609], [-102.495332, 31.405699], [-102.495162, 31.40577], [-102.494931, 31.405864], [-102.494702, 31.405957], [-102.494471, 31.406052], [-102.49424, 31.406147], [-102.494012, 31.40624], [-102.493781, 31.406335], [-102.493551, 31.40643], [-102.493324, 31.406522], [-102.493106, 31.406612], [-102.492875, 31.406709], [-102.492657, 31.406797], [-102.492643, 31.406803], [-102.492551, 31.406842], [-102.492416, 31.406896], [-102.492324, 31.406933], [-102.492318, 31.406935], [-102.492186, 31.406989], [-102.492053, 31.407044], [-102.491955, 31.407085], [-102.491803, 31.407149], [-102.491787, 31.407155], [-102.491682, 31.4072], [-102.491491, 31.407277], [-102.491299, 31.407355], [-102.491145, 31.407419], [-102.490982, 31.407486], [-102.490761, 31.407577], [-102.490529, 31.407673], [-102.490299, 31.407767], [-102.490068, 31.407862], [-102.489837, 31.407957], [-102.489606, 31.408053], [-102.489478, 31.408105], [-102.489249, 31.408199], [-102.489019, 31.408293], [-102.488833, 31.40837], [-102.488788, 31.408388], [-102.48858, 31.408473], [-102.488556, 31.408483], [-102.488535, 31.408491], [-102.488342, 31.408571], [-102.488279, 31.408596], [-102.488111, 31.408665], [-102.487889, 31.408755], [-102.487664, 31.408848], [-102.487502, 31.408915], [-102.487433, 31.408943], [-102.487274, 31.409008], [-102.487108, 31.409076], [-102.487044, 31.409102], [-102.486941, 31.409145], [-102.486794, 31.409205], [-102.486677, 31.409253], [-102.486449, 31.409347], [-102.486218, 31.409442], [-102.485991, 31.409536], [-102.485759, 31.409631], [-102.485531, 31.409724], [-102.485301, 31.409819], [-102.485167, 31.409874], [-102.485021, 31.409935], [-102.48479, 31.410029], [-102.484605, 31.410105], [-102.484374, 31.4102], [-102.484143, 31.410295], [-102.483926, 31.410383], [-102.483695, 31.410479], [-102.483464, 31.410575], [-102.483245, 31.410663], [-102.483014, 31.410759], [-102.482805, 31.410845], [-102.482604, 31.410928], [-102.482574, 31.410938], [-102.482344, 31.411035], [-102.482233, 31.41108], [-102.482112, 31.41113], [-102.481902, 31.411216], [-102.481674, 31.411311], [-102.48146, 31.411398], [-102.481228, 31.411492], [-102.481091, 31.411549], [-102.480894, 31.411629], [-102.480869, 31.41164], [-102.480665, 31.411724], [-102.480512, 31.411788], [-102.480285, 31.411881], [-102.480123, 31.411947], [-102.479892, 31.412042], [-102.479675, 31.41213], [-102.479661, 31.412136], [-102.479431, 31.412233], [-102.479388, 31.41225], [-102.479201, 31.412328], [-102.479182, 31.412336], [-102.478969, 31.412421], [-102.478738, 31.412516], [-102.478527, 31.412602], [-102.478316, 31.412688], [-102.478086, 31.412783], [-102.477914, 31.412853], [-102.477761, 31.412915], [-102.477529, 31.41301], [-102.477298, 31.413104], [-102.477067, 31.413199], [-102.476836, 31.413294], [-102.476605, 31.413389], [-102.476374, 31.413484], [-102.476143, 31.413579], [-102.475993, 31.413641], [-102.47594, 31.413664], [-102.475709, 31.413759], [-102.475485, 31.413851], [-102.475465, 31.413861], [-102.475255, 31.413946], [-102.475023, 31.414041], [-102.474792, 31.414136], [-102.474561, 31.414231], [-102.474331, 31.414326], [-102.474177, 31.414388], [-102.473947, 31.414483], [-102.473718, 31.414577], [-102.473487, 31.414672], [-102.473255, 31.414767], [-102.473024, 31.414862], [-102.472795, 31.414955], [-102.472565, 31.41505], [-102.472334, 31.415145], [-102.472119, 31.415232], [-102.471968, 31.415293], [-102.471736, 31.415389], [-102.471549, 31.415466], [-102.471317, 31.415561], [-102.471086, 31.415656], [-102.470855, 31.415751], [-102.470792, 31.415778], [-102.470629, 31.415844], [-102.470552, 31.415876], [-102.470397, 31.41594], [-102.470167, 31.416034], [-102.470041, 31.416085], [-102.469937, 31.416129], [-102.469714, 31.416221], [-102.469676, 31.416234], [-102.4696, 31.416266], [-102.469527, 31.416297], [-102.469374, 31.41636], [-102.46937, 31.416362], [-102.469296, 31.416391], [-102.469151, 31.416451], [-102.469115, 31.416466], [-102.468915, 31.416548], [-102.468684, 31.416643], [-102.46847, 31.41673], [-102.468328, 31.416788], [-102.468239, 31.416825], [-102.468008, 31.41692], [-102.467775, 31.417015], [-102.46755, 31.417108], [-102.467315, 31.417204], [-102.467085, 31.417299], [-102.466869, 31.417387], [-102.466665, 31.417471], [-102.466431, 31.417567], [-102.466196, 31.417663], [-102.46595, 31.417764], [-102.465695, 31.417869], [-102.465513, 31.417944], [-102.46528, 31.418039], [-102.465136, 31.418098], [-102.464937, 31.41818], [-102.464713, 31.418272], [-102.464483, 31.418366], [-102.464252, 31.418461], [-102.46401, 31.41856], [-102.463791, 31.41865], [-102.463569, 31.418741], [-102.463338, 31.418836], [-102.463111, 31.418929], [-102.462887, 31.419021], [-102.462641, 31.419122], [-102.462414, 31.419214], [-102.462174, 31.419313], [-102.462043, 31.419367], [-102.461798, 31.419467], [-102.461673, 31.419518], [-102.461662, 31.419523], [-102.46163, 31.419537], [-102.461496, 31.419585], [-102.461454, 31.419592], [-102.461392, 31.419601], [-102.461204, 31.41963], [-102.461199, 31.419632], [-102.461196, 31.419635], [-102.46113, 31.419714], [-102.461046, 31.419812], [-102.461038, 31.41982], [-102.461027, 31.419823], [-102.460894, 31.419844], [-102.460784, 31.419887], [-102.46065, 31.419941], [-102.460439, 31.420026], [-102.460418, 31.420034], [-102.460224, 31.420116], [-102.459992, 31.420212], [-102.459787, 31.420296], [-102.459636, 31.420358], [-102.459407, 31.420452], [-102.459176, 31.420547], [-102.458942, 31.420642], [-102.458713, 31.420736], [-102.458485, 31.420829], [-102.458254, 31.420924], [-102.458022, 31.42102], [-102.457793, 31.421113], [-102.457565, 31.421206], [-102.457337, 31.4213], [-102.457132, 31.421383], [-102.457108, 31.421395], [-102.457008, 31.421436], [-102.456863, 31.421495], [-102.456787, 31.421513], [-102.456771, 31.421518], [-102.456719, 31.42153], [-102.456622, 31.421551], [-102.456531, 31.421571], [-102.456439, 31.421591], [-102.45629, 31.421624], [-102.456237, 31.421636], [-102.456194, 31.421646], [-102.456172, 31.421651], [-102.456066, 31.421675], [-102.455952, 31.421718], [-102.455734, 31.42181], [-102.455715, 31.421817], [-102.455505, 31.421905], [-102.455387, 31.421953], [-102.455155, 31.422047], [-102.454924, 31.422141], [-102.454831, 31.422179], [-102.454728, 31.422221], [-102.454496, 31.422316], [-102.454265, 31.42241], [-102.454034, 31.422505], [-102.453803, 31.4226], [-102.453571, 31.422694], [-102.45334, 31.422787], [-102.453108, 31.422881], [-102.452877, 31.422976], [-102.45265, 31.423069], [-102.452418, 31.423164], [-102.452187, 31.423258], [-102.451956, 31.423354], [-102.451725, 31.423448], [-102.451493, 31.423542], [-102.451262, 31.423636], [-102.45103, 31.42373], [-102.450886, 31.423787], [-102.450655, 31.423882], [-102.450425, 31.423976], [-102.45024, 31.424051], [-102.450219, 31.42406], [-102.450077, 31.424118], [-102.450069, 31.424121], [-102.450061, 31.424121], [-102.449972, 31.424119], [-102.449967, 31.42412], [-102.449963, 31.424123], [-102.449932, 31.424146], [-102.449878, 31.424189], [-102.449873, 31.424193], [-102.449793, 31.42426], [-102.449775, 31.424273], [-102.449736, 31.424303], [-102.449728, 31.424309], [-102.449724, 31.424311], [-102.449719, 31.424312], [-102.44961, 31.424306], [-102.449606, 31.424307], [-102.449603, 31.424308], [-102.449374, 31.424406], [-102.44932, 31.424427], [-102.4493, 31.424436], [-102.449089, 31.424522], [-102.448858, 31.424616], [-102.448637, 31.424707], [-102.44853, 31.424752], [-102.448438, 31.424789], [-102.448206, 31.424883], [-102.447975, 31.424978], [-102.447744, 31.425072], [-102.447512, 31.425166], [-102.447291, 31.425256], [-102.44706, 31.42535], [-102.446832, 31.425443], [-102.44666, 31.425513], [-102.446428, 31.425607], [-102.446309, 31.425656], [-102.446194, 31.425703], [-102.445981, 31.425789], [-102.445749, 31.425883], [-102.445517, 31.425977], [-102.445286, 31.426071], [-102.445069, 31.426161], [-102.445057, 31.426166], [-102.444826, 31.42626], [-102.444617, 31.426346], [-102.444599, 31.426354], [-102.444395, 31.426437], [-102.444163, 31.426531], [-102.443977, 31.426607], [-102.443746, 31.426701], [-102.443514, 31.426795], [-102.443391, 31.426845], [-102.443297, 31.426867], [-102.443279, 31.426871], [-102.443031, 31.42693], [-102.442785, 31.426988], [-102.442761, 31.426993], [-102.442538, 31.427047], [-102.442291, 31.427106], [-102.442043, 31.427163], [-102.441841, 31.427211], [-102.441797, 31.427222], [-102.441564, 31.427276], [-102.44155, 31.42728], [-102.441402, 31.427315], [-102.441237, 31.427354], [-102.441216, 31.427359], [-102.440989, 31.427412], [-102.440743, 31.42747], [-102.440495, 31.427529], [-102.440248, 31.427587], [-102.440046, 31.427635], [-102.43986, 31.427679], [-102.43965, 31.427729], [-102.439403, 31.427787], [-102.439204, 31.427835], [-102.438998, 31.427883], [-102.438843, 31.42792], [-102.438752, 31.427942], [-102.43867, 31.427961], [-102.438504, 31.428], [-102.438261, 31.428057], [-102.438014, 31.428116], [-102.437767, 31.428174], [-102.437612, 31.428211], [-102.437449, 31.428249], [-102.437401, 31.428261], [-102.437366, 31.428269], [-102.43712, 31.428328], [-102.437046, 31.428342], [-102.436872, 31.428385], [-102.436641, 31.42844], [-102.436518, 31.428469], [-102.436387, 31.428499], [-102.436267, 31.428494], [-102.436139, 31.428487], [-102.436121, 31.428484], [-102.435888, 31.428467], [-102.435632, 31.428449], [-102.435377, 31.42843], [-102.43517, 31.428416], [-102.435121, 31.428413], [-102.434873, 31.428396], [-102.434866, 31.428395], [-102.434863, 31.428394], [-102.434626, 31.428379], [-102.434605, 31.428377], [-102.434464, 31.428369], [-102.434276, 31.428356], [-102.434064, 31.428341], [-102.433871, 31.428328], [-102.433616, 31.428311], [-102.433361, 31.428294], [-102.433109, 31.428277], [-102.432853, 31.428259], [-102.432598, 31.428242], [-102.432426, 31.42823], [-102.432171, 31.428211], [-102.431973, 31.428197], [-102.431718, 31.42818], [-102.431463, 31.428162], [-102.431207, 31.428144], [-102.430952, 31.428127], [-102.430697, 31.428109], [-102.430441, 31.428091], [-102.430186, 31.428074], [-102.430024, 31.428063], [-102.429768, 31.428045], [-102.429576, 31.428031], [-102.429323, 31.428014], [-102.429068, 31.427995], [-102.428812, 31.427978], [-102.428557, 31.427961], [-102.428301, 31.427943], [-102.428046, 31.427925], [-102.42779, 31.427907], [-102.427535, 31.42789], [-102.42728, 31.427872], [-102.427024, 31.427854], [-102.426769, 31.427835], [-102.426514, 31.427818], [-102.426293, 31.427804], [-102.426257, 31.4278], [-102.426016, 31.427785], [-102.42576, 31.427766], [-102.425754, 31.427766], [-102.425606, 31.427756], [-102.42549, 31.427749], [-102.425383, 31.427741], [-102.425231, 31.42773], [-102.425106, 31.427721], [-102.424995, 31.427697], [-102.424748, 31.427641], [-102.424502, 31.427587], [-102.424254, 31.427532], [-102.42401, 31.427478], [-102.423761, 31.427424], [-102.423513, 31.427369], [-102.42331, 31.427325], [-102.423186, 31.427297], [-102.422938, 31.427243], [-102.42269, 31.427189], [-102.422531, 31.427153], [-102.422283, 31.427098], [-102.422034, 31.427043], [-102.421786, 31.426989], [-102.421538, 31.426935], [-102.421289, 31.426881], [-102.421041, 31.426826], [-102.420909, 31.426797], [-102.420744, 31.426761], [-102.420496, 31.426707], [-102.42029, 31.426661], [-102.420155, 31.426634], [-102.420038, 31.426634], [-102.419802, 31.426637], [-102.419547, 31.426642], [-102.41929, 31.426647], [-102.419034, 31.426652], [-102.418778, 31.426657], [-102.418525, 31.426662], [-102.418269, 31.426667], [-102.418051, 31.426672], [-102.417795, 31.426677], [-102.417539, 31.426682], [-102.417283, 31.426689], [-102.417027, 31.426694], [-102.416774, 31.426699], [-102.416518, 31.426704], [-102.416262, 31.426708], [-102.416105, 31.426711], [-102.41585, 31.426718], [-102.415671, 31.426719], [-102.41543, 31.426727], [-102.415276, 31.42673], [-102.415023, 31.426733], [-102.414769, 31.426739], [-102.414512, 31.426744], [-102.414259, 31.426749], [-102.414013, 31.426754], [-102.413757, 31.426759], [-102.41361, 31.426761], [-102.413354, 31.426767], [-102.413201, 31.426769], [-102.412945, 31.426764], [-102.412754, 31.426752], [-102.412598, 31.426741], [-102.412342, 31.426725], [-102.412086, 31.426708], [-102.411831, 31.426691], [-102.411575, 31.426674], [-102.41132, 31.426657], [-102.411065, 31.42664], [-102.410813, 31.426623], [-102.41056, 31.426607], [-102.410305, 31.42659], [-102.410053, 31.426573], [-102.409797, 31.426557], [-102.409542, 31.426541], [-102.409375, 31.42653], [-102.409301, 31.426526], [-102.409125, 31.426547], [-102.408871, 31.426577], [-102.408694, 31.426597], [-102.40844, 31.426627], [-102.408186, 31.426656], [-102.407933, 31.426685], [-102.407679, 31.426718], [-102.407456, 31.426743], [-102.407425, 31.426748], [-102.407217, 31.426773], [-102.407172, 31.426778], [-102.406919, 31.426807], [-102.406665, 31.426835], [-102.406528, 31.426852], [-102.406273, 31.426881], [-102.406021, 31.42691], [-102.405793, 31.426937], [-102.40554, 31.426966], [-102.405343, 31.426988], [-102.405136, 31.427011], [-102.404882, 31.427041], [-102.404641, 31.427069], [-102.40439, 31.427098], [-102.404137, 31.427128], [-102.403885, 31.42716], [-102.403667, 31.427184], [-102.403415, 31.427212], [-102.40316, 31.42724], [-102.402906, 31.42727], [-102.402653, 31.427299], [-102.402399, 31.427328], [-102.402145, 31.427357], [-102.401893, 31.427386], [-102.401639, 31.427416], [-102.401385, 31.427446], [-102.401131, 31.427476], [-102.400877, 31.427507], [-102.400623, 31.427536], [-102.400369, 31.427566], [-102.400116, 31.427595], [-102.399862, 31.427624], [-102.399625, 31.427652], [-102.399375, 31.427682], [-102.399121, 31.42771], [-102.398867, 31.42774], [-102.398613, 31.427769], [-102.398359, 31.4278], [-102.398105, 31.427829], [-102.397851, 31.427858], [-102.397597, 31.427887], [-102.397343, 31.427916], [-102.397089, 31.427946], [-102.396835, 31.427975], [-102.396581, 31.428005], [-102.396331, 31.428034], [-102.396077, 31.428064], [-102.39583, 31.428093], [-102.395577, 31.428122], [-102.395406, 31.428142], [-102.395156, 31.428171], [-102.395006, 31.428188], [-102.394865, 31.428205], [-102.394611, 31.428234], [-102.394357, 31.428263], [-102.394103, 31.428292], [-102.393849, 31.428322], [-102.393776, 31.42833], [-102.393597, 31.42835], [-102.393524, 31.42836], [-102.393435, 31.428372], [-102.393371, 31.428385], [-102.393354, 31.42839], [-102.393348, 31.428394], [-102.39326, 31.428415], [-102.393222, 31.428425], [-102.393161, 31.428436], [-102.393001, 31.428476], [-102.392879, 31.428505], [-102.392632, 31.428564], [-102.392387, 31.428624], [-102.39214, 31.428683], [-102.391936, 31.428733], [-102.39169, 31.428793], [-102.391443, 31.428853], [-102.391203, 31.42891], [-102.391045, 31.428948], [-102.390798, 31.429008], [-102.390635, 31.429048], [-102.390475, 31.429086], [-102.390232, 31.429145], [-102.389986, 31.429205], [-102.389739, 31.429265], [-102.389492, 31.429324], [-102.389246, 31.429383], [-102.389, 31.429444], [-102.388753, 31.429503], [-102.388573, 31.429545], [-102.388325, 31.429604], [-102.38808, 31.429665], [-102.387833, 31.429724], [-102.387587, 31.429785], [-102.38734, 31.429844], [-102.387094, 31.429903], [-102.386847, 31.429963], [-102.386601, 31.430023], [-102.386439, 31.430062], [-102.386192, 31.430122], [-102.385948, 31.430181], [-102.385704, 31.43024], [-102.385467, 31.430298], [-102.38522, 31.430358], [-102.384974, 31.430417], [-102.384727, 31.430476], [-102.384481, 31.430537], [-102.384293, 31.430583], [-102.384046, 31.430642], [-102.383882, 31.430682], [-102.383817, 31.430693], [-102.383565, 31.430735], [-102.383314, 31.430777], [-102.383062, 31.430819], [-102.382813, 31.43086], [-102.382635, 31.43089], [-102.382383, 31.430932], [-102.382152, 31.43097], [-102.382132, 31.430974], [-102.381929, 31.431007], [-102.381881, 31.431015], [-102.381682, 31.431049], [-102.381476, 31.431085], [-102.381225, 31.431128], [-102.380973, 31.43117], [-102.380721, 31.431212], [-102.380564, 31.431239], [-102.38044, 31.431262], [-102.380329, 31.431317], [-102.380234, 31.431367], [-102.380228, 31.43137], [-102.38011, 31.431431], [-102.380049, 31.431463], [-102.379889, 31.431544], [-102.379857, 31.431561], [-102.379846, 31.431569], [-102.379716, 31.431637], [-102.379497, 31.431728], [-102.379263, 31.431816], [-102.379073, 31.431888], [-102.378839, 31.431977], [-102.378605, 31.432066], [-102.37837, 31.432156], [-102.378137, 31.432245], [-102.377902, 31.432335], [-102.377793, 31.432377], [-102.377662, 31.43241], [-102.377416, 31.432472], [-102.37717, 31.432533], [-102.377077, 31.432556], [-102.376939, 31.432591], [-102.376933, 31.432593], [-102.376927, 31.432596], [-102.376845, 31.432646], [-102.376841, 31.432648], [-102.376837, 31.432647], [-102.376766, 31.432641], [-102.376765, 31.43264], [-102.376675, 31.432626], [-102.37667, 31.432626], [-102.376666, 31.432628], [-102.376581, 31.432681], [-102.376575, 31.432684], [-102.376569, 31.432687], [-102.37647, 31.432711], [-102.376428, 31.432721], [-102.376398, 31.43273], [-102.376194, 31.43278], [-102.375948, 31.432842], [-102.375705, 31.432903], [-102.375459, 31.432966], [-102.375214, 31.433027], [-102.374968, 31.433089], [-102.374736, 31.433148], [-102.374493, 31.433211], [-102.374321, 31.433254], [-102.37412, 31.433303], [-102.374111, 31.433307], [-102.374086, 31.433313], [-102.373886, 31.43336], [-102.37387, 31.433365], [-102.373852, 31.433369], [-102.373606, 31.433431], [-102.373476, 31.433465], [-102.373444, 31.433473], [-102.37344, 31.433474], [-102.373437, 31.433475], [-102.373413, 31.433482], [-102.373408, 31.433483], [-102.373403, 31.433484], [-102.3734, 31.433485], [-102.373397, 31.433486], [-102.373379, 31.43349], [-102.373377, 31.433491], [-102.373372, 31.433492], [-102.373367, 31.433494], [-102.373365, 31.433494], [-102.373362, 31.433495], [-102.373347, 31.433499], [-102.373343, 31.4335], [-102.37334, 31.4335], [-102.373335, 31.433502], [-102.37333, 31.433503], [-102.373307, 31.433508], [-102.373303, 31.433509], [-102.3733, 31.43351], [-102.373267, 31.433518], [-102.373148, 31.433548], [-102.372902, 31.43361], [-102.37266, 31.433671], [-102.372476, 31.433717], [-102.372221, 31.433782], [-102.372174, 31.433794], [-102.372112, 31.433806], [-102.372047, 31.433812], [-102.371878, 31.433827], [-102.371874, 31.433828], [-102.37187, 31.43383], [-102.371803, 31.433896], [-102.371791, 31.433912], [-102.371788, 31.433913], [-102.371745, 31.433956], [-102.371741, 31.433958], [-102.371737, 31.43396], [-102.371482, 31.433985], [-102.371437, 31.433988], [-102.371371, 31.433996], [-102.37131, 31.43401], [-102.371265, 31.434022], [-102.371164, 31.434047], [-102.371013, 31.434043], [-102.370836, 31.43403], [-102.370594, 31.43402], [-102.370368, 31.434008], [-102.370113, 31.433995], [-102.369857, 31.433981], [-102.369671, 31.43397], [-102.369415, 31.433958], [-102.36921, 31.433948], [-102.368954, 31.433936], [-102.368741, 31.433922], [-102.368699, 31.433919], [-102.368588, 31.433911], [-102.368546, 31.433909], [-102.368447, 31.433904], [-102.368343, 31.433897], [-102.368315, 31.433897], [-102.368208, 31.43389], [-102.368113, 31.433887], [-102.367956, 31.433879], [-102.367873, 31.433874], [-102.3677, 31.433863], [-102.367613, 31.433859], [-102.367609, 31.43386], [-102.367445, 31.433851], [-102.367196, 31.43384], [-102.366944, 31.433827], [-102.366919, 31.433825], [-102.36678, 31.433818], [-102.366689, 31.433808], [-102.366435, 31.433782], [-102.36618, 31.433756], [-102.365925, 31.43373], [-102.365754, 31.433712], [-102.365742, 31.433709], [-102.365733, 31.433698], [-102.365702, 31.433636], [-102.365661, 31.433554], [-102.365631, 31.433495], [-102.365615, 31.433465], [-102.365607, 31.433448], [-102.365475, 31.43318], [-102.365469, 31.43317], [-102.365451, 31.433132], [-102.365444, 31.433127], [-102.365434, 31.433127], [-102.365315, 31.433169], [-102.365183, 31.433218], [-102.365146, 31.433231], [-102.365029, 31.433274], [-102.36499, 31.433288], [-102.364882, 31.433328], [-102.364837, 31.433344], [-102.364655, 31.433411], [-102.364474, 31.433477], [-102.364239, 31.433567], [-102.364084, 31.433619], [-102.364001, 31.433638], [-102.363815, 31.433672], [-102.363639, 31.433705], [-102.363576, 31.433725], [-102.363388, 31.433761], [-102.363136, 31.433818], [-102.363069, 31.433832], [-102.362887, 31.43387], [-102.362637, 31.433918], [-102.362387, 31.433966], [-102.362363, 31.433971], [-102.362348, 31.433973], [-102.362238, 31.433992], [-102.362088, 31.434019], [-102.361941, 31.434047], [-102.361791, 31.434074], [-102.361641, 31.434102], [-102.361558, 31.434118], [-102.361467, 31.434134], [-102.361448, 31.434138], [-102.361408, 31.434145]], [[-102.63015, 31.360175], [-102.63015, 31.360178], [-102.630152, 31.360195], [-102.630152, 31.360197], [-102.630152, 31.360201], [-102.630152, 31.360205]]]}},
{"type": "Feature", "properties": {"ProjectID": "P2675", "TPMS_ID": 4683069, "OPER_LINK": 0, "OPS_ID": 0, "P5_NUM": "253113", "OPER_NM": "EPIC CONSOLIDATED OPS, LLC", "SYS_NM": "EPIC NGL SYSTEM", "SUBSYS_NM": "203-BENEDUM TO ROBSTOWN SP2", "T4PERMIT": "09817", "DIAMETER": 24.0, "COMMODITY1": "HVL", "COMMODITY2": null, "COMMODITY3": null, "CMDTY_DESC": "HIGHLY VOLATILE LIQUID", "INTERSTATE": "N", "STATUS_CD": "I", "QUALITY_CD": "G", "SYSTYPE": "Q", "COUNTY": "383", "COM_CARRIE": "Y", "PLINE_ID": "203", "SYS_ID": "965292", "NPMS_SYS_I": 0, "ALBERS_MIL": 28.3695522497, "LENGTH": 0.0}, "geometry": {"type": "LineString", "coordinates": [[-101.46882, 31.079449], [-101.46884, 31.079459]]}},
{"type": "Feature", "properties": {"ProjectID": "P2675", "TPMS_ID": 4683073, "OPER_LINK": 0, "OPS_ID": 0, "P5_NUM": "253113", "OPER_NM": "EPIC CONSOLIDATED OPS, LLC", "SYS_NM": "EPIC NGL SYSTEM", "SUBSYS_NM": "203-BENEDUM TO ROBSTOWN SP2", "T4PERMIT": "09817", "DIAMETER": 24.0, "COMMODITY1": "HVL", "COMMODITY2": null, "COMMODITY3": null, "CMDTY_DESC": "HIGHLY VOLATILE LIQUID", "INTERSTATE": "N", "STATUS_CD": "I", "QUALITY_CD": "G", "SYSTYPE": "Q", "COUNTY": "105", "COM_CARRIE": "Y", "PLINE_ID": "203", "SYS_ID": "965292", "NPMS_SYS_I": 0, "ALBERS_MIL": 43.3832175552, "LENGTH": 0.0}, "geometry": {"type": "LineString", "coordinates": [[-100.960601, 30.709569], [-100.960676, 30.709602], [-100.960758, 30.709642], [-100.960821, 30.709683], [-100.960967, 30.709781], [-100.961361, 30.710054], [-100.961634, 30.710246], [-100.961644, 30.710255], [-100.961651, 30.710267], [-100.961779, 30.710544], [-100.961787, 30.710558], [-100.961798, 30.710565], [-100.965984, 30.712988], [-100.970186, 30.715417], [-100.970373, 30.715526], [-100.970395, 30.715532], [-100.970408, 30.715531], [-100.970587, 30.7155], [-100.970795, 30.715464], [-100.970811, 30.715461], [-100.970832, 30.71547], [-100.971182, 30.715665], [-100.971199, 30.71568], [-100.971203, 30.715691], [-100.971276, 30.716], [-100.971281, 30.716013], [-100.971296, 30.716026], [-100.973531, 30.71729], [-100.973543, 30.717298], [-100.973551, 30.71731], [-100.973904, 30.717908], [-100.973912, 30.717921], [-100.973923, 30.717928], [-100.974971, 30.71852], [-100.975066, 30.718573], [-100.975593, 30.718869], [-100.975619, 30.718884], [-100.97566, 30.718907], [-100.97849, 30.720511], [-100.978523, 30.72053], [-100.978695, 30.720644], [-100.979016, 30.72086], [-100.979108, 30.720924], [-100.979223, 30.720989], [-100.980843, 30.721903], [-100.983417, 30.723359], [-100.983465, 30.723386], [-100.983635, 30.723479], [-100.985224, 30.724361], [-100.986886, 30.725291], [-100.986907, 30.725303], [-100.987978, 30.725905], [-100.988, 30.725918], [-100.988141, 30.725997], [-100.988579, 30.726248], [-100.988683, 30.726306], [-100.98874, 30.726338], [-100.988793, 30.726367], [-100.988863, 30.726407], [-100.989087, 30.726533], [-100.989131, 30.726558], [-100.989518, 30.726778], [-100.989551, 30.726797], [-100.989591, 30.726819], [-100.990268, 30.727199], [-100.990878, 30.727548], [-100.990899, 30.727555], [-100.990924, 30.727549], [-100.991432, 30.727333], [-100.991446, 30.727328], [-100.991458, 30.727329], [-100.99152, 30.727332], [-100.99176, 30.727345], [-100.991776, 30.727348], [-100.991789, 30.727352], [-100.993876, 30.72855], [-100.993972, 30.728605], [-100.994253, 30.728766], [-100.994955, 30.729171], [-100.994993, 30.729193], [-100.995031, 30.729215], [-100.995151, 30.729283], [-100.995181, 30.729301], [-100.99576, 30.729633], [-100.995935, 30.729733], [-100.996181, 30.729874], [-100.996707, 30.730178], [-100.998139, 30.731004], [-100.999489, 30.731777], [-100.999563, 30.731819], [-100.999596, 30.731836], [-101.000216, 30.732195], [-101.000352, 30.732272], [-101.002226, 30.733347], [-101.003467, 30.734062], [-101.003624, 30.734151], [-101.003825, 30.734268], [-101.005762, 30.735377], [-101.006528, 30.73582], [-101.00715, 30.736168], [-101.008099, 30.736694], [-101.008895, 30.73713], [-101.010398, 30.737967], [-101.010592, 30.738072], [-101.010921, 30.738255], [-101.011236, 30.738434], [-101.01129, 30.738464], [-101.011452, 30.73855], [-101.015639, 30.74077], [-101.015807, 30.740863], [-101.015843, 30.740885], [-101.016424, 30.741232], [-101.016458, 30.741252], [-101.016535, 30.741305], [-101.017139, 30.741718], [-101.017246, 30.74179], [-101.017344, 30.741846], [-101.018526, 30.74249], [-101.018904, 30.742694], [-101.019315, 30.742927], [-101.020147, 30.743412], [-101.021808, 30.744376], [-101.022406, 30.74472], [-101.022552, 30.744805], [-101.023328, 30.745257], [-101.023412, 30.745304], [-101.023452, 30.745329], [-101.025851, 30.746719], [-101.02596, 30.746778], [-101.026075, 30.746821], [-101.026447, 30.746955], [-101.026627, 30.747024], [-101.026675, 30.747052], [-101.027794, 30.747727], [-101.028219, 30.747972], [-101.028976, 30.748394], [-101.02939, 30.748628], [-101.029417, 30.748644], [-101.029976, 30.74896], [-101.030006, 30.748977], [-101.032702, 30.75049], [-101.033508, 30.75095], [-101.034354, 30.751423], [-101.035339, 30.751978], [-101.03545, 30.752041], [-101.036813, 30.75281], [-101.03717, 30.75301], [-101.037433, 30.753155], [-101.037607, 30.753251], [-101.037948, 30.753441], [-101.039234, 30.754147], [-101.039316, 30.754193], [-101.039446, 30.754268], [-101.040251, 30.754731], [-101.040998, 30.755164], [-101.041157, 30.755255], [-101.041397, 30.755391], [-101.041573, 30.755488], [-101.044763, 30.75727], [-101.045866, 30.757885], [-101.045945, 30.757928], [-101.046076, 30.757998], [-101.046193, 30.758062], [-101.046219, 30.758076], [-101.046312, 30.758127], [-101.04634, 30.758142], [-101.047681, 30.75887], [-101.047748, 30.758908], [-101.047793, 30.758927], [-101.048155, 30.759092], [-101.048205, 30.759116], [-101.049077, 30.759515], [-101.049184, 30.759565], [-101.049293, 30.759629], [-101.049459, 30.759726], [-101.051448, 30.760894], [-101.054056, 30.762423], [-101.054458, 30.762658], [-101.054492, 30.762678], [-101.054521, 30.762694], [-101.054962, 30.762943], [-101.055043, 30.762988], [-101.055172, 30.763057], [-101.055552, 30.763259], [-101.055868, 30.763424], [-101.055905, 30.763445], [-101.055951, 30.763474], [-101.056125, 30.763587], [-101.056132, 30.763594], [-101.056141, 30.763604], [-101.05653, 30.764132], [-101.057401, 30.765303], [-101.057509, 30.765449], [-101.057529, 30.765476], [-101.058267, 30.766472], [-101.05893, 30.767365], [-101.059132, 30.767638], [-101.060193, 30.769065], [-101.060358, 30.769288], [-101.060539, 30.769533], [-101.060566, 30.769569], [-101.060688, 30.769735], [-101.060721, 30.76978], [-101.061064, 30.770239], [-101.061506, 30.770835], [-101.062521, 30.772203], [-101.062555, 30.772249], [-101.06326, 30.7732], [-101.063477, 30.773495], [-101.063497, 30.773522], [-101.064964, 30.775497], [-101.065081, 30.775653], [-101.06606, 30.776974], [-101.066107, 30.777038], [-101.066128, 30.777067], [-101.066469, 30.777522], [-101.066944, 30.778134], [-101.06778, 30.779212], [-101.068079, 30.779599], [-101.06813, 30.779662], [-101.068147, 30.779686], [-101.068182, 30.779732], [-101.068343, 30.779947], [-101.068347, 30.779954], [-101.06835, 30.779964], [-101.070498, 30.788545], [-101.070573, 30.788846], [-101.07073, 30.789468], [-101.070937, 30.790301], [-101.070947, 30.790336], [-101.070983, 30.790518], [-101.071066, 30.790957], [-101.071082, 30.791043], [-101.071113, 30.79117], [-101.075056, 30.807973], [-101.075064, 30.808007], [-101.075081, 30.808102], [-101.079813, 30.833701], [-101.079835, 30.833794], [-101.07988, 30.833912], [-101.081634, 30.83838], [-101.081705, 30.838562], [-101.083503, 30.843141], [-101.083591, 30.843368], [-101.083861, 30.84406], [-101.084209, 30.844943], [-101.084973, 30.846891], [-101.085226, 30.847533], [-101.085447, 30.8481], [-101.085888, 30.849211], [-101.085901, 30.849244], [-101.087424, 30.85313], [-101.087599, 30.853578], [-101.087666, 30.853754], [-101.087706, 30.853854], [-101.089574, 30.858613], [-101.091515, 30.863542], [-101.092357, 30.865694], [-101.092416, 30.865844], [-101.092448, 30.865899], [-101.092715, 30.866317], [-101.092772, 30.866405], [-101.092852, 30.866501], [-101.093832, 30.867673], [-101.093895, 30.867748], [-101.093985, 30.867849], [-101.098163, 30.872548], [-101.100324, 30.874915], [-101.100346, 30.874938], [-101.102308, 30.877086], [-101.102343, 30.877122], [-101.102469, 30.87726], [-101.102506, 30.877302], [-101.103476, 30.878362], [-101.103898, 30.878822], [-101.104203, 30.879157], [-101.104425, 30.879407], [-101.104461, 30.879447], [-101.10451, 30.879523], [-101.10782, 30.885499], [-101.110954, 30.89116], [-101.112487, 30.893933], [-101.114019, 30.896689], [-101.116092, 30.900437], [-101.116289, 30.900791], [-101.116361, 30.900927], [-101.11639, 30.900984], [-101.116994, 30.902187], [-101.117019, 30.902236], [-101.117121, 30.902382], [-101.117239, 30.902553], [-101.117343, 30.902698], [-101.11745, 30.902777], [-101.119622, 30.904279], [-101.120535, 30.904908], [-101.120584, 30.90494], [-101.124355, 30.907539], [-101.124487, 30.907627], [-101.124559, 30.907666], [-101.126536, 30.908676], [-101.126887, 30.908854], [-101.126944, 30.908885], [-101.127019, 30.908925], [-101.127041, 30.908935], [-101.12796, 30.909407], [-101.128795, 30.909831], [-101.128867, 30.909871], [-101.128984, 30.90997], [-101.129287, 30.910232], [-101.129291, 30.910239], [-101.129293, 30.910246], [-101.129295, 30.910845], [-101.129299, 30.910861], [-101.12931, 30.910873], [-101.129544, 30.911073], [-101.129672, 30.911183], [-101.129731, 30.911222], [-101.130626, 30.911788], [-101.131216, 30.912156], [-101.131326, 30.912225], [-101.131419, 30.91229], [-101.132337, 30.912918], [-101.133384, 30.913639], [-101.133397, 30.913646], [-101.133413, 30.913649], [-101.135441, 30.913911], [-101.137208, 30.914143], [-101.137412, 30.914168], [-101.137463, 30.914169], [-101.150669, 30.91433], [-101.156916, 30.914407], [-101.161815, 30.914465], [-101.161851, 30.914461], [-101.162395, 30.914393], [-101.162502, 30.91438], [-101.162651, 30.91438], [-101.163284, 30.914381], [-101.163859, 30.914382], [-101.164337, 30.914382], [-101.16537, 30.914383], [-101.16556, 30.914384], [-101.165745, 30.914384], [-101.165865, 30.914383], [-101.167026, 30.914383], [-101.168321, 30.914384], [-101.16851, 30.914384], [-101.177295, 30.914387], [-101.187617, 30.91439], [-101.187793, 30.91439], [-101.188056, 30.91439], [-101.188384, 30.914392], [-101.191927, 30.914393], [-101.196457, 30.914393], [-101.196891, 30.914392], [-101.197001, 30.914393], [-101.197085, 30.914394], [-101.197241, 30.914424], [-101.205286, 30.915932], [-101.21708, 30.918142], [-101.237117, 30.92189], [-101.237167, 30.9219], [-101.237284, 30.921917], [-101.237375, 30.921929], [-101.237628, 30.921964], [-101.237805, 30.921985], [-101.239976, 30.922287], [-101.242302, 30.922607], [-101.247058, 30.92326], [-101.25625, 30.92452], [-101.260933, 30.925162], [-101.261191, 30.925197], [-101.278529, 30.927573], [-101.278922, 30.927625], [-101.292933, 30.929543], [-101.294002, 30.929692], [-101.294014, 30.929695], [-101.294024, 30.929699], [-101.29417, 30.929771], [-101.294182, 30.929776], [-101.294198, 30.929777], [-101.294528, 30.92977], [-101.294687, 30.929768], [-101.294789, 30.929775], [-101.298194, 30.929989], [-101.298562, 30.930014], [-101.298953, 30.930037], [-101.307029, 30.930543], [-101.3153, 30.931065], [-101.31577, 30.931095], [-101.315878, 30.931101], [-101.316106, 30.931116], [-101.316254, 30.931126], [-101.316339, 30.931143], [-101.31701, 30.931278], [-101.317024, 30.931282], [-101.317036, 30.93129], [-101.317601, 30.931748], [-101.320525, 30.934117], [-101.320634, 30.934205], [-101.321103, 30.934583], [-101.321147, 30.934619], [-101.321965, 30.935279], [-101.322728, 30.935899], [-101.323193, 30.936274], [-101.323264, 30.936333], [-101.323288, 30.936352], [-101.32333, 30.936386], [-101.323523, 30.936542], [-101.324655, 30.937458], [-101.325123, 30.937837], [-101.325331, 30.938005], [-101.327786, 30.939993], [-101.329355, 30.941267], [-101.329486, 30.94137], [-101.329888, 30.941693], [-101.330131, 30.941892], [-101.330306, 30.942035], [-101.332294, 30.943644], [-101.332529, 30.943834], [-101.334209, 30.945191], [-101.33568, 30.946383], [-101.335929, 30.946582], [-101.33619, 30.946794], [-101.337998, 30.948259], [-101.341068, 30.950745], [-101.341088, 30.950761], [-101.341137, 30.950801], [-101.341194, 30.950847], [-101.341435, 30.951041], [-101.341578, 30.951156], [-101.341744, 30.951289], [-101.342024, 30.951515], [-101.343839, 30.952988], [-101.343917, 30.953052], [-101.344645, 30.953636], [-101.34485, 30.953802], [-101.345003, 30.953926], [-101.345082, 30.953994], [-101.345169, 30.954095], [-101.345274, 30.954223], [-101.347184, 30.956497], [-101.349266, 30.958969], [-101.349298, 30.95901], [-101.349406, 30.959153], [-101.350634, 30.960763], [-101.350713, 30.960869], [-101.350756, 30.960916], [-101.350906, 30.961074], [-101.350916, 30.961082], [-101.35093, 30.961089], [-101.352337, 30.961568], [-101.352834, 30.961737], [-101.352863, 30.961747], [-101.352968, 30.961783], [-101.352995, 30.961793], [-101.353192, 30.961859], [-101.353288, 30.961893], [-101.353426, 30.961947], [-101.354678, 30.962426], [-101.355024, 30.962556], [-101.355349, 30.962682], [-101.355871, 30.962878], [-101.356096, 30.962967], [-101.356107, 30.96297], [-101.356115, 30.962978], [-101.359789, 30.966024], [-101.35986, 30.966083], [-101.359912, 30.966138], [-101.360765, 30.967045], [-101.360985, 30.967278], [-101.361201, 30.967506], [-101.361375, 30.967693], [-101.361635, 30.967968], [-101.361925, 30.968274], [-101.36205, 30.968404], [-101.362091, 30.968447], [-101.36221, 30.968575], [-101.362241, 30.968605], [-101.36239, 30.968766], [-101.362735, 30.969134], [-101.362801, 30.969204], [-101.362862, 30.969268], [-101.363249, 30.969676], [-101.363346, 30.969778], [-101.363769, 30.970226], [-101.364183, 30.970669], [-101.364939, 30.971479], [-101.366194, 30.97281], [-101.36709, 30.973759], [-101.367402, 30.974093], [-101.367429, 30.974122], [-101.367541, 30.974239], [-101.367652, 30.974357], [-101.368086, 30.97482], [-101.368961, 30.975747], [-101.369156, 30.975954], [-101.369181, 30.97598], [-101.37086, 30.977764], [-101.372352, 30.979344], [-101.373435, 30.980492], [-101.374345, 30.98146], [-101.374751, 30.98189], [-101.375091, 30.982252], [-101.375654, 30.98285], [-101.375681, 30.982879], [-101.377058, 30.984343], [-101.378283, 30.985641], [-101.379515, 30.986952], [-101.379615, 30.98706], [-101.379669, 30.987127], [-101.379974, 30.9875], [-101.380047, 30.987588], [-101.380131, 30.987677], [-101.380205, 30.987756], [-101.380289, 30.987846], [-101.380311, 30.987871], [-101.38037, 30.987922], [-101.380769, 30.988295], [-101.380789, 30.988313], [-101.380822, 30.988345], [-101.380954, 30.988483], [-101.381056, 30.98859], [-101.381089, 30.988625], [-101.381655, 30.989221], [-101.381675, 30.989242], [-101.381796, 30.989383], [-101.381928, 30.989536], [-101.381937, 30.989547], [-101.381941, 30.989561], [-101.382118, 30.990834], [-101.38216, 30.991139], [-101.382237, 30.991694], [-101.38224, 30.991702], [-101.382245, 30.991713], [-101.383216, 30.993364], [-101.383225, 30.993374], [-101.383238, 30.993382], [-101.383827, 30.993714], [-101.384001, 30.993807], [-101.38405, 30.993825], [-101.384624, 30.994014], [-101.384824, 30.994089], [-101.385284, 30.994263], [-101.386088, 30.994564], [-101.386102, 30.994569], [-101.386109, 30.994575], [-101.388222, 30.996308], [-101.388334, 30.996402], [-101.388399, 30.996468], [-101.389617, 30.997771], [-101.389738, 30.9979], [-101.389869, 30.998038], [-101.39194, 31.000255], [-101.393536, 31.001965], [-101.39367, 31.002109], [-101.393827, 31.002277], [-101.395401, 31.003962], [-101.395566, 31.004139], [-101.395731, 31.004315], [-101.395764, 31.004349], [-101.396142, 31.004755], [-101.396512, 31.005152], [-101.398504, 31.007281], [-101.398583, 31.007369], [-101.398661, 31.007457], [-101.398826, 31.007639], [-101.398899, 31.007749], [-101.398926, 31.007824], [-101.398983, 31.007993], [-101.399432, 31.009304], [-101.399472, 31.009421], [-101.399524, 31.009564], [-101.399562, 31.009627], [-101.399769, 31.009966], [-101.399942, 31.010244], [-101.399949, 31.010252], [-101.399956, 31.010261], [-101.400334, 31.010556], [-101.401084, 31.011137], [-101.401111, 31.011159], [-101.401152, 31.011196], [-101.401333, 31.011366], [-101.401618, 31.011635], [-101.403073, 31.013012], [-101.403176, 31.013107], [-101.403252, 31.013172], [-101.404412, 31.014138], [-101.404566, 31.014264], [-101.404601, 31.014291], [-101.405186, 31.014727], [-101.405693, 31.015112], [-101.405707, 31.015123], [-101.405778, 31.015185], [-101.406222, 31.01556], [-101.406365, 31.015683], [-101.406399, 31.01572], [-101.408357, 31.017866], [-101.40842, 31.017936], [-101.408465, 31.017992], [-101.408895, 31.018541], [-101.408924, 31.018577], [-101.408993, 31.018651], [-101.409073, 31.018737], [-101.409101, 31.018764], [-101.409558, 31.019195], [-101.409633, 31.019268], [-101.40967, 31.019306], [-101.409723, 31.019364], [-101.412157, 31.022036], [-101.41226, 31.022143], [-101.412327, 31.022201], [-101.413059, 31.022804], [-101.413173, 31.022898], [-101.413249, 31.022951], [-101.41337, 31.023036], [-101.41338, 31.023045], [-101.413387, 31.023056], [-101.413752, 31.023855], [-101.413775, 31.023906], [-101.413792, 31.02395], [-101.41405, 31.024575], [-101.414053, 31.024586], [-101.414053, 31.024596], [-101.414018, 31.026503], [-101.414019, 31.026515], [-101.414024, 31.026529], [-101.414319, 31.026979], [-101.414331, 31.026992], [-101.414349, 31.026999], [-101.41495, 31.027141], [-101.415499, 31.027278], [-101.416292, 31.027469], [-101.416904, 31.027621], [-101.416918, 31.027626], [-101.416927, 31.027631], [-101.417808, 31.028176], [-101.417917, 31.028244], [-101.418002, 31.02832], [-101.419662, 31.029868], [-101.419688, 31.029892], [-101.419786, 31.029997], [-101.420045, 31.030273], [-101.420158, 31.030392], [-101.420375, 31.030624], [-101.421754, 31.032099], [-101.422411, 31.032801], [-101.42362, 31.034093], [-101.425182, 31.035761], [-101.425232, 31.035813], [-101.425577, 31.036184], [-101.425967, 31.036597], [-101.426074, 31.036714], [-101.42618, 31.036828], [-101.426855, 31.037552], [-101.427331, 31.03806], [-101.427809, 31.038566], [-101.428134, 31.038913], [-101.428406, 31.039203], [-101.428473, 31.039274], [-101.428555, 31.039361], [-101.428602, 31.039409], [-101.430076, 31.040889], [-101.430081, 31.040895], [-101.430087, 31.040906], [-101.430474, 31.041784], [-101.430543, 31.041937], [-101.430577, 31.041984], [-101.431275, 31.042874], [-101.431312, 31.042923], [-101.431351, 31.04298], [-101.431858, 31.043749], [-101.431915, 31.043833], [-101.431969, 31.043899], [-101.432471, 31.044502], [-101.432517, 31.044549], [-101.432651, 31.044646], [-101.432796, 31.044747], [-101.433095, 31.044953], [-101.433469, 31.045219], [-101.433558, 31.045283], [-101.433604, 31.045323], [-101.434027, 31.045707], [-101.434101, 31.045774], [-101.434213, 31.04586], [-101.434598, 31.046154], [-101.434681, 31.046217], [-101.434798, 31.046293], [-101.4351, 31.046487], [-101.435249, 31.046583], [-101.435379, 31.046667], [-101.435944, 31.047121], [-101.43643, 31.047524], [-101.436508, 31.047589], [-101.436596, 31.047692], [-101.436811, 31.047939], [-101.43687, 31.048005], [-101.43688, 31.048017], [-101.437069, 31.04823], [-101.437097, 31.04826], [-101.437181, 31.048353], [-101.437242, 31.048422], [-101.437257, 31.048439], [-101.437261, 31.048448], [-101.437298, 31.048541], [-101.437598, 31.049284], [-101.437644, 31.049393], [-101.437701, 31.049486], [-101.437719, 31.049515], [-101.437807, 31.049652], [-101.437865, 31.04974], [-101.437878, 31.049754], [-101.437902, 31.04976], [-101.438354, 31.049758], [-101.438493, 31.049759], [-101.438514, 31.049761], [-101.438531, 31.049778], [-101.439304, 31.050951], [-101.43931, 31.050959], [-101.43932, 31.050966], [-101.439817, 31.051328], [-101.439873, 31.05137], [-101.440001, 31.051482], [-101.440186, 31.051642], [-101.44029, 31.051733], [-101.440363, 31.051803], [-101.440505, 31.051941], [-101.440831, 31.052258], [-101.441053, 31.052472], [-101.441268, 31.052681], [-101.441297, 31.05271], [-101.441363, 31.052782], [-101.441731, 31.053185], [-101.441856, 31.053323], [-101.442145, 31.053629], [-101.44248, 31.05398], [-101.44271, 31.054225], [-101.442925, 31.05445], [-101.443086, 31.054623], [-101.444208, 31.055801], [-101.444241, 31.055837], [-101.444363, 31.055968], [-101.44656, 31.058326], [-101.447621, 31.059455], [-101.448156, 31.060025], [-101.448673, 31.060567], [-101.449556, 31.061498], [-101.450402, 31.062394], [-101.452994, 31.065151], [-101.453012, 31.06517], [-101.453113, 31.065279], [-101.455116, 31.067439], [-101.455208, 31.067538], [-101.455276, 31.067612], [-101.45815, 31.070654], [-101.458285, 31.070797], [-101.458312, 31.070827], [-101.459199, 31.071815], [-101.45928, 31.071905], [-101.459353, 31.071974], [-101.459515, 31.072119], [-101.459518, 31.072124], [-101.45952, 31.072129], [-101.45957, 31.072543], [-101.459574, 31.072558], [-101.459585, 31.072571], [-101.4606, 31.07348], [-101.460607, 31.073489], [-101.460612, 31.073499], [-101.460682, 31.073633], [-101.460735, 31.073744], [-101.460772, 31.073841], [-101.461038, 31.074504], [-101.461045, 31.074517], [-101.461055, 31.074525], [-101.461223, 31.074654], [-101.461231, 31.07466], [-101.461243, 31.074666], [-101.461723, 31.074827], [-101.462145, 31.074965], [-101.46216, 31.07497], [-101.46217, 31.07498], [-101.463033, 31.075893], [-101.463568, 31.076461], [-101.463659, 31.076555], [-101.463712, 31.076615], [-101.463902, 31.076826], [-101.464778, 31.077803], [-101.464791, 31.077818], [-101.464964, 31.078012], [-101.465031, 31.078086], [-101.465095, 31.078139], [-101.465202, 31.078228], [-101.465463, 31.078448], [-101.466039, 31.078926], [-101.466322, 31.079166], [-101.466565, 31.079382], [-101.466571, 31.079385], [-101.466577, 31.079388], [-101.467142, 31.079385], [-101.467658, 31.079389], [-101.468693, 31.079392], [-101.468707, 31.079393], [-101.468721, 31.079399], [-101.46882, 31.079449]]}},
{"type": "Feature", "properties": {"ProjectID": "P2675", "TPMS_ID": 4683054, "OPER_LINK": 0, "OPS_ID": 0, "P5_NUM": "253113", "OPER_NM": "EPIC CONSOLIDATED OPS, LLC", "SYS_NM": "EPIC NGL SYSTEM", "SUBSYS_NM": "203-BENEDUM TO ROBSTOWN SP4", "T4PERMIT": "09817", "DIAMETER": 24.0, "COMMODITY1": "HVL", "COMMODITY2": null, "COMMODITY3": null, "CMDTY_DESC": "HIGHLY VOLATILE LIQUID", "INTERSTATE": "N", "STATUS_CD": "I", "QUALITY_CD": "G", "SYSTYPE": "Q", "COUNTY": "283", "COM_CARRIE": "Y", "PLINE_ID": "203", "SYS_ID": "965292", "NPMS_SYS_I": 0, "ALBERS_MIL": 9.1280186892, "LENGTH": 0.0}, "geometry": {"type": "LineString", "coordinates": [[-99.40228, 28.398475], [-99.402279, 28.398475]]}},
{"type": "Feature", "properties": {"ProjectID": "P2675", "TPMS_ID": 4683063, "OPER_LINK": 0, "OPS_ID": 0, "P5_NUM": "253113", "OPER_NM": "EPIC CONSOLIDATED OPS, LLC", "SYS_NM": "EPIC NGL SYSTEM", "SUBSYS_NM": "203-BENEDUM TO ROBSTOWN SP4", "T4PERMIT": "09817", "DIAMETER": 24.0, "COMMODITY1": "HVL", "COMMODITY2": null, "COMMODITY3": null, "CMDTY_DESC": "HIGHLY VOLATILE LIQUID", "INTERSTATE": "N", "STATUS_CD": "I", "QUALITY_CD": "G", "SYSTYPE": "Q", "COUNTY": "507", "COM_CARRIE": "Y", "PLINE_ID": "203", "SYS_ID": "965292", "NPMS_SYS_I": 0, "ALBERS_MIL": 7.1554500149, "LENGTH": 0.0}, "geometry": {"type": "LineString", "coordinates": [[-100.064105, 28.647824], [-100.064105, 28.647823]]}},
{"type": "Feature", "properties": {"ProjectID": "P2675", "TPMS_ID": 4683093, "OPER_LINK": 0, "OPS_ID": 0, "P5_NUM": "253113", "OPER_NM": "EPIC CONSOLIDATED OPS, LLC", "SYS_NM": "EPIC NGL SYSTEM", "SUBSYS_NM": "203-BENEDUM TO ROBSTOWN SP4", "T4PERMIT": "09817", "DIAMETER": 24.0, "COMMODITY1": "HVL", "COMMODITY2": null, "COMMODITY3": null, "CMDTY_DESC": "HIGHLY VOLATILE LIQUID", "INTERSTATE": "N", "STATUS_CD": "I", "QUALITY_CD": "G", "SYSTYPE": "Q", "COUNTY": "127", "COM_CARRIE": "Y", "PLINE_ID": "203", "SYS_ID": "965292", "NPMS_SYS_I": 0, "ALBERS_MIL": 59.2744994238, "LENGTH": 0.0}, "geometry": {"type": "LineString", "coordinates": [[-100.064105, 28.647823], [-100.064108, 28.647533], [-100.064104, 28.647385], [-100.06371, 28.64672], [-100.063705, 28.646542], [-100.063704, 28.646349], [-100.063695, 28.645357], [-100.063689, 28.644378], [-100.063688, 28.644217], [-100.063688, 28.644035], [-100.063665, 28.640573], [-100.063664, 28.640482], [-100.063597, 28.630042], [-100.063582, 28.626788], [-100.063581, 28.626566], [-100.063579, 28.625569], [-100.063572, 28.625554], [-100.063526, 28.625552], [-100.063033, 28.625611], [-100.061015, 28.625589], [-100.060983, 28.625588], [-100.060898, 28.625587], [-100.060868, 28.625587], [-100.060358, 28.625584], [-100.060206, 28.625208], [-100.05963, 28.62496], [-100.058888, 28.624211], [-100.056333, 28.621641], [-100.054942, 28.620235], [-100.054813, 28.620103], [-100.05428, 28.618804], [-100.053828, 28.617721], [-100.052848, 28.615374], [-100.050919, 28.610745], [-100.050856, 28.610597], [-100.050722, 28.610277], [-100.05066, 28.610125], [-100.049636, 28.607684], [-100.04957, 28.607517], [-100.049554, 28.607478], [-100.04949, 28.607325], [-100.048593, 28.605163], [-100.048308, 28.604007], [-100.048027, 28.603783], [-100.047464, 28.603353], [-100.046157, 28.60236], [-100.045967, 28.602202], [-100.045743, 28.602013], [-100.045664, 28.601946], [-100.045554, 28.601851], [-100.041686, 28.598912], [-100.041521, 28.598781], [-100.041346, 28.59865], [-100.040666, 28.598135], [-100.040595, 28.59808], [-100.040499, 28.598006], [-100.037837, 28.595978], [-100.037749, 28.595913], [-100.037721, 28.59589], [-100.037584, 28.595785], [-100.03737, 28.595621], [-100.037303, 28.595569], [-100.035969, 28.594542], [-100.034752, 28.593598], [-100.034745, 28.593542], [-100.035641, 28.591973], [-100.035694, 28.591877], [-100.035756, 28.591767], [-100.03573, 28.591701], [-100.035686, 28.591589], [-100.035611, 28.591401], [-100.035365, 28.590778], [-100.034254, 28.587991], [-100.033988, 28.587323], [-100.033684, 28.586558], [-100.032958, 28.584743], [-100.032922, 28.584656], [-100.032914, 28.584635], [-100.032514, 28.58363], [-100.032446, 28.58346], [-100.032436, 28.583434], [-100.031689, 28.581553], [-100.030347, 28.578179], [-100.030286, 28.578025], [-100.030209, 28.577829], [-100.030182, 28.577763], [-100.029984, 28.574606], [-100.029866, 28.572774], [-100.029629, 28.569054], [-100.029628, 28.569037], [-100.029619, 28.568893], [-100.029581, 28.568264], [-100.029568, 28.568106], [-100.02956, 28.567955], [-100.029548, 28.567784], [-100.02954, 28.567655], [-100.029537, 28.567583], [-100.02944, 28.566421], [-100.029255, 28.564145], [-100.029229, 28.563824], [-100.029116, 28.562376], [-100.023737, 28.55778], [-100.017797, 28.552694], [-100.017726, 28.552633], [-100.017708, 28.552618], [-100.017598, 28.552526], [-100.016701, 28.551757], [-100.01612, 28.55126], [-100.016035, 28.551188], [-100.016006, 28.551163], [-100.015977, 28.551138], [-100.015856, 28.551034], [-100.011378, 28.547204], [-100.011233, 28.547081], [-100.011073, 28.546942], [-100.010949, 28.546836], [-100.010445, 28.546406], [-100.010299, 28.546282], [-100.010275, 28.546261], [-100.010098, 28.546107], [-100.009892, 28.545932], [-100.00962, 28.545701], [-100.00952, 28.545612], [-100.007979, 28.544299], [-100.006362, 28.542919], [-100.00623, 28.542804], [-100.006099, 28.542687], [-100.003621, 28.540571], [-100.003474, 28.540444], [-100.003339, 28.54033], [-99.999657, 28.537177], [-99.999394, 28.536953], [-99.998984, 28.5366], [-99.998414, 28.536112], [-99.997825, 28.535607], [-99.997703, 28.535503], [-99.996814, 28.534747], [-99.996079, 28.534118], [-99.995699, 28.53379], [-99.995694, 28.532964], [-99.995693, 28.531669], [-99.995693, 28.531614], [-99.995693, 28.530215], [-99.995691, 28.528704], [-99.995691, 28.528582], [-99.99569, 28.528444], [-99.99569, 28.527797], [-99.995689, 28.527289], [-99.99569, 28.527196], [-99.995689, 28.527165], [-99.995689, 28.526984], [-99.995689, 28.526872], [-99.99569, 28.526836], [-99.99569, 28.526765], [-99.995688, 28.526634], [-99.995687, 28.526394], [-99.995687, 28.526311], [-99.995687, 28.526256], [-99.995687, 28.52616], [-99.995685, 28.525473], [-99.995684, 28.524174], [-99.995682, 28.52357], [-99.99568, 28.521843], [-99.995679, 28.520227], [-99.995339, 28.51992], [-99.994197, 28.51891], [-99.993164, 28.518003], [-99.993161, 28.516458], [-99.993156, 28.514383], [-99.993154, 28.513506], [-99.993151, 28.512535], [-99.993151, 28.51239], [-99.993151, 28.512371], [-99.993151, 28.512354], [-99.99315, 28.511718], [-99.993149, 28.511575], [-99.993147, 28.510841], [-99.993146, 28.510701], [-99.993147, 28.510416], [-99.993147, 28.510373], [-99.993147, 28.510318], [-99.993147, 28.510271], [-99.993148, 28.510162], [-99.993142, 28.50926], [-99.993142, 28.509055], [-99.993142, 28.508926], [-99.993141, 28.508526], [-99.993139, 28.507682], [-99.993138, 28.507174], [-99.993133, 28.505284], [-99.993121, 28.499931], [-99.993119, 28.49918], [-99.993117, 28.49911], [-99.992906, 28.498363], [-99.992854, 28.498185], [-99.992551, 28.497149], [-99.9925, 28.496975], [-99.992427, 28.496715], [-99.99242, 28.496688], [-99.992399, 28.496614], [-99.992391, 28.496587], [-99.992347, 28.496439], [-99.992228, 28.496029], [-99.992168, 28.495819], [-99.992126, 28.495673], [-99.99212, 28.495655], [-99.99205, 28.495423], [-99.992045, 28.495402], [-99.992039, 28.495384], [-99.991997, 28.495238], [-99.99181, 28.494594], [-99.991785, 28.4945], [-99.991772, 28.494454], [-99.991741, 28.494338], [-99.991685, 28.49415], [-99.991318, 28.492881], [-99.991123, 28.492208], [-99.991087, 28.492076], [-99.99098, 28.491708], [-99.99092, 28.491497], [-99.990832, 28.4912], [-99.990758, 28.490943], [-99.990662, 28.490614], [-99.990519, 28.490122], [-99.990194, 28.489013], [-99.989865, 28.48786], [-99.989837, 28.487762], [-99.989761, 28.487511], [-99.989704, 28.487313], [-99.989646, 28.487116], [-99.989547, 28.486757], [-99.989497, 28.486586], [-99.989369, 28.486153], [-99.989249, 28.485732], [-99.989143, 28.48536], [-99.989084, 28.485161], [-99.989004, 28.484882], [-99.988347, 28.482612], [-99.988298, 28.482441], [-99.98825, 28.482283], [-99.987621, 28.480105], [-99.9887, 28.47923], [-99.989125, 28.478886], [-99.989637, 28.478473], [-99.989705, 28.478418], [-99.989947, 28.478222], [-99.989979, 28.478196], [-99.990054, 28.478136], [-99.990447, 28.477818], [-99.990982, 28.477384], [-99.99106, 28.477321], [-99.991104, 28.477286], [-99.991297, 28.477131], [-99.991466, 28.476994], [-99.991734, 28.476778], [-99.993064, 28.475705], [-99.99323, 28.475573], [-99.99332, 28.475502], [-99.993402, 28.475436], [-99.993535, 28.475331], [-99.993634, 28.475248], [-99.993637, 28.475017], [-99.993584, 28.47199], [-99.993563, 28.470774], [-99.993561, 28.470598], [-99.99356, 28.470563], [-99.993555, 28.47032], [-99.993552, 28.470166], [-99.993552, 28.470121], [-99.993543, 28.469592], [-99.993539, 28.469348], [-99.993536, 28.469171], [-99.993535, 28.469113], [-99.993529, 28.468798], [-99.993523, 28.468474], [-99.993521, 28.468327], [-99.993517, 28.46811], [-99.993453, 28.464382], [-99.993374, 28.460065], [-99.993297, 28.455621], [-99.993183, 28.448899], [-99.993177, 28.44856], [-99.993174, 28.448402], [-99.993166, 28.44803], [-99.993138, 28.446409], [-99.993773, 28.445832], [-99.993772, 28.44575], [-99.993771, 28.445603], [-99.99377, 28.445429], [-99.993757, 28.443278], [-99.993759, 28.443118], [-99.993756, 28.442957], [-99.993754, 28.44268], [-99.993745, 28.441094], [-99.993737, 28.439638], [-99.993733, 28.439102], [-99.993732, 28.437798], [-99.993716, 28.436037], [-99.993696, 28.432526], [-99.993695, 28.432373], [-99.993688, 28.431065], [-99.993682, 28.430117], [-99.99368, 28.429949], [-99.993676, 28.428797], [-99.993672, 28.428627], [-99.993635, 28.422059], [-99.993631, 28.421497], [-99.993629, 28.420964], [-99.993627, 28.420823], [-99.993626, 28.420527], [-99.993626, 28.419948], [-99.993624, 28.419635], [-99.993618, 28.418959], [-99.993617, 28.418788], [-99.993615, 28.418435], [-99.993614, 28.418247], [-99.993603, 28.416363], [-99.993601, 28.416177], [-99.9936, 28.416015], [-99.993599, 28.415885], [-99.993595, 28.414783], [-99.993592, 28.414775], [-99.993584, 28.414769], [-99.99317, 28.414609], [-99.99283, 28.414483], [-99.992424, 28.41433], [-99.991945, 28.414147], [-99.991727, 28.414065], [-99.991064, 28.413811], [-99.990938, 28.413764], [-99.990042, 28.413435], [-99.989151, 28.413099], [-99.987914, 28.412632], [-99.986697, 28.412175], [-99.986508, 28.412103], [-99.986205, 28.411988], [-99.986016, 28.411916], [-99.985906, 28.411875], [-99.985492, 28.411722], [-99.984217, 28.411244], [-99.984071, 28.41119], [-99.983319, 28.410903], [-99.983149, 28.41084], [-99.983075, 28.410813], [-99.983038, 28.410799], [-99.982955, 28.410767], [-99.979511, 28.409472], [-99.976096, 28.408185], [-99.975786, 28.408066], [-99.975608, 28.408002], [-99.975026, 28.407835], [-99.974851, 28.407785], [-99.974222, 28.407602], [-99.974054, 28.407553], [-99.973865, 28.407498], [-99.973788, 28.407477], [-99.9717, 28.406876], [-99.971587, 28.406843], [-99.971182, 28.406725], [-99.969246, 28.406168], [-99.967236, 28.405588], [-99.96616, 28.405277], [-99.966092, 28.405197], [-99.965645, 28.404677], [-99.96553, 28.404542], [-99.964894, 28.403792], [-99.964774, 28.403652], [-99.964318, 28.403118], [-99.964218, 28.402996], [-99.962988, 28.401557], [-99.963248, 28.399934], [-99.963266, 28.399797], [-99.963124, 28.399632], [-99.963054, 28.39955], [-99.962974, 28.399455], [-99.96261, 28.399026], [-99.961492, 28.397717], [-99.961417, 28.397629], [-99.961309, 28.3975], [-99.959955, 28.395917], [-99.959841, 28.395786], [-99.954553, 28.389593], [-99.954126, 28.389094], [-99.953735, 28.388627], [-99.952011, 28.38798], [-99.949984, 28.387991], [-99.948267, 28.388005], [-99.947795, 28.388008], [-99.946498, 28.388017], [-99.946011, 28.388024], [-99.945821, 28.388021], [-99.945521, 28.388025], [-99.945218, 28.388026], [-99.943672, 28.388036], [-99.943039, 28.38804], [-99.942936, 28.38804], [-99.942852, 28.388042], [-99.942608, 28.388042], [-99.942374, 28.388043], [-99.942045, 28.388046], [-99.941835, 28.388046], [-99.941699, 28.388047], [-99.941431, 28.388049], [-99.940923, 28.388054], [-99.940802, 28.388055], [-99.940749, 28.388056], [-99.94049, 28.388058], [-99.94044, 28.388059], [-99.940253, 28.38806], [-99.940191, 28.38806], [-99.940091, 28.38806], [-99.940036, 28.388061], [-99.939972, 28.388061], [-99.939694, 28.388064], [-99.939664, 28.388064], [-99.939517, 28.388066], [-99.939371, 28.388067], [-99.939182, 28.388069], [-99.93876, 28.388074], [-99.936696, 28.388089], [-99.93652, 28.388085], [-99.935598, 28.387886], [-99.935425, 28.387886], [-99.931015, 28.387923], [-99.931008, 28.387924], [-99.930979, 28.387925], [-99.930872, 28.387925], [-99.930839, 28.387925], [-99.928597, 28.387949], [-99.928376, 28.388063], [-99.926514, 28.388067], [-99.926355, 28.388068], [-99.926274, 28.388067], [-99.926104, 28.388066], [-99.925678, 28.388066], [-99.925625, 28.388065], [-99.92551, 28.388066], [-99.919898, 28.388075], [-99.91274, 28.388081], [-99.908541, 28.385704], [-99.907847, 28.38531], [-99.907679, 28.385215], [-99.906556, 28.384579], [-99.90647, 28.384529], [-99.904453, 28.38339], [-99.903513, 28.382857], [-99.903355, 28.382768], [-99.902693, 28.382396], [-99.899806, 28.380752], [-99.89434, 28.377664], [-99.892116, 28.376405], [-99.890529, 28.375504], [-99.889791, 28.375084], [-99.889353, 28.374837], [-99.888746, 28.374493], [-99.888234, 28.374202], [-99.888098, 28.374124], [-99.879082, 28.369018], [-99.878893, 28.368913], [-99.878696, 28.3688], [-99.87633, 28.367462], [-99.873912, 28.36609], [-99.873752, 28.365998], [-99.873706, 28.36597], [-99.873548, 28.365881], [-99.869836, 28.363775], [-99.868954, 28.363276], [-99.868747, 28.363158], [-99.86864, 28.363098], [-99.868503, 28.36302], [-99.868344, 28.36293], [-99.865088, 28.36109], [-99.859834, 28.358112], [-99.859708, 28.35804], [-99.85962, 28.35799], [-99.859445, 28.357892], [-99.858188, 28.357175], [-99.858006, 28.357072], [-99.857826, 28.356971], [-99.857716, 28.356908], [-99.85762, 28.356852], [-99.85749, 28.356778], [-99.857361, 28.356703], [-99.857159, 28.356591], [-99.856628, 28.356292], [-99.856445, 28.356189], [-99.856306, 28.35611], [-99.856178, 28.356036], [-99.855976, 28.355922], [-99.855506, 28.355655], [-99.855319, 28.35555], [-99.855129, 28.355442], [-99.853546, 28.354544], [-99.853342, 28.35443], [-99.852886, 28.354171], [-99.852709, 28.35407], [-99.849102, 28.352024], [-99.848948, 28.351934], [-99.848584, 28.35173], [-99.848436, 28.351645], [-99.847046, 28.35086], [-99.844543, 28.349439], [-99.844296, 28.349298], [-99.84412, 28.349198], [-99.840199, 28.346975], [-99.835779, 28.344615], [-99.835319, 28.344038], [-99.835199, 28.343889], [-99.835165, 28.343845], [-99.835071, 28.343729], [-99.833721, 28.342036], [-99.833682, 28.341988], [-99.833481, 28.341735], [-99.833371, 28.341598], [-99.833318, 28.34153], [-99.833216, 28.341405], [-99.833079, 28.341232], [-99.832987, 28.341117], [-99.831801, 28.339625], [-99.831059, 28.338425], [-99.830886, 28.338387], [-99.830471, 28.338295], [-99.830295, 28.338255], [-99.830187, 28.33823], [-99.824925, 28.338655], [-99.824756, 28.338669], [-99.824271, 28.33871], [-99.824121, 28.338721], [-99.822171, 28.338881], [-99.82202, 28.338891], [-99.821382, 28.338943], [-99.819918, 28.339059], [-99.818738, 28.339158], [-99.818565, 28.339171], [-99.818174, 28.339202], [-99.814291, 28.339519], [-99.813766, 28.339562], [-99.812731, 28.339644], [-99.808888, 28.339953], [-99.808738, 28.339964], [-99.808571, 28.339977], [-99.806571, 28.340139], [-99.806432, 28.340151], [-99.806313, 28.340162], [-99.806168, 28.340174], [-99.805949, 28.340191], [-99.804937, 28.340273], [-99.804755, 28.340289], [-99.80331, 28.340403], [-99.801856, 28.340525], [-99.801346, 28.340565], [-99.797201, 28.340897], [-99.797121, 28.340905], [-99.796863, 28.340927], [-99.796689, 28.34094], [-99.793838, 28.341169], [-99.793653, 28.341184], [-99.793357, 28.341209], [-99.793152, 28.341226], [-99.791762, 28.341335], [-99.790431, 28.341455], [-99.790401, 28.341459], [-99.790324, 28.341462], [-99.790285, 28.341466], [-99.790066, 28.341483], [-99.788409, 28.341648], [-99.786868, 28.341794], [-99.786663, 28.341813], [-99.786505, 28.341829], [-99.785412, 28.341931], [-99.785264, 28.341944], [-99.783598, 28.3421], [-99.780686, 28.342377], [-99.780128, 28.34243], [-99.779165, 28.342521], [-99.778539, 28.342579], [-99.778392, 28.342593], [-99.777653, 28.342664], [-99.777287, 28.342699], [-99.776988, 28.342727], [-99.776578, 28.342766], [-99.776513, 28.342772], [-99.775056, 28.342912], [-99.772672, 28.343136], [-99.772589, 28.343144], [-99.771806, 28.343217], [-99.770746, 28.343319], [-99.770608, 28.343332], [-99.770004, 28.34339], [-99.769449, 28.343442], [-99.768868, 28.343499], [-99.768711, 28.343514], [-99.768509, 28.343532], [-99.765136, 28.343849], [-99.751864, 28.344733], [-99.748702, 28.344944], [-99.744184, 28.345241], [-99.739795, 28.345534], [-99.736053, 28.345736], [-99.735876, 28.345743], [-99.735667, 28.345755], [-99.735127, 28.345783], [-99.734958, 28.345794], [-99.734768, 28.345804], [-99.732881, 28.345907], [-99.732699, 28.345917], [-99.732511, 28.345927], [-99.731307, 28.345992], [-99.731094, 28.346003], [-99.730925, 28.346011], [-99.727786, 28.346177], [-99.724475, 28.346363], [-99.724266, 28.346373], [-99.724063, 28.346383], [-99.719031, 28.346655], [-99.718853, 28.346663], [-99.7177, 28.346729], [-99.716422, 28.346792], [-99.71583, 28.346069], [-99.715206, 28.345308], [-99.7152, 28.345303], [-99.71519, 28.345302], [-99.711002, 28.345603], [-99.710827, 28.345618], [-99.710732, 28.345626], [-99.710562, 28.345636], [-99.708388, 28.345793], [-99.708261, 28.345802], [-99.705593, 28.345995], [-99.705416, 28.346008], [-99.705221, 28.346024], [-99.704309, 28.346089], [-99.704124, 28.346103], [-99.703934, 28.346116], [-99.703421, 28.346152], [-99.7018, 28.348319], [-99.701696, 28.348456], [-99.701476, 28.348755], [-99.701425, 28.348819], [-99.701053, 28.348878], [-99.700899, 28.348901], [-99.700461, 28.348969], [-99.700254, 28.349002], [-99.699227, 28.349165], [-99.699188, 28.349173], [-99.699078, 28.349244], [-99.698431, 28.349655], [-99.698287, 28.349744], [-99.69404, 28.352432], [-99.693916, 28.352508], [-99.693688, 28.352654], [-99.693513, 28.352765], [-99.691771, 28.353868], [-99.69165, 28.353943], [-99.69159, 28.353982], [-99.691189, 28.354232], [-99.688636, 28.354238], [-99.68797, 28.353435], [-99.687868, 28.353304], [-99.687855, 28.353298], [-99.687843, 28.3533], [-99.687018, 28.353724], [-99.686794, 28.353834], [-99.683659, 28.355433], [-99.683508, 28.35552], [-99.682848, 28.355916], [-99.682693, 28.356008], [-99.681889, 28.356479], [-99.681737, 28.356569], [-99.681581, 28.356664], [-99.681396, 28.356773], [-99.681254, 28.356859], [-99.681165, 28.356911], [-99.680948, 28.357038], [-99.680316, 28.357414], [-99.677428, 28.35912], [-99.674345, 28.360951], [-99.672913, 28.361799], [-99.672804, 28.361863], [-99.672633, 28.361965], [-99.672472, 28.362061], [-99.672169, 28.362239], [-99.672014, 28.362331], [-99.671084, 28.362883], [-99.670939, 28.362969], [-99.670427, 28.363274], [-99.670269, 28.363367], [-99.669103, 28.364056], [-99.66892, 28.364161], [-99.667573, 28.364961], [-99.66588, 28.365961], [-99.662053, 28.368231], [-99.65778, 28.371096], [-99.655926, 28.372322], [-99.653891, 28.37362], [-99.653743, 28.373713], [-99.653688, 28.373748], [-99.653557, 28.373832], [-99.652988, 28.374194], [-99.652791, 28.374321], [-99.651296, 28.375272], [-99.650757, 28.375616], [-99.6501, 28.376022], [-99.650014, 28.376085], [-99.649275, 28.376749], [-99.649262, 28.376776], [-99.649276, 28.376794], [-99.649456, 28.376953], [-99.649479, 28.376972], [-99.649542, 28.377025], [-99.649561, 28.377042], [-99.650725, 28.378048], [-99.650739, 28.378067], [-99.650721, 28.378238], [-99.650715, 28.378256], [-99.650701, 28.378267], [-99.647427, 28.380211], [-99.646977, 28.382233], [-99.64619, 28.382727], [-99.646069, 28.382802], [-99.645808, 28.382967], [-99.641977, 28.385376], [-99.64162, 28.38533], [-99.641495, 28.385404], [-99.641319, 28.38552], [-99.636531, 28.388572], [-99.631672, 28.391679], [-99.631519, 28.391777], [-99.627099, 28.394601], [-99.626994, 28.394668], [-99.626574, 28.394938], [-99.626401, 28.395046], [-99.62515, 28.395845], [-99.623893, 28.396641], [-99.623731, 28.39675], [-99.62361, 28.396828], [-99.623213, 28.397081], [-99.623055, 28.397181], [-99.622749, 28.397376], [-99.622603, 28.397466], [-99.621999, 28.397855], [-99.621852, 28.397949], [-99.620325, 28.398921], [-99.618352, 28.40018], [-99.618325, 28.400189], [-99.618305, 28.400179], [-99.617899, 28.399882], [-99.617735, 28.399762], [-99.617544, 28.399622], [-99.617088, 28.39929], [-99.615977, 28.398478], [-99.615892, 28.398416], [-99.615466, 28.398104], [-99.613105, 28.396378], [-99.612991, 28.396295], [-99.612829, 28.396177], [-99.605882, 28.391089], [-99.596475, 28.379495], [-99.596442, 28.379477], [-99.596423, 28.379487], [-99.593257, 28.381491], [-99.591507, 28.3826], [-99.59146, 28.38263], [-99.588738, 28.384353], [-99.588713, 28.384362], [-99.588685, 28.384346], [-99.588589, 28.384227], [-99.588379, 28.38397], [-99.588352, 28.383954], [-99.588328, 28.383963], [-99.588218, 28.384034], [-99.58786, 28.384264], [-99.587709, 28.384359], [-99.587375, 28.384573], [-99.587218, 28.384669], [-99.580601, 28.388864], [-99.58046, 28.388955], [-99.579236, 28.38973], [-99.572966, 28.393702], [-99.572815, 28.393795], [-99.572754, 28.393836], [-99.572616, 28.39392], [-99.571306, 28.394752], [-99.570882, 28.395021], [-99.570714, 28.395127], [-99.56312, 28.399939], [-99.562959, 28.400038], [-99.562631, 28.400249], [-99.56247, 28.400346], [-99.562442, 28.400366], [-99.561057, 28.40124], [-99.560685, 28.401391], [-99.560519, 28.401459], [-99.560345, 28.401529], [-99.558457, 28.402295], [-99.558301, 28.402358], [-99.558077, 28.402448], [-99.554867, 28.403746], [-99.554795, 28.403778], [-99.554562, 28.404141], [-99.55447, 28.404285], [-99.553856, 28.405244], [-99.553364, 28.405785], [-99.553057, 28.406265], [-99.552902, 28.406508], [-99.552853, 28.406583], [-99.552471, 28.407183], [-99.552456, 28.407199], [-99.552433, 28.407202], [-99.550637, 28.407101], [-99.550399, 28.407081], [-99.549617, 28.407039], [-99.549367, 28.407022], [-99.536594, 28.406275], [-99.533072, 28.407411], [-99.532899, 28.407469], [-99.532708, 28.40753], [-99.531281, 28.407992], [-99.52447, 28.406413], [-99.524293, 28.406372], [-99.524183, 28.406348], [-99.523966, 28.406295], [-99.519936, 28.40536], [-99.519765, 28.405321], [-99.517798, 28.404867], [-99.517091, 28.404859], [-99.516881, 28.404854], [-99.514142, 28.404822], [-99.511295, 28.404666], [-99.511104, 28.404655], [-99.510906, 28.404645], [-99.510718, 28.404636], [-99.510194, 28.404607], [-99.509444, 28.404553], [-99.50893, 28.404525], [-99.507928, 28.404481], [-99.505746, 28.404361], [-99.505521, 28.404348], [-99.505305, 28.404336], [-99.504419, 28.404282], [-99.503538, 28.403574], [-99.50342, 28.403476], [-99.502975, 28.403116], [-99.502848, 28.403013], [-99.502616, 28.402829], [-99.501352, 28.402758], [-99.501198, 28.402749], [-99.500525, 28.402713], [-99.499767, 28.40334], [-99.499021, 28.40397], [-99.498977, 28.403969], [-99.496984, 28.403853], [-99.495815, 28.403783], [-99.495351, 28.403748], [-99.490692, 28.403479], [-99.490051, 28.40346], [-99.488418, 28.403364], [-99.48645, 28.403253], [-99.486289, 28.403243], [-99.486126, 28.403233], [-99.485788, 28.403213], [-99.485382, 28.403193], [-99.485155, 28.40318], [-99.48503, 28.403172], [-99.484839, 28.403159], [-99.48424, 28.403124], [-99.482234, 28.403011], [-99.482059, 28.403001], [-99.4808, 28.402928], [-99.480425, 28.402906], [-99.480277, 28.402898], [-99.480173, 28.402892], [-99.480022, 28.402885], [-99.479881, 28.402877], [-99.479066, 28.402829], [-99.478882, 28.402819], [-99.478448, 28.402793], [-99.476506, 28.402683], [-99.476421, 28.402678], [-99.476369, 28.402675], [-99.476231, 28.402667], [-99.473593, 28.402513], [-99.473436, 28.402505], [-99.473408, 28.402509], [-99.473396, 28.402536], [-99.473351, 28.403205], [-99.473342, 28.403302], [-99.473332, 28.403326], [-99.473304, 28.403333], [-99.467396, 28.403337], [-99.463299, 28.403344], [-99.460987, 28.403339], [-99.460578, 28.40334], [-99.460521, 28.40334], [-99.460192, 28.403343], [-99.459213, 28.403343], [-99.458123, 28.403352], [-99.4541, 28.403355], [-99.454039, 28.403354], [-99.446335, 28.401938], [-99.44631, 28.401926], [-99.446307, 28.401899], [-99.446344, 28.401741], [-99.446379, 28.401581], [-99.446483, 28.401148], [-99.446518, 28.400999], [-99.446515, 28.40097], [-99.446489, 28.400959], [-99.446088, 28.400884], [-99.44555, 28.400783], [-99.44537, 28.400748], [-99.439656, 28.399665], [-99.43788, 28.399363], [-99.436068, 28.399055], [-99.432896, 28.398515], [-99.431999, 28.398363], [-99.431166, 28.398231], [-99.431104, 28.398215], [-99.430258, 28.397944], [-99.430084, 28.397889], [-99.42998, 28.397856], [-99.429754, 28.397785], [-99.429578, 28.397724], [-99.429382, 28.39767], [-99.428815, 28.397718], [-99.42776, 28.397803], [-99.427608, 28.397811], [-99.426796, 28.397683], [-99.423869, 28.397225], [-99.423671, 28.397194], [-99.423153, 28.397113], [-99.421799, 28.396901], [-99.421665, 28.39688], [-99.421613, 28.396871], [-99.421439, 28.396845], [-99.420112, 28.396637], [-99.419118, 28.39648], [-99.415912, 28.395979], [-99.415661, 28.39573], [-99.415405, 28.395473], [-99.415383, 28.39546], [-99.415363, 28.395462], [-99.414493, 28.395719], [-99.412715, 28.395454], [-99.412679, 28.395449], [-99.412495, 28.395423], [-99.412082, 28.39536], [-99.411901, 28.395331], [-99.409364, 28.394947], [-99.408048, 28.395598], [-99.406701, 28.396273], [-99.4059, 28.396673], [-99.405873, 28.396686], [-99.40228, 28.398475]]}},
{"type": "Feature", "properties": {"ProjectID": "P2675", "TPMS_ID": 4683065, "OPER_LINK": 0, "OPS_ID": 0, "P5_NUM": "253113", "OPER_NM": "EPIC CONSOLIDATED OPS, LLC", "SYS_NM": "EPIC NGL SYSTEM", "SUBSYS_NM": "203-BENEDUM TO ROBSTOWN SP5", "T4PERMIT": "09817", "DIAMETER": 24.0, "COMMODITY1": "HVL", "COMMODITY2": null, "COMMODITY3": null, "CMDTY_DESC": "HIGHLY VOLATILE LIQUID", "INTERSTATE": "N", "STATUS_CD": "I", "QUALITY_CD": "G", "SYSTYPE": "Q", "COUNTY": "131", "COM_CARRIE": "Y", "PLINE_ID": "203", "SYS_ID": "965292", "NPMS_SYS_I": 0, "ALBERS_MIL": 42.417623277, "LENGTH": 0.0}, "geometry": {"type": "MultiLineString", "coordinates": [[[-98.787104, 28.057499], [-98.787097, 28.057495], [-98.786388, 28.057499]], [[-98.77802, 28.057489], [-98.778035, 28.055972], [-98.778037, 28.055783], [-98.778038, 28.055566], [-98.77804, 28.05545], [-98.778055, 28.054093], [-98.778061, 28.053613], [-98.778065, 28.053376], [-98.778067, 28.053201], [-98.778067, 28.053021], [-98.778119, 28.048633], [-98.778166, 28.044102], [-98.778154, 28.044074], [-98.77813, 28.044068], [-98.776697, 28.044049], [-98.776662, 28.044049], [-98.776556, 28.044046], [-98.776522, 28.044045], [-98.77198, 28.043967], [-98.77165, 28.043959], [-98.771624, 28.043952], [-98.771614, 28.043926], [-98.771616, 28.043771], [-98.771617, 28.043621], [-98.77162, 28.043258], [-98.771622, 28.043099], [-98.771618, 28.043079], [-98.771602, 28.043067], [-98.770347, 28.042393], [-98.770333, 28.042384], [-98.76857, 28.039067], [-98.768311, 28.038581], [-98.768026, 28.038048], [-98.767946, 28.037901], [-98.767861, 28.037739], [-98.766209, 28.034633], [-98.766159, 28.034538], [-98.765049, 28.032456], [-98.763232, 28.029046], [-98.763112, 28.028822], [-98.762781, 28.028198], [-98.762752, 28.028137], [-98.76271, 28.027987], [-98.762297, 28.026364], [-98.761446, 28.02546], [-98.75478, 28.018619], [-98.751498, 28.015241], [-98.748061, 28.011693], [-98.747853, 28.011476], [-98.746658, 28.010242], [-98.745112, 28.008645], [-98.744677, 28.008196], [-98.744521, 28.008035], [-98.744383, 28.007892], [-98.744253, 28.007756], [-98.742744, 28.006166], [-98.741758, 28.00513], [-98.741564, 28.004927], [-98.741424, 28.00478], [-98.741286, 28.004633], [-98.741141, 28.004479], [-98.740953, 28.00428], [-98.74046, 28.003764], [-98.740343, 28.003638], [-98.740233, 28.00352], [-98.740033, 28.003302], [-98.739439, 28.002652], [-98.736662, 27.99963], [-98.73632, 27.999253], [-98.73562, 27.998487], [-98.732643, 27.994959], [-98.732134, 27.994354], [-98.732003, 27.9942], [-98.731873, 27.994046], [-98.731746, 27.993894], [-98.731642, 27.993771], [-98.731282, 27.993344], [-98.731175, 27.99322], [-98.731031, 27.993049], [-98.730996, 27.993011], [-98.730828, 27.992828], [-98.730762, 27.992757], [-98.730727, 27.99272], [-98.730578, 27.992598], [-98.73018, 27.992269], [-98.729693, 27.991865], [-98.727223, 27.989816], [-98.726911, 27.989513], [-98.726226, 27.988748], [-98.725487, 27.987913], [-98.725374, 27.987782], [-98.724227, 27.986305], [-98.723923, 27.985984], [-98.722607, 27.984652], [-98.719663, 27.981664], [-98.719387, 27.981337], [-98.718812, 27.980549], [-98.718745, 27.980458], [-98.718712, 27.980415], [-98.718653, 27.980333], [-98.718626, 27.980296], [-98.71833, 27.979894], [-98.718154, 27.979655], [-98.718012, 27.979463], [-98.7173, 27.978495], [-98.717026, 27.978154], [-98.716844, 27.977948], [-98.716734, 27.977824], [-98.716663, 27.977754], [-98.7166, 27.977692], [-98.716393, 27.977488], [-98.712425, 27.973581], [-98.712063, 27.973149], [-98.711164, 27.972085], [-98.710462, 27.971255], [-98.709353, 27.969936], [-98.709244, 27.969812], [-98.709224, 27.969798], [-98.709209, 27.969797], [-98.704503, 27.969826], [-98.70145, 27.969846], [-98.700036, 27.969856], [-98.696096, 27.969883], [-98.696082, 27.969882], [-98.696067, 27.969875], [-98.695772, 27.969688], [-98.695599, 27.969578], [-98.695406, 27.969456], [-98.695366, 27.96943], [-98.693846, 27.968462], [-98.691628, 27.96705], [-98.691528, 27.966987], [-98.691505, 27.966972], [-98.69143, 27.966925], [-98.688666, 27.965165], [-98.688593, 27.965118], [-98.688523, 27.965074], [-98.688215, 27.964877], [-98.688092, 27.964799], [-98.68445, 27.962481], [-98.684392, 27.962443], [-98.684234, 27.962343], [-98.684192, 27.962316], [-98.684049, 27.962224], [-98.683969, 27.962173], [-98.683919, 27.962141], [-98.683893, 27.962125], [-98.683846, 27.962095], [-98.681267, 27.960455], [-98.680656, 27.960064], [-98.677884, 27.958104], [-98.677514, 27.957843], [-98.677148, 27.957583], [-98.67682, 27.95735], [-98.676663, 27.95724], [-98.676527, 27.957142], [-98.676183, 27.956901], [-98.675843, 27.956661], [-98.675658, 27.956531], [-98.675504, 27.956422], [-98.675274, 27.956259], [-98.675139, 27.956163], [-98.675031, 27.956087], [-98.675, 27.956065], [-98.674349, 27.955607], [-98.670884, 27.953155], [-98.670333, 27.952765], [-98.669356, 27.952072], [-98.669212, 27.951971], [-98.669121, 27.951906], [-98.668797, 27.951677], [-98.66865, 27.951572], [-98.668517, 27.951477], [-98.667171, 27.95053], [-98.665631, 27.949436], [-98.663058, 27.947618], [-98.66068, 27.945932], [-98.655552, 27.942302], [-98.654646, 27.941664], [-98.654585, 27.94162], [-98.654173, 27.941329], [-98.654067, 27.941255], [-98.652564, 27.94019], [-98.652102, 27.939001], [-98.651592, 27.937697], [-98.650906, 27.937294], [-98.650681, 27.937162], [-98.650475, 27.937042], [-98.650378, 27.936986], [-98.650258, 27.936916], [-98.650226, 27.936898], [-98.650116, 27.936834], [-98.64991, 27.936712], [-98.649379, 27.936404], [-98.649251, 27.936328], [-98.649169, 27.93628], [-98.649128, 27.936257], [-98.649052, 27.936212], [-98.648786, 27.936055], [-98.647357, 27.93522], [-98.647181, 27.935116], [-98.647022, 27.935023], [-98.646943, 27.934976], [-98.644749, 27.93369], [-98.641486, 27.93164], [-98.641384, 27.931577], [-98.641353, 27.931559], [-98.641236, 27.931483], [-98.639281, 27.930255], [-98.636649, 27.928601], [-98.6356, 27.927942], [-98.635442, 27.927844], [-98.635276, 27.927741], [-98.634698, 27.927382], [-98.633645, 27.926703], [-98.633493, 27.926608], [-98.632855, 27.926202], [-98.632263, 27.925828], [-98.632183, 27.925777], [-98.632081, 27.925713], [-98.630669, 27.924815], [-98.63052, 27.924722], [-98.630363, 27.924621], [-98.629559, 27.924108], [-98.627582, 27.922853], [-98.627396, 27.922732], [-98.627204, 27.922447], [-98.627127, 27.92233], [-98.627103, 27.922295], [-98.626939, 27.922047], [-98.624235, 27.917993], [-98.624065, 27.917836], [-98.623383, 27.917242], [-98.623275, 27.917091], [-98.623056, 27.916763], [-98.622959, 27.916614], [-98.622945, 27.916593], [-98.622901, 27.916527], [-98.622884, 27.9165], [-98.622083, 27.915302], [-98.622009, 27.915073], [-98.622004, 27.915064], [-98.621907, 27.915038], [-98.619916, 27.912053], [-98.619823, 27.911911], [-98.619474, 27.911382], [-98.618873, 27.910478], [-98.618858, 27.910462], [-98.618837, 27.910459], [-98.618757, 27.910459], [-98.618583, 27.910458], [-98.618012, 27.910444], [-98.6173, 27.910276], [-98.616269, 27.910029], [-98.616056, 27.909977], [-98.614032, 27.909489], [-98.611256, 27.908524], [-98.611085, 27.908459], [-98.610704, 27.908222], [-98.610238, 27.907927], [-98.609147, 27.907242], [-98.60913, 27.907234], [-98.609117, 27.907233], [-98.608137, 27.907233], [-98.607154, 27.90723], [-98.607086, 27.90723], [-98.606944, 27.90723], [-98.606377, 27.90723], [-98.604287, 27.907229], [-98.603289, 27.907227], [-98.603091, 27.907226], [-98.602908, 27.907225], [-98.60086, 27.907223], [-98.600837, 27.90722], [-98.600824, 27.907204], [-98.599586, 27.904711], [-98.599592, 27.903822], [-98.599588, 27.903805], [-98.599564, 27.903789], [-98.589215, 27.900629], [-98.5892, 27.900623], [-98.58919, 27.900614], [-98.589015, 27.900391], [-98.588909, 27.900259], [-98.588775, 27.900091], [-98.588695, 27.899988], [-98.588656, 27.89994], [-98.588549, 27.89981], [-98.587457, 27.899465], [-98.585877, 27.898598], [-98.583071, 27.897043], [-98.582287, 27.896614], [-98.581488, 27.896169], [-98.581456, 27.896153], [-98.581341, 27.896088], [-98.580714, 27.895742], [-98.580697, 27.895737], [-98.575675, 27.895771], [-98.575526, 27.895835], [-98.57516, 27.895995], [-98.574993, 27.896066], [-98.574852, 27.896124], [-98.570327, 27.894718], [-98.570139, 27.894659], [-98.568713, 27.894217], [-98.567987, 27.894279], [-98.56789, 27.894196], [-98.567757, 27.89408], [-98.567632, 27.893967], [-98.567469, 27.893829], [-98.56666, 27.893576], [-98.566515, 27.89353], [-98.566432, 27.893505], [-98.566196, 27.893432], [-98.56326, 27.89252], [-98.563232, 27.89251], [-98.563151, 27.892485], [-98.563117, 27.892475], [-98.562284, 27.892214], [-98.561518, 27.89231], [-98.560094, 27.891803], [-98.559893, 27.891733], [-98.559731, 27.891677], [-98.559475, 27.891585], [-98.55768, 27.89061], [-98.557646, 27.890596], [-98.556877, 27.890366], [-98.546686, 27.887048], [-98.546429, 27.886963], [-98.546259, 27.886908], [-98.530886, 27.881904], [-98.530849, 27.881891], [-98.530585, 27.881791], [-98.530057, 27.881569], [-98.529886, 27.881493], [-98.529837, 27.881472], [-98.529661, 27.881397], [-98.527914, 27.880633], [-98.527763, 27.880568], [-98.527559, 27.880481], [-98.52665, 27.880086], [-98.523285, 27.878832], [-98.523141, 27.878778], [-98.523121, 27.878768], [-98.523118, 27.878743], [-98.52312, 27.878711], [-98.523135, 27.878547], [-98.523149, 27.878382], [-98.523559, 27.873755], [-98.523733, 27.871822], [-98.523761, 27.871549], [-98.523912, 27.871251], [-98.523993, 27.871102], [-98.52409, 27.870918], [-98.524275, 27.870577], [-98.525231, 27.859813], [-98.525243, 27.85968], [-98.525246, 27.85964], [-98.525718, 27.85433], [-98.525503, 27.854105], [-98.52503, 27.853613], [-98.524894, 27.853467], [-98.524608, 27.853168], [-98.524521, 27.853076], [-98.524387, 27.852942], [-98.523852, 27.852796], [-98.519576, 27.85163], [-98.519306, 27.851556], [-98.518297, 27.85128], [-98.517189, 27.850976], [-98.516949, 27.850912], [-98.516627, 27.850826], [-98.51625, 27.850722], [-98.516024, 27.85066], [-98.515895, 27.850625], [-98.515682, 27.850566], [-98.514655, 27.850284], [-98.514495, 27.850243], [-98.51446, 27.850233], [-98.514282, 27.850184], [-98.513976, 27.8501], [-98.513768, 27.850043], [-98.507686, 27.848365], [-98.507205, 27.848233], [-98.507026, 27.848186], [-98.50497, 27.847624], [-98.504793, 27.847574], [-98.504615, 27.847524], [-98.502782, 27.847024], [-98.495601, 27.845058], [-98.495435, 27.845012], [-98.495039, 27.844905], [-98.494861, 27.844855], [-98.49306, 27.844364], [-98.492822, 27.844074], [-98.492713, 27.843939], [-98.492604, 27.843805], [-98.490879, 27.841655], [-98.490081, 27.840652], [-98.490073, 27.840646], [-98.490064, 27.840643], [-98.489817, 27.84065], [-98.487785, 27.840677], [-98.485322, 27.840703], [-98.48481, 27.840709], [-98.482594, 27.840736], [-98.481731, 27.840746], [-98.48157, 27.840748], [-98.480926, 27.840755], [-98.480576, 27.84076], [-98.480195, 27.840763], [-98.479651, 27.840768], [-98.479471, 27.840771], [-98.479282, 27.840773], [-98.47898, 27.840776], [-98.474915, 27.839657], [-98.474287, 27.839485], [-98.473756, 27.83934], [-98.473577, 27.839292], [-98.473182, 27.839183], [-98.473002, 27.839132], [-98.472451, 27.838981], [-98.4715, 27.83872], [-98.47051, 27.838446], [-98.470378, 27.83841], [-98.469642, 27.838206], [-98.467452, 27.837604], [-98.466604, 27.837371], [-98.465861, 27.837167], [-98.465361, 27.837029], [-98.464677, 27.836841], [-98.463198, 27.836434], [-98.462657, 27.836284], [-98.462463, 27.836232], [-98.461961, 27.836095], [-98.461799, 27.836053], [-98.459745, 27.835481], [-98.459202, 27.835334], [-98.456752, 27.834659], [-98.455738, 27.834381], [-98.455226, 27.834237], [-98.454938, 27.83424], [-98.454057, 27.834248], [-98.453659, 27.834252], [-98.453547, 27.834253], [-98.453208, 27.834255], [-98.452595, 27.834263], [-98.451558, 27.83336], [-98.451337, 27.833165], [-98.450799, 27.833017], [-98.450657, 27.832978], [-98.450486, 27.832931], [-98.444215, 27.831201], [-98.443216, 27.830923], [-98.441826, 27.830547], [-98.440748, 27.829564], [-98.437155, 27.826289], [-98.43684, 27.826002], [-98.434719, 27.824068], [-98.433945, 27.823365], [-98.432605, 27.822143], [-98.432478, 27.822026], [-98.431724, 27.821342], [-98.431216, 27.820874], [-98.431219, 27.820598], [-98.430463, 27.819909], [-98.430149, 27.819902], [-98.429833, 27.819616], [-98.428236, 27.818156], [-98.428216, 27.818142], [-98.428191, 27.818147], [-98.4272, 27.818534], [-98.427036, 27.818596], [-98.426847, 27.818669], [-98.422965, 27.820175], [-98.422798, 27.820242], [-98.422213, 27.820243], [-98.422026, 27.820306], [-98.421401, 27.820517], [-98.415979, 27.822342], [-98.41538, 27.822895], [-98.415355, 27.822906], [-98.415327, 27.822895], [-98.414845, 27.822486], [-98.414819, 27.822462], [-98.414773, 27.822423], [-98.414727, 27.822384], [-98.414486, 27.822177], [-98.414362, 27.822099], [-98.414208, 27.82197], [-98.414111, 27.821859], [-98.413796, 27.821584], [-98.413638, 27.821449], [-98.412964, 27.820873], [-98.411311, 27.819678], [-98.410283, 27.818786], [-98.41003, 27.818566], [-98.409685, 27.818267], [-98.407113, 27.816036], [-98.406943, 27.815888], [-98.406779, 27.815746], [-98.405972, 27.815045], [-98.405831, 27.814923], [-98.403686, 27.813061], [-98.402891, 27.812373], [-98.402434, 27.811979], [-98.402006, 27.811604], [-98.40199, 27.811594], [-98.40197, 27.811592], [-98.398603, 27.811796], [-98.397172, 27.811883], [-98.396174, 27.811942], [-98.395502, 27.811982], [-98.394773, 27.812026], [-98.393495, 27.812105], [-98.391468, 27.812226], [-98.38953, 27.812342], [-98.389324, 27.812355], [-98.389124, 27.812367], [-98.388893, 27.812381], [-98.388184, 27.812424], [-98.385629, 27.812576], [-98.385492, 27.812585], [-98.38531, 27.812596], [-98.38476, 27.81263], [-98.384256, 27.812661], [-98.38396, 27.812677], [-98.381396, 27.812833], [-98.380566, 27.812604], [-98.380184, 27.812497], [-98.373132, 27.810541], [-98.372594, 27.810391], [-98.372472, 27.810358], [-98.372175, 27.810276], [-98.371744, 27.810157], [-98.371529, 27.810096], [-98.371258, 27.810022], [-98.370998, 27.81], [-98.367351, 27.809691], [-98.364233, 27.808827], [-98.362856, 27.808444], [-98.362656, 27.808389], [-98.362383, 27.808314], [-98.362221, 27.808267], [-98.361835, 27.808161], [-98.361705, 27.808126], [-98.361196, 27.807984], [-98.360341, 27.807747], [-98.360083, 27.807675], [-98.358712, 27.807295], [-98.358532, 27.807244], [-98.357973, 27.807089], [-98.357811, 27.807043], [-98.35698, 27.806814], [-98.353981, 27.805985], [-98.353818, 27.805941], [-98.353582, 27.805875], [-98.353078, 27.805736], [-98.349998, 27.804885], [-98.349789, 27.804829], [-98.349249, 27.80468], [-98.348667, 27.804519], [-98.346027, 27.803789], [-98.345627, 27.803677], [-98.340284, 27.802176], [-98.34017, 27.802144], [-98.339118, 27.801846], [-98.338937, 27.801796], [-98.338371, 27.80164], [-98.338082, 27.801558], [-98.334795, 27.800633], [-98.333479, 27.800262], [-98.332544, 27.799998], [-98.331084, 27.799586], [-98.33093, 27.799588], [-98.330746, 27.799592], [-98.330562, 27.799592], [-98.330067, 27.799597], [-98.328786, 27.799242], [-98.328663, 27.799208], [-98.328607, 27.799193], [-98.328453, 27.799149], [-98.328403, 27.799135], [-98.328248, 27.799092], [-98.328127, 27.79906], [-98.314593, 27.795311], [-98.313669, 27.795055], [-98.313568, 27.795027], [-98.313524, 27.795015], [-98.313336, 27.794962], [-98.309346, 27.793856], [-98.308152, 27.793527], [-98.307965, 27.793475], [-98.307813, 27.793433], [-98.30769, 27.793399], [-98.307522, 27.793352], [-98.30744, 27.79333], [-98.307257, 27.793279], [-98.306897, 27.793178], [-98.294962, 27.789871], [-98.294729, 27.789806], [-98.294643, 27.789782], [-98.294471, 27.789734], [-98.294093, 27.78963], [-98.293969, 27.789595], [-98.293772, 27.789541], [-98.293346, 27.789423], [-98.293193, 27.789381], [-98.292266, 27.789123], [-98.291113, 27.788803], [-98.289211, 27.788209], [-98.288966, 27.788134], [-98.288284, 27.787953], [-98.28797, 27.787871], [-98.287815, 27.78783], [-98.287309, 27.787697], [-98.287268, 27.787685], [-98.28463, 27.786988], [-98.283312, 27.786623], [-98.28315, 27.786579], [-98.282925, 27.786517], [-98.282821, 27.786487], [-98.282701, 27.786454], [-98.282466, 27.786389], [-98.282345, 27.786355], [-98.28222, 27.78632], [-98.281675, 27.786169], [-98.279432, 27.785547], [-98.279092, 27.785453], [-98.278778, 27.785366], [-98.278439, 27.785272], [-98.276715, 27.784797], [-98.275433, 27.784443], [-98.275256, 27.784394], [-98.27487, 27.784288], [-98.274694, 27.784238], [-98.274337, 27.784139], [-98.274303, 27.784128], [-98.274203, 27.784101], [-98.274177, 27.784094], [-98.272383, 27.7836], [-98.269542, 27.783777], [-98.267624, 27.7839], [-98.265864, 27.784012], [-98.265569, 27.784032], [-98.264917, 27.784072], [-98.264667, 27.784089], [-98.263103, 27.784189], [-98.2627, 27.784214], [-98.262293, 27.784239], [-98.258997, 27.784449], [-98.258619, 27.784474], [-98.258564, 27.784469], [-98.258522, 27.784463], [-98.256302, 27.784115], [-98.256177, 27.784097], [-98.256089, 27.784131], [-98.255984, 27.784175], [-98.255772, 27.784261], [-98.254694, 27.78418], [-98.251031, 27.783901], [-98.250484, 27.783859], [-98.24982, 27.78381], [-98.243101, 27.78329], [-98.236169, 27.782739], [-98.236062, 27.782817], [-98.23592, 27.782923], [-98.235812, 27.783003], [-98.234965, 27.783008], [-98.234403, 27.783093]]]}},
{"type": "Feature", "properties": {"ProjectID": "P2675", "TPMS_ID": 4683082, "OPER_LINK": 0, "OPS_ID": 0, "P5_NUM": "253113", "OPER_NM": "EPIC CONSOLIDATED OPS, LLC", "SYS_NM": "EPIC NGL SYSTEM", "SUBSYS_NM": "203-BENEDUM TO ROBSTOWN SP5", "T4PERMIT": "09817", "DIAMETER": 24.0, "COMMODITY1": "HVL", "COMMODITY2": null, "COMMODITY3": null, "CMDTY_DESC": "HIGHLY VOLATILE LIQUID", "INTERSTATE": "N", "STATUS_CD": "I", "QUALITY_CD": "G", "SYSTYPE": "Q", "COUNTY": "249", "COM_CARRIE": "Y", "PLINE_ID": "203", "SYS_ID": "965292", "NPMS_SYS_I": 0, "ALBERS_MIL": 18.6722579355, "LENGTH": 0.0}, "geometry": {"type": "LineString", "coordinates": [[-98.234403, 27.783093], [-98.234403, 27.783093]]}},
{"type": "Feature", "properties": {"ProjectID": "P2675", "TPMS_ID": 4683089, "OPER_LINK": 0, "OPS_ID": 0, "P5_NUM": "253113", "OPER_NM": "EPIC CONSOLIDATED OPS, LLC", "SYS_NM": "EPIC NGL SYSTEM", "SUBSYS_NM": "203-BENEDUM TO ROBSTOWN SP5", "T4PERMIT": "09817", "DIAMETER": 24.0, "COMMODITY1": "HVL", "COMMODITY2": null, "COMMODITY3": null, "CMDTY_DESC": "HIGHLY VOLATILE LIQUID", "INTERSTATE": "N", "STATUS_CD": "I", "QUALITY_CD": "G", "SYSTYPE": "Q", "COUNTY": "311", "COM_CARRIE": "Y", "PLINE_ID": "203", "SYS_ID": "965292", "NPMS_SYS_I": 0, "ALBERS_MIL": 1.9169098643, "LENGTH": 0.0}, "geometry": {"type": "MultiLineString", "coordinates": [[[-98.787108, 28.057502], [-98.787104, 28.057499]], [[-98.786388, 28.057499], [-98.786009, 28.057501]], [[-98.77802, 28.057492], [-98.77802, 28.057489]]]}},
{"type": "Feature", "properties": {"ProjectID": "P2675", "TPMS_ID": 4683055, "OPER_LINK": 0, "OPS_ID": 0, "P5_NUM": "253113", "OPER_NM": "EPIC CONSOLIDATED OPS, LLC", "SYS_NM": "EPIC NGL SYSTEM", "SUBSYS_NM": "203-BENEDUM TO ROBSTOWN SP3", "T4PERMIT": "09817", "DIAMETER": 24.0, "COMMODITY1": "HVL", "COMMODITY2": null, "COMMODITY3": null, "CMDTY_DESC": "HIGHLY VOLATILE LIQUID", "INTERSTATE": "N", "STATUS_CD": "I", "QUALITY_CD": "G", "SYSTYPE": "Q", "COUNTY": "137", "COM_CARRIE": "Y", "PLINE_ID": "203", "SYS_ID": "965292", "NPMS_SYS_I": 0, "ALBERS_MIL": 58.1357172618, "LENGTH": 0.0}, "geometry": {"type": "LineString", "coordinates": [[-100.574298, 30.288096], [-100.57423, 30.287943], [-100.574039, 30.28752], [-100.573813, 30.287019], [-100.573136, 30.285533], [-100.571908, 30.282853], [-100.57182, 30.282654], [-100.571401, 30.281733], [-100.571354, 30.281627], [-100.571255, 30.281336], [-100.571053, 30.281111], [-100.570443, 30.280438], [-100.570351, 30.280337], [-100.570241, 30.28022], [-100.569869, 30.279807], [-100.56982, 30.279786], [-100.569649, 30.279717], [-100.568962, 30.279436], [-100.56881, 30.279375], [-100.568765, 30.279357], [-100.568756, 30.279347], [-100.568757, 30.279335], [-100.569, 30.278887], [-100.569031, 30.278832], [-100.569032, 30.278819], [-100.569022, 30.27881], [-100.568465, 30.278579], [-100.568211, 30.278474], [-100.567736, 30.27828], [-100.567498, 30.278182], [-100.566945, 30.277953], [-100.566848, 30.277913], [-100.566625, 30.277821], [-100.564821, 30.277077], [-100.56474, 30.277039], [-100.56464, 30.276967], [-100.563507, 30.276087], [-100.563429, 30.27603], [-100.563363, 30.275995], [-100.562093, 30.275349], [-100.56208, 30.275344], [-100.562066, 30.275343], [-100.560704, 30.275294], [-100.560673, 30.275293], [-100.560586, 30.27529], [-100.560556, 30.275289], [-100.56047, 30.275285], [-100.560415, 30.275263], [-100.560258, 30.275199], [-100.559465, 30.274873], [-100.559226, 30.274775], [-100.558666, 30.274543], [-100.55829, 30.27439], [-100.55818, 30.274345], [-100.558, 30.27427], [-100.557873, 30.274218], [-100.557717, 30.274153], [-100.557396, 30.274022], [-100.557269, 30.273969], [-100.557237, 30.273956], [-100.557125, 30.273909], [-100.556595, 30.273691], [-100.556332, 30.273582], [-100.556095, 30.273485], [-100.555907, 30.273408], [-100.555867, 30.273391], [-100.555621, 30.27329], [-100.555332, 30.273171], [-100.554772, 30.27294], [-100.55472, 30.272919], [-100.554503, 30.27283], [-100.554317, 30.272753], [-100.553769, 30.272524], [-100.553612, 30.272429], [-100.553475, 30.272345], [-100.553296, 30.272234], [-100.553022, 30.272064], [-100.552894, 30.271984], [-100.552703, 30.271869], [-100.545551, 30.268924], [-100.545355, 30.268843], [-100.541878, 30.267412], [-100.541758, 30.267362], [-100.541432, 30.267227], [-100.541256, 30.267154], [-100.541146, 30.267108], [-100.540905, 30.26701], [-100.540293, 30.266758], [-100.540156, 30.266701], [-100.539962, 30.266621], [-100.539629, 30.266485], [-100.539424, 30.266399], [-100.539114, 30.266268], [-100.538425, 30.265401], [-100.538353, 30.26531], [-100.53807, 30.264957], [-100.537913, 30.264761], [-100.537693, 30.264489], [-100.537603, 30.264385], [-100.537405, 30.264243], [-100.53725, 30.264137], [-100.537178, 30.264087], [-100.536842, 30.263853], [-100.536809, 30.26383], [-100.536254, 30.263445], [-100.536207, 30.263416], [-100.536101, 30.263372], [-100.536019, 30.263346], [-100.535426, 30.263269], [-100.535155, 30.263234], [-100.534952, 30.263208], [-100.534779, 30.263184], [-100.534608, 30.263162], [-100.534443, 30.263125], [-100.533797, 30.262975], [-100.533327, 30.262867], [-100.533124, 30.262819], [-100.532993, 30.262789], [-100.532393, 30.262653], [-100.531971, 30.262556], [-100.5317, 30.262495], [-100.530671, 30.262258], [-100.52909, 30.261895], [-100.528545, 30.261769], [-100.527869, 30.261615], [-100.527612, 30.261557], [-100.527363, 30.261498], [-100.527168, 30.261449], [-100.527078, 30.261415], [-100.524544, 30.26038], [-100.521595, 30.259174], [-100.52127, 30.259042], [-100.520974, 30.25892], [-100.520786, 30.258845], [-100.520613, 30.258774], [-100.5205, 30.258728], [-100.519631, 30.258371], [-100.519515, 30.258324], [-100.517129, 30.257347], [-100.514379, 30.256125], [-100.514158, 30.256027], [-100.513926, 30.255923], [-100.51198, 30.255057], [-100.511656, 30.254913], [-100.511478, 30.254832], [-100.510814, 30.254535], [-100.510437, 30.254368], [-100.510059, 30.254201], [-100.5099, 30.25413], [-100.509753, 30.254066], [-100.509306, 30.253884], [-100.509063, 30.253786], [-100.508843, 30.253697], [-100.508064, 30.253383], [-100.507807, 30.253279], [-100.505779, 30.252464], [-100.504907, 30.252112], [-100.504691, 30.252025], [-100.503216, 30.251429], [-100.502972, 30.251331], [-100.500888, 30.250495], [-100.500323, 30.250364], [-100.495875, 30.248507], [-100.494587, 30.247974], [-100.493293, 30.247431], [-100.493036, 30.247325], [-100.491094, 30.246518], [-100.488975, 30.245634], [-100.488426, 30.245405], [-100.487956, 30.24521], [-100.485118, 30.244026], [-100.48451, 30.243773], [-100.483505, 30.243356], [-100.483485, 30.243343], [-100.483481, 30.243324], [-100.483478, 30.242097], [-100.48347, 30.239985], [-100.483447, 30.235283], [-100.483447, 30.235065], [-100.483437, 30.233013], [-100.483437, 30.2328], [-100.483433, 30.232085], [-100.48343, 30.231863], [-100.483424, 30.230229], [-100.483424, 30.230123], [-100.483424, 30.230085], [-100.48342, 30.229355], [-100.483383, 30.221681], [-100.483381, 30.220866], [-100.483378, 30.220435], [-100.483377, 30.219758], [-100.483377, 30.21952], [-100.483372, 30.218603], [-100.483371, 30.218482], [-100.483365, 30.217876], [-100.483353, 30.215153], [-100.483352, 30.21491], [-100.483351, 30.214876], [-100.483332, 30.210764], [-100.48333, 30.210515], [-100.483329, 30.210374], [-100.483328, 30.209779], [-100.483326, 30.209685], [-100.483323, 30.208399], [-100.483322, 30.20822], [-100.483319, 30.207543], [-100.483318, 30.207055], [-100.483317, 30.206871], [-100.483316, 30.205992], [-100.483439, 30.205883], [-100.483444, 30.205446], [-100.483449, 30.204107], [-100.483454, 30.202719], [-100.483649, 30.202447], [-100.483667, 30.202423], [-100.483722, 30.202344], [-100.483743, 30.202316], [-100.484096, 30.201818], [-100.484581, 30.201108], [-100.484616, 30.201026], [-100.484636, 30.200966], [-100.484647, 30.200876], [-100.484652, 30.200819], [-100.484643, 30.200725], [-100.484636, 30.200674], [-100.484204, 30.199526], [-100.484161, 30.199413], [-100.483955, 30.198867], [-100.483474, 30.197593], [-100.483476, 30.196864], [-100.483479, 30.1965], [-100.48348, 30.196382], [-100.483481, 30.196213], [-100.483481, 30.19597], [-100.483483, 30.195743], [-100.483485, 30.195101], [-100.483497, 30.192205], [-100.483496, 30.192147], [-100.483497, 30.192033], [-100.483497, 30.191956], [-100.483498, 30.191712], [-100.483499, 30.191497], [-100.483498, 30.191323], [-100.483498, 30.191083], [-100.483499, 30.190931], [-100.4835, 30.19034], [-100.483501, 30.190172], [-100.483503, 30.189915], [-100.48351, 30.189095], [-100.48351, 30.188835], [-100.48351, 30.188746], [-100.483511, 30.188572], [-100.483512, 30.188208], [-100.483513, 30.188067], [-100.483513, 30.187978], [-100.483514, 30.187825], [-100.483516, 30.18756], [-100.483517, 30.187294], [-100.483518, 30.187176], [-100.483519, 30.186837], [-100.48352, 30.186655], [-100.483523, 30.185809], [-100.483523, 30.185684], [-100.483524, 30.185458], [-100.483525, 30.185088], [-100.483525, 30.184828], [-100.483534, 30.182819], [-100.484151, 30.181537], [-100.484417, 30.180987], [-100.486242, 30.177192], [-100.486337, 30.176996], [-100.486428, 30.176804], [-100.487005, 30.175607], [-100.487201, 30.175201], [-100.487299, 30.175], [-100.487347, 30.174899], [-100.487483, 30.174614], [-100.488012, 30.173513], [-100.488104, 30.173322], [-100.488195, 30.173134], [-100.48871, 30.172062], [-100.488808, 30.171861], [-100.48913, 30.171194], [-100.489364, 30.170706], [-100.489481, 30.17046], [-100.489573, 30.170272], [-100.489616, 30.170181], [-100.489754, 30.169896], [-100.489851, 30.169696], [-100.490073, 30.169232], [-100.490512, 30.168319], [-100.490599, 30.168139], [-100.490694, 30.16794], [-100.490907, 30.1675], [-100.491008, 30.16729], [-100.491105, 30.167089], [-100.491345, 30.166587], [-100.491396, 30.16648], [-100.491623, 30.166012], [-100.49191, 30.165417], [-100.491946, 30.165272], [-100.491966, 30.164936], [-100.491983, 30.164654], [-100.491989, 30.164544], [-100.492006, 30.164245], [-100.492045, 30.163599], [-100.492056, 30.163415], [-100.492072, 30.163135], [-100.492081, 30.162973], [-100.492116, 30.162376], [-100.492149, 30.161828], [-100.492159, 30.161626], [-100.492174, 30.161383], [-100.492198, 30.160956], [-100.492222, 30.160581], [-100.492227, 30.160506], [-100.492253, 30.160017], [-100.492137, 30.159267], [-100.492037, 30.15862], [-100.491938, 30.157985], [-100.491849, 30.157405], [-100.491794, 30.157057], [-100.491761, 30.156842], [-100.491667, 30.156229], [-100.491443, 30.154795], [-100.491416, 30.15463], [-100.491404, 30.154544], [-100.491381, 30.154403], [-100.491367, 30.154311], [-100.491361, 30.154267], [-100.491289, 30.153809], [-100.491161, 30.152978], [-100.491136, 30.152814], [-100.490891, 30.151239], [-100.490764, 30.149649], [-100.491818, 30.148046], [-100.491856, 30.146864], [-100.491865, 30.146604], [-100.491902, 30.14544], [-100.491904, 30.145338], [-100.491895, 30.14522], [-100.491628, 30.142301], [-100.491621, 30.142231], [-100.491558, 30.14153], [-100.491526, 30.141177], [-100.491507, 30.140971], [-100.491499, 30.140885], [-100.491461, 30.140454], [-100.491448, 30.140307], [-100.491445, 30.140275], [-100.491436, 30.140175], [-100.491414, 30.13994], [-100.491412, 30.139917], [-100.491392, 30.1397], [-100.491386, 30.139634], [-100.491366, 30.139411], [-100.491357, 30.139302], [-100.491313, 30.138819], [-100.491221, 30.137816], [-100.491145, 30.136982], [-100.49108, 30.136264], [-100.491039, 30.13581], [-100.490879, 30.134014], [-100.490852, 30.133866], [-100.490808, 30.133613], [-100.490783, 30.133473], [-100.490764, 30.133364], [-100.490741, 30.133241], [-100.490715, 30.133066], [-100.49069, 30.132908], [-100.490652, 30.132704], [-100.490625, 30.132531], [-100.490675, 30.132322], [-100.490705, 30.132193], [-100.490752, 30.13198], [-100.490798, 30.13177], [-100.490787, 30.131534], [-100.490777, 30.131361], [-100.490764, 30.13113], [-100.490762, 30.131083], [-100.490698, 30.129895], [-100.490657, 30.129155], [-100.490653, 30.129091], [-100.490651, 30.129035], [-100.490634, 30.12871], [-100.490626, 30.12856], [-100.490617, 30.128399], [-100.490609, 30.12824], [-100.490511, 30.126461], [-100.490482, 30.125912], [-100.4904, 30.12441], [-100.490384, 30.12413], [-100.490356, 30.123756], [-100.490345, 30.123578], [-100.490284, 30.122811], [-100.490267, 30.122581], [-100.490244, 30.122254], [-100.490233, 30.122101], [-100.49022, 30.121939], [-100.490211, 30.121819], [-100.4902, 30.121656], [-100.490191, 30.121547], [-100.490181, 30.121405], [-100.490163, 30.121158], [-100.490151, 30.120996], [-100.490145, 30.120907], [-100.490068, 30.11989], [-100.49005, 30.119642], [-100.490018, 30.119197], [-100.490006, 30.119025], [-100.489996, 30.118894], [-100.489967, 30.118505], [-100.489926, 30.117987], [-100.489903, 30.117672], [-100.489869, 30.117223], [-100.489861, 30.117111], [-100.48984, 30.116818], [-100.489758, 30.115637], [-100.48967, 30.114314], [-100.489658, 30.114119], [-100.489648, 30.113973], [-100.489634, 30.113764], [-100.489524, 30.112096], [-100.489507, 30.111827], [-100.489495, 30.111659], [-100.489483, 30.111469], [-100.489476, 30.111354], [-100.489462, 30.111152], [-100.489454, 30.111042], [-100.489447, 30.110921], [-100.489426, 30.110601], [-100.489396, 30.110137], [-100.489386, 30.110043], [-100.489331, 30.109896], [-100.489282, 30.109824], [-100.489237, 30.109765], [-100.488979, 30.109551], [-100.488889, 30.109475], [-100.488805, 30.109403], [-100.488706, 30.10932], [-100.488331, 30.109005], [-100.488153, 30.108856], [-100.487678, 30.108456], [-100.487134, 30.108], [-100.486524, 30.107487], [-100.486427, 30.107403], [-100.486346, 30.107336], [-100.486223, 30.107234], [-100.485918, 30.106977], [-100.485821, 30.106896], [-100.485553, 30.10667], [-100.485223, 30.106393], [-100.485006, 30.106211], [-100.48488, 30.106105], [-100.48458, 30.105853], [-100.484558, 30.105834], [-100.484525, 30.105808], [-100.484503, 30.105788], [-100.484205, 30.105538], [-100.483928, 30.105304], [-100.483683, 30.105099], [-100.483562, 30.104998], [-100.483156, 30.104658], [-100.483029, 30.104551], [-100.482871, 30.104418], [-100.482767, 30.10433], [-100.482403, 30.104025], [-100.482173, 30.103832], [-100.481839, 30.10355], [-100.481296, 30.103094], [-100.481107, 30.102935], [-100.48097, 30.102819], [-100.480914, 30.102772], [-100.480726, 30.102615], [-100.480613, 30.102521], [-100.480078, 30.10207], [-100.48003, 30.10203], [-100.479924, 30.10194], [-100.479733, 30.10178], [-100.479685, 30.101739], [-100.479234, 30.101363], [-100.478979, 30.101147], [-100.478842, 30.101031], [-100.478526, 30.100767], [-100.47814, 30.100443], [-100.478053, 30.10037], [-100.477974, 30.100304], [-100.477832, 30.100185], [-100.477285, 30.099722], [-100.477024, 30.099504], [-100.476754, 30.099276], [-100.476731, 30.099257], [-100.476404, 30.098982], [-100.476378, 30.09896], [-100.476334, 30.098924], [-100.476254, 30.098856], [-100.476232, 30.098838], [-100.476209, 30.098819], [-100.476082, 30.098712], [-100.475736, 30.098421], [-100.475453, 30.098182], [-100.475377, 30.098118], [-100.475272, 30.098032], [-100.474967, 30.097776], [-100.474757, 30.097601], [-100.474724, 30.097574], [-100.474478, 30.097367], [-100.474297, 30.097212], [-100.474247, 30.09717], [-100.474207, 30.097136], [-100.473951, 30.096923], [-100.473776, 30.096776], [-100.473325, 30.096396], [-100.473286, 30.096365], [-100.473143, 30.096245], [-100.4729, 30.096039], [-100.472768, 30.095929], [-100.472587, 30.095775], [-100.472496, 30.095701], [-100.472329, 30.09556], [-100.472123, 30.095389], [-100.472044, 30.095322], [-100.471868, 30.095175], [-100.471662, 30.095004], [-100.471477, 30.09485], [-100.471379, 30.094768], [-100.471236, 30.094648], [-100.470909, 30.094379], [-100.470746, 30.094243], [-100.470596, 30.094119], [-100.470467, 30.094013], [-100.470353, 30.093918], [-100.470173, 30.093768], [-100.470098, 30.093706], [-100.469817, 30.093472], [-100.469596, 30.093289], [-100.469458, 30.093173], [-100.469341, 30.093076], [-100.469267, 30.093014], [-100.468884, 30.092697], [-100.468829, 30.092653], [-100.468656, 30.09251], [-100.468498, 30.092379], [-100.468157, 30.092097], [-100.467946, 30.09192], [-100.467466, 30.091525], [-100.467281, 30.091368], [-100.466966, 30.091108], [-100.466797, 30.090968], [-100.46621, 30.090482], [-100.466056, 30.090355], [-100.465526, 30.089916], [-100.465384, 30.089798], [-100.465349, 30.089766], [-100.465289, 30.08962], [-100.465223, 30.089456], [-100.464494, 30.087655], [-100.464487, 30.087563], [-100.464452, 30.086931], [-100.464441, 30.086758], [-100.464433, 30.086637], [-100.464409, 30.086196], [-100.464373, 30.085567], [-100.464364, 30.085428], [-100.464347, 30.08516], [-100.46434, 30.085053], [-100.464333, 30.084923], [-100.464328, 30.084831], [-100.464278, 30.083924], [-100.464272, 30.083826], [-100.464267, 30.083737], [-100.464247, 30.083388], [-100.464242, 30.083305], [-100.464181, 30.082233], [-100.464169, 30.082048], [-100.464134, 30.081441], [-100.464125, 30.081297], [-100.464118, 30.081142], [-100.464112, 30.080972], [-100.464107, 30.080799], [-100.464092, 30.080335], [-100.464086, 30.080146], [-100.464078, 30.079927], [-100.46407, 30.079722], [-100.464067, 30.079592], [-100.46406, 30.079385], [-100.464039, 30.078752], [-100.464033, 30.078562], [-100.464029, 30.078474], [-100.464022, 30.078228], [-100.464016, 30.078086], [-100.464008, 30.077803], [-100.464006, 30.077753], [-100.464, 30.077562], [-100.463994, 30.077388], [-100.463986, 30.077102], [-100.46398, 30.07693], [-100.463973, 30.076744], [-100.463959, 30.076302], [-100.463929, 30.07537], [-100.463925, 30.075206], [-100.463976, 30.074877], [-100.464013, 30.074647], [-100.464057, 30.074363], [-100.464107, 30.074027], [-100.464125, 30.07391], [-100.464158, 30.073687], [-100.46425, 30.073093], [-100.464235, 30.072919], [-100.464224, 30.072807], [-100.464132, 30.07187], [-100.464115, 30.071692], [-100.463847, 30.068666], [-100.463825, 30.068427], [-100.463811, 30.068265], [-100.463692, 30.066898], [-100.463673, 30.0667], [-100.463668, 30.06664], [-100.463894, 30.066163], [-100.463975, 30.06599], [-100.464161, 30.065598], [-100.46435, 30.065202], [-100.464584, 30.064706], [-100.464729, 30.0644], [-100.464999, 30.063834], [-100.465588, 30.062591], [-100.465619, 30.062526], [-100.465711, 30.062332], [-100.465974, 30.061776], [-100.466197, 30.061305], [-100.466692, 30.060267], [-100.467002, 30.059614], [-100.467301, 30.058988], [-100.467409, 30.05876], [-100.468177, 30.057131], [-100.469149, 30.055017], [-100.469911, 30.052943], [-100.470018, 30.052654], [-100.470172, 30.052232], [-100.470486, 30.051377], [-100.470544, 30.051219], [-100.470657, 30.050903], [-100.470683, 30.050504], [-100.470652, 30.050352], [-100.470621, 30.05021], [-100.470452, 30.049446], [-100.470373, 30.049269], [-100.470249, 30.049006], [-100.470208, 30.048922], [-100.470126, 30.04875], [-100.470089, 30.048673], [-100.469663, 30.047782], [-100.469564, 30.047576], [-100.469439, 30.047317], [-100.468609, 30.045578], [-100.46851, 30.045369], [-100.468452, 30.045248], [-100.468213, 30.044746], [-100.46819, 30.044627], [-100.46819, 30.044506], [-100.468379, 30.043401], [-100.468404, 30.043257], [-100.468553, 30.04239], [-100.468593, 30.042157], [-100.468698, 30.041543], [-100.469321, 30.037894], [-100.46937, 30.037607], [-100.469455, 30.037112], [-100.469484, 30.036941], [-100.469642, 30.036008], [-100.469747, 30.035605], [-100.469945, 30.035024], [-100.470056, 30.0347], [-100.470124, 30.0345], [-100.470142, 30.034447], [-100.470195, 30.034294], [-100.470203, 30.034271], [-100.470258, 30.034112], [-100.470278, 30.034053], [-100.470484, 30.033456], [-100.470655, 30.032953], [-100.470736, 30.032715], [-100.47082, 30.03247], [-100.470879, 30.032307], [-100.470888, 30.032291], [-100.470904, 30.032282], [-100.471332, 30.032122], [-100.47156, 30.032038], [-100.471973, 30.031885], [-100.472188, 30.031805], [-100.472617, 30.031646], [-100.472953, 30.031521], [-100.473321, 30.031384], [-100.473547, 30.0313], [-100.474512, 30.030943], [-100.474588, 30.030915], [-100.475212, 30.030684], [-100.475347, 30.030634], [-100.476094, 30.030356], [-100.476377, 30.030251], [-100.477211, 30.029943], [-100.477254, 30.029926], [-100.478759, 30.029366], [-100.479162, 30.029215], [-100.479438, 30.029109], [-100.479526, 30.028939], [-100.479622, 30.02875], [-100.479674, 30.028647], [-100.479867, 30.028267], [-100.479963, 30.028081], [-100.480187, 30.027639], [-100.481022, 30.026], [-100.481235, 30.025585], [-100.482287, 30.023516], [-100.48236, 30.023374], [-100.482859, 30.022394], [-100.483023, 30.022073], [-100.483142, 30.021833], [-100.483196, 30.021653], [-100.483206, 30.021614], [-100.483239, 30.021506], [-100.483339, 30.021157], [-100.483401, 30.020943], [-100.483518, 30.020534], [-100.48358, 30.020314], [-100.483643, 30.020093], [-100.483702, 30.019889], [-100.483726, 30.019803], [-100.483774, 30.01964], [-100.483817, 30.019491], [-100.483857, 30.019349], [-100.483944, 30.019046], [-100.484057, 30.018659], [-100.484088, 30.018551], [-100.4841, 30.01851], [-100.484156, 30.018314], [-100.484178, 30.018236], [-100.484249, 30.017992], [-100.484322, 30.01774], [-100.484344, 30.01766], [-100.484397, 30.017475], [-100.484501, 30.017109], [-100.48454, 30.01697], [-100.484653, 30.016581], [-100.484688, 30.016457], [-100.484722, 30.016338], [-100.48483, 30.015957], [-100.48486, 30.01585], [-100.484884, 30.015768], [-100.485012, 30.015327], [-100.485041, 30.015027], [-100.485056, 30.01491], [-100.485087, 30.014563], [-100.485094, 30.0145], [-100.485107, 30.014372], [-100.485134, 30.014091], [-100.48516, 30.013856], [-100.485174, 30.013703], [-100.485188, 30.013571], [-100.485196, 30.013489], [-100.485207, 30.013377], [-100.485238, 30.013076], [-100.485245, 30.013004], [-100.485259, 30.012864], [-100.485281, 30.012648], [-100.485304, 30.012433], [-100.485323, 30.012235], [-100.485336, 30.012101], [-100.485345, 30.012016], [-100.485356, 30.011915], [-100.485359, 30.011876], [-100.485391, 30.011561], [-100.485411, 30.011342], [-100.485422, 30.01124], [-100.485476, 30.010724], [-100.485867, 30.010118], [-100.485926, 30.010027], [-100.486137, 30.009697], [-100.486454, 30.00921], [-100.4865, 30.009137], [-100.486616, 30.008958], [-100.486833, 30.008621], [-100.486969, 30.008411], [-100.487032, 30.008313], [-100.487116, 30.008181], [-100.487257, 30.007967], [-100.487391, 30.007757], [-100.487524, 30.007384], [-100.487549, 30.007313], [-100.487617, 30.007121], [-100.48772, 30.006839], [-100.487799, 30.006614], [-100.487835, 30.006509], [-100.487845, 30.006483], [-100.4879, 30.00633], [-100.487934, 30.006238], [-100.488055, 30.006108], [-100.488198, 30.005957], [-100.488429, 30.005712], [-100.488624, 30.005507], [-100.488658, 30.005427], [-100.488731, 30.005244], [-100.488908, 30.00481], [-100.489109, 30.004315], [-100.489124, 30.004277], [-100.489205, 30.004076], [-100.489452, 30.003473], [-100.489535, 30.00328], [-100.48963, 30.003155], [-100.489827, 30.002902], [-100.489884, 30.002826], [-100.489933, 30.00271], [-100.489991, 30.002567], [-100.490038, 30.002435], [-100.490062, 30.002215], [-100.490091, 30.00188], [-100.490119, 30.001532], [-100.490127, 30.001449], [-100.490158, 30.000616], [-100.490158, 30.000475], [-100.49015, 29.999373], [-100.490149, 29.999348], [-100.490149, 29.999191], [-100.490147, 29.999158], [-100.490143, 29.998599], [-100.490146, 29.99812], [-100.490146, 29.998092], [-100.490158, 29.997533], [-100.49016, 29.997465], [-100.490164, 29.997257], [-100.490167, 29.997152], [-100.49017, 29.996995], [-100.490178, 29.996717], [-100.490162, 29.996579], [-100.49012, 29.996201], [-100.49001, 29.995234], [-100.490001, 29.99515], [-100.489997, 29.994962], [-100.49, 29.994737], [-100.490044, 29.994668], [-100.49007, 29.994626], [-100.490143, 29.994514], [-100.490165, 29.994477], [-100.490211, 29.994406], [-100.490343, 29.994199], [-100.490385, 29.994133], [-100.490673, 29.993684], [-100.49073, 29.993601], [-100.490805, 29.993533], [-100.490849, 29.993498], [-100.491, 29.993416], [-100.49149, 29.993163], [-100.491572, 29.993121], [-100.491594, 29.99311], [-100.491905, 29.99295], [-100.491995, 29.992903], [-100.492193, 29.992801], [-100.492825, 29.992474], [-100.49308, 29.992341], [-100.494177, 29.991772], [-100.494761, 29.991472], [-100.495138, 29.991276], [-100.495375, 29.991152], [-100.495823, 29.990919], [-100.495939, 29.990859], [-100.49596, 29.990848], [-100.495986, 29.990834], [-100.49614, 29.990755], [-100.496243, 29.990703], [-100.496936, 29.990344], [-100.497208, 29.990239], [-100.497447, 29.99015], [-100.498191, 29.98987], [-100.498249, 29.989849], [-100.49846, 29.989771], [-100.498566, 29.989731], [-100.498809, 29.98964], [-100.498947, 29.989592], [-100.499299, 29.98954], [-100.499332, 29.989535], [-100.50108, 29.989287], [-100.503145, 29.989233], [-100.50335, 29.989317], [-100.503484, 29.989372], [-100.503552, 29.989401], [-100.503572, 29.989409], [-100.503594, 29.989418], [-100.503756, 29.989484], [-100.503785, 29.989496], [-100.503962, 29.989568], [-100.504205, 29.98967], [-100.504322, 29.989718], [-100.504456, 29.989774], [-100.505937, 29.99039], [-100.507163, 29.990623], [-100.508296, 29.990841], [-100.508328, 29.990847], [-100.508358, 29.990853], [-100.508543, 29.990888], [-100.508568, 29.990892], [-100.508592, 29.990897], [-100.508804, 29.990937], [-100.509116, 29.990997], [-100.511975, 29.991544], [-100.512153, 29.991574], [-100.513889, 29.991566], [-100.515625, 29.991554], [-100.515815, 29.991552], [-100.515846, 29.991552], [-100.516111, 29.991551], [-100.516923, 29.991544], [-100.516938, 29.991543], [-100.516952, 29.991536], [-100.518212, 29.990775], [-100.518241, 29.990758], [-100.518263, 29.990743], [-100.518448, 29.990631], [-100.518474, 29.990615], [-100.518597, 29.990538], [-100.518623, 29.990523], [-100.518648, 29.990508], [-100.518807, 29.990412], [-100.51886, 29.990381], [-100.519497, 29.989992], [-100.5198, 29.989665], [-100.519828, 29.989633], [-100.51999, 29.989457], [-100.520011, 29.989433], [-100.520138, 29.989295], [-100.520193, 29.989235], [-100.520236, 29.989188], [-100.520348, 29.989067], [-100.520367, 29.989047], [-100.520387, 29.989026], [-100.520407, 29.989004], [-100.520492, 29.98891], [-100.520797, 29.988576], [-100.520911, 29.988451], [-100.521068, 29.988279], [-100.521399, 29.987918], [-100.52164, 29.987656], [-100.522011, 29.98725], [-100.522296, 29.98693], [-100.522817, 29.986653], [-100.523222, 29.986439], [-100.523318, 29.986385], [-100.523434, 29.986284], [-100.523495, 29.98623], [-100.523788, 29.98596], [-100.523865, 29.985888], [-100.523974, 29.985787], [-100.524119, 29.985652], [-100.524172, 29.985602], [-100.524272, 29.985508], [-100.524451, 29.985304], [-100.524495, 29.985254], [-100.524671, 29.985052], [-100.525077, 29.984597], [-100.525137, 29.984524], [-100.525209, 29.984384], [-100.525241, 29.984321], [-100.5259, 29.983013], [-100.526874, 29.981948], [-100.527245, 29.981543], [-100.527314, 29.981467], [-100.527368, 29.981408], [-100.529061, 29.979559], [-100.529159, 29.979262], [-100.529208, 29.979106], [-100.529224, 29.979058], [-100.529265, 29.978931], [-100.529294, 29.978846], [-100.529561, 29.978016], [-100.529903, 29.976956], [-100.529923, 29.976894], [-100.529957, 29.976787], [-100.530024, 29.976575], [-100.530021, 29.976534], [-100.529955, 29.975936], [-100.529941, 29.975814], [-100.529905, 29.975481], [-100.529887, 29.975325], [-100.529837, 29.97488], [-100.529834, 29.974853], [-100.529809, 29.974615], [-100.52969, 29.973574], [-100.529673, 29.973402], [-100.529762, 29.973178], [-100.53008, 29.972381], [-100.530139, 29.972229], [-100.530277, 29.971888], [-100.530328, 29.971759], [-100.53046, 29.97142], [-100.530464, 29.971407], [-100.530462, 29.971393], [-100.530145, 29.970345], [-100.530103, 29.970208], [-100.530011, 29.969897], [-100.529919, 29.969591], [-100.529845, 29.969349], [-100.529768, 29.9691], [-100.529658, 29.968726], [-100.529669, 29.968679], [-100.529704, 29.968551], [-100.529819, 29.968105], [-100.53011, 29.966721], [-100.530138, 29.966585], [-100.530157, 29.966495], [-100.530187, 29.966353], [-100.530241, 29.966097], [-100.530265, 29.965982], [-100.53027, 29.965959], [-100.530304, 29.965799], [-100.530374, 29.965461], [-100.530553, 29.964642], [-100.530604, 29.964413], [-100.530635, 29.964273], [-100.530716, 29.963905], [-100.530968, 29.962756], [-100.531072, 29.962289], [-100.53116, 29.961884], [-100.531259, 29.961613], [-100.531356, 29.961346], [-100.531372, 29.961298], [-100.531382, 29.961272], [-100.531425, 29.961152], [-100.531435, 29.961128], [-100.531449, 29.961086], [-100.531458, 29.96106], [-100.5315, 29.96094], [-100.531545, 29.960819], [-100.531598, 29.960674], [-100.531621, 29.960609], [-100.531654, 29.960518], [-100.531693, 29.960411], [-100.531741, 29.960282], [-100.53177, 29.960208], [-100.531856, 29.960039], [-100.532462, 29.95887], [-100.532505, 29.958786], [-100.53274, 29.958333], [-100.532754, 29.958305], [-100.532846, 29.958128], [-100.533479, 29.956901], [-100.533583, 29.956699], [-100.533663, 29.956546], [-100.533708, 29.95646], [-100.533911, 29.956063], [-100.533994, 29.955905], [-100.534428, 29.955061], [-100.534489, 29.954937], [-100.534537, 29.954807], [-100.534611, 29.954602], [-100.534696, 29.954358], [-100.534763, 29.954166], [-100.534776, 29.954129], [-100.534828, 29.95398], [-100.534886, 29.953812], [-100.535061, 29.953314], [-100.535402, 29.952345], [-100.53557, 29.951862], [-100.535595, 29.951795], [-100.536028, 29.950563], [-100.536036, 29.950538], [-100.536072, 29.950437], [-100.536084, 29.950401], [-100.53615, 29.950209], [-100.53616, 29.950182], [-100.536469, 29.949298], [-100.536531, 29.949119], [-100.536696, 29.948653], [-100.536792, 29.948358], [-100.536936, 29.947911], [-100.537049, 29.947564], [-100.537093, 29.947422], [-100.537188, 29.947123], [-100.537208, 29.947063], [-100.537237, 29.94697], [-100.537266, 29.946883], [-100.537344, 29.946642], [-100.537548, 29.946005], [-100.537706, 29.945521], [-100.53779, 29.945258], [-100.537833, 29.945123], [-100.537877, 29.944992], [-100.537919, 29.94486], [-100.537978, 29.944677], [-100.538021, 29.94454], [-100.538088, 29.944329], [-100.538187, 29.944023], [-100.538221, 29.943918], [-100.538298, 29.943678], [-100.538976, 29.942814], [-100.53913, 29.942619], [-100.539535, 29.942101], [-100.54016, 29.941308], [-100.540327, 29.941114], [-100.540486, 29.940931], [-100.540973, 29.940373], [-100.541309, 29.93933], [-100.541311, 29.939315], [-100.541304, 29.9393], [-100.541044, 29.938899], [-100.541029, 29.938875], [-100.540889, 29.93866], [-100.540574, 29.938181], [-100.540567, 29.938163], [-100.540573, 29.938146], [-100.540586, 29.93812], [-100.540661, 29.937979], [-100.540674, 29.937955], [-100.540686, 29.937932], [-100.540697, 29.93791], [-100.54071, 29.937888], [-100.540794, 29.937731], [-100.540812, 29.937697], [-100.541171, 29.937027], [-100.541252, 29.936876], [-100.541352, 29.93669], [-100.541466, 29.936478], [-100.541969, 29.935535], [-100.542081, 29.935324], [-100.542096, 29.935297], [-100.542164, 29.935171], [-100.542328, 29.934865], [-100.543012, 29.933587], [-100.543085, 29.933452], [-100.543159, 29.933313], [-100.543216, 29.933207], [-100.543311, 29.933027], [-100.543355, 29.932946], [-100.543462, 29.932747], [-100.543611, 29.932469], [-100.543734, 29.932237], [-100.543965, 29.931805], [-100.544048, 29.931649], [-100.544085, 29.931582], [-100.544174, 29.931418], [-100.544204, 29.931361], [-100.544249, 29.931279], [-100.544321, 29.931147], [-100.54437, 29.931052], [-100.544546, 29.930723], [-100.544572, 29.930675], [-100.544666, 29.930496], [-100.54468, 29.930472], [-100.544693, 29.930448], [-100.54476, 29.930322], [-100.5448, 29.930247], [-100.544902, 29.93005], [-100.544918, 29.930021], [-100.545147, 29.929595], [-100.545552, 29.928841], [-100.545564, 29.92882], [-100.545699, 29.928569], [-100.545797, 29.928382], [-100.545854, 29.928275], [-100.545874, 29.928237], [-100.546037, 29.927934], [-100.546088, 29.927839], [-100.546147, 29.927731], [-100.546224, 29.92758], [-100.546249, 29.927505], [-100.54628, 29.927407], [-100.546517, 29.926625], [-100.54653, 29.926584], [-100.546552, 29.926509], [-100.546787, 29.92573], [-100.546897, 29.925368], [-100.546986, 29.925073], [-100.547042, 29.92489], [-100.547064, 29.924815], [-100.547074, 29.924783], [-100.547168, 29.924471], [-100.547278, 29.924104], [-100.547286, 29.924078], [-100.54737, 29.923808], [-100.54738, 29.92377], [-100.547466, 29.923485], [-100.547474, 29.923459], [-100.547607, 29.923018], [-100.54762, 29.922975], [-100.547724, 29.922631], [-100.547809, 29.92235], [-100.547839, 29.922249], [-100.547909, 29.92202], [-100.547936, 29.921931], [-100.548024, 29.921636], [-100.548035, 29.921598], [-100.548126, 29.921297], [-100.548193, 29.921074], [-100.5483, 29.92071], [-100.548341, 29.920576], [-100.548446, 29.920226], [-100.548572, 29.919812], [-100.548595, 29.919735], [-100.548634, 29.919612], [-100.548643, 29.919585], [-100.548649, 29.919567], [-100.548656, 29.919543], [-100.548664, 29.919516], [-100.548672, 29.919489], [-100.548739, 29.91926], [-100.548772, 29.919154], [-100.548818, 29.919002], [-100.54885, 29.918898], [-100.54895, 29.918565], [-100.54902, 29.918334], [-100.549103, 29.918063], [-100.549206, 29.917725], [-100.549233, 29.917633], [-100.549268, 29.91752], [-100.549328, 29.917327], [-100.549367, 29.917197], [-100.549697, 29.916098], [-100.549572, 29.914882], [-100.54955, 29.914686], [-100.549445, 29.913688], [-100.549373, 29.913004], [-100.549333, 29.912623], [-100.549262, 29.911881], [-100.549189, 29.9111], [-100.549161, 29.910801], [-100.549149, 29.910684], [-100.549146, 29.910656], [-100.549138, 29.910643], [-100.549126, 29.910641], [-100.549092, 29.910643], [-100.54892, 29.910654], [-100.548754, 29.910664], [-100.548711, 29.910667], [-100.548695, 29.910662], [-100.548691, 29.910652], [-100.548477, 29.908623], [-100.548446, 29.908345], [-100.548437, 29.908256], [-100.548428, 29.908181], [-100.548393, 29.907848], [-100.548388, 29.907799], [-100.548374, 29.907664], [-100.548368, 29.90761], [-100.54837, 29.907591], [-100.548379, 29.90758], [-100.548502, 29.907452], [-100.548573, 29.907379], [-100.548812, 29.907129], [-100.548917, 29.907019], [-100.548935, 29.907001], [-100.548991, 29.906943], [-100.54901, 29.906923], [-100.549207, 29.906716], [-100.549236, 29.906685], [-100.549366, 29.90655], [-100.549797, 29.906099], [-100.549957, 29.905931], [-100.549996, 29.905891], [-100.550279, 29.905588], [-100.550439, 29.905416], [-100.550913, 29.904912], [-100.551139, 29.904671], [-100.55123, 29.904573], [-100.551334, 29.904463], [-100.551395, 29.904394], [-100.551585, 29.904076], [-100.551724, 29.903835], [-100.552103, 29.903183], [-100.552199, 29.903019], [-100.552515, 29.902453], [-100.55266, 29.902186], [-100.552685, 29.902081], [-100.55272, 29.901915], [-100.552736, 29.90184], [-100.552743, 29.901803], [-100.552782, 29.901614], [-100.552814, 29.901457], [-100.55282, 29.901433], [-100.552825, 29.901406], [-100.552905, 29.901027], [-100.552985, 29.900645], [-100.553047, 29.900342], [-100.55307, 29.900226], [-100.553083, 29.900003], [-100.553117, 29.899297], [-100.553178, 29.898043], [-100.553173, 29.897814], [-100.55316, 29.897223], [-100.553181, 29.89708], [-100.553194, 29.896996], [-100.553307, 29.896261], [-100.55335, 29.89598], [-100.553354, 29.895953], [-100.553423, 29.895505], [-100.553477, 29.895157], [-100.553582, 29.894467], [-100.5537, 29.893698], [-100.55381, 29.892981], [-100.553813, 29.892953], [-100.553848, 29.892736], [-100.553963, 29.891984], [-100.554014, 29.891656], [-100.554034, 29.891529], [-100.554082, 29.891205], [-100.554109, 29.891032], [-100.554122, 29.890942], [-100.55414, 29.890822], [-100.554157, 29.890711], [-100.554251, 29.890095], [-100.554274, 29.889943], [-100.554347, 29.889463], [-100.554418, 29.888992], [-100.554472, 29.888636], [-100.554541, 29.888189], [-100.554574, 29.887972], [-100.554673, 29.887321], [-100.554824, 29.886329], [-100.554873, 29.88602], [-100.555225, 29.885028], [-100.555367, 29.884623], [-100.555432, 29.884442], [-100.555556, 29.884088], [-100.555567, 29.884056], [-100.555664, 29.883783], [-100.556105, 29.882542], [-100.556184, 29.88232], [-100.556226, 29.882202], [-100.556292, 29.882014], [-100.556307, 29.881969], [-100.556354, 29.881839], [-100.556553, 29.88128], [-100.556661, 29.88097], [-100.556718, 29.880812], [-100.556736, 29.880762], [-100.556784, 29.880627], [-100.556859, 29.880417], [-100.556934, 29.880204], [-100.556994, 29.880032], [-100.557133, 29.879642], [-100.557322, 29.879114], [-100.557343, 29.879053], [-100.557688, 29.87808], [-100.557759, 29.877881], [-100.557836, 29.877661], [-100.557874, 29.877553], [-100.557939, 29.877372], [-100.558011, 29.87717], [-100.558112, 29.876882], [-100.558186, 29.876672], [-100.558227, 29.876557], [-100.558262, 29.876461], [-100.558291, 29.876379], [-100.558333, 29.876262], [-100.558384, 29.876119], [-100.558393, 29.876094], [-100.558401, 29.876067], [-100.558411, 29.876041], [-100.558456, 29.875915], [-100.558466, 29.875888], [-100.558475, 29.875863], [-100.558532, 29.875701], [-100.558643, 29.875396], [-100.558692, 29.875252], [-100.558727, 29.875149], [-100.558888, 29.874693], [-100.558948, 29.874523], [-100.559109, 29.874072], [-100.559134, 29.873998], [-100.55925, 29.873672], [-100.559718, 29.872352], [-100.559782, 29.872175], [-100.560052, 29.871414], [-100.560095, 29.871157], [-100.560153, 29.8708], [-100.560195, 29.870555], [-100.560267, 29.870123], [-100.560303, 29.869904], [-100.560358, 29.869586], [-100.560383, 29.869432], [-100.560444, 29.869063], [-100.56048, 29.868841], [-100.560514, 29.868636], [-100.560535, 29.868505], [-100.56057, 29.868296], [-100.560579, 29.868247], [-100.560599, 29.86812], [-100.560619, 29.867999], [-100.560634, 29.867905], [-100.560723, 29.867373], [-100.560737, 29.867289], [-100.560863, 29.866531], [-100.560883, 29.866406], [-100.560969, 29.865892], [-100.560991, 29.865761], [-100.561009, 29.865654], [-100.561038, 29.865477], [-100.561076, 29.86526], [-100.561083, 29.865213], [-100.561096, 29.865137], [-100.56116, 29.864753], [-100.56121, 29.864449], [-100.561192, 29.864122], [-100.561184, 29.863998], [-100.561176, 29.863862], [-100.561148, 29.863387], [-100.561142, 29.863281], [-100.56114, 29.863238], [-100.561134, 29.863138], [-100.561123, 29.862936], [-100.561119, 29.862886], [-100.561106, 29.86265], [-100.561092, 29.862411], [-100.561084, 29.862258], [-100.561056, 29.861776], [-100.561046, 29.861617], [-100.56104, 29.861544], [-100.561015, 29.861449], [-100.560992, 29.861361], [-100.560917, 29.861067], [-100.560862, 29.860858], [-100.560808, 29.860652], [-100.560738, 29.860385], [-100.560296, 29.858701], [-100.560171, 29.858226], [-100.55983, 29.856917], [-100.559777, 29.856717], [-100.559615, 29.856098], [-100.559582, 29.855971], [-100.559543, 29.855828], [-100.559467, 29.855539], [-100.559366, 29.855152], [-100.559251, 29.854712], [-100.559229, 29.854629], [-100.559202, 29.854522], [-100.559188, 29.854468], [-100.559172, 29.854407], [-100.559102, 29.854142], [-100.559042, 29.853917], [-100.558994, 29.853737], [-100.558934, 29.853507], [-100.558714, 29.85266], [-100.558659, 29.852448], [-100.558272, 29.850977], [-100.55753, 29.848143], [-100.557476, 29.847943], [-100.557339, 29.847425], [-100.557326, 29.847365], [-100.557326, 29.847267], [-100.557328, 29.846958], [-100.557331, 29.846793], [-100.557491, 29.846242], [-100.557498, 29.846217], [-100.557822, 29.84513], [-100.557856, 29.845028], [-100.557916, 29.844927], [-100.558179, 29.844499], [-100.558376, 29.844183], [-100.558422, 29.84411], [-100.558602, 29.843819], [-100.558658, 29.843727], [-100.558779, 29.843529], [-100.558837, 29.843433], [-100.558877, 29.843349], [-100.559089, 29.842897], [-100.559165, 29.84273], [-100.559271, 29.842479], [-100.559364, 29.842263], [-100.559493, 29.841958], [-100.559525, 29.841884], [-100.559817, 29.841204], [-100.560122, 29.840706], [-100.560198, 29.840582], [-100.560545, 29.839845], [-100.560638, 29.83965], [-100.560745, 29.839426], [-100.560933, 29.839028], [-100.561044, 29.838795], [-100.5612, 29.838463], [-100.561293, 29.838265], [-100.561494, 29.837785], [-100.561703, 29.837287], [-100.561741, 29.837198], [-100.561864, 29.836903], [-100.561952, 29.836696], [-100.56199, 29.836605], [-100.562279, 29.83592], [-100.562374, 29.835696], [-100.562419, 29.835588], [-100.562483, 29.83544], [-100.56257, 29.835231], [-100.562635, 29.835074], [-100.562696, 29.834927], [-100.562934, 29.834362], [-100.563046, 29.834098], [-100.563141, 29.833867], [-100.563296, 29.8335], [-100.563405, 29.833232], [-100.563429, 29.833147], [-100.563488, 29.832926], [-100.563561, 29.832651], [-100.563574, 29.832603], [-100.563665, 29.83226], [-100.563723, 29.832035], [-100.563791, 29.831773], [-100.563857, 29.831518], [-100.563864, 29.831376], [-100.563876, 29.831067], [-100.563884, 29.8309], [-100.563888, 29.830787], [-100.563897, 29.830563], [-100.563905, 29.830351], [-100.563914, 29.830088], [-100.563921, 29.829882], [-100.563941, 29.829316], [-100.563944, 29.829236], [-100.563953, 29.82908], [-100.56398, 29.828991], [-100.564146, 29.828507], [-100.564212, 29.828306], [-100.564243, 29.828208], [-100.564259, 29.828082], [-100.564266, 29.82802], [-100.564282, 29.827879], [-100.564286, 29.827838], [-100.564323, 29.827549], [-100.564343, 29.827371], [-100.56436, 29.827222], [-100.564381, 29.827046], [-100.564425, 29.826657], [-100.56445, 29.826432], [-100.564546, 29.825611], [-100.564569, 29.825408], [-100.564593, 29.825205], [-100.5646, 29.825145], [-100.564612, 29.825044], [-100.564619, 29.824988], [-100.564638, 29.824832], [-100.564656, 29.824667], [-100.564692, 29.824337], [-100.564702, 29.824243], [-100.564716, 29.824127], [-100.564726, 29.824029], [-100.564738, 29.823936], [-100.564782, 29.82357], [-100.564877, 29.82325], [-100.564912, 29.823138], [-100.564954, 29.823001], [-100.565027, 29.822765], [-100.565104, 29.822517], [-100.565124, 29.822452], [-100.565162, 29.822329], [-100.565253, 29.822032], [-100.565273, 29.821966], [-100.56543, 29.821459], [-100.565775, 29.821159], [-100.565853, 29.821091], [-100.566689, 29.820357], [-100.566772, 29.820289], [-100.566855, 29.820234], [-100.567216, 29.819995], [-100.567335, 29.819917], [-100.567412, 29.819864], [-100.567421, 29.819859], [-100.567447, 29.819842], [-100.567458, 29.819835], [-100.567498, 29.819808], [-100.567546, 29.819777], [-100.567564, 29.819765], [-100.567575, 29.819758], [-100.56778, 29.819624], [-100.568058, 29.819438], [-100.568144, 29.819364], [-100.568192, 29.819323], [-100.568356, 29.819183], [-100.5686, 29.818976], [-100.568811, 29.818796], [-100.568952, 29.818674], [-100.569147, 29.818507], [-100.569509, 29.818191], [-100.569571, 29.818137], [-100.569646, 29.818073], [-100.569687, 29.818036], [-100.569869, 29.817881], [-100.570012, 29.817758], [-100.570247, 29.817554], [-100.57026, 29.81755], [-100.570273, 29.817555], [-100.570521, 29.817783], [-100.57053, 29.817793], [-100.57054, 29.817798], [-100.570555, 29.817795], [-100.570574, 29.817779], [-100.570752, 29.817629], [-100.570864, 29.817531], [-100.571136, 29.817295], [-100.571376, 29.817201], [-100.571405, 29.817189], [-100.571577, 29.817121], [-100.571792, 29.817036], [-100.571862, 29.817008], [-100.572016, 29.816945], [-100.572391, 29.816797], [-100.572504, 29.816752], [-100.572586, 29.81672], [-100.572973, 29.816564], [-100.573177, 29.816484], [-100.573402, 29.816392], [-100.573627, 29.816302], [-100.574504, 29.815955], [-100.574684, 29.815884], [-100.574818, 29.815832], [-100.575099, 29.815721], [-100.575256, 29.81566], [-100.575409, 29.815598], [-100.575663, 29.815499], [-100.575889, 29.815414], [-100.576013, 29.815365], [-100.576252, 29.81527], [-100.576588, 29.815139], [-100.576845, 29.815038], [-100.577149, 29.814918], [-100.577586, 29.814745], [-100.577685, 29.814708], [-100.577856, 29.814641], [-100.578633, 29.814334], [-100.579907, 29.813831], [-100.580186, 29.813721], [-100.580302, 29.813675], [-100.580391, 29.81364], [-100.580532, 29.813584], [-100.580613, 29.813552], [-100.580733, 29.813503], [-100.580929, 29.813427], [-100.581048, 29.813381], [-100.581212, 29.813317], [-100.581665, 29.813138], [-100.582139, 29.812948], [-100.582264, 29.812899], [-100.582492, 29.812809], [-100.582924, 29.812637], [-100.583559, 29.812389], [-100.583672, 29.812344], [-100.584009, 29.812252], [-100.584045, 29.812242], [-100.58424, 29.812191], [-100.584392, 29.81213], [-100.584642, 29.812029], [-100.584935, 29.811912], [-100.585123, 29.811838], [-100.585298, 29.811768], [-100.585345, 29.811749], [-100.585462, 29.811702], [-100.585539, 29.81167], [-100.585721, 29.811597], [-100.585941, 29.811507], [-100.586218, 29.811393], [-100.586394, 29.811322], [-100.586548, 29.811258], [-100.586657, 29.811214], [-100.586901, 29.811114], [-100.587136, 29.81102], [-100.5873, 29.810954], [-100.587473, 29.810883], [-100.587735, 29.810777], [-100.587988, 29.810673], [-100.588069, 29.81064], [-100.588319, 29.810539], [-100.588704, 29.810384], [-100.588859, 29.810323], [-100.588899, 29.810306], [-100.588981, 29.810272], [-100.589205, 29.810183], [-100.589286, 29.810149], [-100.589434, 29.81009], [-100.589519, 29.810056], [-100.589631, 29.81001], [-100.589734, 29.809967], [-100.589883, 29.809907], [-100.590061, 29.809834], [-100.590217, 29.809771], [-100.590431, 29.809685], [-100.590895, 29.809498], [-100.591021, 29.809447], [-100.591251, 29.809354], [-100.591514, 29.809246], [-100.591643, 29.809195], [-100.591839, 29.809117], [-100.591987, 29.809055], [-100.592092, 29.809012], [-100.592169, 29.808981], [-100.592489, 29.808851], [-100.592614, 29.808801], [-100.592702, 29.808765], [-100.592773, 29.808736], [-100.59289, 29.80869], [-100.5931, 29.808606], [-100.593226, 29.808555], [-100.593313, 29.808521], [-100.593679, 29.80837], [-100.593723, 29.808353], [-100.593784, 29.808328], [-100.593939, 29.808265], [-100.59416, 29.808176], [-100.594559, 29.808015], [-100.594723, 29.807948], [-100.594863, 29.807891], [-100.594981, 29.807843], [-100.595035, 29.807822], [-100.595212, 29.807749], [-100.59526, 29.80773], [-100.595445, 29.807658], [-100.595479, 29.807643], [-100.595556, 29.807612], [-100.595656, 29.807569], [-100.595725, 29.807542], [-100.595889, 29.807476], [-100.596755, 29.807124], [-100.596809, 29.807103], [-100.596894, 29.807067], [-100.597217, 29.80687], [-100.597572, 29.806654], [-100.598006, 29.806391], [-100.598531, 29.806072], [-100.598886, 29.805858], [-100.59908, 29.80574], [-100.599446, 29.805518], [-100.599488, 29.805493], [-100.599574, 29.805441], [-100.600131, 29.805101], [-100.600244, 29.805026], [-100.600316, 29.804956], [-100.600557, 29.8047], [-100.600953, 29.804281], [-100.601083, 29.804143], [-100.601456, 29.803748], [-100.601583, 29.803615], [-100.601658, 29.803537], [-100.601848, 29.803335], [-100.602002, 29.803171], [-100.602098, 29.803069], [-100.602196, 29.802964], [-100.602311, 29.802843], [-100.602407, 29.802741], [-100.60255, 29.802588], [-100.602818, 29.802303], [-100.602826, 29.802296], [-100.603, 29.802112], [-100.603484, 29.801596], [-100.603845, 29.801411], [-100.604389, 29.801097], [-100.604591, 29.800986], [-100.605192, 29.800654], [-100.60565, 29.800401], [-100.605698, 29.800375], [-100.605891, 29.800268], [-100.606057, 29.800176], [-100.606368, 29.800005], [-100.606484, 29.79994], [-100.606681, 29.79983], [-100.606704, 29.799817], [-100.606835, 29.799744], [-100.606947, 29.799683], [-100.606978, 29.799667], [-100.607, 29.799654], [-100.607426, 29.799421], [-100.607758, 29.799237], [-100.607934, 29.79914], [-100.608105, 29.799046], [-100.608144, 29.799024], [-100.608248, 29.798967], [-100.608291, 29.798944], [-100.609326, 29.798368], [-100.609445, 29.798171], [-100.610115, 29.796937], [-100.610257, 29.796681], [-100.610492, 29.796259], [-100.610521, 29.796209], [-100.610981, 29.795368], [-100.611082, 29.795186], [-100.611125, 29.795109], [-100.611181, 29.795009], [-100.611228, 29.794923], [-100.61128, 29.794828], [-100.611747, 29.793981], [-100.611939, 29.793632], [-100.61196, 29.793594], [-100.612186, 29.793187], [-100.6122, 29.793162], [-100.612341, 29.792908], [-100.612367, 29.792862], [-100.61239, 29.792819], [-100.612536, 29.792557], [-100.61257, 29.792495], [-100.612687, 29.792279], [-100.612808, 29.792061], [-100.61283, 29.792019], [-100.613027, 29.791662], [-100.613111, 29.791511], [-100.613222, 29.791309], [-100.61328, 29.791203], [-100.613422, 29.790948], [-100.613466, 29.790868], [-100.613499, 29.790809], [-100.613559, 29.790698], [-100.613715, 29.790419], [-100.61377, 29.7904], [-100.613831, 29.790382], [-100.614056, 29.790314], [-100.614086, 29.790304], [-100.614116, 29.790295], [-100.61417, 29.790278], [-100.614334, 29.79023], [-100.614998, 29.790026], [-100.615215, 29.78994], [-100.615983, 29.78962], [-100.616097, 29.789519], [-100.616334, 29.789305], [-100.616491, 29.789163], [-100.61685, 29.788842], [-100.616861, 29.788829], [-100.616863, 29.788813], [-100.616861, 29.788627], [-100.616861, 29.788445], [-100.616851, 29.788336], [-100.616836, 29.788204], [-100.616792, 29.7878], [-100.616784, 29.787724], [-100.616776, 29.787651], [-100.61677, 29.7876], [-100.616757, 29.787474], [-100.616736, 29.787269], [-100.616733, 29.787242], [-100.616718, 29.787092], [-100.616716, 29.787065], [-100.616714, 29.787038], [-100.616711, 29.787011], [-100.616709, 29.786984], [-100.616691, 29.786784], [-100.616685, 29.786723], [-100.616663, 29.786479], [-100.61666, 29.78645], [-100.616635, 29.786159], [-100.616599, 29.785711], [-100.616597, 29.785688], [-100.616581, 29.785517], [-100.616563, 29.785321], [-100.616553, 29.785189], [-100.616402, 29.783451], [-100.616345, 29.782798], [-100.616266, 29.781907], [-100.616242, 29.781628], [-100.616182, 29.78093], [-100.616148, 29.780561], [-100.616117, 29.780334], [-100.615816, 29.778231], [-100.615784, 29.778008], [-100.615659, 29.777126], [-100.615612, 29.776795], [-100.615543, 29.776322], [-100.615537, 29.776278], [-100.615514, 29.776116], [-100.615386, 29.775219], [-100.615356, 29.775006], [-100.615333, 29.77485], [-100.615314, 29.774718], [-100.615292, 29.774568], [-100.615275, 29.774447], [-100.615271, 29.77442], [-100.615254, 29.774297], [-100.615187, 29.773827], [-100.615086, 29.773117], [-100.615062, 29.772953], [-100.615021, 29.772694], [-100.614973, 29.772596], [-100.614833, 29.772308], [-100.614745, 29.772139], [-100.614694, 29.772037], [-100.614617, 29.77188], [-100.614605, 29.771855], [-100.614592, 29.77183], [-100.614501, 29.771649], [-100.614323, 29.771287], [-100.614125, 29.770888], [-100.613818, 29.770265], [-100.613658, 29.769944], [-100.613524, 29.769671], [-100.61339, 29.769399], [-100.613338, 29.769293], [-100.613089, 29.768782], [-100.613054, 29.768652], [-100.612776, 29.76752], [-100.612692, 29.767182], [-100.612566, 29.766668], [-100.612506, 29.766422], [-100.612347, 29.765781], [-100.612338, 29.765747], [-100.612329, 29.765712], [-100.612277, 29.765498], [-100.612257, 29.765414], [-100.612244, 29.76536], [-100.612203, 29.765191], [-100.612086, 29.764667], [-100.612031, 29.764414], [-100.611942, 29.764156], [-100.611932, 29.76414], [-100.611919, 29.764132], [-100.611849, 29.764101], [-100.611637, 29.764003], [-100.611358, 29.763875], [-100.611052, 29.763732], [-100.610852, 29.763641], [-100.610706, 29.76357], [-100.610581, 29.763512], [-100.610529, 29.763487], [-100.610375, 29.763416], [-100.610115, 29.763298], [-100.609821, 29.763159], [-100.609767, 29.763135], [-100.609677, 29.763093], [-100.609579, 29.763047], [-100.609534, 29.763027], [-100.609424, 29.762976], [-100.60924, 29.762976], [-100.608953, 29.762979], [-100.608849, 29.762981], [-100.608703, 29.762984], [-100.608481, 29.762989], [-100.608121, 29.762995], [-100.607882, 29.762998], [-100.607725, 29.763001], [-100.607519, 29.763005], [-100.60693, 29.763013], [-100.60681, 29.763015], [-100.606678, 29.763017], [-100.606256, 29.763024], [-100.605955, 29.763027], [-100.605874, 29.763028], [-100.605631, 29.763032], [-100.605474, 29.763034], [-100.605125, 29.76304], [-100.604641, 29.763047], [-100.604383, 29.763052], [-100.604161, 29.763055], [-100.60403, 29.763058], [-100.603817, 29.76306], [-100.603406, 29.763066], [-100.603161, 29.76307], [-100.602873, 29.763075], [-100.602672, 29.763079], [-100.602452, 29.763082], [-100.602382, 29.763083], [-100.602319, 29.763084], [-100.602086, 29.763086], [-100.601898, 29.763091], [-100.601592, 29.763096], [-100.60126, 29.763073], [-100.601137, 29.763066], [-100.600848, 29.763045], [-100.60072, 29.763037], [-100.600439, 29.763019], [-100.600375, 29.763015], [-100.600083, 29.762994], [-100.599774, 29.762976], [-100.599284, 29.762945], [-100.599123, 29.762935], [-100.598805, 29.762914], [-100.598575, 29.762897], [-100.598498, 29.762892], [-100.598266, 29.762902], [-100.5981, 29.762909], [-100.598015, 29.762913], [-100.597822, 29.762921], [-100.597625, 29.76293], [-100.597346, 29.762941], [-100.597165, 29.76295], [-100.596949, 29.762959], [-100.596348, 29.762795], [-100.596052, 29.762606], [-100.595865, 29.762486], [-100.595794, 29.76244], [-100.595683, 29.762369], [-100.595295, 29.762119], [-100.595116, 29.762079], [-100.594903, 29.762035], [-100.594652, 29.761981], [-100.594181, 29.761882], [-100.593918, 29.761826], [-100.593749, 29.76179], [-100.593577, 29.761753], [-100.593235, 29.761681], [-100.592924, 29.761617], [-100.592905, 29.76161], [-100.592894, 29.761592], [-100.592873, 29.761528], [-100.592865, 29.761504], [-100.592858, 29.761482], [-100.59285, 29.76146], [-100.592784, 29.761256], [-100.592759, 29.761177], [-100.592729, 29.761086], [-100.592709, 29.761025], [-100.592729, 29.760752], [-100.592763, 29.760331], [-100.592803, 29.760251], [-100.592877, 29.760105], [-100.593008, 29.759846], [-100.593021, 29.759821], [-100.593093, 29.759678], [-100.593228, 29.759407], [-100.5933, 29.759265], [-100.593339, 29.759187], [-100.593387, 29.759097], [-100.593443, 29.758999], [-100.593566, 29.75877], [-100.593545, 29.758537], [-100.593504, 29.758091], [-100.59349, 29.75793], [-100.593471, 29.757735], [-100.593434, 29.757336], [-100.593418, 29.75719], [-100.593326, 29.757011], [-100.593264, 29.75689], [-100.593177, 29.756726], [-100.593051, 29.756484], [-100.592895, 29.756187], [-100.592704, 29.755825], [-100.592521, 29.755473], [-100.592166, 29.755018], [-100.591757, 29.754489], [-100.591035, 29.753565], [-100.590306, 29.752966], [-100.590172, 29.752855], [-100.590148, 29.752835], [-100.589925, 29.752651], [-100.58985, 29.752588], [-100.589757, 29.752462], [-100.58937, 29.75189], [-100.589184, 29.751454], [-100.589093, 29.751238], [-100.58903, 29.75109], [-100.588992, 29.750996], [-100.588909, 29.750798], [-100.588844, 29.750644], [-100.588717, 29.750338], [-100.588661, 29.750202], [-100.588579, 29.75001], [-100.588466, 29.749829], [-100.58819, 29.749384], [-100.588065, 29.749255], [-100.587905, 29.749094], [-100.587554, 29.74874], [-100.587492, 29.748685], [-100.58721, 29.748438], [-100.58681, 29.748087], [-100.586688, 29.74793], [-100.586585, 29.747794], [-100.586561, 29.747762], [-100.586467, 29.747636], [-100.586382, 29.747521], [-100.586266, 29.747369], [-100.586046, 29.747156], [-100.585873, 29.746987], [-100.585756, 29.746878], [-100.585716, 29.746863], [-100.585557, 29.746818], [-100.585367, 29.746764], [-100.585206, 29.746719], [-100.584966, 29.746653], [-100.584736, 29.746588], [-100.58467, 29.746571], [-100.584381, 29.746488], [-100.583966, 29.74637], [-100.58356, 29.746147], [-100.583452, 29.746087], [-100.582793, 29.745724], [-100.582565, 29.745628], [-100.582508, 29.745604], [-100.582366, 29.745542], [-100.582341, 29.745531], [-100.582111, 29.745433], [-100.581929, 29.745354], [-100.581274, 29.745128], [-100.581079, 29.745059], [-100.580917, 29.745002], [-100.580626, 29.744902], [-100.579433, 29.744486], [-100.579339, 29.744453], [-100.578789, 29.744264], [-100.57844, 29.744093], [-100.578198, 29.743973], [-100.577953, 29.743811], [-100.577563, 29.743553], [-100.577223, 29.743199], [-100.577125, 29.743096], [-100.576932, 29.742895], [-100.576525, 29.742304], [-100.576286, 29.74196], [-100.576155, 29.741773], [-100.575973, 29.741513], [-100.575661, 29.74107], [-100.575494, 29.740708], [-100.575456, 29.740554], [-100.57543, 29.740438], [-100.575469, 29.739893], [-100.575708, 29.739432], [-100.575898, 29.73927], [-100.576169, 29.739152], [-100.576267, 29.739109], [-100.576563, 29.738978], [-100.576639, 29.738945], [-100.577008, 29.73878], [-100.577462, 29.738577], [-100.577557, 29.738534], [-100.577669, 29.738484], [-100.578004, 29.738333], [-100.578051, 29.738311], [-100.578123, 29.738277], [-100.578618, 29.737611], [-100.578857, 29.737022], [-100.578998, 29.736673], [-100.579258, 29.736025], [-100.579753, 29.734791], [-100.579788, 29.734707], [-100.57985, 29.73455], [-100.579859, 29.734527], [-100.57987, 29.734501], [-100.580153, 29.733791], [-100.580095, 29.733516], [-100.579988, 29.733356], [-100.579893, 29.733214], [-100.579774, 29.733043], [-100.57975, 29.733008], [-100.579331, 29.732388], [-100.579216, 29.73221], [-100.579181, 29.732121], [-100.579137, 29.732008], [-100.579083, 29.731862], [-100.579045, 29.731762], [-100.579027, 29.731711], [-100.578975, 29.731568], [-100.578931, 29.73145], [-100.578756, 29.730969], [-100.578689, 29.730785], [-100.578556, 29.730427], [-100.578531, 29.730361], [-100.578466, 29.730179], [-100.578379, 29.729942], [-100.578278, 29.729666], [-100.578195, 29.729437], [-100.578132, 29.729265], [-100.578042, 29.729019], [-100.577991, 29.728879], [-100.577911, 29.728618], [-100.577856, 29.728468], [-100.577796, 29.7283], [-100.577719, 29.728091], [-100.577685, 29.727996], [-100.577643, 29.727881], [-100.577532, 29.727573], [-100.577475, 29.727409], [-100.57735, 29.727007], [-100.577243, 29.726676], [-100.577194, 29.726525], [-100.577123, 29.725957], [-100.57705, 29.725352], [-100.576932, 29.724366], [-100.576949, 29.723855], [-100.576961, 29.723567], [-100.576977, 29.723191], [-100.57699, 29.722881], [-100.577019, 29.722142], [-100.577024, 29.722018], [-100.577039, 29.721621], [-100.577046, 29.721472], [-100.577052, 29.721278], [-100.577059, 29.7211], [-100.577066, 29.720935], [-100.577073, 29.720659], [-100.577075, 29.720597], [-100.577077, 29.720497], [-100.57733, 29.719908], [-100.577419, 29.719698], [-100.577518, 29.719465], [-100.578096, 29.718113], [-100.57822, 29.717825], [-100.578313, 29.71761], [-100.578333, 29.717564], [-100.578463, 29.717258], [-100.578505, 29.717157], [-100.578585, 29.716968], [-100.578636, 29.716846], [-100.578647, 29.716821], [-100.578708, 29.716678], [-100.578845, 29.716357], [-100.578933, 29.716154], [-100.579026, 29.715938], [-100.579057, 29.715866], [-100.579125, 29.715704], [-100.579163, 29.715539], [-100.579279, 29.71502], [-100.579294, 29.714958], [-100.579307, 29.714896], [-100.57932, 29.71478], [-100.579333, 29.714651], [-100.579342, 29.714548], [-100.579366, 29.71429], [-100.57937, 29.714234], [-100.579375, 29.71419], [-100.579413, 29.713839], [-100.5794, 29.71367], [-100.579367, 29.713338], [-100.579347, 29.713135], [-100.579334, 29.713002], [-100.579328, 29.712925], [-100.579324, 29.712892], [-100.579295, 29.712605], [-100.579251, 29.712146], [-100.579228, 29.711931], [-100.579214, 29.711768], [-100.579167, 29.711605], [-100.579085, 29.711314], [-100.579039, 29.711154], [-100.578982, 29.710961], [-100.578964, 29.710897], [-100.578867, 29.710568], [-100.578835, 29.710365], [-100.578824, 29.710303], [-100.578806, 29.710182], [-100.578788, 29.710062], [-100.578784, 29.710036], [-100.578755, 29.70985], [-100.578745, 29.709787], [-100.578733, 29.709713], [-100.578717, 29.709613], [-100.578706, 29.70955], [-100.578696, 29.709485], [-100.578671, 29.70932], [-100.578634, 29.709073], [-100.578599, 29.708854], [-100.578578, 29.708716], [-100.57857, 29.708619], [-100.578547, 29.708194], [-100.578535, 29.707976], [-100.578518, 29.707639], [-100.578531, 29.707408], [-100.578544, 29.707238], [-100.578547, 29.7072], [-100.578565, 29.706939], [-100.578596, 29.706753], [-100.578611, 29.706666], [-100.578668, 29.706337], [-100.578696, 29.706221], [-100.578801, 29.705796], [-100.578834, 29.705659], [-100.578843, 29.705624], [-100.578974, 29.705444], [-100.578995, 29.705359], [-100.57905, 29.705143], [-100.579079, 29.705025], [-100.579046, 29.704799], [-100.57908, 29.704667], [-100.579165, 29.704323], [-100.579269, 29.703898], [-100.579369, 29.703492], [-100.579376, 29.703466], [-100.579452, 29.703154], [-100.579496, 29.702971], [-100.579532, 29.702829], [-100.579548, 29.702764], [-100.579579, 29.702641], [-100.579586, 29.702614], [-100.579723, 29.702057], [-100.579777, 29.701835], [-100.579783, 29.701807], [-100.579912, 29.701296], [-100.580067, 29.700932], [-100.580154, 29.700731], [-100.58032, 29.700349], [-100.580331, 29.700324], [-100.580562, 29.699791], [-100.580603, 29.699698], [-100.58072, 29.699426], [-100.580767, 29.699319], [-100.580819, 29.699199], [-100.580958, 29.698877], [-100.580984, 29.698816], [-100.581082, 29.698592], [-100.581094, 29.698566], [-100.581136, 29.698469], [-100.581161, 29.698412], [-100.581219, 29.698272], [-100.581268, 29.698156], [-100.581525, 29.697894], [-100.581704, 29.69748], [-100.581708, 29.697248], [-100.581711, 29.697135], [-100.581759, 29.697024], [-100.58177, 29.696998], [-100.581916, 29.696666], [-100.581952, 29.696582], [-100.582073, 29.696307], [-100.582257, 29.695881], [-100.582344, 29.695681], [-100.58277, 29.695169], [-100.582802, 29.69513], [-100.583465, 29.694799], [-100.583522, 29.694771], [-100.583599, 29.694733], [-100.583698, 29.694684], [-100.583974, 29.694547], [-100.584646, 29.694213], [-100.584912, 29.694081], [-100.585142, 29.693965], [-100.585305, 29.693884], [-100.585369, 29.693852], [-100.585588, 29.693742], [-100.585974, 29.69355], [-100.58624, 29.693419], [-100.58647, 29.693304], [-100.586582, 29.693249], [-100.586612, 29.693234], [-100.586636, 29.693222], [-100.586663, 29.693209], [-100.586749, 29.693166], [-100.586776, 29.693154], [-100.586803, 29.693141], [-100.586919, 29.693089], [-100.586951, 29.693074], [-100.586985, 29.693058], [-100.587021, 29.693042], [-100.587096, 29.693007], [-100.58727, 29.692926], [-100.58741, 29.69286], [-100.587438, 29.692847], [-100.587467, 29.692835], [-100.587556, 29.692793], [-100.587643, 29.692753], [-100.587683, 29.692734], [-100.588094, 29.692542], [-100.588139, 29.692521], [-100.588337, 29.692346], [-100.5884, 29.692291], [-100.588735, 29.691965], [-100.589409, 29.691218], [-100.589677, 29.690919], [-100.589801, 29.690783], [-100.590006, 29.690534], [-100.590114, 29.690401], [-100.590314, 29.690159], [-100.590395, 29.690061], [-100.590553, 29.689865], [-100.590891, 29.689474], [-100.591045, 29.689297], [-100.591105, 29.689228], [-100.591215, 29.689099], [-100.591252, 29.689055], [-100.591344, 29.688947], [-100.591411, 29.688869], [-100.591479, 29.688788], [-100.59151, 29.688753], [-100.591544, 29.688714], [-100.591576, 29.688677], [-100.591627, 29.688618], [-100.591646, 29.688596], [-100.591766, 29.68846], [-100.591785, 29.688438], [-100.591803, 29.688416], [-100.591822, 29.688395], [-100.591841, 29.688374], [-100.591883, 29.688324], [-100.592354, 29.687778], [-100.592377, 29.687752], [-100.592395, 29.68773], [-100.59241, 29.687712], [-100.592428, 29.687692], [-100.592449, 29.687668], [-100.59265, 29.687434], [-100.592943, 29.68709], [-100.593056, 29.686958], [-100.593314, 29.686662], [-100.593378, 29.686593], [-100.593446, 29.686527], [-100.593463, 29.686512], [-100.59348, 29.686495], [-100.593644, 29.686344], [-100.593682, 29.68631], [-100.59371, 29.686285], [-100.593799, 29.686204], [-100.593839, 29.686169], [-100.593917, 29.686096], [-100.594725, 29.684884], [-100.595315, 29.683629], [-100.595431, 29.683206], [-100.595454, 29.683115], [-100.595486, 29.682994], [-100.595547, 29.682376], [-100.59563, 29.682064], [-100.595698, 29.681801], [-100.595768, 29.681537], [-100.595782, 29.681483], [-100.596109, 29.680247], [-100.596145, 29.680106], [-100.596184, 29.679955], [-100.596212, 29.679851], [-100.596239, 29.679746], [-100.596246, 29.679718], [-100.596254, 29.679686], [-100.596309, 29.679478], [-100.596316, 29.67945], [-100.596337, 29.679368], [-100.596366, 29.679259], [-100.596431, 29.679008], [-100.596474, 29.678849], [-100.59649, 29.678786], [-100.596518, 29.678679], [-100.596535, 29.678619], [-100.596571, 29.67848], [-100.596586, 29.678429], [-100.596735, 29.677856], [-100.596946, 29.677051], [-100.597181, 29.67615], [-100.597239, 29.675936], [-100.597483, 29.674993], [-100.598203, 29.674539], [-100.59843, 29.674204], [-100.59963, 29.672959], [-100.599711, 29.672825], [-100.599755, 29.67268], [-100.599758, 29.672528], [-100.599704, 29.672291], [-100.599588, 29.671805], [-100.5995, 29.671443], [-100.599494, 29.671417], [-100.599487, 29.671391], [-100.599455, 29.671254], [-100.599404, 29.671035], [-100.599375, 29.670913], [-100.599316, 29.670673], [-100.599341, 29.670542], [-100.599495, 29.670324], [-100.599627, 29.670135], [-100.599777, 29.669926], [-100.601096, 29.668112], [-100.601356, 29.667754], [-100.605, 29.662668], [-100.605454, 29.662033], [-100.605718, 29.661665], [-100.606034, 29.661238], [-100.606161, 29.661069], [-100.606202, 29.661013], [-100.606291, 29.660894], [-100.606359, 29.660801], [-100.606549, 29.660547], [-100.606732, 29.660303], [-100.606845, 29.660154], [-100.607069, 29.659841], [-100.607128, 29.659673], [-100.60714, 29.659521], [-100.607112, 29.659371], [-100.606727, 29.658476], [-100.606758, 29.65837], [-100.606858, 29.658021], [-100.606908, 29.657852], [-100.60839, 29.656372], [-100.608806, 29.655953], [-100.610588, 29.654163], [-100.610691, 29.654058], [-100.610738, 29.654012], [-100.611893, 29.652855], [-100.612034, 29.652808], [-100.612103, 29.652679], [-100.61218, 29.652562], [-100.612985, 29.651756], [-100.613293, 29.651432], [-100.613672, 29.650979], [-100.613955, 29.650591], [-100.614378, 29.649933], [-100.614842, 29.649203], [-100.615407, 29.648704], [-100.615647, 29.647904], [-100.615665, 29.647734], [-100.615691, 29.647496], [-100.615716, 29.647244], [-100.615756, 29.646834], [-100.615784, 29.646525], [-100.615797, 29.6464], [-100.615822, 29.646119], [-100.615833, 29.646015], [-100.615919, 29.645893], [-100.616083, 29.645662], [-100.616206, 29.64455], [-100.616223, 29.644408], [-100.616227, 29.644377], [-100.616222, 29.644353], [-100.616192, 29.644341], [-100.61497, 29.644249], [-100.614941, 29.644237], [-100.614936, 29.644213], [-100.614939, 29.644169], [-100.614955, 29.644005], [-100.614972, 29.64384], [-100.614975, 29.643814], [-100.614992, 29.643657], [-100.615034, 29.642909], [-100.615036, 29.642861], [-100.615108, 29.642711], [-100.615116, 29.642693], [-100.615125, 29.642674], [-100.615162, 29.642599], [-100.615279, 29.642374], [-100.615347, 29.642246], [-100.615445, 29.642059], [-100.615464, 29.642022], [-100.615483, 29.641985], [-100.615502, 29.641948], [-100.615544, 29.641865], [-100.615564, 29.641826], [-100.615577, 29.641799], [-100.615596, 29.641763], [-100.615699, 29.641555], [-100.615703, 29.641533], [-100.615694, 29.641519], [-100.6154, 29.641154], [-100.615382, 29.641132], [-100.615137, 29.640826], [-100.615089, 29.64074], [-100.615066, 29.640698], [-100.615049, 29.640668], [-100.615029, 29.640631], [-100.614944, 29.640474], [-100.614899, 29.640392], [-100.614882, 29.640362], [-100.614744, 29.640111], [-100.614683, 29.640068], [-100.614622, 29.640035], [-100.614395, 29.639896], [-100.614338, 29.639861], [-100.614008, 29.639659], [-100.61398, 29.639641], [-100.613568, 29.639393], [-100.613506, 29.639355], [-100.613337, 29.63925], [-100.61331, 29.639234], [-100.613284, 29.639219], [-100.613014, 29.639055], [-100.612988, 29.639039], [-100.612942, 29.63901], [-100.612803, 29.63875], [-100.612481, 29.638054], [-100.612359, 29.637791], [-100.612284, 29.637622], [-100.612315, 29.637435], [-100.612453, 29.637103], [-100.612532, 29.637044], [-100.613412, 29.636463], [-100.613664, 29.636295], [-100.613918, 29.63612], [-100.614092, 29.636002], [-100.614963, 29.635616], [-100.615258, 29.635486], [-100.615621, 29.635325], [-100.61611, 29.635109], [-100.616596, 29.63476], [-100.6175, 29.634108], [-100.617841, 29.633859], [-100.619547, 29.632622], [-100.619699, 29.632401], [-100.619715, 29.632377], [-100.619841, 29.632187], [-100.619879, 29.632131], [-100.619895, 29.632107], [-100.619914, 29.632079], [-100.619958, 29.632013], [-100.620074, 29.631838], [-100.620308, 29.631488], [-100.62038, 29.631381], [-100.620698, 29.630909], [-100.62084, 29.630696], [-100.620918, 29.630576], [-100.620918, 29.630448], [-100.620914, 29.630168], [-100.620923, 29.630092], [-100.620942, 29.629931], [-100.620946, 29.629896], [-100.620949, 29.629868], [-100.62097, 29.629692], [-100.620984, 29.629588], [-100.621069, 29.628909], [-100.621094, 29.628738], [-100.621202, 29.62866], [-100.622444, 29.628084], [-100.622696, 29.627969], [-100.622954, 29.62785], [-100.62317, 29.627752], [-100.623379, 29.627657], [-100.623417, 29.627637], [-100.624753, 29.627023], [-100.625001, 29.62691], [-100.625056, 29.626886], [-100.625183, 29.626826], [-100.625422, 29.626716], [-100.62629, 29.626319], [-100.626519, 29.626258], [-100.626794, 29.62619], [-100.626989, 29.626141], [-100.627018, 29.626135], [-100.627411, 29.626039], [-100.627473, 29.626024], [-100.62757, 29.626002], [-100.627688, 29.625996], [-100.628425, 29.625987], [-100.628634, 29.625985], [-100.62878, 29.625984], [-100.628925, 29.625982], [-100.629136, 29.62598], [-100.629329, 29.625977], [-100.629436, 29.625975], [-100.629944, 29.62597], [-100.629967, 29.625966], [-100.62998, 29.625952], [-100.630175, 29.625671], [-100.630293, 29.6255], [-100.630473, 29.625238], [-100.63057, 29.625099], [-100.630619, 29.62503], [-100.632699, 29.622029], [-100.632874, 29.621775], [-100.632911, 29.621722]]}},
{"type": "Feature", "properties": {"ProjectID": "P2675", "TPMS_ID": 4683078, "OPER_LINK": 0, "OPS_ID": 0, "P5_NUM": "253113", "OPER_NM": "EPIC CONSOLIDATED OPS, LLC", "SYS_NM": "EPIC NGL SYSTEM", "SUBSYS_NM": "203-BENEDUM TO ROBSTOWN SP3", "T4PERMIT": "09817", "DIAMETER": 24.0, "COMMODITY1": "HVL", "COMMODITY2": null, "COMMODITY3": null, "CMDTY_DESC": "HIGHLY VOLATILE LIQUID", "INTERSTATE": "N", "STATUS_CD": "I", "QUALITY_CD": "G", "SYSTYPE": "Q", "COUNTY": "435", "COM_CARRIE": "Y", "PLINE_ID": "203", "SYS_ID": "965292", "NPMS_SYS_I": 0, "ALBERS_MIL": 15.3589928594, "LENGTH": 0.0}, "geometry": {"type": "LineString", "coordinates": [[-100.574305, 30.288111], [-100.574298, 30.288096]]}},
{"type": "Feature", "properties": {"ProjectID": "P2675", "TPMS_ID": 3328117, "OPER_LINK": 0, "OPS_ID": 0, "P5_NUM": "253113", "OPER_NM": "EPIC CONSOLIDATED OPS, LLC", "SYS_NM": "EPIC PRODUCTS PIPELINE", "SUBSYS_NM": "ROBSTOWN TO MARKHAM", "T4PERMIT": "10072", "DIAMETER": 12.75, "COMMODITY1": "HVL", "COMMODITY2": null, "COMMODITY3": null, "CMDTY_DESC": "HIGHLY VOLATILE LIQUID", "INTERSTATE": "N", "STATUS_CD": "I", "QUALITY_CD": "G", "SYSTYPE": "Q", "COUNTY": "239", "COM_CARRIE": "Y", "PLINE_ID": "ROBSTOWN TO MARKHAM", "SYS_ID": "966173", "NPMS_SYS_I": 0, "ALBERS_MIL": 26.7373492225, "LENGTH": 0.0}, "geometry": {"type": "LineString", "coordinates": [[-96.30985, 28.941725], [-96.310304, 28.939212], [-96.313127, 28.938103], [-96.318413, 28.936061], [-96.329907, 28.931516], [-96.331145, 28.930843], [-96.331294, 28.930784], [-96.332688, 28.930416], [-96.337176, 28.92864], [-96.339836, 28.927588], [-96.340403, 28.927387], [-96.351503, 28.923501], [-96.360913, 28.919928], [-96.375726, 28.91273], [-96.380607, 28.910264], [-96.388305, 28.90656], [-96.389741, 28.905976], [-96.390749, 28.905383], [-96.405085, 28.898467], [-96.406083, 28.897986], [-96.406502, 28.897939], [-96.414639, 28.894007], [-96.420311, 28.891281], [-96.422763, 28.890102], [-96.423194, 28.889925], [-96.425555, 28.889087], [-96.425664, 28.889033], [-96.425714, 28.889015], [-96.426515, 28.888752], [-96.427144, 28.888541], [-96.427673, 28.888364], [-96.428167, 28.888198], [-96.428474, 28.888089], [-96.42873, 28.888006], [-96.433004, 28.885647], [-96.433058, 28.885548], [-96.435788, 28.883568], [-96.437949, 28.882015], [-96.438943, 28.881448], [-96.441209, 28.880142], [-96.444293, 28.878397], [-96.464406, 28.866798], [-96.467483, 28.865076], [-96.48443, 28.856709], [-96.487104, 28.856564], [-96.488984, 28.856463], [-96.490871, 28.856362], [-96.492718, 28.856262], [-96.494589, 28.856161], [-96.496457, 28.856062], [-96.497763, 28.855992], [-96.497887, 28.855999], [-96.498343, 28.855974], [-96.500182, 28.855878], [-96.502076, 28.855778], [-96.503356, 28.855712], [-96.503479, 28.855692], [-96.503951, 28.855668], [-96.505804, 28.85557], [-96.507715, 28.855469], [-96.509585, 28.855372], [-96.510293, 28.855358], [-96.510418, 28.855369], [-96.511227, 28.855352], [-96.513359, 28.855191], [-96.51523, 28.855089], [-96.517047, 28.854996], [-96.518917, 28.854899], [-96.520147, 28.854835], [-96.520872, 28.85545], [-96.524105, 28.85539], [-96.524907, 28.854571], [-96.52646, 28.854488], [-96.528342, 28.854388], [-96.528798, 28.854379], [-96.530163, 28.854309], [-96.531771, 28.854222], [-96.531894, 28.854202], [-96.532045, 28.854194], [-96.533918, 28.854097], [-96.535736, 28.854003], [-96.537654, 28.853904], [-96.53953, 28.853804], [-96.541433, 28.853703], [-96.542927, 28.853619], [-96.54305, 28.853598], [-96.543271, 28.853586], [-96.545144, 28.853461], [-96.547003, 28.853335], [-96.548926, 28.853202], [-96.551153, 28.853052], [-96.551268, 28.853058], [-96.552197, 28.852996], [-96.555277, 28.853678], [-96.555354, 28.854373], [-96.555662, 28.854347], [-96.556006, 28.854306], [-96.556126, 28.854278], [-96.558363, 28.854013], [-96.561712, 28.853509], [-96.568815, 28.852238], [-96.585028, 28.849309], [-96.587021, 28.848951], [-96.592486, 28.847971], [-96.594745, 28.847566], [-96.597574, 28.847049], [-96.600319, 28.846568], [-96.600171, 28.845818], [-96.601202, 28.845661], [-96.602773, 28.844779], [-96.622416, 28.833827], [-96.624649, 28.832683], [-96.624691, 28.832421], [-96.631641, 28.827319], [-96.638033, 28.822916], [-96.63814, 28.82286], [-96.648872, 28.815465], [-96.651466, 28.81401], [-96.652313, 28.814956], [-96.655457, 28.813142], [-96.658542, 28.811346], [-96.660345, 28.810272], [-96.660439, 28.8102], [-96.664667, 28.807682], [-96.669757, 28.804503], [-96.670173, 28.804239], [-96.670281, 28.804187], [-96.676232, 28.800399], [-96.676399, 28.800275], [-96.687252, 28.793364], [-96.687674, 28.793092], [-96.687782, 28.793039], [-96.692684, 28.789875], [-96.693862, 28.789113], [-96.698059, 28.785588]]}},
{"type": "Feature", "properties": {"ProjectID": "P2675", "TPMS_ID": 4683064, "OPER_LINK": 0, "OPS_ID": 0, "P5_NUM": "253113", "OPER_NM": "EPIC CONSOLIDATED OPS, LLC", "SYS_NM": "EPIC NGL SYSTEM", "SUBSYS_NM": "203-BENEDUM TO ROBSTOWN SP5", "T4PERMIT": "09817", "DIAMETER": 24.0, "COMMODITY1": "HVL", "COMMODITY2": null, "COMMODITY3": null, "CMDTY_DESC": "HIGHLY VOLATILE LIQUID", "INTERSTATE": "N", "STATUS_CD": "I", "QUALITY_CD": "G", "SYSTYPE": "Q", "COUNTY": "355", "COM_CARRIE": "Y", "PLINE_ID": "203", "SYS_ID": "965292", "NPMS_SYS_I": 0, "ALBERS_MIL": 19.9730210012, "LENGTH": 0.0}, "geometry": {"type": "LineString", "coordinates": [[-97.933787, 27.799876], [-97.933787, 27.799876]]}},
{"type": "Feature", "properties": {"ProjectID": "P2675", "TPMS_ID": 4683082, "OPER_LINK": 0, "OPS_ID": 0, "P5_NUM": "253113", "OPER_NM": "EPIC CONSOLIDATED OPS, LLC", "SYS_NM": "EPIC NGL SYSTEM", "SUBSYS_NM": "203-BENEDUM TO ROBSTOWN SP5", "T4PERMIT": "09817", "DIAMETER": 24.0, "COMMODITY1": "HVL", "COMMODITY2": null, "COMMODITY3": null, "CMDTY_DESC": "HIGHLY VOLATILE LIQUID", "INTERSTATE": "N", "STATUS_CD": "I", "QUALITY_CD": "G", "SYSTYPE": "Q", "COUNTY": "249", "COM_CARRIE": "Y", "PLINE_ID": "203", "SYS_ID": "965292", "NPMS_SYS_I": 0, "ALBERS_MIL": 18.6722579355, "LENGTH": 0.0}, "geometry": {"type": "LineString", "coordinates": [[-98.234403, 27.783093], [-98.233901, 27.783169], [-98.231075, 27.783604], [-98.226981, 27.784535], [-98.226605, 27.784621], [-98.226171, 27.78472], [-98.225984, 27.784762], [-98.223507, 27.785327], [-98.221354, 27.785802], [-98.220809, 27.785934], [-98.21924, 27.786469], [-98.219085, 27.786523], [-98.218596, 27.786526], [-98.218414, 27.786527], [-98.218034, 27.786528], [-98.218016, 27.786526], [-98.218001, 27.786516], [-98.217964, 27.786482], [-98.217869, 27.786389], [-98.217818, 27.786343], [-98.217802, 27.786332], [-98.217778, 27.786333], [-98.217614, 27.786365], [-98.21668, 27.786532], [-98.190721, 27.786617], [-98.181063, 27.786645], [-98.180728, 27.786621], [-98.180692, 27.786622], [-98.166316, 27.786668], [-98.166138, 27.786669], [-98.161055, 27.786681], [-98.160875, 27.786684], [-98.160046, 27.786685], [-98.15253, 27.786713], [-98.148119, 27.786719], [-98.136942, 27.786754], [-98.136772, 27.786754], [-98.13627, 27.786755], [-98.136085, 27.786756], [-98.121697, 27.786795], [-98.121189, 27.786769], [-98.121157, 27.786767], [-98.121074, 27.786762], [-98.121042, 27.786762], [-98.120619, 27.786739], [-98.120436, 27.786734], [-98.11543, 27.786776], [-98.115319, 27.786779], [-98.115207, 27.786788], [-98.111046, 27.787148], [-98.110879, 27.787162], [-98.11084, 27.787165], [-98.110676, 27.78718], [-98.10477, 27.787693], [-98.104584, 27.787708], [-98.1044, 27.787725], [-98.100105, 27.788096], [-98.096967, 27.788127], [-98.096796, 27.788128], [-98.095416, 27.788141], [-98.095236, 27.788141], [-98.090881, 27.788187], [-98.090861, 27.788184], [-98.090268, 27.787811], [-98.089728, 27.787481], [-98.089561, 27.787378], [-98.08821, 27.786539], [-98.088077, 27.786458], [-98.084217, 27.786622], [-98.083976, 27.786634], [-98.082865, 27.786681], [-98.082692, 27.78662], [-98.081483, 27.786203], [-98.079305, 27.786404], [-98.078731, 27.786458], [-98.075542, 27.786753], [-98.068145, 27.78744], [-98.068, 27.787453], [-98.067817, 27.787469], [-98.066932, 27.787552], [-98.066325, 27.78761], [-98.063185, 27.787897], [-98.06266, 27.78795], [-98.062115, 27.788007], [-98.0578, 27.788412], [-98.057622, 27.78843], [-98.054822, 27.789392], [-98.054764, 27.789411], [-98.049546, 27.793053], [-98.049401, 27.793155], [-98.04923, 27.793274], [-98.048856, 27.793535], [-98.048354, 27.793878], [-98.048224, 27.793968], [-98.048216, 27.793972], [-98.048201, 27.793967], [-98.04768, 27.793531], [-98.047497, 27.793496], [-98.044875, 27.793043], [-98.044693, 27.793011], [-98.043931, 27.792881], [-98.043749, 27.792845], [-98.04356, 27.792812], [-98.043474, 27.792811], [-98.043056, 27.792823], [-98.03802, 27.792794], [-98.034419, 27.792768], [-98.034014, 27.79295], [-98.022927, 27.792874], [-98.020682, 27.793182], [-98.020204, 27.793245], [-98.018865, 27.793372], [-98.018466, 27.793368], [-98.018283, 27.793368], [-98.017691, 27.793362], [-98.017564, 27.793361], [-98.017521, 27.793362], [-98.017438, 27.793361], [-98.017404, 27.79336], [-98.01699, 27.793355], [-98.009566, 27.793288], [-98.009265, 27.793251], [-98.009064, 27.793226], [-98.008907, 27.793328], [-98.008741, 27.793319], [-98.008194, 27.793277], [-98.006984, 27.793265], [-97.996132, 27.794249], [-97.994532, 27.794392], [-97.993273, 27.794509], [-97.990652, 27.794747], [-97.990501, 27.79476], [-97.990311, 27.794777], [-97.985253, 27.795237], [-97.985079, 27.795253], [-97.984888, 27.795272], [-97.984464, 27.795306], [-97.98251, 27.795486], [-97.966225, 27.796962], [-97.960036, 27.797528], [-97.954882, 27.797982], [-97.951231, 27.798308], [-97.95053, 27.798373], [-97.949712, 27.798443], [-97.939637, 27.799353], [-97.936865, 27.799611], [-97.934684, 27.799812], [-97.934057, 27.799856], [-97.93395, 27.799863], [-97.933787, 27.799876]]}},
{"type": "Feature", "properties": {"ProjectID": "P2675", "TPMS_ID": 4683055, "OPER_LINK": 0, "OPS_ID": 0, "P5_NUM": "253113", "OPER_NM": "EPIC CONSOLIDATED OPS, LLC", "SYS_NM": "EPIC NGL SYSTEM", "SUBSYS_NM": "203-BENEDUM TO ROBSTOWN SP3", "T4PERMIT": "09817", "DIAMETER": 24.0, "COMMODITY1": "HVL", "COMMODITY2": null, "COMMODITY3": null, "CMDTY_DESC": "HIGHLY VOLATILE LIQUID", "INTERSTATE": "N", "STATUS_CD": "I", "QUALITY_CD": "G", "SYSTYPE": "Q", "COUNTY": "137", "COM_CARRIE": "Y", "PLINE_ID": "203", "SYS_ID": "965292", "NPMS_SYS_I": 0, "ALBERS_MIL": 58.1357172618, "LENGTH": 0.0}, "geometry": {"type": "LineString", "coordinates": [[-100.632911, 29.621722], [-100.632912, 29.621721]]}},
{"type": "Feature", "properties": {"ProjectID": "P2675", "TPMS_ID": 4683062, "OPER_LINK": 0, "OPS_ID": 0, "P5_NUM": "253113", "OPER_NM": "EPIC CONSOLIDATED OPS, LLC", "SYS_NM": "EPIC NGL SYSTEM", "SUBSYS_NM": "203-BENEDUM TO ROBSTOWN SP3", "T4PERMIT": "09817", "DIAMETER": 24.0, "COMMODITY1": "HVL", "COMMODITY2": null, "COMMODITY3": null, "CMDTY_DESC": "HIGHLY VOLATILE LIQUID", "INTERSTATE": "N", "STATUS_CD": "I", "QUALITY_CD": "G", "SYSTYPE": "Q", "COUNTY": "271", "COM_CARRIE": "Y", "PLINE_ID": "203", "SYS_ID": "965292", "NPMS_SYS_I": 0, "ALBERS_MIL": 46.0463966608, "LENGTH": 0.0}, "geometry": {"type": "LineString", "coordinates": [[-100.632912, 29.621721], [-100.633855, 29.620353], [-100.633919, 29.620261], [-100.634041, 29.620083], [-100.63452, 29.619393], [-100.634598, 29.619281], [-100.63498, 29.618731], [-100.635043, 29.618643], [-100.635498, 29.618057], [-100.635585, 29.617944], [-100.635631, 29.617888], [-100.635691, 29.617832], [-100.635721, 29.617804], [-100.635778, 29.617749], [-100.635939, 29.617597], [-100.636057, 29.617485], [-100.636144, 29.617402], [-100.636269, 29.617285], [-100.636371, 29.61719], [-100.636431, 29.617129], [-100.636424, 29.616897], [-100.636417, 29.61671], [-100.636408, 29.616551], [-100.636402, 29.616392], [-100.636387, 29.616], [-100.636384, 29.615881], [-100.63653, 29.615741], [-100.636627, 29.615651], [-100.63681, 29.61548], [-100.637157, 29.615152], [-100.637226, 29.615084], [-100.637393, 29.614847], [-100.637652, 29.614478], [-100.637668, 29.614454], [-100.637713, 29.614389], [-100.637717, 29.614322], [-100.637721, 29.614122], [-100.637723, 29.614014], [-100.63773, 29.613815], [-100.637734, 29.61367], [-100.637743, 29.613363], [-100.637752, 29.613082], [-100.637756, 29.612978], [-100.637761, 29.612813], [-100.637764, 29.612706], [-100.637766, 29.61263], [-100.637767, 29.612526], [-100.637755, 29.612244], [-100.637745, 29.612083], [-100.637739, 29.611966], [-100.637722, 29.611602], [-100.63771, 29.611367], [-100.637697, 29.611136], [-100.637692, 29.61103], [-100.637684, 29.610856], [-100.637687, 29.61068], [-100.637686, 29.610631], [-100.637685, 29.610166], [-100.637686, 29.609966], [-100.637686, 29.609712], [-100.637685, 29.609561], [-100.637688, 29.609317], [-100.637687, 29.609101], [-100.637688, 29.608961], [-100.637688, 29.608882], [-100.637687, 29.60867], [-100.637686, 29.60859], [-100.637696, 29.608316], [-100.637701, 29.608173], [-100.637706, 29.607981], [-100.637708, 29.607787], [-100.637707, 29.607694], [-100.637706, 29.607664], [-100.637706, 29.607506], [-100.6377, 29.607313], [-100.637697, 29.607053], [-100.637696, 29.606986], [-100.637687, 29.606662], [-100.637685, 29.606517], [-100.63768, 29.606307], [-100.637678, 29.606236], [-100.637678, 29.606215], [-100.637673, 29.60593], [-100.637669, 29.605732], [-100.637665, 29.605529], [-100.637661, 29.605201], [-100.637655, 29.60491], [-100.637653, 29.604794], [-100.637649, 29.60465], [-100.637637, 29.604205], [-100.637644, 29.604181], [-100.637674, 29.604172], [-100.637831, 29.60417], [-100.638451, 29.604162], [-100.638506, 29.604161], [-100.638537, 29.604153], [-100.638543, 29.604128], [-100.638542, 29.604091], [-100.63854, 29.603936], [-100.638539, 29.603897], [-100.638531, 29.603545], [-100.638531, 29.603473], [-100.63853, 29.603447], [-100.638529, 29.603443], [-100.638528, 29.60337], [-100.638528, 29.603348], [-100.638522, 29.602986], [-100.638515, 29.60264], [-100.638513, 29.602537], [-100.63851, 29.602398], [-100.638504, 29.602091], [-100.638497, 29.601759], [-100.638492, 29.601479], [-100.638491, 29.601388], [-100.638477, 29.6006], [-100.638476, 29.600486], [-100.638473, 29.600339], [-100.638468, 29.600063], [-100.638457, 29.599505], [-100.63845, 29.599214], [-100.638448, 29.599053], [-100.638443, 29.598746], [-100.638432, 29.598202], [-100.638428, 29.597943], [-100.638422, 29.597563], [-100.63842, 29.597501], [-100.638419, 29.597458], [-100.638418, 29.597376], [-100.638375, 29.597065], [-100.638347, 29.596887], [-100.638314, 29.596719], [-100.638289, 29.596592], [-100.638254, 29.596473], [-100.638208, 29.596315], [-100.638184, 29.595709], [-100.63807, 29.592944], [-100.638059, 29.592708], [-100.638058, 29.592664], [-100.638052, 29.592521], [-100.638038, 29.592196], [-100.638034, 29.592115], [-100.638033, 29.592086], [-100.638025, 29.591885], [-100.638023, 29.591826], [-100.638013, 29.591587], [-100.638004, 29.591387], [-100.637995, 29.591213], [-100.637995, 29.59119], [-100.637989, 29.591051], [-100.637986, 29.590996], [-100.637983, 29.590894], [-100.637975, 29.590694], [-100.637961, 29.590382], [-100.637943, 29.589985], [-100.637942, 29.589947], [-100.63794, 29.589897], [-100.637936, 29.589767], [-100.637934, 29.589718], [-100.637932, 29.589668], [-100.637926, 29.589501], [-100.637924, 29.589456], [-100.637922, 29.589378], [-100.637919, 29.589334], [-100.637866, 29.588069], [-100.637846, 29.587601], [-100.637828, 29.5872], [-100.637826, 29.587172], [-100.637825, 29.587141], [-100.637816, 29.586894], [-100.637808, 29.586708], [-100.637807, 29.586669], [-100.637801, 29.586522], [-100.637785, 29.586142], [-100.637782, 29.586052], [-100.637769, 29.585735], [-100.637766, 29.585667], [-100.637761, 29.585571], [-100.637756, 29.585476], [-100.637704, 29.58535], [-100.637658, 29.585239], [-100.637589, 29.58507], [-100.63758, 29.585047], [-100.63757, 29.585022], [-100.637404, 29.584609], [-100.637404, 29.584499], [-100.637407, 29.584393], [-100.637407, 29.584334], [-100.637408, 29.584262], [-100.637408, 29.584171], [-100.637408, 29.584117], [-100.637409, 29.584071], [-100.63741, 29.58395], [-100.637412, 29.583802], [-100.637414, 29.583583], [-100.637414, 29.583545], [-100.637417, 29.58335], [-100.637417, 29.583262], [-100.637418, 29.583093], [-100.63742, 29.582906], [-100.63742, 29.582812], [-100.637422, 29.58267], [-100.637426, 29.582201], [-100.637428, 29.581869], [-100.637432, 29.581303], [-100.637433, 29.581085], [-100.637432, 29.580614], [-100.637432, 29.580201], [-100.637432, 29.579989], [-100.637432, 29.579934], [-100.637433, 29.579774], [-100.637434, 29.579342], [-100.637435, 29.579089], [-100.637435, 29.578853], [-100.637436, 29.578775], [-100.637435, 29.578758], [-100.637435, 29.578736], [-100.637437, 29.578643], [-100.637437, 29.578546], [-100.637438, 29.578127], [-100.637437, 29.577947], [-100.637437, 29.577923], [-100.637436, 29.5779], [-100.637437, 29.57782], [-100.637436, 29.577742], [-100.637437, 29.577666], [-100.637437, 29.577535], [-100.637438, 29.577445], [-100.637438, 29.577284], [-100.637439, 29.577185], [-100.637438, 29.577107], [-100.63744, 29.577001], [-100.637439, 29.576747], [-100.637439, 29.576687], [-100.637437, 29.57639], [-100.637437, 29.576329], [-100.637436, 29.576271], [-100.637437, 29.575959], [-100.637437, 29.575887], [-100.637438, 29.575748], [-100.637438, 29.575639], [-100.637439, 29.57528], [-100.63744, 29.575129], [-100.63744, 29.574962], [-100.637441, 29.574731], [-100.637442, 29.5747], [-100.637441, 29.574671], [-100.637441, 29.57452], [-100.637441, 29.57448], [-100.637441, 29.574426], [-100.637441, 29.574256], [-100.637441, 29.574228], [-100.637444, 29.573736], [-100.637445, 29.573442], [-100.637445, 29.573415], [-100.637445, 29.573387], [-100.637445, 29.573281], [-100.637445, 29.573132], [-100.637445, 29.573083], [-100.637445, 29.573056], [-100.637445, 29.573028], [-100.637446, 29.572832], [-100.637445, 29.571884], [-100.637447, 29.57178], [-100.637447, 29.57175], [-100.637447, 29.571511], [-100.637447, 29.571473], [-100.637448, 29.571422], [-100.637448, 29.571293], [-100.637448, 29.571167], [-100.637448, 29.57109], [-100.637447, 29.570943], [-100.637448, 29.57073], [-100.637449, 29.570403], [-100.63745, 29.570191], [-100.63745, 29.570157], [-100.63745, 29.570077], [-100.637451, 29.569992], [-100.637451, 29.569928], [-100.637451, 29.569762], [-100.637452, 29.56972], [-100.637451, 29.56968], [-100.637451, 29.56953], [-100.637451, 29.569462], [-100.637451, 29.569362], [-100.637451, 29.569245], [-100.637451, 29.569213], [-100.637452, 29.568583], [-100.637452, 29.56847], [-100.637452, 29.568378], [-100.637452, 29.568351], [-100.637453, 29.5681], [-100.637453, 29.567932], [-100.637453, 29.567908], [-100.637453, 29.567888], [-100.637453, 29.567867], [-100.637454, 29.56748], [-100.637454, 29.567453], [-100.637454, 29.567425], [-100.637454, 29.567313], [-100.637455, 29.567284], [-100.637454, 29.567257], [-100.637454, 29.56723], [-100.637454, 29.567199], [-100.637455, 29.56712], [-100.637455, 29.567093], [-100.637455, 29.566968], [-100.637455, 29.566931], [-100.637455, 29.566658], [-100.637455, 29.566619], [-100.637456, 29.56634], [-100.637456, 29.566305], [-100.637456, 29.566122], [-100.637456, 29.565967], [-100.637457, 29.565925], [-100.637458, 29.565837], [-100.637458, 29.565809], [-100.637457, 29.565416], [-100.637458, 29.565394], [-100.637458, 29.565372], [-100.637459, 29.565203], [-100.637458, 29.565151], [-100.637458, 29.565114], [-100.637458, 29.565013], [-100.637458, 29.564993], [-100.637457, 29.564971], [-100.63746, 29.564619], [-100.63746, 29.564581], [-100.63746, 29.564542], [-100.637459, 29.564373], [-100.637459, 29.564245], [-100.637459, 29.564089], [-100.637459, 29.563924], [-100.63746, 29.56374], [-100.637459, 29.563713], [-100.63746, 29.563673], [-100.63746, 29.563595], [-100.63746, 29.563449], [-100.637461, 29.563273], [-100.637461, 29.56323], [-100.637461, 29.562717], [-100.637462, 29.562583], [-100.637463, 29.562413], [-100.637463, 29.562329], [-100.637463, 29.562207], [-100.637463, 29.562128], [-100.637463, 29.562095], [-100.637463, 29.561949], [-100.637463, 29.561923], [-100.637463, 29.56163], [-100.637463, 29.561599], [-100.637463, 29.561475], [-100.637462, 29.561448], [-100.637463, 29.561421], [-100.637463, 29.561343], [-100.637464, 29.561301], [-100.637464, 29.561276], [-100.637464, 29.561106], [-100.637464, 29.561086], [-100.637465, 29.561064], [-100.637465, 29.56093], [-100.637466, 29.560826], [-100.637466, 29.560797], [-100.637465, 29.560769], [-100.637465, 29.560744], [-100.637463, 29.56058], [-100.637464, 29.560417], [-100.637465, 29.559991], [-100.637465, 29.559963], [-100.637465, 29.559935], [-100.637465, 29.559909], [-100.637466, 29.559755], [-100.637466, 29.559728], [-100.637466, 29.559696], [-100.637467, 29.559548], [-100.637468, 29.559518], [-100.637468, 29.559487], [-100.637469, 29.559453], [-100.637468, 29.559292], [-100.637469, 29.559091], [-100.637469, 29.559064], [-100.637468, 29.559039], [-100.637469, 29.559006], [-100.637468, 29.558917], [-100.637469, 29.558891], [-100.637469, 29.558863], [-100.637469, 29.558753], [-100.63747, 29.558607], [-100.637469, 29.558534], [-100.637469, 29.558488], [-100.637472, 29.558181], [-100.637472, 29.558138], [-100.637472, 29.558005], [-100.637472, 29.557971], [-100.637472, 29.557924], [-100.637472, 29.557894], [-100.637472, 29.557803], [-100.637472, 29.557777], [-100.637472, 29.557746], [-100.637472, 29.557609], [-100.637472, 29.557582], [-100.637471, 29.557332], [-100.63747, 29.55712], [-100.63747, 29.557091], [-100.63747, 29.557063], [-100.637469, 29.557034], [-100.63747, 29.556978], [-100.63747, 29.556761], [-100.637471, 29.556735], [-100.63747, 29.556707], [-100.637471, 29.556679], [-100.637471, 29.556557], [-100.637472, 29.556385], [-100.637472, 29.556357], [-100.637472, 29.55633], [-100.637473, 29.556225], [-100.637474, 29.556168], [-100.637473, 29.556089], [-100.637473, 29.556038], [-100.637473, 29.555949], [-100.637473, 29.555843], [-100.637473, 29.555738], [-100.637474, 29.555621], [-100.637474, 29.555592], [-100.637474, 29.555566], [-100.637474, 29.555538], [-100.637475, 29.555215], [-100.637475, 29.555177], [-100.637474, 29.554978], [-100.637474, 29.554875], [-100.637475, 29.554809], [-100.637476, 29.554616], [-100.637477, 29.554589], [-100.637476, 29.554278], [-100.637477, 29.554214], [-100.637477, 29.554154], [-100.637477, 29.553839], [-100.637477, 29.553697], [-100.637477, 29.553587], [-100.637477, 29.553482], [-100.637479, 29.553129], [-100.637479, 29.552834], [-100.637481, 29.551582], [-100.637482, 29.550851], [-100.637482, 29.550811], [-100.637482, 29.550587], [-100.637484, 29.550357], [-100.637483, 29.550252], [-100.637479, 29.549202], [-100.637478, 29.548909], [-100.637478, 29.54847], [-100.637472, 29.547173], [-100.637467, 29.546773], [-100.637467, 29.546746], [-100.637466, 29.546609], [-100.637466, 29.546582], [-100.637465, 29.546555], [-100.637466, 29.546527], [-100.637465, 29.546396], [-100.637465, 29.546363], [-100.637465, 29.546214], [-100.637465, 29.54619], [-100.637465, 29.546158], [-100.637465, 29.54612], [-100.637466, 29.545854], [-100.637468, 29.545289], [-100.637467, 29.545087], [-100.637465, 29.544952], [-100.637464, 29.544735], [-100.637463, 29.544553], [-100.637463, 29.544489], [-100.637463, 29.544453], [-100.637463, 29.544248], [-100.637462, 29.543726], [-100.637463, 29.543672], [-100.637463, 29.543315], [-100.637463, 29.543246], [-100.637463, 29.543156], [-100.637462, 29.54275], [-100.637461, 29.542646], [-100.63746, 29.542557], [-100.637459, 29.542421], [-100.637459, 29.54234], [-100.637458, 29.542137], [-100.637457, 29.542004], [-100.637457, 29.541915], [-100.637457, 29.541518], [-100.637457, 29.541371], [-100.637457, 29.541344], [-100.637455, 29.541182], [-100.637454, 29.541084], [-100.637454, 29.54104], [-100.637451, 29.540653], [-100.637451, 29.540446], [-100.63745, 29.54042], [-100.637451, 29.540201], [-100.63745, 29.539862], [-100.637449, 29.539765], [-100.637449, 29.539602], [-100.637449, 29.539393], [-100.637449, 29.539264], [-100.637445, 29.538999], [-100.637445, 29.538853], [-100.637445, 29.53875], [-100.637445, 29.538721], [-100.637444, 29.538694], [-100.637443, 29.538547], [-100.637443, 29.538313], [-100.637443, 29.538129], [-100.637443, 29.538013], [-100.637441, 29.537381], [-100.637441, 29.537306], [-100.637441, 29.537146], [-100.637441, 29.537117], [-100.637441, 29.53709], [-100.637441, 29.537063], [-100.637439, 29.536798], [-100.637439, 29.536654], [-100.637439, 29.536616], [-100.63744, 29.536542], [-100.63744, 29.536489], [-100.637439, 29.536317], [-100.637439, 29.536293], [-100.637439, 29.536267], [-100.637439, 29.536242], [-100.637439, 29.536216], [-100.63744, 29.536193], [-100.637439, 29.536169], [-100.637438, 29.536052], [-100.637438, 29.536027], [-100.637439, 29.536003], [-100.637438, 29.535979], [-100.637437, 29.535796], [-100.637437, 29.53575], [-100.637437, 29.535649], [-100.637437, 29.535621], [-100.637437, 29.535591], [-100.637434, 29.535085], [-100.637434, 29.534993], [-100.637434, 29.534797], [-100.637434, 29.534738], [-100.637434, 29.534367], [-100.637432, 29.533704], [-100.637433, 29.533649], [-100.637432, 29.533345], [-100.63743, 29.532926], [-100.637429, 29.532871], [-100.637429, 29.53265], [-100.637429, 29.532379], [-100.637428, 29.532094], [-100.637428, 29.531993], [-100.637426, 29.531658], [-100.637426, 29.531557], [-100.637424, 29.530907], [-100.637423, 29.53053], [-100.637422, 29.530456], [-100.637418, 29.529385], [-100.637417, 29.529213], [-100.637417, 29.529164], [-100.637415, 29.528881], [-100.637414, 29.528635], [-100.637414, 29.528349], [-100.637414, 29.528262], [-100.637414, 29.528235], [-100.637412, 29.528021], [-100.637411, 29.527803], [-100.63741, 29.527688], [-100.63741, 29.527609], [-100.63741, 29.527581], [-100.63741, 29.527554], [-100.637414, 29.527006], [-100.637416, 29.52693], [-100.637414, 29.526889], [-100.636928, 29.526466], [-100.636738, 29.526303], [-100.63669, 29.526261], [-100.635931, 29.525598], [-100.635792, 29.525477], [-100.635577, 29.525287], [-100.635588, 29.525192], [-100.635609, 29.525059], [-100.635632, 29.524908], [-100.635652, 29.524763], [-100.635671, 29.524635], [-100.635778, 29.523936], [-100.635815, 29.5237], [-100.635838, 29.523535], [-100.635856, 29.523408], [-100.635848, 29.523313], [-100.635832, 29.523161], [-100.635785, 29.522689], [-100.635751, 29.522351], [-100.635346, 29.521853], [-100.635034, 29.521463], [-100.634527, 29.520832], [-100.634442, 29.520727], [-100.634355, 29.52062], [-100.63425, 29.520488], [-100.634181, 29.520402], [-100.633654, 29.519748], [-100.633475, 29.519527], [-100.633083, 29.519042], [-100.632448, 29.518252], [-100.63229, 29.518055], [-100.632121, 29.517845], [-100.631509, 29.517085], [-100.631413, 29.516966], [-100.630802, 29.51635], [-100.630589, 29.516036], [-100.630222, 29.515488], [-100.629364, 29.514422], [-100.629308, 29.514351], [-100.629198, 29.514217], [-100.629039, 29.514021], [-100.628892, 29.513839], [-100.628767, 29.513683], [-100.628598, 29.513472], [-100.627952, 29.51267], [-100.627892, 29.512596], [-100.6273, 29.51186], [-100.627211, 29.511751], [-100.627182, 29.511714], [-100.627139, 29.51166], [-100.627095, 29.511605], [-100.627036, 29.511532], [-100.626841, 29.511292], [-100.626747, 29.511175], [-100.626492, 29.510856], [-100.625559, 29.509697], [-100.62541, 29.509513], [-100.625269, 29.509339], [-100.625167, 29.509212], [-100.625051, 29.509069], [-100.624963, 29.508959], [-100.62491, 29.508893], [-100.624685, 29.508613], [-100.624532, 29.508423], [-100.624145, 29.507942], [-100.623975, 29.507732], [-100.623717, 29.507412], [-100.623568, 29.507229], [-100.623513, 29.50716], [-100.623449, 29.507079], [-100.623382, 29.506997], [-100.623155, 29.506714], [-100.623113, 29.506662], [-100.623071, 29.506609], [-100.622941, 29.506448], [-100.622877, 29.506367], [-100.622396, 29.50577], [-100.622313, 29.505664], [-100.622172, 29.50549], [-100.622024, 29.505306], [-100.621845, 29.505085], [-100.62149, 29.504644], [-100.621338, 29.504456], [-100.62047, 29.503376], [-100.619665, 29.502377], [-100.619505, 29.50211], [-100.618923, 29.501128], [-100.618798, 29.500919], [-100.618689, 29.500736], [-100.618197, 29.499899], [-100.617921, 29.499665], [-100.616641, 29.49858], [-100.616414, 29.498389], [-100.61546, 29.49758], [-100.615315, 29.497321], [-100.614967, 29.494918], [-100.614921, 29.494598], [-100.61487, 29.494243], [-100.61412, 29.492957], [-100.614067, 29.492866], [-100.614034, 29.49281], [-100.614015, 29.492778], [-100.613877, 29.492538], [-100.613415, 29.491756], [-100.613375, 29.491688], [-100.613212, 29.491402], [-100.613073, 29.49117], [-100.612955, 29.490967], [-100.612477, 29.490148], [-100.612359, 29.489947], [-100.612128, 29.48955], [-100.611757, 29.488918], [-100.611628, 29.488732], [-100.611491, 29.488537], [-100.611417, 29.488431], [-100.611285, 29.488244], [-100.611121, 29.488008], [-100.610846, 29.487408], [-100.61079, 29.487312], [-100.610616, 29.487013], [-100.610547, 29.486896], [-100.610369, 29.486593], [-100.610196, 29.486295], [-100.610052, 29.48605], [-100.60991, 29.485811], [-100.60915, 29.484511], [-100.609092, 29.484415], [-100.60893, 29.484138], [-100.608605, 29.483588], [-100.608498, 29.483407], [-100.608271, 29.483021], [-100.608217, 29.482929], [-100.6079, 29.482397], [-100.607691, 29.482042], [-100.607528, 29.481764], [-100.607047, 29.480946], [-100.606565, 29.480144], [-100.605519, 29.478361], [-100.604432, 29.4765], [-100.604203, 29.476108], [-100.604024, 29.4758], [-100.603283, 29.474539], [-100.603198, 29.474426], [-100.603013, 29.474178], [-100.602956, 29.4741], [-100.602757, 29.473834], [-100.602614, 29.473647], [-100.602516, 29.473518], [-100.60248, 29.47347], [-100.602435, 29.473409], [-100.602229, 29.473117], [-100.602094, 29.472816], [-100.602051, 29.47272], [-100.601961, 29.472518], [-100.601886, 29.472352], [-100.601796, 29.472146], [-100.601754, 29.472058], [-100.601684, 29.471955], [-100.601361, 29.471501], [-100.601086, 29.471109], [-100.600869, 29.470801], [-100.600769, 29.47066], [-100.60065, 29.470492], [-100.600606, 29.47043], [-100.600597, 29.470417], [-100.600552, 29.470352], [-100.600533, 29.470327], [-100.600524, 29.47031], [-100.600414, 29.470153], [-100.600231, 29.469893], [-100.600194, 29.469841], [-100.600176, 29.469814], [-100.600067, 29.469661], [-100.599892, 29.469411], [-100.599533, 29.468899], [-100.599132, 29.468328], [-100.59903, 29.468181], [-100.598995, 29.468132], [-100.598929, 29.468038], [-100.598696, 29.467711], [-100.59866, 29.467659], [-100.598559, 29.467516], [-100.5982, 29.467007], [-100.598151, 29.466939], [-100.598075, 29.466831], [-100.597502, 29.466018], [-100.59742, 29.465901], [-100.597288, 29.465712], [-100.596412, 29.464465], [-100.59631, 29.464319], [-100.596228, 29.4642], [-100.596186, 29.464141], [-100.59603, 29.46392], [-100.595425, 29.46306], [-100.594628, 29.461927], [-100.594597, 29.461883], [-100.594391, 29.461591], [-100.594221, 29.461347], [-100.594174, 29.461279], [-100.593706, 29.460615], [-100.593631, 29.46051], [-100.593506, 29.460329], [-100.591972, 29.45815], [-100.59189, 29.458033], [-100.591649, 29.45769], [-100.591451, 29.457409], [-100.591318, 29.45722], [-100.590867, 29.456579], [-100.590759, 29.456426], [-100.590606, 29.456208], [-100.590465, 29.456007], [-100.590249, 29.455701], [-100.590133, 29.455538], [-100.589739, 29.454973], [-100.588236, 29.452835], [-100.588095, 29.452634], [-100.58801, 29.452513], [-100.587369, 29.451599], [-100.587273, 29.451464], [-100.58659, 29.450493], [-100.58643, 29.450267], [-100.586347, 29.450148], [-100.586139, 29.449853], [-100.586067, 29.44975], [-100.586024, 29.449689], [-100.586007, 29.449664], [-100.585942, 29.44957], [-100.585688, 29.449216], [-100.585625, 29.449127], [-100.585398, 29.448801], [-100.585012, 29.448245], [-100.584851, 29.448015], [-100.584562, 29.447602], [-100.584178, 29.447056], [-100.584076, 29.446912], [-100.583356, 29.445895], [-100.583078, 29.445498], [-100.582986, 29.445367], [-100.582788, 29.445086], [-100.582531, 29.444717], [-100.581864, 29.443946], [-100.581297, 29.443282], [-100.581232, 29.4432], [-100.581203, 29.443144], [-100.581041, 29.442749], [-100.581004, 29.442647], [-100.580988, 29.442481], [-100.581006, 29.44234], [-100.581156, 29.441405], [-100.581193, 29.441181], [-100.581327, 29.440351], [-100.58134, 29.43997], [-100.581349, 29.439702], [-100.581359, 29.439351], [-100.581381, 29.438645], [-100.581387, 29.438415], [-100.5814, 29.438063], [-100.581413, 29.437652], [-100.58144, 29.436714], [-100.581496, 29.435032], [-100.581485, 29.429315], [-100.581486, 29.429177], [-100.581488, 29.428813], [-100.580662, 29.427275], [-100.580664, 29.42608], [-100.580664, 29.425743], [-100.580664, 29.425546], [-100.580664, 29.425519], [-100.580664, 29.425311], [-100.580663, 29.425072], [-100.580662, 29.424259], [-100.580661, 29.424037], [-100.580664, 29.421883], [-100.580665, 29.421569], [-100.580665, 29.421454], [-100.580666, 29.419918], [-100.580665, 29.419831], [-100.58064, 29.419704], [-100.579757, 29.415343], [-100.579602, 29.414577], [-100.579477, 29.413952], [-100.579144, 29.41231], [-100.579004, 29.411624], [-100.578663, 29.409939], [-100.57866, 29.409918], [-100.578654, 29.409889], [-100.578645, 29.409844], [-100.578638, 29.409818], [-100.578549, 29.409371], [-100.578398, 29.40863], [-100.577973, 29.406528], [-100.577916, 29.406249], [-100.57785, 29.405924], [-100.577786, 29.40563], [-100.577586, 29.405244], [-100.577447, 29.404977], [-100.577256, 29.404618], [-100.577088, 29.404303], [-100.576204, 29.403882], [-100.576179, 29.40387], [-100.576103, 29.403834], [-100.576077, 29.403823], [-100.570116, 29.401025], [-100.569979, 29.400894], [-100.568426, 29.397484], [-100.568393, 29.397412], [-100.568258, 29.397117], [-100.568074, 29.396713], [-100.567889, 29.396308], [-100.567849, 29.396223], [-100.567838, 29.396197], [-100.567436, 29.395326], [-100.567161, 29.394718], [-100.567095, 29.394574], [-100.567004, 29.394375], [-100.562656, 29.384863], [-100.562477, 29.384472], [-100.556791, 29.372036], [-100.556699, 29.371833], [-100.556462, 29.371313], [-100.556399, 29.371176], [-100.555563, 29.369351], [-100.555488, 29.369184], [-100.55543, 29.369055], [-100.554932, 29.367958], [-100.554724, 29.367503], [-100.554492, 29.366993], [-100.554406, 29.366804], [-100.55425, 29.366461], [-100.554162, 29.366266], [-100.553568, 29.364958], [-100.553387, 29.364564], [-100.55206, 29.361671], [-100.552049, 29.361648], [-100.552009, 29.36156], [-100.551998, 29.361535], [-100.550659, 29.358616], [-100.549599, 29.356289], [-100.546807, 29.350173], [-100.546135, 29.349701], [-100.545821, 29.349011], [-100.545938, 29.34828], [-100.544843, 29.345878], [-100.544154, 29.345183], [-100.543999, 29.344116], [-100.543977, 29.343988], [-100.543949, 29.343919], [-100.541289, 29.338091], [-100.541247, 29.337994], [-100.541247, 29.337988], [-100.541655, 29.336835], [-100.541682, 29.336753], [-100.541685, 29.33674], [-100.541681, 29.336725], [-100.540845, 29.334634], [-100.539959, 29.333925], [-100.539935, 29.333906], [-100.539871, 29.333854], [-100.539844, 29.333833], [-100.53955, 29.333598], [-100.53733, 29.331822], [-100.53688, 29.331611], [-100.536745, 29.331553], [-100.536595, 29.331478], [-100.536572, 29.331464], [-100.536498, 29.33143], [-100.536476, 29.331417], [-100.536216, 29.331293], [-100.536137, 29.331258], [-100.535682, 29.33104], [-100.534682, 29.33057], [-100.534509, 29.330611], [-100.532964, 29.329876], [-100.532907, 29.329722], [-100.532338, 29.329456], [-100.531532, 29.329073], [-100.530964, 29.328806], [-100.52902, 29.327884], [-100.522698, 29.324884], [-100.521851, 29.324511], [-100.52183, 29.324493], [-100.521835, 29.324466], [-100.521866, 29.324417], [-100.522158, 29.323909], [-100.522159, 29.323896], [-100.52215, 29.323887], [-100.522106, 29.323866], [-100.521881, 29.323764], [-100.521746, 29.323702], [-100.512658, 29.318161], [-100.503481, 29.312574], [-100.50301, 29.31171], [-100.502722, 29.311534], [-100.502353, 29.31131], [-100.502258, 29.311253], [-100.502118, 29.311168], [-100.500707, 29.31032], [-100.500552, 29.310226], [-100.47681, 29.295888], [-100.476419, 29.295643], [-100.475099, 29.294846], [-100.473709, 29.29401], [-100.466834, 29.289861], [-100.466416, 29.289353], [-100.465897, 29.288476], [-100.464295, 29.288135], [-100.461058, 29.286185], [-100.459366, 29.285173], [-100.445676, 29.276955], [-100.445565, 29.276888], [-100.445214, 29.276677], [-100.44384, 29.275852], [-100.443674, 29.275752], [-100.443259, 29.2755], [-100.443073, 29.275389], [-100.442819, 29.275235], [-100.442794, 29.275221], [-100.442722, 29.275178], [-100.442694, 29.275161], [-100.441657, 29.274538], [-100.441523, 29.274457], [-100.441308, 29.274332], [-100.441145, 29.274236], [-100.441043, 29.274177], [-100.440682, 29.273962], [-100.440336, 29.273755], [-100.435187, 29.270652], [-100.434925, 29.270487], [-100.4349, 29.270486], [-100.434614, 29.270526], [-100.434506, 29.270542], [-100.433855, 29.270646], [-100.433568, 29.270474], [-100.433343, 29.270338], [-100.431718, 29.269352], [-100.431513, 29.269229], [-100.431223, 29.269053], [-100.43095, 29.268887], [-100.423644, 29.264449], [-100.423484, 29.264353], [-100.423139, 29.264142], [-100.422886, 29.263989], [-100.418705, 29.261451], [-100.417928, 29.26098], [-100.416143, 29.259895], [-100.415897, 29.259747], [-100.415574, 29.25955], [-100.4146, 29.258959], [-100.414422, 29.25885], [-100.41409, 29.258649], [-100.413278, 29.258157], [-100.411428, 29.257035], [-100.411003, 29.256429], [-100.410294, 29.255548], [-100.410174, 29.255447], [-100.408544, 29.25415], [-100.408519, 29.25413], [-100.408457, 29.254081], [-100.408432, 29.254061], [-100.408198, 29.253876], [-100.407479, 29.253911], [-100.406801, 29.253942], [-100.406618, 29.25378], [-100.406385, 29.253609], [-100.405811, 29.252933], [-100.405679, 29.252817], [-100.404998, 29.252403], [-100.404705, 29.252227], [-100.402284, 29.250763], [-100.397983, 29.248162], [-100.396416, 29.246594], [-100.390816, 29.242635], [-100.390642, 29.242511], [-100.388881, 29.241099], [-100.386744, 29.239387], [-100.38613, 29.238894], [-100.385494, 29.238352], [-100.385043, 29.237966], [-100.384921, 29.237861], [-100.384656, 29.237632], [-100.383944, 29.237024], [-100.383714, 29.236832], [-100.383286, 29.236466], [-100.380476, 29.23406], [-100.38039, 29.233992], [-100.38021, 29.233907], [-100.378073, 29.233432], [-100.376568, 29.233092], [-100.376423, 29.233059], [-100.375963, 29.232957], [-100.375902, 29.232944], [-100.375106, 29.232767], [-100.374561, 29.232646], [-100.371517, 29.231963], [-100.369151, 29.230818], [-100.368985, 29.230736], [-100.368769, 29.23063], [-100.366751, 29.22965], [-100.365432, 29.229008], [-100.365247, 29.228918], [-100.365023, 29.228807], [-100.364467, 29.228536], [-100.363729, 29.228178], [-100.36247, 29.227566], [-100.360752, 29.226732], [-100.357446, 29.225123], [-100.356495, 29.224155], [-100.356474, 29.224134], [-100.355091, 29.22272], [-100.355008, 29.222636], [-100.354769, 29.222392], [-100.35465, 29.222269], [-100.354524, 29.222143], [-100.35403, 29.221639], [-100.353696, 29.221298], [-100.353376, 29.220971], [-100.353291, 29.220879], [-100.353242, 29.220788], [-100.350478, 29.215116], [-100.350387, 29.214929], [-100.348699, 29.211469], [-100.348645, 29.211356], [-100.348599, 29.211264], [-100.348531, 29.211123], [-100.34825, 29.210546], [-100.348206, 29.210454], [-100.348089, 29.210211], [-100.347853, 29.209729], [-100.347817, 29.209655], [-100.347686, 29.209388], [-100.346169, 29.206273], [-100.345955, 29.205831], [-100.345759, 29.205426], [-100.345686, 29.205274], [-100.34561, 29.205122], [-100.345504, 29.204903], [-100.345192, 29.204262], [-100.34434, 29.202507], [-100.344252, 29.202326], [-100.343971, 29.201752], [-100.34355, 29.200893], [-100.343306, 29.200393], [-100.343218, 29.200212], [-100.343166, 29.200105], [-100.343005, 29.199772], [-100.34267, 29.199088], [-100.340725, 29.195097], [-100.340693, 29.19503], [-100.340579, 29.194797], [-100.340444, 29.19452], [-100.340278, 29.19418], [-100.338326, 29.190172], [-100.337366, 29.188204], [-100.337259, 29.187987], [-100.334605, 29.182544], [-100.334171, 29.181713], [-100.334068, 29.181516], [-100.33397, 29.181323], [-100.331907, 29.177359], [-100.330246, 29.174859], [-100.329225, 29.173321], [-100.328622, 29.172406], [-100.32628, 29.167135], [-100.326123, 29.16683], [-100.32595, 29.166388], [-100.321929, 29.157331], [-100.319721, 29.152815], [-100.318641, 29.150606], [-100.318052, 29.149402], [-100.317598, 29.148488], [-100.317496, 29.148301], [-100.317224, 29.147751], [-100.316914, 29.147161], [-100.316203, 29.145843], [-100.315196, 29.143928], [-100.315117, 29.143753], [-100.314969, 29.143481], [-100.3142, 29.14202], [-100.313957, 29.141582], [-100.31369, 29.14105], [-100.313612, 29.140899], [-100.309283, 29.129778], [-100.309222, 29.129636], [-100.307694, 29.127541], [-100.303221, 29.11725], [-100.302265, 29.115055], [-100.301788, 29.113928], [-100.301344, 29.112902], [-100.300642, 29.111297], [-100.299998, 29.109824], [-100.299338, 29.1083], [-100.299028, 29.107563], [-100.29867, 29.106748], [-100.298006, 29.105241], [-100.297956, 29.105128], [-100.295032, 29.098436], [-100.294097, 29.096396], [-100.290431, 29.093683], [-100.286949, 29.091115], [-100.283899, 29.089164], [-100.282487, 29.088263], [-100.280975, 29.087287], [-100.279987, 29.086655], [-100.279875, 29.086583], [-100.279857, 29.086571], [-100.279754, 29.086505], [-100.278544, 29.085729]]}},
{"type": "Feature", "properties": {"ProjectID": "P2675", "TPMS_ID": 4683054, "OPER_LINK": 0, "OPS_ID": 0, "P5_NUM": "253113", "OPER_NM": "EPIC CONSOLIDATED OPS, LLC", "SYS_NM": "EPIC NGL SYSTEM", "SUBSYS_NM": "203-BENEDUM TO ROBSTOWN SP4", "T4PERMIT": "09817", "DIAMETER": 24.0, "COMMODITY1": "HVL", "COMMODITY2": null, "COMMODITY3": null, "CMDTY_DESC": "HIGHLY VOLATILE LIQUID", "INTERSTATE": "N", "STATUS_CD": "I", "QUALITY_CD": "G", "SYSTYPE": "Q", "COUNTY": "283", "COM_CARRIE": "Y", "PLINE_ID": "203", "SYS_ID": "965292", "NPMS_SYS_I": 0, "ALBERS_MIL": 9.1280186892, "LENGTH": 0.0}, "geometry": {"type": "LineString", "coordinates": [[-99.402279, 28.398475], [-99.398669, 28.400273], [-99.397948, 28.400629], [-99.397604, 28.400629], [-99.397454, 28.400629], [-99.39735, 28.400629], [-99.397311, 28.400628], [-99.397098, 28.40063], [-99.396935, 28.400631], [-99.395683, 28.400633], [-99.395499, 28.400635], [-99.395422, 28.400634], [-99.39524, 28.400632], [-99.392321, 28.400638], [-99.385448, 28.400647], [-99.384442, 28.400648], [-99.384251, 28.400649], [-99.38381, 28.40065], [-99.383624, 28.400649], [-99.377083, 28.400657], [-99.376709, 28.400663], [-99.375579, 28.400875], [-99.374883, 28.401003], [-99.372075, 28.401529], [-99.371834, 28.401573], [-99.371389, 28.401658], [-99.371096, 28.401714], [-99.370902, 28.401747], [-99.370719, 28.401784], [-99.369411, 28.40203], [-99.369259, 28.402058], [-99.368416, 28.402217], [-99.367556, 28.402378], [-99.366455, 28.402585], [-99.360592, 28.403683], [-99.360574, 28.403684], [-99.360556, 28.403676], [-99.356021, 28.400958], [-99.355908, 28.40089], [-99.355402, 28.400588], [-99.351032, 28.397971], [-99.350879, 28.397878], [-99.35052, 28.397663], [-99.350407, 28.397596], [-99.34489, 28.394292], [-99.344876, 28.394285], [-99.344862, 28.394283], [-99.341898, 28.394291], [-99.339631, 28.3943], [-99.337802, 28.394308], [-99.336905, 28.394311], [-99.327414, 28.394348], [-99.327295, 28.394348], [-99.32716, 28.394349], [-99.32681, 28.394351], [-99.318832, 28.394381], [-99.316061, 28.394393], [-99.315817, 28.394394], [-99.313302, 28.394401], [-99.31313, 28.3944], [-99.313094, 28.3944], [-99.312927, 28.394401], [-99.312794, 28.394401], [-99.312649, 28.394402], [-99.311928, 28.394401], [-99.311911, 28.394403], [-99.311894, 28.394413], [-99.311072, 28.39515], [-99.311055, 28.395161], [-99.311039, 28.395163], [-99.308185, 28.395174], [-99.299486, 28.395209], [-99.299393, 28.395211], [-99.299243, 28.395218], [-99.298868, 28.395241], [-99.298702, 28.395252], [-99.298621, 28.395254], [-99.297933, 28.395253], [-99.297146, 28.395263], [-99.295236, 28.395272], [-99.289472, 28.395292], [-99.287581, 28.395299], [-99.287485, 28.395299], [-99.287412, 28.395299], [-99.27454, 28.395345], [-99.273556, 28.394638], [-99.273413, 28.394533], [-99.273126, 28.394336], [-99.272987, 28.394225], [-99.269053, 28.391342], [-99.268907, 28.391237], [-99.268367, 28.390843], [-99.268213, 28.390733], [-99.268071, 28.390627], [-99.266911, 28.389779], [-99.264912, 28.388242], [-99.264818, 28.388162], [-99.26468, 28.388052], [-99.264574, 28.388051], [-99.264389, 28.388047], [-99.263745, 28.388038], [-99.260385, 28.387142], [-99.26037, 28.387143], [-99.260362, 28.387153], [-99.260337, 28.387227], [-99.260301, 28.387336]]}},
{"type": "Feature", "properties": {"ProjectID": "P2675", "TPMS_ID": 4683094, "OPER_LINK": 0, "OPS_ID": 0, "P5_NUM": "253113", "OPER_NM": "EPIC CONSOLIDATED OPS, LLC", "SYS_NM": "EPIC NGL SYSTEM", "SUBSYS_NM": "203-BENEDUM TO ROBSTOWN SP5", "T4PERMIT": "09817", "DIAMETER": 24.0, "COMMODITY1": "HVL", "COMMODITY2": null, "COMMODITY3": null, "CMDTY_DESC": "HIGHLY VOLATILE LIQUID", "INTERSTATE": "N", "STATUS_CD": "I", "QUALITY_CD": "G", "SYSTYPE": "Q", "COUNTY": "283", "COM_CARRIE": "Y", "PLINE_ID": "203", "SYS_ID": "965292", "NPMS_SYS_I": 0, "ALBERS_MIL": 38.4869636493, "LENGTH": 0.0}, "geometry": {"type": "LineString", "coordinates": [[-99.260256, 28.387324], [-99.260281, 28.38725], [-99.260294, 28.387215], [-99.260319, 28.387141], [-99.260319, 28.38713], [-99.260307, 28.387121], [-99.259979, 28.387033], [-99.257281, 28.386314], [-99.257267, 28.386315], [-99.257259, 28.386324], [-99.257234, 28.386376], [-99.255775, 28.389565], [-99.255711, 28.389708], [-99.255656, 28.389826], [-99.255064, 28.391117], [-99.253694, 28.392355], [-99.253613, 28.392424], [-99.253475, 28.392554], [-99.251212, 28.394606], [-99.251022, 28.394781], [-99.251011, 28.394786], [-99.250996, 28.394782], [-99.250976, 28.394764], [-99.250826, 28.394627], [-99.250723, 28.394531], [-99.250658, 28.39447], [-99.25061, 28.394425], [-99.250517, 28.394338], [-99.250162, 28.394004], [-99.249989, 28.393843], [-99.249299, 28.393194], [-99.249167, 28.393069], [-99.247625, 28.391628], [-99.247596, 28.391599], [-99.247521, 28.39153], [-99.245319, 28.389468], [-99.245202, 28.389356], [-99.244973, 28.389142], [-99.244841, 28.389017], [-99.244448, 28.389004], [-99.244261, 28.389002], [-99.242601, 28.388954], [-99.240933, 28.387369], [-99.240808, 28.387257], [-99.237133, 28.383944], [-99.237072, 28.383943], [-99.234211, 28.383959], [-99.2342, 28.383957], [-99.234193, 28.383945], [-99.234192, 28.383925], [-99.234165, 28.383897], [-99.233233, 28.383086], [-99.233107, 28.382977], [-99.233021, 28.382901], [-99.233002, 28.382884], [-99.23278, 28.38269], [-99.232755, 28.382668], [-99.232584, 28.382521], [-99.232463, 28.382416], [-99.231558, 28.38163], [-99.231474, 28.381564], [-99.231356, 28.381501], [-99.230476, 28.381056], [-99.230335, 28.380984], [-99.230287, 28.38096], [-99.230058, 28.380845], [-99.229766, 28.380698], [-99.229581, 28.380605], [-99.229549, 28.38059], [-99.229414, 28.380519], [-99.226595, 28.379098], [-99.224923, 28.378255], [-99.224914, 28.378253], [-99.224901, 28.378258], [-99.224305, 28.378795], [-99.222366, 28.380546], [-99.222234, 28.380665], [-99.222203, 28.380693], [-99.222019, 28.38086], [-99.221788, 28.381068], [-99.221749, 28.381103], [-99.221611, 28.381229], [-99.221313, 28.381498], [-99.22125, 28.381557], [-99.221224, 28.38158], [-99.221146, 28.381651], [-99.220717, 28.382037], [-99.220557, 28.382182], [-99.220538, 28.3822], [-99.218229, 28.384282], [-99.217195, 28.384725], [-99.216064, 28.385744], [-99.215934, 28.385862], [-99.215232, 28.386497], [-99.215134, 28.386584], [-99.214001, 28.387607], [-99.213202, 28.387655], [-99.209224, 28.387891], [-99.208781, 28.387917], [-99.208578, 28.387929], [-99.208412, 28.387939], [-99.208229, 28.38795], [-99.208123, 28.387957], [-99.207685, 28.387977], [-99.20189, 28.38793], [-99.201196, 28.387915], [-99.200298, 28.387905], [-99.199296, 28.387006], [-99.199261, 28.386975], [-99.198721, 28.386487], [-99.198715, 28.386483], [-99.198708, 28.386481], [-99.197661, 28.386488], [-99.19177, 28.386537], [-99.191738, 28.386537], [-99.191653, 28.386537], [-99.191623, 28.386538], [-99.191338, 28.38654], [-99.191046, 28.386288], [-99.190908, 28.38617], [-99.190869, 28.386137], [-99.190726, 28.386012], [-99.189865, 28.385259], [-99.186452, 28.384495], [-99.185258, 28.383458], [-99.184706, 28.383262], [-99.184292, 28.383107], [-99.184127, 28.383049], [-99.184079, 28.383032], [-99.183902, 28.382969], [-99.183692, 28.38289], [-99.181877, 28.381305], [-99.179452, 28.379201], [-99.174915, 28.375268], [-99.173483, 28.374027], [-99.173461, 28.374008], [-99.168299, 28.369533], [-99.168125, 28.369382], [-99.167542, 28.368878], [-99.16735, 28.368715], [-99.166854, 28.368279], [-99.166581, 28.367925], [-99.165622, 28.367075], [-99.164706, 28.366273], [-99.162217, 28.364116], [-99.162092, 28.364002], [-99.162066, 28.363978], [-99.161941, 28.363864], [-99.161584, 28.363535], [-99.161201, 28.363374], [-99.161068, 28.363264], [-99.157174, 28.359871], [-99.15711, 28.359807], [-99.157031, 28.359691], [-99.156072, 28.358193], [-99.155887, 28.357844], [-99.155634, 28.356775], [-99.155361, 28.355663], [-99.154911, 28.354469], [-99.154392, 28.353935], [-99.154137, 28.353679], [-99.154016, 28.353556], [-99.153991, 28.353534], [-99.153645, 28.353218], [-99.152025, 28.351797], [-99.151167, 28.351123], [-99.149636, 28.349788], [-99.149466, 28.349639], [-99.148702, 28.348976], [-99.147506, 28.347926], [-99.14535, 28.346035], [-99.142884, 28.343869], [-99.140427, 28.341729], [-99.140134, 28.341663], [-99.138635, 28.340857], [-99.138542, 28.340808], [-99.138453, 28.340777], [-99.138254, 28.34071], [-99.137396, 28.340421], [-99.137348, 28.340405], [-99.137237, 28.340367], [-99.136536, 28.34013], [-99.134462, 28.339584], [-99.134316, 28.339543], [-99.134233, 28.339497], [-99.133653, 28.339167], [-99.132933, 28.338752], [-99.132862, 28.338747], [-99.132681, 28.338733], [-99.132086, 28.338686], [-99.1319, 28.338672], [-99.130767, 28.338582], [-99.130665, 28.338571], [-99.13058, 28.338551], [-99.125915, 28.337316], [-99.125764, 28.337278], [-99.125698, 28.337259], [-99.125501, 28.337205], [-99.125273, 28.337144], [-99.125145, 28.337096], [-99.124939, 28.337025], [-99.124084, 28.336718], [-99.12405, 28.336707], [-99.12389, 28.336664], [-99.122934, 28.336415], [-99.122208, 28.336334], [-99.118737, 28.335416], [-99.118559, 28.335367], [-99.118533, 28.335367], [-99.118512, 28.335389], [-99.118264, 28.336022], [-99.118251, 28.336041], [-99.11822, 28.336043], [-99.118061, 28.336003], [-99.117814, 28.335939], [-99.117461, 28.335845], [-99.116784, 28.335663], [-99.116455, 28.335574], [-99.116347, 28.335545], [-99.116254, 28.335522], [-99.116202, 28.33551], [-99.115237, 28.335254], [-99.114322, 28.335012], [-99.11415, 28.334966], [-99.113976, 28.334919], [-99.112297, 28.334359], [-99.112083, 28.334284], [-99.112048, 28.334269], [-99.111848, 28.334166], [-99.110558, 28.333483], [-99.110398, 28.333396], [-99.110143, 28.333199], [-99.109631, 28.3328], [-99.109534, 28.332723], [-99.109437, 28.332647], [-99.109176, 28.332446], [-99.109108, 28.332394], [-99.108917, 28.332245], [-99.108798, 28.332153], [-99.108577, 28.331959], [-99.108533, 28.33192], [-99.10843, 28.331827], [-99.108231, 28.331648], [-99.108121, 28.331549], [-99.107948, 28.331394], [-99.107642, 28.331122], [-99.107534, 28.331026], [-99.107423, 28.330926], [-99.107322, 28.330836], [-99.107177, 28.330704], [-99.106987, 28.330535], [-99.106809, 28.330374], [-99.106725, 28.3303], [-99.106261, 28.329884], [-99.106186, 28.329818], [-99.106164, 28.329799], [-99.106127, 28.329766], [-99.105834, 28.329502], [-99.105814, 28.329484], [-99.105767, 28.329442], [-99.105574, 28.329269], [-99.105435, 28.329145], [-99.105371, 28.329089], [-99.105332, 28.329053], [-99.105139, 28.32888], [-99.105098, 28.328843], [-99.105059, 28.328808], [-99.099167, 28.323529], [-99.098587, 28.323315], [-99.098401, 28.323244], [-99.097849, 28.323041], [-99.097642, 28.322962], [-99.097397, 28.322439], [-99.097082, 28.321722], [-99.086535, 28.312277], [-99.086405, 28.31216], [-99.085724, 28.311548], [-99.084671, 28.310603], [-99.084557, 28.3105], [-99.084428, 28.310386], [-99.082366, 28.308544], [-99.082196, 28.308434], [-99.081577, 28.308201], [-99.080912, 28.308204], [-99.080895, 28.308195], [-99.080812, 28.308123], [-99.080083, 28.307493], [-99.079448, 28.306931], [-99.079073, 28.305624], [-99.078719, 28.304367], [-99.075909, 28.300669], [-99.07449, 28.298803], [-99.073633, 28.298009], [-99.073422, 28.297739], [-99.072813, 28.296772], [-99.072682, 28.296629], [-99.072082, 28.296006], [-99.071827, 28.29575], [-99.069799, 28.293762], [-99.067247, 28.291261], [-99.064716, 28.289513], [-99.06352, 28.288339], [-99.063274, 28.288096], [-99.061235, 28.286095], [-99.060996, 28.285859], [-99.060955, 28.285818], [-99.059756, 28.284128], [-99.059703, 28.284053], [-99.059287, 28.283459], [-99.059234, 28.283404], [-99.059113, 28.283285], [-99.058589, 28.282767], [-99.056443, 28.280667], [-99.056314, 28.280538], [-99.056279, 28.280506], [-99.056162, 28.280391], [-99.056045, 28.280278], [-99.055957, 28.28019], [-99.055914, 28.280149], [-99.055806, 28.280041], [-99.053305, 28.277588], [-99.053209, 28.277495], [-99.052982, 28.277274], [-99.052857, 28.27715], [-99.052363, 28.276663], [-99.05234, 28.27666], [-99.051802, 28.276657], [-99.051425, 28.276653], [-99.049749, 28.276634], [-99.049573, 28.27663], [-99.048983, 28.276626], [-99.048813, 28.276624], [-99.048536, 28.27662], [-99.047276, 28.275599], [-99.04691, 28.275302], [-99.045591, 28.274227], [-99.045241, 28.273943], [-99.043816, 28.272785], [-99.042317, 28.271776], [-99.04217, 28.271675], [-99.042014, 28.271569], [-99.041857, 28.271464], [-99.040538, 28.270573], [-99.040402, 28.270483], [-99.03725, 28.268356], [-99.037212, 28.268333], [-99.030639, 28.265568], [-99.030486, 28.265505], [-99.030317, 28.265434], [-99.030283, 28.26542], [-99.029339, 28.265021], [-99.02578, 28.263542], [-99.025725, 28.263517], [-99.024926, 28.263523], [-99.024913, 28.263519], [-99.024906, 28.263489], [-99.024906, 28.262935], [-99.024903, 28.262514], [-99.0249, 28.262496], [-99.02488, 28.262482], [-99.022279, 28.261242], [-99.021783, 28.261005], [-99.021677, 28.260954], [-99.016515, 28.258492], [-99.016194, 28.258339], [-99.016064, 28.258277], [-99.0151, 28.257815], [-99.01468, 28.257597], [-99.011605, 28.255982], [-99.009527, 28.254888], [-99.007639, 28.253898], [-99.007612, 28.253884], [-99.007528, 28.25384], [-99.005835, 28.252952], [-99.005687, 28.252874], [-99.005645, 28.252851], [-99.0056, 28.252827], [-99.005202, 28.252562], [-99.005129, 28.252511], [-99.005091, 28.252486], [-99.004959, 28.252399], [-99.001361, 28.249994], [-99.001329, 28.249975], [-99.00126, 28.24993], [-99.001229, 28.249907], [-98.998391, 28.248013], [-98.998296, 28.247949], [-98.997432, 28.247374], [-98.997297, 28.247287], [-98.997253, 28.247256], [-98.997119, 28.247165], [-98.994815, 28.245622], [-98.994707, 28.245528], [-98.986623, 28.238217], [-98.98585, 28.237893], [-98.98518, 28.237615], [-98.985, 28.237537], [-98.984841, 28.237469], [-98.984591, 28.237364], [-98.984402, 28.237286], [-98.984218, 28.23721], [-98.984001, 28.237121], [-98.983842, 28.237051], [-98.983639, 28.236964], [-98.983189, 28.236779], [-98.977919, 28.234569], [-98.977778, 28.234509], [-98.977697, 28.234458], [-98.976436, 28.233603], [-98.976408, 28.233584], [-98.976322, 28.233526], [-98.976003, 28.23331], [-98.975751, 28.233137], [-98.975477, 28.232954], [-98.975332, 28.232853], [-98.973157, 28.231382], [-98.973008, 28.231283], [-98.972865, 28.231185], [-98.972838, 28.231166], [-98.972707, 28.231079], [-98.972653, 28.231041], [-98.96685, 28.227109], [-98.965019, 28.22587], [-98.964904, 28.22579], [-98.964878, 28.225772], [-98.964224, 28.22533], [-98.964004, 28.225181], [-98.963864, 28.225089], [-98.9638, 28.225046], [-98.963662, 28.22495], [-98.962826, 28.224386], [-98.962704, 28.224304], [-98.962662, 28.224275], [-98.962446, 28.224128], [-98.962237, 28.223985], [-98.962087, 28.223881], [-98.9619, 28.223758], [-98.96016, 28.22258], [-98.959727, 28.222284], [-98.959646, 28.222228], [-98.959535, 28.222156], [-98.958685, 28.22158], [-98.958592, 28.221517], [-98.95856, 28.221495], [-98.958439, 28.221416], [-98.957546, 28.220804], [-98.957351, 28.220636], [-98.953833, 28.217543], [-98.953528, 28.217276], [-98.95312, 28.216918], [-98.952879, 28.216707], [-98.952592, 28.216455], [-98.95253, 28.2164], [-98.952389, 28.216276], [-98.951074, 28.21512], [-98.949438, 28.213685], [-98.946795, 28.211359], [-98.946363, 28.210977], [-98.946095, 28.210743], [-98.945943, 28.210611], [-98.93945, 28.204904], [-98.939384, 28.204845], [-98.937693, 28.203358], [-98.937677, 28.203348], [-98.937478, 28.203349], [-98.937226, 28.203349], [-98.936704, 28.203351], [-98.936454, 28.203352], [-98.934993, 28.203365], [-98.932392, 28.203387], [-98.93224, 28.203388], [-98.932177, 28.203388], [-98.931985, 28.203388], [-98.931545, 28.203392], [-98.931443, 28.203392], [-98.929791, 28.203406], [-98.929599, 28.203407], [-98.928259, 28.203418], [-98.928244, 28.203416], [-98.928238, 28.203401], [-98.928224, 28.202865], [-98.928206, 28.201555], [-98.928207, 28.201381], [-98.928205, 28.201024], [-98.928199, 28.201002], [-98.926419, 28.199892], [-98.924659, 28.198797], [-98.922702, 28.197556], [-98.919038, 28.19523], [-98.911578, 28.190495], [-98.896603, 28.180985], [-98.896548, 28.180952], [-98.896466, 28.180909], [-98.896336, 28.18084], [-98.895733, 28.180459], [-98.895537, 28.180337], [-98.895504, 28.180297], [-98.895422, 28.180202], [-98.895272, 28.18003], [-98.895117, 28.179854], [-98.89508, 28.179812], [-98.894953, 28.179667], [-98.894383, 28.179014], [-98.89432, 28.178942], [-98.894245, 28.178857], [-98.894147, 28.178744], [-98.894043, 28.178622], [-98.893921, 28.178482], [-98.893792, 28.178333], [-98.893722, 28.178255], [-98.89359, 28.178111], [-98.89349, 28.177997], [-98.893332, 28.177813], [-98.893251, 28.177723], [-98.893068, 28.177513], [-98.892942, 28.177371], [-98.892797, 28.177207], [-98.892767, 28.177172], [-98.892714, 28.177112], [-98.892561, 28.176936], [-98.892482, 28.176846], [-98.892397, 28.176749], [-98.892286, 28.176623], [-98.892265, 28.176599], [-98.892177, 28.176499], [-98.892143, 28.176461], [-98.891912, 28.176197], [-98.891811, 28.176079], [-98.891693, 28.175944], [-98.891567, 28.175801], [-98.891412, 28.175624], [-98.891305, 28.1755], [-98.891216, 28.1754], [-98.891044, 28.175203], [-98.891013, 28.175168], [-98.890915, 28.175057], [-98.890608, 28.174706], [-98.890545, 28.174635], [-98.89053, 28.174617], [-98.890452, 28.174529], [-98.890169, 28.174204], [-98.89008, 28.174104], [-98.890014, 28.174027], [-98.889833, 28.173821], [-98.889689, 28.173658], [-98.889664, 28.17363], [-98.88939, 28.173316], [-98.888834, 28.172683], [-98.888681, 28.17249], [-98.888327, 28.172028], [-98.88828, 28.171967], [-98.888222, 28.171892], [-98.888062, 28.171687], [-98.887792, 28.171339], [-98.887621, 28.171119], [-98.887472, 28.170928], [-98.887442, 28.170889], [-98.887309, 28.170716], [-98.887278, 28.170676], [-98.887233, 28.170618], [-98.887136, 28.170494], [-98.887015, 28.170339], [-98.886944, 28.170247], [-98.88691, 28.170203], [-98.886829, 28.170098], [-98.886696, 28.169925], [-98.886669, 28.169891], [-98.88651, 28.169688], [-98.886364, 28.169501], [-98.886288, 28.169404], [-98.886164, 28.169244], [-98.886089, 28.169146], [-98.885919, 28.168927], [-98.885794, 28.168767], [-98.885674, 28.168613], [-98.88545, 28.168324], [-98.885412, 28.168275], [-98.885324, 28.168163], [-98.885238, 28.168055], [-98.885108, 28.167888], [-98.885043, 28.167804], [-98.884922, 28.167649], [-98.884851, 28.167558], [-98.884667, 28.167316], [-98.8846, 28.167227], [-98.884526, 28.167137], [-98.884324, 28.166968], [-98.884216, 28.166876], [-98.884139, 28.166809], [-98.884118, 28.166794], [-98.884063, 28.166748], [-98.884013, 28.166706], [-98.883961, 28.166663], [-98.883804, 28.166534], [-98.883627, 28.166382], [-98.883524, 28.166298], [-98.883503, 28.166279], [-98.883385, 28.16618], [-98.883238, 28.166054], [-98.883205, 28.166027], [-98.882783, 28.165672], [-98.882685, 28.165591], [-98.882573, 28.165498], [-98.88245, 28.165394], [-98.882305, 28.165271], [-98.882176, 28.165162], [-98.882005, 28.165016], [-98.881903, 28.16493], [-98.881795, 28.164839], [-98.88102, 28.16419], [-98.880623, 28.16386], [-98.880536, 28.163786], [-98.87529, 28.159375], [-98.875233, 28.159325], [-98.87517, 28.15926], [-98.874997, 28.159078], [-98.87366, 28.157649], [-98.873651, 28.157635], [-98.873648, 28.157624], [-98.873639, 28.157439], [-98.8736, 28.156903], [-98.873589, 28.156753], [-98.873563, 28.156405], [-98.873556, 28.156313], [-98.873533, 28.156028], [-98.873521, 28.155873], [-98.873509, 28.155688], [-98.873501, 28.155618], [-98.873497, 28.155608], [-98.873489, 28.155604], [-98.872914, 28.155435], [-98.872736, 28.155381], [-98.872147, 28.155208], [-98.871996, 28.155164], [-98.871637, 28.155055], [-98.87145, 28.154997], [-98.871265, 28.154941], [-98.871252, 28.154929], [-98.870376, 28.153795], [-98.870101, 28.153406], [-98.870074, 28.153368], [-98.86967, 28.152806], [-98.86946, 28.152516], [-98.869386, 28.152414], [-98.86907, 28.151972], [-98.868823, 28.151611], [-98.867247, 28.14943], [-98.858005, 28.136533], [-98.857875, 28.136353], [-98.857556, 28.135909], [-98.857424, 28.135726], [-98.841428, 28.113394], [-98.841414, 28.113372], [-98.841367, 28.113309], [-98.841351, 28.113287], [-98.841154, 28.113013], [-98.841045, 28.112865], [-98.840901, 28.112666], [-98.840805, 28.112528], [-98.839281, 28.110398], [-98.827292, 28.093645], [-98.827259, 28.093604], [-98.821324, 28.088268], [-98.820916, 28.087904], [-98.820848, 28.087852], [-98.820773, 28.087797], [-98.820705, 28.087737], [-98.820641, 28.087669], [-98.820583, 28.087607], [-98.820232, 28.087286], [-98.815192, 28.082751], [-98.815057, 28.082632], [-98.814928, 28.082517], [-98.812203, 28.080064], [-98.811376, 28.07932], [-98.811213, 28.079175], [-98.809525, 28.077652], [-98.809287, 28.07744], [-98.809179, 28.077343], [-98.809052, 28.077228], [-98.804396, 28.073039], [-98.804225, 28.072884], [-98.804055, 28.07273], [-98.803935, 28.072622], [-98.803804, 28.072504], [-98.803238, 28.071997]]}},
{"type": "Feature", "properties": {"ProjectID": "P2675", "TPMS_ID": 4683089, "OPER_LINK": 0, "OPS_ID": 0, "P5_NUM": "253113", "OPER_NM": "EPIC CONSOLIDATED OPS, LLC", "SYS_NM": "EPIC NGL SYSTEM", "SUBSYS_NM": "203-BENEDUM TO ROBSTOWN SP5", "T4PERMIT": "09817", "DIAMETER": 24.0, "COMMODITY1": "HVL", "COMMODITY2": null, "COMMODITY3": null, "CMDTY_DESC": "HIGHLY VOLATILE LIQUID", "INTERSTATE": "N", "STATUS_CD": "I", "QUALITY_CD": "G", "SYSTYPE": "Q", "COUNTY": "311", "COM_CARRIE": "Y", "PLINE_ID": "203", "SYS_ID": "965292", "NPMS_SYS_I": 0, "ALBERS_MIL": 1.9169098643, "LENGTH": 0.0}, "geometry": {"type": "MultiLineString", "coordinates": [[[-98.803238, 28.071997], [-98.802796, 28.071599], [-98.801955, 28.070842], [-98.801225, 28.070186], [-98.801142, 28.070111], [-98.801014, 28.069996], [-98.800886, 28.069882], [-98.799663, 28.068781], [-98.799527, 28.06866], [-98.796956, 28.066346], [-98.795647, 28.065168], [-98.795543, 28.065073], [-98.795465, 28.065004], [-98.793397, 28.063147], [-98.793111, 28.06289], [-98.792815, 28.062625], [-98.792644, 28.062472], [-98.792467, 28.062313], [-98.791238, 28.061207], [-98.789863, 28.059974], [-98.78946, 28.059611], [-98.789392, 28.059551], [-98.789227, 28.059403], [-98.788775, 28.058998], [-98.788638, 28.058875], [-98.788538, 28.058785], [-98.787989, 28.058292], [-98.78785, 28.058167], [-98.787489, 28.057842], [-98.787351, 28.057718], [-98.787113, 28.057505], [-98.787108, 28.057502]], [[-98.786009, 28.057501], [-98.779854, 28.057534], [-98.779601, 28.057534], [-98.77941, 28.057535], [-98.778056, 28.057545], [-98.778029, 28.057537], [-98.778019, 28.057511], [-98.77802, 28.057492]]]}},
{"type": "Feature", "properties": {"ProjectID": "P2675", "TPMS_ID": 3328117, "OPER_LINK": 0, "OPS_ID": 0, "P5_NUM": "253113", "OPER_NM": "EPIC CONSOLIDATED OPS, LLC", "SYS_NM": "EPIC PRODUCTS PIPELINE", "SUBSYS_NM": "ROBSTOWN TO MARKHAM", "T4PERMIT": "10072", "DIAMETER": 12.75, "COMMODITY1": "HVL", "COMMODITY2": null, "COMMODITY3": null, "CMDTY_DESC": "HIGHLY VOLATILE LIQUID", "INTERSTATE": "N", "STATUS_CD": "I", "QUALITY_CD": "G", "SYSTYPE": "Q", "COUNTY": "239", "COM_CARRIE": "Y", "PLINE_ID": "ROBSTOWN TO MARKHAM", "SYS_ID": "966173", "NPMS_SYS_I": 0, "ALBERS_MIL": 26.7373492225, "LENGTH": 0.0}, "geometry": {"type": "LineString", "coordinates": [[-96.309849, 28.941729], [-96.30985, 28.941725]]}},
{"type": "Feature", "properties": {"ProjectID": "P2675", "TPMS_ID": 3328118, "OPER_LINK": 0, "OPS_ID": 0, "P5_NUM": "253113", "OPER_NM": "EPIC CONSOLIDATED OPS, LLC", "SYS_NM": "EPIC PRODUCTS PIPELINE", "SUBSYS_NM": "ROBSTOWN TO MARKHAM", "T4PERMIT": "10072", "DIAMETER": 12.75, "COMMODITY1": "HVL", "COMMODITY2": null, "COMMODITY3": null, "CMDTY_DESC": "HIGHLY VOLATILE LIQUID", "INTERSTATE": "N", "STATUS_CD": "I", "QUALITY_CD": "G", "SYSTYPE": "Q", "COUNTY": "321", "COM_CARRIE": "Y", "PLINE_ID": "ROBSTOWN TO MARKHAM", "SYS_ID": "966173", "NPMS_SYS_I": 0, "ALBERS_MIL": 11.523209151, "LENGTH": 0.0}, "geometry": {"type": "LineString", "coordinates": [[-96.143499, 28.985836], [-96.142398, 28.985851], [-96.142327, 28.981686], [-96.150787, 28.981575], [-96.151891, 28.980769], [-96.154999, 28.980766], [-96.155685, 28.981352], [-96.168373, 28.981189], [-96.168848, 28.980759], [-96.173308, 28.980701], [-96.185467, 28.97413], [-96.193216, 28.974087], [-96.193212, 28.97362], [-96.193206, 28.972882], [-96.194961, 28.971106], [-96.197248, 28.970045], [-96.199411, 28.969507], [-96.200257, 28.969319], [-96.207862, 28.96924], [-96.207976, 28.969253], [-96.209076, 28.969234], [-96.209036, 28.966753], [-96.209078, 28.966465], [-96.209055, 28.964187], [-96.215796, 28.960676], [-96.216296, 28.960496], [-96.216683, 28.960333], [-96.216814, 28.960221], [-96.217285, 28.959861], [-96.22262, 28.957151], [-96.222726, 28.95709], [-96.222764, 28.956943], [-96.223851, 28.956393], [-96.224102, 28.956286], [-96.224665, 28.956001], [-96.22484, 28.955891], [-96.225619, 28.955522], [-96.232909, 28.951818], [-96.233138, 28.951682], [-96.240509, 28.947943], [-96.241328, 28.947546], [-96.24211, 28.947168], [-96.257339, 28.945609], [-96.260555, 28.94528], [-96.260668, 28.945282], [-96.276875, 28.94362], [-96.276996, 28.943594], [-96.293497, 28.9419], [-96.309008, 28.941796], [-96.309132, 28.941809], [-96.309836, 28.941804], [-96.309849, 28.941729]]}},
{"type": "Feature", "properties": {"ProjectID": "P2675", "TPMS_ID": 4683085, "OPER_LINK": 0, "OPS_ID": 0, "P5_NUM": "253113", "OPER_NM": "EPIC CONSOLIDATED OPS, LLC", "SYS_NM": "EPIC NGL SYSTEM", "SUBSYS_NM": "216-MARKHAM TO OLD OCEAN", "T4PERMIT": "09817", "DIAMETER": 20.0, "COMMODITY1": "HVL", "COMMODITY2": null, "COMMODITY3": null, "CMDTY_DESC": "HIGHLY VOLATILE LIQUID", "INTERSTATE": "N", "STATUS_CD": "I", "QUALITY_CD": "G", "SYSTYPE": "Q", "COUNTY": "321", "COM_CARRIE": "Y", "PLINE_ID": "216", "SYS_ID": "970143", "NPMS_SYS_I": 0, "ALBERS_MIL": 25.5846106973, "LENGTH": 0.0}, "geometry": {"type": "LineString", "coordinates": [[-95.766889, 29.056206], [-95.76697, 29.05619], [-95.767065, 29.056172], [-95.767162, 29.056153], [-95.767257, 29.056135], [-95.767353, 29.056117], [-95.76745, 29.056099], [-95.767546, 29.05608], [-95.767641, 29.056063], [-95.767738, 29.056044], [-95.767834, 29.056027], [-95.76793, 29.056009], [-95.768024, 29.055991], [-95.768047, 29.055986], [-95.768126, 29.055967], [-95.768203, 29.055943], [-95.768338, 29.055899], [-95.768472, 29.055856], [-95.768606, 29.055814], [-95.768729, 29.055777], [-95.768822, 29.055747], [-95.768946, 29.055709], [-95.769073, 29.055669], [-95.769211, 29.055628], [-95.769332, 29.05559], [-95.769461, 29.05555], [-95.769595, 29.055509], [-95.769728, 29.055468], [-95.769852, 29.055429], [-95.769979, 29.05539], [-95.770115, 29.055348], [-95.770234, 29.055312], [-95.770347, 29.055277], [-95.770482, 29.055235], [-95.77062, 29.055191], [-95.770758, 29.055148], [-95.770894, 29.055107], [-95.771098, 29.055044], [-95.771256, 29.05503], [-95.77149, 29.054953], [-95.771612, 29.05488], [-95.771825, 29.054816], [-95.771965, 29.054773], [-95.772094, 29.054733], [-95.772231, 29.054691], [-95.772372, 29.054646], [-95.772508, 29.054603], [-95.772637, 29.054562], [-95.772775, 29.054519], [-95.772916, 29.054475], [-95.773018, 29.054443], [-95.773105, 29.054398], [-95.773224, 29.054331], [-95.773346, 29.054261], [-95.773461, 29.054196], [-95.773579, 29.054129], [-95.773699, 29.054059], [-95.773822, 29.05399], [-95.773931, 29.053928], [-95.773988, 29.053896], [-95.774112, 29.053825], [-95.774239, 29.053755], [-95.774305, 29.053718], [-95.774427, 29.053651], [-95.774552, 29.053581], [-95.774665, 29.053516], [-95.774787, 29.053446], [-95.774911, 29.053376], [-95.775032, 29.053308], [-95.775153, 29.053238], [-95.775281, 29.053168], [-95.775405, 29.053099], [-95.77553, 29.053029], [-95.775644, 29.052964], [-95.775755, 29.052901], [-95.77587, 29.052836], [-95.775997, 29.052765], [-95.776124, 29.052694], [-95.776245, 29.052626], [-95.776369, 29.052556], [-95.776491, 29.052488], [-95.776597, 29.05243], [-95.776725, 29.052358], [-95.776851, 29.052286], [-95.777044, 29.052175], [-95.777189, 29.052049], [-95.777287, 29.051963], [-95.777389, 29.051877], [-95.777482, 29.051796], [-95.777586, 29.051704], [-95.777689, 29.051611], [-95.777788, 29.051522], [-95.777888, 29.051432], [-95.77799, 29.05134], [-95.778069, 29.05127], [-95.778171, 29.051175], [-95.778274, 29.051085], [-95.778381, 29.050992], [-95.778481, 29.050903], [-95.778579, 29.050816], [-95.778682, 29.050724], [-95.778778, 29.050638], [-95.778878, 29.050549], [-95.778981, 29.050458], [-95.779084, 29.050366], [-95.779192, 29.05027], [-95.779293, 29.05018], [-95.779397, 29.050087], [-95.779491, 29.050002], [-95.779593, 29.049911], [-95.779693, 29.049821], [-95.779797, 29.049729], [-95.779899, 29.049638], [-95.780004, 29.049544], [-95.780097, 29.049461], [-95.780203, 29.049367], [-95.780305, 29.049277], [-95.780404, 29.049188], [-95.780495, 29.049105], [-95.78057, 29.049039], [-95.780593, 29.04902], [-95.780704, 29.048935], [-95.780808, 29.048855], [-95.780921, 29.04877], [-95.780987, 29.04872], [-95.78109, 29.04864], [-95.781189, 29.048565], [-95.781299, 29.048481], [-95.781398, 29.048405], [-95.781515, 29.048317], [-95.781629, 29.048231], [-95.781737, 29.048148], [-95.781912, 29.048011], [-95.781963, 29.047963], [-95.782026, 29.04788], [-95.782087, 29.047797], [-95.782216, 29.047627], [-95.782309, 29.047555], [-95.78242, 29.047471], [-95.782521, 29.047393], [-95.782625, 29.047315], [-95.782723, 29.047242], [-95.782834, 29.047158], [-95.782944, 29.047073], [-95.783033, 29.047006], [-95.783011, 29.046871], [-95.782994, 29.046768], [-95.782976, 29.046648], [-95.782953, 29.046514], [-95.782933, 29.046387], [-95.782912, 29.046258], [-95.782892, 29.046132], [-95.782871, 29.046002], [-95.78285, 29.04587], [-95.78283, 29.045752], [-95.782808, 29.045625], [-95.782792, 29.045527], [-95.782899, 29.045454], [-95.783016, 29.045372], [-95.78313, 29.045293], [-95.783251, 29.04521], [-95.783373, 29.045125], [-95.783486, 29.045048], [-95.783599, 29.044971], [-95.783715, 29.044892], [-95.78383, 29.044813], [-95.783927, 29.044746], [-95.784041, 29.044667], [-95.784158, 29.044586], [-95.78427, 29.044507], [-95.784384, 29.044428], [-95.784498, 29.044351], [-95.78461, 29.044274], [-95.784722, 29.044199], [-95.784835, 29.04412], [-95.784943, 29.044047], [-95.785045, 29.043973], [-95.785129, 29.043918], [-95.785245, 29.043843], [-95.785363, 29.043766], [-95.785457, 29.043705], [-95.785575, 29.04363], [-95.78569, 29.043554], [-95.785847, 29.043454], [-95.786018, 29.043312], [-95.786118, 29.043233], [-95.786135, 29.043222], [-95.786254, 29.043141], [-95.786365, 29.043064], [-95.786474, 29.042989], [-95.786583, 29.042915], [-95.786696, 29.042835], [-95.786705, 29.042828], [-95.786811, 29.04276], [-95.786916, 29.042691], [-95.787031, 29.042616], [-95.787136, 29.042549], [-95.787252, 29.042474], [-95.787373, 29.042397], [-95.787484, 29.042324], [-95.787604, 29.042247], [-95.787705, 29.042182], [-95.787826, 29.042103], [-95.787941, 29.042028], [-95.788062, 29.041951], [-95.788171, 29.041881], [-95.788279, 29.041811], [-95.788399, 29.041733], [-95.788518, 29.041656], [-95.788637, 29.04158], [-95.788761, 29.041499], [-95.788884, 29.041421], [-95.788991, 29.041351], [-95.789106, 29.041277], [-95.789218, 29.041204], [-95.789331, 29.041132], [-95.789447, 29.041055], [-95.789561, 29.040981], [-95.789665, 29.040914], [-95.789786, 29.040836], [-95.789904, 29.040761], [-95.790022, 29.040684], [-95.790136, 29.040612], [-95.790234, 29.040548], [-95.790351, 29.040472], [-95.790472, 29.040392], [-95.790587, 29.040317], [-95.790704, 29.040242], [-95.790816, 29.040168], [-95.790928, 29.040095], [-95.791046, 29.040018], [-95.791196, 29.039918], [-95.791316, 29.039812], [-95.791392, 29.039747], [-95.791411, 29.039732], [-95.79152, 29.039652], [-95.791634, 29.039567], [-95.79167, 29.039541], [-95.791775, 29.039465], [-95.791882, 29.039388], [-95.791898, 29.039376], [-95.791927, 29.039358], [-95.791934, 29.039352], [-95.791959, 29.03933], [-95.79201, 29.039286], [-95.792019, 29.039278], [-95.792032, 29.039266], [-95.792039, 29.03926], [-95.79214, 29.039169], [-95.792244, 29.039076], [-95.792331, 29.038998], [-95.792433, 29.038907], [-95.792533, 29.038818], [-95.792626, 29.038734], [-95.792734, 29.038638], [-95.792828, 29.038554], [-95.792926, 29.038466], [-95.793015, 29.038387], [-95.793117, 29.038297], [-95.793225, 29.038201], [-95.793319, 29.038116], [-95.79347, 29.038115], [-95.793615, 29.038112], [-95.793751, 29.03811], [-95.793887, 29.038109], [-95.794032, 29.038109], [-95.794176, 29.038108], [-95.794221, 29.038107], [-95.79431, 29.038029], [-95.794343, 29.038], [-95.794432, 29.037921], [-95.794533, 29.037834], [-95.794637, 29.037742], [-95.794738, 29.037652], [-95.794842, 29.037559], [-95.794931, 29.037479], [-95.795033, 29.037387], [-95.795135, 29.037296], [-95.795231, 29.037211], [-95.795332, 29.03712], [-95.795427, 29.037036], [-95.795527, 29.036946], [-95.795628, 29.036857], [-95.795735, 29.036762], [-95.795837, 29.03667], [-95.795937, 29.03658], [-95.796047, 29.036483], [-95.796149, 29.03639], [-95.796251, 29.036299], [-95.796339, 29.036222], [-95.796439, 29.036132], [-95.796536, 29.036043], [-95.796606, 29.035981], [-95.796708, 29.035889], [-95.796808, 29.035801], [-95.796909, 29.03571], [-95.797013, 29.035615], [-95.797113, 29.035525], [-95.797153, 29.035489], [-95.797286, 29.035386], [-95.797387, 29.035239], [-95.797462, 29.035131], [-95.79753, 29.035032], [-95.7976, 29.034931], [-95.797672, 29.034827], [-95.79773, 29.034742], [-95.797775, 29.034678], [-95.797917, 29.034557], [-95.79802, 29.034468], [-95.798093, 29.034406], [-95.798198, 29.034318], [-95.798295, 29.034237], [-95.798319, 29.034215], [-95.79841, 29.034137], [-95.798509, 29.034056], [-95.798614, 29.033965], [-95.79871, 29.033885], [-95.798815, 29.033795], [-95.798922, 29.033705], [-95.799005, 29.033634], [-95.799111, 29.033544], [-95.799214, 29.033457], [-95.79931, 29.033375], [-95.799412, 29.033287], [-95.799506, 29.033206], [-95.799611, 29.033118], [-95.799807, 29.032959], [-95.79985, 29.032932], [-95.79995, 29.032882], [-95.800062, 29.032829], [-95.800243, 29.032741], [-95.80039, 29.032614], [-95.800543, 29.032476], [-95.800637, 29.032337], [-95.800753, 29.032172], [-95.800918, 29.032048], [-95.801031, 29.031963], [-95.801146, 29.031878], [-95.801256, 29.031797], [-95.801368, 29.031713], [-95.801472, 29.031634], [-95.801574, 29.031558], [-95.801684, 29.031476], [-95.801794, 29.031394], [-95.801887, 29.031326], [-95.801981, 29.031256], [-95.801998, 29.031245], [-95.802012, 29.031236], [-95.802119, 29.031174], [-95.802239, 29.031105], [-95.80235, 29.031041], [-95.80247, 29.030971], [-95.802576, 29.030906], [-95.802681, 29.030844], [-95.802801, 29.030941], [-95.802905, 29.031025], [-95.803014, 29.031113], [-95.80312, 29.031198], [-95.803232, 29.031287], [-95.803338, 29.031375], [-95.803444, 29.031461], [-95.803551, 29.031546], [-95.803646, 29.031623], [-95.803752, 29.031708], [-95.80386, 29.031794], [-95.803966, 29.031879], [-95.804068, 29.031959], [-95.804172, 29.032041], [-95.80428, 29.032128], [-95.804389, 29.032217], [-95.804466, 29.032281], [-95.804573, 29.032367], [-95.804677, 29.03245], [-95.804786, 29.032537], [-95.804891, 29.032622], [-95.804982, 29.032696], [-95.805091, 29.032783], [-95.805198, 29.03287], [-95.805289, 29.03294], [-95.805402, 29.033033], [-95.805512, 29.033119], [-95.805617, 29.033205], [-95.805727, 29.033295], [-95.805837, 29.033381], [-95.805945, 29.033469], [-95.806051, 29.033559], [-95.806113, 29.033612], [-95.806156, 29.033609], [-95.8063, 29.033606], [-95.806443, 29.033602], [-95.806587, 29.033598], [-95.806732, 29.033593], [-95.806886, 29.033589], [-95.806995, 29.033586], [-95.807121, 29.033582], [-95.807263, 29.033577], [-95.807402, 29.033574], [-95.807516, 29.03357], [-95.807663, 29.033567], [-95.807809, 29.033564], [-95.808044, 29.033559], [-95.808121, 29.03357], [-95.808192, 29.033589], [-95.808296, 29.033618], [-95.808434, 29.033658], [-95.808685, 29.033733], [-95.80882, 29.033791], [-95.808945, 29.033845], [-95.809058, 29.033892], [-95.809188, 29.033949], [-95.809313, 29.034004], [-95.809435, 29.034055], [-95.809566, 29.034113], [-95.809696, 29.03417], [-95.809805, 29.034217], [-95.809938, 29.034276], [-95.810066, 29.034332], [-95.810201, 29.034392], [-95.810322, 29.034444], [-95.810453, 29.0345], [-95.81059, 29.03456], [-95.810714, 29.034614], [-95.810826, 29.034663], [-95.810942, 29.034713], [-95.811074, 29.034769], [-95.811205, 29.034827], [-95.811324, 29.034878], [-95.811465, 29.034939], [-95.81157, 29.034985], [-95.811675, 29.035032], [-95.811802, 29.035087], [-95.811908, 29.035133], [-95.812027, 29.035185], [-95.812148, 29.035238], [-95.812269, 29.035289], [-95.812389, 29.035342], [-95.812525, 29.035401], [-95.81266, 29.035459], [-95.812784, 29.035512], [-95.812923, 29.035573], [-95.813059, 29.035632], [-95.813182, 29.035685], [-95.813303, 29.035736], [-95.813429, 29.035792], [-95.813535, 29.035838], [-95.813658, 29.035891], [-95.813787, 29.035946], [-95.813903, 29.035996], [-95.814045, 29.036057], [-95.814164, 29.036109], [-95.814287, 29.036162], [-95.814411, 29.036215], [-95.814533, 29.036268], [-95.814659, 29.036323], [-95.814759, 29.036366], [-95.814897, 29.036426], [-95.815019, 29.036478], [-95.815138, 29.036529], [-95.815271, 29.036586], [-95.815396, 29.03664], [-95.81552, 29.036693], [-95.815654, 29.036753], [-95.81588, 29.036855], [-95.816038, 29.036901], [-95.816157, 29.036934], [-95.816279, 29.036969], [-95.816414, 29.037008], [-95.816544, 29.037045], [-95.816664, 29.037079], [-95.8168, 29.037118], [-95.816933, 29.037155], [-95.817077, 29.037197], [-95.817219, 29.037237], [-95.81735, 29.037273], [-95.817494, 29.037313], [-95.817635, 29.037354], [-95.817759, 29.03739], [-95.817898, 29.03743], [-95.818031, 29.037469], [-95.818168, 29.037508], [-95.818299, 29.037545], [-95.818431, 29.037584], [-95.818468, 29.037594], [-95.818549, 29.037617], [-95.818682, 29.037654], [-95.818778, 29.03768], [-95.818879, 29.037709], [-95.819019, 29.03775], [-95.819162, 29.037791], [-95.819218, 29.037807], [-95.819359, 29.037847], [-95.819479, 29.037882], [-95.819614, 29.037921], [-95.819726, 29.037954], [-95.819817, 29.037979], [-95.819954, 29.038018], [-95.820078, 29.038054], [-95.820124, 29.038066], [-95.820266, 29.038108], [-95.820396, 29.038144], [-95.82052, 29.038181], [-95.820663, 29.038222], [-95.820798, 29.038261], [-95.820911, 29.038293], [-95.821041, 29.03833], [-95.821176, 29.038369], [-95.821308, 29.038407], [-95.821444, 29.038446], [-95.82158, 29.038484], [-95.821712, 29.038522], [-95.82185, 29.038562], [-95.821968, 29.038596], [-95.822107, 29.038637], [-95.822246, 29.038677], [-95.822268, 29.038684], [-95.822296, 29.038692], [-95.822423, 29.038728], [-95.82255, 29.038764], [-95.822686, 29.038802], [-95.822827, 29.038842], [-95.822947, 29.038876], [-95.823068, 29.038911], [-95.823195, 29.038948], [-95.823326, 29.038985], [-95.823464, 29.039025], [-95.823579, 29.039057], [-95.823615, 29.039067], [-95.823748, 29.039105], [-95.823882, 29.039142], [-95.824023, 29.039182], [-95.824162, 29.039221], [-95.824297, 29.03926], [-95.824437, 29.039301], [-95.824544, 29.039331], [-95.82466, 29.039365], [-95.824741, 29.039388], [-95.824864, 29.039424], [-95.82499, 29.039459], [-95.825095, 29.039488], [-95.825234, 29.039528], [-95.825351, 29.03956], [-95.825474, 29.039595], [-95.825612, 29.039635], [-95.825732, 29.039668], [-95.825872, 29.039709], [-95.825975, 29.03974], [-95.826112, 29.03978], [-95.826243, 29.039817], [-95.826352, 29.039848], [-95.826487, 29.039886], [-95.826612, 29.039923], [-95.826737, 29.039959], [-95.826873, 29.039998], [-95.826987, 29.040031], [-95.827127, 29.040071], [-95.82727, 29.040113], [-95.827412, 29.040154], [-95.827544, 29.040191], [-95.827678, 29.040228], [-95.82782, 29.04027], [-95.827921, 29.040299], [-95.828038, 29.040333], [-95.828179, 29.040374], [-95.828322, 29.040415], [-95.828462, 29.040457], [-95.828592, 29.040495], [-95.828727, 29.040534], [-95.828868, 29.040576], [-95.829004, 29.040617], [-95.829126, 29.040652], [-95.829263, 29.040692], [-95.829399, 29.040729], [-95.829537, 29.040769], [-95.829675, 29.040809], [-95.829804, 29.040846], [-95.829944, 29.040888], [-95.830085, 29.04093], [-95.830213, 29.040967], [-95.830349, 29.041008], [-95.830482, 29.041046], [-95.830616, 29.041084], [-95.830754, 29.041124], [-95.830895, 29.041163], [-95.831033, 29.041203], [-95.831172, 29.041244], [-95.831296, 29.04128], [-95.831432, 29.041319], [-95.831563, 29.041357], [-95.831706, 29.041398], [-95.831845, 29.041437], [-95.831973, 29.041474], [-95.83212, 29.041517], [-95.83224, 29.041551], [-95.832377, 29.041593], [-95.832511, 29.04163], [-95.832656, 29.041665], [-95.832781, 29.041702], [-95.832873, 29.041731], [-95.83301, 29.041775], [-95.833149, 29.041815], [-95.833281, 29.041853], [-95.833424, 29.041893], [-95.833571, 29.041936], [-95.833709, 29.041976], [-95.833846, 29.042015], [-95.833985, 29.042055], [-95.834115, 29.042093], [-95.834251, 29.042133], [-95.834371, 29.042167], [-95.834511, 29.042207], [-95.834635, 29.042243], [-95.834771, 29.042281], [-95.83491, 29.04232], [-95.835052, 29.04236], [-95.835191, 29.042402], [-95.835328, 29.042441], [-95.835459, 29.042478], [-95.835596, 29.042519], [-95.835742, 29.042562], [-95.835882, 29.042603], [-95.836025, 29.042642], [-95.836157, 29.04268], [-95.836173, 29.042685], [-95.836318, 29.042728], [-95.836464, 29.04277], [-95.836593, 29.042806], [-95.836721, 29.042843], [-95.836848, 29.042879], [-95.836992, 29.042921], [-95.837129, 29.042961], [-95.837265, 29.043001], [-95.837389, 29.043037], [-95.837533, 29.043078], [-95.837674, 29.043118], [-95.837815, 29.043158], [-95.837958, 29.043198], [-95.838021, 29.043216], [-95.838094, 29.043233], [-95.838238, 29.043269], [-95.838376, 29.043303], [-95.838431, 29.043317], [-95.838565, 29.04335], [-95.838704, 29.043386], [-95.838843, 29.043421], [-95.838982, 29.043459], [-95.839109, 29.043498], [-95.839245, 29.043541], [-95.839383, 29.043582], [-95.839523, 29.043624], [-95.839649, 29.043662], [-95.839771, 29.043699], [-95.839896, 29.043737], [-95.84, 29.043769], [-95.840128, 29.043808], [-95.840254, 29.043846], [-95.840377, 29.043883], [-95.840503, 29.043921], [-95.840633, 29.043961], [-95.840754, 29.043999], [-95.840882, 29.044037], [-95.841018, 29.044081], [-95.841153, 29.044123], [-95.841212, 29.044141], [-95.841355, 29.044181], [-95.841467, 29.044217], [-95.841593, 29.044257], [-95.841726, 29.044298], [-95.84186, 29.04434], [-95.841979, 29.044376], [-95.842119, 29.044419], [-95.842254, 29.04446], [-95.842389, 29.044499], [-95.842504, 29.044532], [-95.842632, 29.04457], [-95.842752, 29.044607], [-95.842892, 29.044651], [-95.843026, 29.044693], [-95.843155, 29.044736], [-95.843177, 29.044745], [-95.843266, 29.044786], [-95.843391, 29.044844], [-95.843517, 29.044901], [-95.843646, 29.044958], [-95.843771, 29.045016], [-95.843892, 29.045072], [-95.844004, 29.045124], [-95.844132, 29.045184], [-95.844246, 29.04524], [-95.844382, 29.045304], [-95.844553, 29.045386], [-95.8447, 29.045513], [-95.844787, 29.045587], [-95.844898, 29.045681], [-95.844998, 29.045765], [-95.845108, 29.045856], [-95.845205, 29.045939], [-95.845284, 29.046006], [-95.845396, 29.046096], [-95.845482, 29.046168], [-95.845583, 29.046249], [-95.845688, 29.046336], [-95.845789, 29.04642], [-95.845893, 29.046509], [-95.846, 29.0466], [-95.846111, 29.046692], [-95.846208, 29.046777], [-95.846303, 29.046854], [-95.846397, 29.046934], [-95.846501, 29.047023], [-95.846606, 29.047109], [-95.846706, 29.047195], [-95.846794, 29.047269], [-95.846897, 29.047355], [-95.846999, 29.047442], [-95.84708, 29.04751], [-95.847183, 29.047597], [-95.847295, 29.047689], [-95.847392, 29.047771], [-95.847489, 29.047851], [-95.847591, 29.047935], [-95.847693, 29.048018], [-95.847801, 29.048107], [-95.847899, 29.048191], [-95.848004, 29.048281], [-95.848112, 29.048373], [-95.848193, 29.04844], [-95.848287, 29.04852], [-95.848385, 29.048606], [-95.848482, 29.048686], [-95.848588, 29.048776], [-95.84869, 29.048865], [-95.848791, 29.048953], [-95.848882, 29.049033], [-95.848985, 29.049124], [-95.849082, 29.04921], [-95.84918, 29.049294], [-95.849285, 29.049384], [-95.849362, 29.049452], [-95.849466, 29.049541], [-95.84957, 29.049631], [-95.84966, 29.049709], [-95.849757, 29.049794], [-95.849861, 29.049886], [-95.849958, 29.04997], [-95.850063, 29.050063], [-95.850159, 29.050145], [-95.850252, 29.050228], [-95.850343, 29.050306], [-95.850438, 29.050391], [-95.850539, 29.05048], [-95.850636, 29.050566], [-95.850732, 29.050648], [-95.850832, 29.050734], [-95.85094, 29.050827], [-95.851042, 29.050914], [-95.851147, 29.051005], [-95.851257, 29.051095], [-95.851364, 29.051187], [-95.851461, 29.051271], [-95.851567, 29.051363], [-95.851671, 29.051454], [-95.852744, 29.052389], [-95.852849, 29.052308], [-95.852954, 29.052227], [-95.85305, 29.052153], [-95.853145, 29.05208], [-95.853242, 29.052005], [-95.853357, 29.051919], [-95.853382, 29.051898], [-95.853491, 29.051815], [-95.853599, 29.05173], [-95.853711, 29.051642], [-95.853717, 29.051641], [-95.853876, 29.051612], [-95.854035, 29.051584], [-95.854195, 29.051555], [-95.854354, 29.051527], [-95.854513, 29.051498], [-95.854672, 29.051469], [-95.854831, 29.051441], [-95.854991, 29.051412], [-95.85515, 29.051383], [-95.855309, 29.051355], [-95.855468, 29.051326], [-95.855627, 29.051298], [-95.855787, 29.051269], [-95.855946, 29.051241], [-95.856052, 29.051222], [-95.856112, 29.051211], [-95.856311, 29.051133], [-95.856442, 29.05108], [-95.856478, 29.051065], [-95.856613, 29.05101], [-95.856736, 29.050963], [-95.856864, 29.050915], [-95.856979, 29.050871], [-95.857115, 29.050821], [-95.857234, 29.050777], [-95.857372, 29.050727], [-95.857469, 29.050629], [-95.857554, 29.050545], [-95.857638, 29.050459], [-95.857736, 29.05036], [-95.857818, 29.050279], [-95.857918, 29.05018], [-95.858015, 29.050084], [-95.858103, 29.049998], [-95.858216, 29.049953], [-95.858348, 29.049899], [-95.858461, 29.049851], [-95.858593, 29.049795], [-95.858702, 29.049748], [-95.85882, 29.049698], [-95.85895, 29.049643], [-95.859085, 29.049586], [-95.859211, 29.049533], [-95.859327, 29.049485], [-95.859453, 29.049432], [-95.859575, 29.049381], [-95.859657, 29.049348], [-95.859713, 29.049333], [-95.85977, 29.04932], [-95.859859, 29.049314], [-95.859913, 29.04931], [-95.860055, 29.049297], [-95.860197, 29.049287], [-95.860333, 29.049275], [-95.860478, 29.049264], [-95.860626, 29.049252], [-95.860766, 29.049241], [-95.860913, 29.049229], [-95.861059, 29.049217], [-95.861205, 29.049205], [-95.861329, 29.049195], [-95.861476, 29.049183], [-95.861619, 29.049172], [-95.861765, 29.049161], [-95.861913, 29.049148], [-95.86206, 29.049129], [-95.862185, 29.049113], [-95.862314, 29.049096], [-95.862461, 29.049078], [-95.862603, 29.04906], [-95.862748, 29.049041], [-95.862894, 29.049023], [-95.863029, 29.049007], [-95.863178, 29.048989], [-95.863319, 29.04897], [-95.863456, 29.048951], [-95.863574, 29.048932], [-95.8637, 29.048917], [-95.863846, 29.048899], [-95.863983, 29.048882], [-95.864118, 29.048865], [-95.864252, 29.048848], [-95.864396, 29.04883], [-95.86454, 29.048812], [-95.864684, 29.048793], [-95.864815, 29.048777], [-95.864935, 29.048762], [-95.865079, 29.048744], [-95.86522, 29.048725], [-95.865339, 29.04871], [-95.865471, 29.048692], [-95.865618, 29.048674], [-95.865714, 29.048661], [-95.865857, 29.048642], [-95.865998, 29.048624], [-95.866136, 29.048606], [-95.866297, 29.048586], [-95.866458, 29.048566], [-95.866618, 29.048545], [-95.866779, 29.048525], [-95.86694, 29.048505], [-95.867101, 29.048485], [-95.867262, 29.048464], [-95.867417, 29.048445], [-95.867572, 29.048425], [-95.867728, 29.048406], [-95.867883, 29.048386], [-95.868033, 29.048367], [-95.868061, 29.048365], [-95.868132, 29.048361], [-95.868183, 29.048361], [-95.868315, 29.048363], [-95.868468, 29.048363], [-95.868604, 29.048354], [-95.868714, 29.048346], [-95.868868, 29.048334], [-95.869005, 29.048324], [-95.869125, 29.048315], [-95.869271, 29.048304], [-95.869416, 29.048294], [-95.869554, 29.048283], [-95.869681, 29.048272], [-95.869815, 29.048258], [-95.869955, 29.048244], [-95.870082, 29.048231], [-95.870203, 29.048218], [-95.870324, 29.048205], [-95.870466, 29.048189], [-95.870579, 29.048174], [-95.870686, 29.04816], [-95.870863, 29.048137], [-95.870919, 29.048139], [-95.871056, 29.048146], [-95.871218, 29.048154], [-95.871381, 29.048161], [-95.871506, 29.048167], [-95.871663, 29.048175], [-95.871825, 29.048183], [-95.871988, 29.04819], [-95.872149, 29.048198], [-95.872312, 29.048206], [-95.872474, 29.048214], [-95.872636, 29.048221], [-95.872799, 29.048229], [-95.872961, 29.048237], [-95.873123, 29.048245], [-95.873285, 29.048252], [-95.873448, 29.04826], [-95.87361, 29.048268], [-95.873773, 29.048276], [-95.873935, 29.048283], [-95.874097, 29.048291], [-95.87426, 29.048299], [-95.874422, 29.048307], [-95.874578, 29.048314], [-95.874673, 29.048322], [-95.874694, 29.048324], [-95.874712, 29.048313], [-95.87479, 29.048264], [-95.874906, 29.048192], [-95.875028, 29.048118], [-95.875196, 29.048018], [-95.875405, 29.04794], [-95.87554, 29.047892], [-95.875665, 29.047849], [-95.875782, 29.047807], [-95.875912, 29.04776], [-95.876044, 29.047713], [-95.876164, 29.047668], [-95.876287, 29.047621], [-95.87639, 29.047582], [-95.8765, 29.047541], [-95.876639, 29.047492], [-95.876723, 29.047462], [-95.87677, 29.047452], [-95.876792, 29.047446], [-95.877047, 29.047428], [-95.877171, 29.047418], [-95.87732, 29.047405], [-95.877431, 29.047394], [-95.877497, 29.047387], [-95.877529, 29.047371], [-95.877655, 29.047311], [-95.877785, 29.047243], [-95.877893, 29.047187], [-95.878007, 29.047129], [-95.878115, 29.047074], [-95.878182, 29.04704], [-95.878233, 29.046935], [-95.878287, 29.046827], [-95.878347, 29.046709], [-95.87841, 29.046629], [-95.878526, 29.046522], [-95.878629, 29.046427], [-95.878726, 29.046338], [-95.878804, 29.046266], [-95.878911, 29.046167], [-95.878998, 29.046085], [-95.879098, 29.045994], [-95.879179, 29.04592], [-95.879266, 29.045839], [-95.879347, 29.045763], [-95.879429, 29.045687], [-95.879531, 29.045592], [-95.879617, 29.045511], [-95.879721, 29.045415], [-95.879817, 29.04533], [-95.879898, 29.045258], [-95.879997, 29.045166], [-95.880096, 29.045073], [-95.880195, 29.04498], [-95.880289, 29.044893], [-95.880382, 29.044806], [-95.880466, 29.044729], [-95.880553, 29.044647], [-95.880656, 29.044553], [-95.880752, 29.044463], [-95.880839, 29.044383], [-95.88094, 29.04429], [-95.881032, 29.044203], [-95.881133, 29.04411], [-95.881234, 29.044016], [-95.881319, 29.043938], [-95.88142, 29.043845], [-95.88151, 29.043761], [-95.881593, 29.043684], [-95.881677, 29.043606], [-95.881767, 29.043522], [-95.881857, 29.043437], [-95.881957, 29.043343], [-95.882046, 29.04326], [-95.882132, 29.043179], [-95.882267, 29.043054], [-95.882351, 29.042997], [-95.882439, 29.042938], [-95.882529, 29.042877], [-95.882645, 29.042798], [-95.88276, 29.04272], [-95.882872, 29.042645], [-95.882988, 29.042566], [-95.883082, 29.042502], [-95.883196, 29.042425], [-95.88326, 29.042388], [-95.883438, 29.042332], [-95.883568, 29.042293], [-95.88371, 29.042249], [-95.883851, 29.042201], [-95.883983, 29.042152], [-95.884098, 29.04211], [-95.884195, 29.042074], [-95.884329, 29.042025], [-95.884446, 29.041983], [-95.88459, 29.041932], [-95.884687, 29.041897], [-95.88478, 29.041797], [-95.88487, 29.041701], [-95.884944, 29.041622], [-95.884974, 29.041589], [-95.88504, 29.041616], [-95.885177, 29.041675], [-95.88529, 29.041723], [-95.885418, 29.041778], [-95.885547, 29.041834], [-95.885676, 29.041888], [-95.885785, 29.041935], [-95.885901, 29.041984], [-95.886037, 29.042042], [-95.886163, 29.042096], [-95.886269, 29.042141], [-95.886368, 29.042184], [-95.886484, 29.042233], [-95.886612, 29.042286], [-95.886737, 29.042339], [-95.886854, 29.042388], [-95.886978, 29.042445], [-95.8871, 29.042498], [-95.887188, 29.042536], [-95.887316, 29.042592], [-95.887449, 29.042649], [-95.887575, 29.042588], [-95.887592, 29.042579], [-95.887711, 29.04252], [-95.887839, 29.042458], [-95.887952, 29.042404], [-95.888084, 29.04234], [-95.888208, 29.042279], [-95.888304, 29.042233], [-95.888431, 29.042172], [-95.888565, 29.042107], [-95.888684, 29.042051], [-95.888796, 29.041997], [-95.888916, 29.041939], [-95.889045, 29.041877], [-95.889155, 29.041824], [-95.889263, 29.041772], [-95.88939, 29.041711], [-95.889517, 29.04165], [-95.889641, 29.04159], [-95.889767, 29.04153], [-95.8899, 29.041465], [-95.890029, 29.041403], [-95.89015, 29.041345], [-95.890249, 29.041297], [-95.890379, 29.041235], [-95.890503, 29.041177], [-95.890606, 29.041128], [-95.890722, 29.041071], [-95.890834, 29.041018], [-95.890961, 29.040956], [-95.891086, 29.040896], [-95.891207, 29.040838], [-95.891335, 29.040776], [-95.891465, 29.040712], [-95.891574, 29.04066], [-95.891692, 29.040604], [-95.891815, 29.040545], [-95.891948, 29.040481], [-95.892069, 29.040423], [-95.892181, 29.040369], [-95.892304, 29.04031], [-95.892434, 29.040247], [-95.89256, 29.040186], [-95.892662, 29.040138], [-95.892792, 29.040076], [-95.892916, 29.040016], [-95.893025, 29.039963], [-95.893154, 29.039902], [-95.893289, 29.039839], [-95.893418, 29.039778], [-95.89353, 29.039724], [-95.893656, 29.039664], [-95.893782, 29.039602], [-95.893879, 29.039556], [-95.894011, 29.039493], [-95.894139, 29.039433], [-95.894269, 29.03937], [-95.894394, 29.03931], [-95.894503, 29.039257], [-95.894623, 29.039199], [-95.894743, 29.039141], [-95.894869, 29.03908], [-95.89498, 29.039027], [-95.8951, 29.03897], [-95.895222, 29.038911], [-95.89535, 29.038849], [-95.895467, 29.038793], [-95.895595, 29.03873], [-95.89572, 29.038669], [-95.895832, 29.038614], [-95.895954, 29.038553], [-95.896054, 29.038503], [-95.896166, 29.038452], [-95.896288, 29.038395], [-95.896408, 29.038338], [-95.896537, 29.038276], [-95.896578, 29.038257], [-95.896704, 29.038196], [-95.896822, 29.038136], [-95.896951, 29.038071], [-95.896988, 29.038052], [-95.897121, 29.037985], [-95.897145, 29.037973], [-95.897152, 29.037969], [-95.897289, 29.037904], [-95.897296, 29.037899], [-95.897427, 29.037834], [-95.897548, 29.037774], [-95.897664, 29.037716], [-95.897769, 29.037663], [-95.897896, 29.037598], [-95.897991, 29.037551], [-95.898091, 29.0375], [-95.898216, 29.037436], [-95.898336, 29.037376], [-95.898466, 29.037311], [-95.898561, 29.037263], [-95.898687, 29.037199], [-95.898806, 29.037139], [-95.898934, 29.037075], [-95.899064, 29.037009], [-95.89917, 29.036955], [-95.899283, 29.036899], [-95.899397, 29.036842], [-95.899522, 29.03678], [-95.899637, 29.036723], [-95.899678, 29.036703], [-95.899764, 29.036657], [-95.899879, 29.036596], [-95.899991, 29.036536], [-95.900119, 29.036466], [-95.900214, 29.036412], [-95.900329, 29.036351], [-95.900452, 29.036285], [-95.900572, 29.03622], [-95.900697, 29.036154], [-95.900798, 29.036101], [-95.900921, 29.036035], [-95.90104, 29.035973], [-95.901158, 29.03591], [-95.901278, 29.035846], [-95.901398, 29.035781], [-95.901522, 29.035716], [-95.901635, 29.035654], [-95.901762, 29.035586], [-95.901886, 29.035518], [-95.902001, 29.035457], [-95.902117, 29.035395], [-95.902236, 29.035331], [-95.902342, 29.035272], [-95.902455, 29.035212], [-95.90257, 29.03515], [-95.902695, 29.035083], [-95.902812, 29.035019], [-95.90293, 29.034956], [-95.903045, 29.034894], [-95.903168, 29.034828], [-95.903274, 29.034772], [-95.903377, 29.034716], [-95.903486, 29.034659], [-95.903611, 29.034592], [-95.903715, 29.034537], [-95.903848, 29.034467], [-95.903972, 29.034401], [-95.904084, 29.03434], [-95.904106, 29.034328], [-95.904232, 29.03426], [-95.904344, 29.034199], [-95.90447, 29.034132], [-95.904593, 29.034066], [-95.904721, 29.033999], [-95.904824, 29.033943], [-95.90488, 29.033913], [-95.90502, 29.033839], [-95.905158, 29.033764], [-95.905292, 29.033693], [-95.905426, 29.033621], [-95.90556, 29.03355], [-95.905699, 29.033475], [-95.905837, 29.033401], [-95.905971, 29.033329], [-95.906052, 29.033287], [-95.906184, 29.033216], [-95.906311, 29.033146], [-95.906434, 29.03308], [-95.906548, 29.033019], [-95.906575, 29.033005], [-95.906697, 29.032941], [-95.90678, 29.032897], [-95.906875, 29.032841], [-95.906995, 29.03278], [-95.907121, 29.032713], [-95.907248, 29.032645], [-95.907375, 29.032577], [-95.907497, 29.032511], [-95.907612, 29.032449], [-95.907738, 29.032381], [-95.907861, 29.032314], [-95.907985, 29.032248], [-95.908109, 29.032182], [-95.908204, 29.032133], [-95.908315, 29.032073], [-95.908446, 29.032004], [-95.908571, 29.031936], [-95.908677, 29.031879], [-95.908786, 29.03182], [-95.908905, 29.031757], [-95.909028, 29.031692], [-95.909123, 29.031642], [-95.909245, 29.031575], [-95.909364, 29.031511], [-95.9096, 29.031382], [-95.909724, 29.031313], [-95.909844, 29.031248], [-95.909943, 29.031197], [-95.910065, 29.031133], [-95.91017, 29.031081], [-95.91029, 29.031018], [-95.910399, 29.030962], [-95.910497, 29.030908], [-95.910626, 29.030842], [-95.910749, 29.030778], [-95.910876, 29.030711], [-95.911011, 29.030641], [-95.911132, 29.030578], [-95.911254, 29.030515], [-95.911357, 29.030461], [-95.911481, 29.030397], [-95.911577, 29.030346], [-95.9117, 29.03028], [-95.911815, 29.030217], [-95.911923, 29.030159], [-95.912043, 29.030097], [-95.912138, 29.030047], [-95.912257, 29.029985], [-95.912378, 29.029924], [-95.912499, 29.029862], [-95.912617, 29.029801], [-95.912737, 29.029738], [-95.912852, 29.029678], [-95.912962, 29.02962], [-95.913086, 29.029554], [-95.913191, 29.029499], [-95.913314, 29.029434], [-95.913434, 29.02937], [-95.913553, 29.029307], [-95.91368, 29.029239], [-95.913806, 29.029172], [-95.913917, 29.029113], [-95.914022, 29.029058], [-95.914134, 29.028999], [-95.914257, 29.028934], [-95.914368, 29.028876], [-95.914467, 29.028824], [-95.914582, 29.028763], [-95.91468, 29.028712], [-95.914805, 29.028648], [-95.914902, 29.028598], [-95.915032, 29.02853], [-95.915153, 29.028466], [-95.915254, 29.028413], [-95.915372, 29.028351], [-95.915495, 29.028286], [-95.915617, 29.02822], [-95.91574, 29.028154], [-95.915841, 29.028099], [-95.91596, 29.028035], [-95.916069, 29.027977], [-95.916177, 29.027919], [-95.916292, 29.027859], [-95.916416, 29.027792], [-95.916526, 29.027733], [-95.916649, 29.027668], [-95.916763, 29.027607], [-95.916891, 29.02754], [-95.917008, 29.027476], [-95.917127, 29.027411], [-95.917247, 29.027347], [-95.917378, 29.027277], [-95.917506, 29.027208], [-95.917613, 29.027151], [-95.917737, 29.027085], [-95.917864, 29.027018], [-95.917974, 29.02696], [-95.918083, 29.026901], [-95.918206, 29.026835], [-95.918307, 29.026781], [-95.918424, 29.026718], [-95.918552, 29.026649], [-95.918657, 29.026593], [-95.918783, 29.026526], [-95.9189, 29.026465], [-95.919016, 29.026403], [-95.919132, 29.026342], [-95.919253, 29.026277], [-95.919376, 29.02621], [-95.919495, 29.026146], [-95.919623, 29.026078], [-95.919743, 29.026013], [-95.919867, 29.025947], [-95.919983, 29.025883], [-95.920105, 29.025818], [-95.920211, 29.025762], [-95.920326, 29.0257], [-95.920419, 29.025651], [-95.92054, 29.025589], [-95.920658, 29.025527], [-95.920781, 29.025461], [-95.920911, 29.025392], [-95.921031, 29.025328], [-95.921157, 29.025261], [-95.92137, 29.025146], [-95.921518, 29.025084], [-95.921646, 29.02503], [-95.921788, 29.025026], [-95.921935, 29.025021], [-95.922088, 29.025018], [-95.922231, 29.025015], [-95.922354, 29.025012], [-95.922496, 29.025008], [-95.922637, 29.025005], [-95.922761, 29.025003], [-95.922905, 29.025], [-95.92305, 29.024997], [-95.923173, 29.024995], [-95.923316, 29.024992], [-95.923452, 29.024989], [-95.923609, 29.024986], [-95.923728, 29.024984], [-95.923842, 29.024982], [-95.923987, 29.024978], [-95.924124, 29.024975], [-95.92426, 29.024972], [-95.924397, 29.024968], [-95.924505, 29.024965], [-95.924627, 29.024962], [-95.924779, 29.024958], [-95.924911, 29.024954], [-95.925023, 29.024952], [-95.925167, 29.024948], [-95.925314, 29.024944], [-95.92545, 29.024941], [-95.925597, 29.024938], [-95.925727, 29.024935], [-95.925874, 29.024931], [-95.92602, 29.024927], [-95.926166, 29.024924], [-95.926315, 29.024921], [-95.926456, 29.024918], [-95.926599, 29.024917], [-95.926709, 29.024915], [-95.926811, 29.024913], [-95.926963, 29.024909], [-95.927109, 29.024905], [-95.927253, 29.024901], [-95.927402, 29.024897], [-95.927547, 29.024893], [-95.927689, 29.02489], [-95.927824, 29.024886], [-95.927971, 29.024883], [-95.928098, 29.024878], [-95.928225, 29.024875], [-95.928348, 29.024872], [-95.928488, 29.024868], [-95.928608, 29.024865], [-95.928678, 29.024864], [-95.928784, 29.024765], [-95.928882, 29.024675], [-95.928985, 29.024579], [-95.929021, 29.024548], [-95.929106, 29.024469], [-95.929206, 29.024378], [-95.929279, 29.024311], [-95.929368, 29.024229], [-95.929469, 29.024136], [-95.929557, 29.024055], [-95.929653, 29.023967], [-95.929747, 29.02388], [-95.929836, 29.023799], [-95.929921, 29.02372], [-95.930022, 29.023628], [-95.930119, 29.023538], [-95.93018, 29.023482], [-95.930271, 29.023398], [-95.930291, 29.023381], [-95.930443, 29.023397], [-95.93058, 29.02341], [-95.930671, 29.023418], [-95.930803, 29.023433], [-95.930946, 29.023446], [-95.931097, 29.023459], [-95.931241, 29.023472], [-95.931382, 29.023485], [-95.931516, 29.023498], [-95.931658, 29.02351], [-95.931797, 29.023522], [-95.931942, 29.023536], [-95.932075, 29.023549], [-95.932211, 29.023561], [-95.932337, 29.023572], [-95.932478, 29.023587], [-95.932626, 29.023601], [-95.932773, 29.023616], [-95.932912, 29.02363], [-95.933053, 29.023645], [-95.933184, 29.023659], [-95.93333, 29.023674], [-95.933471, 29.023688], [-95.933616, 29.023702], [-95.93375, 29.023715], [-95.933898, 29.02373], [-95.934011, 29.023741], [-95.934058, 29.023746], [-95.934204, 29.02376], [-95.934346, 29.023775], [-95.934491, 29.023789], [-95.934637, 29.023804], [-95.93478, 29.023817], [-95.934928, 29.023831], [-95.935069, 29.023846], [-95.935191, 29.023856], [-95.935328, 29.023869], [-95.935475, 29.023884], [-95.935621, 29.023899], [-95.935772, 29.023915], [-95.935918, 29.02393], [-95.936049, 29.023943], [-95.936175, 29.023956], [-95.936317, 29.02397], [-95.936452, 29.023982], [-95.936613, 29.023998], [-95.936775, 29.024015], [-95.936936, 29.024031], [-95.937098, 29.024047], [-95.937259, 29.024063], [-95.937421, 29.02408], [-95.937583, 29.024096], [-95.937744, 29.024112], [-95.937906, 29.024128], [-95.938068, 29.024145], [-95.938229, 29.024161], [-95.93836, 29.024174], [-95.938504, 29.024188], [-95.938645, 29.024202], [-95.938769, 29.024216], [-95.938904, 29.024229], [-95.93897, 29.024236], [-95.939116, 29.024252], [-95.939264, 29.024268], [-95.939408, 29.024282], [-95.939551, 29.024297], [-95.939696, 29.024311], [-95.939839, 29.024325], [-95.939972, 29.024338], [-95.940106, 29.024352], [-95.940247, 29.024365], [-95.940391, 29.02438], [-95.940534, 29.024395], [-95.940671, 29.024408], [-95.940817, 29.024423], [-95.941041, 29.024445], [-95.941217, 29.024492], [-95.941343, 29.024525], [-95.941489, 29.024563], [-95.941625, 29.024598], [-95.941755, 29.024634], [-95.941888, 29.02467], [-95.942031, 29.024709], [-95.942169, 29.024747], [-95.942307, 29.024783], [-95.942439, 29.024818], [-95.942559, 29.024848], [-95.942697, 29.024884], [-95.942804, 29.024912], [-95.942941, 29.02495], [-95.943089, 29.024988], [-95.943221, 29.025023], [-95.943351, 29.025056], [-95.943494, 29.025094], [-95.943621, 29.025128], [-95.943741, 29.025159], [-95.943871, 29.025194], [-95.944013, 29.025232], [-95.944156, 29.02527], [-95.944293, 29.025307], [-95.944438, 29.025346], [-95.944582, 29.025384], [-95.944719, 29.025419], [-95.944852, 29.025454], [-95.94499, 29.025489], [-95.94513, 29.025525], [-95.945274, 29.025563], [-95.94542, 29.025602], [-95.945535, 29.025632], [-95.945667, 29.025667], [-95.94581, 29.025702], [-95.945931, 29.025733], [-95.946066, 29.025771], [-95.946183, 29.025805], [-95.946296, 29.025836], [-95.946436, 29.025873], [-95.946564, 29.025908], [-95.946699, 29.025943], [-95.946843, 29.025982], [-95.946984, 29.02602], [-95.947119, 29.026055], [-95.947235, 29.026085], [-95.94737, 29.026121], [-95.947515, 29.026159], [-95.947657, 29.026197], [-95.947774, 29.026227], [-95.947897, 29.02626], [-95.94804, 29.026299], [-95.948181, 29.026336], [-95.948325, 29.026374], [-95.948459, 29.026411], [-95.948599, 29.026448], [-95.948735, 29.026483], [-95.948879, 29.02652], [-95.949018, 29.026556], [-95.949153, 29.026593], [-95.949219, 29.026612], [-95.949307, 29.026699], [-95.94941, 29.026797], [-95.949507, 29.026893], [-95.94959, 29.026974], [-95.949692, 29.027072], [-95.949772, 29.027148], [-95.949867, 29.02724], [-95.949896, 29.027268], [-95.950001, 29.027299], [-95.950039, 29.027309], [-95.950168, 29.027347], [-95.950307, 29.027387], [-95.950445, 29.027427], [-95.950586, 29.027467], [-95.950724, 29.027506], [-95.950875, 29.027549], [-95.951022, 29.02759], [-95.951165, 29.027631], [-95.951234, 29.02765], [-95.951255, 29.027657], [-95.951394, 29.027698], [-95.951528, 29.027737], [-95.951654, 29.027774], [-95.951793, 29.027813], [-95.951927, 29.027852], [-95.952082, 29.027896], [-95.952236, 29.027941], [-95.952389, 29.027986], [-95.952544, 29.02803], [-95.952698, 29.028075], [-95.952852, 29.02812], [-95.953006, 29.028164], [-95.953161, 29.028209], [-95.953315, 29.028254], [-95.953469, 29.028299], [-95.953624, 29.028343], [-95.953778, 29.028388], [-95.953933, 29.028433], [-95.954087, 29.028478], [-95.954241, 29.028522], [-95.954396, 29.028567], [-95.95455, 29.028612], [-95.954705, 29.028657], [-95.954824, 29.028691], [-95.954978, 29.028736], [-95.955105, 29.028773], [-95.955183, 29.028794], [-95.955311, 29.028784], [-95.95546, 29.028773], [-95.955605, 29.028764], [-95.95575, 29.028755], [-95.955898, 29.028749], [-95.956021, 29.02874], [-95.956086, 29.028736], [-95.956228, 29.028728], [-95.95629, 29.028725], [-95.956436, 29.028716], [-95.956583, 29.028707], [-95.956724, 29.028698], [-95.95688, 29.028689], [-95.95702, 29.028679], [-95.957165, 29.02867], [-95.957309, 29.028661], [-95.95745, 29.028651], [-95.957591, 29.028642], [-95.957734, 29.028632], [-95.957877, 29.028623], [-95.958027, 29.028615], [-95.958173, 29.028606], [-95.958321, 29.028597], [-95.958458, 29.028589], [-95.958607, 29.028579], [-95.958754, 29.02857], [-95.958883, 29.028562], [-95.959115, 29.028549], [-95.959322, 29.028558], [-95.959467, 29.028567], [-95.959614, 29.028575], [-95.959759, 29.028582], [-95.959885, 29.028588], [-95.960028, 29.028595], [-95.960174, 29.028602], [-95.960325, 29.02861], [-95.96047, 29.028619], [-95.960615, 29.028627], [-95.960759, 29.028632], [-95.960901, 29.028639], [-95.961003, 29.028645], [-95.961145, 29.028652], [-95.96129, 29.028661], [-95.961435, 29.028669], [-95.961581, 29.028677], [-95.961725, 29.028684], [-95.961862, 29.028692], [-95.962004, 29.028697], [-95.962151, 29.028706], [-95.962299, 29.028713], [-95.962444, 29.02872], [-95.962593, 29.028729], [-95.962738, 29.028737], [-95.962875, 29.028742], [-95.963016, 29.02875], [-95.963162, 29.028757], [-95.963226, 29.028761], [-95.963379, 29.028767], [-95.963526, 29.028775], [-95.96356, 29.028776], [-95.963567, 29.028653], [-95.963577, 29.028523], [-95.963586, 29.028392], [-95.963596, 29.028264], [-95.963608, 29.028118], [-95.963623, 29.028119], [-95.96368, 29.028122], [-95.963842, 29.02813], [-95.964004, 29.028138], [-95.964165, 29.028147], [-95.964327, 29.028155], [-95.964489, 29.028163], [-95.964651, 29.028172], [-95.964814, 29.02818], [-95.964976, 29.028188], [-95.965138, 29.028197], [-95.965301, 29.028205], [-95.965463, 29.028213], [-95.965625, 29.028222], [-95.965788, 29.02823], [-95.965907, 29.028236], [-95.966042, 29.028241], [-95.966099, 29.028243], [-95.966127, 29.028285], [-95.966187, 29.028376], [-95.966256, 29.028479], [-95.966327, 29.028582], [-95.966385, 29.028672], [-95.966436, 29.028751], [-95.966535, 29.028905], [-95.966666, 29.029057], [-95.966754, 29.029157], [-95.966788, 29.029194], [-95.966873, 29.029198], [-95.967019, 29.029205], [-95.967143, 29.02921], [-95.967266, 29.029215], [-95.967419, 29.029222], [-95.967569, 29.029229], [-95.96771, 29.029235], [-95.967853, 29.029242], [-95.967991, 29.029249], [-95.968135, 29.029255], [-95.968282, 29.029262], [-95.968431, 29.029268], [-95.968584, 29.029275], [-95.96872, 29.029283], [-95.968861, 29.02929], [-95.969003, 29.029296], [-95.969141, 29.029303], [-95.969285, 29.029309], [-95.969431, 29.029315], [-95.969579, 29.02932], [-95.969705, 29.029326], [-95.969861, 29.029333], [-95.970012, 29.029341], [-95.970139, 29.029349], [-95.970281, 29.029357], [-95.970427, 29.029364], [-95.970575, 29.029372], [-95.970718, 29.029378], [-95.97086, 29.029384], [-95.970988, 29.02939], [-95.971138, 29.029397], [-95.971287, 29.029405], [-95.971419, 29.029411], [-95.971563, 29.029419], [-95.971703, 29.029426], [-95.97184, 29.029432], [-95.971989, 29.029441], [-95.972124, 29.029448], [-95.972179, 29.029444], [-95.97232, 29.02945], [-95.972465, 29.029459], [-95.972614, 29.029468], [-95.972756, 29.029473], [-95.9729, 29.029481], [-95.973062, 29.029489], [-95.973156, 29.029493], [-95.973319, 29.029501], [-95.973481, 29.029509], [-95.973643, 29.029517], [-95.973805, 29.029525], [-95.973968, 29.029533], [-95.97413, 29.029541], [-95.974292, 29.029549], [-95.974452, 29.029557], [-95.974592, 29.029563], [-95.974741, 29.029571], [-95.974889, 29.029578], [-95.975041, 29.029585], [-95.975187, 29.029591], [-95.975335, 29.029597], [-95.975481, 29.029603], [-95.975627, 29.029609], [-95.975659, 29.029612], [-95.975804, 29.029619], [-95.975933, 29.029625], [-95.976075, 29.029632], [-95.976221, 29.02964], [-95.976368, 29.029647], [-95.976489, 29.029654], [-95.976637, 29.029662], [-95.97678, 29.02967], [-95.976897, 29.029675], [-95.977032, 29.029682], [-95.977174, 29.029688], [-95.977313, 29.029695], [-95.977463, 29.029702], [-95.977616, 29.02971], [-95.977737, 29.029716], [-95.977875, 29.029725], [-95.978024, 29.029734], [-95.978169, 29.02974], [-95.978314, 29.029747], [-95.978458, 29.029753], [-95.978597, 29.029759], [-95.978739, 29.029765], [-95.97888, 29.029772], [-95.979034, 29.02978], [-95.979177, 29.029788], [-95.979318, 29.029794], [-95.979462, 29.029801], [-95.979611, 29.029809], [-95.979743, 29.029816], [-95.979872, 29.029823], [-95.980008, 29.02983], [-95.980146, 29.029837], [-95.980286, 29.029843], [-95.980432, 29.029851], [-95.980582, 29.029857], [-95.980728, 29.029865], [-95.980876, 29.029872], [-95.981018, 29.029879], [-95.981164, 29.029886], [-95.981314, 29.029894], [-95.981463, 29.029903], [-95.981609, 29.029909], [-95.981755, 29.029916], [-95.981889, 29.029922], [-95.982036, 29.02993], [-95.982186, 29.029937], [-95.982319, 29.029945], [-95.982466, 29.029953], [-95.982613, 29.029959], [-95.982744, 29.029965], [-95.982866, 29.029972], [-95.982993, 29.029981], [-95.983141, 29.029989], [-95.983289, 29.029996], [-95.98344, 29.030004], [-95.98359, 29.030012], [-95.983735, 29.030017], [-95.983883, 29.030024], [-95.98401, 29.030029], [-95.984147, 29.030035], [-95.984291, 29.030042], [-95.984446, 29.03005], [-95.984595, 29.030058], [-95.984741, 29.030065], [-95.984885, 29.030073], [-95.98498, 29.030077], [-95.985123, 29.030086], [-95.985268, 29.030093], [-95.985289, 29.030109], [-95.985299, 29.030118], [-95.985399, 29.030191], [-95.985407, 29.030198], [-95.985414, 29.030203], [-95.985521, 29.030285], [-95.985633, 29.030369], [-95.985745, 29.030455], [-95.985856, 29.030539], [-95.985968, 29.030624], [-95.986008, 29.030655], [-95.986012, 29.030658], [-95.986157, 29.030659], [-95.9863, 29.030658], [-95.98643, 29.030657], [-95.986577, 29.030655], [-95.986723, 29.030654], [-95.98681, 29.030653], [-95.986954, 29.030654], [-95.987088, 29.030654], [-95.987225, 29.030654], [-95.987364, 29.030655], [-95.98751, 29.030654], [-95.987653, 29.030654], [-95.9878, 29.030652], [-95.987949, 29.030651], [-95.988098, 29.03065], [-95.98825, 29.03065], [-95.98838, 29.030651], [-95.988436, 29.030651], [-95.988529, 29.030649], [-95.988665, 29.030646], [-95.9888, 29.030642], [-95.988925, 29.030637], [-95.988946, 29.030637], [-95.989067, 29.030632], [-95.989203, 29.030628], [-95.989345, 29.030623], [-95.98947, 29.03062], [-95.99107, 29.03057], [-95.993691, 29.030423], [-95.99382, 29.030414], [-95.993869, 29.030412], [-95.994013, 29.030404], [-95.994087, 29.0304], [-95.994231, 29.030391], [-95.994274, 29.030388], [-95.994377, 29.030377], [-95.994521, 29.030363], [-95.994666, 29.03035], [-95.994816, 29.030336], [-95.994946, 29.030325], [-95.99509, 29.030311], [-95.995233, 29.030296], [-95.995304, 29.030288], [-95.995354, 29.030283], [-95.995449, 29.030279], [-95.995593, 29.030276], [-95.995712, 29.030273], [-95.995839, 29.030269], [-95.99597, 29.030266], [-95.996102, 29.030262], [-95.99625, 29.030258], [-95.99639, 29.030253], [-95.996513, 29.03025], [-95.996625, 29.030247], [-95.996808, 29.030243], [-95.99701, 29.030216], [-95.997147, 29.030197], [-95.997281, 29.030179], [-95.997404, 29.030163], [-95.997534, 29.030145], [-95.997663, 29.030128], [-95.997793, 29.03011], [-95.997938, 29.03009], [-95.998078, 29.030071], [-95.998222, 29.030052], [-95.998371, 29.030031], [-95.998513, 29.030011], [-95.998665, 29.029992], [-95.998812, 29.029972], [-95.99893, 29.029957], [-95.999071, 29.029938], [-95.999215, 29.029918], [-95.999362, 29.029897], [-95.999509, 29.029877], [-95.99965, 29.029857], [-95.999795, 29.029838], [-95.99994, 29.029818], [-96.000074, 29.029801], [-96.0002, 29.029788], [-96.000347, 29.029773], [-96.000485, 29.029757], [-96.000604, 29.029745], [-96.000745, 29.029731], [-96.000889, 29.029712], [-96.001032, 29.029692], [-96.001146, 29.029677], [-96.001271, 29.029661], [-96.001418, 29.029641], [-96.001556, 29.029621], [-96.001702, 29.029601], [-96.001841, 29.029583], [-96.00198, 29.029564], [-96.002119, 29.029546], [-96.002263, 29.029526], [-96.002403, 29.029507], [-96.002553, 29.029487], [-96.002701, 29.029467], [-96.00285, 29.029445], [-96.002971, 29.029429], [-96.003101, 29.02941], [-96.003247, 29.02939], [-96.003391, 29.029371], [-96.00353, 29.029352], [-96.003674, 29.029334], [-96.003819, 29.029314], [-96.003957, 29.029296], [-96.004102, 29.029277], [-96.004243, 29.029257], [-96.004386, 29.029236], [-96.004516, 29.029218], [-96.004641, 29.029201], [-96.004773, 29.029184], [-96.004914, 29.029166], [-96.005055, 29.029147], [-96.005199, 29.029127], [-96.00532, 29.029111], [-96.005463, 29.029092], [-96.005608, 29.029073], [-96.005756, 29.029053], [-96.005898, 29.029034], [-96.006045, 29.029013], [-96.006167, 29.028996], [-96.006311, 29.028976], [-96.006452, 29.028957], [-96.006592, 29.028938], [-96.006727, 29.02892], [-96.00687, 29.0289], [-96.007019, 29.028881], [-96.007162, 29.028863], [-96.007305, 29.028841], [-96.007422, 29.028828], [-96.007572, 29.028808], [-96.007715, 29.028789], [-96.007856, 29.028769], [-96.007987, 29.028751], [-96.00812, 29.028734], [-96.008265, 29.028715], [-96.00841, 29.028699], [-96.008543, 29.02868], [-96.008686, 29.028661], [-96.008839, 29.028639], [-96.008966, 29.028621], [-96.009095, 29.028604], [-96.009245, 29.028583], [-96.009382, 29.028565], [-96.009523, 29.028545], [-96.009659, 29.028527], [-96.009803, 29.028508], [-96.009929, 29.028491], [-96.010052, 29.028474], [-96.010224, 29.028452], [-96.010481, 29.028451], [-96.010619, 29.028451], [-96.010761, 29.028451], [-96.010907, 29.02845], [-96.011058, 29.028449], [-96.011205, 29.028449], [-96.011354, 29.028447], [-96.011508, 29.02845], [-96.01157, 29.028449], [-96.011715, 29.028449], [-96.011867, 29.028447], [-96.012019, 29.028446], [-96.012164, 29.028445], [-96.012167, 29.028444], [-96.012241, 29.028417], [-96.012358, 29.028375], [-96.012508, 29.028321], [-96.012659, 29.028266], [-96.012809, 29.028212], [-96.012959, 29.028157], [-96.01311, 29.028103], [-96.01326, 29.028049], [-96.01341, 29.027994], [-96.01356, 29.02794], [-96.013711, 29.027886], [-96.013861, 29.027831], [-96.014011, 29.027777], [-96.014162, 29.027723], [-96.014312, 29.027668], [-96.014463, 29.027614], [-96.014612, 29.02756], [-96.014763, 29.027505], [-96.014913, 29.027451], [-96.015063, 29.027397], [-96.015214, 29.027342], [-96.015364, 29.027288], [-96.015515, 29.027234], [-96.015596, 29.027204], [-96.015657, 29.027182], [-96.015845, 29.027088], [-96.015971, 29.027026], [-96.016088, 29.026967], [-96.016212, 29.026905], [-96.01631, 29.026855], [-96.016421, 29.026796], [-96.016548, 29.026733], [-96.016678, 29.02667], [-96.016805, 29.026607], [-96.016931, 29.026544], [-96.017126, 29.02645], [-96.017332, 29.026378], [-96.017466, 29.02633], [-96.017599, 29.026283], [-96.017739, 29.026233], [-96.017873, 29.026184], [-96.018005, 29.026138], [-96.018114, 29.026099], [-96.018235, 29.026056], [-96.018368, 29.026009], [-96.018495, 29.025965], [-96.018622, 29.025921], [-96.018755, 29.025873], [-96.018879, 29.025828], [-96.019013, 29.025782], [-96.019129, 29.02574], [-96.019268, 29.025689], [-96.019401, 29.025642], [-96.019528, 29.025596], [-96.019609, 29.025567], [-96.019745, 29.025519], [-96.019879, 29.02547], [-96.020015, 29.025423], [-96.020151, 29.025376], [-96.020284, 29.025329], [-96.020399, 29.025289], [-96.020533, 29.025242], [-96.020673, 29.025192], [-96.020803, 29.025146], [-96.020924, 29.0251], [-96.021054, 29.025052], [-96.02119, 29.025006], [-96.02127, 29.024977], [-96.021404, 29.024928], [-96.021539, 29.024878], [-96.021587, 29.024886], [-96.021734, 29.024905], [-96.021881, 29.024928], [-96.022027, 29.024952], [-96.022174, 29.024975], [-96.022292, 29.024993], [-96.022435, 29.025015], [-96.022552, 29.025032], [-96.022702, 29.025054], [-96.022837, 29.025075], [-96.022979, 29.025095], [-96.023117, 29.025116], [-96.02326, 29.025138], [-96.02331, 29.025145], [-96.023456, 29.025168], [-96.023598, 29.02519], [-96.023741, 29.025211], [-96.023861, 29.025228], [-96.023995, 29.025247], [-96.024145, 29.025269], [-96.024285, 29.025288], [-96.024422, 29.025308], [-96.02456, 29.025331], [-96.024703, 29.025354], [-96.024838, 29.025375], [-96.024983, 29.025398], [-96.025124, 29.02542], [-96.02518, 29.025428], [-96.025321, 29.02545], [-96.02546, 29.025471], [-96.02559, 29.025491], [-96.025733, 29.025511], [-96.025866, 29.02553], [-96.025963, 29.025461], [-96.026056, 29.025394], [-96.026168, 29.025317], [-96.026236, 29.025271], [-96.02635, 29.025192], [-96.026465, 29.025112], [-96.026573, 29.025036], [-96.026684, 29.02496], [-96.0268, 29.024879], [-96.026907, 29.024805], [-96.027022, 29.024726], [-96.027134, 29.024651], [-96.027243, 29.024576], [-96.027356, 29.024499], [-96.027465, 29.024424], [-96.027574, 29.024347], [-96.027684, 29.02427], [-96.027798, 29.02419], [-96.027901, 29.024119], [-96.028012, 29.024042], [-96.028118, 29.023968], [-96.028232, 29.023888], [-96.028347, 29.023807], [-96.028455, 29.023731], [-96.028573, 29.023651], [-96.028677, 29.02358], [-96.028773, 29.023514], [-96.028887, 29.023435], [-96.02899, 29.023363], [-96.029109, 29.02328], [-96.029219, 29.023202], [-96.029325, 29.023131], [-96.029441, 29.023055], [-96.029553, 29.022977], [-96.029671, 29.022894], [-96.02978, 29.022818], [-96.029892, 29.02274], [-96.030095, 29.022598], [-96.03022, 29.022488], [-96.030323, 29.022397], [-96.030425, 29.022306], [-96.030521, 29.02222], [-96.030623, 29.022129], [-96.030724, 29.022037], [-96.030861, 29.021912], [-96.031053, 29.021818], [-96.031164, 29.021763], [-96.03129, 29.021702], [-96.031417, 29.021639], [-96.031544, 29.021578], [-96.031668, 29.021521], [-96.031789, 29.021463], [-96.031981, 29.021375], [-96.032187, 29.021332], [-96.032329, 29.021302], [-96.032537, 29.021256], [-96.032647, 29.0212], [-96.032728, 29.021145], [-96.03277, 29.021117], [-96.032886, 29.021035], [-96.032988, 29.020967], [-96.0331, 29.020891], [-96.033209, 29.020817], [-96.033298, 29.020759], [-96.033325, 29.020745], [-96.033373, 29.020722], [-96.033456, 29.020692], [-96.033587, 29.020645], [-96.033719, 29.020596], [-96.033844, 29.02055], [-96.033976, 29.020501], [-96.034114, 29.020449], [-96.034245, 29.020401], [-96.034375, 29.020353], [-96.034491, 29.020311], [-96.034628, 29.020261], [-96.034753, 29.020215], [-96.034893, 29.020162], [-96.035023, 29.020112], [-96.035163, 29.020061], [-96.035295, 29.020013], [-96.035425, 29.019964], [-96.03556, 29.019915], [-96.035693, 29.019866], [-96.035831, 29.019816], [-96.035964, 29.019767], [-96.0361, 29.019716], [-96.036226, 29.01967], [-96.036358, 29.019623], [-96.036491, 29.019573], [-96.036616, 29.019526], [-96.036754, 29.019475], [-96.036866, 29.019434], [-96.036993, 29.019389], [-96.037081, 29.019358], [-96.037215, 29.019312], [-96.037352, 29.019265], [-96.037473, 29.019222], [-96.0376, 29.019178], [-96.037739, 29.019129], [-96.037874, 29.019081], [-96.038011, 29.019032], [-96.038147, 29.018983], [-96.038277, 29.018936], [-96.038406, 29.01889], [-96.038538, 29.018844], [-96.038667, 29.018799], [-96.038809, 29.018748], [-96.038942, 29.0187], [-96.039076, 29.018654], [-96.039211, 29.018606], [-96.039338, 29.018561], [-96.03947, 29.018515], [-96.039579, 29.018476], [-96.039685, 29.018438], [-96.039721, 29.018427], [-96.03986, 29.01839], [-96.039991, 29.018353], [-96.040129, 29.018316], [-96.040269, 29.018278], [-96.040409, 29.01824], [-96.040546, 29.018202], [-96.040684, 29.018165], [-96.04082, 29.018128], [-96.040933, 29.018097], [-96.041064, 29.018062], [-96.041198, 29.018029], [-96.041333, 29.017993], [-96.041471, 29.017956], [-96.041584, 29.017928], [-96.041705, 29.017897], [-96.041842, 29.017864], [-96.041983, 29.017829], [-96.04212, 29.017796], [-96.04226, 29.017761], [-96.042398, 29.017727], [-96.042537, 29.017693], [-96.042678, 29.017659], [-96.042802, 29.017628], [-96.042936, 29.017594], [-96.043073, 29.01756], [-96.043203, 29.017527], [-96.04335, 29.01749], [-96.043491, 29.017456], [-96.043618, 29.017426], [-96.043757, 29.017393], [-96.043888, 29.01736], [-96.044029, 29.017325], [-96.044161, 29.01729], [-96.044292, 29.017256], [-96.044432, 29.017221], [-96.044571, 29.017187], [-96.044706, 29.017152], [-96.044826, 29.017122], [-96.044975, 29.017085], [-96.045113, 29.017051], [-96.045249, 29.017017], [-96.045387, 29.016983], [-96.04552, 29.016949], [-96.045645, 29.016918], [-96.045778, 29.016886], [-96.045905, 29.016855], [-96.046046, 29.016821], [-96.046187, 29.016787], [-96.046313, 29.016756], [-96.046447, 29.016723], [-96.046582, 29.01669], [-96.046706, 29.01666], [-96.046831, 29.016628], [-96.046956, 29.016597], [-96.0471, 29.016562], [-96.04724, 29.016526], [-96.04738, 29.01649], [-96.047515, 29.016456], [-96.047656, 29.016422], [-96.047787, 29.016391], [-96.047926, 29.016358], [-96.048073, 29.016322], [-96.048203, 29.01629], [-96.048323, 29.016261], [-96.048454, 29.016229], [-96.048588, 29.016198], [-96.048728, 29.016164], [-96.048854, 29.016133], [-96.048988, 29.016099], [-96.049121, 29.016067], [-96.049259, 29.016032], [-96.049401, 29.015996], [-96.049541, 29.015961], [-96.049675, 29.015928], [-96.049809, 29.015895], [-96.04995, 29.015859], [-96.050096, 29.015822], [-96.050236, 29.015787], [-96.05037, 29.015754], [-96.050506, 29.015722], [-96.050644, 29.015688], [-96.050784, 29.015654], [-96.051001, 29.0156], [-96.05117, 29.015524], [-96.051293, 29.015468], [-96.051418, 29.015413], [-96.051548, 29.015355], [-96.051672, 29.015299], [-96.051801, 29.01524], [-96.051931, 29.015181], [-96.052059, 29.015122], [-96.052194, 29.01506], [-96.052317, 29.015005], [-96.052445, 29.014947], [-96.05257, 29.014891], [-96.052687, 29.014838], [-96.052814, 29.01478], [-96.052938, 29.01472], [-96.053066, 29.014657], [-96.053196, 29.014594], [-96.053323, 29.014531], [-96.053445, 29.014472], [-96.053567, 29.014411], [-96.053687, 29.014353], [-96.053814, 29.014292], [-96.05394, 29.014232], [-96.054047, 29.014181], [-96.054175, 29.014121], [-96.05429, 29.014067], [-96.054415, 29.014006], [-96.054545, 29.013943], [-96.054664, 29.013885], [-96.054672, 29.013881], [-96.054797, 29.013822], [-96.054805, 29.013818], [-96.054888, 29.013778], [-96.054999, 29.013725], [-96.055125, 29.013664], [-96.055182, 29.013635], [-96.055331, 29.013636], [-96.055473, 29.013638], [-96.05556, 29.013639], [-96.055694, 29.01364], [-96.055823, 29.01364], [-96.055975, 29.013641], [-96.056108, 29.013641], [-96.056241, 29.013642], [-96.056385, 29.013642], [-96.056514, 29.013642], [-96.056642, 29.013642], [-96.056775, 29.013642], [-96.056915, 29.013641], [-96.057063, 29.013642], [-96.057208, 29.013642], [-96.057348, 29.013644], [-96.057501, 29.013644], [-96.057624, 29.013647], [-96.05767, 29.013646], [-96.057744, 29.013577], [-96.05784, 29.013486], [-96.057939, 29.013393], [-96.058004, 29.013333], [-96.05809, 29.013252], [-96.058175, 29.013173], [-96.058261, 29.013093], [-96.058345, 29.013015], [-96.058365, 29.012997], [-96.058463, 29.012905], [-96.058552, 29.012823], [-96.058647, 29.012736], [-96.058728, 29.01266], [-96.058828, 29.012566], [-96.058928, 29.012471], [-96.05902, 29.012386], [-96.059122, 29.012292], [-96.059224, 29.012198], [-96.059318, 29.012109], [-96.059409, 29.012024], [-96.059508, 29.011931], [-96.059612, 29.011833], [-96.059699, 29.011751], [-96.059734, 29.011722], [-96.059806, 29.011673], [-96.05985, 29.011647], [-96.059925, 29.011612], [-96.060061, 29.011554], [-96.060182, 29.011498], [-96.060305, 29.011441], [-96.060432, 29.011382], [-96.06056, 29.011322], [-96.060685, 29.011264], [-96.060812, 29.011205], [-96.060943, 29.011145], [-96.061073, 29.011084], [-96.061204, 29.011023], [-96.061329, 29.010965], [-96.06145, 29.01091], [-96.061565, 29.010857], [-96.061693, 29.010797], [-96.061816, 29.01074], [-96.061945, 29.01068], [-96.062063, 29.010625], [-96.06218, 29.01057], [-96.062307, 29.010511], [-96.062429, 29.010455], [-96.062535, 29.010406], [-96.062686, 29.010335], [-96.062892, 29.010226], [-96.06301, 29.010164], [-96.063131, 29.010101], [-96.063252, 29.010037], [-96.06337, 29.009975], [-96.063482, 29.009915], [-96.063601, 29.009852], [-96.063722, 29.009788], [-96.063844, 29.009724], [-96.063969, 29.009658], [-96.064098, 29.009591], [-96.064207, 29.009534], [-96.064335, 29.009465], [-96.064458, 29.009401], [-96.064577, 29.009339], [-96.064681, 29.009284], [-96.064802, 29.009221], [-96.064921, 29.00916], [-96.065037, 29.009098], [-96.065155, 29.009036], [-96.065257, 29.008983], [-96.065381, 29.008918], [-96.065514, 29.008849], [-96.0656, 29.008803], [-96.065719, 29.008739], [-96.065841, 29.008674], [-96.065885, 29.008652], [-96.065968, 29.008612], [-96.066091, 29.008552], [-96.066203, 29.008496], [-96.066321, 29.008438], [-96.066362, 29.008418], [-96.066483, 29.008358], [-96.066681, 29.008262], [-96.066802, 29.008236], [-96.066942, 29.008206], [-96.067138, 29.008163], [-96.067311, 29.008085], [-96.067498, 29.007999], [-96.067664, 29.007866], [-96.067839, 29.007723], [-96.068015, 29.00764], [-96.068134, 29.007583], [-96.068262, 29.007523], [-96.068386, 29.007463], [-96.068513, 29.007403], [-96.068633, 29.007347], [-96.068762, 29.007286], [-96.068884, 29.007228], [-96.069004, 29.007172], [-96.069133, 29.007113], [-96.069253, 29.007057], [-96.069375, 29.007001], [-96.069493, 29.006946], [-96.069618, 29.006887], [-96.069734, 29.006832], [-96.069852, 29.006777], [-96.069978, 29.006718], [-96.070108, 29.006656], [-96.07024, 29.006594], [-96.07036, 29.006537], [-96.07048, 29.00648], [-96.070601, 29.006424], [-96.07073, 29.006362], [-96.070851, 29.006306], [-96.070942, 29.006264], [-96.071063, 29.006208], [-96.071183, 29.006153], [-96.071307, 29.006097], [-96.071426, 29.006041], [-96.071564, 29.005977], [-96.071693, 29.005916], [-96.071821, 29.005856], [-96.071939, 29.005801], [-96.072061, 29.005744], [-96.072185, 29.005686], [-96.072313, 29.005625], [-96.072432, 29.005569], [-96.072554, 29.005512], [-96.072628, 29.005478], [-96.072749, 29.005423], [-96.07287, 29.005369], [-96.072983, 29.005315], [-96.073101, 29.005259], [-96.073222, 29.005202], [-96.073339, 29.005148], [-96.073466, 29.005088], [-96.073595, 29.005027], [-96.073717, 29.004971], [-96.073844, 29.00491], [-96.073963, 29.004854], [-96.074093, 29.004793], [-96.074211, 29.004738], [-96.074333, 29.004683], [-96.074446, 29.00463], [-96.074568, 29.004572], [-96.074695, 29.004512], [-96.074808, 29.004459], [-96.074935, 29.004399], [-96.075061, 29.004339], [-96.075186, 29.004279], [-96.075318, 29.004218], [-96.075436, 29.004162], [-96.075558, 29.004105], [-96.075688, 29.004044], [-96.075818, 29.003984], [-96.075947, 29.003924], [-96.076077, 29.003863], [-96.076206, 29.003803], [-96.076331, 29.003743], [-96.076458, 29.003684], [-96.076587, 29.003624], [-96.07671, 29.003566], [-96.076835, 29.003508], [-96.076964, 29.003447], [-96.077088, 29.003389], [-96.077216, 29.003329], [-96.077345, 29.003269], [-96.07747, 29.00321], [-96.077606, 29.003146], [-96.077719, 29.003092], [-96.077823, 29.003044], [-96.077949, 29.002984], [-96.078076, 29.002925], [-96.078208, 29.002862], [-96.078335, 29.002803], [-96.078464, 29.002743], [-96.078592, 29.002682], [-96.078715, 29.002625], [-96.07881, 29.002579], [-96.078937, 29.002521], [-96.079066, 29.00246], [-96.079175, 29.00241], [-96.079296, 29.002354], [-96.07942, 29.002296], [-96.079547, 29.002236], [-96.079673, 29.002177], [-96.0798, 29.002117], [-96.079935, 29.002053], [-96.080056, 29.001996], [-96.080176, 29.001939], [-96.080312, 29.001876], [-96.080447, 29.001813], [-96.080576, 29.001752], [-96.0807, 29.001694], [-96.080809, 29.001644], [-96.080929, 29.001589], [-96.081064, 29.001526], [-96.081187, 29.001466], [-96.081308, 29.001409], [-96.081431, 29.00135], [-96.081563, 29.001288], [-96.081691, 29.001228], [-96.081815, 29.00117], [-96.081943, 29.00111], [-96.082057, 29.001056], [-96.082186, 29.000996], [-96.082306, 29.00094], [-96.082435, 29.000879], [-96.082564, 29.00082], [-96.082695, 29.000757], [-96.082826, 29.000696], [-96.082947, 29.000639], [-96.083075, 29.00058], [-96.083199, 29.000522], [-96.083321, 29.000463], [-96.083437, 29.000409], [-96.083559, 29.000351], [-96.08368, 29.000294], [-96.083803, 29.000236], [-96.083926, 29.000178], [-96.084025, 29.000132], [-96.08415, 29.000073], [-96.084271, 29.000015], [-96.084398, 28.999955], [-96.084511, 28.999903], [-96.084643, 28.999842], [-96.084755, 28.99979], [-96.084889, 28.999727], [-96.085016, 28.999667], [-96.085137, 28.99961], [-96.08526, 28.999553], [-96.085393, 28.999492], [-96.085524, 28.999431], [-96.085659, 28.999368], [-96.085784, 28.99931], [-96.085916, 28.999252], [-96.086048, 28.999193], [-96.086179, 28.999135], [-96.08627, 28.999096], [-96.086396, 28.99904], [-96.086523, 28.998985], [-96.086653, 28.998928], [-96.086785, 28.998872], [-96.086916, 28.998815], [-96.087046, 28.998759], [-96.087179, 28.9987], [-96.0873, 28.998647], [-96.087415, 28.998597], [-96.087532, 28.998547], [-96.087665, 28.998489], [-96.087799, 28.998429], [-96.087929, 28.998371], [-96.088058, 28.998314], [-96.08818, 28.99826], [-96.088286, 28.998214], [-96.088407, 28.998162], [-96.088539, 28.998104], [-96.088669, 28.998047], [-96.0888, 28.997991], [-96.088929, 28.997934], [-96.089061, 28.997878], [-96.089191, 28.997821], [-96.089325, 28.997761], [-96.089448, 28.997706], [-96.089571, 28.997652], [-96.089701, 28.997595], [-96.089815, 28.997545], [-96.08995, 28.997487], [-96.090074, 28.997433], [-96.090203, 28.997377], [-96.090325, 28.997323], [-96.090454, 28.997266], [-96.090583, 28.997208], [-96.090714, 28.99715], [-96.090846, 28.997091], [-96.090974, 28.997035], [-96.091108, 28.996977], [-96.091234, 28.996922], [-96.091356, 28.996869], [-96.091489, 28.996811], [-96.091661, 28.99674], [-96.091886, 28.996689], [-96.09202, 28.996659], [-96.092205, 28.996616], [-96.092424, 28.996508], [-96.092539, 28.996408], [-96.092627, 28.996327], [-96.092723, 28.996244], [-96.092827, 28.99615], [-96.092922, 28.996066], [-96.09302, 28.99598], [-96.093111, 28.995901], [-96.093138, 28.995877], [-96.093233, 28.995796], [-96.093338, 28.995703], [-96.093422, 28.995629], [-96.093517, 28.995546], [-96.093615, 28.99546], [-96.093709, 28.995377], [-96.093808, 28.995292], [-96.09391, 28.995203], [-96.094013, 28.995111], [-96.094117, 28.995018], [-96.09422, 28.994927], [-96.094324, 28.994836], [-96.094414, 28.994757], [-96.09451, 28.994672], [-96.09461, 28.994584], [-96.094716, 28.994491], [-96.094814, 28.994404], [-96.094919, 28.994312], [-96.095013, 28.994229], [-96.095114, 28.994141], [-96.095219, 28.99405], [-96.09532, 28.993962], [-96.095427, 28.99387], [-96.095493, 28.993811], [-96.095548, 28.993764], [-96.09565, 28.993674], [-96.095754, 28.993582], [-96.095861, 28.993486], [-96.095955, 28.993405], [-96.096065, 28.993307], [-96.096131, 28.993248], [-96.096242, 28.993151], [-96.096316, 28.993087], [-96.09634, 28.99307], [-96.096366, 28.993053], [-96.096455, 28.993005], [-96.096578, 28.992944], [-96.096706, 28.992883], [-96.096824, 28.992827], [-96.096953, 28.992767], [-96.097075, 28.99271], [-96.097182, 28.992661], [-96.09731, 28.9926], [-96.09743, 28.992542], [-96.09755, 28.992485], [-96.097672, 28.992427], [-96.097788, 28.992373], [-96.097911, 28.992315], [-96.098046, 28.992251], [-96.098179, 28.992186], [-96.098304, 28.992126], [-96.098434, 28.992063], [-96.098553, 28.992006], [-96.098683, 28.991945], [-96.098806, 28.991887], [-96.098929, 28.991827], [-96.099057, 28.991766], [-96.099112, 28.99174], [-96.099238, 28.99168], [-96.099358, 28.991623], [-96.099486, 28.991563], [-96.099606, 28.991506], [-96.099718, 28.991454], [-96.099849, 28.991393], [-96.099973, 28.991335], [-96.100099, 28.991275], [-96.100222, 28.991215], [-96.100345, 28.991157], [-96.10042, 28.991121], [-96.100474, 28.991095], [-96.100594, 28.991039], [-96.100702, 28.990987], [-96.10083, 28.990927], [-96.100959, 28.990866], [-96.101074, 28.990811], [-96.101205, 28.990747], [-96.101241, 28.99073], [-96.101243, 28.99073], [-96.10139, 28.990713], [-96.101447, 28.990707], [-96.101591, 28.99069], [-96.101642, 28.990684], [-96.101717, 28.990676], [-96.101864, 28.990659], [-96.102001, 28.990644], [-96.102151, 28.990627], [-96.10229, 28.990611], [-96.102429, 28.990596], [-96.102573, 28.99058], [-96.102718, 28.990565], [-96.102867, 28.990548], [-96.102904, 28.990544], [-96.103001, 28.99053], [-96.103152, 28.990514], [-96.103189, 28.99051], [-96.103338, 28.990493], [-96.103486, 28.990477], [-96.10363, 28.990461], [-96.103777, 28.990443], [-96.103924, 28.990427], [-96.104069, 28.99041], [-96.104211, 28.990394], [-96.104347, 28.990378], [-96.104496, 28.990361], [-96.104639, 28.990345], [-96.104777, 28.990329], [-96.104899, 28.990316], [-96.105027, 28.990302], [-96.105145, 28.990289], [-96.105279, 28.990274], [-96.105422, 28.990257], [-96.105554, 28.990242], [-96.105696, 28.990227], [-96.105848, 28.990211], [-96.105996, 28.990193], [-96.106137, 28.990176], [-96.10628, 28.990161], [-96.106432, 28.990143], [-96.106568, 28.990127], [-96.106711, 28.990111], [-96.10685, 28.990096], [-96.106986, 28.990081], [-96.107129, 28.990065], [-96.107269, 28.99005], [-96.107406, 28.990034], [-96.10754, 28.990019], [-96.107685, 28.990003], [-96.107816, 28.989988], [-96.10796, 28.989972], [-96.108111, 28.989952], [-96.108259, 28.989935], [-96.108395, 28.989921], [-96.108539, 28.989906], [-96.108684, 28.989893], [-96.10882, 28.989876], [-96.108954, 28.98986], [-96.109074, 28.989844], [-96.109214, 28.989828], [-96.109375, 28.98981], [-96.109536, 28.989792], [-96.109698, 28.989774], [-96.109858, 28.989756], [-96.110019, 28.989737], [-96.11018, 28.989719], [-96.110342, 28.989701], [-96.110503, 28.989683], [-96.110664, 28.989665], [-96.110826, 28.989646], [-96.110987, 28.989628], [-96.111093, 28.989616], [-96.111221, 28.989602], [-96.111364, 28.989586], [-96.111496, 28.989571], [-96.111644, 28.989555], [-96.111779, 28.989539], [-96.111876, 28.989529], [-96.112022, 28.989513], [-96.112166, 28.989496], [-96.112237, 28.989488], [-96.112375, 28.989472], [-96.112515, 28.989456], [-96.112655, 28.989441], [-96.112798, 28.989424], [-96.112935, 28.989408], [-96.113076, 28.989393], [-96.113208, 28.989379], [-96.113353, 28.989363], [-96.113491, 28.989347], [-96.113635, 28.989331], [-96.113777, 28.989315], [-96.11391, 28.9893], [-96.114042, 28.989285], [-96.114177, 28.989269], [-96.114313, 28.989253], [-96.114437, 28.989237], [-96.114571, 28.989222], [-96.114705, 28.989206], [-96.114828, 28.989192], [-96.11496, 28.989177], [-96.115098, 28.989162], [-96.115238, 28.989146], [-96.115373, 28.98913], [-96.115524, 28.989113], [-96.115676, 28.989096], [-96.115823, 28.98908], [-96.11596, 28.989065], [-96.116091, 28.989051], [-96.116217, 28.989037], [-96.116339, 28.989024], [-96.116486, 28.989008], [-96.116622, 28.988992], [-96.116758, 28.988976], [-96.116895, 28.988961], [-96.117007, 28.988949], [-96.117144, 28.988934], [-96.117284, 28.988918], [-96.117419, 28.988903], [-96.117555, 28.988887], [-96.117689, 28.988872], [-96.117832, 28.988856], [-96.117977, 28.98884], [-96.118113, 28.988825], [-96.118261, 28.988808], [-96.118416, 28.988791], [-96.118556, 28.988775], [-96.118694, 28.98876], [-96.118842, 28.988743], [-96.118995, 28.988725], [-96.119131, 28.98871], [-96.119278, 28.988693], [-96.119423, 28.988676], [-96.119553, 28.98866], [-96.119697, 28.988643], [-96.119841, 28.988627], [-96.119977, 28.988612], [-96.120119, 28.988596], [-96.120269, 28.988579], [-96.120408, 28.988563], [-96.120546, 28.988547], [-96.120689, 28.988532], [-96.120835, 28.988515], [-96.120981, 28.988499], [-96.121121, 28.988482], [-96.121265, 28.988466], [-96.121374, 28.988454], [-96.121495, 28.988372], [-96.121612, 28.988293], [-96.121724, 28.988215], [-96.121833, 28.98814], [-96.121937, 28.988068], [-96.122045, 28.987994], [-96.122157, 28.987916], [-96.122269, 28.987839], [-96.122383, 28.98776], [-96.12249, 28.987687], [-96.122598, 28.987613], [-96.122713, 28.987534], [-96.122829, 28.987453], [-96.12293, 28.987383], [-96.123044, 28.987303], [-96.123139, 28.987237], [-96.123256, 28.987155], [-96.123363, 28.98708], [-96.123486, 28.986994], [-96.123597, 28.986917], [-96.123713, 28.986836], [-96.123817, 28.986764], [-96.123915, 28.986695], [-96.124022, 28.98662], [-96.124122, 28.98655], [-96.124244, 28.986466], [-96.124353, 28.986391], [-96.124465, 28.986312], [-96.124562, 28.986245], [-96.12466, 28.986178], [-96.124762, 28.986106], [-96.124877, 28.986027], [-96.124957, 28.985972], [-96.125069, 28.985895], [-96.125162, 28.985831], [-96.125276, 28.985753], [-96.125391, 28.985674], [-96.125415, 28.985657], [-96.125647, 28.985493], [-96.125759, 28.985414], [-96.125865, 28.98534], [-96.125903, 28.985314], [-96.126, 28.985247], [-96.126107, 28.985171], [-96.126223, 28.985092], [-96.12635, 28.985004], [-96.126478, 28.984916], [-96.126606, 28.984827], [-96.126733, 28.984739], [-96.126861, 28.984651], [-96.126989, 28.984562], [-96.127117, 28.984474], [-96.127244, 28.984386], [-96.127372, 28.984297], [-96.1275, 28.984209], [-96.127627, 28.984121], [-96.127755, 28.984032], [-96.127883, 28.983944], [-96.12801, 28.983856], [-96.128138, 28.983767], [-96.128249, 28.983691], [-96.128376, 28.983603], [-96.128494, 28.983521], [-96.128554, 28.983477], [-96.128661, 28.983403], [-96.128771, 28.983326], [-96.128885, 28.983246], [-96.128991, 28.98317], [-96.1291, 28.983092], [-96.12919, 28.98303], [-96.129286, 28.982964], [-96.129385, 28.982895], [-96.129499, 28.982816], [-96.129614, 28.982737], [-96.129715, 28.982668], [-96.129821, 28.982595], [-96.129928, 28.982521], [-96.130021, 28.982456], [-96.130134, 28.982377], [-96.130235, 28.982308], [-96.130355, 28.982226], [-96.13047, 28.982146], [-96.130579, 28.98207], [-96.13069, 28.981992], [-96.130805, 28.981913], [-96.130919, 28.981834], [-96.131027, 28.98176], [-96.131144, 28.98168], [-96.13126, 28.9816], [-96.131374, 28.981521], [-96.131484, 28.981444], [-96.131592, 28.981368], [-96.131689, 28.981301], [-96.131801, 28.981224], [-96.13191, 28.981148], [-96.132018, 28.981073], [-96.132126, 28.980998], [-96.132232, 28.980926], [-96.13234, 28.980852], [-96.132445, 28.980779], [-96.132544, 28.980711], [-96.132653, 28.980635], [-96.132753, 28.980566], [-96.132875, 28.980482], [-96.132982, 28.980408], [-96.133096, 28.980328], [-96.133203, 28.980253], [-96.133318, 28.980173], [-96.133438, 28.980091], [-96.133542, 28.980018], [-96.133656, 28.979938], [-96.133758, 28.979871], [-96.133781, 28.979856], [-96.133899, 28.979775], [-96.134005, 28.97976], [-96.134151, 28.979742], [-96.134296, 28.979725], [-96.134423, 28.97971], [-96.134568, 28.979692], [-96.134712, 28.979673], [-96.134848, 28.979656], [-96.134962, 28.979642], [-96.135106, 28.979625], [-96.135224, 28.979611], [-96.135362, 28.979594], [-96.135506, 28.979578], [-96.135649, 28.97956], [-96.135785, 28.979544], [-96.135931, 28.979526], [-96.136053, 28.979511], [-96.136195, 28.979493], [-96.136337, 28.979475], [-96.136481, 28.97946], [-96.136577, 28.979449], [-96.136711, 28.979433], [-96.136848, 28.979417], [-96.136974, 28.979401], [-96.137111, 28.979384], [-96.137247, 28.979368], [-96.137394, 28.97935], [-96.137528, 28.979334], [-96.137663, 28.979318], [-96.137797, 28.979301], [-96.137926, 28.979285], [-96.138062, 28.979269], [-96.138196, 28.979254], [-96.138342, 28.979237], [-96.138494, 28.979219], [-96.138577, 28.979208], [-96.138637, 28.979202], [-96.13877, 28.979185], [-96.138914, 28.979167], [-96.13905, 28.97915], [-96.139185, 28.979133], [-96.139322, 28.979116], [-96.139461, 28.9791], [-96.139584, 28.979084], [-96.139708, 28.97907], [-96.139829, 28.979057], [-96.13996, 28.979042], [-96.1401, 28.979026], [-96.140239, 28.979009], [-96.140376, 28.978992], [-96.140511, 28.978975], [-96.140636, 28.978959], [-96.14076, 28.978945], [-96.140792, 28.978941], [-96.140931, 28.978924], [-96.141084, 28.978905], [-96.141102, 28.978955], [-96.14112, 28.979011], [-96.141129, 28.97907], [-96.141141, 28.97915], [-96.141146, 28.979188], [-96.141146, 28.979259], [-96.141149, 28.979379], [-96.141152, 28.979514], [-96.141152, 28.979524], [-96.141154, 28.979597]]}},
{"type": "Feature", "properties": {"ProjectID": "P2675", "TPMS_ID": 4683060, "OPER_LINK": 0, "OPS_ID": 0, "P5_NUM": "253113", "OPER_NM": "EPIC CONSOLIDATED OPS, LLC", "SYS_NM": "EPIC NGL SYSTEM", "SUBSYS_NM": "203-BENEDUM TO ROBSTOWN SP4", "T4PERMIT": "09817", "DIAMETER": 24.0, "COMMODITY1": "HVL", "COMMODITY2": null, "COMMODITY3": null, "CMDTY_DESC": "HIGHLY VOLATILE LIQUID", "INTERSTATE": "N", "STATUS_CD": "I", "QUALITY_CD": "G", "SYSTYPE": "Q", "COUNTY": "323", "COM_CARRIE": "Y", "PLINE_ID": "203", "SYS_ID": "965292", "NPMS_SYS_I": 0, "ALBERS_MIL": 25.6801666072, "LENGTH": 0.0}, "geometry": {"type": "LineString", "coordinates": [[-100.254619, 29.070686], [-100.25467, 29.070686], [-100.254707, 29.070687], [-100.254736, 29.070687], [-100.254748, 29.070684], [-100.254755, 29.070671], [-100.254806, 29.065107], [-100.254818, 29.063355], [-100.25482, 29.063254], [-100.254821, 29.063058], [-100.254822, 29.062921], [-100.254833, 29.061603], [-100.254827, 29.061191], [-100.254837, 29.060132], [-100.254839, 29.059776], [-100.254845, 29.059022], [-100.254851, 29.058644], [-100.254854, 29.058549], [-100.254853, 29.058479], [-100.254856, 29.058357], [-100.254854, 29.058246], [-100.254855, 29.058076], [-100.254855, 29.057907], [-100.254855, 29.057736], [-100.254858, 29.05736], [-100.25486, 29.057149], [-100.254861, 29.05706], [-100.254863, 29.056895], [-100.254871, 29.056143], [-100.254878, 29.054776], [-100.254893, 29.053372], [-100.254903, 29.05276], [-100.254923, 29.050323], [-100.254928, 29.049651], [-100.25493, 29.049425], [-100.254932, 29.049269], [-100.254952, 29.04709], [-100.254954, 29.04693], [-100.254957, 29.046119], [-100.254958, 29.045965], [-100.254989, 29.042439], [-100.254988, 29.042193], [-100.25499, 29.042052], [-100.255032, 29.036819], [-100.255041, 29.036074], [-100.255061, 29.032942], [-100.255059, 29.032933], [-100.253712, 29.031983], [-100.253577, 29.031889], [-100.253548, 29.031868], [-100.253416, 29.031778], [-100.250591, 29.029785], [-100.249535, 29.029049], [-100.249217, 29.028826], [-100.247485, 29.027604], [-100.246476, 29.026894], [-100.246039, 29.026586], [-100.24164, 29.02349], [-100.237572, 29.020613], [-100.229083, 29.014634], [-100.226701, 29.006455], [-100.225585, 29.002621], [-100.225467, 29.002227], [-100.225189, 29.001233], [-100.22435, 28.998355], [-100.22432, 28.998253], [-100.224274, 28.998096], [-100.220776, 28.986086], [-100.217303, 28.974139], [-100.217254, 28.973979], [-100.216451, 28.973304], [-100.216145, 28.973036], [-100.216065, 28.97295], [-100.216029, 28.972912], [-100.20186, 28.957486], [-100.201445, 28.956252], [-100.200986, 28.954852], [-100.199999, 28.951894], [-100.199931, 28.951689], [-100.199852, 28.951451], [-100.199784, 28.951243], [-100.199613, 28.950732], [-100.199565, 28.950585], [-100.199468, 28.950298], [-100.199175, 28.949406], [-100.198119, 28.946223], [-100.198065, 28.946069], [-100.198042, 28.946023], [-100.19685, 28.944042], [-100.194036, 28.939382], [-100.189366, 28.931635], [-100.180703, 28.917276], [-100.180503, 28.916873], [-100.177894, 28.912552], [-100.177846, 28.912472], [-100.177782, 28.912364], [-100.166147, 28.893085], [-100.165977, 28.892799], [-100.165374, 28.891795], [-100.165361, 28.891774], [-100.165321, 28.891709], [-100.165308, 28.891686], [-100.164917, 28.891038], [-100.164647, 28.890584], [-100.16351, 28.888531], [-100.16342, 28.888368], [-100.15657, 28.875666], [-100.148806, 28.86127], [-100.148727, 28.861231], [-100.148597, 28.861172], [-100.148558, 28.861154], [-100.148414, 28.861089], [-100.147446, 28.860643], [-100.147335, 28.860593], [-100.147003, 28.860441], [-100.146854, 28.860374], [-100.144734, 28.859403], [-100.144516, 28.8593], [-100.144515, 28.859161], [-100.144517, 28.858991], [-100.144521, 28.858823], [-100.14464, 28.85254], [-100.144653, 28.851896], [-100.144657, 28.851576], [-100.144662, 28.851349], [-100.144662, 28.851294], [-100.144667, 28.851077], [-100.144671, 28.85086], [-100.144687, 28.849932], [-100.14469, 28.849753], [-100.144694, 28.849603], [-100.144744, 28.847056], [-100.144745, 28.846932], [-100.144748, 28.846764], [-100.144777, 28.845164], [-100.14478, 28.845043], [-100.144784, 28.844831], [-100.144791, 28.844651], [-100.144796, 28.844475], [-100.144794, 28.844298], [-100.144816, 28.843241], [-100.144872, 28.840326], [-100.144919, 28.837762], [-100.144928, 28.837329], [-100.144932, 28.837157], [-100.144935, 28.837009], [-100.144939, 28.836852], [-100.144947, 28.836422], [-100.144948, 28.836166], [-100.144601, 28.835849], [-100.144086, 28.833721], [-100.143776, 28.83243], [-100.143202, 28.830033], [-100.142908, 28.828807], [-100.142216, 28.825916], [-100.141626, 28.823483], [-100.141498, 28.822943], [-100.140404, 28.818401], [-100.139576, 28.814941], [-100.139536, 28.814774], [-100.139524, 28.814728], [-100.139519, 28.814706], [-100.139492, 28.814597], [-100.13907, 28.812836], [-100.137705, 28.80716], [-100.137678, 28.807046], [-100.137638, 28.806872], [-100.13742, 28.805962], [-100.13708, 28.80455], [-100.137014, 28.804272], [-100.136895, 28.803778], [-100.136551, 28.802359], [-100.134853, 28.795302], [-100.133166, 28.788251], [-100.13325, 28.787877], [-100.132953, 28.787613], [-100.132263, 28.786014], [-100.129805, 28.780291], [-100.128639, 28.7769], [-100.127784, 28.774421], [-100.126947, 28.771974], [-100.126508, 28.7707], [-100.126473, 28.770596], [-100.126289, 28.770064], [-100.12623, 28.769895], [-100.121837, 28.75712], [-100.121752, 28.756876], [-100.121573, 28.756353], [-100.121564, 28.756325], [-100.121467, 28.756049], [-100.121363, 28.755742], [-100.121318, 28.755612], [-100.121088, 28.754941], [-100.120909, 28.754424], [-100.120084, 28.752018], [-100.120028, 28.751857], [-100.12, 28.751775], [-100.119775, 28.751131], [-100.119596, 28.750587], [-100.119058, 28.748919], [-100.118499, 28.747086], [-100.117569, 28.744199], [-100.117536, 28.744106], [-100.117195, 28.743023], [-100.117159, 28.742917], [-100.117135, 28.742844], [-100.116932, 28.742218], [-100.11687, 28.742028], [-100.116817, 28.741862], [-100.116665, 28.741386], [-100.116594, 28.74117], [-100.116583, 28.741138], [-100.116548, 28.74103], [-100.116473, 28.740799], [-100.116422, 28.74065], [-100.116364, 28.740461], [-100.116287, 28.740219], [-100.116232, 28.740049], [-100.116178, 28.739883], [-100.116108, 28.739665], [-100.115773, 28.738635], [-100.115633, 28.738205], [-100.115222, 28.736946], [-100.114962, 28.736145], [-100.114242, 28.733915], [-100.114194, 28.733762], [-100.114159, 28.733648], [-100.114148, 28.73362], [-100.114121, 28.733534], [-100.114112, 28.733507], [-100.114073, 28.733393], [-100.114032, 28.733262], [-100.113854, 28.732714], [-100.113749, 28.732387], [-100.113665, 28.732127]]}},
{"type": "Feature", "properties": {"ProjectID": "P2675", "TPMS_ID": 4683062, "OPER_LINK": 0, "OPS_ID": 0, "P5_NUM": "253113", "OPER_NM": "EPIC CONSOLIDATED OPS, LLC", "SYS_NM": "EPIC NGL SYSTEM", "SUBSYS_NM": "203-BENEDUM TO ROBSTOWN SP3", "T4PERMIT": "09817", "DIAMETER": 24.0, "COMMODITY1": "HVL", "COMMODITY2": null, "COMMODITY3": null, "CMDTY_DESC": "HIGHLY VOLATILE LIQUID", "INTERSTATE": "N", "STATUS_CD": "I", "QUALITY_CD": "G", "SYSTYPE": "Q", "COUNTY": "271", "COM_CARRIE": "Y", "PLINE_ID": "203", "SYS_ID": "965292", "NPMS_SYS_I": 0, "ALBERS_MIL": 46.0463966608, "LENGTH": 0.0}, "geometry": {"type": "LineString", "coordinates": [[-100.278544, 29.085729], [-100.27853, 29.085719]]}},
{"type": "Feature", "properties": {"ProjectID": "P2675", "TPMS_ID": 4683081, "OPER_LINK": 0, "OPS_ID": 0, "P5_NUM": "253113", "OPER_NM": "EPIC CONSOLIDATED OPS, LLC", "SYS_NM": "EPIC NGL SYSTEM", "SUBSYS_NM": "203-BENEDUM TO ROBSTOWN SP3", "T4PERMIT": "09817", "DIAMETER": 24.0, "COMMODITY1": "HVL", "COMMODITY2": null, "COMMODITY3": null, "CMDTY_DESC": "HIGHLY VOLATILE LIQUID", "INTERSTATE": "N", "STATUS_CD": "I", "QUALITY_CD": "G", "SYSTYPE": "Q", "COUNTY": "323", "COM_CARRIE": "Y", "PLINE_ID": "203", "SYS_ID": "965292", "NPMS_SYS_I": 0, "ALBERS_MIL": 1.7985072793, "LENGTH": 0.0}, "geometry": {"type": "LineString", "coordinates": [[-100.27853, 29.085719], [-100.277557, 29.085095], [-100.276784, 29.08461], [-100.276379, 29.08436], [-100.268103, 29.079068], [-100.267817, 29.078887], [-100.267707, 29.078814], [-100.267519, 29.078694], [-100.26729, 29.078549], [-100.266931, 29.078319], [-100.266092, 29.077782], [-100.25903, 29.074119], [-100.258906, 29.074056], [-100.258638, 29.073917], [-100.258429, 29.073808], [-100.258311, 29.073745], [-100.257899, 29.07353], [-100.257777, 29.073469], [-100.257627, 29.07339], [-100.256291, 29.072695], [-100.255569, 29.072233], [-100.255194, 29.071896], [-100.254753, 29.071688], [-100.254752, 29.071453], [-100.254754, 29.071329], [-100.254755, 29.070899], [-100.254748, 29.07089], [-100.254738, 29.070889], [-100.254709, 29.070888], [-100.254671, 29.070889], [-100.25462, 29.07089]]}},
{"type": "Feature", "properties": {"ProjectID": "P2675", "TPMS_ID": 3830874, "OPER_LINK": 0, "OPS_ID": 0, "P5_NUM": "253113", "OPER_NM": "EPIC CONSOLIDATED OPS, LLC", "SYS_NM": "EPIC PRODUCTS PIPELINE", "SUBSYS_NM": "329-CITGO ISO-BUTANE", "T4PERMIT": "10182", "DIAMETER": 6.63, "COMMODITY1": "HVL", "COMMODITY2": null, "COMMODITY3": null, "CMDTY_DESC": "HIGHLY VOLATILE LIQUID", "INTERSTATE": "N", "STATUS_CD": "I", "QUALITY_CD": "G", "SYSTYPE": "Q", "COUNTY": "355", "COM_CARRIE": "Y", "PLINE_ID": "329", "SYS_ID": "967496", "NPMS_SYS_I": 0, "ALBERS_MIL": 4.7036695003, "LENGTH": 0.0}, "geometry": {"type": "LineString", "coordinates": [[-97.488131, 27.815274], [-97.487091, 27.815055], [-97.481788, 27.81478], [-97.478507, 27.814641], [-97.477478, 27.814668], [-97.476477, 27.816507], [-97.471798, 27.815841], [-97.466285, 27.814837], [-97.466973, 27.812735], [-97.459919, 27.810819], [-97.459174, 27.812856], [-97.458739, 27.813344], [-97.454542, 27.81274], [-97.451383, 27.812994], [-97.447002, 27.81368], [-97.446691, 27.814327], [-97.444927, 27.814524], [-97.444293, 27.813903], [-97.439881, 27.814295], [-97.43822, 27.817533], [-97.438059, 27.817827], [-97.43524, 27.817], [-97.436662, 27.813618], [-97.435524, 27.813069], [-97.432098, 27.811238], [-97.431733, 27.810996], [-97.43223, 27.810328], [-97.432519, 27.810203], [-97.433179, 27.809277], [-97.432223, 27.808732]]}},
{"type": "Feature", "properties": {"ProjectID": "P2675", "TPMS_ID": 3830875, "OPER_LINK": 0, "OPS_ID": 0, "P5_NUM": "253113", "OPER_NM": "EPIC CONSOLIDATED OPS, LLC", "SYS_NM": "EPIC PRODUCTS PIPELINE", "SUBSYS_NM": "305-SXE TO VALERO ISO-BUTANE", "T4PERMIT": "10182", "DIAMETER": 6.63, "COMMODITY1": "HVL", "COMMODITY2": null, "COMMODITY3": null, "CMDTY_DESC": "HIGHLY VOLATILE LIQUID", "INTERSTATE": "N", "STATUS_CD": "I", "QUALITY_CD": "G", "SYSTYPE": "Q", "COUNTY": "355", "COM_CARRIE": "Y", "PLINE_ID": "305", "SYS_ID": "967500", "NPMS_SYS_I": 0, "ALBERS_MIL": 3.5762126045, "LENGTH": 0.0}, "geometry": {"type": "LineString", "coordinates": [[-97.527749, 27.802056], [-97.527743, 27.801903], [-97.527704, 27.799819], [-97.520664, 27.799799], [-97.520053, 27.799612], [-97.519036, 27.799284], [-97.517834, 27.799295], [-97.516441, 27.800071], [-97.513554, 27.800062], [-97.513012, 27.80006], [-97.511276, 27.799974], [-97.507284, 27.800032], [-97.502581, 27.800085], [-97.495791, 27.800114], [-97.491571, 27.800146], [-97.491513, 27.800146], [-97.49139, 27.800705], [-97.491142, 27.800706], [-97.489517, 27.8007], [-97.489524, 27.803123], [-97.489225, 27.803125], [-97.489229, 27.804585], [-97.489263, 27.804961], [-97.488762, 27.807748], [-97.488742, 27.810501], [-97.488942, 27.812584], [-97.488883, 27.813719], [-97.488131, 27.815206], [-97.4881, 27.815199]]}},
{"type": "Feature", "properties": {"ProjectID": "P2675", "TPMS_ID": 3830877, "OPER_LINK": 0, "OPS_ID": 0, "P5_NUM": "253113", "OPER_NM": "EPIC CONSOLIDATED OPS, LLC", "SYS_NM": "EPIC PRODUCTS PIPELINE", "SUBSYS_NM": "314-BTT TO SXE N-BUTANE", "T4PERMIT": "10182", "DIAMETER": 6.63, "COMMODITY1": "HVL", "COMMODITY2": null, "COMMODITY3": null, "CMDTY_DESC": "HIGHLY VOLATILE LIQUID", "INTERSTATE": "N", "STATUS_CD": "I", "QUALITY_CD": "G", "SYSTYPE": "Q", "COUNTY": "355", "COM_CARRIE": "Y", "PLINE_ID": "314", "SYS_ID": "967505", "NPMS_SYS_I": 0, "ALBERS_MIL": 1.1308677852, "LENGTH": 0.0}, "geometry": {"type": "LineString", "coordinates": [[-97.604975, 27.825685], [-97.604898, 27.825684], [-97.604854, 27.825723], [-97.603916, 27.825717], [-97.601823, 27.824329], [-97.60182, 27.819748], [-97.601014, 27.819624], [-97.598426, 27.819594], [-97.598398, 27.816345], [-97.596633, 27.816347], [-97.596608, 27.816369], [-97.596552, 27.816368], [-97.596552, 27.816355], [-97.596343, 27.816353], [-97.596345, 27.816129], [-97.596426, 27.816129], [-97.596427, 27.816004], [-97.596403, 27.816003]]}},
{"type": "Feature", "properties": {"ProjectID": "P2675", "TPMS_ID": 3830879, "OPER_LINK": 0, "OPS_ID": 0, "P5_NUM": "253113", "OPER_NM": "EPIC CONSOLIDATED OPS, LLC", "SYS_NM": "EPIC PRODUCTS PIPELINE", "SUBSYS_NM": "311-BTT TO LYONDELL ETHANE", "T4PERMIT": "10182", "DIAMETER": 8.63, "COMMODITY1": "HVL", "COMMODITY2": null, "COMMODITY3": null, "CMDTY_DESC": "HIGHLY VOLATILE LIQUID", "INTERSTATE": "N", "STATUS_CD": "I", "QUALITY_CD": "G", "SYSTYPE": "Q", "COUNTY": "355", "COM_CARRIE": "Y", "PLINE_ID": "311", "SYS_ID": "967501", "NPMS_SYS_I": 0, "ALBERS_MIL": 1.2641565326, "LENGTH": 0.0}, "geometry": {"type": "LineString", "coordinates": [[-97.597453, 27.81399], [-97.602167, 27.813968], [-97.602628, 27.81404], [-97.601674, 27.818837], [-97.601866, 27.819077], [-97.601869, 27.824308], [-97.603769, 27.825568], [-97.603859, 27.825588], [-97.60462, 27.826092], [-97.604851, 27.826094], [-97.604895, 27.826056], [-97.604972, 27.826056]]}},
{"type": "Feature", "properties": {"ProjectID": "P2675", "TPMS_ID": 3830878, "OPER_LINK": 0, "OPS_ID": 0, "P5_NUM": "253113", "OPER_NM": "EPIC CONSOLIDATED OPS, LLC", "SYS_NM": "EPIC PRODUCTS PIPELINE", "SUBSYS_NM": "315-BTT TO SXE PENTANE+", "T4PERMIT": "10182", "DIAMETER": 6.63, "COMMODITY1": "HVL", "COMMODITY2": null, "COMMODITY3": null, "CMDTY_DESC": "HIGHLY VOLATILE LIQUID", "INTERSTATE": "N", "STATUS_CD": "I", "QUALITY_CD": "G", "SYSTYPE": "Q", "COUNTY": "355", "COM_CARRIE": "Y", "PLINE_ID": "315", "SYS_ID": "967504", "NPMS_SYS_I": 0, "ALBERS_MIL": 1.1308677852, "LENGTH": 0.0}, "geometry": {"type": "LineString", "coordinates": [[-97.604975, 27.825685], [-97.604898, 27.825684], [-97.604854, 27.825723], [-97.603916, 27.825717], [-97.601823, 27.824329], [-97.60182, 27.819748], [-97.601014, 27.819624], [-97.598426, 27.819594], [-97.598398, 27.816345], [-97.596633, 27.816347], [-97.596608, 27.816369], [-97.596552, 27.816368], [-97.596552, 27.816355], [-97.596343, 27.816353], [-97.596345, 27.816129], [-97.596426, 27.816129], [-97.596427, 27.816004], [-97.596403, 27.816003]]}},
{"type": "Feature", "properties": {"ProjectID": "P2675", "TPMS_ID": 3830880, "OPER_LINK": 0, "OPS_ID": 0, "P5_NUM": "253113", "OPER_NM": "EPIC CONSOLIDATED OPS, LLC", "SYS_NM": "EPIC PRODUCTS PIPELINE", "SUBSYS_NM": "312-BTT TO LYONDELL PROPANE", "T4PERMIT": "10182", "DIAMETER": 6.63, "COMMODITY1": "HVL", "COMMODITY2": null, "COMMODITY3": null, "CMDTY_DESC": "HIGHLY VOLATILE LIQUID", "INTERSTATE": "N", "STATUS_CD": "I", "QUALITY_CD": "G", "SYSTYPE": "Q", "COUNTY": "355", "COM_CARRIE": "Y", "PLINE_ID": "312", "SYS_ID": "967503", "NPMS_SYS_I": 0, "ALBERS_MIL": 1.2641565326, "LENGTH": 0.0}, "geometry": {"type": "LineString", "coordinates": [[-97.597453, 27.81399], [-97.602167, 27.813968], [-97.602628, 27.81404], [-97.601674, 27.818837], [-97.601866, 27.819077], [-97.601869, 27.824308], [-97.603769, 27.825568], [-97.603859, 27.825588], [-97.60462, 27.826092], [-97.604851, 27.826094], [-97.604895, 27.826056], [-97.604972, 27.826056]]}},
{"type": "Feature", "properties": {"ProjectID": "P2675", "TPMS_ID": 3830881, "OPER_LINK": 0, "OPS_ID": 0, "P5_NUM": "253113", "OPER_NM": "EPIC CONSOLIDATED OPS, LLC", "SYS_NM": "EPIC PRODUCTS PIPELINE", "SUBSYS_NM": "316-BTT TO SXE PROPANE", "T4PERMIT": "10182", "DIAMETER": 6.63, "COMMODITY1": "HVL", "COMMODITY2": null, "COMMODITY3": null, "CMDTY_DESC": "HIGHLY VOLATILE LIQUID", "INTERSTATE": "N", "STATUS_CD": "I", "QUALITY_CD": "G", "SYSTYPE": "Q", "COUNTY": "355", "COM_CARRIE": "Y", "PLINE_ID": "316", "SYS_ID": "967693", "NPMS_SYS_I": 0, "ALBERS_MIL": 1.1308677852, "LENGTH": 0.0}, "geometry": {"type": "LineString", "coordinates": [[-97.604975, 27.825685], [-97.604898, 27.825684], [-97.604854, 27.825723], [-97.603916, 27.825717], [-97.601823, 27.824329], [-97.60182, 27.819748], [-97.601014, 27.819624], [-97.598426, 27.819594], [-97.598398, 27.816345], [-97.596633, 27.816347], [-97.596608, 27.816369], [-97.596552, 27.816368], [-97.596552, 27.816355], [-97.596343, 27.816353], [-97.596345, 27.816129], [-97.596426, 27.816129], [-97.596427, 27.816004], [-97.596403, 27.816003]]}},
{"type": "Feature", "properties": {"ProjectID": "P2675", "TPMS_ID": 3830882, "OPER_LINK": 0, "OPS_ID": 0, "P5_NUM": "253113", "OPER_NM": "EPIC CONSOLIDATED OPS, LLC", "SYS_NM": "EPIC PRODUCTS PIPELINE", "SUBSYS_NM": "306-SXE TO VALERO N-BUTANE", "T4PERMIT": "10182", "DIAMETER": 6.63, "COMMODITY1": "HVL", "COMMODITY2": null, "COMMODITY3": null, "CMDTY_DESC": "HIGHLY VOLATILE LIQUID", "INTERSTATE": "N", "STATUS_CD": "I", "QUALITY_CD": "G", "SYSTYPE": "Q", "COUNTY": "355", "COM_CARRIE": "Y", "PLINE_ID": "306", "SYS_ID": "967498", "NPMS_SYS_I": 0, "ALBERS_MIL": 3.5762126045, "LENGTH": 0.0}, "geometry": {"type": "LineString", "coordinates": [[-97.527749, 27.802056], [-97.527743, 27.801903], [-97.527704, 27.799819], [-97.520664, 27.799799], [-97.520053, 27.799612], [-97.519036, 27.799284], [-97.517834, 27.799295], [-97.516441, 27.800071], [-97.513554, 27.800062], [-97.513012, 27.80006], [-97.511276, 27.799974], [-97.507284, 27.800032], [-97.502581, 27.800085], [-97.495791, 27.800114], [-97.491571, 27.800146], [-97.491513, 27.800146], [-97.49139, 27.800705], [-97.491142, 27.800706], [-97.489517, 27.8007], [-97.489524, 27.803123], [-97.489225, 27.803125], [-97.489229, 27.804585], [-97.489263, 27.804961], [-97.488762, 27.807748], [-97.488742, 27.810501], [-97.488942, 27.812584], [-97.488883, 27.813719], [-97.488131, 27.815206], [-97.4881, 27.815199]]}},
{"type": "Feature", "properties": {"ProjectID": "P2675", "TPMS_ID": 3830876, "OPER_LINK": 0, "OPS_ID": 0, "P5_NUM": "253113", "OPER_NM": "EPIC CONSOLIDATED OPS, LLC", "SYS_NM": "EPIC PRODUCTS PIPELINE", "SUBSYS_NM": "313-BTT TO SXE ISO-BUTANE", "T4PERMIT": "10182", "DIAMETER": 6.63, "COMMODITY1": "HVL", "COMMODITY2": null, "COMMODITY3": null, "CMDTY_DESC": "HIGHLY VOLATILE LIQUID", "INTERSTATE": "N", "STATUS_CD": "I", "QUALITY_CD": "G", "SYSTYPE": "Q", "COUNTY": "355", "COM_CARRIE": "Y", "PLINE_ID": "313", "SYS_ID": "967506", "NPMS_SYS_I": 0, "ALBERS_MIL": 1.1308677852, "LENGTH": 0.0}, "geometry": {"type": "LineString", "coordinates": [[-97.604975, 27.825685], [-97.604898, 27.825684], [-97.604854, 27.825723], [-97.603916, 27.825717], [-97.601823, 27.824329], [-97.60182, 27.819748], [-97.601014, 27.819624], [-97.598426, 27.819594], [-97.598398, 27.816345], [-97.596633, 27.816347], [-97.596608, 27.816369], [-97.596552, 27.816368], [-97.596552, 27.816355], [-97.596343, 27.816353], [-97.596345, 27.816129], [-97.596426, 27.816129], [-97.596427, 27.816004], [-97.596403, 27.816003]]}},
{"type": "Feature", "properties": {"ProjectID": "P2675", "TPMS_ID": 3830873, "OPER_LINK": 0, "OPS_ID": 0, "P5_NUM": "253113", "OPER_NM": "EPIC CONSOLIDATED OPS, LLC", "SYS_NM": "EPIC PRODUCTS PIPELINE", "SUBSYS_NM": "317-NATURAL GASOLINE TO PIN OAK", "T4PERMIT": "10182", "DIAMETER": 6.63, "COMMODITY1": "HVL", "COMMODITY2": null, "COMMODITY3": null, "CMDTY_DESC": "HIGHLY VOLATILE LIQUID", "INTERSTATE": "N", "STATUS_CD": "I", "QUALITY_CD": "G", "SYSTYPE": "Q", "COUNTY": "355", "COM_CARRIE": "Y", "PLINE_ID": "317", "SYS_ID": "967493", "NPMS_SYS_I": 0, "ALBERS_MIL": 1.4606951809, "LENGTH": 0.0}, "geometry": {"type": "LineString", "coordinates": [[-97.493857, 27.816441], [-97.493897, 27.816468], [-97.494449, 27.816581], [-97.494786, 27.816304], [-97.495883, 27.816474], [-97.497569, 27.816873], [-97.498411, 27.817041], [-97.499169, 27.817196], [-97.50061, 27.817515], [-97.500795, 27.817519], [-97.500996, 27.817679], [-97.502305, 27.817742], [-97.502311, 27.817632], [-97.502282, 27.816215], [-97.502303, 27.816195], [-97.502302, 27.816138], [-97.50228, 27.816119], [-97.502269, 27.815364], [-97.502231, 27.814775], [-97.502165, 27.814299], [-97.501933, 27.812688], [-97.503143, 27.810797], [-97.503896, 27.81118], [-97.505497, 27.811759], [-97.50619, 27.812067], [-97.506799, 27.812373], [-97.507257, 27.812631], [-97.50753, 27.812794], [-97.50945, 27.813003]]}},
{"type": "Feature", "properties": {"ProjectID": "P2675", "TPMS_ID": 4683056, "OPER_LINK": 0, "OPS_ID": 0, "P5_NUM": "253113", "OPER_NM": "EPIC CONSOLIDATED OPS, LLC", "SYS_NM": "EPIC NGL SYSTEM", "SUBSYS_NM": "BTT TO RTF AB", "T4PERMIT": "09817", "DIAMETER": 12.75, "COMMODITY1": "HVL", "COMMODITY2": null, "COMMODITY3": null, "CMDTY_DESC": "HIGHLY VOLATILE LIQUID", "INTERSTATE": "N", "STATUS_CD": "I", "QUALITY_CD": "G", "SYSTYPE": "Q", "COUNTY": "355", "COM_CARRIE": "Y", "PLINE_ID": "BTT TO RTF AB", "SYS_ID": "966525", "NPMS_SYS_I": 0, "ALBERS_MIL": 1.838537524, "LENGTH": 0.0}, "geometry": {"type": "LineString", "coordinates": [[-97.613606, 27.827439], [-97.613605, 27.827322], [-97.613603, 27.827206], [-97.6136, 27.827091], [-97.613598, 27.826975], [-97.613596, 27.826859], [-97.613593, 27.826743], [-97.613591, 27.826642], [-97.613589, 27.826526], [-97.613587, 27.82641], [-97.613586, 27.826294], [-97.613576, 27.826179], [-97.613582, 27.826063], [-97.613579, 27.825946], [-97.613577, 27.825831], [-97.613575, 27.825715], [-97.613572, 27.825599], [-97.613571, 27.825483], [-97.613569, 27.825368], [-97.613567, 27.825252], [-97.613564, 27.825136], [-97.613562, 27.825021], [-97.61356, 27.824905], [-97.613558, 27.82479], [-97.613556, 27.824674], [-97.613554, 27.824558], [-97.613552, 27.824443], [-97.613552, 27.824327], [-97.613549, 27.82421], [-97.613545, 27.824094], [-97.613546, 27.823979], [-97.613543, 27.823877], [-97.613542, 27.823761], [-97.61354, 27.823645], [-97.613537, 27.823529], [-97.613535, 27.823413], [-97.613532, 27.823297], [-97.61353, 27.823181], [-97.613528, 27.823065], [-97.613528, 27.822949], [-97.613525, 27.822833], [-97.613525, 27.822805], [-97.613523, 27.822717], [-97.61352, 27.822601], [-97.613518, 27.822485], [-97.613517, 27.822369], [-97.613515, 27.822253], [-97.613516, 27.822224], [-97.613514, 27.822137], [-97.613515, 27.822113], [-97.613513, 27.82208], [-97.613512, 27.822023], [-97.613512, 27.821965], [-97.613509, 27.821927], [-97.613507, 27.821811], [-97.613505, 27.821695], [-97.613504, 27.821578], [-97.613502, 27.821462], [-97.613501, 27.821346], [-97.613498, 27.82123], [-97.613496, 27.821114], [-97.613493, 27.820998], [-97.613491, 27.820883], [-97.613488, 27.820767], [-97.613486, 27.820651], [-97.613484, 27.820535], [-97.613483, 27.820419], [-97.613481, 27.820303], [-97.613479, 27.820187], [-97.613477, 27.820071], [-97.613475, 27.819955], [-97.613472, 27.819839], [-97.61347, 27.819723], [-97.613468, 27.819607], [-97.613466, 27.819492], [-97.613464, 27.819376], [-97.613463, 27.81926], [-97.613462, 27.819144], [-97.61346, 27.819028], [-97.613458, 27.818912], [-97.613455, 27.818796], [-97.613454, 27.818681], [-97.61345, 27.818578], [-97.613451, 27.818566], [-97.613449, 27.818549], [-97.613447, 27.818449], [-97.613443, 27.818346], [-97.613441, 27.818342], [-97.613436, 27.818338], [-97.613319, 27.818311], [-97.613193, 27.818281], [-97.613067, 27.818251], [-97.612941, 27.81822], [-97.612815, 27.818189], [-97.612689, 27.818157], [-97.612563, 27.818127], [-97.612438, 27.818096], [-97.612312, 27.818066], [-97.612185, 27.818037], [-97.612059, 27.818007], [-97.611933, 27.817976], [-97.611807, 27.817945], [-97.611682, 27.817913], [-97.611556, 27.817883], [-97.61143, 27.817853], [-97.611404, 27.817848], [-97.611302, 27.817831], [-97.611173, 27.817809], [-97.611073, 27.817792], [-97.611032, 27.817783], [-97.610951, 27.81775], [-97.610836, 27.817698], [-97.610727, 27.81765], [-97.610611, 27.817599], [-97.610493, 27.817548], [-97.610376, 27.817497], [-97.610259, 27.817445], [-97.610142, 27.817394], [-97.610025, 27.817343], [-97.609908, 27.817292], [-97.609791, 27.817239], [-97.609675, 27.817187], [-97.609558, 27.817135], [-97.609441, 27.817083], [-97.609324, 27.817032], [-97.609207, 27.81698], [-97.60909, 27.816929], [-97.608973, 27.816878], [-97.608856, 27.816827], [-97.608739, 27.816775], [-97.608622, 27.816724], [-97.608605, 27.816717], [-97.60855, 27.816693], [-97.608505, 27.816673], [-97.608436, 27.816643], [-97.608399, 27.816626], [-97.608282, 27.816575], [-97.608165, 27.816524], [-97.608048, 27.816472], [-97.607931, 27.816421], [-97.607814, 27.816369], [-97.607697, 27.816317], [-97.60758, 27.816265], [-97.607464, 27.816213], [-97.607347, 27.816162], [-97.60723, 27.816111], [-97.607113, 27.816059], [-97.606997, 27.816008], [-97.60688, 27.815956], [-97.606763, 27.815905], [-97.606646, 27.815854], [-97.606529, 27.815802], [-97.606413, 27.815751], [-97.606296, 27.8157], [-97.606179, 27.815649], [-97.606062, 27.815597], [-97.605945, 27.815546], [-97.605829, 27.815495], [-97.605712, 27.815443], [-97.605595, 27.815392], [-97.605478, 27.815341], [-97.605362, 27.81529], [-97.605245, 27.815239], [-97.605128, 27.815188], [-97.605011, 27.815136], [-97.604893, 27.815085], [-97.604777, 27.815033], [-97.604661, 27.814981], [-97.604544, 27.814929], [-97.604427, 27.814878], [-97.60431, 27.814827], [-97.604193, 27.814775], [-97.604076, 27.814723], [-97.603961, 27.814671], [-97.603844, 27.814619], [-97.60373, 27.814569], [-97.603613, 27.814517], [-97.603497, 27.814465], [-97.603392, 27.814419], [-97.603391, 27.814418], [-97.60339, 27.814418], [-97.603341, 27.814413], [-97.603212, 27.814407], [-97.603081, 27.814401], [-97.602951, 27.814395], [-97.602821, 27.814389], [-97.602692, 27.814383], [-97.602595, 27.814379], [-97.602587, 27.814378], [-97.602504, 27.814376], [-97.602489, 27.814373], [-97.602308, 27.814335], [-97.602126, 27.814298], [-97.601945, 27.814261], [-97.601764, 27.814224], [-97.601649, 27.8142], [-97.601619, 27.814194], [-97.601519, 27.814195], [-97.601388, 27.814198], [-97.601258, 27.814198], [-97.601128, 27.814198], [-97.600997, 27.814198], [-97.600866, 27.814199], [-97.600737, 27.814199], [-97.600606, 27.8142], [-97.600476, 27.814201], [-97.600345, 27.814203], [-97.600214, 27.814203], [-97.600084, 27.814204], [-97.599953, 27.814204], [-97.599822, 27.814204], [-97.599692, 27.814204], [-97.599562, 27.814204], [-97.599431, 27.814204], [-97.599301, 27.814203], [-97.59917, 27.814204], [-97.59904, 27.814205], [-97.598909, 27.814206], [-97.598779, 27.814207], [-97.598648, 27.814208], [-97.598518, 27.814209], [-97.598387, 27.814213], [-97.598258, 27.814216], [-97.598186, 27.814218], [-97.598179, 27.81422], [-97.598177, 27.814227], [-97.598178, 27.814264], [-97.598179, 27.814379], [-97.598178, 27.814413], [-97.598178, 27.814446], [-97.598179, 27.814494], [-97.598179, 27.814555], [-97.598179, 27.81459], [-97.598178, 27.814611], [-97.598178, 27.8147], [-97.598178, 27.814727], [-97.598178, 27.814739], [-97.598177, 27.814842], [-97.598177, 27.814855], [-97.598176, 27.814959], [-97.598175, 27.815074], [-97.598174, 27.81519], [-97.598175, 27.815306], [-97.598175, 27.815422], [-97.598173, 27.815538], [-97.59817, 27.815654], [-97.598169, 27.815715], [-97.598166, 27.815721], [-97.598161, 27.815723], [-97.598115, 27.815723], [-97.597984, 27.815725], [-97.597854, 27.815728], [-97.597723, 27.815729], [-97.597593, 27.815729], [-97.597462, 27.815728], [-97.597332, 27.815729], [-97.597202, 27.815729], [-97.597071, 27.81573], [-97.59694, 27.815729], [-97.596809, 27.81573], [-97.596681, 27.815729], [-97.596661, 27.815729], [-97.596654, 27.815732], [-97.596651, 27.815737], [-97.596651, 27.815792], [-97.596649, 27.815908], [-97.596649, 27.815972], [-97.596648, 27.815987], [-97.596648, 27.81599], [-97.596648, 27.815992], [-97.596647, 27.816012], [-97.596647, 27.816015], [-97.596647, 27.816019], [-97.596647, 27.816023], [-97.596647, 27.816029], [-97.596647, 27.816032]]}},
{"type": "Feature", "properties": {"ProjectID": "P2675", "TPMS_ID": 4683064, "OPER_LINK": 0, "OPS_ID": 0, "P5_NUM": "253113", "OPER_NM": "EPIC CONSOLIDATED OPS, LLC", "SYS_NM": "EPIC NGL SYSTEM", "SUBSYS_NM": "203-BENEDUM TO ROBSTOWN SP5", "T4PERMIT": "09817", "DIAMETER": 24.0, "COMMODITY1": "HVL", "COMMODITY2": null, "COMMODITY3": null, "CMDTY_DESC": "HIGHLY VOLATILE LIQUID", "INTERSTATE": "N", "STATUS_CD": "I", "QUALITY_CD": "G", "SYSTYPE": "Q", "COUNTY": "355", "COM_CARRIE": "Y", "PLINE_ID": "203", "SYS_ID": "965292", "NPMS_SYS_I": 0, "ALBERS_MIL": 19.9730210012, "LENGTH": 0.0}, "geometry": {"type": "LineString", "coordinates": [[-97.933787, 27.799876], [-97.933501, 27.7999], [-97.933363, 27.799911], [-97.932777, 27.799956], [-97.932033, 27.800026], [-97.930382, 27.800179], [-97.928587, 27.800342], [-97.923638, 27.800789], [-97.92071, 27.801061], [-97.919292, 27.801187], [-97.917808, 27.801313], [-97.917641, 27.801327], [-97.917533, 27.801337], [-97.91714, 27.801391], [-97.916972, 27.801393], [-97.914078, 27.801661], [-97.911204, 27.801935], [-97.90646, 27.803078], [-97.905311, 27.803357], [-97.903869, 27.80371], [-97.901539, 27.804269], [-97.901324, 27.804318], [-97.899263, 27.804327], [-97.897079, 27.804331], [-97.892832, 27.804346], [-97.886113, 27.804349], [-97.884294, 27.804344], [-97.881831, 27.804566], [-97.879684, 27.804754], [-97.879557, 27.804766], [-97.877169, 27.804981], [-97.875436, 27.805145], [-97.871494, 27.805495], [-97.870213, 27.805695], [-97.868821, 27.805918], [-97.868716, 27.80593], [-97.868654, 27.805932], [-97.868231, 27.805933], [-97.868045, 27.805933], [-97.866457, 27.805937], [-97.85964, 27.806557], [-97.85721, 27.806783], [-97.855987, 27.806902], [-97.854518, 27.80704], [-97.851868, 27.807283], [-97.847641, 27.807645], [-97.847178, 27.807676], [-97.842643, 27.808069], [-97.842533, 27.808078], [-97.842382, 27.808091], [-97.842196, 27.808107], [-97.841885, 27.808135], [-97.841861, 27.808143], [-97.84185, 27.808164], [-97.841653, 27.809166], [-97.841623, 27.809326], [-97.84159, 27.80949], [-97.841459, 27.810151], [-97.839611, 27.812386], [-97.8395, 27.812521], [-97.839391, 27.812653], [-97.837911, 27.814445], [-97.837768, 27.814617], [-97.83765, 27.814761], [-97.83661, 27.816015], [-97.836577, 27.816295], [-97.836558, 27.816449], [-97.836505, 27.816904], [-97.836497, 27.816924], [-97.836465, 27.816934], [-97.83631, 27.816919], [-97.834165, 27.816705], [-97.833974, 27.816684], [-97.833158, 27.816605], [-97.832974, 27.816587], [-97.83175, 27.816461], [-97.831566, 27.816444], [-97.829678, 27.816257], [-97.828455, 27.816136], [-97.827527, 27.81604], [-97.827338, 27.816022], [-97.826932, 27.815987], [-97.826697, 27.815927], [-97.826421, 27.815851], [-97.822713, 27.815478], [-97.822536, 27.81546], [-97.82234, 27.815442], [-97.808744, 27.814081], [-97.807474, 27.81395], [-97.807295, 27.813935], [-97.80711, 27.813918], [-97.805075, 27.813711], [-97.804819, 27.813688], [-97.804634, 27.813669], [-97.80317, 27.813521], [-97.800153, 27.813078], [-97.799981, 27.813053], [-97.799513, 27.812984], [-97.79934, 27.812954], [-97.7947, 27.812269], [-97.794419, 27.812234], [-97.785578, 27.812812], [-97.785261, 27.812833], [-97.784608, 27.812876], [-97.784426, 27.812889], [-97.784335, 27.812894], [-97.784132, 27.812908], [-97.783786, 27.81293], [-97.783548, 27.812946], [-97.779388, 27.813245], [-97.779199, 27.813259], [-97.778902, 27.813285], [-97.778301, 27.813501], [-97.777436, 27.813812], [-97.777319, 27.813799], [-97.776906, 27.813744], [-97.776722, 27.813716], [-97.77606, 27.813626], [-97.773166, 27.814282], [-97.772116, 27.814375], [-97.771932, 27.814389], [-97.771748, 27.814404], [-97.7688, 27.814667], [-97.766288, 27.814885], [-97.766146, 27.814899], [-97.766063, 27.814907], [-97.765917, 27.814919], [-97.762994, 27.81518], [-97.762815, 27.815194], [-97.762633, 27.815211], [-97.762172, 27.815251], [-97.761928, 27.815274], [-97.761395, 27.815323], [-97.761151, 27.815344], [-97.757993, 27.815622], [-97.757807, 27.815638], [-97.753789, 27.815997], [-97.753303, 27.816059], [-97.753115, 27.816073], [-97.752937, 27.81609], [-97.751632, 27.816194], [-97.751488, 27.816203], [-97.751387, 27.816191], [-97.751019, 27.816138], [-97.750836, 27.81611], [-97.750658, 27.816085], [-97.750521, 27.816066], [-97.750335, 27.816039], [-97.74994, 27.815984], [-97.749753, 27.815955], [-97.746878, 27.815544], [-97.74584, 27.815391], [-97.742505, 27.816853], [-97.742334, 27.81693], [-97.742268, 27.817283], [-97.742258, 27.817353], [-97.742249, 27.817374], [-97.742225, 27.817384], [-97.738477, 27.817871], [-97.738249, 27.8179], [-97.737802, 27.817961], [-97.737561, 27.817994], [-97.732612, 27.818644], [-97.732432, 27.818668], [-97.72603, 27.819505], [-97.72172, 27.818864], [-97.721506, 27.818837], [-97.72135, 27.818848], [-97.720192, 27.818948], [-97.715785, 27.819344], [-97.715597, 27.819358], [-97.715021, 27.81941], [-97.714855, 27.819425], [-97.714404, 27.819466], [-97.714223, 27.819482], [-97.71404, 27.819497], [-97.703759, 27.820415], [-97.703734, 27.820422], [-97.703725, 27.820444], [-97.703709, 27.82054], [-97.703646, 27.820898], [-97.70363, 27.820972], [-97.703618, 27.820995], [-97.703589, 27.821], [-97.703117, 27.82093], [-97.702936, 27.820902], [-97.702749, 27.820874], [-97.701249, 27.820651], [-97.701175, 27.820644], [-97.699575, 27.820802], [-97.693256, 27.821348], [-97.693082, 27.821362], [-97.692026, 27.821455], [-97.686673, 27.823509], [-97.681797, 27.825384], [-97.680532, 27.825191], [-97.680338, 27.82516], [-97.679995, 27.825108], [-97.679799, 27.825081], [-97.678568, 27.824891], [-97.678386, 27.824864], [-97.677971, 27.824801], [-97.677793, 27.824774], [-97.670971, 27.823741], [-97.666908, 27.824334], [-97.66662, 27.824288], [-97.66656, 27.824278], [-97.666378, 27.824247], [-97.666195, 27.824214], [-97.664945, 27.824018], [-97.664583, 27.823959], [-97.664003, 27.82387], [-97.663901, 27.823853], [-97.663622, 27.82384], [-97.662442, 27.823775], [-97.661669, 27.823737], [-97.66131, 27.823742], [-97.659645, 27.823662], [-97.659412, 27.823644], [-97.659379, 27.823642], [-97.659294, 27.823636], [-97.659262, 27.823632], [-97.65745, 27.823476], [-97.657267, 27.82346], [-97.657034, 27.823442], [-97.656698, 27.823386], [-97.656262, 27.823342], [-97.656128, 27.823264], [-97.656027, 27.82321], [-97.655643, 27.823289], [-97.655133, 27.823249], [-97.654118, 27.823163], [-97.653938, 27.823149], [-97.653844, 27.823141], [-97.653663, 27.823125], [-97.652088, 27.822987], [-97.651159, 27.82291], [-97.650749, 27.822871], [-97.650056, 27.822814], [-97.649677, 27.822784], [-97.647579, 27.822601], [-97.645473, 27.822422], [-97.645282, 27.822342], [-97.643544, 27.822193], [-97.643288, 27.822191], [-97.639691, 27.821885], [-97.638814, 27.821814], [-97.638294, 27.821753], [-97.633794, 27.821368], [-97.633083, 27.821305], [-97.633061, 27.821307], [-97.633045, 27.821319], [-97.63265, 27.821787], [-97.632645, 27.821793], [-97.632638, 27.821796], [-97.629422, 27.821982], [-97.626594, 27.821979], [-97.626357, 27.821871], [-97.626253, 27.821897], [-97.626074, 27.821948], [-97.625961, 27.82198], [-97.620978, 27.821977], [-97.620793, 27.821975], [-97.620408, 27.821975], [-97.620232, 27.821975], [-97.620132, 27.821975], [-97.61996, 27.821978], [-97.619463, 27.821977], [-97.619337, 27.822088], [-97.61898, 27.822407], [-97.618954, 27.822431], [-97.618917, 27.822461]]}},
{"type": "Feature", "properties": {"ProjectID": "P2675", "TPMS_ID": 3054352, "OPER_LINK": 0, "OPS_ID": 39785, "P5_NUM": "253113", "OPER_NM": "EPIC CONSOLIDATED OPS, LLC", "SYS_NM": "TIERRA - PETTUS TO ROBSTOWN 12", "SUBSYS_NM": "12\" PTR SOUTH", "T4PERMIT": "08939", "DIAMETER": 12.75, "COMMODITY1": "HVL", "COMMODITY2": null, "COMMODITY3": null, "CMDTY_DESC": "HIGHLY VOLATILE LIQUID (HVL)", "INTERSTATE": "N", "STATUS_CD": "I", "QUALITY_CD": "U", "SYSTYPE": "Q", "COUNTY": "355", "COM_CARRIE": "Y", "PLINE_ID": "PTRS-007", "SYS_ID": "962812", "NPMS_SYS_I": 0, "ALBERS_MIL": 2.6579718326, "LENGTH": 0.0}, "geometry": {"type": "LineString", "coordinates": [[-97.596656, 27.81605], [-97.596654, 27.815733], [-97.597992, 27.81573], [-97.598176, 27.81573], [-97.598185, 27.814191], [-97.601635, 27.814171], [-97.602322, 27.814336], [-97.602441, 27.814364], [-97.602497, 27.814378], [-97.603395, 27.814424], [-97.611042, 27.817791], [-97.611416, 27.817853], [-97.613454, 27.818345], [-97.6137, 27.832385], [-97.613088, 27.834656], [-97.613299, 27.835215], [-97.612603, 27.836457], [-97.611924, 27.838976]]}},
{"type": "Feature", "properties": {"ProjectID": "P2675", "TPMS_ID": 3054347, "OPER_LINK": 0, "OPS_ID": 39785, "P5_NUM": "253113", "OPER_NM": "EPIC CONSOLIDATED OPS, LLC", "SYS_NM": "TIERRA - PETTUS TO ROBSTOWN 12", "SUBSYS_NM": "12\" PTR SOUTH", "T4PERMIT": "08939", "DIAMETER": 12.75, "COMMODITY1": "HVL", "COMMODITY2": null, "COMMODITY3": null, "CMDTY_DESC": "HIGHLY VOLATILE LIQUID (HVL)", "INTERSTATE": "N", "STATUS_CD": "I", "QUALITY_CD": "U", "SYSTYPE": "Q", "COUNTY": "355", "COM_CARRIE": "Y", "PLINE_ID": "PTRS-006", "SYS_ID": "962812", "NPMS_SYS_I": 0, "ALBERS_MIL": 4.0743113364, "LENGTH": 0.0}, "geometry": {"type": "LineString", "coordinates": [[-97.611924, 27.838976], [-97.609662, 27.847368], [-97.609107, 27.848181], [-97.610874, 27.849366], [-97.611129, 27.849446], [-97.611568, 27.849683], [-97.611667, 27.850043], [-97.612417, 27.850538], [-97.61272, 27.850633], [-97.612777, 27.850588], [-97.613301, 27.850935], [-97.613577, 27.851864], [-97.613636, 27.851956], [-97.613658, 27.852028], [-97.61394, 27.852613], [-97.614032, 27.852909], [-97.615101, 27.85459], [-97.615204, 27.856922], [-97.616339, 27.860681], [-97.615753, 27.862455], [-97.616504, 27.862645], [-97.617136, 27.865191], [-97.61603, 27.865746], [-97.615257, 27.866259], [-97.615741, 27.869268], [-97.616437, 27.873649], [-97.616449, 27.873933], [-97.616467, 27.87401], [-97.616539, 27.87574], [-97.617787, 27.876049], [-97.620642, 27.889105], [-97.620365, 27.892277], [-97.620343, 27.892525]]}},
{"type": "Feature", "properties": {"ProjectID": "P2675", "TPMS_ID": 4683057, "OPER_LINK": 0, "OPS_ID": 0, "P5_NUM": "253113", "OPER_NM": "EPIC CONSOLIDATED OPS, LLC", "SYS_NM": "EPIC NGL SYSTEM", "SUBSYS_NM": "202-SALT CREEK TO BENEDUM", "T4PERMIT": "09817", "DIAMETER": 24.0, "COMMODITY1": "HVL", "COMMODITY2": null, "COMMODITY3": null, "CMDTY_DESC": "HIGHLY VOLATILE LIQUID", "INTERSTATE": "N", "STATUS_CD": "I", "QUALITY_CD": "G", "SYSTYPE": "Q", "COUNTY": "389", "COM_CARRIE": "Y", "PLINE_ID": "202", "SYS_ID": "965678", "NPMS_SYS_I": 0, "ALBERS_MIL": 32.5825728018, "LENGTH": 0.0}, "geometry": {"type": "LineString", "coordinates": [[-103.074892, 31.3046], [-103.074845, 31.304599]]}},
{"type": "Feature", "properties": {"ProjectID": "P2675", "TPMS_ID": 4683058, "OPER_LINK": 0, "OPS_ID": 0, "P5_NUM": "253113", "OPER_NM": "EPIC CONSOLIDATED OPS, LLC", "SYS_NM": "EPIC NGL SYSTEM", "SUBSYS_NM": "208-VAQUERO LATERAL", "T4PERMIT": "09817", "DIAMETER": 8.63, "COMMODITY1": "HVL", "COMMODITY2": null, "COMMODITY3": null, "CMDTY_DESC": "HIGHLY VOLATILE LIQUID", "INTERSTATE": "N", "STATUS_CD": "I", "QUALITY_CD": "G", "SYSTYPE": "Q", "COUNTY": "389", "COM_CARRIE": "Y", "PLINE_ID": "208", "SYS_ID": "971013", "NPMS_SYS_I": 0, "ALBERS_MIL": 2.5374559743, "LENGTH": 0.0}, "geometry": {"type": "LineString", "coordinates": [[-103.060097, 31.32006], [-103.060124, 31.319982]]}},
{"type": "Feature", "properties": {"ProjectID": "P2675", "TPMS_ID": 4683059, "OPER_LINK": 0, "OPS_ID": 0, "P5_NUM": "253113", "OPER_NM": "EPIC CONSOLIDATED OPS, LLC", "SYS_NM": "EPIC NGL SYSTEM", "SUBSYS_NM": "202-SALT CREEK TO BENEDUM", "T4PERMIT": "09817", "DIAMETER": 24.0, "COMMODITY1": "HVL", "COMMODITY2": null, "COMMODITY3": null, "CMDTY_DESC": "HIGHLY VOLATILE LIQUID", "INTERSTATE": "N", "STATUS_CD": "I", "QUALITY_CD": "G", "SYSTYPE": "Q", "COUNTY": "389", "COM_CARRIE": "Y", "PLINE_ID": "202", "SYS_ID": "965678", "NPMS_SYS_I": 0, "ALBERS_MIL": 5.6498e-06, "LENGTH": 0.0}, "geometry": {"type": "LineString", "coordinates": [[-103.074845, 31.304599], [-103.074845, 31.304599]]}},
{"type": "Feature", "properties": {"ProjectID": "P2675", "TPMS_ID": 4683079, "OPER_LINK": 0, "OPS_ID": 0, "P5_NUM": "253113", "OPER_NM": "EPIC CONSOLIDATED OPS, LLC", "SYS_NM": "EPIC NGL SYSTEM", "SUBSYS_NM": "208-VAQUERO LATERAL", "T4PERMIT": "09817", "DIAMETER": 8.63, "COMMODITY1": "HVL", "COMMODITY2": null, "COMMODITY3": null, "CMDTY_DESC": "HIGHLY VOLATILE LIQUID", "INTERSTATE": "N", "STATUS_CD": "I", "QUALITY_CD": "G", "SYSTYPE": "Q", "COUNTY": "389", "COM_CARRIE": "Y", "PLINE_ID": "208", "SYS_ID": "971013", "NPMS_SYS_I": 0, "ALBERS_MIL": 1.13487e-05, "LENGTH": 0.0}, "geometry": {"type": "LineString", "coordinates": [[-103.060124, 31.319982], [-103.060124, 31.319982]]}},
{"type": "Feature", "properties": {"ProjectID": "P2675", "TPMS_ID": 4683080, "OPER_LINK": 0, "OPS_ID": 0, "P5_NUM": "253113", "OPER_NM": "EPIC CONSOLIDATED OPS, LLC", "SYS_NM": "EPIC NGL SYSTEM", "SUBSYS_NM": "208-VAQUERO LATERAL", "T4PERMIT": "09817", "DIAMETER": 8.63, "COMMODITY1": "HVL", "COMMODITY2": null, "COMMODITY3": null, "CMDTY_DESC": "HIGHLY VOLATILE LIQUID", "INTERSTATE": "N", "STATUS_CD": "I", "QUALITY_CD": "G", "SYSTYPE": "Q", "COUNTY": "371", "COM_CARRIE": "Y", "PLINE_ID": "208", "SYS_ID": "971013", "NPMS_SYS_I": 0, "ALBERS_MIL": 2.6283592143, "LENGTH": 0.0}, "geometry": {"type": "MultiLineString", "coordinates": [[[-103.060124, 31.319982], [-103.066125, 31.30272]], [[-103.066125, 31.30272], [-103.066152, 31.302642], [-103.062817, 31.30154], [-103.058236, 31.300035], [-103.053069, 31.298349], [-103.052981, 31.298313], [-103.052314, 31.297602], [-103.050413, 31.296992], [-103.050333, 31.296841], [-103.048605, 31.296285], [-103.048147, 31.296281], [-103.046459, 31.295717], [-103.045372, 31.294879], [-103.045002, 31.294818], [-103.045005, 31.294806]]]}},
{"type": "Feature", "properties": {"ProjectID": "P2675", "TPMS_ID": 4683070, "OPER_LINK": 0, "OPS_ID": 0, "P5_NUM": "253113", "OPER_NM": "EPIC CONSOLIDATED OPS, LLC", "SYS_NM": "EPIC NGL SYSTEM", "SUBSYS_NM": "202-SALT CREEK TO BENEDUM", "T4PERMIT": "09817", "DIAMETER": 24.0, "COMMODITY1": "HVL", "COMMODITY2": null, "COMMODITY3": null, "CMDTY_DESC": "HIGHLY VOLATILE LIQUID", "INTERSTATE": "N", "STATUS_CD": "I", "QUALITY_CD": "G", "SYSTYPE": "Q", "COUNTY": "371", "COM_CARRIE": "Y", "PLINE_ID": "202", "SYS_ID": "965678", "NPMS_SYS_I": 0, "ALBERS_MIL": 13.4238861477, "LENGTH": 0.0}, "geometry": {"type": "MultiLineString", "coordinates": [[[-103.074845, 31.304599], [-103.074674, 31.304598], [-103.074419, 31.304594], [-103.074162, 31.304593], [-103.073907, 31.304591], [-103.073653, 31.30459], [-103.073401, 31.304588], [-103.073248, 31.304586], [-103.073129, 31.304584], [-103.073015, 31.304583], [-103.07276, 31.304581], [-103.072579, 31.30458], [-103.072416, 31.304578], [-103.072224, 31.304577], [-103.071968, 31.304573], [-103.071775, 31.304567], [-103.071657, 31.304531], [-103.071417, 31.304453], [-103.071178, 31.304375], [-103.071035, 31.30433], [-103.070975, 31.30431], [-103.070758, 31.304237], [-103.070518, 31.304161], [-103.070279, 31.304082], [-103.070039, 31.304003], [-103.069801, 31.303925], [-103.069566, 31.303847], [-103.069326, 31.30377], [-103.069206, 31.30373], [-103.069023, 31.30367], [-103.068784, 31.303592], [-103.068635, 31.303543], [-103.068458, 31.303485], [-103.068276, 31.303426], [-103.068037, 31.303348], [-103.067798, 31.303269], [-103.06756, 31.30319], [-103.067321, 31.303112], [-103.067159, 31.303057], [-103.066985, 31.303001], [-103.06685, 31.302956], [-103.066749, 31.302923], [-103.066609, 31.302878], [-103.066509, 31.302845], [-103.066347, 31.302792], [-103.066215, 31.302749], [-103.066133, 31.302723], [-103.066125, 31.30272]], [[-103.066125, 31.30272], [-103.065992, 31.302674], [-103.065894, 31.302642], [-103.065656, 31.302565], [-103.065416, 31.302487], [-103.065228, 31.302425], [-103.065059, 31.302369], [-103.06482, 31.302291], [-103.064581, 31.302212], [-103.064342, 31.302135], [-103.064103, 31.302055], [-103.063864, 31.301977], [-103.063624, 31.301899], [-103.063469, 31.301848], [-103.063361, 31.301813], [-103.063242, 31.301774], [-103.063065, 31.301716], [-103.062972, 31.301686], [-103.062873, 31.301653], [-103.062749, 31.301612], [-103.062583, 31.301558], [-103.062344, 31.301479], [-103.062105, 31.3014], [-103.061866, 31.301321], [-103.061626, 31.301244], [-103.061389, 31.301165], [-103.061352, 31.301152], [-103.061149, 31.301087], [-103.061115, 31.301076], [-103.060909, 31.301009], [-103.060875, 31.300997], [-103.060683, 31.300932], [-103.060445, 31.300854], [-103.060326, 31.300815], [-103.060087, 31.300737], [-103.059848, 31.300658], [-103.059608, 31.300581], [-103.059369, 31.300503], [-103.05913, 31.300424], [-103.058891, 31.300345], [-103.058697, 31.300282], [-103.058523, 31.300224], [-103.058283, 31.300146], [-103.058044, 31.300069], [-103.057805, 31.29999], [-103.057566, 31.29991], [-103.057329, 31.299833], [-103.05709, 31.299755], [-103.056852, 31.299675], [-103.056728, 31.299636], [-103.056726, 31.299633], [-103.056613, 31.299597], [-103.056488, 31.299556], [-103.056374, 31.299519], [-103.056135, 31.299441], [-103.055898, 31.299363], [-103.055664, 31.299285], [-103.055425, 31.299205], [-103.055255, 31.29915], [-103.055189, 31.299127], [-103.054951, 31.299048], [-103.054752, 31.298983], [-103.054593, 31.298931], [-103.054436, 31.29888], [-103.054196, 31.298803], [-103.053957, 31.298726], [-103.053805, 31.298676], [-103.053725, 31.298649], [-103.053485, 31.298572], [-103.053247, 31.298493], [-103.053095, 31.298444], [-103.053066, 31.298436], [-103.052932, 31.29839], [-103.052925, 31.298388], [-103.052919, 31.298382], [-103.052762, 31.298213], [-103.052735, 31.298185], [-103.052577, 31.298016], [-103.052417, 31.297845], [-103.052265, 31.297682], [-103.052258, 31.297676], [-103.05225, 31.297673], [-103.052011, 31.297596], [-103.051771, 31.297519], [-103.051532, 31.297442], [-103.051292, 31.297364], [-103.051053, 31.297287], [-103.050822, 31.297212], [-103.050609, 31.297141], [-103.050371, 31.297065], [-103.050184, 31.297006], [-103.049945, 31.296928], [-103.049938, 31.296927], [-103.049923, 31.296921], [-103.049911, 31.296915], [-103.049843, 31.296895], [-103.049742, 31.296862], [-103.049622, 31.296822], [-103.049479, 31.296775], [-103.049336, 31.296728], [-103.049193, 31.296681], [-103.049087, 31.296647], [-103.049072, 31.296641], [-103.049063, 31.296639], [-103.049055, 31.296635], [-103.048816, 31.296557], [-103.048696, 31.29652], [-103.048568, 31.29648], [-103.048476, 31.296476], [-103.048219, 31.296473], [-103.048114, 31.29647], [-103.047972, 31.296428], [-103.047797, 31.29637], [-103.047708, 31.296339], [-103.04758, 31.296296], [-103.047505, 31.296271], [-103.047426, 31.296245], [-103.047341, 31.296217], [-103.0472, 31.296169], [-103.047127, 31.296144], [-103.046891, 31.296066], [-103.046656, 31.295986], [-103.046421, 31.295908], [-103.046183, 31.295826], [-103.046177, 31.295824], [-103.046171, 31.29582], [-103.046058, 31.295734], [-103.046037, 31.295719], [-103.046019, 31.295705], [-103.045943, 31.295647], [-103.045828, 31.29556], [-103.045746, 31.295498], [-103.045627, 31.295408], [-103.045514, 31.295323], [-103.045394, 31.295231], [-103.045279, 31.295145], [-103.045182, 31.295074], [-103.045165, 31.295061], [-103.045159, 31.295056], [-103.045141, 31.29504], [-103.045043, 31.294966], [-103.045036, 31.294962], [-103.045026, 31.29496], [-103.044776, 31.294914], [-103.044741, 31.294907], [-103.044709, 31.294902], [-103.044705, 31.294902], [-103.044702, 31.294901], [-103.044678, 31.294896], [-103.044673, 31.294895], [-103.044668, 31.294894], [-103.044665, 31.294894]], [[-103.044665, 31.294894], [-103.044662, 31.294893], [-103.044655, 31.294891], [-103.044651, 31.294891], [-103.044648, 31.29489], [-103.04463, 31.294887], [-103.044627, 31.294887], [-103.044623, 31.294886], [-103.044619, 31.294885], [-103.044616, 31.294885], [-103.044597, 31.294881], [-103.044593, 31.294881], [-103.044591, 31.29488], [-103.044584, 31.294879], [-103.044582, 31.294879]], [[-103.044665, 31.294894], [-103.044666, 31.294891], [-103.044669, 31.294874], [-103.044669, 31.294873], [-103.044671, 31.294868], [-103.044672, 31.294864]], [[-103.044569, 31.294876], [-103.044568, 31.294879], [-103.044568, 31.29488]], [[-103.044582, 31.294879], [-103.044579, 31.294878], [-103.044572, 31.294877], [-103.044569, 31.294876]], [[-103.044582, 31.294879], [-103.044582, 31.294876], [-103.044587, 31.294859], [-103.044587, 31.294858], [-103.044588, 31.294853], [-103.044589, 31.294849]], [[-103.044569, 31.294876], [-103.044566, 31.294875], [-103.044561, 31.294875], [-103.044556, 31.294874], [-103.044533, 31.29487], [-103.044529, 31.294869], [-103.044526, 31.294869], [-103.044525, 31.29487], [-103.044494, 31.294863], [-103.044303, 31.294831], [-103.044052, 31.294787], [-103.043801, 31.294743], [-103.043551, 31.294698], [-103.043303, 31.294655], [-103.043054, 31.294614], [-103.042852, 31.294579], [-103.042605, 31.294537], [-103.042412, 31.294503], [-103.042319, 31.294487], [-103.042158, 31.294458], [-103.042082, 31.294439], [-103.041839, 31.294371], [-103.041595, 31.294304], [-103.041351, 31.294237], [-103.041107, 31.294171], [-103.040897, 31.294114], [-103.040869, 31.294107], [-103.040862, 31.294105], [-103.040669, 31.294052], [-103.040648, 31.294046], [-103.040634, 31.294041], [-103.040421, 31.293983], [-103.040412, 31.293981], [-103.040403, 31.293983], [-103.04031, 31.294], [-103.040307, 31.294], [-103.040295, 31.294001], [-103.040283, 31.294004], [-103.040092, 31.29404], [-103.040066, 31.294044], [-103.040044, 31.294048], [-103.039874, 31.294079], [-103.039653, 31.294123], [-103.039644, 31.294124], [-103.039636, 31.294122], [-103.039419, 31.294068], [-103.039222, 31.294019], [-103.038977, 31.293956], [-103.038731, 31.293895], [-103.038488, 31.293834], [-103.038245, 31.293773], [-103.037999, 31.293713], [-103.037754, 31.29365], [-103.037507, 31.293589], [-103.037281, 31.293532], [-103.037055, 31.293476], [-103.036809, 31.293415], [-103.036564, 31.293354], [-103.036318, 31.293293], [-103.036075, 31.293233], [-103.035831, 31.293172], [-103.035585, 31.29311], [-103.035385, 31.29306], [-103.035181, 31.29301], [-103.034937, 31.29295], [-103.034691, 31.29289], [-103.034446, 31.292829], [-103.0342, 31.292768], [-103.033953, 31.292707], [-103.033708, 31.292645], [-103.03347, 31.292586], [-103.033315, 31.292548], [-103.033068, 31.292489], [-103.032843, 31.292434], [-103.032599, 31.292373], [-103.032451, 31.292337], [-103.032303, 31.292302], [-103.032155, 31.292267], [-103.032059, 31.292242], [-103.032011, 31.292234], [-103.031992, 31.292227], [-103.031765, 31.292173], [-103.031737, 31.292166], [-103.031532, 31.292116], [-103.031287, 31.292056], [-103.031041, 31.291995], [-103.03089, 31.291958], [-103.030645, 31.291898], [-103.030539, 31.291872], [-103.030404, 31.291839], [-103.030163, 31.291779], [-103.029917, 31.291719], [-103.029672, 31.291659], [-103.029429, 31.291599], [-103.029184, 31.291539], [-103.02903, 31.291501], [-103.028876, 31.291463], [-103.028629, 31.291402], [-103.028425, 31.291352], [-103.028198, 31.291296], [-103.028053, 31.291261], [-103.027808, 31.291201], [-103.027563, 31.291142], [-103.02732, 31.291081], [-103.027075, 31.29102], [-103.026832, 31.290961], [-103.026586, 31.2909], [-103.026455, 31.290868], [-103.026316, 31.290833], [-103.026208, 31.290812], [-103.025958, 31.290764], [-103.025709, 31.290716], [-103.025478, 31.290673], [-103.02546, 31.290669], [-103.025297, 31.290638], [-103.025052, 31.290593], [-103.025018, 31.290587], [-103.024994, 31.290584], [-103.024903, 31.290566], [-103.024755, 31.290539], [-103.024605, 31.290512], [-103.024455, 31.290485], [-103.024306, 31.290457], [-103.024213, 31.290438], [-103.024184, 31.290436], [-103.024156, 31.29043], [-103.023908, 31.290384], [-103.023656, 31.290333], [-103.023633, 31.290327], [-103.023453, 31.290293], [-103.023233, 31.290252], [-103.022983, 31.290207], [-103.022732, 31.290161], [-103.022482, 31.290114], [-103.022233, 31.290067], [-103.021983, 31.290019], [-103.021827, 31.289989], [-103.021658, 31.289958], [-103.021637, 31.289954], [-103.021488, 31.289926], [-103.02131, 31.289894], [-103.021065, 31.289847], [-103.020813, 31.289801], [-103.020793, 31.289797], [-103.020565, 31.289753], [-103.020314, 31.289706], [-103.020068, 31.289659], [-103.019818, 31.289613], [-103.019571, 31.289566], [-103.019323, 31.289519], [-103.019073, 31.289473], [-103.018886, 31.289438], [-103.018637, 31.28939], [-103.018387, 31.289343], [-103.01814, 31.289297], [-103.01789, 31.28925], [-103.017639, 31.289203], [-103.01739, 31.289156], [-103.01714, 31.289108], [-103.016889, 31.289061], [-103.01666, 31.289018], [-103.016459, 31.288979], [-103.016273, 31.288944], [-103.016087, 31.288909], [-103.015853, 31.288867], [-103.01584, 31.288863], [-103.01559, 31.288816], [-103.015341, 31.28877], [-103.015095, 31.288724], [-103.015069, 31.28872], [-103.014847, 31.288677], [-103.014605, 31.288632], [-103.014355, 31.288585], [-103.014108, 31.288538], [-103.013994, 31.288517], [-103.01388, 31.288495], [-103.013631, 31.288448], [-103.01338, 31.288401], [-103.013129, 31.288353], [-103.012879, 31.288307], [-103.01263, 31.28826], [-103.012383, 31.288214], [-103.012136, 31.288167], [-103.011886, 31.28812], [-103.011636, 31.288073], [-103.011385, 31.288026], [-103.011135, 31.287979], [-103.010885, 31.287932], [-103.010635, 31.287886], [-103.010388, 31.287839], [-103.010137, 31.287792], [-103.009892, 31.287747], [-103.009643, 31.287699], [-103.009397, 31.287653], [-103.009148, 31.287606], [-103.008899, 31.287559], [-103.008648, 31.287511], [-103.008398, 31.287464], [-103.008148, 31.287416], [-103.008023, 31.287393], [-103.00796, 31.287385], [-103.007922, 31.287377], [-103.007812, 31.287356], [-103.007725, 31.287339], [-103.00766, 31.287326], [-103.007476, 31.287289], [-103.00744, 31.287281], [-103.007227, 31.287245], [-103.00701, 31.287204], [-103.006762, 31.287156], [-103.006512, 31.287109], [-103.006262, 31.287063], [-103.006011, 31.287016], [-103.005762, 31.286968], [-103.005512, 31.286921], [-103.005315, 31.286885], [-103.005204, 31.286864], [-103.005086, 31.286842], [-103.004836, 31.286795], [-103.00459, 31.286748], [-103.00434, 31.286701], [-103.004094, 31.286655], [-103.003847, 31.286608], [-103.003597, 31.286561], [-103.003351, 31.286515], [-103.003102, 31.286467], [-103.002851, 31.286421], [-103.002601, 31.286374], [-103.002352, 31.286327], [-103.002105, 31.286281], [-103.001855, 31.286233], [-103.001612, 31.286188], [-103.001362, 31.286141], [-103.001177, 31.286107], [-103.000926, 31.286059], [-103.000716, 31.28602], [-103.000512, 31.285981], [-103.000262, 31.285934], [-103.000013, 31.285887], [-102.999762, 31.28584], [-102.99952, 31.285795], [-102.99927, 31.285747], [-102.99902, 31.2857], [-102.998788, 31.285657], [-102.99857, 31.285616], [-102.998342, 31.285572], [-102.998093, 31.285524], [-102.997953, 31.285495], [-102.997867, 31.28548], [-102.997844, 31.285478], [-102.997594, 31.285431], [-102.997453, 31.285405], [-102.997446, 31.285404], [-102.997441, 31.285403], [-102.997424, 31.285399], [-102.997303, 31.285376], [-102.997205, 31.285359], [-102.997188, 31.285355], [-102.997138, 31.285344], [-102.996952, 31.285309], [-102.99679, 31.285279], [-102.996766, 31.285273], [-102.996543, 31.285233], [-102.996293, 31.285186], [-102.996073, 31.285147], [-102.995847, 31.285104], [-102.995795, 31.285094], [-102.995549, 31.285046], [-102.995338, 31.285006], [-102.995319, 31.285003], [-102.995092, 31.284959], [-102.994843, 31.284912], [-102.994592, 31.284866], [-102.994341, 31.284818], [-102.994194, 31.284791], [-102.994036, 31.284761], [-102.993785, 31.284714], [-102.993536, 31.284668], [-102.993399, 31.284641], [-102.993237, 31.284612], [-102.992987, 31.284565], [-102.992737, 31.284519], [-102.992488, 31.284471], [-102.992241, 31.284425], [-102.991992, 31.284378], [-102.991834, 31.284349], [-102.991679, 31.284319], [-102.991431, 31.284273], [-102.991182, 31.284227], [-102.990933, 31.28418], [-102.990682, 31.284132], [-102.990454, 31.284089], [-102.990437, 31.284087], [-102.990186, 31.284041], [-102.990134, 31.284031], [-102.990128, 31.28403], [-102.990121, 31.284027], [-102.9901, 31.284015], [-102.989951, 31.283934], [-102.989752, 31.283825], [-102.989745, 31.283822], [-102.989738, 31.28382], [-102.989489, 31.283777], [-102.989407, 31.283763], [-102.989161, 31.283717], [-102.989028, 31.283695], [-102.98891, 31.283671], [-102.988789, 31.28365], [-102.988703, 31.283631], [-102.988697, 31.283629], [-102.988689, 31.28363], [-102.988435, 31.283658], [-102.988273, 31.283675], [-102.988267, 31.283675], [-102.988259, 31.283674], [-102.988028, 31.283632], [-102.987983, 31.283623], [-102.987778, 31.283585], [-102.987582, 31.283546], [-102.987395, 31.283512], [-102.987147, 31.283467], [-102.986897, 31.283421], [-102.986647, 31.283374], [-102.986401, 31.283328], [-102.986151, 31.283281], [-102.985905, 31.283234], [-102.985656, 31.283186], [-102.985406, 31.283141], [-102.985192, 31.2831], [-102.984941, 31.283053], [-102.984694, 31.283006], [-102.984444, 31.282959], [-102.984193, 31.282912], [-102.983944, 31.282865], [-102.983695, 31.282818], [-102.983561, 31.282793], [-102.983311, 31.282746], [-102.983062, 31.282698], [-102.982812, 31.282652], [-102.982562, 31.282605], [-102.982312, 31.282557], [-102.982062, 31.282509], [-102.981813, 31.282463], [-102.981667, 31.282435], [-102.981485, 31.282401], [-102.981345, 31.282374], [-102.981181, 31.282344], [-102.981006, 31.282311], [-102.980757, 31.282263], [-102.980507, 31.282216], [-102.980257, 31.282169], [-102.980007, 31.282122], [-102.979757, 31.282076], [-102.979534, 31.282034], [-102.979371, 31.282003], [-102.979211, 31.281973], [-102.97902, 31.281938], [-102.97877, 31.28189], [-102.97852, 31.281843], [-102.97827, 31.281796], [-102.97802, 31.281748], [-102.97777, 31.281701], [-102.977611, 31.281671], [-102.977361, 31.281624], [-102.977206, 31.281595], [-102.977053, 31.281566], [-102.976803, 31.281519], [-102.976553, 31.281471], [-102.976303, 31.281425], [-102.976053, 31.281378], [-102.975803, 31.28133], [-102.975557, 31.281284], [-102.975309, 31.281237], [-102.975131, 31.281204], [-102.974882, 31.281157], [-102.974632, 31.28111], [-102.974383, 31.281063], [-102.974132, 31.281015], [-102.973882, 31.280969], [-102.973632, 31.280922], [-102.973382, 31.280875], [-102.973193, 31.28084], [-102.973003, 31.280804], [-102.972754, 31.280756], [-102.972503, 31.280709], [-102.972254, 31.280662], [-102.972004, 31.280614], [-102.971754, 31.280567], [-102.971532, 31.280526], [-102.971507, 31.280519], [-102.971271, 31.280476], [-102.971233, 31.280469], [-102.971216, 31.280467], [-102.971104, 31.280447], [-102.971013, 31.28043], [-102.971002, 31.280428], [-102.970975, 31.280422], [-102.970794, 31.280389], [-102.970783, 31.280389], [-102.970773, 31.280393], [-102.970557, 31.280514], [-102.97045, 31.280572], [-102.970234, 31.280689], [-102.970057, 31.280786], [-102.970041, 31.280799], [-102.969844, 31.280906], [-102.96963, 31.281022], [-102.969414, 31.281139], [-102.969199, 31.281257], [-102.969112, 31.281304], [-102.968974, 31.281361], [-102.968861, 31.281407], [-102.968631, 31.281503], [-102.9684, 31.281598], [-102.968172, 31.281693], [-102.967945, 31.281786], [-102.967713, 31.28188], [-102.967486, 31.281975], [-102.967256, 31.282069], [-102.967097, 31.282135], [-102.966868, 31.282228], [-102.966689, 31.282301], [-102.966531, 31.282366], [-102.966301, 31.282461], [-102.966071, 31.282556], [-102.965841, 31.282652], [-102.965613, 31.282746], [-102.965383, 31.28284], [-102.965151, 31.282933], [-102.964935, 31.283022], [-102.964771, 31.28309], [-102.964578, 31.28317], [-102.964541, 31.283185], [-102.96431, 31.28328], [-102.964079, 31.283375], [-102.963862, 31.283465], [-102.963837, 31.283476], [-102.963631, 31.28356], [-102.963401, 31.283655], [-102.96317, 31.283751], [-102.96294, 31.283845], [-102.962717, 31.283937], [-102.962502, 31.284026], [-102.962271, 31.284121], [-102.96204, 31.284215], [-102.96181, 31.28431], [-102.961579, 31.284405], [-102.961351, 31.284499], [-102.961121, 31.284594], [-102.960986, 31.284649], [-102.960841, 31.28471], [-102.96061, 31.284805], [-102.960462, 31.284864], [-102.960334, 31.284915], [-102.960198, 31.284965], [-102.96009, 31.284976], [-102.959837, 31.284997], [-102.959582, 31.285019], [-102.959327, 31.28504], [-102.959072, 31.285062], [-102.958821, 31.285083], [-102.958566, 31.285104], [-102.95835, 31.285123], [-102.958116, 31.285143], [-102.957861, 31.285164], [-102.957606, 31.285185], [-102.957351, 31.285207], [-102.957097, 31.285229], [-102.956843, 31.285249], [-102.956588, 31.28527], [-102.95635, 31.28529], [-102.956131, 31.285309], [-102.955878, 31.28533], [-102.955624, 31.285351], [-102.955368, 31.285373], [-102.955117, 31.285395], [-102.954866, 31.285416], [-102.95461, 31.285438], [-102.954356, 31.285459], [-102.954101, 31.28548], [-102.95385, 31.285501], [-102.953595, 31.285522], [-102.95334, 31.285543], [-102.953086, 31.285565], [-102.95283, 31.285585], [-102.952576, 31.285606], [-102.952341, 31.285625], [-102.952094, 31.285647], [-102.952089, 31.285648], [-102.951835, 31.285667], [-102.951613, 31.285686], [-102.951569, 31.285692], [-102.951357, 31.28571], [-102.951196, 31.285723], [-102.950941, 31.285744], [-102.950688, 31.285766], [-102.950433, 31.285788], [-102.950178, 31.285809], [-102.949923, 31.285829], [-102.949669, 31.285851], [-102.949488, 31.285866], [-102.949233, 31.285887], [-102.948978, 31.285908], [-102.948723, 31.285929], [-102.948468, 31.285951], [-102.948216, 31.285972], [-102.947962, 31.285994], [-102.947706, 31.286016], [-102.947527, 31.28603], [-102.947272, 31.286051], [-102.947054, 31.28607], [-102.946879, 31.286084], [-102.946625, 31.286106], [-102.94637, 31.286128], [-102.946115, 31.28615], [-102.94586, 31.286171], [-102.945606, 31.286192], [-102.945351, 31.286213], [-102.945097, 31.286235], [-102.944846, 31.286255], [-102.944591, 31.286277], [-102.944338, 31.286297], [-102.944084, 31.286319], [-102.943829, 31.286339], [-102.943574, 31.28636], [-102.94332, 31.286382], [-102.943065, 31.286403], [-102.94281, 31.286424], [-102.942556, 31.286446], [-102.942311, 31.286466], [-102.942055, 31.286488], [-102.941801, 31.28651], [-102.941546, 31.286531], [-102.941292, 31.286552], [-102.941038, 31.286574], [-102.940783, 31.286596], [-102.940528, 31.286616], [-102.940274, 31.286637], [-102.940019, 31.286658], [-102.939765, 31.28668], [-102.93955, 31.286698], [-102.939514, 31.286702], [-102.939259, 31.286724], [-102.939008, 31.286744], [-102.938769, 31.286762], [-102.938713, 31.286769], [-102.938514, 31.286785], [-102.938337, 31.2868], [-102.938146, 31.286816], [-102.937983, 31.286829], [-102.937835, 31.286841], [-102.937626, 31.286858], [-102.93745, 31.286873], [-102.937195, 31.286894], [-102.936941, 31.286915], [-102.936685, 31.286935], [-102.936431, 31.286958], [-102.936177, 31.286979], [-102.935925, 31.287], [-102.935794, 31.287012], [-102.935669, 31.287022], [-102.935555, 31.287031], [-102.935301, 31.287052], [-102.935047, 31.287074], [-102.934792, 31.287096], [-102.934538, 31.287117], [-102.934286, 31.287138], [-102.934038, 31.287158], [-102.933784, 31.28718], [-102.933529, 31.287202], [-102.933293, 31.287222], [-102.933038, 31.287244], [-102.932784, 31.287265], [-102.93253, 31.287286], [-102.932275, 31.287308], [-102.932019, 31.287329], [-102.931766, 31.287351], [-102.931513, 31.287373], [-102.931262, 31.287394], [-102.931027, 31.287414], [-102.930772, 31.287434], [-102.930553, 31.287452], [-102.930299, 31.287474], [-102.930042, 31.287495], [-102.929789, 31.287516], [-102.929532, 31.287537], [-102.929284, 31.287557], [-102.929122, 31.287571], [-102.928887, 31.287591], [-102.928737, 31.287604], [-102.928546, 31.28762], [-102.92832, 31.287638], [-102.928247, 31.287644], [-102.928067, 31.287647], [-102.927811, 31.287652], [-102.927555, 31.287657], [-102.927299, 31.287665], [-102.927044, 31.287671], [-102.926845, 31.287676], [-102.926594, 31.287681], [-102.926342, 31.287687], [-102.926101, 31.287692], [-102.926096, 31.287693], [-102.926069, 31.287693], [-102.926056, 31.287694], [-102.925829, 31.287699], [-102.925573, 31.287705], [-102.925318, 31.28771], [-102.925062, 31.287716], [-102.924807, 31.287721], [-102.92455, 31.287726], [-102.924316, 31.287732], [-102.92406, 31.287739], [-102.923814, 31.287744], [-102.923558, 31.287749], [-102.923302, 31.287755], [-102.923047, 31.287762], [-102.922791, 31.287768], [-102.922536, 31.287773], [-102.92228, 31.287779], [-102.922025, 31.287784], [-102.921769, 31.287791], [-102.921513, 31.287796], [-102.921258, 31.287802], [-102.921002, 31.287808], [-102.920749, 31.287813], [-102.920495, 31.28782], [-102.920239, 31.287825], [-102.920041, 31.28783], [-102.919785, 31.287835], [-102.919648, 31.287838], [-102.919545, 31.287839], [-102.919289, 31.287845], [-102.919033, 31.287851], [-102.918776, 31.287857], [-102.918521, 31.287863], [-102.918269, 31.287868], [-102.918013, 31.287874], [-102.917818, 31.287878], [-102.917663, 31.287883], [-102.917548, 31.287885], [-102.917293, 31.287891], [-102.917037, 31.287896], [-102.916781, 31.287902], [-102.916527, 31.287908], [-102.916271, 31.287914], [-102.916015, 31.28792], [-102.915881, 31.287923], [-102.915726, 31.287926], [-102.915562, 31.287929], [-102.915411, 31.287932], [-102.915223, 31.287936], [-102.915062, 31.287939], [-102.914806, 31.287945], [-102.914592, 31.28795], [-102.91455, 31.287951], [-102.914295, 31.287957], [-102.914063, 31.287963], [-102.91404, 31.287963], [-102.913807, 31.287969], [-102.913643, 31.287973], [-102.913425, 31.287978], [-102.913258, 31.287981], [-102.913058, 31.287986], [-102.912857, 31.28799], [-102.9126, 31.287996], [-102.912345, 31.288002], [-102.912089, 31.288008], [-102.911835, 31.288012], [-102.911579, 31.288018], [-102.911454, 31.288021], [-102.911306, 31.288025], [-102.911096, 31.288028], [-102.910934, 31.288032], [-102.910805, 31.288034], [-102.910653, 31.288039], [-102.910471, 31.288042], [-102.91022, 31.288049], [-102.909976, 31.288055], [-102.90972, 31.28806], [-102.909464, 31.288066], [-102.909216, 31.288072], [-102.908959, 31.288077], [-102.908708, 31.288083], [-102.908452, 31.28809], [-102.908199, 31.288096], [-102.907946, 31.288102], [-102.907693, 31.288107], [-102.907437, 31.288113], [-102.907181, 31.288117], [-102.906929, 31.288121], [-102.906674, 31.288128], [-102.906417, 31.288135], [-102.906162, 31.288141], [-102.90591, 31.288147], [-102.905654, 31.288152], [-102.905402, 31.288157], [-102.905148, 31.288162], [-102.904892, 31.288168], [-102.904636, 31.288174], [-102.904384, 31.288179], [-102.904127, 31.288184], [-102.903872, 31.288191], [-102.90362, 31.288197], [-102.903364, 31.288202], [-102.903108, 31.288207], [-102.902852, 31.288213], [-102.902596, 31.288219], [-102.90234, 31.288224], [-102.902286, 31.288225], [-102.902085, 31.288229], [-102.901829, 31.288235], [-102.901573, 31.288239], [-102.901317, 31.288245], [-102.901061, 31.28825], [-102.900807, 31.288256], [-102.900551, 31.288264], [-102.900295, 31.288271], [-102.90004, 31.288276], [-102.899784, 31.288281], [-102.899528, 31.288287], [-102.899272, 31.288293], [-102.899016, 31.288299], [-102.898761, 31.288305], [-102.898505, 31.288311], [-102.898249, 31.288317], [-102.898078, 31.288321], [-102.897891, 31.288326], [-102.897718, 31.28833], [-102.897549, 31.288333], [-102.897376, 31.288337], [-102.897185, 31.288341], [-102.896929, 31.288345], [-102.896673, 31.288351], [-102.896418, 31.288357], [-102.896162, 31.288363], [-102.895906, 31.288369], [-102.89576, 31.288372], [-102.895615, 31.288375], [-102.895469, 31.288377], [-102.895261, 31.288382], [-102.895053, 31.288387], [-102.894857, 31.288392], [-102.89463, 31.288397], [-102.894384, 31.288402], [-102.894128, 31.288408], [-102.89387, 31.288413], [-102.893617, 31.288419], [-102.893364, 31.288424], [-102.893168, 31.28843], [-102.892946, 31.288435], [-102.892784, 31.288438], [-102.892638, 31.288441], [-102.892465, 31.288445], [-102.892288, 31.288448], [-102.892033, 31.288454], [-102.891781, 31.288459], [-102.891528, 31.288466], [-102.891273, 31.288472], [-102.891017, 31.288477], [-102.890783, 31.288483], [-102.89066, 31.288486], [-102.890439, 31.288491], [-102.890241, 31.288496], [-102.890015, 31.288501], [-102.889759, 31.288507], [-102.889504, 31.288514], [-102.889248, 31.288519], [-102.88899, 31.288524], [-102.888737, 31.28853], [-102.888568, 31.288534], [-102.888394, 31.288539], [-102.888188, 31.288544], [-102.887974, 31.288547], [-102.887716, 31.288551], [-102.887474, 31.288554], [-102.887311, 31.288554], [-102.887225, 31.288541], [-102.887053, 31.288513], [-102.887035, 31.28851], [-102.887012, 31.288506], [-102.886931, 31.288491], [-102.886781, 31.288465], [-102.886634, 31.28844], [-102.886484, 31.288415], [-102.886386, 31.288401], [-102.886369, 31.288399], [-102.886337, 31.288393], [-102.886272, 31.288387], [-102.886104, 31.288386], [-102.885863, 31.288385], [-102.885614, 31.288384], [-102.885393, 31.288383], [-102.885121, 31.288383], [-102.884858, 31.288382], [-102.884621, 31.288381], [-102.884374, 31.28838], [-102.884116, 31.28838], [-102.883951, 31.288379], [-102.883746, 31.288379], [-102.883578, 31.288378], [-102.883436, 31.288378], [-102.883235, 31.288377], [-102.883034, 31.288376], [-102.882763, 31.288376], [-102.882503, 31.288375], [-102.882252, 31.288374], [-102.882011, 31.288373], [-102.881821, 31.288373], [-102.881626, 31.288371], [-102.881371, 31.288371], [-102.881351, 31.288372], [-102.881324, 31.288371], [-102.881254, 31.28837], [-102.8811, 31.288369], [-102.88095, 31.288368], [-102.880797, 31.288366], [-102.880734, 31.288366], [-102.880704, 31.288366], [-102.880652, 31.288367], [-102.880397, 31.288366], [-102.880181, 31.288365], [-102.880005, 31.288366], [-102.879791, 31.288367], [-102.879535, 31.288366], [-102.879279, 31.288364], [-102.879023, 31.288363], [-102.878768, 31.288362], [-102.878528, 31.288362], [-102.878301, 31.288361], [-102.878044, 31.288361], [-102.87779, 31.288359], [-102.87765, 31.288359], [-102.877477, 31.288358], [-102.87731, 31.288358], [-102.87713, 31.288357], [-102.876857, 31.288356], [-102.876598, 31.288355], [-102.876359, 31.288355], [-102.876094, 31.288354], [-102.875843, 31.288353], [-102.875694, 31.288352], [-102.875433, 31.288352], [-102.87518, 31.288351], [-102.874934, 31.28835], [-102.874675, 31.288349], [-102.874419, 31.288348], [-102.874163, 31.288347], [-102.873907, 31.288346], [-102.873655, 31.288346], [-102.87341, 31.288345], [-102.873146, 31.288344], [-102.87289, 31.288343], [-102.872637, 31.288342], [-102.872377, 31.288341], [-102.872125, 31.28834], [-102.87187, 31.288339], [-102.871605, 31.288339], [-102.871347, 31.288338], [-102.871097, 31.288337], [-102.87084, 31.288336], [-102.870584, 31.288335], [-102.870327, 31.288334], [-102.870078, 31.288333], [-102.869824, 31.288333], [-102.869564, 31.288332], [-102.869308, 31.288331], [-102.869052, 31.288329], [-102.868906, 31.288327], [-102.868893, 31.288328], [-102.868873, 31.288327], [-102.868778, 31.288328], [-102.868685, 31.288328], [-102.868616, 31.288327], [-102.868602, 31.288328], [-102.868581, 31.288328], [-102.868346, 31.288328], [-102.868342, 31.288329], [-102.868325, 31.288329], [-102.868073, 31.288329], [-102.867964, 31.288328], [-102.867923, 31.288328], [-102.867729, 31.288327], [-102.867469, 31.288326], [-102.867213, 31.288325], [-102.867092, 31.288321], [-102.86698, 31.288314], [-102.866856, 31.288306], [-102.866706, 31.288297], [-102.866593, 31.28829], [-102.866417, 31.288279], [-102.866161, 31.288263], [-102.866147, 31.288264], [-102.866137, 31.288273], [-102.866078, 31.288349], [-102.866069, 31.288361], [-102.866057, 31.288373], [-102.865991, 31.288457], [-102.865905, 31.288566], [-102.865818, 31.288674], [-102.865755, 31.288753], [-102.865739, 31.288773], [-102.865731, 31.288783], [-102.865723, 31.288791], [-102.865712, 31.288794], [-102.86546, 31.288834], [-102.865407, 31.288843], [-102.865184, 31.288879], [-102.865069, 31.288899], [-102.865036, 31.288905], [-102.865032, 31.288906], [-102.865029, 31.288906], [-102.865006, 31.28891], [-102.865001, 31.288911], [-102.864996, 31.288912], [-102.864992, 31.288913], [-102.864989, 31.288913], [-102.86497, 31.288917], [-102.864969, 31.288917], [-102.864963, 31.288918], [-102.864959, 31.288919], [-102.864956, 31.288919], [-102.864938, 31.288922], [-102.864935, 31.288923], [-102.864932, 31.288924], [-102.864926, 31.288924], [-102.864921, 31.288925], [-102.864898, 31.288929], [-102.864894, 31.28893], [-102.86489, 31.288931], [-102.864857, 31.288936], [-102.864657, 31.288977], [-102.864538, 31.288999], [-102.864418, 31.289021], [-102.864164, 31.289072], [-102.863922, 31.289124], [-102.86368, 31.289176], [-102.86345, 31.289226], [-102.863204, 31.289282], [-102.862956, 31.289337], [-102.862727, 31.289389], [-102.86249, 31.289442], [-102.862316, 31.289482], [-102.862127, 31.289524], [-102.861988, 31.289555], [-102.861884, 31.289579], [-102.861732, 31.2896], [-102.861476, 31.289636], [-102.861248, 31.289669], [-102.860996, 31.289704], [-102.860854, 31.289725], [-102.860845, 31.289727], [-102.860838, 31.289733], [-102.860836, 31.289735], [-102.860824, 31.289751], [-102.860766, 31.289822], [-102.860678, 31.28993], [-102.86059, 31.290038], [-102.860527, 31.290117], [-102.86051, 31.290136], [-102.860498, 31.290152], [-102.860349, 31.29033], [-102.860203, 31.29051], [-102.860155, 31.29057], [-102.860094, 31.290641], [-102.859971, 31.290717], [-102.859758, 31.290842], [-102.859638, 31.290914], [-102.85954, 31.290972], [-102.859506, 31.290992], [-102.859423, 31.291041], [-102.859338, 31.29109], [-102.859213, 31.291164], [-102.859126, 31.291216], [-102.859071, 31.291249], [-102.858918, 31.291339], [-102.858709, 31.291461], [-102.8585, 31.291582], [-102.858291, 31.291704], [-102.858163, 31.291777], [-102.857956, 31.291897], [-102.857744, 31.29202], [-102.857652, 31.292074], [-102.857536, 31.292141], [-102.85746, 31.292185], [-102.857433, 31.292201], [-102.85743, 31.292202], [-102.857422, 31.292206], [-102.857303, 31.292275], [-102.857176, 31.292348], [-102.857055, 31.292418], [-102.85693, 31.29249], [-102.856802, 31.292563], [-102.856675, 31.292636], [-102.856554, 31.292706], [-102.856426, 31.292779], [-102.856299, 31.292853], [-102.856171, 31.292926], [-102.856142, 31.29294], [-102.856044, 31.292999], [-102.855931, 31.293064]]]}},
{"type": "Feature", "properties": {"ProjectID": "P2675", "TPMS_ID": 4683069, "OPER_LINK": 0, "OPS_ID": 0, "P5_NUM": "253113", "OPER_NM": "EPIC CONSOLIDATED OPS, LLC", "SYS_NM": "EPIC NGL SYSTEM", "SUBSYS_NM": "203-BENEDUM TO ROBSTOWN SP2", "T4PERMIT": "09817", "DIAMETER": 24.0, "COMMODITY1": "HVL", "COMMODITY2": null, "COMMODITY3": null, "CMDTY_DESC": "HIGHLY VOLATILE LIQUID", "INTERSTATE": "N", "STATUS_CD": "I", "QUALITY_CD": "G", "SYSTYPE": "Q", "COUNTY": "383", "COM_CARRIE": "Y", "PLINE_ID": "203", "SYS_ID": "965292", "NPMS_SYS_I": 0, "ALBERS_MIL": 28.3695522497, "LENGTH": 0.0}, "geometry": {"type": "MultiLineString", "coordinates": [[[-101.481112, 31.09339], [-101.481215, 31.093499], [-101.481238, 31.093523], [-101.481431, 31.093719], [-101.481738, 31.094003], [-101.481747, 31.094011], [-101.481757, 31.094015], [-101.48228, 31.094246], [-101.482699, 31.094438], [-101.482712, 31.094445], [-101.482721, 31.094455], [-101.482909, 31.094714], [-101.48297, 31.094797], [-101.483311, 31.095267], [-101.483383, 31.095364], [-101.483464, 31.095443], [-101.484345, 31.096265], [-101.484356, 31.096274], [-101.48437, 31.096278], [-101.484861, 31.096412], [-101.484973, 31.096442], [-101.48509, 31.096467], [-101.486348, 31.096744], [-101.486453, 31.096767], [-101.486594, 31.096805], [-101.493329, 31.098606], [-101.496558, 31.099466], [-101.499798, 31.10033], [-101.499861, 31.100346], [-101.500039, 31.100406], [-101.500122, 31.100434], [-101.500206, 31.100463], [-101.500368, 31.100498], [-101.50047, 31.100521], [-101.500565, 31.100542], [-101.500649, 31.10056], [-101.501156, 31.100698], [-101.501357, 31.100747], [-101.501671, 31.10083], [-101.50216, 31.100967], [-101.502165, 31.10097], [-101.502169, 31.100973], [-101.502843, 31.101793], [-101.50308, 31.102084], [-101.503119, 31.102132], [-101.503217, 31.102236], [-101.50324, 31.102259], [-101.503299, 31.102323], [-101.503319, 31.102345], [-101.504814, 31.10399], [-101.504934, 31.104121], [-101.50513, 31.10434], [-101.50579, 31.105067], [-101.506102, 31.105408], [-101.507272, 31.106697], [-101.50751, 31.106953], [-101.509266, 31.108837], [-101.509467, 31.109052], [-101.510135, 31.109769], [-101.527119, 31.127971], [-101.528234, 31.129162], [-101.52951, 31.130533], [-101.531912, 31.133104], [-101.532005, 31.133205], [-101.536091, 31.137585], [-101.538682, 31.140359], [-101.53965, 31.141395], [-101.540611, 31.142428], [-101.540644, 31.142462], [-101.540711, 31.142546], [-101.540795, 31.142655], [-101.540871, 31.142751], [-101.540924, 31.142809], [-101.541092, 31.14299], [-101.541136, 31.143037], [-101.541423, 31.143344], [-101.541541, 31.143472], [-101.541595, 31.143524], [-101.541678, 31.1436], [-101.542036, 31.143919], [-101.542108, 31.143985], [-101.542188, 31.144072], [-101.5461, 31.148262], [-101.548251, 31.150562], [-101.550193, 31.152642], [-101.551229, 31.153752], [-101.552131, 31.154716], [-101.553163, 31.155825], [-101.553231, 31.155896], [-101.553854, 31.156562], [-101.554074, 31.156795], [-101.55431, 31.157048], [-101.554472, 31.157228], [-101.554694, 31.157464], [-101.555358, 31.158175], [-101.556516, 31.159416], [-101.55687, 31.159798], [-101.557212, 31.160156], [-101.55999, 31.163129], [-101.56018, 31.163333], [-101.560214, 31.163369], [-101.560352, 31.163517], [-101.560514, 31.163692], [-101.564223, 31.167663], [-101.564279, 31.167724], [-101.564995, 31.168492], [-101.565754, 31.169301], [-101.565963, 31.169528], [-101.565993, 31.169559], [-101.566181, 31.169762], [-101.567756, 31.171446], [-101.567946, 31.17165], [-101.569021, 31.172799], [-101.569136, 31.172925], [-101.569387, 31.173193], [-101.569492, 31.173305], [-101.570317, 31.174186], [-101.570383, 31.174256], [-101.570486, 31.174352], [-101.571484, 31.175275], [-101.571613, 31.175396], [-101.571654, 31.175444], [-101.572734, 31.176674], [-101.572799, 31.176746], [-101.57285, 31.176811], [-101.573253, 31.177331], [-101.5733, 31.17739], [-101.573375, 31.177472], [-101.576288, 31.180583], [-101.576495, 31.180804], [-101.576968, 31.181307], [-101.577223, 31.181579], [-101.577376, 31.181744], [-101.581806, 31.186462], [-101.586388, 31.19135], [-101.587318, 31.192339], [-101.588371, 31.193467], [-101.590147, 31.19535], [-101.59188, 31.197195], [-101.592716, 31.198091], [-101.593654, 31.199083], [-101.594522, 31.200011], [-101.595021, 31.200546], [-101.595371, 31.200929], [-101.59538, 31.200937], [-101.595396, 31.200944], [-101.595614, 31.201026], [-101.595842, 31.201118], [-101.596902, 31.201542], [-101.597815, 31.201907], [-101.598533, 31.202191], [-101.598674, 31.202246], [-101.598688, 31.202252], [-101.598696, 31.202262], [-101.598891, 31.202493], [-101.599011, 31.202635], [-101.59928, 31.202944], [-101.599584, 31.203304], [-101.59959, 31.203313], [-101.599595, 31.203323], [-101.600041, 31.204655], [-101.600504, 31.206018], [-101.600535, 31.20611], [-101.60057, 31.206173], [-101.600632, 31.206281], [-101.60064, 31.206292], [-101.60078, 31.206464], [-101.602007, 31.207841], [-101.602013, 31.20785], [-101.602017, 31.20786], [-101.602676, 31.209845], [-101.602713, 31.209952], [-101.602739, 31.209999], [-101.602822, 31.210143], [-101.602825, 31.210152], [-101.602826, 31.210167], [-101.602815, 31.210308], [-101.602811, 31.210366], [-101.602796, 31.210553], [-101.602796, 31.210565], [-101.602798, 31.210573], [-101.603032, 31.211235], [-101.60311, 31.211459], [-101.603115, 31.211472], [-101.603124, 31.21148], [-101.603294, 31.211621], [-101.60335, 31.211669], [-101.603443, 31.21175], [-101.603452, 31.211757], [-101.603457, 31.211767], [-101.604413, 31.213705], [-101.604418, 31.213723], [-101.604406, 31.213743], [-101.603054, 31.215273], [-101.603043, 31.215299], [-101.603059, 31.215319], [-101.603092, 31.215342], [-101.603196, 31.21541], [-101.605132, 31.216671], [-101.606916, 31.217829], [-101.612445, 31.221418], [-101.61277, 31.221627], [-101.613036, 31.221802], [-101.614665, 31.22286], [-101.614838, 31.222971], [-101.614873, 31.222991], [-101.61597, 31.223563], [-101.616128, 31.223647], [-101.616146, 31.223663], [-101.616147, 31.223684], [-101.616051, 31.224087], [-101.615963, 31.224438], [-101.615962, 31.224459], [-101.615977, 31.224474], [-101.616162, 31.224615], [-101.616259, 31.224684], [-101.616303, 31.224712], [-101.619192, 31.226479], [-101.619691, 31.226783], [-101.619804, 31.226855], [-101.619889, 31.226925], [-101.620159, 31.227144], [-101.620297, 31.227255], [-101.620326, 31.227283], [-101.620707, 31.227647], [-101.620718, 31.227656], [-101.62074, 31.227661], [-101.621419, 31.227699], [-101.621462, 31.227703], [-101.621467, 31.227704], [-101.621473, 31.227705], [-101.622719, 31.228616], [-101.622745, 31.228634], [-101.62283, 31.228698], [-101.622857, 31.228717], [-101.626776, 31.231572], [-101.630387, 31.234203], [-101.63047, 31.234265], [-101.630571, 31.234341], [-101.631277, 31.234876], [-101.631429, 31.234993], [-101.631466, 31.235026], [-101.632859, 31.236284], [-101.63418, 31.237482], [-101.634217, 31.237517], [-101.63424, 31.237538], [-101.634416, 31.237706], [-101.634509, 31.237795], [-101.634585, 31.237874], [-101.635669, 31.23903], [-101.635759, 31.239121], [-101.635833, 31.239172], [-101.63616, 31.239383], [-101.636214, 31.239416], [-101.636293, 31.239475], [-101.636704, 31.239788], [-101.636765, 31.239834], [-101.63688, 31.239939], [-101.639561, 31.242365], [-101.639689, 31.24249], [-101.639857, 31.242859], [-101.639865, 31.242873], [-101.639883, 31.242882], [-101.640106, 31.242966], [-101.640109, 31.242968], [-101.640113, 31.242971], [-101.640337, 31.243188], [-101.640361, 31.243209], [-101.64075, 31.243586], [-101.640846, 31.24368], [-101.640923, 31.243751], [-101.642305, 31.245023], [-101.64271, 31.245478], [-101.643099, 31.245852], [-101.643191, 31.245935], [-101.64329, 31.246], [-101.643653, 31.246231], [-101.643729, 31.246277], [-101.643842, 31.246367], [-101.644001, 31.246498], [-101.644063, 31.246548], [-101.64417, 31.246644], [-101.648071, 31.250256], [-101.648103, 31.250287], [-101.648239, 31.250424], [-101.652162, 31.254393], [-101.652372, 31.254605], [-101.652477, 31.254711], [-101.652555, 31.254782], [-101.657333, 31.259021], [-101.657357, 31.259043], [-101.657517, 31.259177], [-101.659796, 31.261079], [-101.659874, 31.261145], [-101.659929, 31.261184], [-101.660469, 31.261563], [-101.660551, 31.261622], [-101.660654, 31.261716], [-101.663241, 31.26405], [-101.665878, 31.266443], [-101.671047, 31.271127], [-101.671125, 31.271195], [-101.671194, 31.271257], [-101.672538, 31.272493], [-101.672581, 31.272531], [-101.672711, 31.272654], [-101.672835, 31.272777], [-101.672883, 31.272822], [-101.67304, 31.27296], [-101.673055, 31.27297], [-101.673074, 31.272972], [-101.681856, 31.273078], [-101.681869, 31.273079], [-101.681884, 31.273084], [-101.683255, 31.273789], [-101.684527, 31.274438], [-101.684666, 31.274513], [-101.684741, 31.274561], [-101.686792, 31.27593], [-101.687318, 31.276276], [-101.688099, 31.2768], [-101.688773, 31.277243], [-101.688871, 31.277305], [-101.688979, 31.277349], [-101.690042, 31.277739], [-101.69018, 31.277791], [-101.690262, 31.27783], [-101.690391, 31.277916], [-101.690514, 31.278], [-101.691453, 31.27864], [-101.691571, 31.278723], [-101.691589, 31.278737], [-101.691728, 31.27885], [-101.691833, 31.278934], [-101.69192, 31.278995], [-101.693037, 31.279737], [-101.694492, 31.280715], [-101.69464, 31.280814], [-101.694787, 31.280913], [-101.695804, 31.281593], [-101.69587, 31.281639], [-101.695996, 31.281742], [-101.696602, 31.282244], [-101.696697, 31.282322], [-101.696797, 31.28239], [-101.699488, 31.284181], [-101.701061, 31.285218], [-101.701615, 31.285578], [-101.702023, 31.28585], [-101.702456, 31.286142], [-101.702624, 31.286254], [-101.705548, 31.288238], [-101.711567, 31.292239], [-101.711623, 31.292276], [-101.711783, 31.292361], [-101.712237, 31.292606], [-101.71243, 31.292715], [-101.712451, 31.292728], [-101.716403, 31.295381], [-101.716888, 31.295711], [-101.719816, 31.297672], [-101.720024, 31.297811], [-101.720068, 31.29784], [-101.720261, 31.297968], [-101.720961, 31.298435], [-101.723991, 31.300953], [-101.724053, 31.301009], [-101.724144, 31.301131], [-101.724876, 31.302178], [-101.725609, 31.303219], [-101.725615, 31.303227], [-101.725618, 31.303238], [-101.726283, 31.306175], [-101.726288, 31.306187], [-101.726296, 31.306196], [-101.729126, 31.308988], [-101.729133, 31.308996], [-101.729138, 31.309006], [-101.729202, 31.309156], [-101.729267, 31.309303], [-101.730502, 31.312071], [-101.730512, 31.312094], [-101.73061, 31.312314], [-101.730664, 31.312435], [-101.730689, 31.312489], [-101.73074, 31.312605], [-101.730764, 31.312656], [-101.730836, 31.312822], [-101.730852, 31.312861], [-101.730895, 31.313033], [-101.731671, 31.316013], [-101.731899, 31.316983], [-101.732084, 31.317812], [-101.73213, 31.318026], [-101.732218, 31.318394], [-101.732319, 31.318833], [-101.732561, 31.319894], [-101.732644, 31.320249], [-101.733034, 31.321961], [-101.733431, 31.323702], [-101.733829, 31.325395], [-101.733833, 31.325408], [-101.733851, 31.325421], [-101.734439, 31.325764], [-101.734619, 31.325872], [-101.734662, 31.325902], [-101.735764, 31.32673], [-101.735773, 31.326736], [-101.73578, 31.326747], [-101.737066, 31.328765], [-101.737405, 31.329291], [-101.737881, 31.330045], [-101.738044, 31.330298], [-101.73813, 31.330433], [-101.738141, 31.330449], [-101.738183, 31.330511], [-101.738252, 31.330583], [-101.742039, 31.334269], [-101.742093, 31.334323], [-101.742187, 31.334433], [-101.743624, 31.336145], [-101.744226, 31.336863], [-101.744732, 31.337474], [-101.744737, 31.337483], [-101.744742, 31.337493], [-101.745048, 31.33843], [-101.745326, 31.339273], [-101.74561, 31.340136], [-101.745865, 31.340941], [-101.745867, 31.340951], [-101.745868, 31.340962], [-101.745826, 31.341222], [-101.745756, 31.341565], [-101.745726, 31.341734], [-101.745726, 31.341754], [-101.745734, 31.341766], [-101.74877, 31.345384], [-101.748969, 31.345621], [-101.750336, 31.347248], [-101.751066, 31.348102], [-101.751773, 31.34892], [-101.751823, 31.348972], [-101.751955, 31.349076], [-101.752493, 31.349499], [-101.753183, 31.350032], [-101.75319, 31.350039], [-101.753197, 31.350049], [-101.753475, 31.350509], [-101.753482, 31.350517], [-101.753747, 31.352196], [-101.753753, 31.352237], [-101.75381, 31.352421], [-101.753889, 31.352681], [-101.753952, 31.35289], [-101.755572, 31.358194], [-101.755576, 31.358202], [-101.755582, 31.358212], [-101.75574, 31.358406], [-101.755747, 31.358414], [-101.755752, 31.358423], [-101.755904, 31.358931], [-101.755911, 31.358946], [-101.755935, 31.358957], [-101.760473, 31.360021], [-101.760539, 31.360035], [-101.76073, 31.360042], [-101.765183, 31.360197], [-101.765203, 31.3602], [-101.765217, 31.36021], [-101.765343, 31.360329], [-101.765476, 31.360455], [-101.765888, 31.360837], [-101.765952, 31.360897], [-101.766073, 31.360991], [-101.76737, 31.362005], [-101.767491, 31.362096], [-101.767788, 31.362369], [-101.767867, 31.362446], [-101.767935, 31.36255], [-101.769463, 31.364992], [-101.772793, 31.370774], [-101.772923, 31.371003], [-101.773019, 31.371166], [-101.773151, 31.371395], [-101.773472, 31.371954], [-101.7736, 31.372166], [-101.773715, 31.372361], [-101.773936, 31.372749], [-101.774202, 31.373239], [-101.774213, 31.373253], [-101.774229, 31.373261], [-101.775111, 31.373522], [-101.775433, 31.373516]], [[-101.46884, 31.079459], [-101.468879, 31.079478], [-101.469061, 31.07957], [-101.469226, 31.079652], [-101.4694, 31.079739], [-101.469414, 31.079748], [-101.469422, 31.079764], [-101.469651, 31.080521], [-101.469931, 31.081455], [-101.469989, 31.081637], [-101.470001, 31.081667], [-101.470135, 31.081996], [-101.470138, 31.082003], [-101.470148, 31.082014], [-101.470589, 31.082471], [-101.471396, 31.083326], [-101.472953, 31.084964], [-101.473222, 31.085248], [-101.475457, 31.08761], [-101.477732, 31.090023], [-101.478283, 31.090611], [-101.478484, 31.090824], [-101.478556, 31.090898], [-101.478592, 31.090935], [-101.478733, 31.09106], [-101.479785, 31.092002], [-101.479916, 31.092117], [-101.479963, 31.092166], [-101.480157, 31.092375], [-101.480266, 31.092491], [-101.481112, 31.09339]]]}},
{"type": "Feature", "properties": {"ProjectID": "P2675", "TPMS_ID": 4683083, "OPER_LINK": 0, "OPS_ID": 0, "P5_NUM": "253113", "OPER_NM": "EPIC CONSOLIDATED OPS, LLC", "SYS_NM": "EPIC NGL SYSTEM", "SUBSYS_NM": "211-COGENT LATERAL", "T4PERMIT": "09817", "DIAMETER": 10.75, "COMMODITY1": "HVL", "COMMODITY2": null, "COMMODITY3": null, "CMDTY_DESC": "HIGHLY VOLATILE LIQUID", "INTERSTATE": "N", "STATUS_CD": "I", "QUALITY_CD": "G", "SYSTYPE": "Q", "COUNTY": "383", "COM_CARRIE": "Y", "PLINE_ID": "211", "SYS_ID": "966634", "NPMS_SYS_I": 0, "ALBERS_MIL": 7.3923188023, "LENGTH": 0.0}, "geometry": {"type": "MultiLineString", "coordinates": [[[-101.481112, 31.09339], [-101.471681, 31.096619], [-101.469535, 31.097296], [-101.465723, 31.097265], [-101.462637, 31.099228], [-101.462087, 31.099418], [-101.459999, 31.100766], [-101.455855, 31.100792], [-101.443138, 31.10081], [-101.442721, 31.100765], [-101.440528, 31.100751], [-101.439663, 31.100749], [-101.439207, 31.100768], [-101.438075, 31.100779], [-101.437722, 31.100845], [-101.433477, 31.100806], [-101.433358, 31.100777], [-101.431967, 31.100764], [-101.431848, 31.100791], [-101.428433, 31.100759], [-101.427015, 31.100749], [-101.418188, 31.100683], [-101.409258, 31.100602], [-101.407184, 31.100582], [-101.407097, 31.100572], [-101.406767, 31.100569], [-101.40668, 31.100577], [-101.403162, 31.100543], [-101.398102, 31.100507], [-101.391587, 31.100444], [-101.388476, 31.100418], [-101.37823, 31.100325], [-101.370946, 31.100253], [-101.369834, 31.100214], [-101.369773, 31.106306], [-101.368781, 31.106873], [-101.36849, 31.107058], [-101.368152, 31.108999], [-101.368043, 31.109069]], [[-101.481269, 31.093336], [-101.481132, 31.093383], [-101.481112, 31.09339]]]}},
{"type": "Feature", "properties": {"ProjectID": "P2675", "TPMS_ID": 4683057, "OPER_LINK": 0, "OPS_ID": 0, "P5_NUM": "253113", "OPER_NM": "EPIC CONSOLIDATED OPS, LLC", "SYS_NM": "EPIC NGL SYSTEM", "SUBSYS_NM": "202-SALT CREEK TO BENEDUM", "T4PERMIT": "09817", "DIAMETER": 24.0, "COMMODITY1": "HVL", "COMMODITY2": null, "COMMODITY3": null, "CMDTY_DESC": "HIGHLY VOLATILE LIQUID", "INTERSTATE": "N", "STATUS_CD": "I", "QUALITY_CD": "G", "SYSTYPE": "Q", "COUNTY": "389", "COM_CARRIE": "Y", "PLINE_ID": "202", "SYS_ID": "965678", "NPMS_SYS_I": 0, "ALBERS_MIL": 32.5825728018, "LENGTH": 0.0}, "geometry": {"type": "MultiLineString", "coordinates": [[[-103.540662, 31.341925], [-103.540462, 31.341788], [-103.540319, 31.341688], [-103.540122, 31.341552], [-103.539924, 31.341414], [-103.539724, 31.341276], [-103.539524, 31.341139], [-103.539324, 31.341002], [-103.539125, 31.340864], [-103.538926, 31.340726], [-103.538726, 31.340588], [-103.538526, 31.340451], [-103.538466, 31.34041], [-103.538371, 31.340337], [-103.538298, 31.340247], [-103.538205, 31.340116], [-103.538072, 31.339928], [-103.538046, 31.33989], [-103.537961, 31.339732], [-103.537859, 31.339544], [-103.537753, 31.339344], [-103.537651, 31.339146], [-103.537645, 31.339137], [-103.537636, 31.339132], [-103.537619, 31.339126], [-103.53757, 31.33911], [-103.53752, 31.339094], [-103.537376, 31.339048], [-103.537233, 31.339002], [-103.537103, 31.33896], [-103.53702, 31.338933], [-103.536914, 31.338899], [-103.53677, 31.338853], [-103.536627, 31.338807], [-103.536483, 31.33876], [-103.536339, 31.338714], [-103.536197, 31.338668], [-103.53606, 31.338624], [-103.535917, 31.338578], [-103.53583, 31.33855], [-103.5358, 31.338541], [-103.535743, 31.338522], [-103.535503, 31.338445], [-103.535267, 31.338368], [-103.53507, 31.338302], [-103.535064, 31.3383], [-103.535058, 31.338296], [-103.534878, 31.338164], [-103.534684, 31.338019], [-103.534551, 31.337921], [-103.534355, 31.33778], [-103.534157, 31.33764], [-103.533958, 31.337503], [-103.533757, 31.337367], [-103.53356, 31.337232], [-103.533359, 31.337096], [-103.533159, 31.336958], [-103.532959, 31.336821], [-103.532758, 31.336685], [-103.532668, 31.336623], [-103.532564, 31.336552], [-103.532456, 31.336478], [-103.532256, 31.336342], [-103.532143, 31.336266], [-103.532017, 31.33618], [-103.531902, 31.336102], [-103.531702, 31.335965], [-103.531502, 31.335828], [-103.531303, 31.33569], [-103.531103, 31.335553], [-103.530902, 31.335417], [-103.530702, 31.33528], [-103.530566, 31.335188], [-103.530422, 31.33509], [-103.530221, 31.334954], [-103.530108, 31.334876], [-103.529944, 31.334765], [-103.529828, 31.334684], [-103.529687, 31.334585], [-103.529644, 31.334556], [-103.529507, 31.334462], [-103.529444, 31.334418], [-103.529244, 31.334282], [-103.529043, 31.334147], [-103.528844, 31.334009], [-103.528644, 31.333872], [-103.528444, 31.333734], [-103.528244, 31.333597], [-103.528044, 31.33346], [-103.527844, 31.333323], [-103.527643, 31.333187], [-103.527445, 31.333052], [-103.527244, 31.332916], [-103.527044, 31.332779], [-103.526878, 31.332666], [-103.526758, 31.332584], [-103.526605, 31.332479], [-103.52659, 31.33247], [-103.526432, 31.332361], [-103.526258, 31.332243], [-103.526107, 31.33214], [-103.525944, 31.332028], [-103.525743, 31.331892], [-103.525575, 31.331776], [-103.525468, 31.331702], [-103.52546, 31.331697], [-103.525394, 31.331652], [-103.525194, 31.331515], [-103.524994, 31.331378], [-103.524795, 31.33124], [-103.524621, 31.331121], [-103.524463, 31.331014], [-103.524296, 31.3309], [-103.524159, 31.330805], [-103.523959, 31.330666], [-103.52376, 31.330529], [-103.523561, 31.330391], [-103.52336, 31.330255], [-103.523159, 31.330119], [-103.522985, 31.330002], [-103.522937, 31.329969], [-103.522868, 31.329919], [-103.52286, 31.329915], [-103.522852, 31.329913], [-103.522642, 31.329883], [-103.522622, 31.329881], [-103.522545, 31.329873], [-103.52249, 31.329866], [-103.522253, 31.329837], [-103.522035, 31.32981], [-103.522016, 31.329803], [-103.522013, 31.329786], [-103.522045, 31.329596], [-103.522048, 31.329573], [-103.522049, 31.329558], [-103.522063, 31.329475], [-103.522083, 31.329358], [-103.522095, 31.329285], [-103.522109, 31.329205], [-103.522124, 31.329115], [-103.522137, 31.329038], [-103.522138, 31.329024], [-103.522145, 31.328994], [-103.52215, 31.328963], [-103.522168, 31.328866], [-103.522173, 31.328837], [-103.522173, 31.328834], [-103.522174, 31.328831], [-103.522177, 31.328815], [-103.522179, 31.328811], [-103.522179, 31.328807], [-103.522179, 31.328804], [-103.522179, 31.328801], [-103.522182, 31.328785], [-103.522183, 31.328783], [-103.522183, 31.32878], [-103.522184, 31.328778], [-103.522185, 31.328774], [-103.522185, 31.328772], [-103.522188, 31.328756], [-103.522189, 31.328753], [-103.522189, 31.328751], [-103.52219, 31.328746], [-103.522192, 31.328742], [-103.522194, 31.328725], [-103.522194, 31.328722], [-103.522195, 31.328719], [-103.522201, 31.32869], [-103.52222, 31.328587], [-103.522252, 31.328405], [-103.522289, 31.328188], [-103.522327, 31.32797], [-103.522324, 31.327955], [-103.522307, 31.327945], [-103.522083, 31.327917], [-103.521831, 31.327884], [-103.521578, 31.327851], [-103.521554, 31.327848], [-103.521541, 31.327845], [-103.521446, 31.327834], [-103.521295, 31.327814], [-103.521143, 31.327794], [-103.520991, 31.327775], [-103.520839, 31.327756], [-103.520688, 31.327738], [-103.520536, 31.32772], [-103.52042, 31.327707], [-103.520409, 31.327705], [-103.520386, 31.327703], [-103.520303, 31.327692], [-103.520231, 31.327683], [-103.520219, 31.327681], [-103.520211, 31.327674], [-103.520086, 31.327528], [-103.519962, 31.32739], [-103.519874, 31.327284], [-103.519835, 31.327244], [-103.51969, 31.327133], [-103.519499, 31.326986], [-103.51931, 31.326839], [-103.519119, 31.326692], [-103.518929, 31.326546], [-103.518854, 31.326488], [-103.518784, 31.326435], [-103.518725, 31.326389], [-103.518656, 31.326336], [-103.518585, 31.326282], [-103.518521, 31.326233], [-103.518455, 31.326183], [-103.51839, 31.326133], [-103.518318, 31.326078], [-103.518255, 31.32603], [-103.518185, 31.325975], [-103.518119, 31.325924], [-103.517931, 31.32578], [-103.517741, 31.325633], [-103.51755, 31.325487], [-103.517358, 31.325341], [-103.517168, 31.325195], [-103.516978, 31.325048], [-103.516789, 31.324904], [-103.516599, 31.324757], [-103.516409, 31.324612], [-103.516218, 31.324465], [-103.516027, 31.324319], [-103.515837, 31.324172], [-103.515647, 31.324026], [-103.515459, 31.323881], [-103.515268, 31.323734], [-103.515094, 31.323601], [-103.514903, 31.323454], [-103.514713, 31.323309], [-103.514523, 31.323162], [-103.514333, 31.323015], [-103.514145, 31.32287], [-103.513954, 31.322724], [-103.513764, 31.322577], [-103.513575, 31.322432], [-103.513485, 31.322363], [-103.513296, 31.322217], [-103.513107, 31.322072], [-103.51301, 31.321998], [-103.512821, 31.321852], [-103.512627, 31.321709], [-103.512437, 31.321561], [-103.512249, 31.321417], [-103.512104, 31.321305], [-103.512061, 31.321267], [-103.511921, 31.321159], [-103.511875, 31.321122], [-103.511718, 31.321004], [-103.511682, 31.320976], [-103.511495, 31.32083], [-103.51136, 31.320731], [-103.511197, 31.320604], [-103.511007, 31.320458], [-103.510816, 31.320311], [-103.510625, 31.320165], [-103.510433, 31.320019], [-103.510245, 31.319875], [-103.510054, 31.319728], [-103.509864, 31.319581], [-103.509674, 31.319434], [-103.509482, 31.319288], [-103.509292, 31.319142], [-103.5091, 31.318996], [-103.50891, 31.318849], [-103.508719, 31.318703], [-103.508529, 31.318556], [-103.508338, 31.31841], [-103.508147, 31.318264], [-103.507956, 31.318118], [-103.507766, 31.317971], [-103.507702, 31.317921], [-103.507642, 31.317874], [-103.507573, 31.31782], [-103.50747, 31.317712], [-103.507309, 31.317544], [-103.507145, 31.317375], [-103.50709, 31.317317], [-103.507057, 31.317282], [-103.506977, 31.317199], [-103.506904, 31.317122], [-103.506898, 31.317115], [-103.506891, 31.317113], [-103.506862, 31.317103], [-103.50682, 31.317089], [-103.506719, 31.317055], [-103.506609, 31.317018], [-103.506578, 31.317007], [-103.506526, 31.316979], [-103.506509, 31.316903], [-103.506493, 31.316832], [-103.506483, 31.316786], [-103.506478, 31.316761], [-103.506471, 31.316697], [-103.506469, 31.316691], [-103.506465, 31.316685], [-103.506426, 31.316624], [-103.50639, 31.316567], [-103.506349, 31.316503], [-103.506304, 31.316433], [-103.506288, 31.316409], [-103.506261, 31.316365], [-103.506218, 31.316297], [-103.506177, 31.316234], [-103.50615, 31.316194], [-103.506111, 31.316132], [-103.506053, 31.316043], [-103.505991, 31.315951], [-103.505929, 31.31585], [-103.505913, 31.315829], [-103.505905, 31.315816], [-103.505855, 31.315736], [-103.50578, 31.315621], [-103.505713, 31.315517], [-103.505638, 31.315402], [-103.505568, 31.315293], [-103.505493, 31.315179], [-103.505435, 31.315088], [-103.50536, 31.314973], [-103.505285, 31.314858], [-103.505211, 31.314743], [-103.505183, 31.314706], [-103.505177, 31.314695], [-103.505137, 31.314628], [-103.505029, 31.314465], [-103.504909, 31.314281], [-103.504866, 31.314212], [-103.504827, 31.314151], [-103.504782, 31.31408], [-103.504739, 31.314012], [-103.504694, 31.313943], [-103.504649, 31.313874], [-103.504603, 31.313804], [-103.504561, 31.313739], [-103.504506, 31.313655], [-103.504453, 31.313572], [-103.504399, 31.31349], [-103.504274, 31.3133], [-103.504151, 31.31311], [-103.504027, 31.312918], [-103.504001, 31.312878], [-103.503903, 31.312728], [-103.503781, 31.312539], [-103.503741, 31.312478], [-103.503662, 31.312356], [-103.503549, 31.312185], [-103.503529, 31.312153], [-103.503427, 31.311993], [-103.503387, 31.31193], [-103.503303, 31.311801], [-103.503232, 31.311695], [-103.503177, 31.31161], [-103.503055, 31.311421], [-103.502933, 31.311231], [-103.502808, 31.311038], [-103.502684, 31.310846], [-103.502608, 31.31073], [-103.50253, 31.31061], [-103.502406, 31.310418], [-103.502343, 31.31032], [-103.502273, 31.310211], [-103.50215, 31.310019], [-103.502021, 31.309828], [-103.501982, 31.309766], [-103.501875, 31.309592], [-103.501871, 31.309585], [-103.501863, 31.309582], [-103.50165, 31.309467], [-103.501434, 31.30935], [-103.50122, 31.309231], [-103.501147, 31.309191], [-103.501072, 31.309149], [-103.501, 31.309109], [-103.50093, 31.309069], [-103.500855, 31.309028], [-103.500777, 31.308984], [-103.500706, 31.308944], [-103.500633, 31.308903], [-103.500558, 31.308862], [-103.500487, 31.308822], [-103.500412, 31.308779], [-103.500197, 31.308661], [-103.499982, 31.308541], [-103.499767, 31.308422], [-103.499556, 31.308303], [-103.499341, 31.308184], [-103.499251, 31.308135], [-103.499167, 31.308088], [-103.499092, 31.308046], [-103.499007, 31.307997], [-103.498928, 31.307952], [-103.498841, 31.307904], [-103.498762, 31.307859], [-103.498682, 31.307815], [-103.498603, 31.307772], [-103.498523, 31.307727], [-103.498338, 31.307624], [-103.498312, 31.307611], [-103.49823, 31.307565], [-103.498164, 31.307529], [-103.49816, 31.307526], [-103.498152, 31.307524], [-103.498014, 31.307446], [-103.497964, 31.307417], [-103.497934, 31.307399], [-103.497817, 31.307336], [-103.497691, 31.307267], [-103.497477, 31.307147], [-103.497262, 31.307028], [-103.497051, 31.306909], [-103.496844, 31.306793], [-103.496629, 31.306672], [-103.496431, 31.306562], [-103.496268, 31.306471], [-103.49626, 31.306464], [-103.496254, 31.306456], [-103.496208, 31.306254], [-103.496155, 31.306039], [-103.496106, 31.30585], [-103.4961, 31.305824], [-103.496081, 31.305747], [-103.496052, 31.305628], [-103.496027, 31.305532], [-103.496004, 31.305438], [-103.495975, 31.305321], [-103.49596, 31.305262], [-103.495951, 31.30523], [-103.495933, 31.305153], [-103.495918, 31.305091], [-103.495906, 31.305041], [-103.495901, 31.305015], [-103.495884, 31.304942], [-103.495863, 31.304845], [-103.495838, 31.304727], [-103.49582, 31.304647], [-103.495815, 31.304624], [-103.495802, 31.304559], [-103.495784, 31.304482], [-103.495769, 31.304409], [-103.495751, 31.304331], [-103.495736, 31.30426], [-103.49572, 31.304188], [-103.495673, 31.303973], [-103.495625, 31.303758], [-103.49561, 31.303687], [-103.495569, 31.303502], [-103.495556, 31.303472], [-103.495464, 31.303267], [-103.49543, 31.303192], [-103.495388, 31.303098], [-103.495352, 31.303016], [-103.495318, 31.302938], [-103.495289, 31.30287], [-103.495248, 31.302776], [-103.49521, 31.302691], [-103.49518, 31.302623], [-103.495149, 31.302554], [-103.495119, 31.302489], [-103.495084, 31.302409], [-103.494994, 31.302204], [-103.494902, 31.301999], [-103.49481, 31.301794], [-103.494718, 31.301589], [-103.494625, 31.301384], [-103.494567, 31.301252], [-103.494508, 31.301122], [-103.494456, 31.301005], [-103.494399, 31.300876], [-103.49434, 31.300742], [-103.49425, 31.300537], [-103.494159, 31.300331], [-103.494068, 31.300126], [-103.493976, 31.299922], [-103.493885, 31.299716], [-103.493855, 31.299647], [-103.493824, 31.299578], [-103.493791, 31.299501], [-103.493762, 31.299435], [-103.49373, 31.299364], [-103.493697, 31.299288], [-103.493669, 31.299224], [-103.493636, 31.29915], [-103.493604, 31.299078], [-103.493512, 31.298874], [-103.493421, 31.29867], [-103.49339, 31.298596], [-103.493381, 31.298579], [-103.493332, 31.298465], [-103.493295, 31.298381], [-103.49328, 31.298349], [-103.493272, 31.298335], [-103.493243, 31.298259], [-103.493213, 31.29819], [-103.493181, 31.298119], [-103.493151, 31.298055], [-103.493056, 31.297928], [-103.492918, 31.297743], [-103.492779, 31.297559], [-103.492641, 31.297375], [-103.492501, 31.29719], [-103.492364, 31.297005], [-103.492225, 31.29682], [-103.492086, 31.296636], [-103.491947, 31.296452], [-103.491808, 31.296267], [-103.491753, 31.296195], [-103.491702, 31.296128], [-103.491643, 31.296051], [-103.491598, 31.295992], [-103.491549, 31.295926], [-103.491481, 31.295837], [-103.491434, 31.295774], [-103.491384, 31.295707], [-103.491324, 31.295628], [-103.491279, 31.295567], [-103.491225, 31.295495], [-103.491178, 31.295432], [-103.491041, 31.295247], [-103.490905, 31.295065], [-103.490767, 31.294885], [-103.49075, 31.294865], [-103.490741, 31.294852], [-103.490679, 31.294768], [-103.490597, 31.29466], [-103.49054, 31.294585], [-103.490472, 31.294494], [-103.490466, 31.294486], [-103.490462, 31.294481], [-103.490325, 31.294302], [-103.490185, 31.294118], [-103.490137, 31.294054], [-103.490089, 31.29399], [-103.490045, 31.293931], [-103.489999, 31.293868], [-103.48995, 31.293805], [-103.489907, 31.293747], [-103.48986, 31.293687], [-103.489813, 31.293623], [-103.489768, 31.293564], [-103.489716, 31.293495], [-103.489658, 31.293419], [-103.489597, 31.293337], [-103.489457, 31.293153], [-103.489318, 31.292968], [-103.489193, 31.292803], [-103.489055, 31.292618], [-103.488917, 31.292433], [-103.488868, 31.292368], [-103.488821, 31.292306], [-103.488775, 31.292246], [-103.488728, 31.292182], [-103.488684, 31.292122], [-103.488642, 31.292069], [-103.488636, 31.292061], [-103.488628, 31.29205], [-103.48859, 31.292001], [-103.48854, 31.291933], [-103.488493, 31.29187], [-103.488445, 31.291806], [-103.488397, 31.291743], [-103.488352, 31.291681], [-103.488213, 31.291497], [-103.488074, 31.291312], [-103.487935, 31.291128], [-103.487796, 31.290944], [-103.487655, 31.290761], [-103.48755, 31.290619], [-103.487495, 31.290546], [-103.48743, 31.290461], [-103.487365, 31.290374], [-103.487308, 31.290298], [-103.487216, 31.290176], [-103.487078, 31.289991], [-103.48694, 31.289806], [-103.486801, 31.289621], [-103.486714, 31.289505], [-103.486628, 31.289389], [-103.486556, 31.289295], [-103.486529, 31.289261], [-103.48647, 31.289219], [-103.486369, 31.289155], [-103.486164, 31.289024], [-103.486083, 31.288971], [-103.486004, 31.288919], [-103.485801, 31.288786], [-103.485624, 31.288671], [-103.48556, 31.28863], [-103.48542, 31.288539], [-103.485216, 31.288406], [-103.48513, 31.28835], [-103.485044, 31.288295], [-103.484922, 31.288215], [-103.484799, 31.288136], [-103.484732, 31.288092], [-103.484703, 31.288073], [-103.484616, 31.288019], [-103.484527, 31.28796], [-103.484423, 31.287893], [-103.484409, 31.287883], [-103.484204, 31.287752], [-103.484105, 31.287687], [-103.484011, 31.287624], [-103.483913, 31.287561], [-103.48383, 31.287507], [-103.483725, 31.287438], [-103.483631, 31.287378], [-103.483542, 31.287319], [-103.483448, 31.287259], [-103.483356, 31.287199], [-103.48326, 31.287138], [-103.483055, 31.287005], [-103.482851, 31.286873], [-103.482647, 31.28674], [-103.482444, 31.286608], [-103.482239, 31.286475], [-103.482103, 31.286387], [-103.48193, 31.286274], [-103.481761, 31.286165], [-103.481585, 31.286049], [-103.481415, 31.285937], [-103.481235, 31.285822], [-103.481031, 31.285689], [-103.480828, 31.285556], [-103.480631, 31.285427], [-103.480427, 31.285294], [-103.480298, 31.285211], [-103.480204, 31.285148], [-103.480021, 31.285031], [-103.479902, 31.284955], [-103.47975, 31.284853], [-103.479621, 31.284767], [-103.479551, 31.284722], [-103.479407, 31.284647], [-103.479215, 31.284554], [-103.478995, 31.284442], [-103.478775, 31.284332], [-103.478561, 31.284225], [-103.478342, 31.284113], [-103.478121, 31.284002], [-103.477901, 31.283891], [-103.477809, 31.283844], [-103.477719, 31.283798], [-103.477544, 31.28371], [-103.477323, 31.283598], [-103.477102, 31.283487], [-103.476882, 31.283376], [-103.476661, 31.283266], [-103.476492, 31.283181], [-103.47644, 31.283155], [-103.476223, 31.283045], [-103.476002, 31.282933], [-103.475955, 31.28291], [-103.475783, 31.282821], [-103.475604, 31.28273], [-103.475389, 31.282621], [-103.475171, 31.282511], [-103.475046, 31.282448], [-103.47495, 31.2824], [-103.474729, 31.282289], [-103.474508, 31.282178], [-103.474295, 31.282071], [-103.474155, 31.282], [-103.473996, 31.281919], [-103.473819, 31.28183], [-103.473656, 31.281746], [-103.473499, 31.281666], [-103.473342, 31.281586], [-103.473128, 31.281478], [-103.472982, 31.281403], [-103.472973, 31.281398], [-103.472969, 31.281392], [-103.472938, 31.281345], [-103.472905, 31.281292], [-103.472818, 31.281156], [-103.472729, 31.281022], [-103.472692, 31.280964], [-103.472635, 31.280878], [-103.472566, 31.280774], [-103.47252, 31.280704], [-103.472474, 31.280635], [-103.472429, 31.28057], [-103.472386, 31.280504], [-103.472339, 31.280433], [-103.472294, 31.280364], [-103.472254, 31.280303], [-103.472209, 31.280232], [-103.472166, 31.280169], [-103.472125, 31.280105], [-103.472086, 31.280043], [-103.472063, 31.280008], [-103.472043, 31.279978], [-103.471941, 31.279821], [-103.471917, 31.279787], [-103.471825, 31.279651], [-103.471821, 31.279644], [-103.471814, 31.27964], [-103.471593, 31.279528], [-103.471374, 31.279413], [-103.471335, 31.279393], [-103.471312, 31.279381], [-103.471289, 31.27937], [-103.471229, 31.279337], [-103.471118, 31.279279], [-103.470989, 31.279211], [-103.470861, 31.279144], [-103.470732, 31.279077], [-103.470601, 31.279008], [-103.470474, 31.278941], [-103.470343, 31.278872], [-103.470212, 31.278804], [-103.470081, 31.278735], [-103.470001, 31.278694], [-103.469984, 31.278684], [-103.469951, 31.278667], [-103.469734, 31.278551], [-103.469649, 31.278507], [-103.46958, 31.278471], [-103.469526, 31.278441], [-103.46945, 31.278404], [-103.469371, 31.278361], [-103.469301, 31.278324], [-103.469231, 31.278287], [-103.469147, 31.278244], [-103.469075, 31.278208], [-103.468997, 31.278169], [-103.468916, 31.278128], [-103.468846, 31.278091], [-103.468628, 31.277976], [-103.468413, 31.277863], [-103.468197, 31.27775], [-103.467981, 31.277638], [-103.467763, 31.277523], [-103.467692, 31.277486], [-103.467618, 31.277447], [-103.467507, 31.27739], [-103.46743, 31.277349], [-103.467349, 31.277307], [-103.467257, 31.277258], [-103.46718, 31.277218], [-103.467091, 31.277172], [-103.467017, 31.277133], [-103.466945, 31.277096], [-103.466869, 31.277056], [-103.4668, 31.27702], [-103.466581, 31.276906], [-103.466363, 31.276791], [-103.466145, 31.276677], [-103.465926, 31.276563], [-103.465803, 31.276499], [-103.465584, 31.276385], [-103.465537, 31.276363], [-103.465454, 31.276318], [-103.465323, 31.276249], [-103.465195, 31.276182], [-103.465115, 31.276141], [-103.465043, 31.276103], [-103.464912, 31.276034], [-103.464821, 31.275985], [-103.46478, 31.275965], [-103.464571, 31.275857], [-103.46446, 31.275796], [-103.464335, 31.275732], [-103.464223, 31.275673], [-103.464112, 31.275615], [-103.463894, 31.2755], [-103.463675, 31.275387], [-103.463457, 31.275273], [-103.46324, 31.275158], [-103.463041, 31.275052], [-103.463017, 31.275041], [-103.462941, 31.275006], [-103.462862, 31.274963], [-103.462787, 31.274924], [-103.462712, 31.274885], [-103.462641, 31.274848], [-103.462568, 31.274809], [-103.462487, 31.274766], [-103.462412, 31.274727], [-103.462329, 31.274685], [-103.462256, 31.274646], [-103.46217, 31.274602], [-103.462099, 31.274565], [-103.461883, 31.274453], [-103.461665, 31.274339], [-103.461449, 31.274226], [-103.461231, 31.274112], [-103.461012, 31.273998], [-103.460933, 31.273957], [-103.460904, 31.27394], [-103.460847, 31.273912], [-103.460765, 31.273869], [-103.460681, 31.273825], [-103.460628, 31.273795], [-103.460601, 31.273782], [-103.460506, 31.273732], [-103.460427, 31.273692], [-103.460337, 31.273644], [-103.460264, 31.273606], [-103.460186, 31.273565], [-103.46011, 31.273525], [-103.460031, 31.273485], [-103.459815, 31.273373], [-103.459597, 31.273257], [-103.459538, 31.273225], [-103.459379, 31.27315], [-103.459157, 31.273047], [-103.459081, 31.27301], [-103.458858, 31.272905], [-103.458837, 31.272895], [-103.45883, 31.272891], [-103.458819, 31.272891], [-103.45873, 31.272893], [-103.458646, 31.272895], [-103.458552, 31.272896], [-103.458466, 31.272898], [-103.458383, 31.2729], [-103.458299, 31.272901], [-103.458214, 31.272903], [-103.458131, 31.272904], [-103.458079, 31.272906], [-103.458038, 31.272907], [-103.457986, 31.272908], [-103.457939, 31.272909], [-103.457888, 31.27291], [-103.457684, 31.272913], [-103.457495, 31.272918], [-103.457239, 31.272923], [-103.456983, 31.27293], [-103.456967, 31.272925], [-103.456962, 31.27291], [-103.456957, 31.2727], [-103.456952, 31.272481], [-103.456946, 31.272261], [-103.456945, 31.272222], [-103.456945, 31.272209], [-103.456944, 31.272132], [-103.456941, 31.272001], [-103.456938, 31.271909], [-103.456938, 31.271891], [-103.456939, 31.27187], [-103.45694, 31.271689], [-103.456934, 31.271672], [-103.456914, 31.271665], [-103.45687, 31.271666], [-103.456681, 31.271671], [-103.456445, 31.271678], [-103.45619, 31.271683], [-103.455934, 31.271688], [-103.455678, 31.271694], [-103.455423, 31.2717], [-103.455169, 31.271706], [-103.454965, 31.271709], [-103.454915, 31.271707], [-103.454673, 31.271704], [-103.454417, 31.271698], [-103.454245, 31.271695], [-103.45402, 31.27169], [-103.45401, 31.271689], [-103.454001, 31.271686], [-103.453954, 31.27166], [-103.453737, 31.271543], [-103.453522, 31.271426], [-103.453311, 31.271307], [-103.453104, 31.271185], [-103.452938, 31.271089], [-103.452765, 31.270987], [-103.452554, 31.270864], [-103.452342, 31.270741], [-103.452131, 31.270617], [-103.45192, 31.270493], [-103.451711, 31.270372], [-103.4515, 31.270248], [-103.451289, 31.270123], [-103.451079, 31.269998], [-103.450868, 31.269874], [-103.450672, 31.269759], [-103.450461, 31.269634], [-103.450249, 31.269511], [-103.450038, 31.269387], [-103.449843, 31.269272], [-103.449631, 31.269148], [-103.449421, 31.269024], [-103.44927, 31.268936], [-103.449137, 31.268859], [-103.448934, 31.26874], [-103.448723, 31.268615], [-103.448511, 31.268492], [-103.448301, 31.268367], [-103.44809, 31.268243], [-103.447879, 31.268119], [-103.447668, 31.267995], [-103.447457, 31.267871], [-103.447248, 31.26775], [-103.447039, 31.267629], [-103.446826, 31.267505], [-103.44662, 31.267385], [-103.44641, 31.267262], [-103.4462, 31.267136], [-103.445993, 31.267013], [-103.445782, 31.266889], [-103.445573, 31.266767], [-103.445362, 31.266645], [-103.445151, 31.266522], [-103.44494, 31.266397], [-103.444739, 31.266281], [-103.444527, 31.266157], [-103.444318, 31.266034], [-103.444109, 31.265912], [-103.444042, 31.265874], [-103.443969, 31.265833], [-103.443898, 31.26579], [-103.443823, 31.265745], [-103.443744, 31.2657], [-103.443674, 31.265658], [-103.443574, 31.265599], [-103.4435, 31.265554], [-103.443406, 31.265499], [-103.443307, 31.265441], [-103.443208, 31.265383], [-103.443106, 31.265323], [-103.442895, 31.265198], [-103.442685, 31.265076], [-103.442474, 31.264952], [-103.442263, 31.264827], [-103.442053, 31.264704], [-103.441888, 31.264607], [-103.441779, 31.264546], [-103.441654, 31.264472], [-103.441468, 31.264361], [-103.441458, 31.264356], [-103.441285, 31.264254], [-103.441267, 31.264244], [-103.441246, 31.264234], [-103.44116, 31.264181], [-103.441061, 31.264121], [-103.441043, 31.264112], [-103.441032, 31.264106], [-103.440821, 31.263983], [-103.440611, 31.263858], [-103.44041, 31.263742], [-103.440197, 31.26362], [-103.43999, 31.263497], [-103.439779, 31.263372], [-103.439675, 31.263311], [-103.439641, 31.263293], [-103.439548, 31.263237], [-103.439421, 31.263162], [-103.439295, 31.263088], [-103.439192, 31.263027], [-103.439185, 31.263023], [-103.439172, 31.263016], [-103.438968, 31.262898], [-103.43891, 31.262864], [-103.438702, 31.262742], [-103.438492, 31.262618], [-103.438281, 31.262493], [-103.43807, 31.262369], [-103.437859, 31.262246], [-103.437647, 31.262122], [-103.437435, 31.261998], [-103.437244, 31.261886], [-103.437032, 31.261762], [-103.436822, 31.261637], [-103.436614, 31.261515], [-103.436402, 31.261391], [-103.436195, 31.261269], [-103.435982, 31.261145], [-103.435771, 31.261021], [-103.435586, 31.260911], [-103.435378, 31.260788], [-103.435222, 31.260696], [-103.435051, 31.260597], [-103.434866, 31.260488], [-103.434655, 31.260364], [-103.434445, 31.260242], [-103.434234, 31.260117], [-103.434022, 31.259994], [-103.433812, 31.259869], [-103.433658, 31.25978], [-103.433446, 31.259656], [-103.433315, 31.25958], [-103.433123, 31.259468], [-103.432911, 31.259344], [-103.432706, 31.259223], [-103.432496, 31.259098], [-103.432284, 31.258974], [-103.43208, 31.258855], [-103.431989, 31.258803], [-103.431874, 31.258739], [-103.431764, 31.258703], [-103.431648, 31.258665], [-103.431531, 31.258627], [-103.43143, 31.258594], [-103.431351, 31.258568], [-103.431254, 31.258537], [-103.431167, 31.258509], [-103.431088, 31.258484], [-103.430984, 31.25845], [-103.430884, 31.258419], [-103.43074, 31.258372], [-103.4305, 31.258294], [-103.430261, 31.258218], [-103.43002, 31.258143], [-103.429905, 31.258107], [-103.429802, 31.258075], [-103.429681, 31.258037], [-103.429442, 31.257958], [-103.429295, 31.257904], [-103.429222, 31.257849], [-103.429128, 31.257777], [-103.429043, 31.257715], [-103.428879, 31.257596], [-103.428804, 31.257541], [-103.428733, 31.257489], [-103.428661, 31.257438], [-103.428582, 31.25738], [-103.428489, 31.257312], [-103.428296, 31.257169], [-103.428102, 31.257025], [-103.427908, 31.256882], [-103.427713, 31.256739], [-103.427519, 31.256596], [-103.427324, 31.256453], [-103.42713, 31.256311], [-103.426935, 31.256169], [-103.426741, 31.256028], [-103.426546, 31.255886], [-103.426352, 31.255743], [-103.426158, 31.255602], [-103.425963, 31.255458], [-103.425942, 31.255442], [-103.425768, 31.255317], [-103.425703, 31.25527], [-103.425636, 31.255221], [-103.425562, 31.255168], [-103.42549, 31.255116], [-103.425421, 31.255064], [-103.425346, 31.255008], [-103.425276, 31.254958], [-103.4252, 31.254902], [-103.425134, 31.254854], [-103.42507, 31.254806], [-103.425005, 31.254759], [-103.42494, 31.254712], [-103.424746, 31.254569], [-103.424664, 31.254508], [-103.424574, 31.254439], [-103.424459, 31.254376], [-103.424252, 31.254258], [-103.42404, 31.254137], [-103.423825, 31.254016], [-103.423747, 31.25397], [-103.423664, 31.253923], [-103.423582, 31.253875], [-103.423492, 31.253824], [-103.423394, 31.253768], [-103.423316, 31.253724], [-103.423224, 31.253671], [-103.423131, 31.253619], [-103.423059, 31.253578], [-103.422976, 31.253532], [-103.422886, 31.25348], [-103.422673, 31.253358], [-103.422461, 31.253235], [-103.422248, 31.253114], [-103.422034, 31.252993], [-103.421823, 31.252872], [-103.42174, 31.252825], [-103.421665, 31.252783], [-103.421579, 31.252735], [-103.421498, 31.252688], [-103.421427, 31.252648], [-103.421354, 31.252606], [-103.421278, 31.252563], [-103.421205, 31.252521], [-103.421131, 31.252478], [-103.421059, 31.252437], [-103.420968, 31.252388], [-103.420825, 31.252355], [-103.420743, 31.252337], [-103.420652, 31.252318], [-103.420404, 31.252264], [-103.42017, 31.252213], [-103.419922, 31.252165], [-103.419674, 31.252111], [-103.419593, 31.252095], [-103.419505, 31.252076], [-103.419414, 31.252057], [-103.419332, 31.252039], [-103.419255, 31.252024], [-103.419159, 31.252004], [-103.419078, 31.251987], [-103.418999, 31.25197], [-103.418874, 31.251945], [-103.418756, 31.25192], [-103.418673, 31.251902], [-103.41855, 31.251876], [-103.418302, 31.251824], [-103.418053, 31.251772], [-103.417804, 31.25172], [-103.417556, 31.251668], [-103.417308, 31.251615], [-103.417105, 31.251573], [-103.416856, 31.25152], [-103.416659, 31.251477], [-103.416413, 31.251427], [-103.415925, 31.251325], [-103.415916, 31.251322], [-103.415904, 31.251322], [-103.4158, 31.2513], [-103.415684, 31.251275], [-103.415674, 31.251272], [-103.415646, 31.251267], [-103.415398, 31.251215], [-103.415228, 31.251182], [-103.415147, 31.251181], [-103.414901, 31.251186], [-103.414645, 31.251191], [-103.414389, 31.251196], [-103.414188, 31.251199], [-103.413975, 31.251203], [-103.413721, 31.251208], [-103.413466, 31.251214], [-103.41321, 31.251219], [-103.412955, 31.251224], [-103.412702, 31.251228], [-103.412533, 31.251233], [-103.412314, 31.251238], [-103.412123, 31.251241], [-103.411933, 31.251245], [-103.41173, 31.251249], [-103.411474, 31.251254], [-103.411219, 31.251259], [-103.410962, 31.251263], [-103.410707, 31.251267], [-103.410613, 31.25127], [-103.410524, 31.251271], [-103.410433, 31.251273], [-103.410373, 31.251274], [-103.410336, 31.251277], [-103.410245, 31.251285], [-103.410156, 31.251293], [-103.410081, 31.2513], [-103.410055, 31.251302], [-103.409901, 31.251294], [-103.409736, 31.251285], [-103.409646, 31.251287], [-103.409566, 31.251292], [-103.409475, 31.251293], [-103.409384, 31.251294], [-103.409294, 31.251295], [-103.409209, 31.251296], [-103.408954, 31.251301], [-103.4087, 31.251307], [-103.408445, 31.251313], [-103.408189, 31.251319], [-103.407933, 31.251324], [-103.407678, 31.251329], [-103.407422, 31.251334], [-103.407169, 31.25134], [-103.406914, 31.251346], [-103.406659, 31.251351], [-103.406403, 31.251355], [-103.406147, 31.25136], [-103.405895, 31.251365], [-103.405712, 31.251368], [-103.405511, 31.251372], [-103.405255, 31.251376], [-103.404999, 31.25138], [-103.404743, 31.251387], [-103.404503, 31.251392], [-103.404249, 31.251397], [-103.403993, 31.251402], [-103.403738, 31.251408], [-103.403482, 31.251413], [-103.403226, 31.251416], [-103.402971, 31.251423], [-103.402715, 31.251428], [-103.402463, 31.251434], [-103.402207, 31.251439], [-103.401952, 31.251443], [-103.401696, 31.251449], [-103.40144, 31.251453], [-103.401184, 31.251458], [-103.400929, 31.251463], [-103.400673, 31.251467], [-103.400417, 31.251473], [-103.400162, 31.251478], [-103.399906, 31.251483], [-103.399651, 31.251488], [-103.399395, 31.251494], [-103.399139, 31.251499], [-103.398883, 31.251503], [-103.398628, 31.251506], [-103.398372, 31.251511], [-103.398116, 31.251517], [-103.397862, 31.251524], [-103.397712, 31.251527], [-103.397706, 31.251527], [-103.397689, 31.251528], [-103.397583, 31.251529], [-103.397498, 31.25153], [-103.39743, 31.251534], [-103.397326, 31.251535], [-103.397309, 31.251534], [-103.397284, 31.251535], [-103.397028, 31.251539], [-103.396926, 31.25154], [-103.396804, 31.251543], [-103.396651, 31.251546], [-103.396414, 31.251551], [-103.396162, 31.251556], [-103.395998, 31.251558], [-103.395836, 31.251561], [-103.39558, 31.251567], [-103.395325, 31.251572], [-103.39507, 31.251576], [-103.394814, 31.251581], [-103.39456, 31.251586], [-103.394305, 31.251592], [-103.394049, 31.251597], [-103.393797, 31.251602], [-103.393626, 31.251606], [-103.39337, 31.251611], [-103.393115, 31.251616], [-103.392859, 31.251621], [-103.392605, 31.251626], [-103.392349, 31.251632], [-103.392096, 31.251638], [-103.39184, 31.251642], [-103.391667, 31.251645], [-103.391518, 31.251648], [-103.391263, 31.251652], [-103.391007, 31.251655], [-103.390752, 31.251663], [-103.390496, 31.251663], [-103.39037, 31.251666], [-103.390342, 31.251666], [-103.390245, 31.25167], [-103.390171, 31.251673], [-103.390088, 31.251678], [-103.390069, 31.251677], [-103.38999, 31.251679], [-103.389809, 31.251683], [-103.389736, 31.251683], [-103.389482, 31.251687], [-103.389227, 31.251692], [-103.389211, 31.251692], [-103.389192, 31.251693], [-103.389074, 31.251695], [-103.388958, 31.251699], [-103.388938, 31.251699], [-103.388921, 31.251698], [-103.388667, 31.251701], [-103.388414, 31.251708], [-103.388157, 31.251712], [-103.387905, 31.25172], [-103.387649, 31.251725], [-103.387394, 31.25173], [-103.387252, 31.251733], [-103.387107, 31.251736], [-103.386855, 31.25174], [-103.386702, 31.251742], [-103.386546, 31.251745], [-103.38629, 31.251751], [-103.386034, 31.251756], [-103.385779, 31.251761], [-103.385524, 31.251766], [-103.38527, 31.251771], [-103.385014, 31.251777], [-103.384759, 31.251781], [-103.384551, 31.251784], [-103.384295, 31.251788], [-103.38404, 31.251794], [-103.383786, 31.251799], [-103.383746, 31.251799], [-103.38349, 31.251809], [-103.383478, 31.251808], [-103.383465, 31.251798], [-103.383333, 31.25161], [-103.3832, 31.251423], [-103.383067, 31.251235], [-103.382935, 31.251046], [-103.382803, 31.250858], [-103.382671, 31.25067], [-103.382539, 31.250485], [-103.382523, 31.250463], [-103.382513, 31.250454], [-103.3825, 31.250452], [-103.382482, 31.250452], [-103.38223, 31.250459], [-103.381974, 31.250463], [-103.381719, 31.250471], [-103.381708, 31.25047], [-103.38169, 31.250469], [-103.381571, 31.250474], [-103.381464, 31.250478], [-103.381445, 31.250479], [-103.381435, 31.250479], [-103.381413, 31.25048], [-103.381157, 31.250483], [-103.381038, 31.250483], [-103.380797, 31.250487], [-103.380557, 31.250491], [-103.380301, 31.250496], [-103.380045, 31.250501], [-103.379947, 31.250503], [-103.379802, 31.250506], [-103.379692, 31.250503], [-103.379465, 31.250498], [-103.37921, 31.250496], [-103.378953, 31.250491], [-103.378697, 31.250486], [-103.378512, 31.250483], [-103.378359, 31.250481], [-103.378107, 31.250478], [-103.377987, 31.250475], [-103.377862, 31.250474], [-103.377609, 31.250469], [-103.377467, 31.250466], [-103.377214, 31.250462], [-103.376959, 31.250458], [-103.376703, 31.250454], [-103.376447, 31.25045], [-103.376192, 31.250446], [-103.375936, 31.250442], [-103.37568, 31.250439], [-103.375566, 31.250437], [-103.375464, 31.250435], [-103.375208, 31.250431], [-103.374952, 31.250426], [-103.3747, 31.250422], [-103.374447, 31.250418], [-103.374192, 31.250413], [-103.373936, 31.25041], [-103.373685, 31.250404], [-103.373429, 31.250401], [-103.373173, 31.250396], [-103.372917, 31.250392], [-103.372661, 31.250387], [-103.372494, 31.250384], [-103.372366, 31.250382], [-103.372175, 31.250378], [-103.371924, 31.250373], [-103.371668, 31.250369], [-103.371412, 31.250365], [-103.371165, 31.250362], [-103.370945, 31.250358], [-103.370694, 31.250352], [-103.370438, 31.250347], [-103.370192, 31.250341], [-103.369937, 31.250337], [-103.369683, 31.250332], [-103.36948, 31.25033], [-103.369225, 31.250325], [-103.369202, 31.250323], [-103.368976, 31.25032], [-103.368816, 31.250318], [-103.368564, 31.250314], [-103.368311, 31.250309], [-103.368056, 31.250305], [-103.367805, 31.250302], [-103.367551, 31.250298], [-103.367296, 31.250294], [-103.367143, 31.250292], [-103.366886, 31.250288], [-103.366711, 31.250284], [-103.366458, 31.25028], [-103.366261, 31.250275], [-103.366006, 31.250271], [-103.36575, 31.250266], [-103.365495, 31.250261], [-103.365296, 31.250258], [-103.365262, 31.250257], [-103.365259, 31.250257], [-103.365255, 31.250257], [-103.36524, 31.250257], [-103.365231, 31.250256], [-103.365226, 31.250257], [-103.36522, 31.250257], [-103.365217, 31.250257], [-103.365214, 31.250257], [-103.365195, 31.250257], [-103.365193, 31.250257], [-103.365187, 31.250257], [-103.365182, 31.250257], [-103.36518, 31.250257], [-103.365161, 31.250257], [-103.365158, 31.250257], [-103.365155, 31.250257], [-103.365149, 31.250256], [-103.365144, 31.250256], [-103.36512, 31.250257], [-103.365116, 31.250257], [-103.365112, 31.250257], [-103.365079, 31.250256], [-103.365007, 31.250257], [-103.364935, 31.250255], [-103.364928, 31.250255], [-103.364921, 31.250257], [-103.364896, 31.250261], [-103.364836, 31.25028], [-103.36483, 31.250282], [-103.364823, 31.250281], [-103.364784, 31.250277], [-103.364729, 31.250278], [-103.364673, 31.250277], [-103.36452, 31.250273], [-103.364366, 31.25027], [-103.364215, 31.250266], [-103.364065, 31.250262], [-103.363913, 31.250259], [-103.363796, 31.250256], [-103.363729, 31.250255], [-103.363686, 31.250253], [-103.36368, 31.250251], [-103.363673, 31.250251], [-103.363614, 31.250231], [-103.363606, 31.250228], [-103.363601, 31.250228], [-103.363409, 31.250224], [-103.363354, 31.250224], [-103.363292, 31.250224], [-103.363281, 31.250223], [-103.3631, 31.250204], [-103.362896, 31.250182], [-103.362643, 31.250155], [-103.362389, 31.250127], [-103.362135, 31.2501], [-103.361883, 31.250074], [-103.361628, 31.250046], [-103.361484, 31.25003], [-103.36128, 31.250009], [-103.361118, 31.249991], [-103.360929, 31.249971], [-103.360721, 31.249949], [-103.360467, 31.249922], [-103.360214, 31.249895], [-103.359961, 31.249868], [-103.359927, 31.249863], [-103.359707, 31.249841], [-103.359455, 31.249814], [-103.359385, 31.249806], [-103.359198, 31.249785], [-103.358945, 31.249758], [-103.358695, 31.249732], [-103.358569, 31.249719], [-103.358441, 31.249705], [-103.358386, 31.249699], [-103.358188, 31.249678], [-103.357948, 31.249654], [-103.357694, 31.249626], [-103.35744, 31.249599], [-103.357187, 31.249573], [-103.356933, 31.249546], [-103.356784, 31.24953], [-103.356559, 31.249506], [-103.356305, 31.249479], [-103.356154, 31.249463], [-103.356029, 31.249449], [-103.3559, 31.249435], [-103.355647, 31.249406], [-103.355393, 31.249379], [-103.355267, 31.249366], [-103.355139, 31.249352], [-103.354886, 31.249324], [-103.354722, 31.249307], [-103.354468, 31.24928], [-103.354214, 31.249255], [-103.35409, 31.249244], [-103.354005, 31.249244], [-103.353777, 31.249252], [-103.353618, 31.249257], [-103.35361, 31.249258], [-103.353602, 31.249261], [-103.353515, 31.24931], [-103.353484, 31.249327], [-103.353455, 31.249343], [-103.353431, 31.249356], [-103.353358, 31.249396], [-103.353232, 31.249467], [-103.353103, 31.249538], [-103.352976, 31.249609], [-103.35285, 31.249679], [-103.352722, 31.249751], [-103.352625, 31.249805], [-103.352603, 31.249815], [-103.352588, 31.249823], [-103.352565, 31.249836], [-103.352349, 31.249953], [-103.352141, 31.250067], [-103.352132, 31.250068], [-103.351936, 31.250178], [-103.351899, 31.250198], [-103.351871, 31.250213], [-103.351868, 31.250215], [-103.351865, 31.250217], [-103.351841, 31.250229], [-103.351837, 31.250231], [-103.351832, 31.250234], [-103.35183, 31.250235], [-103.351827, 31.250237], [-103.351811, 31.250246], [-103.35181, 31.250247], [-103.351805, 31.250249], [-103.3518, 31.250252], [-103.351798, 31.250253], [-103.351783, 31.250261], [-103.35178, 31.250263], [-103.351777, 31.250264], [-103.351772, 31.250267], [-103.351768, 31.250269], [-103.351745, 31.250283], [-103.351742, 31.250284], [-103.351739, 31.250286], [-103.35172, 31.250296], [-103.351711, 31.250301], [-103.351508, 31.250413], [-103.351318, 31.250517], [-103.351102, 31.250636], [-103.350886, 31.250754], [-103.35067, 31.250872], [-103.350454, 31.25099], [-103.350239, 31.251109], [-103.350135, 31.251166], [-103.350024, 31.251228], [-103.349929, 31.25128], [-103.349888, 31.251303], [-103.349678, 31.251418], [-103.349462, 31.251536], [-103.349332, 31.251608], [-103.349119, 31.251725], [-103.349077, 31.251748], [-103.34894, 31.251822], [-103.348905, 31.251843], [-103.348759, 31.251922], [-103.348751, 31.251926], [-103.348742, 31.251927], [-103.348686, 31.251929], [-103.348486, 31.251935], [-103.348231, 31.251945], [-103.348127, 31.251949], [-103.347973, 31.251954], [-103.347789, 31.251963], [-103.347781, 31.251963], [-103.347748, 31.251965], [-103.347527, 31.251974], [-103.347465, 31.251977], [-103.347313, 31.251983], [-103.347057, 31.251993], [-103.346822, 31.252001], [-103.346567, 31.25201], [-103.346312, 31.25202], [-103.346056, 31.252029], [-103.345844, 31.252038], [-103.345802, 31.252038], [-103.345748, 31.25204], [-103.345711, 31.252041], [-103.345702, 31.252041], [-103.345696, 31.252043], [-103.345622, 31.252069], [-103.345617, 31.252069], [-103.345609, 31.25207], [-103.345598, 31.252071], [-103.345594, 31.252071], [-103.345577, 31.252071], [-103.345455, 31.252071], [-103.345339, 31.252071], [-103.345329, 31.25207], [-103.345303, 31.25207], [-103.345296, 31.25207], [-103.34529, 31.252068], [-103.34522, 31.252045], [-103.345211, 31.252043], [-103.345205, 31.252042], [-103.345058, 31.252046], [-103.345036, 31.252047], [-103.344807, 31.252047], [-103.344553, 31.252048], [-103.344297, 31.252047], [-103.344042, 31.252048], [-103.343974, 31.252048], [-103.343797, 31.252049], [-103.343746, 31.252049], [-103.343542, 31.252049], [-103.343286, 31.252051], [-103.343164, 31.252052], [-103.343066, 31.252053], [-103.342958, 31.252053], [-103.342766, 31.252054], [-103.342566, 31.252054], [-103.342402, 31.252055], [-103.342191, 31.252057], [-103.341937, 31.252057], [-103.341682, 31.252059], [-103.341427, 31.25206], [-103.34117, 31.252062], [-103.340914, 31.252063], [-103.340662, 31.252064], [-103.340413, 31.252065], [-103.340158, 31.252066], [-103.339902, 31.252066], [-103.339647, 31.252068], [-103.339428, 31.252068], [-103.339391, 31.252072], [-103.339299, 31.252069], [-103.339225, 31.252071], [-103.339217, 31.252072], [-103.339211, 31.252074], [-103.339116, 31.252104], [-103.33911, 31.252105], [-103.339103, 31.252104], [-103.339082, 31.252104], [-103.339067, 31.252104], [-103.338961, 31.252104], [-103.338812, 31.252104], [-103.338696, 31.252104], [-103.33868, 31.252103], [-103.338647, 31.252103], [-103.338641, 31.252103], [-103.338634, 31.252101], [-103.338558, 31.252078], [-103.338552, 31.252076], [-103.338543, 31.252075], [-103.338299, 31.252075], [-103.338043, 31.252077], [-103.337788, 31.252077], [-103.337631, 31.25208], [-103.337377, 31.252079], [-103.337206, 31.252081], [-103.336968, 31.252083], [-103.336712, 31.252083], [-103.336693, 31.252083], [-103.336681, 31.252084], [-103.336457, 31.252083], [-103.336201, 31.252084], [-103.335947, 31.252085], [-103.335695, 31.252086], [-103.335439, 31.252088], [-103.335278, 31.252088], [-103.335151, 31.252089], [-103.334899, 31.25209], [-103.334644, 31.252091], [-103.334387, 31.252091], [-103.334132, 31.252093], [-103.333879, 31.252094], [-103.333623, 31.252096], [-103.333484, 31.252096], [-103.333228, 31.252098], [-103.333079, 31.252099], [-103.332958, 31.252101], [-103.332943, 31.252102], [-103.332768, 31.252105], [-103.332763, 31.252105], [-103.332754, 31.252107], [-103.332693, 31.252127], [-103.332685, 31.252128], [-103.33268, 31.252128], [-103.332655, 31.25213], [-103.332642, 31.252128], [-103.332532, 31.252129], [-103.332425, 31.252129], [-103.332415, 31.252129], [-103.332383, 31.25213], [-103.332372, 31.252131], [-103.332367, 31.252128], [-103.332297, 31.252106], [-103.332291, 31.252103], [-103.332284, 31.252104], [-103.332042, 31.252106], [-103.33179, 31.252107], [-103.331534, 31.252109], [-103.33138, 31.252111], [-103.331301, 31.252112], [-103.331287, 31.252116], [-103.331278, 31.252132], [-103.33128, 31.252284], [-103.33128, 31.252341], [-103.33128, 31.252359], [-103.33128, 31.252426], [-103.331281, 31.252557], [-103.331282, 31.252689], [-103.331282, 31.25278], [-103.331283, 31.252897], [-103.331283, 31.253029], [-103.331284, 31.25316], [-103.331284, 31.253237], [-103.331284, 31.253254], [-103.331283, 31.253281], [-103.331285, 31.253501], [-103.331287, 31.25372], [-103.331287, 31.253743], [-103.331288, 31.253821], [-103.331289, 31.253928], [-103.331288, 31.25404], [-103.331286, 31.254137], [-103.331285, 31.254161], [-103.331284, 31.254172], [-103.331272, 31.254181], [-103.331057, 31.254291], [-103.330985, 31.254329], [-103.330965, 31.254337], [-103.330818, 31.254411], [-103.330761, 31.25443], [-103.330519, 31.254506], [-103.330279, 31.254581], [-103.330041, 31.254656], [-103.329804, 31.254731], [-103.329564, 31.254808], [-103.329325, 31.254885], [-103.329086, 31.254962], [-103.328846, 31.255038], [-103.328606, 31.255114], [-103.328367, 31.255191], [-103.328127, 31.255267], [-103.327887, 31.255343], [-103.327647, 31.255419], [-103.327408, 31.255495], [-103.327167, 31.255572], [-103.326928, 31.255649], [-103.326689, 31.255725], [-103.326454, 31.255799], [-103.326213, 31.255874], [-103.325973, 31.255951], [-103.325734, 31.256027], [-103.325494, 31.256103], [-103.325254, 31.256179], [-103.325014, 31.256256], [-103.324777, 31.256331], [-103.324538, 31.256407], [-103.3243, 31.256482], [-103.324063, 31.256558], [-103.323823, 31.256634], [-103.323629, 31.256696], [-103.323455, 31.25675], [-103.323215, 31.256826], [-103.323092, 31.256865], [-103.322921, 31.256921], [-103.32269, 31.256994], [-103.322461, 31.257068], [-103.322457, 31.25707], [-103.322218, 31.257148], [-103.322202, 31.257155], [-103.322195, 31.257157], [-103.322189, 31.25716], [-103.322134, 31.257201], [-103.322129, 31.257204], [-103.322121, 31.257206], [-103.322111, 31.257211], [-103.322098, 31.257213], [-103.32199, 31.257247], [-103.321875, 31.257284], [-103.321755, 31.257322], [-103.321611, 31.257368], [-103.321467, 31.257414], [-103.321323, 31.25746], [-103.321185, 31.257504], [-103.321082, 31.257537], [-103.321062, 31.257543], [-103.321045, 31.257548], [-103.321039, 31.25755], [-103.321031, 31.257549], [-103.320942, 31.25755], [-103.320937, 31.25755], [-103.320929, 31.257552], [-103.320698, 31.257626], [-103.320458, 31.257705], [-103.320326, 31.257747], [-103.320318, 31.257751], [-103.320313, 31.257756], [-103.320283, 31.257788], [-103.320213, 31.257859], [-103.320132, 31.257944], [-103.320027, 31.258052], [-103.319995, 31.258085], [-103.319952, 31.258117], [-103.319855, 31.258189], [-103.319742, 31.258271], [-103.319666, 31.258322], [-103.31955, 31.258406], [-103.319467, 31.258465], [-103.319359, 31.258548], [-103.319175, 31.258681], [-103.319009, 31.258801], [-103.318819, 31.258938], [-103.318624, 31.25908], [-103.318428, 31.259223], [-103.318356, 31.259275], [-103.318342, 31.259284], [-103.318335, 31.259289], [-103.31823, 31.259366], [-103.318113, 31.259451], [-103.318028, 31.259513], [-103.318019, 31.259519], [-103.318009, 31.259527], [-103.317855, 31.259641], [-103.317809, 31.259673], [-103.317764, 31.259706], [-103.317754, 31.259713], [-103.317737, 31.259725], [-103.31766, 31.259782], [-103.317543, 31.259867], [-103.317428, 31.259952], [-103.317339, 31.260017], [-103.317331, 31.260022], [-103.317318, 31.260031], [-103.317183, 31.260131], [-103.317091, 31.260197], [-103.317073, 31.260209], [-103.316879, 31.260351], [-103.316684, 31.260493], [-103.316575, 31.260574], [-103.316492, 31.260639], [-103.31647, 31.260659], [-103.316305, 31.26079], [-103.31612, 31.26094], [-103.316071, 31.260978], [-103.315936, 31.261087], [-103.315893, 31.26112], [-103.315746, 31.261235], [-103.315562, 31.261382], [-103.315374, 31.261531], [-103.315186, 31.26168], [-103.315008, 31.261824], [-103.314823, 31.261972], [-103.314635, 31.262121], [-103.314447, 31.26227], [-103.314263, 31.262417], [-103.314089, 31.262558], [-103.313905, 31.262705], [-103.313716, 31.262853], [-103.313529, 31.263003], [-103.31338, 31.263126], [-103.313359, 31.263142], [-103.313344, 31.263151], [-103.313278, 31.263205], [-103.313162, 31.263296], [-103.313002, 31.263427], [-103.312976, 31.263447], [-103.31279, 31.263597], [-103.312603, 31.263748], [-103.312545, 31.263794], [-103.312536, 31.263802], [-103.312523, 31.263811], [-103.312343, 31.263954], [-103.312333, 31.263959], [-103.312318, 31.263972], [-103.312177, 31.264084], [-103.312128, 31.264124], [-103.312104, 31.264145], [-103.312026, 31.264207], [-103.311927, 31.264286], [-103.311803, 31.264385], [-103.31165, 31.264506], [-103.311502, 31.264623], [-103.311314, 31.264772], [-103.311126, 31.26492], [-103.310939, 31.26507], [-103.310752, 31.265219], [-103.310565, 31.26537], [-103.310423, 31.265483], [-103.310238, 31.265632], [-103.31005, 31.265781], [-103.309863, 31.265931], [-103.309677, 31.266081], [-103.309488, 31.26623], [-103.309302, 31.26638], [-103.309197, 31.266468], [-103.309163, 31.266493], [-103.309114, 31.26653], [-103.308927, 31.266678], [-103.30874, 31.266827], [-103.308722, 31.266842], [-103.308569, 31.266966], [-103.30838, 31.267115], [-103.308193, 31.267263], [-103.308005, 31.267413], [-103.307817, 31.267563], [-103.30763, 31.267712], [-103.307507, 31.26781], [-103.307441, 31.267854], [-103.307241, 31.267986], [-103.307037, 31.26812], [-103.306834, 31.268252], [-103.306631, 31.268387], [-103.306428, 31.26852], [-103.306225, 31.268653], [-103.306021, 31.268786], [-103.305818, 31.268919], [-103.305614, 31.269052], [-103.305411, 31.269186], [-103.305305, 31.269255], [-103.305102, 31.269389], [-103.304899, 31.269522], [-103.304743, 31.269626], [-103.304622, 31.269706], [-103.30454, 31.269761], [-103.304455, 31.269814], [-103.304285, 31.269924], [-103.304207, 31.269976], [-103.304091, 31.270051], [-103.303978, 31.270126], [-103.303863, 31.270201], [-103.303724, 31.270293], [-103.303521, 31.270425], [-103.303319, 31.27056], [-103.303115, 31.270693], [-103.302912, 31.270826], [-103.302708, 31.270959], [-103.302505, 31.271092], [-103.302301, 31.271225], [-103.302121, 31.271342], [-103.302098, 31.271358], [-103.301893, 31.271491], [-103.301736, 31.271593], [-103.301692, 31.271625], [-103.301487, 31.271758], [-103.301296, 31.271884], [-103.301284, 31.271892], [-103.301081, 31.272026], [-103.300943, 31.272117], [-103.3008, 31.272212], [-103.300595, 31.272344], [-103.300583, 31.272353], [-103.300574, 31.272357], [-103.300569, 31.27236], [-103.300399, 31.272471], [-103.300257, 31.272566], [-103.300244, 31.272572], [-103.300231, 31.27258]], [[-103.300231, 31.272579], [-103.300174, 31.272618], [-103.300041, 31.272709], [-103.300034, 31.272712], [-103.30003, 31.27272], [-103.300019, 31.272739], [-103.299932, 31.27293], [-103.299925, 31.272938], [-103.299916, 31.272942], [-103.29986, 31.272962], [-103.299842, 31.272967], [-103.299752, 31.272998], [-103.29961, 31.273047], [-103.299579, 31.273058], [-103.299568, 31.273062], [-103.299492, 31.273087], [-103.299426, 31.273111], [-103.299279, 31.273206], [-103.299255, 31.273222], [-103.299148, 31.273295], [-103.299064, 31.27335], [-103.298945, 31.273429], [-103.298858, 31.273486], [-103.298793, 31.273529], [-103.298598, 31.273657], [-103.298397, 31.273789], [-103.298208, 31.273911], [-103.298005, 31.274044], [-103.297802, 31.274178], [-103.297602, 31.274309], [-103.297399, 31.274442], [-103.297197, 31.274576], [-103.296996, 31.274707], [-103.296793, 31.27484], [-103.29659, 31.274974], [-103.296387, 31.275107], [-103.296183, 31.275239], [-103.296087, 31.275304], [-103.295988, 31.275368], [-103.295784, 31.275502], [-103.295593, 31.275627], [-103.29539, 31.27576], [-103.295185, 31.275893], [-103.294982, 31.276028], [-103.29478, 31.27616], [-103.294576, 31.276293], [-103.294454, 31.276372], [-103.294335, 31.27645], [-103.294236, 31.276515], [-103.294078, 31.276618], [-103.293948, 31.276703], [-103.293806, 31.276796], [-103.29365, 31.276899], [-103.293447, 31.277032], [-103.293243, 31.277165], [-103.293039, 31.277298], [-103.292836, 31.277432], [-103.292633, 31.277565], [-103.292566, 31.277609], [-103.292411, 31.277712], [-103.292333, 31.277761], [-103.292197, 31.277852], [-103.292023, 31.277966], [-103.291873, 31.278064], [-103.291672, 31.278196], [-103.291469, 31.27833], [-103.291268, 31.278461], [-103.291064, 31.278593], [-103.290861, 31.278727], [-103.290659, 31.278859], [-103.290467, 31.278984], [-103.290298, 31.279096], [-103.290113, 31.279217], [-103.290096, 31.279227], [-103.289699, 31.279489], [-103.289694, 31.279493], [-103.289687, 31.279496], [-103.289683, 31.2795], [-103.289584, 31.279566], [-103.289495, 31.279625], [-103.289482, 31.279634], [-103.289475, 31.27964], [-103.28947, 31.279643], [-103.289277, 31.27977], [-103.289266, 31.279778], [-103.289074, 31.279901], [-103.28887, 31.280034], [-103.288763, 31.280103], [-103.288707, 31.28014], [-103.288633, 31.280188], [-103.288548, 31.280244], [-103.288408, 31.280335], [-103.288268, 31.280428], [-103.288104, 31.280534], [-103.287901, 31.280668], [-103.287698, 31.280802], [-103.287495, 31.280936], [-103.287292, 31.281069], [-103.28709, 31.2812], [-103.286921, 31.28131], [-103.286801, 31.281387], [-103.286743, 31.281426], [-103.286687, 31.281463], [-103.286681, 31.281467], [-103.286675, 31.281469], [-103.28646, 31.281528], [-103.286455, 31.28153], [-103.286449, 31.281534], [-103.286289, 31.28164], [-103.286282, 31.281644], [-103.286273, 31.28165], [-103.286256, 31.28166], [-103.286173, 31.281715], [-103.28605, 31.281794], [-103.285927, 31.281873], [-103.285804, 31.281952], [-103.285681, 31.28203], [-103.285559, 31.282109], [-103.285476, 31.282172], [-103.285468, 31.282178], [-103.285439, 31.282197], [-103.28529, 31.282295], [-103.285284, 31.282299], [-103.28528, 31.282304], [-103.285163, 31.28246], [-103.28516, 31.282464], [-103.285154, 31.282468], [-103.285066, 31.282527], [-103.285035, 31.282546], [-103.284927, 31.282617], [-103.284874, 31.282651], [-103.28467, 31.282784], [-103.284468, 31.282918], [-103.284343, 31.283], [-103.284139, 31.283134], [-103.283935, 31.283267], [-103.283735, 31.283398], [-103.283584, 31.283499], [-103.283558, 31.283516], [-103.283531, 31.283533], [-103.283379, 31.283635], [-103.283358, 31.283649], [-103.283331, 31.283667], [-103.283179, 31.283767], [-103.283127, 31.2838], [-103.283117, 31.283808], [-103.282926, 31.283933], [-103.282724, 31.284065], [-103.282571, 31.284165], [-103.282369, 31.284297], [-103.282166, 31.28443], [-103.282003, 31.284537], [-103.281851, 31.284637], [-103.281647, 31.28477], [-103.281445, 31.284903], [-103.28124, 31.285036], [-103.281115, 31.285116], [-103.281088, 31.285133], [-103.280913, 31.285248], [-103.280907, 31.285252], [-103.2809, 31.285255], [-103.280885, 31.285263], [-103.280711, 31.285382], [-103.280686, 31.285397], [-103.28068, 31.285403], [-103.280677, 31.285403], [-103.280672, 31.285408], [-103.280643, 31.285426], [-103.280507, 31.285517], [-103.280475, 31.285538], [-103.280412, 31.285579], [-103.28032, 31.285639], [-103.280118, 31.285773], [-103.279914, 31.285906], [-103.27971, 31.286039], [-103.279507, 31.286172], [-103.279303, 31.286305], [-103.279172, 31.286392], [-103.279064, 31.286463], [-103.278862, 31.286594], [-103.278693, 31.286705], [-103.278528, 31.286814], [-103.278393, 31.286901], [-103.27819, 31.287034], [-103.277987, 31.287168], [-103.277779, 31.287304], [-103.27758, 31.287435], [-103.277377, 31.287567], [-103.277173, 31.287701], [-103.276971, 31.287835], [-103.276835, 31.287926], [-103.276768, 31.287966], [-103.276655, 31.288043], [-103.276566, 31.288101], [-103.276456, 31.288174], [-103.276418, 31.288196], [-103.276362, 31.288232], [-103.276246, 31.288309], [-103.276158, 31.288366], [-103.275956, 31.288497], [-103.275753, 31.288631], [-103.27555, 31.288764], [-103.275477, 31.288814], [-103.275401, 31.288864], [-103.275196, 31.288996], [-103.274991, 31.289128], [-103.274984, 31.28913], [-103.274975, 31.289133], [-103.274816, 31.289149], [-103.274772, 31.289154], [-103.274561, 31.28915], [-103.274304, 31.289148], [-103.274049, 31.289147], [-103.273793, 31.289144], [-103.273544, 31.289142], [-103.273361, 31.28914], [-103.273287, 31.28914], [-103.273223, 31.289138], [-103.273032, 31.289137], [-103.27298, 31.289136], [-103.272944, 31.289136], [-103.272777, 31.289136], [-103.27272, 31.289133], [-103.272522, 31.289132], [-103.27228, 31.289131], [-103.272026, 31.28913], [-103.271772, 31.289128], [-103.271553, 31.289125], [-103.271514, 31.289125], [-103.27149, 31.289125], [-103.271486, 31.289127], [-103.271451, 31.289125], [-103.271433, 31.289124], [-103.271415, 31.289125], [-103.271284, 31.289122], [-103.271058, 31.289119], [-103.271043, 31.289119], [-103.271028, 31.289119], [-103.270772, 31.289117], [-103.270643, 31.289116], [-103.270618, 31.289118], [-103.270391, 31.289116], [-103.270132, 31.289113], [-103.269876, 31.28911], [-103.26962, 31.289107], [-103.269368, 31.289105], [-103.269113, 31.289103], [-103.268857, 31.289101], [-103.268601, 31.289099], [-103.268345, 31.289097], [-103.268089, 31.289094], [-103.267892, 31.289093], [-103.267638, 31.289091], [-103.267382, 31.289088], [-103.267126, 31.289086], [-103.26687, 31.289084], [-103.266614, 31.289082], [-103.266359, 31.28908], [-103.266108, 31.289078], [-103.265851, 31.289076], [-103.26562, 31.289073], [-103.265395, 31.289071], [-103.265139, 31.28907], [-103.264884, 31.289067], [-103.264628, 31.289063], [-103.264372, 31.289061], [-103.264117, 31.289058], [-103.26386, 31.289055], [-103.263654, 31.289052], [-103.263605, 31.289053], [-103.263589, 31.289054], [-103.263331, 31.289051], [-103.263108, 31.289051], [-103.263081, 31.289051], [-103.262854, 31.289048], [-103.262602, 31.289046], [-103.262349, 31.289041], [-103.262092, 31.289041], [-103.261836, 31.289038], [-103.26158, 31.289036], [-103.26136, 31.289033], [-103.261105, 31.289029], [-103.260852, 31.289026], [-103.260639, 31.289024], [-103.260387, 31.289022], [-103.260133, 31.289017], [-103.259877, 31.289012], [-103.259621, 31.289008], [-103.259365, 31.289003], [-103.25911, 31.289001], [-103.258894, 31.288997], [-103.258641, 31.288994], [-103.258386, 31.28899], [-103.258133, 31.288986], [-103.257879, 31.288984], [-103.257624, 31.28898], [-103.257369, 31.288975], [-103.257116, 31.288973], [-103.25686, 31.28897], [-103.256604, 31.288967], [-103.256348, 31.288964], [-103.256159, 31.288962], [-103.256091, 31.288959], [-103.255935, 31.288954], [-103.255926, 31.288955], [-103.255915, 31.288961], [-103.255877, 31.288992], [-103.25569, 31.289144], [-103.255667, 31.289167], [-103.255514, 31.289293], [-103.255328, 31.289446], [-103.255143, 31.289599], [-103.254958, 31.289752], [-103.254775, 31.289904], [-103.254591, 31.290057], [-103.254416, 31.290202], [-103.254236, 31.290354], [-103.254052, 31.290507], [-103.253868, 31.290659], [-103.253684, 31.29081], [-103.253501, 31.290963], [-103.253316, 31.291116], [-103.253156, 31.291248], [-103.252972, 31.2914], [-103.25279, 31.291551], [-103.252605, 31.291704], [-103.252421, 31.291855], [-103.252237, 31.292008], [-103.252052, 31.292161], [-103.25187, 31.292314], [-103.251686, 31.292465], [-103.251545, 31.292583], [-103.251362, 31.292736], [-103.251177, 31.292888], [-103.250994, 31.293041], [-103.25081, 31.293194], [-103.250624, 31.293345], [-103.250442, 31.293495], [-103.250258, 31.293648], [-103.250074, 31.293801], [-103.24989, 31.293954], [-103.249706, 31.294106], [-103.249525, 31.294258], [-103.249366, 31.294392], [-103.249344, 31.29441], [-103.249159, 31.294563], [-103.249097, 31.294615], [-103.249089, 31.294621], [-103.249076, 31.294622], [-103.248905, 31.294619], [-103.248883, 31.29462], [-103.248651, 31.294617], [-103.248395, 31.294614], [-103.24827, 31.294612], [-103.248151, 31.294611], [-103.247986, 31.294608], [-103.247777, 31.294604], [-103.247606, 31.294603], [-103.24739, 31.294599], [-103.247161, 31.294594], [-103.246905, 31.29459], [-103.24665, 31.294587], [-103.246394, 31.294583], [-103.246139, 31.29458], [-103.245882, 31.294576], [-103.24563, 31.294573], [-103.245374, 31.294569], [-103.245217, 31.294567], [-103.24511, 31.294565], [-103.244858, 31.294561], [-103.244603, 31.294557], [-103.244346, 31.294554], [-103.244092, 31.29455], [-103.243844, 31.294546], [-103.243592, 31.294541], [-103.243442, 31.294539], [-103.243186, 31.294535], [-103.243026, 31.294533], [-103.242856, 31.29453], [-103.242604, 31.294526], [-103.242396, 31.294524], [-103.242222, 31.294521], [-103.241966, 31.294517], [-103.241714, 31.294512], [-103.241458, 31.294509], [-103.241203, 31.294505], [-103.24095, 31.294501], [-103.240694, 31.294497], [-103.240444, 31.294493], [-103.24019, 31.294489], [-103.23994, 31.294486], [-103.239689, 31.294483], [-103.239435, 31.29448], [-103.239183, 31.294475], [-103.238927, 31.294471], [-103.238674, 31.294466], [-103.238421, 31.294463], [-103.238163, 31.29446], [-103.237907, 31.294457], [-103.237655, 31.294454], [-103.237603, 31.294452], [-103.237431, 31.29445], [-103.237268, 31.294448], [-103.237157, 31.294446], [-103.237022, 31.294443], [-103.236848, 31.29444], [-103.236622, 31.294437], [-103.236392, 31.294435], [-103.236367, 31.294434], [-103.236112, 31.294429], [-103.235856, 31.294425], [-103.2356, 31.294421], [-103.235358, 31.294419], [-103.235333, 31.294415], [-103.235102, 31.294414], [-103.234847, 31.294411], [-103.234702, 31.294409], [-103.234581, 31.294407], [-103.23443, 31.294404], [-103.234263, 31.294401], [-103.234086, 31.294398], [-103.233831, 31.294395], [-103.233575, 31.294391], [-103.233319, 31.294386], [-103.233063, 31.294383], [-103.232807, 31.29438], [-103.232551, 31.294376], [-103.232299, 31.294372], [-103.232047, 31.294368], [-103.231846, 31.294365], [-103.231591, 31.294362], [-103.231335, 31.294359], [-103.231079, 31.294354], [-103.230825, 31.29435], [-103.230592, 31.294346], [-103.230456, 31.294344], [-103.230337, 31.294343], [-103.230178, 31.29434], [-103.230032, 31.294339], [-103.229894, 31.294337], [-103.229721, 31.294335], [-103.229639, 31.294325], [-103.229475, 31.294309], [-103.229221, 31.294283], [-103.228967, 31.294257], [-103.228712, 31.294231], [-103.228459, 31.294206], [-103.228263, 31.294188], [-103.22823, 31.294184], [-103.228055, 31.294167], [-103.227801, 31.294141], [-103.227547, 31.294114], [-103.227405, 31.2941], [-103.227403, 31.294099], [-103.227246, 31.294084], [-103.226993, 31.294057], [-103.226744, 31.294031], [-103.22649, 31.294006], [-103.226257, 31.293985], [-103.226219, 31.293978], [-103.226155, 31.293971], [-103.226024, 31.293959], [-103.225999, 31.293957], [-103.225987, 31.293957], [-103.225978, 31.293963], [-103.225909, 31.294012], [-103.225714, 31.294153], [-103.225684, 31.294173], [-103.225593, 31.294236], [-103.225474, 31.294318], [-103.225354, 31.2944], [-103.225235, 31.294482], [-103.225182, 31.294518], [-103.225152, 31.294539], [-103.225021, 31.294628], [-103.225011, 31.294633], [-103.224998, 31.294634], [-103.224764, 31.294611], [-103.224508, 31.294588], [-103.224254, 31.294562], [-103.224003, 31.294537], [-103.223841, 31.294521], [-103.223602, 31.294497], [-103.223348, 31.29447], [-103.223204, 31.294456], [-103.223093, 31.294448], [-103.222838, 31.29443], [-103.222837, 31.29443], [-103.222583, 31.294413], [-103.222328, 31.294394], [-103.222073, 31.294375], [-103.221818, 31.294357], [-103.221592, 31.294341], [-103.221563, 31.29434], [-103.221307, 31.29434], [-103.221052, 31.294341], [-103.220814, 31.294342], [-103.220801, 31.29434], [-103.220544, 31.294344], [-103.220289, 31.294342], [-103.220033, 31.294341], [-103.219844, 31.294343], [-103.219589, 31.294342], [-103.219335, 31.294342], [-103.219295, 31.294342], [-103.219273, 31.294341], [-103.219195, 31.294343], [-103.218996, 31.294344], [-103.218744, 31.294343], [-103.21849, 31.294344], [-103.218238, 31.294344], [-103.217982, 31.294344], [-103.21773, 31.294345], [-103.217612, 31.294344], [-103.217355, 31.294344], [-103.217183, 31.294344], [-103.216927, 31.294344], [-103.216672, 31.294345], [-103.216416, 31.294344], [-103.21616, 31.294344], [-103.215904, 31.294344], [-103.215648, 31.294343], [-103.215398, 31.294343], [-103.215158, 31.294343], [-103.214906, 31.294343], [-103.21465, 31.294345], [-103.214399, 31.294346], [-103.214142, 31.294346], [-103.21389, 31.294346], [-103.213638, 31.294346], [-103.213382, 31.294346], [-103.213162, 31.294347], [-103.212905, 31.294347], [-103.212651, 31.294346], [-103.212394, 31.294347], [-103.212196, 31.294349], [-103.211966, 31.294348], [-103.211711, 31.294348], [-103.211458, 31.294348], [-103.211205, 31.294348], [-103.210949, 31.294347], [-103.210714, 31.294347], [-103.210694, 31.294348], [-103.210567, 31.294347], [-103.210457, 31.294346], [-103.210324, 31.294308], [-103.210203, 31.294271], [-103.209963, 31.294196], [-103.209723, 31.294118], [-103.209484, 31.294042], [-103.209243, 31.293966], [-103.209007, 31.293891], [-103.208805, 31.293828], [-103.208795, 31.293824], [-103.208568, 31.293756], [-103.208502, 31.293735], [-103.208334, 31.293667], [-103.208103, 31.293573], [-103.207903, 31.293493], [-103.207672, 31.293399], [-103.207446, 31.293308], [-103.207234, 31.293223], [-103.207001, 31.293132], [-103.206965, 31.293118], [-103.206777, 31.293025], [-103.206555, 31.292916], [-103.206338, 31.292806], [-103.206116, 31.292697], [-103.205951, 31.292617], [-103.205729, 31.292508], [-103.205522, 31.292406], [-103.205507, 31.292398], [-103.205287, 31.292291], [-103.205075, 31.292187], [-103.205061, 31.292181], [-103.20505, 31.292173], [-103.204848, 31.292075], [-103.204628, 31.291967], [-103.204406, 31.291857], [-103.204185, 31.291748], [-103.203963, 31.291638], [-103.203741, 31.291529], [-103.203519, 31.291419], [-103.203324, 31.291322], [-103.20329, 31.291307], [-103.203146, 31.291236], [-103.203138, 31.291232], [-103.20313, 31.291232], [-103.203049, 31.291232], [-103.203012, 31.291231], [-103.202794, 31.291231], [-103.202538, 31.291232], [-103.202294, 31.291233], [-103.202038, 31.291232], [-103.201782, 31.291232], [-103.201529, 31.291232], [-103.201273, 31.291232], [-103.201017, 31.291232], [-103.200761, 31.291232], [-103.200506, 31.291234], [-103.200253, 31.291234], [-103.199998, 31.291235], [-103.199744, 31.291235], [-103.199487, 31.291234], [-103.199235, 31.291234], [-103.198984, 31.291236], [-103.198732, 31.291236], [-103.198496, 31.291236], [-103.198477, 31.291236], [-103.198271, 31.291237], [-103.198224, 31.291233], [-103.19818, 31.291237], [-103.198167, 31.291236], [-103.19816, 31.291235], [-103.198114, 31.291235], [-103.198015, 31.291233], [-103.197939, 31.291232], [-103.197925, 31.291232], [-103.197909, 31.291232], [-103.19776, 31.291204], [-103.197696, 31.291201], [-103.197492, 31.291176], [-103.19724, 31.291145], [-103.196986, 31.291115], [-103.196733, 31.291084], [-103.196479, 31.291055], [-103.196247, 31.291028], [-103.196226, 31.291025], [-103.196074, 31.291008], [-103.195817, 31.290978], [-103.195564, 31.290949], [-103.195529, 31.290946], [-103.195295, 31.290918], [-103.195041, 31.290887], [-103.194788, 31.290858], [-103.194535, 31.290827], [-103.194281, 31.290798], [-103.194028, 31.290769], [-103.193778, 31.290739], [-103.193524, 31.290709], [-103.19327, 31.29068], [-103.193017, 31.29065], [-103.192764, 31.29062], [-103.19251, 31.29059], [-103.192257, 31.290561], [-103.192008, 31.290533], [-103.191754, 31.290504], [-103.191501, 31.290473], [-103.191248, 31.290442], [-103.190995, 31.290412], [-103.190741, 31.290382], [-103.190564, 31.29036], [-103.190311, 31.290331], [-103.19013, 31.29031], [-103.189877, 31.290281], [-103.189674, 31.290257], [-103.189421, 31.290228], [-103.189167, 31.290197], [-103.188917, 31.290168], [-103.188668, 31.290138], [-103.188415, 31.290109], [-103.188161, 31.290079], [-103.187908, 31.290049], [-103.187658, 31.290019], [-103.187407, 31.289989], [-103.187151, 31.289959], [-103.186897, 31.28993], [-103.186646, 31.289903], [-103.186392, 31.289872], [-103.186137, 31.289843], [-103.185883, 31.289813], [-103.185631, 31.289784], [-103.185438, 31.28976], [-103.185283, 31.289742], [-103.1852, 31.289741], [-103.185185, 31.289738], [-103.184929, 31.289736], [-103.184808, 31.289734], [-103.18479, 31.28973], [-103.184783, 31.289713], [-103.184783, 31.289668], [-103.184786, 31.289565], [-103.184786, 31.289466], [-103.184785, 31.289451], [-103.184786, 31.289421], [-103.184784, 31.28932], [-103.184784, 31.289188], [-103.184783, 31.289057], [-103.184783, 31.288958], [-103.184782, 31.288827], [-103.184782, 31.288695], [-103.184781, 31.288565], [-103.18478, 31.288518], [-103.18478, 31.288492], [-103.184781, 31.288486], [-103.184781, 31.288482], [-103.18478, 31.288338], [-103.184773, 31.288323], [-103.184754, 31.288315], [-103.184665, 31.288317], [-103.184438, 31.288319], [-103.184404, 31.288321], [-103.184182, 31.288321], [-103.184063, 31.288321], [-103.183807, 31.288321], [-103.183601, 31.288321], [-103.183361, 31.288321], [-103.183105, 31.288321], [-103.182849, 31.288321], [-103.182593, 31.288321], [-103.182341, 31.288322], [-103.182086, 31.288324], [-103.181833, 31.288325], [-103.181703, 31.288325], [-103.181447, 31.288324], [-103.181259, 31.288325], [-103.181003, 31.288327], [-103.180747, 31.288327], [-103.180491, 31.288327], [-103.180235, 31.288327], [-103.179983, 31.288327], [-103.179887, 31.288326], [-103.179788, 31.288327], [-103.179663, 31.288326], [-103.179537, 31.288327], [-103.179411, 31.288326], [-103.179268, 31.288327], [-103.179142, 31.288327], [-103.179016, 31.288327], [-103.178872, 31.288328], [-103.178709, 31.288328], [-103.178551, 31.288328], [-103.17839, 31.288328], [-103.178228, 31.288328], [-103.178068, 31.288328], [-103.177813, 31.288329], [-103.177596, 31.28833], [-103.177573, 31.28833], [-103.177538, 31.28833], [-103.177517, 31.288331], [-103.177295, 31.288332], [-103.17706, 31.288331], [-103.176804, 31.288332], [-103.176551, 31.288334], [-103.176296, 31.288334], [-103.17604, 31.288335], [-103.175785, 31.288335], [-103.175669, 31.288332], [-103.175534, 31.288312], [-103.175337, 31.288282], [-103.175144, 31.288254], [-103.174952, 31.288226], [-103.174794, 31.288203], [-103.174545, 31.288166], [-103.174307, 31.28813], [-103.174077, 31.288097], [-103.173828, 31.288061], [-103.173591, 31.288026], [-103.173576, 31.288024], [-103.173333, 31.28799], [-103.173086, 31.287956], [-103.173063, 31.287953], [-103.172835, 31.287918], [-103.172583, 31.287881], [-103.172334, 31.287845], [-103.172081, 31.287808], [-103.171829, 31.287771], [-103.171577, 31.287735], [-103.171324, 31.287699], [-103.171074, 31.287661], [-103.170822, 31.287624], [-103.170569, 31.287588], [-103.170317, 31.287551], [-103.170069, 31.287513], [-103.169817, 31.287476], [-103.169568, 31.28744], [-103.169534, 31.287436], [-103.169366, 31.287408], [-103.169316, 31.287399], [-103.169124, 31.287368], [-103.168873, 31.287326], [-103.168622, 31.287284], [-103.168587, 31.28728], [-103.168571, 31.287277], [-103.168369, 31.287242], [-103.168163, 31.287208], [-103.167912, 31.287167], [-103.16766, 31.287125], [-103.167409, 31.287084], [-103.167183, 31.287047], [-103.166943, 31.287008], [-103.166693, 31.286967], [-103.166442, 31.286925], [-103.166246, 31.286893], [-103.165995, 31.286852], [-103.165743, 31.28681], [-103.165501, 31.28677], [-103.165253, 31.286729], [-103.165002, 31.286687], [-103.16475, 31.286645], [-103.164503, 31.286605], [-103.164295, 31.286571], [-103.164132, 31.286544], [-103.164006, 31.286525], [-103.16395, 31.286513], [-103.163698, 31.286472], [-103.163447, 31.28643], [-103.163414, 31.286424], [-103.163408, 31.286424], [-103.1632, 31.28639], [-103.162949, 31.286349], [-103.162742, 31.286315], [-103.162491, 31.286274], [-103.162242, 31.286233], [-103.161991, 31.286192], [-103.16174, 31.28615], [-103.16149, 31.286109], [-103.161239, 31.286068], [-103.160987, 31.286026], [-103.160736, 31.285985], [-103.160484, 31.285944], [-103.160237, 31.285903], [-103.159984, 31.285861], [-103.159734, 31.28582], [-103.159483, 31.28578], [-103.159232, 31.285739], [-103.158981, 31.285698], [-103.15873, 31.285655], [-103.158478, 31.285613], [-103.158228, 31.285569], [-103.157977, 31.285528], [-103.157726, 31.285486], [-103.157475, 31.285445], [-103.157223, 31.285403], [-103.156972, 31.285361], [-103.156721, 31.28532], [-103.156481, 31.28528], [-103.15623, 31.285239], [-103.155978, 31.285199], [-103.155727, 31.285157], [-103.155691, 31.285151], [-103.155553, 31.285128], [-103.155477, 31.285114], [-103.155225, 31.285073], [-103.154973, 31.285032], [-103.154753, 31.284997], [-103.154723, 31.28499], [-103.154544, 31.28496], [-103.154526, 31.28496], [-103.154514, 31.284977], [-103.1545, 31.28504], [-103.154472, 31.285155], [-103.154437, 31.285302], [-103.154388, 31.285514], [-103.154376, 31.285553], [-103.154329, 31.285771], [-103.154323, 31.285779], [-103.15431, 31.285788], [-103.1543, 31.285788], [-103.154103, 31.28585], [-103.154081, 31.285855], [-103.153861, 31.285922], [-103.153839, 31.285928], [-103.15362, 31.285995], [-103.153598, 31.286001], [-103.153399, 31.286059], [-103.153378, 31.286067], [-103.153136, 31.286139], [-103.152895, 31.28621], [-103.152839, 31.28623], [-103.15275, 31.286253], [-103.152606, 31.286296], [-103.152461, 31.286339], [-103.152316, 31.286383], [-103.152207, 31.286414], [-103.152174, 31.286425], [-103.152171, 31.286426], [-103.151932, 31.286497], [-103.151907, 31.286502], [-103.151759, 31.286545], [-103.151684, 31.286569], [-103.151476, 31.286631], [-103.151235, 31.286703], [-103.150995, 31.286774], [-103.150754, 31.286846], [-103.150512, 31.286918], [-103.150271, 31.286991], [-103.150032, 31.287062], [-103.14979, 31.287134], [-103.149548, 31.287207], [-103.149314, 31.287276], [-103.149194, 31.287312], [-103.149071, 31.28735], [-103.148963, 31.287405], [-103.148818, 31.287478], [-103.148597, 31.287588], [-103.148376, 31.287698], [-103.148155, 31.287809], [-103.147948, 31.287913], [-103.147934, 31.28792], [-103.147714, 31.288031], [-103.147528, 31.288125], [-103.147512, 31.28813], [-103.147502, 31.288135], [-103.147496, 31.288151], [-103.147498, 31.288335], [-103.147498, 31.288371], [-103.147501, 31.288548], [-103.147501, 31.288607], [-103.147505, 31.288755], [-103.147509, 31.288773], [-103.147509, 31.288821], [-103.147507, 31.288973], [-103.147507, 31.289165], [-103.147508, 31.289382], [-103.147511, 31.289601], [-103.147513, 31.289821], [-103.147514, 31.289931], [-103.147515, 31.2901], [-103.147516, 31.290204], [-103.147517, 31.290348], [-103.147518, 31.290512], [-103.147519, 31.290668], [-103.14752, 31.290777], [-103.147522, 31.290997], [-103.147525, 31.291217], [-103.147528, 31.291435], [-103.147529, 31.291651], [-103.14753, 31.291873], [-103.147532, 31.292088], [-103.147536, 31.29231], [-103.14754, 31.292506], [-103.147537, 31.292526], [-103.147556, 31.292737], [-103.147549, 31.292748], [-103.147413, 31.292929], [-103.147286, 31.293125], [-103.147156, 31.29331], [-103.147063, 31.293453], [-103.14703, 31.293501], [-103.146938, 31.293641], [-103.146908, 31.293684], [-103.146902, 31.293699], [-103.146782, 31.293877], [-103.146655, 31.294068], [-103.146529, 31.294258], [-103.146402, 31.294449], [-103.146276, 31.29464], [-103.146151, 31.294829], [-103.146025, 31.295017], [-103.145899, 31.295208], [-103.145772, 31.2954], [-103.145657, 31.295575], [-103.14553, 31.295766], [-103.145423, 31.29593], [-103.145312, 31.296095], [-103.145297, 31.29612], [-103.145284, 31.29614], [-103.145256, 31.296185], [-103.145165, 31.296322], [-103.145119, 31.29639], [-103.145097, 31.296427], [-103.144967, 31.29662], [-103.144874, 31.296762], [-103.144872, 31.296765], [-103.144871, 31.296767], [-103.144858, 31.296785], [-103.144855, 31.296789], [-103.144854, 31.296793], [-103.144851, 31.296796], [-103.14485, 31.296798], [-103.144848, 31.2968], [-103.144847, 31.296803], [-103.144845, 31.296805], [-103.144841, 31.296811], [-103.144836, 31.296819], [-103.144835, 31.296821], [-103.144832, 31.296825], [-103.14483, 31.296829], [-103.144829, 31.29683], [-103.144819, 31.296845], [-103.144817, 31.296847], [-103.144816, 31.296849], [-103.144813, 31.296853], [-103.144811, 31.296857], [-103.144799, 31.296875], [-103.144797, 31.296877], [-103.144796, 31.29688], [-103.14478, 31.296904], [-103.144763, 31.296929], [-103.144715, 31.297002], [-103.14464, 31.29712], [-103.144593, 31.297192], [-103.144552, 31.297258], [-103.144515, 31.29731], [-103.144424, 31.297446], [-103.144295, 31.297638], [-103.144205, 31.297773], [-103.144087, 31.297951], [-103.143962, 31.298143], [-103.143917, 31.298209], [-103.143875, 31.298273], [-103.143852, 31.298308], [-103.143747, 31.298464], [-103.143728, 31.298495], [-103.143622, 31.298654], [-103.143598, 31.298685], [-103.143454, 31.298863], [-103.143309, 31.299041], [-103.143162, 31.299221], [-103.143016, 31.299402], [-103.14287, 31.299581], [-103.142727, 31.299755], [-103.142722, 31.299761], [-103.142578, 31.299933], [-103.142555, 31.299961], [-103.142431, 31.300112], [-103.142285, 31.300291], [-103.142138, 31.300471], [-103.142064, 31.300563], [-103.141996, 31.300651], [-103.141881, 31.300793], [-103.141874, 31.300801], [-103.141853, 31.30083], [-103.141809, 31.300882], [-103.141732, 31.300978], [-103.141705, 31.30101], [-103.141556, 31.301188], [-103.141412, 31.301367], [-103.141265, 31.301546], [-103.141239, 31.301576], [-103.141118, 31.301726], [-103.14097, 31.301906], [-103.140825, 31.302086], [-103.140677, 31.302266], [-103.140609, 31.302348], [-103.140602, 31.302355], [-103.14059, 31.302358], [-103.140338, 31.302394], [-103.140162, 31.302418], [-103.140084, 31.302418], [-103.139882, 31.302417], [-103.139629, 31.302416], [-103.139374, 31.302415], [-103.139185, 31.302413], [-103.138931, 31.302412], [-103.138675, 31.302408], [-103.138552, 31.302408], [-103.138529, 31.302408], [-103.138504, 31.302406], [-103.138398, 31.302408], [-103.138245, 31.302407], [-103.138126, 31.302406], [-103.138105, 31.302405], [-103.138092, 31.302406], [-103.137843, 31.302405], [-103.137813, 31.302405], [-103.137593, 31.302407], [-103.13744, 31.302405], [-103.13734, 31.302403], [-103.137106, 31.302403], [-103.136892, 31.302403], [-103.136638, 31.302401], [-103.136382, 31.302399], [-103.13613, 31.302394], [-103.135891, 31.302396], [-103.135875, 31.302396], [-103.135724, 31.302395], [-103.135716, 31.302395], [-103.13571, 31.302393], [-103.135646, 31.302374], [-103.135573, 31.302353], [-103.135566, 31.302351], [-103.13556, 31.30235], [-103.135417, 31.302349], [-103.135409, 31.302349], [-103.135401, 31.30235], [-103.135379, 31.302349], [-103.135265, 31.302349], [-103.13515, 31.302348], [-103.135131, 31.302348], [-103.13512, 31.302348], [-103.135114, 31.302348], [-103.134863, 31.302348], [-103.134856, 31.302348], [-103.13485, 31.302349], [-103.134763, 31.302376], [-103.134705, 31.302394], [-103.134691, 31.302398], [-103.134665, 31.302406], [-103.134578, 31.302435], [-103.13457, 31.302435], [-103.134564, 31.302436], [-103.134499, 31.302434], [-103.134307, 31.302433], [-103.134051, 31.302431], [-103.133922, 31.30243], [-103.133765, 31.302431], [-103.133667, 31.30243], [-103.133414, 31.30243], [-103.133166, 31.302429], [-103.132913, 31.302428], [-103.13285, 31.302428], [-103.132746, 31.302428], [-103.132661, 31.302429], [-103.132621, 31.302429], [-103.132593, 31.302429], [-103.132443, 31.30243], [-103.132364, 31.30243], [-103.132186, 31.302428], [-103.13217, 31.302428], [-103.131944, 31.302426], [-103.131825, 31.302426], [-103.131569, 31.302424], [-103.131312, 31.302422], [-103.131127, 31.302421], [-103.131062, 31.302422], [-103.130957, 31.302423], [-103.13084, 31.302422], [-103.130584, 31.302421], [-103.130332, 31.30242], [-103.130239, 31.30242], [-103.130076, 31.302419], [-103.129938, 31.302419], [-103.129836, 31.302419], [-103.129644, 31.30242], [-103.12958, 31.302419], [-103.12946, 31.302418], [-103.129362, 31.302418], [-103.129323, 31.302417], [-103.129067, 31.302419], [-103.128812, 31.302417], [-103.128556, 31.302417], [-103.1283, 31.302416], [-103.128244, 31.302419], [-103.128144, 31.302418], [-103.127887, 31.302415], [-103.127631, 31.302415], [-103.127432, 31.302416], [-103.127375, 31.302415], [-103.127179, 31.302414], [-103.127119, 31.302413], [-103.126914, 31.30241], [-103.126864, 31.302411], [-103.126608, 31.302412], [-103.126468, 31.30241], [-103.126406, 31.30241], [-103.126326, 31.30241], [-103.12607, 31.302411], [-103.125843, 31.30241], [-103.125637, 31.30241], [-103.125381, 31.302409], [-103.125128, 31.302407], [-103.125081, 31.302406], [-103.124872, 31.302406], [-103.124641, 31.302406], [-103.124623, 31.302404], [-103.124366, 31.302403], [-103.124111, 31.302405], [-103.123857, 31.302403], [-103.123601, 31.302404], [-103.123355, 31.302401], [-103.123326, 31.302402], [-103.123098, 31.302401], [-103.122904, 31.3024], [-103.122647, 31.302398], [-103.122391, 31.302398], [-103.122136, 31.302398], [-103.121879, 31.302397], [-103.121763, 31.302396], [-103.121631, 31.302396], [-103.121518, 31.302395], [-103.121323, 31.302395], [-103.121185, 31.302395], [-103.121078, 31.302395], [-103.12091, 31.302394], [-103.120654, 31.302393], [-103.120398, 31.302392], [-103.120142, 31.302391], [-103.119886, 31.302391], [-103.119699, 31.302391], [-103.11963, 31.30239], [-103.119374, 31.30239], [-103.119174, 31.30239], [-103.118918, 31.302389], [-103.118725, 31.302386], [-103.118469, 31.302385], [-103.118213, 31.302384], [-103.117957, 31.302384], [-103.117701, 31.302384], [-103.117446, 31.302383], [-103.117203, 31.302382], [-103.116948, 31.302382], [-103.116691, 31.302381], [-103.116436, 31.30238], [-103.11618, 31.302378], [-103.115924, 31.302377], [-103.115668, 31.302376], [-103.115412, 31.302377], [-103.115157, 31.302376], [-103.114901, 31.302376], [-103.114645, 31.302375], [-103.114389, 31.302374], [-103.114145, 31.302373], [-103.11389, 31.302372], [-103.113634, 31.302371], [-103.113378, 31.302371], [-103.113122, 31.302372], [-103.112866, 31.302372], [-103.112828, 31.302372], [-103.112611, 31.302371], [-103.112475, 31.302372], [-103.112359, 31.30237], [-103.11216, 31.302366], [-103.112104, 31.302367], [-103.111848, 31.302365], [-103.111596, 31.302364], [-103.111339, 31.302365], [-103.111084, 31.302364], [-103.110971, 31.302362], [-103.110714, 31.302361], [-103.110559, 31.302362], [-103.110527, 31.302361], [-103.110515, 31.302363], [-103.110503, 31.302374], [-103.110454, 31.302448], [-103.110392, 31.302543], [-103.110355, 31.302579], [-103.110317, 31.302656], [-103.110297, 31.3027], [-103.110277, 31.30274], [-103.110271, 31.302755], [-103.110263, 31.302771], [-103.110221, 31.302862], [-103.110166, 31.302982], [-103.11011, 31.303104], [-103.110052, 31.30323], [-103.109998, 31.303349], [-103.109942, 31.303471], [-103.109886, 31.303594], [-103.109837, 31.3037], [-103.109833, 31.303707], [-103.10983, 31.303716], [-103.109735, 31.303921], [-103.10973, 31.303929], [-103.109719, 31.303934], [-103.109491, 31.304023], [-103.109257, 31.304113], [-103.109207, 31.304131], [-103.10908, 31.304177], [-103.109022, 31.304191], [-103.108774, 31.304242], [-103.108527, 31.304293], [-103.1083, 31.30434], [-103.108052, 31.304391], [-103.107989, 31.304403], [-103.107978, 31.304406], [-103.107968, 31.304407], [-103.107896, 31.304422], [-103.107788, 31.304443], [-103.107657, 31.304469], [-103.107565, 31.304488], [-103.107554, 31.304489], [-103.107538, 31.304493], [-103.107289, 31.304542], [-103.10704, 31.304595], [-103.106871, 31.304632], [-103.106792, 31.304649], [-103.106544, 31.304699], [-103.106293, 31.304751], [-103.106061, 31.304798], [-103.106047, 31.304801], [-103.105871, 31.304838], [-103.105798, 31.304852], [-103.105618, 31.304854], [-103.105362, 31.304853], [-103.105205, 31.304853], [-103.104949, 31.304851], [-103.104787, 31.30485], [-103.104533, 31.304846], [-103.104277, 31.304843], [-103.104025, 31.30484], [-103.10377, 31.304837], [-103.103516, 31.304835], [-103.103344, 31.304834], [-103.103259, 31.304833], [-103.103007, 31.304832], [-103.102786, 31.30483], [-103.10254, 31.304828], [-103.102536, 31.304827], [-103.102284, 31.304827], [-103.102081, 31.304825], [-103.101825, 31.304823], [-103.10179, 31.304823], [-103.101697, 31.304823], [-103.101565, 31.304822], [-103.101541, 31.304822], [-103.101442, 31.304822], [-103.101217, 31.304817], [-103.100962, 31.304818], [-103.100706, 31.304815], [-103.100458, 31.304813], [-103.100202, 31.304811], [-103.099947, 31.304809], [-103.09969, 31.304807], [-103.099435, 31.304806], [-103.099179, 31.304804], [-103.098927, 31.304801], [-103.09867, 31.304797], [-103.098414, 31.304795], [-103.098172, 31.304796], [-103.097933, 31.304793], [-103.097677, 31.304789], [-103.097666, 31.304789], [-103.097648, 31.304787], [-103.097584, 31.304787], [-103.097538, 31.304786], [-103.09748, 31.304786], [-103.097401, 31.304785], [-103.097374, 31.304785], [-103.09736, 31.304785], [-103.097106, 31.304783], [-103.09685, 31.304781], [-103.096594, 31.30478], [-103.096466, 31.304779], [-103.096328, 31.304777], [-103.096211, 31.304777], [-103.096011, 31.304775], [-103.095956, 31.304775], [-103.0957, 31.304772], [-103.095471, 31.304771], [-103.095215, 31.304769], [-103.094959, 31.304766], [-103.094703, 31.304764], [-103.094447, 31.304761], [-103.094192, 31.304762], [-103.094147, 31.304762], [-103.094063, 31.304761], [-103.093933, 31.30476], [-103.093809, 31.304758], [-103.093554, 31.304757], [-103.093477, 31.304755], [-103.093297, 31.304754], [-103.093041, 31.304751], [-103.093035, 31.304751], [-103.093021, 31.30475], [-103.092784, 31.304747], [-103.092765, 31.304747], [-103.092745, 31.304747], [-103.092495, 31.304744], [-103.09224, 31.304744], [-103.091983, 31.304741], [-103.09173, 31.30474], [-103.091474, 31.304738], [-103.091322, 31.304738], [-103.09114, 31.304737], [-103.090884, 31.304734], [-103.090628, 31.304733], [-103.090454, 31.304731], [-103.090221, 31.304729], [-103.089965, 31.304727], [-103.08971, 31.304725], [-103.089454, 31.304723], [-103.089198, 31.304721], [-103.088942, 31.304718], [-103.088686, 31.304717], [-103.088458, 31.304715], [-103.088227, 31.304713], [-103.087971, 31.304711], [-103.087716, 31.304708], [-103.087463, 31.304705], [-103.087208, 31.304703], [-103.087123, 31.304702], [-103.086951, 31.3047], [-103.086757, 31.304699], [-103.086732, 31.304699], [-103.086698, 31.304699], [-103.086511, 31.304698], [-103.086504, 31.304697], [-103.086443, 31.304697], [-103.0863, 31.304695], [-103.086287, 31.304695], [-103.086191, 31.304694], [-103.086034, 31.304693], [-103.085935, 31.304692], [-103.085679, 31.304689], [-103.085461, 31.304686], [-103.085424, 31.304686], [-103.085209, 31.304683], [-103.085196, 31.304683], [-103.08517, 31.304684], [-103.084967, 31.304685], [-103.084922, 31.304683], [-103.084729, 31.304681], [-103.084473, 31.304679], [-103.084217, 31.304676], [-103.083994, 31.304676], [-103.083961, 31.304677], [-103.083772, 31.304674], [-103.083706, 31.304673], [-103.083485, 31.304671], [-103.08345, 31.304671], [-103.083195, 31.304668], [-103.082937, 31.304666], [-103.0829, 31.304665], [-103.082682, 31.304665], [-103.082662, 31.304665], [-103.082465, 31.304664], [-103.082425, 31.304664], [-103.08221, 31.304661], [-103.081958, 31.304659], [-103.081702, 31.304658], [-103.081445, 31.304656], [-103.08119, 31.304654], [-103.080934, 31.304652], [-103.080678, 31.30465], [-103.080422, 31.304646], [-103.080167, 31.304646], [-103.079911, 31.304642], [-103.079655, 31.30464], [-103.079403, 31.304637], [-103.079147, 31.304636], [-103.078891, 31.304634], [-103.078635, 31.304631], [-103.07838, 31.304629], [-103.078124, 31.304627], [-103.077868, 31.304625], [-103.077612, 31.304623], [-103.077357, 31.304621], [-103.077142, 31.30462], [-103.076886, 31.304617], [-103.076634, 31.304615], [-103.076434, 31.304613], [-103.076178, 31.304611], [-103.075923, 31.304608], [-103.07567, 31.304606], [-103.075422, 31.304604], [-103.075185, 31.304602], [-103.074931, 31.3046], [-103.074892, 31.3046]]]}},
{"type": "Feature", "properties": {"ProjectID": "P2675", "TPMS_ID": 4683058, "OPER_LINK": 0, "OPS_ID": 0, "P5_NUM": "253113", "OPER_NM": "EPIC CONSOLIDATED OPS, LLC", "SYS_NM": "EPIC NGL SYSTEM", "SUBSYS_NM": "208-VAQUERO LATERAL", "T4PERMIT": "09817", "DIAMETER": 8.63, "COMMODITY1": "HVL", "COMMODITY2": null, "COMMODITY3": null, "CMDTY_DESC": "HIGHLY VOLATILE LIQUID", "INTERSTATE": "N", "STATUS_CD": "I", "QUALITY_CD": "G", "SYSTYPE": "Q", "COUNTY": "389", "COM_CARRIE": "Y", "PLINE_ID": "208", "SYS_ID": "971013", "NPMS_SYS_I": 0, "ALBERS_MIL": 2.5374559743, "LENGTH": 0.0}, "geometry": {"type": "LineString", "coordinates": [[-103.052483, 31.35307], [-103.052927, 31.353144], [-103.052985, 31.352851], [-103.052835, 31.352657], [-103.053477, 31.34998], [-103.053254, 31.34994], [-103.053471, 31.348941], [-103.055086, 31.342186], [-103.053999, 31.34199], [-103.056787, 31.331026], [-103.05504, 31.329547], [-103.057064, 31.327753], [-103.057787, 31.327083], [-103.058097, 31.325814], [-103.060097, 31.32006]]}},
{"type": "Feature", "properties": {"ProjectID": "P2675", "TPMS_ID": 4683066, "OPER_LINK": 0, "OPS_ID": 0, "P5_NUM": "253113", "OPER_NM": "EPIC CONSOLIDATED OPS, LLC", "SYS_NM": "EPIC NGL SYSTEM", "SUBSYS_NM": "204-WPX LATERAL", "T4PERMIT": "09817", "DIAMETER": 8.63, "COMMODITY1": "HVL", "COMMODITY2": null, "COMMODITY3": null, "CMDTY_DESC": "HIGHLY VOLATILE LIQUID", "INTERSTATE": "N", "STATUS_CD": "I", "QUALITY_CD": "G", "SYSTYPE": "Q", "COUNTY": "389", "COM_CARRIE": "Y", "PLINE_ID": "204", "SYS_ID": "965367", "NPMS_SYS_I": 0, "ALBERS_MIL": 6.2842254558, "LENGTH": 0.0}, "geometry": {"type": "LineString", "coordinates": [[-103.857957, 31.870441], [-103.85801, 31.869352], [-103.85694, 31.867677], [-103.856807, 31.863008], [-103.85684, 31.862078], [-103.857972, 31.86082], [-103.857617, 31.860383], [-103.86786, 31.854456], [-103.873605, 31.854459], [-103.873599, 31.856148], [-103.880611, 31.856166], [-103.884298, 31.856204], [-103.885366, 31.856352], [-103.888776, 31.857164], [-103.890214, 31.855586], [-103.892425, 31.852885], [-103.892993, 31.85197], [-103.893504, 31.847081], [-103.893605, 31.840472], [-103.8941, 31.840235], [-103.894766, 31.839967], [-103.907529, 31.839957], [-103.907684, 31.840004], [-103.912377, 31.840002], [-103.91319, 31.839749], [-103.919297, 31.839743], [-103.920425, 31.839186], [-103.920802, 31.839742], [-103.929894, 31.839733], [-103.930659, 31.83929]]}},
{"type": "Feature", "properties": {"ProjectID": "P2675", "TPMS_ID": 4683075, "OPER_LINK": 0, "OPS_ID": 0, "P5_NUM": "253113", "OPER_NM": "EPIC CONSOLIDATED OPS, LLC", "SYS_NM": "EPIC NGL SYSTEM", "SUBSYS_NM": "205-CRESTWOOD LATERAL", "T4PERMIT": "09817", "DIAMETER": 10.75, "COMMODITY1": "HVL", "COMMODITY2": null, "COMMODITY3": null, "CMDTY_DESC": "HIGHLY VOLATILE LIQUID", "INTERSTATE": "N", "STATUS_CD": "I", "QUALITY_CD": "G", "SYSTYPE": "Q", "COUNTY": "389", "COM_CARRIE": "Y", "PLINE_ID": "205", "SYS_ID": "965679", "NPMS_SYS_I": 0, "ALBERS_MIL": 0.4087845075, "LENGTH": 0.0}, "geometry": {"type": "MultiLineString", "coordinates": [[[-103.891669, 31.807093], [-103.891657, 31.807092], [-103.891647, 31.807091], [-103.891645, 31.807091], [-103.891643, 31.807091], [-103.891513, 31.807076], [-103.891389, 31.807062], [-103.89137, 31.80706], [-103.891339, 31.807057], [-103.891234, 31.807055], [-103.891098, 31.807053], [-103.891072, 31.807053], [-103.891066, 31.807055], [-103.891064, 31.80706], [-103.891063, 31.807152], [-103.891062, 31.807268], [-103.89106, 31.807385], [-103.891058, 31.80739], [-103.891053, 31.807391], [-103.890917, 31.807389], [-103.890781, 31.807388], [-103.890646, 31.807388], [-103.89051, 31.807387], [-103.890374, 31.807385], [-103.890302, 31.807384], [-103.890296, 31.807382], [-103.890293, 31.807377], [-103.890295, 31.807268], [-103.890297, 31.807144], [-103.890298, 31.807032], [-103.890301, 31.806988], [-103.890313, 31.806909], [-103.890328, 31.806787], [-103.890328, 31.806786], [-103.890329, 31.806786], [-103.890328, 31.806781], [-103.890315, 31.806668], [-103.890301, 31.806546], [-103.890287, 31.806422], [-103.890273, 31.8063], [-103.890259, 31.806177], [-103.890245, 31.806054], [-103.890231, 31.805931], [-103.890217, 31.805808], [-103.890203, 31.805686], [-103.890189, 31.805563], [-103.890175, 31.80544], [-103.890161, 31.805317], [-103.890147, 31.805194], [-103.890133, 31.805071], [-103.890119, 31.804948], [-103.890105, 31.804826], [-103.890091, 31.804703], [-103.890081, 31.804613], [-103.890079, 31.804598], [-103.890076, 31.804568], [-103.890072, 31.804528], [-103.890059, 31.804405], [-103.890044, 31.804282], [-103.890034, 31.804203], [-103.890019, 31.80408], [-103.890005, 31.803957], [-103.890005, 31.803954], [-103.890025, 31.80394], [-103.890033, 31.803935], [-103.890092, 31.803898], [-103.890188, 31.803837], [-103.890304, 31.803763], [-103.89042, 31.80369], [-103.890536, 31.803616], [-103.890653, 31.803543], [-103.890769, 31.803469], [-103.8908, 31.803449]], [[-103.8908, 31.803449], [-103.890861, 31.803411], [-103.890884, 31.803397], [-103.890888, 31.803395], [-103.890907, 31.803384], [-103.890929, 31.803371], [-103.890931, 31.80337], [-103.890932, 31.803369]]]}},
{"type": "Feature", "properties": {"ProjectID": "P2675", "TPMS_ID": 4683086, "OPER_LINK": 0, "OPS_ID": 0, "P5_NUM": "253113", "OPER_NM": "EPIC CONSOLIDATED OPS, LLC", "SYS_NM": "EPIC NGL SYSTEM", "SUBSYS_NM": "218-AXIS INTERCONNECT", "T4PERMIT": "09817", "DIAMETER": 6.63, "COMMODITY1": "HVL", "COMMODITY2": null, "COMMODITY3": null, "CMDTY_DESC": "HIGHLY VOLATILE LIQUID", "INTERSTATE": "N", "STATUS_CD": "I", "QUALITY_CD": "G", "SYSTYPE": "Q", "COUNTY": "389", "COM_CARRIE": "Y", "PLINE_ID": "218", "SYS_ID": "00000000", "NPMS_SYS_I": 0, "ALBERS_MIL": 0.0728379499, "LENGTH": 0.0}, "geometry": {"type": "MultiLineString", "coordinates": [[[-103.584167, 31.387588], [-103.583132, 31.388162]], [[-103.584167, 31.387588], [-103.584167, 31.387588]]]}},
{"type": "Feature", "properties": {"ProjectID": "P2675", "TPMS_ID": 4683087, "OPER_LINK": 0, "OPS_ID": 0, "P5_NUM": "253113", "OPER_NM": "EPIC CONSOLIDATED OPS, LLC", "SYS_NM": "EPIC NGL SYSTEM", "SUBSYS_NM": "221-PECOS NGL DISCHARGE", "T4PERMIT": "09817", "DIAMETER": 16.0, "COMMODITY1": "HVL", "COMMODITY2": null, "COMMODITY3": null, "CMDTY_DESC": "HIGHLY VOLATILE LIQUID", "INTERSTATE": "N", "STATUS_CD": "I", "QUALITY_CD": "G", "SYSTYPE": "Q", "COUNTY": "389", "COM_CARRIE": "Y", "PLINE_ID": "221", "SYS_ID": "00000000", "NPMS_SYS_I": 0, "ALBERS_MIL": 0.0721415255, "LENGTH": 0.0}, "geometry": {"type": "MultiLineString", "coordinates": [[[-103.652109, 31.474014], [-103.651789, 31.474596]], [[-103.651818, 31.4738], [-103.652152, 31.473935], [-103.652109, 31.474014]]]}},
{"type": "Feature", "properties": {"ProjectID": "P2675", "TPMS_ID": 4683088, "OPER_LINK": 0, "OPS_ID": 0, "P5_NUM": "253113", "OPER_NM": "EPIC CONSOLIDATED OPS, LLC", "SYS_NM": "EPIC NGL SYSTEM", "SUBSYS_NM": "220-PECOS NGL SUCTION", "T4PERMIT": "09817", "DIAMETER": 16.0, "COMMODITY1": "HVL", "COMMODITY2": null, "COMMODITY3": null, "CMDTY_DESC": "HIGHLY VOLATILE LIQUID", "INTERSTATE": "N", "STATUS_CD": "I", "QUALITY_CD": "G", "SYSTYPE": "Q", "COUNTY": "389", "COM_CARRIE": "Y", "PLINE_ID": "220", "SYS_ID": "00000000", "NPMS_SYS_I": 0, "ALBERS_MIL": 0.0720239254, "LENGTH": 0.0}, "geometry": {"type": "MultiLineString", "coordinates": [[[-103.651755, 31.474561], [-103.652061, 31.474005]], [[-103.652061, 31.474005], [-103.652102, 31.47393], [-103.651734, 31.473782]]]}},
{"type": "Feature", "properties": {"ProjectID": "P2675", "TPMS_ID": 4683091, "OPER_LINK": 0, "OPS_ID": 0, "P5_NUM": "253113", "OPER_NM": "EPIC CONSOLIDATED OPS, LLC", "SYS_NM": "EPIC NGL SYSTEM", "SUBSYS_NM": "201-RAMSEY TO SALT CREEK", "T4PERMIT": "09817", "DIAMETER": 16.0, "COMMODITY1": "HVL", "COMMODITY2": null, "COMMODITY3": null, "CMDTY_DESC": "HIGHLY VOLATILE LIQUID", "INTERSTATE": "N", "STATUS_CD": "I", "QUALITY_CD": "G", "SYSTYPE": "Q", "COUNTY": "389", "COM_CARRIE": "Y", "PLINE_ID": "201", "SYS_ID": "965678", "NPMS_SYS_I": 0, "ALBERS_MIL": 58.5270739248, "LENGTH": 0.0}, "geometry": {"type": "MultiLineString", "coordinates": [[[-104.019649, 31.923428], [-104.019649, 31.923424], [-104.019649, 31.923419], [-104.019648, 31.923386], [-104.019648, 31.923382], [-104.019648, 31.923377], [-104.019648, 31.923286], [-104.019649, 31.923066], [-104.01965, 31.922846], [-104.01965, 31.922626], [-104.019651, 31.922406], [-104.019642, 31.922391], [-104.019627, 31.922385], [-104.019436, 31.922392], [-104.019261, 31.922394], [-104.01909, 31.922395], [-104.019089, 31.922395], [-104.019028, 31.922395], [-104.019006, 31.922392], [-104.018981, 31.922389], [-104.01888, 31.922369], [-104.018851, 31.922362], [-104.018776, 31.922346], [-104.018732, 31.922336], [-104.018697, 31.922328], [-104.018668, 31.922324], [-104.018641, 31.922322], [-104.018608, 31.922321], [-104.018599, 31.92232], [-104.018556, 31.92232], [-104.018473, 31.922319], [-104.018318, 31.922318], [-104.018166, 31.922317], [-104.018011, 31.922315], [-104.017897, 31.922313], [-104.01783, 31.922313], [-104.017821, 31.922312], [-104.017813, 31.922309], [-104.017795, 31.9223], [-104.017616, 31.922213], [-104.017395, 31.922102], [-104.017214, 31.922011], [-104.01721, 31.92201], [-104.01719, 31.921998], [-104.017062, 31.921924], [-104.016998, 31.921888], [-104.016868, 31.921816], [-104.016861, 31.921813], [-104.016856, 31.921806], [-104.016849, 31.921796], [-104.016746, 31.921621], [-104.016631, 31.921424], [-104.016577, 31.921336], [-104.016499, 31.921236], [-104.016457, 31.921182], [-104.016321, 31.921008], [-104.016314, 31.920999], [-104.016261, 31.920932], [-104.016174, 31.920824], [-104.016155, 31.920801], [-104.016075, 31.920698], [-104.016065, 31.920688], [-104.01604, 31.920656], [-104.016032, 31.920646], [-104.015974, 31.920575], [-104.015887, 31.920463], [-104.015795, 31.920341], [-104.015654, 31.920156], [-104.015589, 31.920075], [-104.015488, 31.91999], [-104.015302, 31.919839], [-104.015208, 31.919763], [-104.015076, 31.919656], [-104.014939, 31.919545], [-104.014752, 31.919395], [-104.014565, 31.919244], [-104.014377, 31.919093], [-104.01419, 31.918942], [-104.014003, 31.918791], [-104.013816, 31.91864], [-104.01363, 31.918489], [-104.013442, 31.918338], [-104.013255, 31.918187], [-104.013068, 31.918036], [-104.012881, 31.917885], [-104.012694, 31.917734], [-104.012506, 31.917583], [-104.012319, 31.917432], [-104.012132, 31.917282], [-104.011945, 31.917131], [-104.01176, 31.916982], [-104.01163, 31.916877], [-104.011574, 31.916832], [-104.011394, 31.916687], [-104.011387, 31.916682], [-104.011201, 31.91653], [-104.011014, 31.916378], [-104.010827, 31.916228], [-104.010642, 31.916079], [-104.010456, 31.915927], [-104.010362, 31.915852], [-104.010192, 31.915714], [-104.010007, 31.915567], [-104.009821, 31.915417], [-104.009636, 31.915268], [-104.009448, 31.915117], [-104.00926, 31.914967], [-104.009222, 31.914934], [-104.009101, 31.914795], [-104.008949, 31.914618], [-104.008799, 31.914443], [-104.008649, 31.914268], [-104.008497, 31.91409], [-104.008345, 31.913913], [-104.008208, 31.913753], [-104.008057, 31.913576], [-104.007905, 31.913398], [-104.007753, 31.913221], [-104.007601, 31.913044], [-104.007451, 31.91287], [-104.0073, 31.912691], [-104.007149, 31.912516], [-104.007065, 31.912418], [-104.006999, 31.912342], [-104.006848, 31.912164], [-104.006697, 31.911986], [-104.006546, 31.911812], [-104.006398, 31.911636], [-104.006247, 31.911462], [-104.006093, 31.911285], [-104.005941, 31.911108], [-104.005788, 31.910932], [-104.005636, 31.910754], [-104.005484, 31.910577], [-104.005333, 31.910403], [-104.005181, 31.910226], [-104.005028, 31.910049], [-104.004876, 31.909871], [-104.004725, 31.909693], [-104.004575, 31.909515], [-104.004423, 31.909337], [-104.004271, 31.90916], [-104.004118, 31.908984], [-104.003966, 31.908806], [-104.003815, 31.908628], [-104.003664, 31.90845], [-104.003512, 31.908273], [-104.00336, 31.908095], [-104.003208, 31.907922], [-104.003058, 31.907748], [-104.00291, 31.907576], [-104.002905, 31.907572], [-104.002752, 31.907394], [-104.002602, 31.907219], [-104.002455, 31.907045], [-104.002305, 31.906871], [-104.002154, 31.906693], [-104.002002, 31.906515], [-104.00185, 31.906338], [-104.001698, 31.906161], [-104.001548, 31.905985], [-104.001394, 31.905809], [-104.001243, 31.905632], [-104.001092, 31.905457], [-104.001062, 31.905422], [-104.001039, 31.905395], [-104.000942, 31.905281], [-104.000872, 31.905199], [-104.000793, 31.905107], [-104.000645, 31.904932], [-104.000494, 31.904755], [-104.000416, 31.904663], [-104.000342, 31.904577], [-104.000191, 31.904402], [-104.000041, 31.904227], [-103.999918, 31.904085], [-103.999888, 31.904051], [-103.999845, 31.904001], [-103.999829, 31.903979], [-103.999825, 31.903972], [-103.999823, 31.903965], [-103.999816, 31.903905], [-103.999801, 31.903774]], [[-103.999801, 31.903774], [-103.999793, 31.903708], [-103.999785, 31.903638], [-103.999783, 31.903629], [-103.999776, 31.903621], [-103.999574, 31.903484], [-103.999536, 31.903458], [-103.999363, 31.903337], [-103.999339, 31.90332], [-103.999215, 31.903236], [-103.99921, 31.903234], [-103.999208, 31.903232], [-103.999208, 31.903231], [-103.999138, 31.903185], [-103.999055, 31.903131], [-103.999023, 31.903109], [-103.998933, 31.903044], [-103.998844, 31.902952], [-103.99872, 31.902827], [-103.998696, 31.902801], [-103.998658, 31.902763], [-103.998648, 31.902753], [-103.998495, 31.902593], [-103.998492, 31.902592], [-103.998447, 31.902543], [-103.998356, 31.902452], [-103.998346, 31.902441], [-103.998197, 31.902288], [-103.998185, 31.902275], [-103.998169, 31.902259], [-103.998021, 31.902106], [-103.997915, 31.901998], [-103.997857, 31.901939], [-103.997813, 31.901895], [-103.997741, 31.90182], [-103.997706, 31.901782], [-103.997691, 31.90177], [-103.997679, 31.901756], [-103.997635, 31.901709], [-103.997568, 31.901637], [-103.997408, 31.901467], [-103.997254, 31.901306], [-103.997246, 31.901297], [-103.997086, 31.901131], [-103.996925, 31.900962], [-103.996761, 31.900793], [-103.996626, 31.900653], [-103.996597, 31.900622], [-103.996432, 31.900452], [-103.99627, 31.900283], [-103.996235, 31.900246], [-103.996153, 31.900161], [-103.996108, 31.900114], [-103.996057, 31.900061], [-103.995947, 31.899947], [-103.995898, 31.899896], [-103.995783, 31.899778], [-103.995618, 31.899608], [-103.995556, 31.899544], [-103.995505, 31.89949], [-103.995456, 31.89944], [-103.995325, 31.899301], [-103.995295, 31.899271], [-103.995144, 31.899113], [-103.995134, 31.899103], [-103.995122, 31.899092], [-103.995065, 31.899033], [-103.994962, 31.898938], [-103.994792, 31.898794], [-103.99478, 31.898783], [-103.994598, 31.898629], [-103.994588, 31.89862], [-103.994544, 31.898583], [-103.994528, 31.89857], [-103.994522, 31.898564], [-103.994519, 31.898552], [-103.994519, 31.89853], [-103.994518, 31.898434], [-103.994518, 31.898302], [-103.994518, 31.898206], [-103.994518, 31.898172], [-103.994516, 31.898163], [-103.99451, 31.898154], [-103.994498, 31.898144], [-103.994394, 31.898049], [-103.994353, 31.898013], [-103.994299, 31.897968], [-103.994224, 31.897907], [-103.9942, 31.897889], [-103.994113, 31.89782], [-103.994034, 31.897759], [-103.99401, 31.897741], [-103.993935, 31.897685], [-103.993867, 31.897635], [-103.993843, 31.897616], [-103.993743, 31.897544], [-103.993651, 31.897475], [-103.993542, 31.897393], [-103.993349, 31.897249], [-103.993174, 31.897118], [-103.993155, 31.897104], [-103.993136, 31.897091], [-103.993089, 31.897055], [-103.99302, 31.897004], [-103.992903, 31.896918], [-103.992787, 31.896832], [-103.992667, 31.896741], [-103.992594, 31.896689], [-103.992578, 31.896678], [-103.99257, 31.896673], [-103.992556, 31.896661], [-103.99254, 31.896646], [-103.992429, 31.896521], [-103.992401, 31.896489], [-103.992387, 31.89647], [-103.992383, 31.896467], [-103.992251, 31.896317], [-103.992228, 31.896291], [-103.992164, 31.896219], [-103.992062, 31.896102], [-103.991906, 31.895928], [-103.991751, 31.895753], [-103.991598, 31.895579], [-103.991445, 31.895409], [-103.991296, 31.895245], [-103.991288, 31.895235], [-103.991266, 31.895211], [-103.991123, 31.895066], [-103.99096, 31.894895], [-103.990846, 31.894777], [-103.990741, 31.894667], [-103.990662, 31.894585], [-103.990502, 31.894417], [-103.99034, 31.894246], [-103.990335, 31.89424], [-103.990306, 31.894211], [-103.990178, 31.894077], [-103.990055, 31.893947], [-103.990017, 31.893906], [-103.989855, 31.893735], [-103.989805, 31.893682], [-103.989693, 31.893565], [-103.989531, 31.893394], [-103.98937, 31.893224], [-103.989206, 31.893053], [-103.989044, 31.892883], [-103.988881, 31.892713], [-103.988718, 31.892543], [-103.988569, 31.892387], [-103.988407, 31.892216], [-103.98836, 31.892167], [-103.988334, 31.892142], [-103.988304, 31.89212], [-103.98822, 31.892066], [-103.988101, 31.891991], [-103.987982, 31.891917], [-103.987854, 31.891837], [-103.987774, 31.891786], [-103.9877, 31.891739], [-103.987569, 31.891658], [-103.987544, 31.891642], [-103.987361, 31.891529], [-103.987153, 31.8914], [-103.986944, 31.891271], [-103.98684, 31.891207], [-103.986656, 31.891094], [-103.986633, 31.891079], [-103.986423, 31.890951], [-103.986214, 31.890822], [-103.986005, 31.890695], [-103.985796, 31.890566], [-103.985587, 31.890438], [-103.985378, 31.890311], [-103.985314, 31.890273], [-103.985282, 31.890252], [-103.985257, 31.890232], [-103.985185, 31.890166], [-103.985007, 31.890007], [-103.984974, 31.889977], [-103.984918, 31.889928], [-103.984766, 31.889791], [-103.984588, 31.889633], [-103.984411, 31.889474], [-103.984236, 31.889316], [-103.984074, 31.88917], [-103.984059, 31.889157], [-103.983884, 31.889], [-103.983707, 31.88884], [-103.98353, 31.888681], [-103.983362, 31.888531], [-103.983352, 31.888522], [-103.983175, 31.888363], [-103.982997, 31.888202], [-103.98282, 31.888043], [-103.982725, 31.88796], [-103.982549, 31.887801], [-103.982375, 31.887643], [-103.982348, 31.887619], [-103.982199, 31.887485], [-103.982021, 31.887326], [-103.981997, 31.887304], [-103.981843, 31.887165], [-103.981703, 31.887036], [-103.981626, 31.886978], [-103.981492, 31.886915], [-103.981375, 31.886867], [-103.981338, 31.886845], [-103.981296, 31.886817], [-103.981287, 31.886807], [-103.981276, 31.886798], [-103.981262, 31.886786], [-103.981197, 31.886727], [-103.981102, 31.886639], [-103.981073, 31.886613], [-103.981066, 31.886607], [-103.980925, 31.886479], [-103.980796, 31.886359], [-103.980788, 31.886352], [-103.980753, 31.88632], [-103.980655, 31.886232], [-103.98059, 31.886172], [-103.980577, 31.88616], [-103.980472, 31.886065], [-103.980362, 31.885969], [-103.980285, 31.885913], [-103.980225, 31.885871], [-103.980101, 31.885781], [-103.980084, 31.885768], [-103.979955, 31.885673], [-103.979906, 31.885637], [-103.97981, 31.885567], [-103.979804, 31.885563], [-103.979731, 31.885509], [-103.979715, 31.885497], [-103.97966, 31.885455], [-103.979521, 31.885351], [-103.979327, 31.885207], [-103.979133, 31.885063], [-103.979131, 31.885062], [-103.978939, 31.88492], [-103.978745, 31.884776], [-103.97864, 31.884698], [-103.978552, 31.884631], [-103.978452, 31.884555], [-103.978449, 31.884552], [-103.978378, 31.884497], [-103.97836, 31.884484], [-103.978318, 31.884452], [-103.978251, 31.884402], [-103.978239, 31.884394], [-103.978167, 31.88434], [-103.978045, 31.884249], [-103.977973, 31.884193], [-103.97787, 31.884113], [-103.977763, 31.884032], [-103.977678, 31.883966], [-103.977634, 31.883932], [-103.97762, 31.883922], [-103.977492, 31.883822], [-103.977465, 31.883801], [-103.977299, 31.883675], [-103.977109, 31.883531], [-103.976918, 31.883384], [-103.976816, 31.883306], [-103.976767, 31.883268], [-103.97676, 31.883263], [-103.976757, 31.883256], [-103.976755, 31.88325], [-103.97671, 31.883131], [-103.976697, 31.883099], [-103.976689, 31.883079], [-103.976641, 31.882954], [-103.976635, 31.88294], [-103.97663, 31.882928], [-103.976559, 31.882746], [-103.976549, 31.88272], [-103.976516, 31.882635], [-103.976497, 31.882584], [-103.976496, 31.882577], [-103.976485, 31.882554], [-103.976487, 31.882552], [-103.976465, 31.882475], [-103.976457, 31.882448], [-103.976402, 31.882262], [-103.976341, 31.882048], [-103.97628, 31.881836], [-103.97627, 31.881802], [-103.976228, 31.881657], [-103.976218, 31.881623], [-103.976169, 31.881455], [-103.976156, 31.88141], [-103.976113, 31.881259], [-103.976095, 31.881198], [-103.976078, 31.881124], [-103.976078, 31.88098], [-103.976078, 31.880957], [-103.976079, 31.880864], [-103.97608, 31.880768], [-103.976082, 31.88076], [-103.976082, 31.880734], [-103.976085, 31.880596], [-103.976089, 31.880409], [-103.976095, 31.880189], [-103.976098, 31.880043], [-103.976102, 31.879823], [-103.976107, 31.879603], [-103.976111, 31.879384], [-103.976116, 31.879164], [-103.97612, 31.878944], [-103.976123, 31.878799], [-103.976126, 31.87867], [-103.976131, 31.878451], [-103.976135, 31.878231], [-103.976139, 31.878019], [-103.97614, 31.877963], [-103.976143, 31.8778], [-103.976148, 31.87758], [-103.976153, 31.877362], [-103.976158, 31.877143], [-103.97616, 31.876963], [-103.976162, 31.876876], [-103.976164, 31.876789], [-103.976169, 31.876569], [-103.976174, 31.87635], [-103.976178, 31.87613], [-103.976181, 31.87591], [-103.976185, 31.875691], [-103.976191, 31.875471], [-103.976195, 31.875251], [-103.976198, 31.875147], [-103.9762, 31.875031], [-103.976204, 31.874873], [-103.976206, 31.874654], [-103.97621, 31.874437], [-103.976214, 31.874217], [-103.976218, 31.873997], [-103.976223, 31.873778], [-103.976228, 31.873561], [-103.976233, 31.873342], [-103.976236, 31.873125], [-103.976236, 31.873122], [-103.976239, 31.872902], [-103.976246, 31.872703], [-103.976246, 31.872694], [-103.976251, 31.872476], [-103.976255, 31.872257], [-103.976259, 31.872037], [-103.976264, 31.871819], [-103.976268, 31.8716], [-103.976272, 31.871382], [-103.976276, 31.871184], [-103.97628, 31.870981], [-103.976285, 31.870775], [-103.97629, 31.870554], [-103.976295, 31.870335], [-103.9763, 31.870118], [-103.976304, 31.869898], [-103.976309, 31.869679], [-103.976314, 31.869475], [-103.97632, 31.869256], [-103.976322, 31.869134], [-103.976325, 31.869036], [-103.976326, 31.868965], [-103.976328, 31.868919], [-103.976332, 31.868774], [-103.976334, 31.868746], [-103.976334, 31.868742], [-103.976334, 31.868739], [-103.976335, 31.868721], [-103.976335, 31.868717], [-103.976335, 31.868712], [-103.976335, 31.86871], [-103.976336, 31.868707], [-103.976336, 31.86869], [-103.976336, 31.868689], [-103.976336, 31.868684], [-103.976337, 31.86868], [-103.976337, 31.868678], [-103.976337, 31.868661], [-103.976337, 31.868659], [-103.976337, 31.868656], [-103.976337, 31.868652], [-103.976337, 31.868647], [-103.976338, 31.86863], [-103.976338, 31.868627], [-103.976338, 31.868623], [-103.97634, 31.868593], [-103.97634, 31.868544], [-103.976334, 31.868529], [-103.976317, 31.868523], [-103.976307, 31.868522], [-103.976307, 31.868522], [-103.976086, 31.868521], [-103.976077, 31.868521], [-103.975887, 31.868519], [-103.97563, 31.868516], [-103.975395, 31.868515], [-103.975379, 31.868516], [-103.975371, 31.868515], [-103.975364, 31.868513], [-103.975345, 31.868507], [-103.975329, 31.868503], [-103.975183, 31.868462], [-103.975041, 31.868422], [-103.974894, 31.868381], [-103.974748, 31.86834], [-103.974601, 31.868298], [-103.974455, 31.868257], [-103.974308, 31.868216], [-103.974162, 31.868175], [-103.974015, 31.868134], [-103.973869, 31.868093], [-103.973785, 31.868069], [-103.973708, 31.868047], [-103.973599, 31.868017], [-103.973461, 31.867978], [-103.973315, 31.867937], [-103.973172, 31.867897], [-103.973026, 31.867856], [-103.972879, 31.867814], [-103.972732, 31.867773], [-103.972587, 31.867732], [-103.97244, 31.867691], [-103.972294, 31.86765], [-103.972147, 31.867608], [-103.972001, 31.867567], [-103.97184, 31.867522], [-103.971731, 31.867491], [-103.971593, 31.867452], [-103.971447, 31.867412], [-103.971304, 31.867371], [-103.971158, 31.86733], [-103.971011, 31.867289], [-103.970865, 31.867248], [-103.97072, 31.867207], [-103.970572, 31.867165], [-103.970425, 31.867124], [-103.970279, 31.867083], [-103.970133, 31.867042], [-103.970049, 31.867018], [-103.969972, 31.866997], [-103.969937, 31.866988], [-103.9699, 31.866976], [-103.969882, 31.866971], [-103.969868, 31.866967], [-103.969656, 31.866906], [-103.969463, 31.866852], [-103.969342, 31.866818], [-103.969294, 31.866804], [-103.969126, 31.866756], [-103.968959, 31.866706], [-103.968883, 31.866684], [-103.968791, 31.866656], [-103.968678, 31.866622], [-103.968646, 31.866613], [-103.968643, 31.866612], [-103.96864, 31.866611], [-103.968617, 31.866604], [-103.968611, 31.866602], [-103.968607, 31.866601], [-103.968603, 31.8666], [-103.968601, 31.866599], [-103.968582, 31.866594], [-103.968581, 31.866593], [-103.968575, 31.866592], [-103.96857, 31.86659], [-103.968568, 31.86659], [-103.96855, 31.866584], [-103.968547, 31.866583], [-103.968544, 31.866582], [-103.968539, 31.866581], [-103.968534, 31.86658], [-103.968512, 31.866573], [-103.968509, 31.866573], [-103.968508, 31.866572], [-103.968505, 31.866571], [-103.968473, 31.866562], [-103.9684, 31.866541], [-103.968156, 31.866471], [-103.967913, 31.866399], [-103.967747, 31.86635], [-103.967559, 31.866293], [-103.967315, 31.866223], [-103.967071, 31.866152], [-103.966887, 31.8661], [-103.966875, 31.866095], [-103.966869, 31.866087], [-103.96686, 31.866071], [-103.966769, 31.865912], [-103.966758, 31.865892], [-103.966682, 31.865757], [-103.966678, 31.86575], [-103.966654, 31.865707], [-103.966647, 31.865695], [-103.966631, 31.865668], [-103.966628, 31.865664], [-103.966544, 31.865516], [-103.96654, 31.865508], [-103.966532, 31.865499], [-103.966518, 31.865495], [-103.966264, 31.865481], [-103.966204, 31.865477], [-103.965971, 31.865464], [-103.965849, 31.865457], [-103.965717, 31.865458], [-103.965548, 31.865459], [-103.965354, 31.86546], [-103.965096, 31.865461], [-103.964839, 31.865462], [-103.964581, 31.865462], [-103.964323, 31.865463], [-103.964241, 31.865463], [-103.964066, 31.865462], [-103.963846, 31.865464], [-103.963811, 31.865463], [-103.963597, 31.865453], [-103.963582, 31.865452], [-103.963433, 31.865445], [-103.963178, 31.86543], [-103.963147, 31.865428], [-103.962923, 31.865408], [-103.962667, 31.865385], [-103.962531, 31.865374], [-103.962411, 31.865364], [-103.962166, 31.865341], [-103.96191, 31.865318], [-103.961654, 31.865295], [-103.961479, 31.865279], [-103.961328, 31.865265], [-103.961306, 31.865263], [-103.96107, 31.865242], [-103.960814, 31.865219], [-103.960619, 31.865202], [-103.960559, 31.865197], [-103.960305, 31.865174], [-103.960048, 31.865151], [-103.959943, 31.865141], [-103.959796, 31.865127], [-103.959543, 31.865104], [-103.959288, 31.865081], [-103.959032, 31.865058], [-103.958776, 31.865034], [-103.95852, 31.86501], [-103.958265, 31.864988], [-103.958008, 31.864966], [-103.957752, 31.864942], [-103.957499, 31.86492], [-103.957247, 31.864897], [-103.956994, 31.864874], [-103.956741, 31.864851], [-103.956485, 31.864828], [-103.956229, 31.864804], [-103.95607, 31.864791], [-103.956001, 31.864784], [-103.955974, 31.864782], [-103.955833, 31.86477], [-103.955777, 31.864764], [-103.95564, 31.864753], [-103.955629, 31.864751], [-103.955563, 31.864747], [-103.955521, 31.864744], [-103.955506, 31.86474], [-103.955498, 31.86473], [-103.95539, 31.864531], [-103.955376, 31.864507], [-103.955292, 31.86438], [-103.955212, 31.864258], [-103.955095, 31.864077], [-103.95497, 31.863885], [-103.954845, 31.863693], [-103.95472, 31.863502], [-103.954594, 31.86331], [-103.95447, 31.863121], [-103.954345, 31.862933], [-103.954218, 31.862742], [-103.954139, 31.862622], [-103.954062, 31.862506], [-103.953935, 31.862315], [-103.953809, 31.862123], [-103.953682, 31.861932], [-103.95356, 31.861747], [-103.953433, 31.861556], [-103.953306, 31.861365], [-103.953179, 31.861174], [-103.953053, 31.860983], [-103.952998, 31.860901], [-103.95294, 31.860811], [-103.952814, 31.86062], [-103.952711, 31.860472], [-103.952676, 31.860435], [-103.952504, 31.860272], [-103.952333, 31.860108], [-103.952162, 31.859944], [-103.951991, 31.85978], [-103.951819, 31.859616], [-103.951688, 31.85949], [-103.951516, 31.859326], [-103.951346, 31.859162], [-103.95118, 31.859001], [-103.951012, 31.858841], [-103.95084, 31.858677], [-103.950669, 31.858513], [-103.950498, 31.858349], [-103.950327, 31.858185], [-103.950156, 31.858021], [-103.949985, 31.857857], [-103.949814, 31.857692], [-103.949647, 31.857531], [-103.949475, 31.857368], [-103.949305, 31.857203], [-103.949134, 31.857039], [-103.948963, 31.856874], [-103.948793, 31.85671], [-103.948685, 31.856607], [-103.948578, 31.856505], [-103.948408, 31.856341], [-103.948236, 31.856177], [-103.948067, 31.856015], [-103.947896, 31.855851], [-103.947725, 31.855687], [-103.94761, 31.855578], [-103.947459, 31.855435], [-103.947306, 31.85529], [-103.947288, 31.855271], [-103.947135, 31.855125], [-103.947117, 31.855108], [-103.947079, 31.855071], [-103.946986, 31.854988], [-103.946888, 31.854887], [-103.946708, 31.854714], [-103.946702, 31.854706], [-103.946681, 31.854687], [-103.946519, 31.854565], [-103.946488, 31.854542], [-103.946325, 31.854421], [-103.946145, 31.854285], [-103.945955, 31.854138], [-103.945763, 31.853991], [-103.945572, 31.853844], [-103.945522, 31.853806], [-103.945395, 31.853685], [-103.945224, 31.85352], [-103.945052, 31.853357], [-103.944881, 31.853193], [-103.944709, 31.853029], [-103.944658, 31.85298], [-103.944535, 31.852867], [-103.944358, 31.852708], [-103.944181, 31.852548], [-103.944005, 31.852388], [-103.943829, 31.852227], [-103.943725, 31.852131], [-103.943667, 31.852077], [-103.943601, 31.852006], [-103.943535, 31.85189], [-103.943501, 31.851822], [-103.943399, 31.851619], [-103.943348, 31.851528], [-103.943258, 31.851438], [-103.943082, 31.851278], [-103.94303, 31.85123], [-103.942906, 31.851117], [-103.942797, 31.851016], [-103.942622, 31.850855], [-103.94252, 31.85076], [-103.942402, 31.850648], [-103.942349, 31.850597], [-103.942233, 31.850484], [-103.942194, 31.850446], [-103.94218, 31.850431], [-103.942148, 31.850401], [-103.942127, 31.85038], [-103.942009, 31.850268], [-103.941856, 31.850127], [-103.941681, 31.849965], [-103.94151, 31.849803], [-103.941439, 31.849736], [-103.941267, 31.849573], [-103.941095, 31.849409], [-103.940971, 31.849292], [-103.940855, 31.849183], [-103.940682, 31.84902], [-103.94051, 31.848857], [-103.940337, 31.848694], [-103.940165, 31.84853], [-103.939995, 31.84837], [-103.939822, 31.848207], [-103.93965, 31.848044], [-103.939515, 31.847916], [-103.939372, 31.847781], [-103.9392, 31.847617], [-103.939028, 31.847454], [-103.938855, 31.847291], [-103.938682, 31.847128], [-103.93851, 31.846965], [-103.938338, 31.846801], [-103.938168, 31.84664], [-103.938037, 31.846516], [-103.937903, 31.84639], [-103.93773, 31.846227], [-103.937558, 31.846064], [-103.937386, 31.845901], [-103.937213, 31.845738], [-103.937041, 31.845575], [-103.936868, 31.845412], [-103.936696, 31.845249], [-103.936553, 31.845114], [-103.936406, 31.844976], [-103.936236, 31.844813], [-103.93607, 31.844653], [-103.9359, 31.844487], [-103.935731, 31.844322], [-103.935562, 31.844155], [-103.935393, 31.84399], [-103.935224, 31.843824], [-103.935094, 31.843696], [-103.934972, 31.843578], [-103.934803, 31.843412], [-103.934634, 31.843247], [-103.934464, 31.843081], [-103.934295, 31.842916], [-103.934127, 31.84275], [-103.933957, 31.842584], [-103.933788, 31.842418], [-103.933633, 31.842267], [-103.93348, 31.842118], [-103.933313, 31.841953], [-103.933146, 31.841789], [-103.932977, 31.841624], [-103.932808, 31.841458], [-103.932639, 31.841292], [-103.932471, 31.841126], [-103.932301, 31.84096], [-103.932132, 31.840795], [-103.932098, 31.840762], [-103.931962, 31.840629], [-103.931793, 31.840464], [-103.931624, 31.840299], [-103.931455, 31.840133], [-103.931332, 31.840013], [-103.931286, 31.839967], [-103.931216, 31.8399], [-103.931206, 31.83989], [-103.931205, 31.839889], [-103.931118, 31.839803], [-103.931074, 31.839762], [-103.930963, 31.839652], [-103.930904, 31.839593], [-103.93081, 31.839475], [-103.930717, 31.839358], [-103.930698, 31.839335], [-103.930695, 31.839332], [-103.930694, 31.83933], [-103.930681, 31.839312], [-103.930678, 31.839308], [-103.930675, 31.839305], [-103.930673, 31.839303], [-103.930671, 31.8393], [-103.930668, 31.839296], [-103.930666, 31.839294], [-103.930664, 31.839292], [-103.93066, 31.839287], [-103.930653, 31.839278], [-103.930652, 31.839277], [-103.930649, 31.839273], [-103.930646, 31.839269], [-103.930645, 31.839268], [-103.930637, 31.839256], [-103.930635, 31.839254], [-103.930633, 31.839251], [-103.930631, 31.839249], [-103.930629, 31.839246], [-103.930626, 31.839242], [-103.930612, 31.839225], [-103.93061, 31.839223], [-103.930608, 31.839219], [-103.930589, 31.839196], [-103.930516, 31.839104], [-103.930372, 31.838923], [-103.930227, 31.838741], [-103.930082, 31.838559], [-103.929938, 31.838377], [-103.929794, 31.838195], [-103.92965, 31.838013], [-103.929507, 31.837833], [-103.929417, 31.83772], [-103.929355, 31.837641], [-103.929271, 31.837536], [-103.929127, 31.837354], [-103.928984, 31.837174], [-103.928839, 31.836992], [-103.928695, 31.836811], [-103.928554, 31.836634], [-103.92841, 31.836452], [-103.928266, 31.83627], [-103.928164, 31.836144], [-103.92806, 31.836013], [-103.927916, 31.835832], [-103.927772, 31.83565], [-103.927628, 31.835468], [-103.927483, 31.835286], [-103.927339, 31.835104], [-103.927194, 31.834922], [-103.927051, 31.834742], [-103.926942, 31.834605], [-103.926862, 31.834503], [-103.926815, 31.834445], [-103.926745, 31.834308], [-103.926639, 31.834111], [-103.926619, 31.834074], [-103.926512, 31.833874], [-103.926405, 31.833676], [-103.926298, 31.833477], [-103.926191, 31.833277], [-103.926085, 31.83308], [-103.925979, 31.83288], [-103.925872, 31.83268], [-103.925764, 31.83248], [-103.925658, 31.832284], [-103.92555, 31.832084], [-103.925443, 31.831885], [-103.925336, 31.831685], [-103.925228, 31.831486], [-103.925132, 31.831308], [-103.925039, 31.831135], [-103.924944, 31.830959], [-103.924885, 31.830846], [-103.924821, 31.830717], [-103.924808, 31.830639], [-103.924786, 31.83042], [-103.924782, 31.83036], [-103.924789, 31.830203], [-103.924795, 31.830107], [-103.924805, 31.829888], [-103.924814, 31.829668], [-103.924816, 31.82962], [-103.924817, 31.829593], [-103.924827, 31.82943], [-103.924833, 31.829309], [-103.924838, 31.829221], [-103.924844, 31.82911], [-103.924854, 31.82889], [-103.924862, 31.828671], [-103.924864, 31.828621], [-103.924867, 31.828452], [-103.924868, 31.828422], [-103.924872, 31.828232], [-103.924877, 31.828012], [-103.924882, 31.827793], [-103.924886, 31.827573], [-103.92489, 31.827383], [-103.924895, 31.827177], [-103.924898, 31.826958], [-103.924903, 31.826738], [-103.924908, 31.826518], [-103.924913, 31.826298], [-103.924917, 31.826079], [-103.924922, 31.825859], [-103.924926, 31.825702], [-103.924926, 31.825693], [-103.92493, 31.825527], [-103.924935, 31.825304], [-103.924938, 31.825084], [-103.924939, 31.824945], [-103.924944, 31.824929], [-103.924964, 31.824924], [-103.925036, 31.824924], [-103.925217, 31.824925], [-103.925321, 31.824925], [-103.925436, 31.824926], [-103.925548, 31.824927], [-103.92557, 31.824919], [-103.925572, 31.824906], [-103.925575, 31.824816], [-103.925577, 31.824729], [-103.925589, 31.824598], [-103.925598, 31.824518], [-103.9256, 31.8245], [-103.925651, 31.824024], [-103.925655, 31.823994], [-103.925678, 31.823776], [-103.925701, 31.82358], [-103.925702, 31.823573], [-103.925707, 31.823566], [-103.925858, 31.823388], [-103.926007, 31.823209], [-103.926027, 31.823184], [-103.926144, 31.823047], [-103.926149, 31.823041], [-103.92615, 31.823033], [-103.926154, 31.823006], [-103.926172, 31.822862], [-103.926183, 31.822788], [-103.926197, 31.822693], [-103.926205, 31.822636], [-103.926212, 31.822569], [-103.926218, 31.822541], [-103.92622, 31.822488], [-103.92621, 31.822449], [-103.926181, 31.822354], [-103.926117, 31.822142], [-103.926091, 31.822059], [-103.926027, 31.821847], [-103.926, 31.821734], [-103.926006, 31.821633], [-103.92603, 31.821414], [-103.926052, 31.821195], [-103.926075, 31.820977], [-103.926099, 31.820774], [-103.926123, 31.820557], [-103.926148, 31.820339], [-103.926172, 31.82012], [-103.926196, 31.819904], [-103.92622, 31.819686], [-103.926244, 31.819467], [-103.926268, 31.819248], [-103.926292, 31.81903], [-103.926316, 31.818811], [-103.926341, 31.818592], [-103.926364, 31.818373], [-103.926388, 31.818154], [-103.926405, 31.818003], [-103.92642, 31.817857], [-103.926432, 31.817758], [-103.926459, 31.81764], [-103.926496, 31.817481], [-103.926547, 31.817266], [-103.926549, 31.817258], [-103.926547, 31.817252], [-103.926546, 31.817251], [-103.926543, 31.817244], [-103.92652, 31.817181], [-103.926477, 31.817065], [-103.926432, 31.816942], [-103.92639, 31.816839], [-103.926379, 31.816815], [-103.926346, 31.816728], [-103.926346, 31.81672], [-103.926345, 31.816712], [-103.926403, 31.816498], [-103.926438, 31.816353], [-103.926493, 31.816138], [-103.926527, 31.816009], [-103.926546, 31.815923], [-103.926555, 31.815896], [-103.926567, 31.815848], [-103.926583, 31.815784], [-103.926584, 31.815779], [-103.926603, 31.815709], [-103.926626, 31.815624], [-103.926659, 31.815495], [-103.926674, 31.815434], [-103.92668, 31.815415], [-103.926689, 31.81536], [-103.926684, 31.8153], [-103.926681, 31.815278], [-103.926654, 31.815113], [-103.926635, 31.814995], [-103.926616, 31.814871], [-103.926582, 31.814655], [-103.926548, 31.814437], [-103.926514, 31.814219], [-103.92648, 31.814001], [-103.926446, 31.813783], [-103.926412, 31.813566], [-103.926391, 31.813429], [-103.926356, 31.813213], [-103.926345, 31.81314], [-103.926343, 31.813081], [-103.926344, 31.812916], [-103.926344, 31.812861], [-103.926344, 31.812716], [-103.926344, 31.812696], [-103.926345, 31.812642], [-103.926347, 31.812443], [-103.926348, 31.812292], [-103.926349, 31.812223], [-103.926349, 31.812096], [-103.926349, 31.812074], [-103.926349, 31.812003], [-103.926347, 31.811855], [-103.926347, 31.811784], [-103.926346, 31.811581], [-103.926346, 31.811465], [-103.926346, 31.81131], [-103.926347, 31.81109], [-103.926349, 31.810871], [-103.926349, 31.810651], [-103.92635, 31.810612], [-103.926344, 31.810597], [-103.926325, 31.810591], [-103.926068, 31.81059], [-103.925884, 31.810589], [-103.925811, 31.810589], [-103.925696, 31.810588], [-103.925689, 31.810588], [-103.925554, 31.810588], [-103.925374, 31.810588], [-103.925308, 31.810588], [-103.925287, 31.810588], [-103.925117, 31.81059], [-103.925078, 31.81059], [-103.924863, 31.81059], [-103.924779, 31.81059], [-103.924524, 31.81059], [-103.924331, 31.81059], [-103.924267, 31.81059], [-103.92416, 31.810591], [-103.924157, 31.810592], [-103.92414, 31.810592], [-103.924121, 31.810592], [-103.924011, 31.810591], [-103.923947, 31.810591], [-103.923759, 31.810591], [-103.923502, 31.810593], [-103.923247, 31.810593], [-103.92299, 31.810594], [-103.922732, 31.810593], [-103.922475, 31.810593], [-103.922218, 31.810592], [-103.921976, 31.810593], [-103.921961, 31.810592], [-103.921704, 31.810592], [-103.921645, 31.810593], [-103.921391, 31.810594], [-103.921134, 31.810594], [-103.920877, 31.810594], [-103.92073, 31.810594], [-103.920579, 31.810594], [-103.920337, 31.810595], [-103.92008, 31.810595], [-103.919822, 31.810595], [-103.919569, 31.810594], [-103.919315, 31.810595], [-103.919057, 31.810595], [-103.9188, 31.810595], [-103.918543, 31.810596], [-103.918288, 31.810597], [-103.918031, 31.810598], [-103.917773, 31.810598], [-103.917516, 31.810598], [-103.917259, 31.810598], [-103.917002, 31.810598], [-103.916744, 31.810598], [-103.916487, 31.810598], [-103.91623, 31.810598], [-103.915972, 31.810598], [-103.915719, 31.810599], [-103.915461, 31.8106], [-103.915204, 31.810601], [-103.914947, 31.810601], [-103.91469, 31.810601], [-103.914433, 31.810602], [-103.914175, 31.810603], [-103.914038, 31.810603], [-103.913878, 31.810603], [-103.913645, 31.810603], [-103.913388, 31.810603], [-103.91313, 31.810601], [-103.912873, 31.810599], [-103.912616, 31.810599], [-103.912359, 31.810597], [-103.912112, 31.810597], [-103.911855, 31.810599], [-103.911598, 31.810598], [-103.91134, 31.810598], [-103.911083, 31.810598], [-103.910829, 31.810599], [-103.910572, 31.810598], [-103.910314, 31.810599], [-103.910057, 31.810599], [-103.909804, 31.8106], [-103.909566, 31.8106], [-103.909309, 31.810601], [-103.909052, 31.810601], [-103.908798, 31.8106], [-103.908632, 31.810601], [-103.908612, 31.810594], [-103.908607, 31.810579], [-103.908603, 31.810363], [-103.908603, 31.810143], [-103.908601, 31.810088], [-103.908603, 31.809868], [-103.908603, 31.809816], [-103.908603, 31.809597], [-103.9086, 31.809416], [-103.908603, 31.809256], [-103.908604, 31.809152], [-103.908604, 31.809124], [-103.908604, 31.808994], [-103.908604, 31.808866], [-103.908604, 31.808734], [-103.908604, 31.808629], [-103.908605, 31.808604], [-103.908606, 31.808571], [-103.908606, 31.808534], [-103.908608, 31.808317], [-103.908608, 31.808207], [-103.908608, 31.807987], [-103.908607, 31.80777], [-103.908607, 31.807755], [-103.908608, 31.807632], [-103.908608, 31.807504], [-103.908608, 31.807372], [-103.908608, 31.807288], [-103.908607, 31.807156], [-103.908607, 31.807024], [-103.908607, 31.806893], [-103.908607, 31.806761], [-103.908606, 31.806629], [-103.908606, 31.806498], [-103.908606, 31.806402], [-103.908606, 31.806372], [-103.908608, 31.806152], [-103.90861, 31.805956], [-103.908605, 31.80594], [-103.908586, 31.805935], [-103.908574, 31.805934], [-103.908531, 31.805933], [-103.908377, 31.805927], [-103.908223, 31.80592], [-103.908069, 31.805914], [-103.907916, 31.805907], [-103.907762, 31.805901], [-103.907698, 31.805898], [-103.907608, 31.805894], [-103.907607, 31.805894], [-103.90735, 31.805884], [-103.907116, 31.805876], [-103.907094, 31.805876], [-103.907022, 31.805873], [-103.906971, 31.805866], [-103.90692, 31.805853], [-103.906866, 31.805834], [-103.906627, 31.805749], [-103.906534, 31.80572], [-103.906378, 31.805708], [-103.906159, 31.805698], [-103.905905, 31.805688], [-103.90566, 31.805679], [-103.905403, 31.805669], [-103.905146, 31.805659], [-103.904889, 31.805649], [-103.904634, 31.805639], [-103.904377, 31.805629], [-103.90412, 31.805619], [-103.903863, 31.805609], [-103.903613, 31.8056], [-103.903356, 31.80559], [-103.903099, 31.805579], [-103.902842, 31.805568], [-103.902586, 31.805558], [-103.902334, 31.805549], [-103.902077, 31.805538], [-103.90182, 31.805528], [-103.901563, 31.805518], [-103.901416, 31.805512], [-103.90129, 31.805507], [-103.901147, 31.805502], [-103.900974, 31.805495], [-103.900828, 31.805489], [-103.900666, 31.805483], [-103.900497, 31.805476], [-103.90024, 31.805466], [-103.900076, 31.80546], [-103.899984, 31.805451], [-103.899736, 31.805422], [-103.899482, 31.805388], [-103.899228, 31.805354], [-103.898974, 31.805321], [-103.898809, 31.805299], [-103.898555, 31.805265], [-103.898344, 31.805238], [-103.89809, 31.805204], [-103.897835, 31.805172], [-103.897581, 31.805138], [-103.897327, 31.805105], [-103.897073, 31.805073], [-103.896818, 31.805039], [-103.896564, 31.805006], [-103.89631, 31.804972], [-103.896059, 31.804939], [-103.895805, 31.804907], [-103.895554, 31.804875], [-103.8953, 31.804842], [-103.895045, 31.804808], [-103.894791, 31.804775], [-103.894537, 31.804741], [-103.89434, 31.804716], [-103.894168, 31.804694], [-103.893914, 31.80466], [-103.89366, 31.804627], [-103.893406, 31.804594], [-103.893151, 31.80456], [-103.892899, 31.804526], [-103.892645, 31.804494], [-103.892391, 31.804461], [-103.892183, 31.804434], [-103.891929, 31.804402], [-103.891742, 31.804378], [-103.891591, 31.804358], [-103.89158, 31.804356], [-103.891572, 31.804348], [-103.891422, 31.804174], [-103.89127, 31.803997], [-103.891154, 31.803862], [-103.891131, 31.803836], [-103.891048, 31.80374], [-103.891035, 31.803725], [-103.891032, 31.803721], [-103.891027, 31.803715], [-103.891019, 31.803707], [-103.890979, 31.80366], [-103.890966, 31.803644], [-103.890921, 31.803591], [-103.890852, 31.803509], [-103.890832, 31.803486], [-103.89083, 31.803483], [-103.890828, 31.803483], [-103.890816, 31.803467], [-103.890812, 31.803463], [-103.890809, 31.80346], [-103.890808, 31.803458], [-103.890805, 31.803455], [-103.890801, 31.803451], [-103.8908, 31.803449]], [[-103.8908, 31.803449], [-103.890799, 31.803448], [-103.890798, 31.803447], [-103.890797, 31.803445], [-103.890795, 31.803443], [-103.890787, 31.803433], [-103.890785, 31.803432], [-103.890782, 31.803428], [-103.890779, 31.803425], [-103.890778, 31.803423], [-103.890766, 31.80341], [-103.890764, 31.803407], [-103.890763, 31.803406], [-103.890759, 31.803401], [-103.890756, 31.803398], [-103.890744, 31.803384], [-103.890742, 31.803382], [-103.89074, 31.803379], [-103.89072, 31.803356], [-103.89063, 31.803253], [-103.890625, 31.803247], [-103.890476, 31.803074], [-103.89036, 31.802939], [-103.890207, 31.802762], [-103.890055, 31.802585], [-103.889903, 31.802408], [-103.88975, 31.802231], [-103.889597, 31.802055], [-103.889445, 31.801877], [-103.889342, 31.801758], [-103.889239, 31.801638], [-103.889096, 31.801473], [-103.888944, 31.801295], [-103.888794, 31.801121], [-103.888642, 31.800944], [-103.888489, 31.800767], [-103.888338, 31.800591], [-103.888192, 31.800422], [-103.88804, 31.800245], [-103.887906, 31.80009], [-103.887755, 31.799912], [-103.887603, 31.799735], [-103.887451, 31.799558], [-103.887298, 31.799381], [-103.887146, 31.799204], [-103.886994, 31.799027], [-103.886842, 31.79885], [-103.88669, 31.798673], [-103.886536, 31.798495], [-103.886384, 31.798319], [-103.886234, 31.798144], [-103.886081, 31.797967], [-103.885929, 31.79779], [-103.885777, 31.797613], [-103.885624, 31.797436], [-103.885471, 31.797259], [-103.88532, 31.797083], [-103.885168, 31.796907], [-103.885056, 31.796772], [-103.88503, 31.796741], [-103.884941, 31.796638], [-103.884937, 31.796633], [-103.884877, 31.796564], [-103.884826, 31.796505], [-103.884728, 31.796391], [-103.884575, 31.796216], [-103.884423, 31.796038], [-103.884271, 31.795861], [-103.884118, 31.795684], [-103.883988, 31.795534], [-103.883854, 31.795379], [-103.883701, 31.795203], [-103.883663, 31.795158], [-103.88351, 31.794982], [-103.883357, 31.794805], [-103.88325, 31.794681], [-103.883204, 31.794628], [-103.883147, 31.794564], [-103.883109, 31.79452], [-103.883056, 31.794454], [-103.883012, 31.794401], [-103.882919, 31.794291], [-103.882767, 31.794114], [-103.882729, 31.794071], [-103.882577, 31.793894], [-103.882424, 31.793717], [-103.882284, 31.793553], [-103.882132, 31.793376], [-103.881979, 31.793199], [-103.881827, 31.793021], [-103.881676, 31.792846], [-103.881524, 31.792669], [-103.881372, 31.792492], [-103.881219, 31.792315], [-103.881105, 31.792182], [-103.881012, 31.792074], [-103.88086, 31.791897], [-103.880707, 31.79172], [-103.880556, 31.791543], [-103.880403, 31.791366], [-103.880251, 31.791189], [-103.880099, 31.791012], [-103.880013, 31.790912], [-103.879923, 31.790808], [-103.879814, 31.79068], [-103.879715, 31.790564], [-103.87962, 31.790453], [-103.879504, 31.790321], [-103.87943, 31.790236], [-103.87938, 31.790131], [-103.879302, 31.789922], [-103.87923, 31.789711], [-103.879208, 31.789642], [-103.879179, 31.78957], [-103.879179, 31.789569], [-103.879135, 31.789509], [-103.879002, 31.789354], [-103.878859, 31.789189], [-103.878847, 31.789175], [-103.878802, 31.789123], [-103.87871, 31.789018], [-103.878597, 31.788888], [-103.878583, 31.788872], [-103.878529, 31.788806], [-103.878438, 31.788702], [-103.878313, 31.788555], [-103.878277, 31.788512], [-103.878257, 31.788488], [-103.878217, 31.788451], [-103.878179, 31.788426], [-103.878082, 31.788372], [-103.877872, 31.788252], [-103.877661, 31.78813], [-103.877535, 31.788051], [-103.877472, 31.787985], [-103.877321, 31.78781], [-103.87717, 31.787634], [-103.877063, 31.78751], [-103.876924, 31.787348], [-103.876772, 31.787171], [-103.876619, 31.786994], [-103.876467, 31.786817], [-103.876315, 31.786639], [-103.876163, 31.786463], [-103.876017, 31.786293], [-103.875865, 31.786115], [-103.875743, 31.785971], [-103.875592, 31.785795], [-103.875467, 31.785651], [-103.875314, 31.785474], [-103.875166, 31.785302], [-103.875015, 31.785124], [-103.875009, 31.785118], [-103.875008, 31.785111], [-103.874976, 31.784892], [-103.874946, 31.784674], [-103.874931, 31.784561], [-103.87492, 31.784469], [-103.874919, 31.784342], [-103.87492, 31.784152], [-103.874921, 31.784025], [-103.874924, 31.783806], [-103.874927, 31.783586], [-103.874928, 31.783367], [-103.87493, 31.783147], [-103.874931, 31.782927], [-103.874934, 31.782708], [-103.874935, 31.782488], [-103.874938, 31.782268], [-103.87494, 31.782051], [-103.874941, 31.781834], [-103.874943, 31.781615], [-103.874945, 31.781395], [-103.874946, 31.781176], [-103.874948, 31.780956], [-103.874949, 31.780736], [-103.87495, 31.780516], [-103.874953, 31.780297], [-103.874956, 31.780107], [-103.874957, 31.780077], [-103.874967, 31.779858], [-103.874979, 31.779638], [-103.874988, 31.779419], [-103.874999, 31.779199], [-103.87501, 31.779015], [-103.875021, 31.778795], [-103.875033, 31.778578], [-103.875042, 31.778399], [-103.875051, 31.778219], [-103.875063, 31.778], [-103.875074, 31.77778], [-103.875085, 31.777561], [-103.875096, 31.777341], [-103.875107, 31.777122], [-103.87512, 31.776903], [-103.875129, 31.776684], [-103.875131, 31.776641], [-103.875132, 31.776546], [-103.875141, 31.776343], [-103.875144, 31.776251], [-103.875152, 31.776115], [-103.875162, 31.775895], [-103.875173, 31.775676], [-103.875182, 31.775456], [-103.875194, 31.775237], [-103.875205, 31.775017], [-103.875215, 31.7748], [-103.875225, 31.774603], [-103.875236, 31.7744], [-103.875246, 31.774184], [-103.875257, 31.773965], [-103.875267, 31.773747], [-103.875278, 31.773529], [-103.875289, 31.77331], [-103.8753, 31.77309], [-103.875311, 31.772871], [-103.87532, 31.772684], [-103.875327, 31.772523], [-103.875338, 31.772303], [-103.875349, 31.772083], [-103.87536, 31.771863], [-103.87537, 31.771644], [-103.875381, 31.771425], [-103.875392, 31.771205], [-103.875402, 31.770986], [-103.875411, 31.770797], [-103.875418, 31.770654], [-103.875429, 31.770434], [-103.87544, 31.770214], [-103.875451, 31.769995], [-103.875462, 31.769775], [-103.875472, 31.769556], [-103.875483, 31.769336], [-103.875488, 31.769245], [-103.875487, 31.769094], [-103.875487, 31.768917], [-103.875486, 31.768714], [-103.875485, 31.768495], [-103.875483, 31.768275], [-103.875482, 31.768078], [-103.875481, 31.76805], [-103.875479, 31.767831], [-103.875476, 31.767614], [-103.875474, 31.767397], [-103.875474, 31.767341], [-103.875474, 31.767265], [-103.875473, 31.767133], [-103.875472, 31.767002], [-103.875472, 31.76687], [-103.875471, 31.766739], [-103.87547, 31.766607], [-103.87547, 31.766475], [-103.875469, 31.766344], [-103.875468, 31.766212], [-103.875468, 31.766108], [-103.875467, 31.765977], [-103.875466, 31.765848], [-103.875466, 31.765729], [-103.875465, 31.76561], [-103.875465, 31.765481], [-103.875464, 31.765352], [-103.875463, 31.76522], [-103.875463, 31.765089], [-103.875462, 31.764957], [-103.875462, 31.764862], [-103.875461, 31.764838], [-103.875458, 31.764622], [-103.875458, 31.764402], [-103.875458, 31.764338], [-103.875456, 31.764118], [-103.875456, 31.763899], [-103.875455, 31.763679], [-103.875452, 31.763459], [-103.875449, 31.763239], [-103.875446, 31.76302], [-103.875447, 31.762801], [-103.875448, 31.762631], [-103.875448, 31.762505], [-103.875447, 31.762285], [-103.875446, 31.762066], [-103.875445, 31.761848], [-103.875444, 31.761628], [-103.875443, 31.761411], [-103.875442, 31.761195], [-103.875442, 31.76106], [-103.875441, 31.760871], [-103.87544, 31.760689], [-103.875439, 31.760469], [-103.875437, 31.76025], [-103.875436, 31.76003], [-103.875435, 31.75981], [-103.875433, 31.759591], [-103.875431, 31.759374], [-103.875431, 31.759215], [-103.87543, 31.758995], [-103.875429, 31.758777], [-103.875428, 31.758561], [-103.875426, 31.758341], [-103.875425, 31.758129], [-103.875424, 31.757909], [-103.875422, 31.75769], [-103.87542, 31.75747], [-103.87542, 31.75725], [-103.875419, 31.757046], [-103.875418, 31.756847], [-103.875417, 31.756628], [-103.875416, 31.756408], [-103.875414, 31.75619], [-103.875413, 31.755972], [-103.875412, 31.755753], [-103.875411, 31.755533], [-103.875409, 31.755332], [-103.875409, 31.75524], [-103.875408, 31.755125], [-103.875407, 31.754956], [-103.875406, 31.754736], [-103.875405, 31.754517], [-103.875404, 31.754311], [-103.875403, 31.754249], [-103.875403, 31.754162], [-103.875403, 31.754092], [-103.875402, 31.753985], [-103.875401, 31.753829], [-103.875399, 31.753645], [-103.875399, 31.753617], [-103.8754, 31.753425], [-103.8754, 31.753398], [-103.8754, 31.753385], [-103.875396, 31.753076], [-103.875396, 31.753047], [-103.875394, 31.75283], [-103.875393, 31.752611], [-103.875393, 31.752583], [-103.875393, 31.752461], [-103.875393, 31.752363], [-103.875392, 31.752299], [-103.87539, 31.752083], [-103.875389, 31.751875], [-103.875388, 31.751693], [-103.875388, 31.751533], [-103.875387, 31.751439], [-103.875386, 31.75122], [-103.875382, 31.751001], [-103.875381, 31.750808], [-103.875381, 31.75079], [-103.875382, 31.75057], [-103.87538, 31.75035], [-103.875379, 31.750131], [-103.875378, 31.749993], [-103.875378, 31.749774], [-103.875377, 31.749554], [-103.875376, 31.749334], [-103.875375, 31.749114], [-103.875373, 31.748895], [-103.875372, 31.748675], [-103.875371, 31.748456], [-103.875369, 31.748236], [-103.875368, 31.748043], [-103.875366, 31.747845], [-103.875365, 31.747626], [-103.875365, 31.747406], [-103.875363, 31.747186], [-103.875361, 31.746966], [-103.875361, 31.746747], [-103.87536, 31.746527], [-103.875358, 31.746339], [-103.875358, 31.746181], [-103.875357, 31.746043], [-103.875355, 31.745823], [-103.875354, 31.745604], [-103.875353, 31.745384], [-103.875351, 31.745165], [-103.875349, 31.744945], [-103.875347, 31.744725], [-103.875347, 31.74453], [-103.875346, 31.744409], [-103.875345, 31.744271], [-103.875344, 31.744072], [-103.875344, 31.743852], [-103.875343, 31.743633], [-103.875342, 31.743413], [-103.875341, 31.743193], [-103.875339, 31.742973], [-103.875337, 31.742754], [-103.875336, 31.742621], [-103.875336, 31.742499], [-103.875334, 31.74228], [-103.875333, 31.742061], [-103.875332, 31.741845], [-103.875331, 31.741625], [-103.875331, 31.741405], [-103.87533, 31.741185], [-103.875329, 31.740966], [-103.875327, 31.740811], [-103.875326, 31.740635], [-103.875324, 31.740416], [-103.875323, 31.740196], [-103.875322, 31.739976], [-103.875321, 31.739756], [-103.875319, 31.739565], [-103.87532, 31.739556], [-103.875328, 31.739547], [-103.875336, 31.73954], [-103.875511, 31.739393], [-103.875693, 31.739237], [-103.875786, 31.739159], [-103.875873, 31.739086], [-103.876038, 31.738949], [-103.87622, 31.738798], [-103.876312, 31.738724], [-103.876333, 31.738707], [-103.876515, 31.738552], [-103.876701, 31.738401], [-103.876797, 31.738321], [-103.876811, 31.73831], [-103.876857, 31.73827], [-103.877022, 31.738132], [-103.877031, 31.738113], [-103.877031, 31.737894], [-103.877028, 31.737685], [-103.877028, 31.737554], [-103.877028, 31.737409], [-103.877027, 31.737189], [-103.877025, 31.736969], [-103.877024, 31.73686], [-103.877023, 31.736728], [-103.877023, 31.736597], [-103.877022, 31.736486], [-103.877022, 31.73627], [-103.877022, 31.736051], [-103.87702, 31.735853], [-103.877019, 31.73566], [-103.877019, 31.73544], [-103.877018, 31.73522], [-103.877017, 31.735001], [-103.877017, 31.734781], [-103.877016, 31.734561], [-103.877016, 31.734347], [-103.877016, 31.734226], [-103.877016, 31.734104], [-103.877016, 31.733945], [-103.877016, 31.733783], [-103.877015, 31.733563], [-103.877014, 31.733343], [-103.877013, 31.733172], [-103.877012, 31.732953], [-103.877011, 31.732735], [-103.87701, 31.732515], [-103.877009, 31.732299], [-103.877008, 31.732079], [-103.877008, 31.731859], [-103.877007, 31.73184], [-103.877007, 31.731648], [-103.877005, 31.731483], [-103.877005, 31.731432], [-103.877005, 31.731212], [-103.877003, 31.731114], [-103.877003, 31.731095], [-103.877003, 31.731073], [-103.877003, 31.730963], [-103.877002, 31.730862], [-103.877002, 31.730734], [-103.877001, 31.730623], [-103.877, 31.730548], [-103.877002, 31.73054], [-103.877001, 31.730403], [-103.877, 31.730376], [-103.877001, 31.730346], [-103.877001, 31.730234], [-103.877, 31.73016], [-103.877001, 31.73013], [-103.877, 31.729972], [-103.877, 31.729941], [-103.877, 31.729869], [-103.876999, 31.72965], [-103.876999, 31.729528], [-103.876999, 31.7295], [-103.876998, 31.729409], [-103.876999, 31.729233], [-103.876998, 31.729189], [-103.876997, 31.72897], [-103.876996, 31.72875], [-103.876995, 31.728532], [-103.876994, 31.728313], [-103.876993, 31.728093], [-103.876991, 31.727874], [-103.87699, 31.727716], [-103.87699, 31.727567], [-103.876989, 31.727348], [-103.876988, 31.727128], [-103.876988, 31.726908], [-103.876987, 31.726688], [-103.876987, 31.726469], [-103.876985, 31.726249], [-103.876986, 31.72607], [-103.876986, 31.726041], [-103.876986, 31.725931], [-103.876985, 31.725854], [-103.876984, 31.72577], [-103.876984, 31.725766], [-103.876984, 31.72574], [-103.876984, 31.725728], [-103.876984, 31.72567], [-103.876985, 31.725635], [-103.876985, 31.7256], [-103.876985, 31.725564], [-103.876983, 31.725417], [-103.876981, 31.725196], [-103.876978, 31.724961], [-103.876978, 31.724757], [-103.876977, 31.724537], [-103.876976, 31.724318], [-103.876975, 31.724119], [-103.876975, 31.724099], [-103.876974, 31.723963], [-103.876974, 31.723934], [-103.876974, 31.723931], [-103.876974, 31.723928], [-103.876973, 31.72391], [-103.876973, 31.723905], [-103.876974, 31.723901], [-103.876974, 31.723899], [-103.876974, 31.723896], [-103.876974, 31.723879], [-103.876974, 31.723878], [-103.876974, 31.723873], [-103.876973, 31.723869], [-103.876973, 31.723867], [-103.876973, 31.72385], [-103.876973, 31.723848], [-103.876973, 31.723845], [-103.876973, 31.723841], [-103.876973, 31.723836], [-103.876973, 31.723818], [-103.876973, 31.723815], [-103.876973, 31.723812], [-103.876974, 31.723783], [-103.876973, 31.723708], [-103.876973, 31.723533], [-103.876972, 31.72333], [-103.876971, 31.723127], [-103.876971, 31.723107], [-103.876973, 31.722915], [-103.876973, 31.722695], [-103.876973, 31.722479], [-103.876973, 31.722445], [-103.876973, 31.722425], [-103.876971, 31.722414], [-103.876959, 31.722405], [-103.876741, 31.722299], [-103.876574, 31.722217], [-103.876351, 31.722109], [-103.876127, 31.722], [-103.875904, 31.721891], [-103.875681, 31.721781], [-103.875458, 31.721672], [-103.875273, 31.721582], [-103.875262, 31.721572], [-103.875259, 31.721561], [-103.875259, 31.721542], [-103.875259, 31.721352], [-103.875257, 31.721132], [-103.875256, 31.721024], [-103.875255, 31.720933], [-103.875254, 31.720833], [-103.875253, 31.720614], [-103.875253, 31.720394], [-103.875254, 31.720216], [-103.875255, 31.719997], [-103.875254, 31.719784], [-103.875254, 31.719583], [-103.875254, 31.719565], [-103.875252, 31.719524], [-103.875253, 31.719434], [-103.875253, 31.719302], [-103.875253, 31.719172], [-103.875252, 31.719066], [-103.875252, 31.719041], [-103.875252, 31.719024], [-103.875252, 31.718869], [-103.875251, 31.718761], [-103.875251, 31.718542], [-103.875252, 31.718407], [-103.875251, 31.718256], [-103.87525, 31.71823], [-103.875249, 31.718146], [-103.875248, 31.718099], [-103.875246, 31.717967], [-103.875245, 31.717839], [-103.875238, 31.717778], [-103.875242, 31.717707], [-103.875241, 31.717662], [-103.875241, 31.717643], [-103.875241, 31.717444], [-103.875239, 31.717234], [-103.875238, 31.717224], [-103.875239, 31.717191], [-103.875238, 31.717055], [-103.875238, 31.716978], [-103.875237, 31.716847], [-103.875237, 31.716772], [-103.875237, 31.716639], [-103.875236, 31.716507], [-103.875236, 31.716377], [-103.875235, 31.716248], [-103.875235, 31.716157], [-103.875235, 31.716067], [-103.875235, 31.716025], [-103.875235, 31.715999], [-103.875234, 31.71583], [-103.875233, 31.715613], [-103.875231, 31.715436], [-103.875231, 31.71541], [-103.875229, 31.715383], [-103.87523, 31.715191], [-103.875229, 31.714972], [-103.875228, 31.714753], [-103.875228, 31.714533], [-103.875226, 31.714314], [-103.875226, 31.714287], [-103.875225, 31.714094], [-103.875224, 31.713877], [-103.875224, 31.71387], [-103.875224, 31.713672], [-103.875225, 31.713458], [-103.875225, 31.713431], [-103.875225, 31.713376], [-103.875225, 31.713343], [-103.875225, 31.713334], [-103.875224, 31.713314], [-103.875224, 31.713224], [-103.875221, 31.713099], [-103.875219, 31.712968], [-103.875217, 31.712836], [-103.875215, 31.712704], [-103.875214, 31.712579], [-103.875212, 31.712449], [-103.87521, 31.712317], [-103.875208, 31.712186], [-103.875207, 31.712055], [-103.875207, 31.711926], [-103.875207, 31.711798], [-103.875208, 31.711708], [-103.875208, 31.71163], [-103.87521, 31.711498], [-103.875212, 31.711367], [-103.875213, 31.711235], [-103.875202, 31.711137], [-103.875213, 31.711095], [-103.875214, 31.711053], [-103.875211, 31.711011], [-103.875213, 31.710975], [-103.875213, 31.71079], [-103.875209, 31.710573], [-103.875209, 31.7104], [-103.875209, 31.710366], [-103.875208, 31.710282], [-103.875208, 31.710182], [-103.875208, 31.710078], [-103.875208, 31.709963], [-103.875207, 31.709743], [-103.875206, 31.709703], [-103.875204, 31.709524], [-103.875204, 31.70947], [-103.875203, 31.70946], [-103.875202, 31.709306], [-103.875202, 31.709199], [-103.875201, 31.709082], [-103.8752, 31.708969], [-103.8752, 31.708838], [-103.875198, 31.70862], [-103.875198, 31.708401], [-103.875198, 31.708182], [-103.875197, 31.707962], [-103.875196, 31.707744], [-103.875195, 31.70771], [-103.875195, 31.707518], [-103.875195, 31.70749], [-103.875195, 31.707414], [-103.875195, 31.707343], [-103.875195, 31.707298], [-103.875194, 31.707252], [-103.875196, 31.707232], [-103.875198, 31.707218], [-103.875196, 31.707101], [-103.875196, 31.706969], [-103.875195, 31.70684], [-103.875194, 31.706709], [-103.875193, 31.706577], [-103.875192, 31.706445], [-103.875191, 31.706314], [-103.875191, 31.706182], [-103.875191, 31.706051], [-103.875192, 31.705919], [-103.875192, 31.705793], [-103.875192, 31.705661], [-103.875191, 31.705552], [-103.875189, 31.705464], [-103.875187, 31.705333], [-103.875186, 31.705201], [-103.875184, 31.705069], [-103.875184, 31.704938], [-103.875183, 31.704806], [-103.875183, 31.704675], [-103.875182, 31.704544], [-103.875181, 31.704415], [-103.87518, 31.704284], [-103.875178, 31.704152], [-103.875177, 31.70402], [-103.875177, 31.703889], [-103.875177, 31.703757], [-103.875176, 31.703626], [-103.875176, 31.703533], [-103.875175, 31.703401], [-103.875175, 31.703269], [-103.875174, 31.703138], [-103.875174, 31.703006], [-103.875174, 31.702874], [-103.875174, 31.702743], [-103.875174, 31.702611], [-103.875172, 31.70248], [-103.875171, 31.702389], [-103.87517, 31.702257], [-103.875168, 31.702126], [-103.875167, 31.702026], [-103.875166, 31.701994], [-103.875166, 31.701965], [-103.875163, 31.701862], [-103.875161, 31.701731], [-103.87516, 31.701611], [-103.875158, 31.701479], [-103.875156, 31.701382], [-103.875154, 31.701251], [-103.875151, 31.701119], [-103.875148, 31.700988], [-103.87516, 31.700945], [-103.875166, 31.70092], [-103.875166, 31.700892], [-103.875166, 31.700739], [-103.875165, 31.700519], [-103.875163, 31.700396], [-103.875162, 31.700178], [-103.875161, 31.699958], [-103.875159, 31.699742], [-103.875158, 31.699522], [-103.875157, 31.699303], [-103.875156, 31.699083], [-103.875156, 31.699035], [-103.875155, 31.698864], [-103.875153, 31.698644], [-103.875152, 31.698424], [-103.875151, 31.698208], [-103.87515, 31.697988], [-103.875149, 31.697769], [-103.875148, 31.697549], [-103.875147, 31.697386], [-103.875147, 31.69733], [-103.875146, 31.697123], [-103.875146, 31.697114], [-103.875146, 31.697092], [-103.875145, 31.69697], [-103.875146, 31.696922], [-103.875146, 31.696802], [-103.875146, 31.696799], [-103.875145, 31.696757], [-103.875145, 31.696729], [-103.875144, 31.696714], [-103.875144, 31.696614], [-103.875144, 31.696546], [-103.875144, 31.696519], [-103.875144, 31.696515], [-103.875143, 31.696431], [-103.875143, 31.696349], [-103.875143, 31.696212], [-103.875142, 31.696041], [-103.875143, 31.696025], [-103.875142, 31.695991], [-103.875141, 31.695771], [-103.87514, 31.69571], [-103.87514, 31.695646], [-103.87514, 31.695491], [-103.87514, 31.695271], [-103.875139, 31.695075], [-103.875137, 31.694867], [-103.875136, 31.694654], [-103.875136, 31.694629], [-103.875135, 31.694437], [-103.875132, 31.694409], [-103.87513, 31.694396], [-103.875109, 31.694235], [-103.875109, 31.694232], [-103.875102, 31.694175], [-103.875086, 31.694061], [-103.875084, 31.694038], [-103.875084, 31.694034], [-103.875083, 31.694029], [-103.875083, 31.694026], [-103.875082, 31.694024], [-103.875081, 31.694017], [-103.87508, 31.694008], [-103.87508, 31.694006], [-103.87508, 31.694001], [-103.875079, 31.693997], [-103.875079, 31.693995], [-103.875077, 31.693979], [-103.875076, 31.693976], [-103.875076, 31.693973], [-103.875076, 31.693968], [-103.875075, 31.693964], [-103.875069, 31.693915], [-103.875049, 31.693742], [-103.875042, 31.693685], [-103.875022, 31.693525], [-103.874995, 31.693307], [-103.874974, 31.693151], [-103.874956, 31.693007], [-103.874933, 31.69283], [-103.874914, 31.692668], [-103.874895, 31.692517], [-103.874875, 31.692358], [-103.874871, 31.692323], [-103.874848, 31.69214], [-103.874822, 31.691922], [-103.874794, 31.691703], [-103.874766, 31.691486], [-103.87474, 31.691267], [-103.874731, 31.691199], [-103.874713, 31.691047], [-103.87469, 31.69087], [-103.874672, 31.690722], [-103.874663, 31.690654], [-103.874648, 31.690524], [-103.874644, 31.690503], [-103.874618, 31.690284], [-103.874614, 31.69025], [-103.874606, 31.690184], [-103.874592, 31.690066], [-103.874564, 31.689847], [-103.874542, 31.689666], [-103.874537, 31.68963], [-103.87453, 31.689572], [-103.874509, 31.689411], [-103.874501, 31.689342], [-103.874499, 31.689321], [-103.874494, 31.689281], [-103.874485, 31.689208], [-103.874468, 31.68907], [-103.874454, 31.688965], [-103.874451, 31.688934], [-103.874445, 31.688884], [-103.874434, 31.688797], [-103.874425, 31.688723], [-103.874413, 31.688636], [-103.874386, 31.68842], [-103.874359, 31.688205], [-103.874332, 31.687986], [-103.874306, 31.687776], [-103.874297, 31.687705], [-103.874279, 31.687557], [-103.874264, 31.687429], [-103.874252, 31.687339], [-103.874231, 31.687177], [-103.874212, 31.687021], [-103.874184, 31.686802], [-103.874163, 31.686628], [-103.874157, 31.686585], [-103.874147, 31.686504], [-103.874132, 31.686367], [-103.874105, 31.686149], [-103.874078, 31.68593], [-103.874052, 31.685712], [-103.874033, 31.685566], [-103.874019, 31.685453], [-103.874004, 31.685339], [-103.87399, 31.685224], [-103.873975, 31.685106], [-103.873957, 31.684941], [-103.873931, 31.684739], [-103.873903, 31.68452], [-103.873876, 31.684301], [-103.873848, 31.684086], [-103.873824, 31.68388], [-103.873797, 31.683661], [-103.87377, 31.683448], [-103.873742, 31.683229], [-103.873717, 31.683019], [-103.873689, 31.6828], [-103.873662, 31.682581], [-103.873635, 31.682366], [-103.873607, 31.682147], [-103.87358, 31.681929], [-103.873553, 31.68171], [-103.873531, 31.681538], [-103.873503, 31.681319], [-103.873477, 31.681104], [-103.87345, 31.680885], [-103.873423, 31.680667], [-103.873396, 31.680449], [-103.873369, 31.680233], [-103.873342, 31.680017], [-103.873315, 31.679802], [-103.873289, 31.679583], [-103.873262, 31.679365], [-103.873234, 31.679147], [-103.873207, 31.67893], [-103.873181, 31.678712], [-103.873154, 31.678494], [-103.873127, 31.678275], [-103.873099, 31.678057], [-103.873076, 31.677872], [-103.873062, 31.677754], [-103.873046, 31.677625], [-103.87303, 31.677496], [-103.873006, 31.677304], [-103.872979, 31.677086], [-103.872952, 31.676867], [-103.872925, 31.676649], [-103.872898, 31.67643], [-103.872871, 31.676212], [-103.872853, 31.676077], [-103.872829, 31.675883], [-103.872813, 31.675755], [-103.872797, 31.67563], [-103.872777, 31.675463], [-103.87275, 31.675245], [-103.872723, 31.675026], [-103.872695, 31.674808], [-103.872667, 31.674589], [-103.87264, 31.674371], [-103.872626, 31.674259], [-103.872604, 31.674078], [-103.87259, 31.673959], [-103.872575, 31.673832], [-103.872555, 31.673682], [-103.872528, 31.673463], [-103.872501, 31.673244], [-103.872475, 31.673026], [-103.872448, 31.672807], [-103.87242, 31.672589], [-103.8724, 31.672426], [-103.872379, 31.672254], [-103.87236, 31.672104], [-103.872336, 31.671911], [-103.872309, 31.671693], [-103.872282, 31.671475], [-103.872255, 31.671256], [-103.872229, 31.67104], [-103.872201, 31.670822], [-103.872184, 31.670684], [-103.872172, 31.670586], [-103.872159, 31.670486], [-103.872137, 31.670307], [-103.872119, 31.670154], [-103.872102, 31.670018], [-103.872083, 31.669873], [-103.872079, 31.669839], [-103.872052, 31.66962], [-103.872025, 31.669402], [-103.871999, 31.669191], [-103.871973, 31.668974], [-103.871945, 31.668758], [-103.871918, 31.668539], [-103.871895, 31.668354], [-103.871872, 31.668162], [-103.871845, 31.667948], [-103.871818, 31.667729], [-103.871798, 31.667565], [-103.87179, 31.667512], [-103.871779, 31.667412], [-103.871764, 31.667294], [-103.871759, 31.667249], [-103.871748, 31.66716], [-103.871737, 31.667077], [-103.871729, 31.666998], [-103.871711, 31.666859], [-103.87171, 31.666838], [-103.871685, 31.66664], [-103.871678, 31.666586], [-103.871652, 31.666386], [-103.871625, 31.666169], [-103.871598, 31.66595], [-103.87157, 31.665732], [-103.871552, 31.665586], [-103.87155, 31.665585], [-103.871542, 31.665577], [-103.87136, 31.665443], [-103.87129, 31.665391], [-103.871285, 31.665387], [-103.871227, 31.665344], [-103.871144, 31.665281], [-103.871099, 31.665246], [-103.871091, 31.665238], [-103.871088, 31.665229], [-103.871085, 31.665188], [-103.87108, 31.665122], [-103.87107, 31.66499], [-103.871065, 31.66492], [-103.871058, 31.664846], [-103.871055, 31.664819], [-103.871041, 31.664627], [-103.87104, 31.664606], [-103.871031, 31.66448], [-103.87102, 31.66434], [-103.871003, 31.664121], [-103.870986, 31.663901], [-103.870971, 31.663682], [-103.870963, 31.663561], [-103.870963, 31.66355], [-103.870947, 31.66334], [-103.870932, 31.663121], [-103.870916, 31.6629], [-103.870902, 31.662704], [-103.870886, 31.662505], [-103.870871, 31.662288], [-103.870854, 31.662069], [-103.870838, 31.66185], [-103.870822, 31.66163], [-103.870806, 31.661411], [-103.87079, 31.661193], [-103.870774, 31.660974], [-103.870758, 31.660755], [-103.870745, 31.66056], [-103.870742, 31.660536], [-103.87073, 31.660367], [-103.870725, 31.660317], [-103.870714, 31.660203], [-103.870713, 31.660194], [-103.870712, 31.660184], [-103.870709, 31.660153], [-103.870706, 31.660099], [-103.870698, 31.65999], [-103.870689, 31.659888], [-103.870685, 31.659867], [-103.87067, 31.65967], [-103.870654, 31.659453], [-103.870639, 31.659237], [-103.870624, 31.659018], [-103.870614, 31.658866], [-103.870603, 31.658727], [-103.870589, 31.658506], [-103.870575, 31.65829], [-103.87056, 31.658071], [-103.870556, 31.657956], [-103.870579, 31.657855], [-103.870632, 31.657641], [-103.870688, 31.657427], [-103.870741, 31.65722], [-103.870741, 31.657216], [-103.870747, 31.657187], [-103.87083, 31.656853], [-103.870831, 31.656849], [-103.870846, 31.65679], [-103.870884, 31.656641], [-103.870899, 31.656586], [-103.870955, 31.656375], [-103.871012, 31.65616], [-103.871068, 31.655946], [-103.871124, 31.655732], [-103.871179, 31.655517], [-103.871231, 31.655307], [-103.871284, 31.655095], [-103.871339, 31.65488], [-103.871394, 31.654666], [-103.871448, 31.654451], [-103.871503, 31.654236], [-103.871557, 31.654022], [-103.871612, 31.653807], [-103.871666, 31.653592], [-103.871721, 31.653378], [-103.871776, 31.653163], [-103.871831, 31.652948], [-103.871886, 31.652733], [-103.871939, 31.652522], [-103.871994, 31.652307], [-103.872049, 31.652092], [-103.872103, 31.651881], [-103.872158, 31.651666], [-103.872212, 31.651451], [-103.872267, 31.651236], [-103.872321, 31.651026], [-103.872376, 31.650812], [-103.872429, 31.650597], [-103.872484, 31.650382], [-103.87254, 31.650168], [-103.872594, 31.649953], [-103.872649, 31.649741], [-103.872704, 31.649526], [-103.872733, 31.649406], [-103.872787, 31.649191], [-103.872809, 31.649101], [-103.872849, 31.648948], [-103.872904, 31.648733], [-103.872958, 31.648521], [-103.873013, 31.648309], [-103.873067, 31.648096], [-103.873101, 31.647962], [-103.873121, 31.647884], [-103.87314, 31.647815], [-103.873142, 31.647808], [-103.873144, 31.647802], [-103.873151, 31.647772], [-103.873163, 31.647729], [-103.873166, 31.647716], [-103.873177, 31.647671], [-103.873206, 31.647556], [-103.873231, 31.647456], [-103.87325, 31.647381], [-103.873262, 31.647328], [-103.873285, 31.647234], [-103.873289, 31.647219], [-103.873315, 31.647118], [-103.873328, 31.647065], [-103.873369, 31.646911], [-103.873424, 31.646697], [-103.873448, 31.646612], [-103.873474, 31.646504], [-103.8735, 31.646397], [-103.873519, 31.646325], [-103.873543, 31.646227], [-103.873555, 31.646182], [-103.873591, 31.646046], [-103.87361, 31.645968], [-103.873665, 31.645754], [-103.873719, 31.645539], [-103.873774, 31.645325], [-103.873829, 31.64511], [-103.873883, 31.644898], [-103.873938, 31.644683], [-103.873993, 31.644469], [-103.874048, 31.644254], [-103.874102, 31.644039], [-103.874156, 31.643824], [-103.874212, 31.64361], [-103.874266, 31.643395], [-103.874322, 31.64318], [-103.874377, 31.642966], [-103.874409, 31.642834], [-103.874447, 31.642689], [-103.874453, 31.642659], [-103.874502, 31.642472], [-103.874508, 31.642446], [-103.874512, 31.642436], [-103.874519, 31.642403], [-103.87455, 31.642281], [-103.874583, 31.642153], [-103.874615, 31.642027], [-103.874664, 31.641832], [-103.87467, 31.641812], [-103.874677, 31.641783], [-103.874723, 31.641597], [-103.87473, 31.641568], [-103.874779, 31.641383], [-103.874834, 31.64117], [-103.874843, 31.641135], [-103.874848, 31.641126], [-103.874856, 31.641119], [-103.87507, 31.641001], [-103.875283, 31.640884], [-103.8755, 31.640765], [-103.875615, 31.640702], [-103.87583, 31.640585], [-103.876045, 31.640467], [-103.876258, 31.64035], [-103.876474, 31.640231], [-103.876678, 31.64012], [-103.876705, 31.640105], [-103.876899, 31.640008], [-103.877121, 31.639898], [-103.87734, 31.639788], [-103.877493, 31.639712], [-103.877586, 31.639666], [-103.877741, 31.63959], [-103.877908, 31.639507], [-103.87807, 31.639426], [-103.878195, 31.639364], [-103.878368, 31.639278], [-103.878591, 31.639168], [-103.878813, 31.639058], [-103.879034, 31.638947], [-103.879256, 31.638837], [-103.879478, 31.638726], [-103.879701, 31.638616], [-103.879863, 31.638537], [-103.879873, 31.63853], [-103.879876, 31.638517], [-103.879875, 31.638301], [-103.879873, 31.638093], [-103.879873, 31.637873], [-103.879872, 31.637655], [-103.879872, 31.637447], [-103.879872, 31.63723], [-103.879871, 31.63701], [-103.87987, 31.636872], [-103.87987, 31.636704], [-103.87987, 31.636484], [-103.87987, 31.636378], [-103.879869, 31.636271], [-103.879868, 31.636054], [-103.879867, 31.635835], [-103.879867, 31.635615], [-103.879866, 31.635395], [-103.879866, 31.635188], [-103.879865, 31.634968], [-103.879864, 31.634749], [-103.879863, 31.634587], [-103.879863, 31.634367], [-103.879863, 31.634293], [-103.879863, 31.634184], [-103.879862, 31.634053], [-103.879862, 31.633908], [-103.87986, 31.633691], [-103.87986, 31.633472], [-103.87986, 31.633254], [-103.879859, 31.633034], [-103.879857, 31.632814], [-103.879858, 31.632595], [-103.879857, 31.632375], [-103.879856, 31.632155], [-103.879856, 31.631936], [-103.879856, 31.631716], [-103.879856, 31.631496], [-103.879855, 31.631276], [-103.879854, 31.631167], [-103.879853, 31.630947], [-103.879853, 31.630797], [-103.879853, 31.630577], [-103.879853, 31.630357], [-103.879851, 31.630141], [-103.87985, 31.629921], [-103.87985, 31.629701], [-103.879849, 31.629482], [-103.879849, 31.629262], [-103.879848, 31.629042], [-103.879847, 31.628822], [-103.879846, 31.628633], [-103.879846, 31.628414], [-103.879845, 31.628194], [-103.879844, 31.627974], [-103.879844, 31.627754], [-103.879843, 31.627538], [-103.879841, 31.627319], [-103.879842, 31.6271], [-103.879842, 31.626882], [-103.879841, 31.626662], [-103.879841, 31.626446], [-103.87984, 31.626225], [-103.87984, 31.626006], [-103.879838, 31.625787], [-103.879838, 31.625569], [-103.879837, 31.625349], [-103.879836, 31.62524], [-103.879835, 31.625056], [-103.879835, 31.624932], [-103.879834, 31.62481], [-103.879834, 31.624612], [-103.879835, 31.624392], [-103.879836, 31.624173], [-103.879835, 31.623953], [-103.879834, 31.623733], [-103.879832, 31.623513], [-103.879832, 31.623294], [-103.879832, 31.623077], [-103.879832, 31.622858], [-103.879832, 31.62283], [-103.879832, 31.622638], [-103.879833, 31.62261], [-103.879832, 31.622418], [-103.87983, 31.622198], [-103.879828, 31.621981], [-103.879826, 31.621765], [-103.879827, 31.621666], [-103.879832, 31.621556], [-103.879858, 31.621449], [-103.879913, 31.621234], [-103.879944, 31.621116], [-103.879998, 31.620902], [-103.880053, 31.620687], [-103.880108, 31.620473], [-103.880164, 31.620258], [-103.88022, 31.620044], [-103.880274, 31.619829], [-103.880327, 31.619615], [-103.880382, 31.6194], [-103.880434, 31.619198], [-103.88049, 31.618983], [-103.880544, 31.618769], [-103.880599, 31.618554], [-103.880651, 31.61835], [-103.880704, 31.618138], [-103.880758, 31.617923], [-103.880813, 31.617709], [-103.880856, 31.617537], [-103.880911, 31.617325], [-103.880966, 31.61711], [-103.881013, 31.616924], [-103.881068, 31.616709], [-103.881124, 31.616495], [-103.881177, 31.616282], [-103.881181, 31.616263], [-103.881233, 31.616065], [-103.881287, 31.61585], [-103.881341, 31.615638], [-103.881371, 31.61552], [-103.881413, 31.615353], [-103.881447, 31.615222], [-103.881482, 31.615085], [-103.881519, 31.61494], [-103.881573, 31.614725], [-103.881626, 31.614513], [-103.881681, 31.6143], [-103.881735, 31.614085], [-103.88179, 31.61387], [-103.881817, 31.613764], [-103.881843, 31.613666], [-103.881887, 31.613492], [-103.881922, 31.613352], [-103.881961, 31.6132], [-103.882008, 31.613016], [-103.882061, 31.612804], [-103.882116, 31.61259], [-103.882171, 31.612376], [-103.882226, 31.612163], [-103.882281, 31.611952], [-103.882335, 31.611737], [-103.882383, 31.611547], [-103.882438, 31.611333], [-103.882493, 31.611118], [-103.882539, 31.610935], [-103.882547, 31.610903], [-103.882602, 31.610688], [-103.882607, 31.610672], [-103.882657, 31.610474], [-103.882697, 31.610314], [-103.88271, 31.610262], [-103.882724, 31.610207], [-103.882765, 31.61005], [-103.882797, 31.609922], [-103.882829, 31.609793], [-103.882871, 31.609632], [-103.882926, 31.609418], [-103.882938, 31.609371], [-103.882981, 31.609203], [-103.883023, 31.609037], [-103.883042, 31.608965], [-103.883043, 31.608955], [-103.883038, 31.608946], [-103.882904, 31.608758], [-103.882893, 31.608742], [-103.882873, 31.608714], [-103.882773, 31.608572], [-103.882734, 31.608517], [-103.882683, 31.608446], [-103.882668, 31.608425], [-103.882651, 31.608408], [-103.882582, 31.608345], [-103.882417, 31.6082], [-103.882313, 31.60811], [-103.882133, 31.607953], [-103.881953, 31.607796], [-103.881774, 31.607639], [-103.881594, 31.607482], [-103.881477, 31.607381], [-103.881369, 31.607287], [-103.881262, 31.607193], [-103.881104, 31.607055], [-103.881081, 31.607035], [-103.8809, 31.606877], [-103.880812, 31.6068], [-103.880711, 31.606712], [-103.880683, 31.606688], [-103.880548, 31.606569], [-103.880537, 31.60656], [-103.880417, 31.606457], [-103.880379, 31.606423], [-103.880269, 31.606327], [-103.880227, 31.60629], [-103.88022, 31.606283], [-103.880218, 31.606272], [-103.880219, 31.606234], [-103.880219, 31.606229], [-103.880219, 31.60621], [-103.880221, 31.606102], [-103.880223, 31.605972], [-103.880226, 31.605841], [-103.880228, 31.60571], [-103.880228, 31.605641], [-103.880229, 31.605587], [-103.88023, 31.605579], [-103.880233, 31.605403], [-103.880234, 31.605199], [-103.880233, 31.60498], [-103.880233, 31.604963], [-103.880233, 31.604962], [-103.880233, 31.604952], [-103.880232, 31.604884], [-103.880231, 31.604794], [-103.88023, 31.604657], [-103.880228, 31.604518], [-103.880228, 31.604482], [-103.880226, 31.604262], [-103.880224, 31.604043], [-103.880222, 31.603826], [-103.880222, 31.603684], [-103.880219, 31.603466], [-103.880215, 31.603251], [-103.880217, 31.603215], [-103.880214, 31.603121], [-103.880213, 31.602989], [-103.880213, 31.602932], [-103.880211, 31.602856], [-103.88021, 31.602714], [-103.880209, 31.602697], [-103.880207, 31.602494], [-103.880204, 31.602274], [-103.880202, 31.602148], [-103.880202, 31.602055], [-103.880199, 31.601838], [-103.880196, 31.60162], [-103.880194, 31.601444], [-103.880194, 31.6014], [-103.880191, 31.60118], [-103.880189, 31.600961], [-103.880187, 31.60074], [-103.880184, 31.600522], [-103.880182, 31.600302], [-103.880181, 31.600145], [-103.88018, 31.600083], [-103.880177, 31.599864], [-103.880175, 31.599646], [-103.880171, 31.59943], [-103.880169, 31.599211], [-103.880167, 31.598991], [-103.880166, 31.598881], [-103.880164, 31.598771], [-103.880162, 31.598577], [-103.88016, 31.598374], [-103.880161, 31.598359], [-103.880159, 31.598192], [-103.880156, 31.597972], [-103.880157, 31.597934], [-103.880154, 31.597842], [-103.880153, 31.597745], [-103.880152, 31.59771], [-103.880151, 31.597684], [-103.88015, 31.597609], [-103.880148, 31.597598], [-103.880141, 31.59759], [-103.87996, 31.597439], [-103.879822, 31.597324], [-103.879806, 31.59731], [-103.879662, 31.59719], [-103.879519, 31.59707], [-103.879336, 31.596917], [-103.879165, 31.596773], [-103.879028, 31.596659], [-103.878885, 31.596538], [-103.878716, 31.596396], [-103.878534, 31.596243], [-103.878358, 31.596096], [-103.878175, 31.595942], [-103.877992, 31.595788], [-103.877983, 31.59578], [-103.877811, 31.595636], [-103.877627, 31.595483], [-103.877444, 31.595328], [-103.877346, 31.595246], [-103.87726, 31.595174], [-103.877077, 31.59502], [-103.876893, 31.594866], [-103.876712, 31.594715], [-103.876538, 31.594571], [-103.876531, 31.594564], [-103.876416, 31.594468], [-103.876233, 31.594315], [-103.876153, 31.594247], [-103.876143, 31.59424], [-103.876129, 31.594233], [-103.876117, 31.594234], [-103.876057, 31.59425], [-103.875907, 31.594288], [-103.875905, 31.594288], [-103.875814, 31.594311], [-103.87571, 31.594339], [-103.87567, 31.594348], [-103.875623, 31.594359], [-103.875603, 31.59436], [-103.875591, 31.594346], [-103.875584, 31.594326], [-103.875521, 31.594134], [-103.875454, 31.593922], [-103.875383, 31.593712], [-103.875318, 31.5935], [-103.875291, 31.593418], [-103.87524, 31.593261], [-103.875202, 31.593141], [-103.875143, 31.592961], [-103.875085, 31.592784], [-103.875078, 31.592758], [-103.875015, 31.592572], [-103.874946, 31.592361], [-103.874878, 31.592149], [-103.87481, 31.591939], [-103.874741, 31.591727], [-103.874691, 31.59157], [-103.874621, 31.59136], [-103.874577, 31.591224], [-103.874528, 31.591073], [-103.874459, 31.590862], [-103.87439, 31.590651], [-103.87435, 31.590527], [-103.87431, 31.590408], [-103.874242, 31.590196], [-103.874185, 31.590021], [-103.874174, 31.589986], [-103.874105, 31.589774], [-103.874036, 31.589563], [-103.873967, 31.589351], [-103.873898, 31.58914], [-103.873831, 31.588931], [-103.873761, 31.588719], [-103.873693, 31.588507], [-103.873624, 31.588296], [-103.873555, 31.588084], [-103.873485, 31.587873], [-103.873417, 31.587662], [-103.873394, 31.58759], [-103.873365, 31.5875], [-103.873321, 31.587365], [-103.873253, 31.587153], [-103.873211, 31.587026], [-103.873171, 31.586899], [-103.873148, 31.586836], [-103.873102, 31.586696], [-103.873101, 31.586694], [-103.873087, 31.586648], [-103.873078, 31.586618], [-103.873061, 31.586562], [-103.87302, 31.586438], [-103.872993, 31.586353], [-103.872924, 31.586145], [-103.872855, 31.585933], [-103.872791, 31.585731], [-103.872787, 31.585721], [-103.872777, 31.585688], [-103.872741, 31.585568], [-103.872725, 31.585519], [-103.872706, 31.585478], [-103.872679, 31.58544], [-103.872624, 31.585376], [-103.872548, 31.585284], [-103.872522, 31.585244], [-103.872506, 31.585213], [-103.872498, 31.585188], [-103.872487, 31.585149], [-103.872462, 31.585073], [-103.872421, 31.584947], [-103.872379, 31.584821], [-103.872338, 31.584694], [-103.872296, 31.584568], [-103.872255, 31.584441], [-103.872225, 31.584352], [-103.872214, 31.584312], [-103.872177, 31.584192], [-103.872168, 31.584165], [-103.87216, 31.584125], [-103.87216, 31.584083], [-103.872167, 31.583983], [-103.872173, 31.583901], [-103.87217, 31.58385], [-103.872161, 31.583798], [-103.87215, 31.583766], [-103.872146, 31.583758], [-103.872124, 31.583682], [-103.872084, 31.583555], [-103.87206, 31.583479], [-103.872043, 31.583428], [-103.871975, 31.583222], [-103.871926, 31.583073], [-103.871857, 31.582862], [-103.871814, 31.582734], [-103.871747, 31.582524], [-103.871693, 31.582356], [-103.871654, 31.582239], [-103.871626, 31.582146], [-103.871605, 31.58208], [-103.871583, 31.58201], [-103.87158, 31.582], [-103.871575, 31.581985], [-103.871573, 31.581979], [-103.871559, 31.581934], [-103.871544, 31.58189], [-103.871515, 31.581797], [-103.871479, 31.58169], [-103.871444, 31.581584], [-103.871403, 31.581459], [-103.871377, 31.581381], [-103.871339, 31.581264], [-103.871314, 31.581185], [-103.871245, 31.580973], [-103.871176, 31.580764], [-103.871109, 31.580555], [-103.871041, 31.580346], [-103.870977, 31.580151], [-103.870944, 31.580049], [-103.870875, 31.579838], [-103.870833, 31.579708], [-103.870795, 31.579592], [-103.870727, 31.57938], [-103.870658, 31.579169], [-103.87059, 31.578957], [-103.870521, 31.578746], [-103.870452, 31.578534], [-103.870384, 31.578322], [-103.870315, 31.57811], [-103.870247, 31.577899], [-103.870178, 31.577687], [-103.87011, 31.577478], [-103.870041, 31.577268], [-103.869972, 31.577057], [-103.869904, 31.576845], [-103.869834, 31.576633], [-103.869766, 31.576421], [-103.869697, 31.57621], [-103.869632, 31.576009], [-103.869563, 31.575797], [-103.869495, 31.575589], [-103.869426, 31.575377], [-103.869358, 31.575165], [-103.869289, 31.574954], [-103.86926, 31.574861], [-103.869221, 31.574742], [-103.869152, 31.57453], [-103.869123, 31.574443], [-103.869083, 31.574322], [-103.869019, 31.574127], [-103.868999, 31.574066], [-103.868949, 31.573916], [-103.86888, 31.573704], [-103.868812, 31.573492], [-103.868744, 31.573284], [-103.868676, 31.573073], [-103.868608, 31.572861], [-103.868602, 31.572845], [-103.868538, 31.572648], [-103.868468, 31.572436], [-103.868401, 31.572227], [-103.868337, 31.572029], [-103.868331, 31.572015], [-103.868262, 31.571806], [-103.868193, 31.571595], [-103.868123, 31.571383], [-103.86806, 31.571187], [-103.868054, 31.571165], [-103.867993, 31.570974], [-103.867924, 31.570763], [-103.867866, 31.570583], [-103.86781, 31.570409], [-103.867759, 31.57025], [-103.867706, 31.570088], [-103.867638, 31.569879], [-103.867569, 31.569667], [-103.86753, 31.569545], [-103.8675, 31.569456], [-103.867432, 31.569244], [-103.867366, 31.56904], [-103.867297, 31.568829], [-103.867242, 31.568656], [-103.867179, 31.568463], [-103.86711, 31.568252], [-103.867041, 31.568041], [-103.866973, 31.567832], [-103.866904, 31.56762], [-103.866836, 31.567408], [-103.866768, 31.567199], [-103.866702, 31.567003], [-103.866633, 31.566792], [-103.866566, 31.566583], [-103.866499, 31.566382], [-103.866431, 31.566172], [-103.866362, 31.56596], [-103.866293, 31.565749], [-103.866245, 31.565605], [-103.866202, 31.565484], [-103.866143, 31.565406], [-103.865994, 31.565227], [-103.865883, 31.565093], [-103.865735, 31.564914], [-103.865589, 31.564737], [-103.865548, 31.564686], [-103.865544, 31.56468], [-103.865542, 31.564672], [-103.865539, 31.564645], [-103.865538, 31.564577], [-103.865537, 31.564533], [-103.865531, 31.564313], [-103.865522, 31.564099], [-103.86551, 31.563879], [-103.865506, 31.563827], [-103.865505, 31.563748], [-103.865499, 31.563616], [-103.865494, 31.563485], [-103.865485, 31.563383], [-103.865489, 31.563359], [-103.865486, 31.563317], [-103.865486, 31.563281], [-103.865484, 31.563262], [-103.865478, 31.563237], [-103.865471, 31.56322], [-103.865465, 31.563208], [-103.865453, 31.563202], [-103.865205, 31.563146], [-103.864956, 31.56309], [-103.864725, 31.563038], [-103.864476, 31.562983], [-103.864229, 31.562928], [-103.863991, 31.562876], [-103.863743, 31.562822], [-103.863518, 31.562773], [-103.863498, 31.562768], [-103.863248, 31.562714], [-103.863039, 31.562668], [-103.862829, 31.562622], [-103.862583, 31.562568], [-103.8624, 31.562525], [-103.862338, 31.562502], [-103.86229, 31.562482], [-103.862106, 31.562411], [-103.861873, 31.562319], [-103.86164, 31.562227], [-103.861424, 31.562142], [-103.861407, 31.562135], [-103.861199, 31.562053], [-103.861174, 31.562041], [-103.860978, 31.561951], [-103.860857, 31.561894], [-103.860754, 31.561845], [-103.860529, 31.561738], [-103.860305, 31.561632], [-103.860082, 31.561527], [-103.859857, 31.561421], [-103.859632, 31.561315], [-103.859589, 31.561295], [-103.859455, 31.561232], [-103.859407, 31.56121], [-103.859227, 31.561125], [-103.85911, 31.56107], [-103.858997, 31.561016], [-103.858772, 31.56091], [-103.858661, 31.560857], [-103.858643, 31.560848], [-103.858612, 31.560834], [-103.858554, 31.560806], [-103.858492, 31.560777], [-103.858463, 31.560763], [-103.858457, 31.560761], [-103.858358, 31.560714], [-103.858294, 31.560684], [-103.858154, 31.560618], [-103.857929, 31.560513], [-103.857705, 31.560406], [-103.85748, 31.560299], [-103.857256, 31.560194], [-103.85703, 31.560089], [-103.856805, 31.559983], [-103.856592, 31.559881], [-103.85637, 31.559777], [-103.856145, 31.559671], [-103.855921, 31.559564], [-103.855696, 31.559458], [-103.855471, 31.559353], [-103.855246, 31.559247], [-103.855022, 31.559141], [-103.8548, 31.559036], [-103.854575, 31.55893], [-103.85435, 31.558825], [-103.854125, 31.558719], [-103.853901, 31.558613], [-103.853676, 31.558507], [-103.853451, 31.558402], [-103.853249, 31.558308], [-103.853087, 31.558231], [-103.852907, 31.558146], [-103.852706, 31.558051], [-103.852482, 31.557945], [-103.852257, 31.557839], [-103.852033, 31.557734], [-103.851809, 31.557628], [-103.851584, 31.557521], [-103.851458, 31.557463], [-103.851347, 31.55741], [-103.851213, 31.557347], [-103.851056, 31.557274], [-103.850921, 31.55721], [-103.85078, 31.557144], [-103.850636, 31.557076], [-103.850412, 31.55697], [-103.850187, 31.556864], [-103.849962, 31.556759], [-103.849737, 31.556653], [-103.849514, 31.556548], [-103.849289, 31.556441], [-103.849065, 31.556335], [-103.848853, 31.556235], [-103.848628, 31.556129], [-103.848405, 31.556023], [-103.84818, 31.555917], [-103.847955, 31.555812], [-103.84773, 31.555706], [-103.847509, 31.555602], [-103.847287, 31.555497], [-103.847063, 31.555391], [-103.846866, 31.555299], [-103.846643, 31.555194], [-103.846418, 31.555088], [-103.846197, 31.554983], [-103.845972, 31.554877], [-103.845771, 31.554783], [-103.845639, 31.55472], [-103.845505, 31.554657], [-103.845343, 31.554581], [-103.845315, 31.554567], [-103.845311, 31.554565], [-103.845308, 31.554564], [-103.84529, 31.554555], [-103.845285, 31.554553], [-103.84528, 31.554551], [-103.845278, 31.55455], [-103.845275, 31.554548], [-103.845257, 31.554539], [-103.845255, 31.554539], [-103.845252, 31.554537], [-103.845248, 31.554536], [-103.845245, 31.554535], [-103.845229, 31.554526], [-103.845226, 31.554525], [-103.845223, 31.554523], [-103.845218, 31.554521], [-103.845214, 31.554518], [-103.845196, 31.55451], [-103.845193, 31.554509], [-103.84519, 31.554507], [-103.84516, 31.554493], [-103.845056, 31.554445], [-103.844831, 31.554338], [-103.844607, 31.554232], [-103.844382, 31.554126], [-103.844158, 31.55402], [-103.844123, 31.554005], [-103.844104, 31.553997], [-103.843926, 31.553913], [-103.843725, 31.553819], [-103.8437, 31.553807], [-103.84365, 31.553783], [-103.843566, 31.553743], [-103.843491, 31.553709], [-103.843461, 31.553694], [-103.843436, 31.553683], [-103.843237, 31.553588], [-103.843034, 31.553491], [-103.843014, 31.553482], [-103.842789, 31.553376], [-103.842565, 31.553272], [-103.842375, 31.553182], [-103.84215, 31.553076], [-103.841926, 31.55297], [-103.841701, 31.552863], [-103.841476, 31.552758], [-103.841252, 31.552651], [-103.841106, 31.552583], [-103.841006, 31.552536], [-103.840903, 31.552488], [-103.840815, 31.552447], [-103.840689, 31.552388], [-103.840588, 31.552341], [-103.840364, 31.552235], [-103.840139, 31.552129], [-103.839915, 31.552022], [-103.839691, 31.551916], [-103.839466, 31.551809], [-103.839269, 31.551716], [-103.839127, 31.551649], [-103.839021, 31.551599], [-103.839, 31.551589], [-103.838887, 31.551535], [-103.838662, 31.551428], [-103.838437, 31.551323], [-103.838213, 31.551217], [-103.837988, 31.55111], [-103.837764, 31.551004], [-103.83775, 31.550998], [-103.837636, 31.550945], [-103.837538, 31.550899], [-103.83745, 31.550857], [-103.837395, 31.550831], [-103.837314, 31.550794], [-103.837227, 31.550754], [-103.837149, 31.550718], [-103.837139, 31.550714], [-103.837008, 31.550652], [-103.836837, 31.550571], [-103.836664, 31.550489], [-103.836515, 31.550419], [-103.836357, 31.550345], [-103.836189, 31.550266], [-103.835965, 31.55016], [-103.835741, 31.550053], [-103.835516, 31.549948], [-103.835291, 31.549843], [-103.835066, 31.549737], [-103.834942, 31.549678], [-103.834799, 31.549611], [-103.834626, 31.549529], [-103.834461, 31.549451], [-103.834264, 31.549358], [-103.834058, 31.549261], [-103.834011, 31.549239], [-103.833951, 31.549201], [-103.833904, 31.549157], [-103.833864, 31.54912], [-103.833823, 31.549077], [-103.833808, 31.549062], [-103.833765, 31.549019], [-103.833715, 31.548975], [-103.833668, 31.548948], [-103.833633, 31.548932], [-103.833422, 31.548835], [-103.833197, 31.548731], [-103.833027, 31.548654], [-103.832994, 31.548639], [-103.832908, 31.548595], [-103.83283, 31.548558], [-103.832762, 31.548525], [-103.832685, 31.548487], [-103.832677, 31.548484], [-103.832671, 31.548483], [-103.832554, 31.548468], [-103.83253, 31.548467], [-103.832379, 31.548446], [-103.83235, 31.548443], [-103.832305, 31.548431], [-103.832223, 31.548396], [-103.832223, 31.548396], [-103.83221, 31.54839], [-103.832051, 31.548314], [-103.831843, 31.548217], [-103.831618, 31.548111], [-103.831394, 31.548005], [-103.831169, 31.547899], [-103.830947, 31.547794], [-103.830722, 31.547688], [-103.830606, 31.547633], [-103.830381, 31.547528], [-103.830245, 31.547463], [-103.830081, 31.547386], [-103.829857, 31.54728], [-103.829632, 31.547174], [-103.829408, 31.547067], [-103.829183, 31.546961], [-103.829136, 31.546938], [-103.8291, 31.546921], [-103.828967, 31.546858], [-103.828911, 31.546831], [-103.828798, 31.546777], [-103.828687, 31.546727], [-103.82863, 31.546702], [-103.828462, 31.546622], [-103.828238, 31.546515], [-103.828013, 31.546409], [-103.827954, 31.546381], [-103.82773, 31.546277], [-103.827506, 31.54617], [-103.827387, 31.546114], [-103.827162, 31.546007], [-103.826994, 31.545928], [-103.826825, 31.545849], [-103.826603, 31.545745], [-103.826378, 31.545639], [-103.826156, 31.545535], [-103.825932, 31.54543], [-103.825707, 31.545324], [-103.825482, 31.545217], [-103.825258, 31.545111], [-103.825126, 31.545049], [-103.82499, 31.544986], [-103.824766, 31.54488], [-103.824544, 31.544775], [-103.82432, 31.544669], [-103.824095, 31.544563], [-103.82387, 31.544457], [-103.823649, 31.544353], [-103.823424, 31.544246], [-103.823199, 31.544141], [-103.822976, 31.544035], [-103.822754, 31.54393], [-103.822532, 31.543825], [-103.822308, 31.543719], [-103.822083, 31.543613], [-103.821859, 31.543508], [-103.821634, 31.543402], [-103.821535, 31.543356], [-103.82141, 31.543296], [-103.821368, 31.543276], [-103.821263, 31.543226], [-103.821245, 31.543218], [-103.821187, 31.54319], [-103.821075, 31.543139], [-103.820977, 31.543092], [-103.820752, 31.542986], [-103.820528, 31.54288], [-103.820305, 31.542774], [-103.82008, 31.542669], [-103.819856, 31.542563], [-103.819635, 31.542459], [-103.819411, 31.542353], [-103.819261, 31.542282], [-103.819092, 31.542203], [-103.818868, 31.542097], [-103.818643, 31.541992], [-103.818419, 31.541886], [-103.818194, 31.54178], [-103.817972, 31.541676], [-103.817748, 31.541569], [-103.817554, 31.541478], [-103.817369, 31.54139], [-103.817215, 31.541317], [-103.817035, 31.541232], [-103.816845, 31.541144], [-103.816621, 31.541038], [-103.816396, 31.540932], [-103.816172, 31.540826], [-103.81595, 31.540721], [-103.815726, 31.540615], [-103.815557, 31.540536], [-103.815348, 31.540437], [-103.815189, 31.540362], [-103.815006, 31.540275], [-103.8148, 31.540178], [-103.814575, 31.540071], [-103.81435, 31.539966], [-103.814126, 31.53986], [-103.813901, 31.539754], [-103.813679, 31.53965], [-103.813455, 31.539544], [-103.81323, 31.539437], [-103.813005, 31.539331], [-103.81278, 31.539226], [-103.812556, 31.53912], [-103.812331, 31.539014], [-103.81211, 31.538909], [-103.812008, 31.538861], [-103.811886, 31.538803], [-103.811862, 31.538791], [-103.811681, 31.538706], [-103.811661, 31.538697], [-103.811539, 31.538639], [-103.811439, 31.538591], [-103.81127, 31.538512], [-103.811077, 31.538421], [-103.810853, 31.538315], [-103.810628, 31.538209], [-103.810435, 31.538118], [-103.810403, 31.538103], [-103.810276, 31.53805], [-103.810172, 31.538008], [-103.80994, 31.537914], [-103.809709, 31.53782], [-103.809477, 31.537725], [-103.809308, 31.537657], [-103.809132, 31.537586], [-103.808918, 31.537501], [-103.808686, 31.537407], [-103.808454, 31.537313], [-103.808222, 31.537219], [-103.80799, 31.537125], [-103.807758, 31.537031], [-103.807527, 31.536938], [-103.807308, 31.536849], [-103.807077, 31.536755], [-103.806845, 31.536661], [-103.806613, 31.536568], [-103.806384, 31.536475], [-103.806151, 31.536382], [-103.805919, 31.536288], [-103.805687, 31.536195], [-103.805455, 31.536101], [-103.805223, 31.536008], [-103.804991, 31.535914], [-103.804766, 31.535822], [-103.804534, 31.535728], [-103.804395, 31.535672], [-103.804256, 31.535616], [-103.804025, 31.535522], [-103.803798, 31.53543], [-103.803566, 31.535335], [-103.803334, 31.535241], [-103.803105, 31.535149], [-103.802873, 31.535055], [-103.802665, 31.53497], [-103.802433, 31.534877], [-103.802201, 31.534783], [-103.801968, 31.53469], [-103.801737, 31.534596], [-103.801505, 31.534502], [-103.801273, 31.534407], [-103.801041, 31.534314], [-103.800809, 31.534219], [-103.800577, 31.534125], [-103.800345, 31.534032], [-103.800113, 31.533938], [-103.799881, 31.533844], [-103.79965, 31.533751], [-103.799421, 31.533658], [-103.799189, 31.533564], [-103.798958, 31.53347], [-103.798726, 31.533376], [-103.798494, 31.533282], [-103.798262, 31.533189], [-103.79803, 31.533095], [-103.797802, 31.533002], [-103.797735, 31.532974], [-103.79757, 31.532908], [-103.797338, 31.532814], [-103.797106, 31.532721], [-103.796875, 31.532627], [-103.796742, 31.532574], [-103.796654, 31.532539], [-103.796424, 31.532445], [-103.796192, 31.532351], [-103.79596, 31.532258], [-103.795751, 31.532173], [-103.795728, 31.532164], [-103.795496, 31.53207], [-103.795265, 31.531977], [-103.795034, 31.531883], [-103.794883, 31.531822], [-103.794821, 31.531797], [-103.794597, 31.531706], [-103.794409, 31.531631], [-103.794209, 31.53155], [-103.793978, 31.531455], [-103.793748, 31.531362], [-103.793516, 31.531269], [-103.793284, 31.531175], [-103.793053, 31.531081], [-103.792821, 31.530987], [-103.792589, 31.530893], [-103.79242, 31.530825], [-103.792238, 31.530751], [-103.792006, 31.530657], [-103.791774, 31.530563], [-103.791543, 31.530469], [-103.791311, 31.530376], [-103.791079, 31.530282], [-103.790848, 31.530188], [-103.790615, 31.530095], [-103.790528, 31.53006], [-103.79041, 31.530012], [-103.790178, 31.529918], [-103.789946, 31.529823], [-103.789714, 31.52973], [-103.789538, 31.529659], [-103.789399, 31.529603], [-103.78926, 31.529546], [-103.789124, 31.529491], [-103.788985, 31.529435], [-103.788754, 31.529341], [-103.788522, 31.529247], [-103.788332, 31.52917], [-103.788292, 31.529155], [-103.78807, 31.529065], [-103.787838, 31.528971], [-103.787609, 31.528878], [-103.787387, 31.528788], [-103.787158, 31.528694], [-103.787019, 31.528639], [-103.786787, 31.528545], [-103.786555, 31.528451], [-103.786323, 31.528357], [-103.786154, 31.528289], [-103.785922, 31.528195], [-103.785706, 31.528108], [-103.785553, 31.528046], [-103.785322, 31.527952], [-103.785091, 31.527859], [-103.784863, 31.527766], [-103.78463, 31.527672], [-103.784402, 31.52758], [-103.784169, 31.527486], [-103.783937, 31.527393], [-103.783708, 31.5273], [-103.783477, 31.527206], [-103.783244, 31.527112], [-103.783143, 31.527071], [-103.783012, 31.527018], [-103.782781, 31.526925], [-103.78255, 31.526831], [-103.782316, 31.526736], [-103.782084, 31.526642], [-103.781852, 31.526548], [-103.781653, 31.526468], [-103.781439, 31.52638], [-103.781258, 31.526307], [-103.781206, 31.526286], [-103.780974, 31.526192], [-103.780743, 31.526098], [-103.780516, 31.526007], [-103.780284, 31.525913], [-103.780052, 31.525819], [-103.77982, 31.525725], [-103.779603, 31.525637], [-103.779384, 31.525547], [-103.779152, 31.525454], [-103.778926, 31.525361], [-103.778696, 31.525269], [-103.778465, 31.525175], [-103.778235, 31.525083], [-103.778004, 31.524989], [-103.777895, 31.524945], [-103.777782, 31.524899], [-103.777551, 31.524805], [-103.777451, 31.524764], [-103.777335, 31.524717], [-103.777236, 31.524677], [-103.777137, 31.524637], [-103.777038, 31.524597], [-103.776924, 31.524551], [-103.776698, 31.524459], [-103.776466, 31.524365], [-103.776234, 31.524271], [-103.776002, 31.524177], [-103.77577, 31.524083], [-103.775675, 31.524045], [-103.775583, 31.524008], [-103.775479, 31.523966], [-103.775379, 31.523925], [-103.775293, 31.52389], [-103.775213, 31.523858], [-103.775124, 31.523822], [-103.775034, 31.523785], [-103.774944, 31.523749], [-103.774865, 31.523717], [-103.774782, 31.523684], [-103.77455, 31.52359], [-103.774318, 31.523496], [-103.774087, 31.523402], [-103.773855, 31.523308], [-103.773623, 31.523214], [-103.773391, 31.523121], [-103.773198, 31.523042], [-103.773028, 31.522973], [-103.772796, 31.522879], [-103.772567, 31.522787], [-103.772338, 31.522694], [-103.772107, 31.522601], [-103.771875, 31.522507], [-103.771646, 31.522414], [-103.771414, 31.52232], [-103.771278, 31.522265], [-103.77105, 31.522172], [-103.770992, 31.522149], [-103.770853, 31.522093], [-103.770714, 31.522037], [-103.770558, 31.521974], [-103.770384, 31.521904], [-103.770153, 31.521809], [-103.769921, 31.521716], [-103.769689, 31.521622], [-103.769457, 31.521528], [-103.769225, 31.521435], [-103.769047, 31.521362], [-103.768873, 31.521292], [-103.768644, 31.521198], [-103.768479, 31.52113], [-103.768443, 31.521116], [-103.768279, 31.521046], [-103.768241, 31.521033], [-103.768203, 31.521016], [-103.768004, 31.520937], [-103.767771, 31.520845], [-103.767542, 31.520752], [-103.767311, 31.520658], [-103.767097, 31.520572], [-103.766866, 31.520478], [-103.766634, 31.520384], [-103.766402, 31.52029], [-103.766171, 31.520196], [-103.765939, 31.520102], [-103.765707, 31.520008], [-103.765475, 31.519915], [-103.765247, 31.519822], [-103.765015, 31.519728], [-103.764783, 31.519634], [-103.764551, 31.51954], [-103.764319, 31.519447], [-103.764102, 31.519358], [-103.763936, 31.519291], [-103.763735, 31.51921], [-103.763554, 31.519137], [-103.763379, 31.519066], [-103.763181, 31.518987], [-103.76295, 31.518893], [-103.76272, 31.5188], [-103.762489, 31.518706], [-103.76226, 31.518614], [-103.762029, 31.51852], [-103.761797, 31.518426], [-103.761591, 31.518342], [-103.761386, 31.51826], [-103.761155, 31.518166], [-103.760923, 31.518072], [-103.760692, 31.517977], [-103.76046, 31.517883], [-103.760228, 31.517789], [-103.759996, 31.517696], [-103.759893, 31.517654], [-103.759661, 31.51756], [-103.759561, 31.51752], [-103.759392, 31.517451], [-103.759282, 31.517406], [-103.75905, 31.517312], [-103.758818, 31.517219], [-103.758586, 31.517125], [-103.75836, 31.517033], [-103.758128, 31.516939], [-103.757896, 31.516845], [-103.75773, 31.516779], [-103.757574, 31.516715], [-103.757342, 31.516621], [-103.757167, 31.51655], [-103.756996, 31.516481], [-103.756813, 31.516406], [-103.756581, 31.516312], [-103.756427, 31.51625], [-103.756349, 31.516218], [-103.756135, 31.516132], [-103.756122, 31.516126], [-103.755895, 31.516035], [-103.755662, 31.51594], [-103.755508, 31.515877], [-103.755395, 31.515832], [-103.75525, 31.515774], [-103.755021, 31.515681], [-103.754841, 31.515608], [-103.75468, 31.515543], [-103.754449, 31.515449], [-103.754217, 31.515355], [-103.753985, 31.515261], [-103.753753, 31.515168], [-103.753521, 31.515074], [-103.753289, 31.51498], [-103.753058, 31.514886], [-103.75287, 31.514809], [-103.752688, 31.514735], [-103.752456, 31.514641], [-103.752224, 31.514547], [-103.751993, 31.514453], [-103.75176, 31.51436], [-103.75153, 31.514267], [-103.751304, 31.514175], [-103.751075, 31.514083], [-103.75086, 31.513996], [-103.750628, 31.513902], [-103.750399, 31.513809], [-103.750169, 31.513716], [-103.749938, 31.513622], [-103.749706, 31.513528], [-103.749474, 31.513434], [-103.749244, 31.51334], [-103.749114, 31.513287], [-103.749004, 31.513243], [-103.748868, 31.513187], [-103.748636, 31.513094], [-103.748498, 31.513038], [-103.748375, 31.512988], [-103.748143, 31.512894], [-103.747914, 31.512801], [-103.747694, 31.512712], [-103.747465, 31.51262], [-103.747233, 31.512525], [-103.747002, 31.512431], [-103.74677, 31.512337], [-103.746538, 31.512243], [-103.746308, 31.51215], [-103.746076, 31.512057], [-103.745848, 31.511964], [-103.745619, 31.511871], [-103.745387, 31.511777], [-103.745169, 31.511689], [-103.744941, 31.511596], [-103.744709, 31.511503], [-103.744503, 31.511419], [-103.744299, 31.511337], [-103.744068, 31.511243], [-103.743836, 31.511148], [-103.743604, 31.511055], [-103.743373, 31.510961], [-103.743141, 31.510866], [-103.742909, 31.510773], [-103.742756, 31.51071], [-103.742524, 31.510617], [-103.742433, 31.51058], [-103.742291, 31.510523], [-103.742175, 31.510475], [-103.742076, 31.510435], [-103.741895, 31.510362], [-103.741663, 31.510268], [-103.741431, 31.510174], [-103.741199, 31.51008], [-103.740971, 31.509987], [-103.740742, 31.509895], [-103.740515, 31.509802], [-103.740283, 31.509708], [-103.740051, 31.509614], [-103.739819, 31.509521], [-103.739587, 31.509427], [-103.739366, 31.509337], [-103.739149, 31.509249], [-103.738918, 31.509155], [-103.738686, 31.509061], [-103.73858, 31.509017], [-103.738348, 31.508924], [-103.738179, 31.508856], [-103.738012, 31.508788], [-103.73778, 31.508695], [-103.737549, 31.508601], [-103.737317, 31.508508], [-103.737085, 31.508414], [-103.736853, 31.50832], [-103.736622, 31.508226], [-103.73639, 31.508133], [-103.736158, 31.508039], [-103.735926, 31.507945], [-103.735694, 31.507851], [-103.735462, 31.507757], [-103.735231, 31.507663], [-103.734999, 31.50757], [-103.734767, 31.507476], [-103.734538, 31.507383], [-103.734307, 31.50729], [-103.734078, 31.507197], [-103.733862, 31.50711], [-103.733634, 31.507018], [-103.733402, 31.506923], [-103.733174, 31.50683], [-103.732942, 31.506736], [-103.732711, 31.506641], [-103.732496, 31.506553], [-103.732265, 31.506459], [-103.732033, 31.506365], [-103.731801, 31.50627], [-103.731569, 31.506176], [-103.731337, 31.506083], [-103.731106, 31.505988], [-103.730877, 31.505894], [-103.730646, 31.505799], [-103.730555, 31.505761], [-103.730547, 31.505757], [-103.730541, 31.505752], [-103.730479, 31.505672], [-103.730374, 31.505541], [-103.730349, 31.505509], [-103.730204, 31.505328], [-103.730166, 31.505281], [-103.73008, 31.505175], [-103.729934, 31.504995], [-103.729789, 31.504816], [-103.729645, 31.504637], [-103.729501, 31.504458], [-103.729361, 31.504286], [-103.729216, 31.504106], [-103.72907, 31.503925], [-103.728924, 31.503745], [-103.728816, 31.50361], [-103.728672, 31.503431], [-103.728553, 31.503283], [-103.72843, 31.503132], [-103.728284, 31.502951], [-103.728138, 31.50277], [-103.728069, 31.502686], [-103.728064, 31.50268], [-103.728056, 31.502676], [-103.727827, 31.502583], [-103.727598, 31.502492], [-103.7274, 31.502414], [-103.727258, 31.502357], [-103.727249, 31.502354], [-103.72724, 31.502354], [-103.727143, 31.502362], [-103.726999, 31.502372], [-103.726808, 31.502386], [-103.726624, 31.502399], [-103.726466, 31.502411], [-103.726271, 31.502427], [-103.726018, 31.502446], [-103.725763, 31.502466], [-103.725507, 31.502486], [-103.725252, 31.502506], [-103.724996, 31.502526], [-103.724799, 31.502541], [-103.724545, 31.502561], [-103.72429, 31.502581], [-103.724038, 31.5026], [-103.723783, 31.502621], [-103.723528, 31.502641], [-103.723272, 31.502662], [-103.723046, 31.50268], [-103.722829, 31.502697], [-103.72266, 31.502712], [-103.722637, 31.502714], [-103.722626, 31.502714], [-103.72262, 31.502711], [-103.722399, 31.502622], [-103.72217, 31.50253], [-103.721937, 31.502438], [-103.721704, 31.502346], [-103.72147, 31.502254], [-103.721321, 31.502196], [-103.72114, 31.502125], [-103.720986, 31.502063], [-103.720811, 31.501992], [-103.720789, 31.501979], [-103.720673, 31.501935], [-103.720534, 31.501879], [-103.720482, 31.501856], [-103.720445, 31.501842], [-103.720428, 31.501835], [-103.720213, 31.501749], [-103.71999, 31.501659], [-103.719968, 31.501651], [-103.719758, 31.501566], [-103.719527, 31.501472], [-103.719295, 31.501378], [-103.719179, 31.501331], [-103.719077, 31.50129], [-103.718958, 31.501242], [-103.718727, 31.501147], [-103.718582, 31.501088], [-103.718444, 31.501032], [-103.718216, 31.500939], [-103.717983, 31.500846], [-103.717902, 31.500813], [-103.717784, 31.500765], [-103.717668, 31.500718], [-103.717521, 31.500658], [-103.717422, 31.500618], [-103.717289, 31.500564], [-103.717059, 31.50047], [-103.716828, 31.500375], [-103.71677, 31.500352], [-103.716596, 31.500282], [-103.716364, 31.500188], [-103.716132, 31.500094], [-103.7159, 31.500001], [-103.715668, 31.499907], [-103.71544, 31.499814], [-103.715208, 31.49972], [-103.715202, 31.499718], [-103.714976, 31.499626], [-103.714744, 31.499533], [-103.714623, 31.499483], [-103.714505, 31.499435], [-103.714364, 31.499378], [-103.714182, 31.499304], [-103.714064, 31.499256], [-103.713941, 31.499206], [-103.713737, 31.499123], [-103.713512, 31.499032], [-103.713281, 31.498938], [-103.713049, 31.498845], [-103.712821, 31.498751], [-103.712589, 31.498658], [-103.712454, 31.498603], [-103.712324, 31.498551], [-103.7122, 31.4985], [-103.712011, 31.498423], [-103.711854, 31.49836], [-103.711711, 31.498302], [-103.711572, 31.498245], [-103.71134, 31.498151], [-103.711108, 31.498057], [-103.710876, 31.497963], [-103.710644, 31.497869], [-103.710614, 31.497857], [-103.710432, 31.497783], [-103.710404, 31.497771], [-103.710202, 31.497691], [-103.71017, 31.497677], [-103.710079, 31.49764], [-103.710031, 31.497621], [-103.709989, 31.497603], [-103.709841, 31.497542], [-103.7098, 31.497526], [-103.709668, 31.497472], [-103.709483, 31.497398], [-103.709251, 31.497304], [-103.709027, 31.497214], [-103.708795, 31.497119], [-103.708563, 31.497025], [-103.708331, 31.496931], [-103.708109, 31.49684], [-103.707919, 31.496763], [-103.7077, 31.496674], [-103.707468, 31.49658], [-103.707237, 31.496486], [-103.707005, 31.496392], [-103.706773, 31.496298], [-103.706541, 31.496204], [-103.70631, 31.49611], [-103.706131, 31.496037], [-103.705899, 31.495944], [-103.70567, 31.495852], [-103.705563, 31.495808], [-103.70542, 31.49575], [-103.705361, 31.495727], [-103.70527, 31.49569], [-103.705251, 31.495683], [-103.705245, 31.49568], [-103.70522, 31.49567], [-103.705131, 31.495634], [-103.705073, 31.49561], [-103.704917, 31.495547], [-103.704685, 31.495453], [-103.704561, 31.495402], [-103.704329, 31.495308], [-103.704097, 31.495214], [-103.703865, 31.495121], [-103.703633, 31.495027], [-103.703402, 31.494933], [-103.70317, 31.494839], [-103.703154, 31.494832], [-103.702938, 31.494745], [-103.70271, 31.494652], [-103.702478, 31.494559], [-103.702357, 31.494509], [-103.702246, 31.494465], [-103.702068, 31.494392], [-103.701908, 31.494327], [-103.701699, 31.494242], [-103.70161, 31.494206], [-103.701467, 31.494148], [-103.701319, 31.494088], [-103.701235, 31.494054], [-103.701004, 31.49396], [-103.700772, 31.493866], [-103.700541, 31.493772], [-103.700389, 31.493711], [-103.700202, 31.493635], [-103.700042, 31.49357], [-103.699864, 31.493498], [-103.699687, 31.493426], [-103.699456, 31.493332], [-103.699224, 31.493238], [-103.698992, 31.493143], [-103.698761, 31.493049], [-103.698529, 31.492955], [-103.698298, 31.49286], [-103.6981, 31.49278], [-103.697961, 31.492724], [-103.697729, 31.49263], [-103.697497, 31.492536], [-103.697265, 31.492442], [-103.697034, 31.492349], [-103.696802, 31.492254], [-103.696571, 31.49216], [-103.69634, 31.492067], [-103.696108, 31.491973], [-103.695905, 31.49189], [-103.695673, 31.491796], [-103.695447, 31.491705], [-103.695215, 31.49161], [-103.694983, 31.491517], [-103.694751, 31.491423], [-103.694519, 31.491329], [-103.694291, 31.491236], [-103.69414, 31.491175], [-103.694041, 31.491135], [-103.694026, 31.491128], [-103.693798, 31.491035], [-103.693575, 31.490946], [-103.693566, 31.490941], [-103.693392, 31.490871], [-103.693335, 31.490847], [-103.693272, 31.490821], [-103.693233, 31.490806], [-103.69322, 31.4908], [-103.693185, 31.490787], [-103.693123, 31.49076], [-103.693104, 31.490753], [-103.693046, 31.490728], [-103.692872, 31.490659], [-103.692734, 31.490604], [-103.692503, 31.49051], [-103.692419, 31.490476], [-103.692274, 31.490418], [-103.692153, 31.490369], [-103.692025, 31.490318], [-103.691873, 31.490256], [-103.691716, 31.490192], [-103.691713, 31.49019], [-103.691592, 31.490141], [-103.691437, 31.490078], [-103.69129, 31.490018], [-103.691058, 31.489924], [-103.690826, 31.489829], [-103.6906, 31.489737], [-103.690368, 31.489642], [-103.690137, 31.489548], [-103.689995, 31.489492], [-103.689765, 31.489399], [-103.689745, 31.48939], [-103.689703, 31.489373], [-103.689626, 31.489342], [-103.689564, 31.489317], [-103.68952, 31.4893], [-103.68949, 31.489287], [-103.689429, 31.489262], [-103.689258, 31.489193], [-103.689171, 31.489158], [-103.689066, 31.489115], [-103.688834, 31.489021], [-103.688604, 31.488928], [-103.688372, 31.488834], [-103.688141, 31.48874], [-103.687911, 31.488646], [-103.68768, 31.488551], [-103.687449, 31.488457], [-103.687222, 31.488364], [-103.686998, 31.488273], [-103.686767, 31.488178], [-103.686543, 31.488087], [-103.686314, 31.487993], [-103.686083, 31.487898], [-103.685854, 31.487805], [-103.685623, 31.487711], [-103.68555, 31.487681], [-103.685319, 31.487587], [-103.685226, 31.487549], [-103.685036, 31.487472], [-103.684846, 31.487395], [-103.684615, 31.4873], [-103.684384, 31.487205], [-103.684152, 31.487111], [-103.683924, 31.487018], [-103.683692, 31.486924], [-103.683461, 31.486829], [-103.683229, 31.486735], [-103.682998, 31.48664], [-103.682767, 31.486545], [-103.682539, 31.486451], [-103.682307, 31.486357], [-103.682075, 31.486262], [-103.681844, 31.486169], [-103.681612, 31.486075], [-103.681381, 31.48598], [-103.681189, 31.485903], [-103.680988, 31.48582], [-103.680827, 31.485757], [-103.680739, 31.48572], [-103.680688, 31.4857], [-103.680589, 31.48566], [-103.680449, 31.485605], [-103.680388, 31.485578], [-103.680341, 31.485561], [-103.680109, 31.485467], [-103.679878, 31.485373], [-103.679655, 31.48528], [-103.679627, 31.485269], [-103.679424, 31.485185], [-103.679192, 31.485091], [-103.679069, 31.485041], [-103.679056, 31.485035], [-103.67892, 31.484979], [-103.678749, 31.484909], [-103.678547, 31.484827], [-103.678397, 31.484765], [-103.678168, 31.484672], [-103.677936, 31.484577], [-103.677705, 31.484482], [-103.677474, 31.484387], [-103.677243, 31.484292], [-103.677011, 31.484197], [-103.67678, 31.484103], [-103.676551, 31.48401], [-103.67632, 31.483915], [-103.676088, 31.483821], [-103.675858, 31.483728], [-103.675627, 31.483633], [-103.675395, 31.483539], [-103.675164, 31.483445], [-103.674934, 31.483351], [-103.674703, 31.483256], [-103.674475, 31.483163], [-103.674244, 31.483068], [-103.674013, 31.482974], [-103.673783, 31.48288], [-103.673552, 31.482786], [-103.67332, 31.482691], [-103.673089, 31.482597], [-103.672858, 31.482502], [-103.672626, 31.482408], [-103.672395, 31.482314], [-103.672163, 31.482219], [-103.671932, 31.482125], [-103.671701, 31.48203], [-103.671469, 31.481935], [-103.671238, 31.48184], [-103.67101, 31.481747], [-103.670803, 31.481662], [-103.67059, 31.481576], [-103.670359, 31.481481], [-103.670127, 31.481387], [-103.669896, 31.481292], [-103.669664, 31.481198], [-103.669433, 31.481103], [-103.669202, 31.481008], [-103.669085, 31.480961], [-103.668974, 31.480916], [-103.668869, 31.480874], [-103.668743, 31.480823], [-103.668512, 31.480728], [-103.668281, 31.480634], [-103.668049, 31.480539], [-103.667817, 31.480445], [-103.66765, 31.480377], [-103.667586, 31.480351], [-103.667354, 31.480256], [-103.667158, 31.480176], [-103.667127, 31.480163], [-103.667097, 31.480151], [-103.666895, 31.480068], [-103.666663, 31.479975], [-103.666594, 31.479946], [-103.666432, 31.47988], [-103.6662, 31.479785], [-103.665969, 31.479691], [-103.665738, 31.479596], [-103.665507, 31.479502], [-103.665275, 31.479408], [-103.665043, 31.479314], [-103.664812, 31.47922], [-103.664623, 31.479143], [-103.664419, 31.479059], [-103.66419, 31.478966], [-103.663959, 31.478871], [-103.663728, 31.478776], [-103.663496, 31.478682], [-103.663273, 31.47859], [-103.663042, 31.478496], [-103.66281, 31.478402], [-103.662582, 31.478308], [-103.662391, 31.47823], [-103.662159, 31.478135], [-103.661928, 31.478041], [-103.6617, 31.477947], [-103.661468, 31.477852], [-103.661237, 31.477758], [-103.661005, 31.477664], [-103.660886, 31.477616], [-103.660655, 31.477522], [-103.660536, 31.477473], [-103.660386, 31.477412], [-103.660155, 31.477318], [-103.659923, 31.477223], [-103.659692, 31.477129], [-103.659464, 31.477035], [-103.659232, 31.47694], [-103.659001, 31.476846], [-103.658772, 31.476754], [-103.658541, 31.476659], [-103.65831, 31.476564], [-103.658078, 31.47647], [-103.657847, 31.476375], [-103.657615, 31.476281], [-103.657383, 31.476187], [-103.657152, 31.476092], [-103.656921, 31.475997], [-103.656744, 31.475925], [-103.656512, 31.47583], [-103.656306, 31.475746], [-103.656104, 31.475663], [-103.65595, 31.4756], [-103.655719, 31.475505], [-103.655487, 31.475411], [-103.655408, 31.475379], [-103.655256, 31.475316], [-103.655025, 31.475222], [-103.654833, 31.475145], [-103.654571, 31.475036], [-103.654339, 31.474942], [-103.654109, 31.474848], [-103.653878, 31.474753], [-103.653649, 31.47466], [-103.653418, 31.474566], [-103.65319, 31.474472], [-103.65296, 31.474378], [-103.652929, 31.474366], [-103.652851, 31.474334], [-103.652805, 31.474312], [-103.652764, 31.474281], [-103.652741, 31.474261], [-103.652736, 31.474257], [-103.65273, 31.474254], [-103.6525, 31.474158], [-103.652317, 31.474083], [-103.652271, 31.474064], [-103.652165, 31.474022], [-103.652159, 31.47402], [-103.652152, 31.474018], [-103.652124, 31.474016], [-103.652109, 31.474014]], [[-103.652109, 31.474014], [-103.652064, 31.474007], [-103.652061, 31.474005]], [[-103.652061, 31.474005], [-103.652009, 31.473988], [-103.651919, 31.473951], [-103.651904, 31.473945], [-103.651853, 31.473925], [-103.651823, 31.473913], [-103.65182, 31.473912], [-103.651816, 31.47391], [-103.651815, 31.473909], [-103.651795, 31.473902], [-103.65179, 31.4739], [-103.651785, 31.473898], [-103.651782, 31.473897]], [[-103.651782, 31.473897], [-103.651779, 31.473895], [-103.651774, 31.473893], [-103.651771, 31.473892], [-103.651768, 31.473891], [-103.65175, 31.473884], [-103.651749, 31.473883], [-103.651744, 31.473881], [-103.651739, 31.473879], [-103.651737, 31.473878], [-103.65172, 31.473871], [-103.651717, 31.47387], [-103.651714, 31.473869], [-103.651708, 31.473866], [-103.651706, 31.473865]], [[-103.651782, 31.473897], [-103.651784, 31.473894], [-103.651792, 31.473879], [-103.651793, 31.473878]], [[-103.651706, 31.473865], [-103.651703, 31.473864], [-103.6517, 31.473863], [-103.651698, 31.473862], [-103.651693, 31.47386], [-103.651673, 31.473852], [-103.65167, 31.47385], [-103.651636, 31.473837], [-103.651583, 31.473816], [-103.651505, 31.473784], [-103.651351, 31.473723], [-103.651119, 31.473629], [-103.650888, 31.473536], [-103.650667, 31.473447], [-103.650434, 31.473354], [-103.650203, 31.47326], [-103.649971, 31.473167], [-103.649741, 31.473074], [-103.649508, 31.47298], [-103.649277, 31.472886], [-103.649045, 31.472793], [-103.648813, 31.472699], [-103.648581, 31.472606], [-103.648505, 31.472576], [-103.648273, 31.472482], [-103.648041, 31.472388], [-103.648031, 31.472384], [-103.647919, 31.472338], [-103.647823, 31.4723], [-103.647786, 31.472286], [-103.647554, 31.472193], [-103.647398, 31.47213], [-103.647208, 31.472052], [-103.647175, 31.472035], [-103.647084, 31.471999], [-103.646981, 31.471957], [-103.646971, 31.471955], [-103.646739, 31.471863], [-103.646508, 31.471772], [-103.646279, 31.47168], [-103.646046, 31.471587], [-103.646028, 31.471579], [-103.645796, 31.471486], [-103.645564, 31.471392], [-103.645331, 31.471299], [-103.64528, 31.471279], [-103.645237, 31.471256], [-103.6452, 31.47123], [-103.645128, 31.471169], [-103.645057, 31.471109], [-103.645052, 31.471106], [-103.645046, 31.471103], [-103.64494, 31.471063], [-103.644933, 31.471061], [-103.644927, 31.47106], [-103.644826, 31.471057], [-103.644696, 31.471042], [-103.644581, 31.470999], [-103.644428, 31.470937], [-103.644195, 31.470844], [-103.643963, 31.470751], [-103.643731, 31.470657], [-103.6435, 31.470564], [-103.643267, 31.470471], [-103.643037, 31.470379], [-103.642805, 31.470286], [-103.642573, 31.470192], [-103.642341, 31.470099], [-103.642109, 31.470006], [-103.641877, 31.469913], [-103.641647, 31.46982], [-103.641414, 31.469727], [-103.641342, 31.469698], [-103.641182, 31.469634], [-103.641028, 31.469572], [-103.640796, 31.469479], [-103.640605, 31.469402], [-103.640402, 31.469321], [-103.64017, 31.469228], [-103.639938, 31.469135], [-103.639705, 31.469042], [-103.639473, 31.468949], [-103.639242, 31.468856], [-103.639009, 31.468763], [-103.638869, 31.468707], [-103.638683, 31.468632], [-103.638454, 31.46854], [-103.638265, 31.468464], [-103.638033, 31.468371], [-103.637801, 31.468278], [-103.637569, 31.468185], [-103.637337, 31.468091], [-103.637105, 31.467998], [-103.636989, 31.467952], [-103.636757, 31.467858], [-103.636631, 31.467807], [-103.636574, 31.467784], [-103.636494, 31.467752], [-103.636459, 31.467738], [-103.636425, 31.467724], [-103.636344, 31.467692], [-103.636287, 31.467667], [-103.63614, 31.467609], [-103.635908, 31.467517], [-103.635795, 31.467471], [-103.635565, 31.467378], [-103.635333, 31.467284], [-103.635101, 31.467192], [-103.634869, 31.467099], [-103.63464, 31.467007], [-103.634408, 31.466914], [-103.634175, 31.466821], [-103.633943, 31.466728], [-103.633711, 31.466635], [-103.633515, 31.466556], [-103.633479, 31.466542], [-103.633246, 31.466449], [-103.633029, 31.466362], [-103.632796, 31.466268], [-103.632566, 31.466175], [-103.63241, 31.466113], [-103.632361, 31.466093], [-103.632264, 31.466054], [-103.632203, 31.466029], [-103.632035, 31.465961], [-103.631804, 31.465868], [-103.631573, 31.465776], [-103.631419, 31.465714], [-103.631341, 31.465682], [-103.631208, 31.465629], [-103.631108, 31.465589], [-103.630877, 31.465496], [-103.630647, 31.465404], [-103.630416, 31.465311], [-103.630183, 31.465217], [-103.629952, 31.465124], [-103.629719, 31.46503], [-103.629488, 31.464936], [-103.629265, 31.464846], [-103.629256, 31.464843], [-103.629085, 31.464774], [-103.629024, 31.46475], [-103.628926, 31.46471], [-103.628916, 31.464706], [-103.628794, 31.464658], [-103.628732, 31.464633], [-103.628571, 31.464568], [-103.628562, 31.464564], [-103.628451, 31.464518], [-103.628395, 31.464495], [-103.62833, 31.464471], [-103.628282, 31.464451], [-103.628252, 31.464439], [-103.628246, 31.464437], [-103.628144, 31.464396], [-103.628109, 31.464383], [-103.627876, 31.46429], [-103.627802, 31.46426], [-103.627592, 31.464176], [-103.627537, 31.464154], [-103.62744, 31.464115], [-103.627233, 31.464032], [-103.627133, 31.463992], [-103.626979, 31.46393], [-103.626945, 31.463916], [-103.626713, 31.463823], [-103.626481, 31.463731], [-103.626249, 31.463637], [-103.626017, 31.463544], [-103.625785, 31.463451], [-103.625628, 31.463388], [-103.625395, 31.463295], [-103.625163, 31.463201], [-103.624978, 31.463126], [-103.624746, 31.463033], [-103.624601, 31.462975], [-103.62451, 31.462948], [-103.624267, 31.462878], [-103.624024, 31.462808], [-103.623782, 31.462739], [-103.623539, 31.462669], [-103.623392, 31.462627], [-103.623256, 31.462587], [-103.623133, 31.462552], [-103.62312, 31.462548], [-103.622913, 31.462491], [-103.622819, 31.462466], [-103.622725, 31.462438], [-103.622715, 31.462434], [-103.622707, 31.462426], [-103.622692, 31.462403], [-103.622682, 31.462383], [-103.622601, 31.462265], [-103.62252, 31.462147], [-103.622472, 31.462077], [-103.622342, 31.461888], [-103.622212, 31.461699], [-103.622081, 31.46151], [-103.62195, 31.461321], [-103.621821, 31.461132], [-103.621704, 31.460965], [-103.621589, 31.460797], [-103.621461, 31.460606], [-103.621402, 31.460518], [-103.621391, 31.460503], [-103.621337, 31.460422], [-103.62128, 31.460338], [-103.621238, 31.460276], [-103.621194, 31.46021], [-103.621138, 31.460128], [-103.621099, 31.46007], [-103.621063, 31.460018], [-103.62106, 31.460013], [-103.621052, 31.460007], [-103.621042, 31.460009], [-103.620821, 31.460119], [-103.620604, 31.460231], [-103.620386, 31.460345], [-103.620165, 31.460459], [-103.619946, 31.46057], [-103.619936, 31.460572], [-103.619928, 31.460567], [-103.619803, 31.460377], [-103.619676, 31.460186], [-103.61955, 31.460004], [-103.619507, 31.459943], [-103.619411, 31.459819], [-103.619271, 31.459639], [-103.619128, 31.459456], [-103.618986, 31.459274], [-103.618843, 31.459091], [-103.618756, 31.458979], [-103.618627, 31.458814], [-103.618516, 31.458672], [-103.618403, 31.458527], [-103.618269, 31.458354], [-103.618127, 31.458172], [-103.617984, 31.45799], [-103.617842, 31.457807], [-103.617809, 31.457765], [-103.617668, 31.457584], [-103.61764, 31.457547], [-103.617497, 31.457364], [-103.617469, 31.457329], [-103.617328, 31.457146], [-103.617292, 31.457101], [-103.617149, 31.456918], [-103.617118, 31.456879], [-103.616976, 31.456697], [-103.616945, 31.456656], [-103.616803, 31.456473], [-103.616771, 31.456431], [-103.616697, 31.456335], [-103.616676, 31.456308], [-103.616536, 31.456128], [-103.616515, 31.456101], [-103.616374, 31.455918], [-103.616339, 31.455872], [-103.616196, 31.45569], [-103.616141, 31.455621], [-103.616123, 31.455597], [-103.615979, 31.455415], [-103.615924, 31.455344], [-103.615822, 31.45521], [-103.615789, 31.455158], [-103.615674, 31.454972], [-103.615646, 31.454926], [-103.615613, 31.454883], [-103.615522, 31.454767], [-103.61547, 31.454704], [-103.615448, 31.454675], [-103.61538, 31.45459], [-103.615356, 31.454561], [-103.615259, 31.454441], [-103.615236, 31.454412], [-103.615212, 31.454381], [-103.615188, 31.454351], [-103.615055, 31.454208], [-103.614983, 31.454131], [-103.614915, 31.454045], [-103.614815, 31.453917], [-103.614731, 31.453811], [-103.614614, 31.45366], [-103.614472, 31.453476], [-103.614333, 31.453296], [-103.61419, 31.453113], [-103.614047, 31.452931], [-103.613905, 31.452748], [-103.613763, 31.452565], [-103.613623, 31.452384], [-103.613481, 31.452201], [-103.613339, 31.452018], [-103.613197, 31.451836], [-103.613054, 31.451653], [-103.612912, 31.45147], [-103.61277, 31.451287], [-103.612627, 31.451104], [-103.612487, 31.450924], [-103.612345, 31.450741], [-103.612203, 31.450558], [-103.61206, 31.450376], [-103.611918, 31.450193], [-103.611786, 31.450023], [-103.611645, 31.449839], [-103.611503, 31.449658], [-103.611361, 31.449475], [-103.61122, 31.449295], [-103.611078, 31.449112], [-103.610936, 31.448929], [-103.610794, 31.448746], [-103.610652, 31.448563], [-103.610511, 31.448383], [-103.610369, 31.448201], [-103.610228, 31.44802], [-103.610087, 31.447839], [-103.609946, 31.447658], [-103.609804, 31.447475], [-103.609661, 31.447293], [-103.609519, 31.44711], [-103.60938, 31.44693], [-103.609238, 31.446747], [-103.6091, 31.446571], [-103.608957, 31.446389], [-103.608816, 31.446206], [-103.608676, 31.446025], [-103.608536, 31.445845], [-103.608459, 31.445746], [-103.608316, 31.445564], [-103.608174, 31.445381], [-103.608033, 31.445199], [-103.607891, 31.445016], [-103.607749, 31.444834], [-103.607607, 31.444651], [-103.607465, 31.444469], [-103.607381, 31.444361], [-103.607325, 31.44429], [-103.607183, 31.444107], [-103.607125, 31.444036], [-103.607116, 31.444024], [-103.606974, 31.443841], [-103.606833, 31.443657], [-103.606697, 31.443481], [-103.606693, 31.443475], [-103.606609, 31.443367], [-103.606524, 31.443258], [-103.606438, 31.443149], [-103.606353, 31.443039], [-103.606268, 31.44293], [-103.606182, 31.44282], [-103.606163, 31.442795], [-103.606097, 31.442711], [-103.605949, 31.442532], [-103.605903, 31.442476], [-103.605793, 31.44234], [-103.605656, 31.442154], [-103.605517, 31.44197], [-103.60538, 31.44179], [-103.60524, 31.441605], [-103.605103, 31.441424], [-103.604983, 31.441268], [-103.604865, 31.441112], [-103.604742, 31.440949], [-103.604602, 31.440765], [-103.604467, 31.440589], [-103.604346, 31.44043], [-103.604327, 31.440405], [-103.604236, 31.440286], [-103.604233, 31.440283], [-103.604187, 31.440222], [-103.60413, 31.440146], [-103.60406, 31.440053], [-103.603926, 31.439875], [-103.603813, 31.439725], [-103.603681, 31.439551], [-103.603542, 31.439367], [-103.603402, 31.439182], [-103.603264, 31.438997], [-103.603126, 31.438815], [-103.602994, 31.438637], [-103.602857, 31.438451], [-103.602738, 31.43829], [-103.602721, 31.438268], [-103.602585, 31.438086], [-103.602445, 31.437902], [-103.60232, 31.437737], [-103.60218, 31.437553], [-103.60204, 31.437369], [-103.6019, 31.437185], [-103.60176, 31.437001], [-103.601622, 31.436819], [-103.601483, 31.436635], [-103.601377, 31.436495], [-103.601281, 31.436369], [-103.601141, 31.436185], [-103.601033, 31.436044], [-103.600946, 31.435929], [-103.600832, 31.435779], [-103.600693, 31.435595], [-103.600552, 31.435411], [-103.600412, 31.435227], [-103.600277, 31.435049], [-103.600137, 31.434865], [-103.600005, 31.434692], [-103.599865, 31.434508], [-103.599724, 31.434324], [-103.599585, 31.43414], [-103.599446, 31.433955], [-103.599343, 31.43382], [-103.599306, 31.433771], [-103.599243, 31.433688], [-103.599239, 31.433682], [-103.599167, 31.433588], [-103.599134, 31.433544], [-103.599036, 31.433414], [-103.598896, 31.43323], [-103.598758, 31.433049], [-103.598635, 31.432885], [-103.598533, 31.432753], [-103.598397, 31.432572], [-103.59826, 31.432392], [-103.59812, 31.432207], [-103.597982, 31.432026], [-103.597844, 31.431844], [-103.597705, 31.431664], [-103.597697, 31.431652], [-103.597564, 31.431479], [-103.597426, 31.431297], [-103.597425, 31.431294], [-103.597343, 31.431183], [-103.597283, 31.431105], [-103.597198, 31.430996], [-103.597114, 31.430886], [-103.597029, 31.430775], [-103.596946, 31.430665], [-103.596862, 31.430555], [-103.596827, 31.43051], [-103.596779, 31.430445], [-103.59664, 31.430261], [-103.596499, 31.430077], [-103.59636, 31.429893], [-103.596236, 31.42973], [-103.596098, 31.429545], [-103.595959, 31.42936], [-103.595821, 31.429179], [-103.595744, 31.429078], [-103.595681, 31.428996], [-103.595572, 31.428856], [-103.595457, 31.428704], [-103.595317, 31.42852], [-103.595179, 31.428337], [-103.595039, 31.428153], [-103.594898, 31.42797], [-103.594761, 31.427788], [-103.594622, 31.427603], [-103.594482, 31.427419], [-103.594363, 31.427261], [-103.594255, 31.427118], [-103.594115, 31.426934], [-103.593975, 31.42675], [-103.593835, 31.426566], [-103.593774, 31.426485], [-103.593689, 31.426387], [-103.593538, 31.426212], [-103.593387, 31.426035], [-103.593236, 31.425857], [-103.593086, 31.425684], [-103.593056, 31.425649], [-103.593035, 31.425624], [-103.59295, 31.425524], [-103.592929, 31.425499], [-103.592908, 31.425477], [-103.592756, 31.425301], [-103.592704, 31.425242], [-103.592701, 31.425239], [-103.592695, 31.425237], [-103.592467, 31.425207], [-103.592213, 31.425174], [-103.592004, 31.425146], [-103.591793, 31.425117], [-103.591754, 31.425112], [-103.59153, 31.425082], [-103.591498, 31.425078], [-103.591493, 31.425077], [-103.591488, 31.425079], [-103.591276, 31.425203], [-103.591066, 31.425325], [-103.590853, 31.425447], [-103.59064, 31.425571], [-103.590502, 31.42565], [-103.590289, 31.425773], [-103.590078, 31.425895], [-103.589996, 31.425943], [-103.589985, 31.425944], [-103.589977, 31.425939], [-103.589901, 31.425842], [-103.589837, 31.42576], [-103.589694, 31.425578], [-103.58955, 31.425395], [-103.589455, 31.425274], [-103.589352, 31.425142], [-103.589209, 31.424959], [-103.589069, 31.424781], [-103.588928, 31.424603], [-103.588785, 31.424421], [-103.588644, 31.424239], [-103.588501, 31.424057], [-103.58836, 31.423876], [-103.58822, 31.423696], [-103.588111, 31.423558], [-103.588002, 31.423417], [-103.587961, 31.423366], [-103.587876, 31.423257], [-103.587759, 31.423109], [-103.587732, 31.423075], [-103.58759, 31.422893], [-103.587447, 31.42271], [-103.587306, 31.422527], [-103.587164, 31.422344], [-103.587022, 31.422161], [-103.586881, 31.421978], [-103.586754, 31.421811], [-103.586615, 31.421626], [-103.586489, 31.421453], [-103.586389, 31.421314], [-103.586253, 31.421128], [-103.586117, 31.420942], [-103.58609, 31.420905], [-103.585982, 31.420757], [-103.585846, 31.42057], [-103.58571, 31.420385], [-103.585571, 31.420199], [-103.585554, 31.420176], [-103.58549, 31.420088], [-103.585408, 31.419977], [-103.585398, 31.419963], [-103.585271, 31.419792], [-103.585261, 31.419775], [-103.585147, 31.419618], [-103.585141, 31.419614], [-103.585111, 31.419602], [-103.584955, 31.419535], [-103.584882, 31.419504], [-103.58474, 31.419443], [-103.584511, 31.419345], [-103.584281, 31.419248], [-103.584055, 31.419151], [-103.583869, 31.419071], [-103.58386, 31.419067], [-103.583856, 31.419061], [-103.583728, 31.418896], [-103.583587, 31.418713], [-103.583447, 31.41853], [-103.583307, 31.418347], [-103.583165, 31.418164], [-103.583025, 31.417983], [-103.582882, 31.417801], [-103.582855, 31.417767], [-103.582713, 31.417585], [-103.582572, 31.417402], [-103.582431, 31.417218], [-103.582289, 31.417035], [-103.582173, 31.416884], [-103.58206, 31.41674], [-103.581919, 31.416557], [-103.581777, 31.416374], [-103.581771, 31.416366], [-103.581643, 31.416197], [-103.581503, 31.416017], [-103.581421, 31.415912], [-103.581406, 31.415893], [-103.581339, 31.415802], [-103.581259, 31.415704], [-103.581251, 31.415693], [-103.58111, 31.415511], [-103.580968, 31.415329], [-103.580908, 31.415251], [-103.580768, 31.415069], [-103.580626, 31.414886], [-103.580484, 31.414703], [-103.580343, 31.41452], [-103.580201, 31.414337], [-103.580059, 31.414154], [-103.579918, 31.413971], [-103.579777, 31.413787], [-103.579647, 31.413616], [-103.579521, 31.413453], [-103.579391, 31.413285], [-103.57925, 31.413103], [-103.57911, 31.412922], [-103.579028, 31.412817], [-103.579023, 31.412806], [-103.579024, 31.412798], [-103.579076, 31.412583], [-103.579128, 31.412368], [-103.579142, 31.412308], [-103.579164, 31.412215], [-103.579188, 31.412092], [-103.579228, 31.411889], [-103.579267, 31.411695], [-103.579285, 31.411603], [-103.579303, 31.411513], [-103.579339, 31.411333], [-103.579347, 31.411296], [-103.57939, 31.41108], [-103.579434, 31.410863], [-103.579477, 31.410647], [-103.57952, 31.41043], [-103.579548, 31.410285], [-103.579549, 31.410276], [-103.579547, 31.41027], [-103.57954, 31.410254], [-103.579536, 31.410245], [-103.579458, 31.410065], [-103.579369, 31.409858], [-103.579355, 31.409825], [-103.579342, 31.409791], [-103.579265, 31.409619], [-103.57921, 31.409493], [-103.579174, 31.409414], [-103.579082, 31.409209], [-103.578989, 31.409005], [-103.578897, 31.408803], [-103.578804, 31.408598], [-103.57871, 31.408394], [-103.578618, 31.408189], [-103.578534, 31.408005], [-103.57849, 31.407914], [-103.578425, 31.407827], [-103.578288, 31.407646], [-103.578149, 31.407462], [-103.578127, 31.407434], [-103.578123, 31.407416], [-103.578135, 31.407405], [-103.578348, 31.407285], [-103.578539, 31.407178], [-103.578751, 31.40706], [-103.578849, 31.407006], [-103.578939, 31.406955], [-103.578965, 31.40694], [-103.579107, 31.406861], [-103.579222, 31.406797], [-103.579353, 31.406724], [-103.579537, 31.406621], [-103.579697, 31.406531], [-103.579864, 31.406437], [-103.580032, 31.406344], [-103.580246, 31.406224], [-103.580461, 31.406104], [-103.580674, 31.405985], [-103.580889, 31.405865], [-103.581102, 31.405746], [-103.581226, 31.405676], [-103.581336, 31.405615], [-103.581551, 31.405495], [-103.58168, 31.405423], [-103.581826, 31.405342], [-103.582038, 31.405222], [-103.582253, 31.405102], [-103.582468, 31.404982], [-103.582683, 31.404862], [-103.582897, 31.404742], [-103.583025, 31.404671], [-103.583168, 31.404591], [-103.583365, 31.404481], [-103.583383, 31.404471], [-103.583495, 31.404409], [-103.583595, 31.404353], [-103.583809, 31.404233], [-103.584024, 31.404113], [-103.584235, 31.403994], [-103.584447, 31.403876], [-103.584584, 31.403799], [-103.584752, 31.403706], [-103.584916, 31.403614], [-103.58508, 31.403522], [-103.585254, 31.403425], [-103.585468, 31.403304], [-103.585683, 31.403184], [-103.585897, 31.403064], [-103.586112, 31.402945], [-103.586327, 31.402824], [-103.586541, 31.402705], [-103.586655, 31.402641], [-103.586753, 31.402586], [-103.586851, 31.402532], [-103.586952, 31.402475], [-103.587165, 31.402356], [-103.587371, 31.402242], [-103.587582, 31.402122], [-103.587797, 31.402002], [-103.588011, 31.401884], [-103.588222, 31.401764], [-103.588436, 31.401643], [-103.588569, 31.401569], [-103.588783, 31.401449], [-103.588995, 31.401332], [-103.58907, 31.401292], [-103.589165, 31.401238], [-103.589232, 31.401203], [-103.589246, 31.401198], [-103.589377, 31.401115], [-103.589487, 31.401054], [-103.589499, 31.401047], [-103.589505, 31.401043], [-103.589521, 31.401034], [-103.589523, 31.401032], [-103.589555, 31.401014], [-103.589583, 31.400997], [-103.589585, 31.400995], [-103.589589, 31.400993], [-103.589616, 31.400976], [-103.589621, 31.400973], [-103.589625, 31.400971], [-103.589627, 31.40097], [-103.58963, 31.400968], [-103.589646, 31.400959], [-103.589647, 31.400957], [-103.589652, 31.400955], [-103.589656, 31.400953], [-103.589658, 31.400951], [-103.589674, 31.400942], [-103.589676, 31.400941], [-103.589679, 31.400939], [-103.589683, 31.400936], [-103.589688, 31.400934], [-103.589715, 31.400918], [-103.589718, 31.400916], [-103.589721, 31.400914], [-103.589749, 31.400898], [-103.589796, 31.400871], [-103.589927, 31.400792], [-103.590093, 31.400692], [-103.590249, 31.400597], [-103.590254, 31.400589], [-103.590252, 31.400581], [-103.590117, 31.400414], [-103.590012, 31.400279], [-103.590002, 31.400267], [-103.589975, 31.400232], [-103.589941, 31.400187], [-103.589818, 31.400029], [-103.589798, 31.400004], [-103.589747, 31.39994], [-103.589654, 31.399822], [-103.589511, 31.39964], [-103.589376, 31.399469], [-103.589234, 31.399286], [-103.58909, 31.399104], [-103.588948, 31.398922], [-103.588805, 31.398739], [-103.58876, 31.398681], [-103.588756, 31.398676], [-103.58875, 31.398672], [-103.588546, 31.39854], [-103.588342, 31.398406], [-103.58814, 31.398271], [-103.587937, 31.398136], [-103.587733, 31.398003], [-103.587641, 31.397941], [-103.587633, 31.397937], [-103.587629, 31.39793], [-103.587587, 31.397837], [-103.587524, 31.397718], [-103.587479, 31.397614], [-103.587424, 31.39749], [-103.587368, 31.397368], [-103.587311, 31.397246], [-103.587264, 31.397144], [-103.587208, 31.397022], [-103.587152, 31.3969], [-103.587096, 31.396777], [-103.587072, 31.396726], [-103.587042, 31.396662], [-103.586984, 31.39654], [-103.586927, 31.396419], [-103.586871, 31.396301], [-103.586814, 31.39618], [-103.586758, 31.396062], [-103.586701, 31.395941], [-103.586644, 31.39582], [-103.586587, 31.3957], [-103.58653, 31.395579], [-103.586496, 31.395505], [-103.586477, 31.395468], [-103.586461, 31.395434], [-103.58642, 31.395356], [-103.586399, 31.395316], [-103.586368, 31.395258], [-103.586351, 31.395215], [-103.586324, 31.395138], [-103.586269, 31.394981], [-103.586197, 31.39477], [-103.586183, 31.394728], [-103.586147, 31.394623], [-103.586125, 31.394555], [-103.586092, 31.394456], [-103.586074, 31.394402], [-103.586073, 31.394396], [-103.586074, 31.394388], [-103.586133, 31.394182], [-103.586192, 31.393968], [-103.58625, 31.393754], [-103.586307, 31.39354], [-103.586363, 31.393329], [-103.586409, 31.393159], [-103.586433, 31.393069], [-103.586478, 31.392903], [-103.58653, 31.392714], [-103.586587, 31.392506], [-103.586645, 31.392292], [-103.586701, 31.392078], [-103.586758, 31.391863], [-103.586776, 31.391794], [-103.586802, 31.391702], [-103.58681, 31.391674], [-103.586811, 31.391671], [-103.586812, 31.391668], [-103.586816, 31.391651], [-103.586818, 31.391648], [-103.586819, 31.391643], [-103.58682, 31.39164], [-103.586821, 31.391637], [-103.586825, 31.391621], [-103.586826, 31.391619], [-103.586827, 31.391615], [-103.586828, 31.39161], [-103.586828, 31.391609], [-103.586832, 31.391593], [-103.586833, 31.39159], [-103.586834, 31.391588], [-103.586835, 31.391583], [-103.586837, 31.391579], [-103.586841, 31.391562], [-103.586842, 31.391559], [-103.586843, 31.391555], [-103.58685, 31.391527], [-103.586862, 31.391483], [-103.586885, 31.391397], [-103.586896, 31.391352], [-103.586897, 31.391342], [-103.586893, 31.391333], [-103.586823, 31.391237], [-103.586802, 31.391207], [-103.586737, 31.391118], [-103.586667, 31.39102], [-103.586647, 31.390992], [-103.586533, 31.390835], [-103.586483, 31.390766], [-103.586346, 31.39058], [-103.586303, 31.390522], [-103.586167, 31.390336], [-103.58612, 31.39027], [-103.585985, 31.390083], [-103.585918, 31.389991], [-103.585782, 31.389804], [-103.585741, 31.389748], [-103.585605, 31.389562], [-103.585555, 31.389495], [-103.585419, 31.389309], [-103.585384, 31.38926], [-103.585249, 31.389073], [-103.585216, 31.389029], [-103.585081, 31.388843], [-103.585053, 31.388804], [-103.584945, 31.388656], [-103.584913, 31.388612], [-103.584803, 31.388461], [-103.584746, 31.388383], [-103.584639, 31.388235], [-103.584586, 31.388164], [-103.58445, 31.387977], [-103.584357, 31.38785], [-103.584275, 31.387738], [-103.584167, 31.387588]], [[-103.651706, 31.473865], [-103.651707, 31.473863], [-103.651715, 31.473848], [-103.651716, 31.473846]], [[-103.584167, 31.387588], [-103.58414, 31.387552], [-103.584058, 31.38744], [-103.58393, 31.387263], [-103.583914, 31.38724], [-103.583832, 31.38713], [-103.583697, 31.386945], [-103.583668, 31.386905], [-103.583562, 31.386759], [-103.583543, 31.386732], [-103.583533, 31.386719], [-103.583467, 31.386628], [-103.583456, 31.386611], [-103.583427, 31.386571], [-103.583399, 31.386533], [-103.583328, 31.386438], [-103.583291, 31.386386], [-103.583287, 31.38638], [-103.583236, 31.38631], [-103.5831, 31.386124], [-103.582964, 31.385938], [-103.582898, 31.385847], [-103.582813, 31.385729], [-103.582676, 31.385542], [-103.582586, 31.385418], [-103.582501, 31.385301], [-103.582365, 31.385115], [-103.582229, 31.384929], [-103.582094, 31.384742], [-103.581958, 31.384555], [-103.581823, 31.384369], [-103.581728, 31.38424], [-103.58164, 31.384122], [-103.581632, 31.384114], [-103.581622, 31.384111], [-103.581373, 31.384067], [-103.581316, 31.384057], [-103.581066, 31.384014], [-103.580853, 31.383978], [-103.580656, 31.383945], [-103.580405, 31.383902], [-103.580153, 31.38386], [-103.579902, 31.383817], [-103.579651, 31.383774], [-103.579399, 31.383732], [-103.579148, 31.383691], [-103.578897, 31.383648], [-103.578645, 31.383606], [-103.578394, 31.383564], [-103.578222, 31.383535], [-103.578046, 31.383505], [-103.577974, 31.383492], [-103.577866, 31.383473], [-103.577858, 31.383472], [-103.577757, 31.383454], [-103.577685, 31.383442], [-103.577587, 31.383426], [-103.577509, 31.383413], [-103.577315, 31.38338], [-103.577241, 31.383368], [-103.57699, 31.383326], [-103.576847, 31.383302], [-103.57674, 31.383275], [-103.576494, 31.383215], [-103.576482, 31.383212], [-103.576475, 31.383204], [-103.576432, 31.383139], [-103.576416, 31.383113], [-103.576397, 31.383082], [-103.576371, 31.38304], [-103.576358, 31.383019], [-103.576237, 31.382826], [-103.576114, 31.382633], [-103.575991, 31.38244], [-103.575869, 31.382247], [-103.575746, 31.382054], [-103.575669, 31.381934], [-103.575603, 31.38183], [-103.575492, 31.381655], [-103.575422, 31.381545], [-103.575371, 31.381465], [-103.575297, 31.381349], [-103.575174, 31.381156], [-103.575052, 31.380963], [-103.57493, 31.38077], [-103.574807, 31.380577], [-103.574684, 31.380384], [-103.574563, 31.380194], [-103.574471, 31.380048], [-103.574348, 31.379855], [-103.574248, 31.379699], [-103.574135, 31.379523], [-103.574014, 31.379332], [-103.573892, 31.379139], [-103.573769, 31.378946], [-103.573646, 31.378754], [-103.573524, 31.378561], [-103.573402, 31.378369], [-103.573279, 31.378177], [-103.57316, 31.377986], [-103.573042, 31.377799], [-103.573037, 31.37779], [-103.573025, 31.377786], [-103.572989, 31.377778], [-103.572774, 31.377744], [-103.572537, 31.377704], [-103.572286, 31.37766], [-103.572035, 31.377617], [-103.571784, 31.377575], [-103.571534, 31.377533], [-103.571283, 31.37749], [-103.571032, 31.377448], [-103.570781, 31.377405], [-103.570529, 31.377363], [-103.570278, 31.37732], [-103.570027, 31.377277], [-103.569776, 31.377235], [-103.569525, 31.377192], [-103.569274, 31.377149], [-103.569023, 31.377107], [-103.568826, 31.377073], [-103.568593, 31.377034], [-103.568342, 31.376991], [-103.568121, 31.376954], [-103.56787, 31.376911], [-103.567619, 31.376868], [-103.567367, 31.376826], [-103.567116, 31.376783], [-103.566865, 31.37674], [-103.566614, 31.376698], [-103.566366, 31.376656], [-103.566115, 31.376613], [-103.565954, 31.376586], [-103.565703, 31.376543], [-103.565452, 31.376501], [-103.565201, 31.376458], [-103.564949, 31.376416], [-103.564698, 31.376373], [-103.564447, 31.376331], [-103.564196, 31.376288], [-103.563945, 31.376245], [-103.563741, 31.376211], [-103.563658, 31.376197], [-103.56351, 31.376173], [-103.563445, 31.376162], [-103.563321, 31.376141], [-103.563313, 31.376139], [-103.563198, 31.376119], [-103.563144, 31.37611], [-103.562967, 31.376082], [-103.5628, 31.376054], [-103.56258, 31.376017], [-103.562549, 31.376011], [-103.56233, 31.375971], [-103.562299, 31.375965], [-103.56227, 31.37596], [-103.562221, 31.375953], [-103.562106, 31.375933], [-103.561997, 31.375914], [-103.561875, 31.375894], [-103.561766, 31.375875], [-103.561711, 31.375866], [-103.561612, 31.375852], [-103.561595, 31.375847], [-103.561581, 31.375847], [-103.561519, 31.375834], [-103.561438, 31.375821], [-103.56142, 31.37581], [-103.561419, 31.375796], [-103.561469, 31.37558], [-103.561518, 31.375365], [-103.561561, 31.375183], [-103.561611, 31.374968], [-103.56164, 31.374844], [-103.561689, 31.374628], [-103.561738, 31.374412], [-103.561788, 31.374197], [-103.561837, 31.373981], [-103.561885, 31.373766], [-103.561928, 31.373576], [-103.561978, 31.37336], [-103.562028, 31.373145], [-103.562078, 31.37293], [-103.562126, 31.372714], [-103.562174, 31.372498], [-103.562223, 31.372283], [-103.562273, 31.372068], [-103.562322, 31.371852], [-103.562371, 31.371637], [-103.562419, 31.371424], [-103.562468, 31.371208], [-103.562518, 31.370993], [-103.562567, 31.370778], [-103.562617, 31.370562], [-103.562667, 31.370346], [-103.562717, 31.370131], [-103.56277, 31.369915], [-103.562773, 31.3699], [-103.562821, 31.3697], [-103.562868, 31.369488], [-103.562916, 31.369271], [-103.562963, 31.369055], [-103.563013, 31.36884], [-103.563024, 31.368794], [-103.563073, 31.36858], [-103.563106, 31.368444], [-103.563156, 31.368229], [-103.563167, 31.36818], [-103.563211, 31.36798], [-103.563251, 31.367802], [-103.563252, 31.367797], [-103.563301, 31.367582], [-103.563352, 31.36737], [-103.563373, 31.367256], [-103.563357, 31.367153], [-103.563329, 31.367008], [-103.56332, 31.366937], [-103.563351, 31.366793], [-103.563384, 31.366657], [-103.563433, 31.366441], [-103.563463, 31.3663], [-103.563461, 31.366283], [-103.563444, 31.366275], [-103.563193, 31.366232], [-103.562946, 31.36619], [-103.562695, 31.366148], [-103.562665, 31.366143], [-103.562524, 31.36612], [-103.562276, 31.366079], [-103.562042, 31.36604], [-103.562025, 31.366037], [-103.562007, 31.366029], [-103.562005, 31.366012], [-103.562023, 31.36592], [-103.562038, 31.36586], [-103.562062, 31.365752], [-103.562092, 31.365623], [-103.562122, 31.365494], [-103.562151, 31.365368], [-103.56218, 31.365238], [-103.562189, 31.3652], [-103.562204, 31.365147], [-103.562253, 31.364931], [-103.562304, 31.364716], [-103.562346, 31.364535], [-103.562394, 31.36432], [-103.562444, 31.364104], [-103.562492, 31.363893], [-103.562531, 31.363723], [-103.562568, 31.36356], [-103.562618, 31.363344], [-103.562667, 31.363129], [-103.562716, 31.362913], [-103.562762, 31.362708], [-103.562811, 31.362493], [-103.562861, 31.362277], [-103.562903, 31.362094], [-103.562953, 31.361879], [-103.563003, 31.361664], [-103.563052, 31.361448], [-103.563102, 31.361232], [-103.563151, 31.361017], [-103.5632, 31.360801], [-103.563249, 31.360586], [-103.563299, 31.36037], [-103.563348, 31.360154], [-103.563396, 31.359946], [-103.563444, 31.35973], [-103.563494, 31.359515], [-103.563543, 31.359299], [-103.563593, 31.359084], [-103.563642, 31.358868], [-103.563679, 31.358707], [-103.563729, 31.358491], [-103.563756, 31.358374], [-103.563755, 31.358357], [-103.563737, 31.358349], [-103.563486, 31.358307], [-103.563277, 31.358273], [-103.563236, 31.358267], [-103.562988, 31.358225], [-103.562737, 31.358183], [-103.562501, 31.358143], [-103.56225, 31.358102], [-103.562006, 31.358061], [-103.561815, 31.35803], [-103.561564, 31.357988], [-103.561393, 31.35796], [-103.561219, 31.35793], [-103.560968, 31.357888], [-103.560717, 31.357846], [-103.560466, 31.357804], [-103.560214, 31.357762], [-103.559966, 31.35772], [-103.559715, 31.357678], [-103.559467, 31.357637], [-103.559215, 31.357595], [-103.558964, 31.357553], [-103.558713, 31.357512], [-103.558465, 31.357471], [-103.558214, 31.357429], [-103.557962, 31.357387], [-103.557711, 31.357345], [-103.55746, 31.357303], [-103.557304, 31.357277], [-103.557286, 31.357267], [-103.557285, 31.357252], [-103.557334, 31.357036], [-103.557383, 31.356821], [-103.557386, 31.356799], [-103.557437, 31.356584], [-103.557486, 31.356369], [-103.557535, 31.356153], [-103.557582, 31.355943], [-103.557631, 31.355732], [-103.557661, 31.355601], [-103.557676, 31.355517], [-103.557715, 31.3553], [-103.557742, 31.35515], [-103.557779, 31.354936], [-103.557818, 31.354722], [-103.557857, 31.354504], [-103.557895, 31.354287], [-103.557934, 31.354073], [-103.557971, 31.353857], [-103.55801, 31.35364], [-103.558048, 31.353423], [-103.558082, 31.353235], [-103.55812, 31.353018], [-103.558159, 31.352801], [-103.558198, 31.352584], [-103.558237, 31.352366], [-103.558275, 31.352152], [-103.558315, 31.351935], [-103.558354, 31.351718], [-103.558376, 31.351593], [-103.558414, 31.351376], [-103.558438, 31.351237], [-103.558476, 31.351019], [-103.558515, 31.350802], [-103.558545, 31.350643], [-103.558552, 31.3506], [-103.558561, 31.350554], [-103.558582, 31.350435], [-103.5586, 31.350334], [-103.558624, 31.350204], [-103.558636, 31.350135], [-103.55864, 31.350114], [-103.558644, 31.350093], [-103.558645, 31.35009], [-103.558645, 31.350086], [-103.558647, 31.350074], [-103.558651, 31.35006], [-103.558652, 31.350055], [-103.558652, 31.350051], [-103.558653, 31.350049], [-103.558653, 31.350046], [-103.558653, 31.350043], [-103.558654, 31.35004], [-103.558654, 31.350038], [-103.558657, 31.350021], [-103.558657, 31.35002], [-103.558658, 31.350015], [-103.558659, 31.350011], [-103.558659, 31.350009], [-103.558662, 31.349993], [-103.558662, 31.34999], [-103.558663, 31.349987], [-103.558664, 31.349983], [-103.558665, 31.349978], [-103.558669, 31.349952], [-103.55867, 31.349949], [-103.55867, 31.349946], [-103.558675, 31.349918], [-103.558687, 31.349858], [-103.558724, 31.349644], [-103.558743, 31.349537], [-103.55878, 31.349321], [-103.558819, 31.349104], [-103.558857, 31.348889], [-103.558895, 31.348672], [-103.558935, 31.348456], [-103.558975, 31.348239], [-103.559015, 31.348022], [-103.559019, 31.347995], [-103.559018, 31.347983], [-103.559009, 31.347973], [-103.55882, 31.347852], [-103.55878, 31.347824], [-103.558701, 31.347769], [-103.558582, 31.347686], [-103.558462, 31.347604], [-103.558343, 31.347521], [-103.558224, 31.347438], [-103.558106, 31.347356], [-103.557991, 31.347276], [-103.557896, 31.34721], [-103.557872, 31.347194], [-103.557675, 31.347054], [-103.557661, 31.347046], [-103.557595, 31.347], [-103.557587, 31.346995], [-103.557578, 31.346993], [-103.557338, 31.346963], [-103.557085, 31.346931], [-103.556928, 31.34691], [-103.556678, 31.346876], [-103.556425, 31.346843], [-103.556172, 31.34681], [-103.555919, 31.346777], [-103.555676, 31.346746], [-103.555666, 31.346745], [-103.555413, 31.346711], [-103.555164, 31.346679], [-103.554911, 31.346645], [-103.554723, 31.34662], [-103.554555, 31.346598], [-103.554306, 31.346565], [-103.554055, 31.346532], [-103.553802, 31.346499], [-103.55355, 31.346466], [-103.553301, 31.346433], [-103.55305, 31.3464], [-103.552797, 31.346367], [-103.552617, 31.346343], [-103.552404, 31.346315], [-103.552151, 31.346282], [-103.551899, 31.346249], [-103.551674, 31.34622], [-103.551598, 31.34621], [-103.551428, 31.346191], [-103.551421, 31.34619], [-103.551323, 31.346178], [-103.551285, 31.346171], [-103.551236, 31.346156], [-103.551176, 31.346133], [-103.550945, 31.346045], [-103.550883, 31.346023], [-103.550698, 31.345989], [-103.55045, 31.345947], [-103.550199, 31.345905], [-103.549948, 31.345863], [-103.549697, 31.345822], [-103.549445, 31.34578], [-103.549198, 31.345739], [-103.548947, 31.345696], [-103.548696, 31.345654], [-103.548444, 31.345612], [-103.548193, 31.34557], [-103.547945, 31.345529], [-103.547694, 31.345487], [-103.547443, 31.345445], [-103.547192, 31.345403], [-103.54694, 31.345361], [-103.546689, 31.345319], [-103.546438, 31.345277], [-103.546187, 31.345236], [-103.546038, 31.345211], [-103.545787, 31.345168], [-103.545536, 31.345125], [-103.545378, 31.345094], [-103.545295, 31.345058], [-103.545124, 31.344971], [-103.54494, 31.344879], [-103.544907, 31.344858], [-103.544778, 31.34477], [-103.544588, 31.344637], [-103.544431, 31.344528], [-103.544264, 31.344413], [-103.544116, 31.34431], [-103.543964, 31.344206], [-103.543799, 31.344092], [-103.543599, 31.343954], [-103.5434, 31.343816], [-103.543203, 31.34368], [-103.543004, 31.343542], [-103.542804, 31.343405], [-103.542605, 31.343267], [-103.542405, 31.34313], [-103.542206, 31.342992], [-103.542007, 31.342854], [-103.54181, 31.342718], [-103.541611, 31.34258], [-103.541411, 31.342443], [-103.541215, 31.342306], [-103.541016, 31.342169], [-103.540816, 31.342031], [-103.540663, 31.341925]]]}},
{"type": "Feature", "properties": {"ProjectID": "P2675", "TPMS_ID": 3328119, "OPER_LINK": 0, "OPS_ID": 0, "P5_NUM": "253113", "OPER_NM": "EPIC CONSOLIDATED OPS, LLC", "SYS_NM": "EPIC PRODUCTS PIPELINE", "SUBSYS_NM": "ROBSTOWN TO MARKHAM", "T4PERMIT": "10072", "DIAMETER": 12.75, "COMMODITY1": "HVL", "COMMODITY2": null, "COMMODITY3": null, "CMDTY_DESC": "HIGHLY VOLATILE LIQUID", "INTERSTATE": "N", "STATUS_CD": "I", "QUALITY_CD": "G", "SYSTYPE": "Q", "COUNTY": "391", "COM_CARRIE": "Y", "PLINE_ID": "ROBSTOWN TO MARKHAM", "SYS_ID": "966173", "NPMS_SYS_I": 0, "ALBERS_MIL": 34.348743869, "LENGTH": 0.0}, "geometry": {"type": "LineString", "coordinates": [[-96.970551, 28.504979], [-96.971602, 28.50198], [-96.976422, 28.485435], [-96.976589, 28.485131], [-96.976613, 28.483909], [-96.976688, 28.480111], [-96.97831, 28.478649], [-96.977846, 28.478253], [-96.982387, 28.472988], [-96.985258, 28.469855], [-96.987454, 28.46765], [-96.990048, 28.465162], [-96.994802, 28.460592], [-96.99699, 28.458403], [-96.997469, 28.457888], [-96.997555, 28.457809], [-96.997748, 28.457601], [-96.999267, 28.456016], [-96.999855, 28.455338], [-97.00125, 28.45373], [-97.003562, 28.451049], [-97.010056, 28.443547], [-97.011791, 28.441522], [-97.011197, 28.441121], [-97.011424, 28.440856], [-97.019507, 28.43057], [-97.021594, 28.427743], [-97.025486, 28.422454], [-97.027406, 28.419858], [-97.03171, 28.415597], [-97.034255, 28.413084], [-97.036477, 28.410886], [-97.039025, 28.408365], [-97.043775, 28.403665], [-97.046091, 28.401374], [-97.048561, 28.398923], [-97.05072, 28.396788], [-97.053268, 28.394267], [-97.055481, 28.392078], [-97.058029, 28.389557], [-97.060258, 28.387362], [-97.062804, 28.384839], [-97.069779, 28.377929], [-97.072321, 28.375412], [-97.074531, 28.373224], [-97.077079, 28.370701], [-97.079309, 28.368492], [-97.081857, 28.365968], [-97.084144, 28.363702], [-97.086618, 28.361252], [-97.088766, 28.359125], [-97.09131, 28.356605], [-97.093647, 28.35429], [-97.095317, 28.352636], [-97.097844, 28.349288], [-97.098418, 28.349498], [-97.102484, 28.345347], [-97.107108, 28.340488], [-97.109479, 28.337962], [-97.111868, 28.335424], [-97.114249, 28.332887], [-97.116637, 28.330349], [-97.119021, 28.327818], [-97.121386, 28.325296], [-97.123773, 28.322758], [-97.126148, 28.320216], [-97.128483, 28.317732], [-97.130867, 28.315194], [-97.13325, 28.312659], [-97.135646, 28.310119], [-97.13803, 28.307581], [-97.140398, 28.30506], [-97.142762, 28.302544], [-97.145148, 28.300003], [-97.147486, 28.297514], [-97.149882, 28.294963], [-97.152251, 28.292439], [-97.154624, 28.289914], [-97.156998, 28.287386], [-97.159331, 28.284898], [-97.161712, 28.282363], [-97.164059, 28.279862], [-97.166452, 28.277314], [-97.168816, 28.274795], [-97.170217, 28.273303], [-97.170999, 28.271992], [-97.172786, 28.270098], [-97.173763, 28.269523], [-97.175947, 28.267196], [-97.178273, 28.26472], [-97.180456, 28.262392], [-97.182774, 28.259919], [-97.185197, 28.257338], [-97.187503, 28.254848], [-97.190554, 28.253928], [-97.197035, 28.251889], [-97.200269, 28.250872], [-97.203487, 28.249859], [-97.213271, 28.246778], [-97.217, 28.245629], [-97.220122, 28.244702], [-97.222225, 28.242833], [-97.226529, 28.239122], [-97.228932, 28.237091], [-97.231619, 28.234733], [-97.232185, 28.234244], [-97.242394, 28.221338], [-97.242457, 28.221243], [-97.24699, 28.215512], [-97.248349, 28.212246], [-97.250433, 28.202348], [-97.259574, 28.199346], [-97.261384, 28.199612], [-97.262174, 28.199112], [-97.262869, 28.197759], [-97.263822, 28.197155], [-97.263931, 28.197104], [-97.266649, 28.195383], [-97.268194, 28.193821], [-97.268981, 28.194161], [-97.27057, 28.193523], [-97.271423, 28.189598], [-97.27098, 28.18932], [-97.271262, 28.18743], [-97.272252, 28.186049], [-97.275028, 28.17964], [-97.277875, 28.173008], [-97.282959, 28.161187], [-97.286055, 28.153867], [-97.286403, 28.152144], [-97.2874, 28.152302], [-97.288143, 28.151454], [-97.288251, 28.150971], [-97.289667, 28.15013], [-97.296694, 28.145162], [-97.305058, 28.139278], [-97.305125, 28.138956], [-97.305817, 28.138535], [-97.306245, 28.138289], [-97.306664, 28.138369], [-97.312095, 28.134589], [-97.314131, 28.132747]]}},
{"type": "Feature", "properties": {"ProjectID": "P2675", "TPMS_ID": 3328115, "OPER_LINK": 0, "OPS_ID": 0, "P5_NUM": "253113", "OPER_NM": "EPIC CONSOLIDATED OPS, LLC", "SYS_NM": "EPIC PRODUCTS PIPELINE", "SUBSYS_NM": "ROBSTOWN TO MARKHAM", "T4PERMIT": "10072", "DIAMETER": 12.75, "COMMODITY1": "HVL", "COMMODITY2": null, "COMMODITY3": null, "CMDTY_DESC": "HIGHLY VOLATILE LIQUID", "INTERSTATE": "N", "STATUS_CD": "I", "QUALITY_CD": "G", "SYSTYPE": "Q", "COUNTY": "409", "COM_CARRIE": "Y", "PLINE_ID": "ROBSTOWN TO MARKHAM", "SYS_ID": "966173", "NPMS_SYS_I": 0, "ALBERS_MIL": 17.0541797589, "LENGTH": 0.0}, "geometry": {"type": "LineString", "coordinates": [[-97.314131, 28.132747], [-97.314428, 28.132478], [-97.314503, 28.132391], [-97.31524, 28.131723], [-97.319431, 28.121064], [-97.320707, 28.117781], [-97.327636, 28.100242], [-97.327691, 28.100144], [-97.335409, 28.080602], [-97.33923, 28.063087], [-97.339677, 28.060855], [-97.339321, 28.060435], [-97.340134, 28.059547], [-97.340122, 28.058654], [-97.340255, 28.05816], [-97.341645, 28.051378], [-97.341652, 28.051268], [-97.341657, 28.051243], [-97.341562, 28.044774], [-97.341458, 28.04422], [-97.341458, 28.044167], [-97.341469, 28.043727], [-97.341262, 28.020066], [-97.341768, 28.018738], [-97.341532, 28.001545], [-97.342617, 28.000583], [-97.342623, 27.989466], [-97.344354, 27.986808], [-97.344845, 27.986291], [-97.344998, 27.98567], [-97.348448, 27.981181], [-97.348394, 27.980967], [-97.349909, 27.978589], [-97.353911, 27.972305], [-97.35403, 27.972175], [-97.358062, 27.965843], [-97.358762, 27.965863], [-97.359482, 27.963612], [-97.361543, 27.960376], [-97.362651, 27.958793], [-97.36776, 27.951688], [-97.368014, 27.951552], [-97.375183, 27.950363], [-97.375117, 27.950049], [-97.366676, 27.945619], [-97.366462, 27.945668], [-97.362314, 27.943505], [-97.362263, 27.943339], [-97.358753, 27.941556], [-97.358689, 27.941347], [-97.358643, 27.941278], [-97.358575, 27.941218], [-97.35191, 27.937751], [-97.351232, 27.93762], [-97.344035, 27.933815], [-97.342705, 27.933436], [-97.329755, 27.926676], [-97.328898, 27.927971]]}},
{"type": "Feature", "properties": {"ProjectID": "P2675", "TPMS_ID": 3328121, "OPER_LINK": 0, "OPS_ID": 0, "P5_NUM": "253113", "OPER_NM": "EPIC CONSOLIDATED OPS, LLC", "SYS_NM": "EPIC PRODUCTS PIPELINE", "SUBSYS_NM": "LYONDELL LATERAL", "T4PERMIT": "10072", "DIAMETER": 10.75, "COMMODITY1": "HVL", "COMMODITY2": null, "COMMODITY3": null, "CMDTY_DESC": "HIGHLY VOLATILE LIQUID", "INTERSTATE": "N", "STATUS_CD": "I", "QUALITY_CD": "G", "SYSTYPE": "Q", "COUNTY": "409", "COM_CARRIE": "Y", "PLINE_ID": "LYONDELL LATERAL", "SYS_ID": "966635", "NPMS_SYS_I": 0, "ALBERS_MIL": 2.3046471391, "LENGTH": 0.0}, "geometry": {"type": "LineString", "coordinates": [[-97.36026, 27.908807], [-97.359936, 27.908798], [-97.359198, 27.940951], [-97.359107, 27.941167], [-97.359416, 27.941318], [-97.359153, 27.941757]]}},
{"type": "Feature", "properties": {"ProjectID": "P2675", "TPMS_ID": 4683090, "OPER_LINK": 0, "OPS_ID": 0, "P5_NUM": "253113", "OPER_NM": "EPIC CONSOLIDATED OPS, LLC", "SYS_NM": "EPIC NGL SYSTEM", "SUBSYS_NM": "215-ODEM TO TAFT", "T4PERMIT": "09817", "DIAMETER": 12.75, "COMMODITY1": "HVL", "COMMODITY2": null, "COMMODITY3": null, "CMDTY_DESC": "HIGHLY VOLATILE LIQUID", "INTERSTATE": "N", "STATUS_CD": "I", "QUALITY_CD": "G", "SYSTYPE": "Q", "COUNTY": "409", "COM_CARRIE": "Y", "PLINE_ID": "215", "SYS_ID": "970663", "NPMS_SYS_I": 0, "ALBERS_MIL": 16.4816915855, "LENGTH": 0.0}, "geometry": {"type": "LineString", "coordinates": [[-97.375426, 27.950322], [-97.375575, 27.950297], [-97.380567, 27.94324], [-97.38586, 27.935222], [-97.392345, 27.93526], [-97.395469, 27.935341], [-97.406445, 27.924086], [-97.408306, 27.922627], [-97.409154, 27.922642], [-97.412462, 27.918542], [-97.414471, 27.917447], [-97.417412, 27.917455], [-97.41746, 27.915368], [-97.42473, 27.911414], [-97.425189, 27.911065], [-97.426242, 27.911091], [-97.427036, 27.910731], [-97.440218, 27.910982], [-97.442708, 27.911245], [-97.444242, 27.91144], [-97.444834, 27.911103], [-97.447154, 27.911353], [-97.447366, 27.910859], [-97.451125, 27.911277], [-97.453305, 27.911371], [-97.459119, 27.91137], [-97.460664, 27.91137], [-97.465107, 27.911369], [-97.468878, 27.911369], [-97.472053, 27.911368], [-97.473978, 27.911364], [-97.476094, 27.911353], [-97.476937, 27.91113], [-97.488959, 27.911096], [-97.490037, 27.911251], [-97.500244, 27.911171], [-97.509192, 27.911098], [-97.518128, 27.910941], [-97.52312, 27.910858], [-97.529682, 27.910733], [-97.533581, 27.910665], [-97.536968, 27.910605], [-97.541623, 27.910533], [-97.545339, 27.910461], [-97.547559, 27.910429], [-97.549687, 27.90915], [-97.552414, 27.91042], [-97.555601, 27.910364], [-97.561505, 27.910273], [-97.57055, 27.910121], [-97.570832, 27.910202], [-97.576619, 27.910118], [-97.582997, 27.910936], [-97.586943, 27.911422], [-97.591407, 27.912031], [-97.593705, 27.912], [-97.598297, 27.911937], [-97.603519, 27.911882], [-97.607521, 27.911796], [-97.6107, 27.910231], [-97.613115, 27.90905], [-97.61421, 27.908442], [-97.618628, 27.906008], [-97.618659, 27.905679]]}},
{"type": "Feature", "properties": {"ProjectID": "P2675", "TPMS_ID": 3054348, "OPER_LINK": 0, "OPS_ID": 39785, "P5_NUM": "253113", "OPER_NM": "EPIC CONSOLIDATED OPS, LLC", "SYS_NM": "TIERRA - PETTUS TO ROBSTOWN 12", "SUBSYS_NM": "12\" PTR NORTH", "T4PERMIT": "08939", "DIAMETER": 12.75, "COMMODITY1": "HVL", "COMMODITY2": null, "COMMODITY3": null, "CMDTY_DESC": "HIGHLY VOLATILE LIQUID (HVL)", "INTERSTATE": "N", "STATUS_CD": "I", "QUALITY_CD": "U", "SYSTYPE": "Q", "COUNTY": "409", "COM_CARRIE": "Y", "PLINE_ID": "PTRN-004", "SYS_ID": "962812", "NPMS_SYS_I": 0, "ALBERS_MIL": 16.474959515, "LENGTH": 0.0}, "geometry": {"type": "LineString", "coordinates": [[-97.603281, 27.924134], [-97.603738, 27.92453], [-97.603759, 27.92451], [-97.605021, 27.925605], [-97.605159, 27.925718], [-97.606445, 27.926829], [-97.606423, 27.926849], [-97.607368, 27.927664], [-97.60853, 27.931028], [-97.60873, 27.931576], [-97.612864, 27.941211], [-97.614885, 27.946212], [-97.620464, 27.960135], [-97.62179, 27.963404], [-97.622326, 27.964693], [-97.62232, 27.965295], [-97.622499, 27.965861], [-97.625849, 27.975268], [-97.628349, 27.98238], [-97.630315, 27.987914], [-97.630628, 27.988295], [-97.630691, 27.988972], [-97.630877, 27.989497], [-97.631398, 27.991437], [-97.632258, 27.9932], [-97.632344, 27.99343], [-97.633248, 27.996138], [-97.634505, 27.999821], [-97.635975, 28.004018], [-97.636321, 28.005063], [-97.638392, 28.011606], [-97.639824, 28.016076], [-97.641476, 28.021189], [-97.643207, 28.021446], [-97.642595, 28.024648], [-97.645633, 28.033964], [-97.647248, 28.038532], [-97.648795, 28.043313], [-97.648958, 28.043864], [-97.649238, 28.044967], [-97.649398, 28.045518], [-97.649498, 28.046069], [-97.649661, 28.046619], [-97.651468, 28.053785], [-97.651714, 28.054888], [-97.652248, 28.057092], [-97.653137, 28.060141], [-97.655097, 28.066649], [-97.655413, 28.067571], [-97.655528, 28.068082], [-97.656022, 28.069734], [-97.656164, 28.070286], [-97.65635, 28.070837], [-97.65668, 28.07194], [-97.65678, 28.072389], [-97.656855, 28.072521], [-97.657687, 28.075276], [-97.660822, 28.085603], [-97.661118, 28.086555], [-97.661309, 28.08718], [-97.661799, 28.088834], [-97.665719, 28.101735], [-97.667124, 28.106328], [-97.667691, 28.108237], [-97.668063, 28.109469], [-97.669047, 28.112744], [-97.670411, 28.11722], [-97.670614, 28.117481], [-97.670757, 28.117917], [-97.67159, 28.120718], [-97.671732, 28.121157], [-97.67359, 28.127274], [-97.673887, 28.12825], [-97.674131, 28.12882], [-97.674546, 28.129456], [-97.674704, 28.129807], [-97.675059, 28.130923], [-97.675254, 28.131978], [-97.675284, 28.132164], [-97.675234, 28.132933], [-97.67533, 28.133604], [-97.675401, 28.133859], [-97.67559, 28.134442], [-97.675776, 28.135113], [-97.676039, 28.135979], [-97.676447, 28.13726], [-97.676794, 28.138364], [-97.677005, 28.13906], [-97.67716, 28.139533], [-97.677221, 28.139735], [-97.678665, 28.144303], [-97.680113, 28.148948], [-97.680756, 28.151009], [-97.680786, 28.151105]]}},
{"type": "Feature", "properties": {"ProjectID": "P2675", "TPMS_ID": 3054349, "OPER_LINK": 0, "OPS_ID": 39785, "P5_NUM": "253113", "OPER_NM": "EPIC CONSOLIDATED OPS, LLC", "SYS_NM": "TIERRA - PETTUS TO ROBSTOWN 12", "SUBSYS_NM": "12\" PTR SOUTH", "T4PERMIT": "08939", "DIAMETER": 12.75, "COMMODITY1": "HVL", "COMMODITY2": null, "COMMODITY3": null, "CMDTY_DESC": "HIGHLY VOLATILE LIQUID (HVL)", "INTERSTATE": "N", "STATUS_CD": "I", "QUALITY_CD": "U", "SYSTYPE": "Q", "COUNTY": "409", "COM_CARRIE": "Y", "PLINE_ID": "PTRS-005", "SYS_ID": "962812", "NPMS_SYS_I": 0, "ALBERS_MIL": 2.6877319344, "LENGTH": 0.0}, "geometry": {"type": "LineString", "coordinates": [[-97.603212, 27.923906], [-97.603562, 27.922805], [-97.603557, 27.922415], [-97.603546, 27.920736], [-97.607638, 27.917398], [-97.607352, 27.916533], [-97.608548, 27.916032], [-97.609314, 27.915702], [-97.613494, 27.91381], [-97.613635, 27.913732], [-97.614632, 27.913267], [-97.617468, 27.911997], [-97.618161, 27.911421], [-97.618493, 27.911108], [-97.618796, 27.90958], [-97.619909, 27.897495], [-97.620343, 27.892525]]}},
{"type": "Feature", "properties": {"ProjectID": "P2675", "TPMS_ID": 4683077, "OPER_LINK": 0, "OPS_ID": 0, "P5_NUM": "253113", "OPER_NM": "EPIC CONSOLIDATED OPS, LLC", "SYS_NM": "EPIC NGL SYSTEM", "SUBSYS_NM": "203-BENEDUM TO ROBSTOWN SP2", "T4PERMIT": "09817", "DIAMETER": 24.0, "COMMODITY1": "HVL", "COMMODITY2": null, "COMMODITY3": null, "CMDTY_DESC": "HIGHLY VOLATILE LIQUID", "INTERSTATE": "N", "STATUS_CD": "I", "QUALITY_CD": "G", "SYSTYPE": "Q", "COUNTY": "413", "COM_CARRIE": "Y", "PLINE_ID": "203", "SYS_ID": "965292", "NPMS_SYS_I": 0, "ALBERS_MIL": 0.58180096, "LENGTH": 0.0}, "geometry": {"type": "LineString", "coordinates": [[-100.952287, 30.706042], [-100.952365, 30.706105], [-100.952413, 30.706143], [-100.952555, 30.706246], [-100.953203, 30.706713], [-100.953481, 30.706912], [-100.953495, 30.706919], [-100.953509, 30.706922], [-100.953995, 30.706995], [-100.954334, 30.707039], [-100.954355, 30.707038], [-100.954369, 30.707031], [-100.95498, 30.706665], [-100.954991, 30.706664], [-100.954999, 30.706664], [-100.955517, 30.706877], [-100.955801, 30.706997], [-100.955879, 30.70703], [-100.955945, 30.707058], [-100.956033, 30.707095], [-100.956096, 30.707132], [-100.956122, 30.707147], [-100.95685, 30.707581], [-100.957167, 30.707767], [-100.957409, 30.707905], [-100.95979, 30.709214], [-100.959855, 30.709249], [-100.959989, 30.709307], [-100.960151, 30.709375], [-100.960381, 30.709472], [-100.960601, 30.709569]]}},
{"type": "Feature", "properties": {"ProjectID": "P2675", "TPMS_ID": 4683077, "OPER_LINK": 0, "OPS_ID": 0, "P5_NUM": "253113", "OPER_NM": "EPIC CONSOLIDATED OPS, LLC", "SYS_NM": "EPIC NGL SYSTEM", "SUBSYS_NM": "203-BENEDUM TO ROBSTOWN SP2", "T4PERMIT": "09817", "DIAMETER": 24.0, "COMMODITY1": "HVL", "COMMODITY2": null, "COMMODITY3": null, "CMDTY_DESC": "HIGHLY VOLATILE LIQUID", "INTERSTATE": "N", "STATUS_CD": "I", "QUALITY_CD": "G", "SYSTYPE": "Q", "COUNTY": "413", "COM_CARRIE": "Y", "PLINE_ID": "203", "SYS_ID": "965292", "NPMS_SYS_I": 0, "ALBERS_MIL": 0.58180096, "LENGTH": 0.0}, "geometry": {"type": "LineString", "coordinates": [[-100.952287, 30.706041], [-100.952287, 30.706042]]}},
{"type": "Feature", "properties": {"ProjectID": "P2675", "TPMS_ID": 4683078, "OPER_LINK": 0, "OPS_ID": 0, "P5_NUM": "253113", "OPER_NM": "EPIC CONSOLIDATED OPS, LLC", "SYS_NM": "EPIC NGL SYSTEM", "SUBSYS_NM": "203-BENEDUM TO ROBSTOWN SP3", "T4PERMIT": "09817", "DIAMETER": 24.0, "COMMODITY1": "HVL", "COMMODITY2": null, "COMMODITY3": null, "CMDTY_DESC": "HIGHLY VOLATILE LIQUID", "INTERSTATE": "N", "STATUS_CD": "I", "QUALITY_CD": "G", "SYSTYPE": "Q", "COUNTY": "435", "COM_CARRIE": "Y", "PLINE_ID": "203", "SYS_ID": "965292", "NPMS_SYS_I": 0, "ALBERS_MIL": 15.3589928594, "LENGTH": 0.0}, "geometry": {"type": "LineString", "coordinates": [[-100.585944, 30.498571], [-100.585959, 30.49866], [-100.585959, 30.498667], [-100.585954, 30.498674], [-100.58565, 30.498936], [-100.585644, 30.498947], [-100.58565, 30.49896], [-100.585777, 30.499073], [-100.585877, 30.499162], [-100.586012, 30.499287], [-100.58613, 30.499396], [-100.586159, 30.499409], [-100.586183, 30.499398], [-100.586288, 30.499313], [-100.586364, 30.499186], [-100.586441, 30.499059], [-100.588323, 30.496733], [-100.588352, 30.496697], [-100.588549, 30.496452], [-100.588613, 30.496373], [-100.588896, 30.496024], [-100.589238, 30.495602], [-100.589256, 30.495579], [-100.589353, 30.49546], [-100.589409, 30.49539], [-100.58943, 30.495364], [-100.58957, 30.495192], [-100.589692, 30.49504], [-100.589817, 30.494885], [-100.589885, 30.494801], [-100.589941, 30.494732], [-100.590643, 30.493869], [-100.590888, 30.493566], [-100.591153, 30.493235], [-100.591214, 30.493159], [-100.591361, 30.492979], [-100.591542, 30.492755], [-100.591679, 30.492583], [-100.59174, 30.492508], [-100.591868, 30.49235], [-100.591981, 30.492212], [-100.592058, 30.492116], [-100.5921, 30.492064], [-100.592163, 30.491985], [-100.592184, 30.491959], [-100.592254, 30.491871], [-100.592402, 30.491688], [-100.592446, 30.491633], [-100.592548, 30.491508], [-100.592738, 30.491273], [-100.592867, 30.491114], [-100.592885, 30.491094], [-100.592906, 30.491067], [-100.593424, 30.490429], [-100.5935, 30.490334], [-100.593659, 30.490137], [-100.593788, 30.489978], [-100.593846, 30.489906], [-100.593957, 30.489769], [-100.593989, 30.489728], [-100.594065, 30.489633], [-100.594259, 30.489395], [-100.594344, 30.48929], [-100.594415, 30.489202], [-100.594431, 30.489182], [-100.594523, 30.489066], [-100.595005, 30.488469], [-100.59512, 30.488324], [-100.595143, 30.488296], [-100.595157, 30.488278], [-100.595306, 30.488097], [-100.595416, 30.487963], [-100.595472, 30.487896], [-100.595545, 30.487806], [-100.595653, 30.48767], [-100.595656, 30.487663], [-100.595654, 30.487655], [-100.595059, 30.486407], [-100.594968, 30.486217], [-100.594796, 30.485856], [-100.594742, 30.485746], [-100.59435, 30.484931], [-100.594335, 30.4849], [-100.594202, 30.484618], [-100.59411, 30.484426], [-100.594056, 30.484311], [-100.593668, 30.483505], [-100.59354, 30.483242], [-100.593528, 30.483218], [-100.593462, 30.483081], [-100.593428, 30.483007], [-100.593344, 30.48283], [-100.593264, 30.48266], [-100.593224, 30.482579], [-100.593185, 30.482495], [-100.593168, 30.48246], [-100.593132, 30.482386], [-100.593085, 30.482288], [-100.593037, 30.48219], [-100.592977, 30.482064], [-100.592842, 30.481782], [-100.592552, 30.481173], [-100.592362, 30.480775], [-100.592265, 30.48057], [-100.592124, 30.480272], [-100.592071, 30.480161], [-100.592008, 30.48003], [-100.591737, 30.479472], [-100.590378, 30.476638], [-100.590315, 30.476507], [-100.589343, 30.474477], [-100.589006, 30.47377], [-100.588939, 30.473633], [-100.588873, 30.473494], [-100.588838, 30.473417], [-100.587625, 30.470885], [-100.58757, 30.470773], [-100.587505, 30.470637], [-100.587394, 30.470402], [-100.587381, 30.470374], [-100.587369, 30.47035], [-100.587356, 30.470323], [-100.586138, 30.467781], [-100.586062, 30.467623], [-100.585456, 30.466353], [-100.585424, 30.466278], [-100.585204, 30.465835], [-100.585152, 30.465706], [-100.584963, 30.465326], [-100.583604, 30.462492], [-100.583468, 30.462201], [-100.583367, 30.461988], [-100.582459, 30.460093], [-100.582362, 30.45989], [-100.581755, 30.458629], [-100.581662, 30.45843], [-100.581556, 30.458207], [-100.580437, 30.455874], [-100.580448, 30.455801], [-100.580452, 30.455778], [-100.580456, 30.455751], [-100.580514, 30.455367], [-100.580684, 30.45426], [-100.5807, 30.454141], [-100.580718, 30.454031], [-100.580722, 30.454003], [-100.580787, 30.453574], [-100.580782, 30.45345], [-100.580747, 30.453317], [-100.580686, 30.453106], [-100.580612, 30.45286], [-100.580545, 30.452731], [-100.580205, 30.452325], [-100.580014, 30.452099], [-100.579865, 30.451922], [-100.579846, 30.4519], [-100.57969, 30.451712], [-100.579473, 30.451457], [-100.579387, 30.451355], [-100.579152, 30.451076], [-100.579048, 30.450955], [-100.578887, 30.450765], [-100.578642, 30.45048], [-100.578545, 30.450363], [-100.578104, 30.449513], [-100.578, 30.44931], [-100.577906, 30.44913], [-100.577724, 30.448779], [-100.577685, 30.448705], [-100.577571, 30.448488], [-100.577483, 30.448316], [-100.577451, 30.448223], [-100.577382, 30.447865], [-100.577309, 30.447476], [-100.577304, 30.447444], [-100.577198, 30.446877], [-100.577171, 30.446729], [-100.577118, 30.446448], [-100.577103, 30.446363], [-100.57707, 30.446183], [-100.577052, 30.446088], [-100.577032, 30.445975], [-100.576983, 30.445834], [-100.576904, 30.445605], [-100.576849, 30.44544], [-100.576817, 30.445347], [-100.576779, 30.445238], [-100.57664, 30.444832], [-100.576615, 30.444757], [-100.576562, 30.444601], [-100.576513, 30.444455], [-100.576463, 30.444309], [-100.576324, 30.443897], [-100.576208, 30.443556], [-100.57614, 30.443356], [-100.576094, 30.443218], [-100.576072, 30.443157], [-100.576033, 30.443045], [-100.576025, 30.443022], [-100.575945, 30.442791], [-100.575894, 30.442642], [-100.57586, 30.442539], [-100.575821, 30.442423], [-100.575812, 30.442399], [-100.57577, 30.442276], [-100.575716, 30.442116], [-100.5756, 30.441781], [-100.575529, 30.441568], [-100.575486, 30.441441], [-100.575384, 30.44114], [-100.57537, 30.441097], [-100.57535, 30.441037], [-100.575248, 30.440744], [-100.575221, 30.44066], [-100.575172, 30.440521], [-100.575111, 30.440342], [-100.575033, 30.440111], [-100.575023, 30.44008], [-100.57497, 30.439924], [-100.574963, 30.4399], [-100.574955, 30.439877], [-100.574923, 30.43978], [-100.574886, 30.439677], [-100.574518, 30.438592], [-100.574487, 30.438499], [-100.574361, 30.438133], [-100.574318, 30.438008], [-100.574247, 30.437798], [-100.574172, 30.437581], [-100.574164, 30.437555], [-100.573945, 30.436912], [-100.57414, 30.436146], [-100.574224, 30.435814], [-100.574232, 30.435788], [-100.574277, 30.435603], [-100.574283, 30.435577], [-100.5743, 30.435503], [-100.575013, 30.43268], [-100.575661, 30.430108], [-100.575703, 30.429943], [-100.576006, 30.428736], [-100.576043, 30.428601], [-100.576083, 30.42844], [-100.576089, 30.428413], [-100.576902, 30.425188], [-100.576971, 30.42491], [-100.577064, 30.424352], [-100.577068, 30.424326], [-100.577099, 30.424127], [-100.577138, 30.423891], [-100.577143, 30.423864], [-100.577147, 30.423836], [-100.577164, 30.423729], [-100.577168, 30.423701], [-100.577173, 30.423675], [-100.577222, 30.423359], [-100.577227, 30.423332], [-100.577528, 30.421454], [-100.577572, 30.421202], [-100.577576, 30.421178], [-100.57758, 30.421153], [-100.577585, 30.42112], [-100.578069, 30.418136], [-100.578084, 30.418039], [-100.578315, 30.416607], [-100.578337, 30.416101], [-100.578338, 30.416082], [-100.578338, 30.416063], [-100.578343, 30.415938], [-100.578355, 30.415667], [-100.578374, 30.415181], [-100.578384, 30.41493], [-100.578392, 30.414738], [-100.578396, 30.414645], [-100.578402, 30.414489], [-100.578402, 30.414461], [-100.57841, 30.414245], [-100.57842, 30.413998], [-100.578422, 30.41397], [-100.578429, 30.413799], [-100.578433, 30.413713], [-100.578455, 30.41319], [-100.578465, 30.412978], [-100.578476, 30.412758], [-100.578477, 30.412731], [-100.578479, 30.412704], [-100.578479, 30.412677], [-100.57848, 30.412649], [-100.578485, 30.41256], [-100.578494, 30.412335], [-100.578546, 30.411013], [-100.578578, 30.410293], [-100.578602, 30.409678], [-100.57861, 30.409411], [-100.578621, 30.409135], [-100.578632, 30.408821], [-100.578683, 30.407657], [-100.578705, 30.407046], [-100.578717, 30.406755], [-100.578724, 30.406617], [-100.578738, 30.406278], [-100.578748, 30.406036], [-100.578764, 30.405642], [-100.578766, 30.405554], [-100.578774, 30.405366], [-100.578778, 30.40526], [-100.578784, 30.405135], [-100.578796, 30.404856], [-100.578809, 30.404535], [-100.578822, 30.404202], [-100.578839, 30.403827], [-100.57884, 30.403794], [-100.578903, 30.402297], [-100.578904, 30.402268], [-100.578911, 30.402109], [-100.57893, 30.401698], [-100.578934, 30.401608], [-100.578935, 30.401583], [-100.578938, 30.401491], [-100.578939, 30.401463], [-100.578948, 30.401271], [-100.578948, 30.40121], [-100.579064, 30.398425], [-100.579086, 30.397879], [-100.57909, 30.397773], [-100.579096, 30.397642], [-100.579105, 30.397422], [-100.579111, 30.397259], [-100.579159, 30.396097], [-100.579167, 30.395898], [-100.579197, 30.395175], [-100.579203, 30.395048], [-100.579223, 30.39457], [-100.579231, 30.394407], [-100.579232, 30.39438], [-100.579233, 30.394351], [-100.57924, 30.394212], [-100.579246, 30.394039], [-100.579256, 30.393821], [-100.579258, 30.393759], [-100.579287, 30.393035], [-100.579344, 30.391663], [-100.579321, 30.391507], [-100.578619, 30.389354], [-100.578589, 30.389267], [-100.578354, 30.388542], [-100.578156, 30.387938], [-100.578018, 30.387515], [-100.577897, 30.387141], [-100.577815, 30.386853], [-100.577803, 30.386799], [-100.5778, 30.386725], [-100.577828, 30.386503], [-100.577874, 30.386218], [-100.577903, 30.386054], [-100.577943, 30.385952], [-100.578036, 30.385809], [-100.579083, 30.384271], [-100.579598, 30.383517], [-100.580015, 30.382907], [-100.580005, 30.382384], [-100.580004, 30.382226], [-100.579999, 30.382061], [-100.579998, 30.381809], [-100.580016, 30.381714], [-100.580011, 30.381232], [-100.580009, 30.381097], [-100.579987, 30.379702], [-100.579981, 30.379617], [-100.579941, 30.379485], [-100.579811, 30.379098], [-100.579791, 30.379035], [-100.579743, 30.378879], [-100.579738, 30.378721], [-100.57978, 30.37856], [-100.579923, 30.378077], [-100.579957, 30.377947], [-100.579958, 30.377861], [-100.579881, 30.373108], [-100.579878, 30.372895], [-100.579869, 30.372288], [-100.579863, 30.371958], [-100.579839, 30.370395], [-100.579838, 30.370291], [-100.579831, 30.369633], [-100.579836, 30.368102], [-100.579836, 30.367944], [-100.579836, 30.367732], [-100.579837, 30.367666], [-100.57984, 30.365968], [-100.579841, 30.365745], [-100.579841, 30.365136], [-100.579845, 30.361893], [-100.579847, 30.360669], [-100.579847, 30.360403], [-100.579847, 30.360333], [-100.579853, 30.359957], [-100.579923, 30.359479], [-100.579937, 30.359389], [-100.579943, 30.359346], [-100.579975, 30.359152], [-100.580001, 30.358976], [-100.58005, 30.358648], [-100.580055, 30.358614], [-100.580212, 30.357592], [-100.58027, 30.357225], [-100.580303, 30.356996], [-100.580322, 30.356868], [-100.580331, 30.35682], [-100.58035, 30.356699], [-100.58039, 30.356422], [-100.580414, 30.35626], [-100.580595, 30.355055], [-100.580775, 30.353881], [-100.581213, 30.352815], [-100.581255, 30.352709], [-100.581405, 30.352347], [-100.581439, 30.352257], [-100.581497, 30.351832], [-100.581543, 30.351571], [-100.581569, 30.351497], [-100.581705, 30.351092], [-100.5821, 30.350543], [-100.58221, 30.35039], [-100.582548, 30.349568], [-100.582706, 30.349192], [-100.582816, 30.348919], [-100.582832, 30.34888], [-100.582875, 30.348777], [-100.583198, 30.347983], [-100.58202, 30.343238], [-100.58138, 30.341425], [-100.581284, 30.341157], [-100.581235, 30.341015], [-100.581224, 30.340989], [-100.579757, 30.336855], [-100.579686, 30.336654], [-100.579618, 30.336459], [-100.579608, 30.336432], [-100.579557, 30.336288], [-100.579534, 30.336226], [-100.579476, 30.336063], [-100.579063, 30.334898], [-100.57897, 30.33464], [-100.578667, 30.333783], [-100.578435, 30.333121], [-100.578385, 30.33298], [-100.578254, 30.332622], [-100.578204, 30.33248], [-100.578121, 30.33225], [-100.57809, 30.332158], [-100.57808, 30.332008], [-100.578101, 30.331877], [-100.578831, 30.328103], [-100.578884, 30.327556], [-100.578956, 30.326702], [-100.57901, 30.326128], [-100.579029, 30.325901], [-100.579031, 30.325874], [-100.579034, 30.325847], [-100.579043, 30.32575], [-100.579058, 30.325573], [-100.579224, 30.323699], [-100.579233, 30.323608], [-100.57925, 30.323405], [-100.579252, 30.323377], [-100.579331, 30.322477], [-100.579508, 30.320462], [-100.579613, 30.318975], [-100.579615, 30.318916], [-100.579587, 30.318649], [-100.579567, 30.31848], [-100.579558, 30.318403], [-100.579507, 30.317925], [-100.579437, 30.31728], [-100.57944, 30.317269], [-100.579454, 30.317262], [-100.579491, 30.317258], [-100.579718, 30.317247], [-100.579853, 30.317238], [-100.579918, 30.317233], [-100.579932, 30.317227], [-100.579935, 30.317215], [-100.579932, 30.31718], [-100.579915, 30.317015], [-100.579668, 30.314747], [-100.579655, 30.314638], [-100.579645, 30.314508], [-100.579619, 30.314183], [-100.579612, 30.314086], [-100.579603, 30.313978], [-100.579595, 30.313865], [-100.57959, 30.313794], [-100.579586, 30.31373], [-100.579583, 30.313705], [-100.579561, 30.313398], [-100.579528, 30.312942], [-100.579506, 30.312664], [-100.579475, 30.31225], [-100.579467, 30.312146], [-100.579437, 30.311729], [-100.579423, 30.311573], [-100.579365, 30.31079], [-100.579351, 30.310594], [-100.579334, 30.310399], [-100.579315, 30.310152], [-100.579269, 30.309543], [-100.579265, 30.309457], [-100.579298, 30.309291], [-100.579393, 30.309103], [-100.579405, 30.309078], [-100.579418, 30.309054], [-100.579488, 30.308919], [-100.579694, 30.308531], [-100.579765, 30.308396], [-100.580777, 30.306473], [-100.580827, 30.306374], [-100.580866, 30.306302], [-100.580943, 30.306153], [-100.580933, 30.306061], [-100.580927, 30.305981], [-100.580849, 30.305243], [-100.580853, 30.304946], [-100.580857, 30.30477], [-100.580858, 30.30461], [-100.58089, 30.303123], [-100.58078, 30.302843], [-100.580699, 30.302636], [-100.580616, 30.302423], [-100.580374, 30.301802], [-100.580286, 30.301578], [-100.57996, 30.300744], [-100.579883, 30.300545], [-100.579779, 30.300281], [-100.579633, 30.299956], [-100.579603, 30.299891], [-100.579503, 30.299671], [-100.578625, 30.297725], [-100.578428, 30.297289], [-100.578346, 30.297108], [-100.578334, 30.297082], [-100.578308, 30.297027], [-100.57758, 30.295402], [-100.577482, 30.295181], [-100.577421, 30.295042], [-100.576741, 30.293529], [-100.576626, 30.293272], [-100.576531, 30.293064], [-100.57644, 30.29286], [-100.576204, 30.292333], [-100.576141, 30.292193], [-100.574305, 30.288111]]}},
{"type": "Feature", "properties": {"ProjectID": "P2675", "TPMS_ID": 4683071, "OPER_LINK": 0, "OPS_ID": 0, "P5_NUM": "253113", "OPER_NM": "EPIC CONSOLIDATED OPS, LLC", "SYS_NM": "EPIC NGL SYSTEM", "SUBSYS_NM": "203-BENEDUM TO ROBSTOWN SP2", "T4PERMIT": "09817", "DIAMETER": 24.0, "COMMODITY1": "HVL", "COMMODITY2": null, "COMMODITY3": null, "CMDTY_DESC": "HIGHLY VOLATILE LIQUID", "INTERSTATE": "N", "STATUS_CD": "I", "QUALITY_CD": "G", "SYSTYPE": "Q", "COUNTY": "435", "COM_CARRIE": "Y", "PLINE_ID": "203", "SYS_ID": "965292", "NPMS_SYS_I": 0, "ALBERS_MIL": 26.7983487134, "LENGTH": 0.0}, "geometry": {"type": "LineString", "coordinates": [[-100.585846, 30.498591], [-100.585864, 30.498681], [-100.585864, 30.498689], [-100.585861, 30.498697], [-100.585541, 30.498963], [-100.585535, 30.498972], [-100.585548, 30.498993], [-100.585727, 30.499152], [-100.586084, 30.499476], [-100.587067, 30.500378], [-100.587081, 30.500389], [-100.5871, 30.500392], [-100.58855, 30.500415], [-100.588779, 30.50042], [-100.589331, 30.500429], [-100.589356, 30.500436], [-100.589369, 30.500464], [-100.589356, 30.500906], [-100.589344, 30.501425], [-100.589326, 30.502331], [-100.589321, 30.502577], [-100.589313, 30.503288], [-100.589312, 30.503659], [-100.589311, 30.5038], [-100.589321, 30.503882], [-100.589379, 30.504313], [-100.589385, 30.504331], [-100.589405, 30.504342], [-100.590106, 30.504581], [-100.590121, 30.504587], [-100.590132, 30.504602], [-100.590364, 30.505076], [-100.590478, 30.505317], [-100.590487, 30.505329], [-100.590504, 30.50534], [-100.591754, 30.505787], [-100.591835, 30.505816], [-100.59199, 30.505869], [-100.593159, 30.506276], [-100.593836, 30.506511], [-100.59443, 30.506713], [-100.595096, 30.506934], [-100.596481, 30.507398], [-100.596964, 30.507559], [-100.599969, 30.508566], [-100.600324, 30.508682], [-100.60055, 30.508758], [-100.606266, 30.51063], [-100.608062, 30.511218], [-100.608092, 30.511227], [-100.608255, 30.511288], [-100.610508, 30.512098], [-100.610571, 30.512121], [-100.610709, 30.512166], [-100.611732, 30.512493], [-100.612479, 30.512728], [-100.612666, 30.512786], [-100.61272, 30.512798], [-100.612771, 30.51281], [-100.612817, 30.512815], [-100.612868, 30.512822], [-100.61291, 30.512831], [-100.612978, 30.51285], [-100.613935, 30.513155], [-100.614072, 30.5132], [-100.614164, 30.513251], [-100.614209, 30.513275], [-100.614354, 30.513326], [-100.615383, 30.513652], [-100.615671, 30.513744], [-100.61579, 30.513809], [-100.618318, 30.515296], [-100.618446, 30.515371], [-100.618527, 30.515444], [-100.619232, 30.51608], [-100.619389, 30.51622], [-100.619506, 30.516322], [-100.619578, 30.516367], [-100.620116, 30.516712], [-100.620268, 30.516805], [-100.620838, 30.517148], [-100.621868, 30.517775], [-100.621917, 30.517802], [-100.621976, 30.517824], [-100.622742, 30.518094], [-100.623403, 30.518325], [-100.623484, 30.518355], [-100.623623, 30.518436], [-100.624047, 30.518687], [-100.627098, 30.520486], [-100.627112, 30.520497], [-100.627119, 30.520509], [-100.62725, 30.520806], [-100.627259, 30.520821], [-100.627275, 30.520829], [-100.628358, 30.521252], [-100.628526, 30.52133], [-100.628579, 30.521361], [-100.631381, 30.523016], [-100.631757, 30.523237], [-100.634011, 30.524567], [-100.63626, 30.525897], [-100.636288, 30.525912], [-100.63636, 30.525955], [-100.636384, 30.52597], [-100.636595, 30.526092], [-100.636608, 30.526101], [-100.636614, 30.526112], [-100.636821, 30.526484], [-100.63715, 30.527081], [-100.637159, 30.527094], [-100.637169, 30.527101], [-100.640063, 30.528813], [-100.640076, 30.528819], [-100.640091, 30.528821], [-100.641067, 30.528887], [-100.641349, 30.528908], [-100.641362, 30.52891], [-100.641376, 30.528917], [-100.641569, 30.529033], [-100.64205, 30.529318], [-100.642454, 30.529563], [-100.642994, 30.529884], [-100.644395, 30.530714], [-100.645786, 30.531534], [-100.647144, 30.532322], [-100.648432, 30.533083], [-100.648698, 30.53324], [-100.650233, 30.534149], [-100.653659, 30.536172], [-100.653737, 30.536217], [-100.655019, 30.536977], [-100.655844, 30.53746], [-100.656025, 30.537567], [-100.656055, 30.537585], [-100.65607, 30.537595], [-100.656233, 30.537711], [-100.656438, 30.537855], [-100.65655, 30.537933], [-100.656827, 30.538124], [-100.656894, 30.53817], [-100.657022, 30.538265], [-100.658022, 30.539012], [-100.659531, 30.540144], [-100.659679, 30.540253], [-100.65973, 30.540281], [-100.660172, 30.540506], [-100.660616, 30.540727], [-100.660631, 30.540732], [-100.660837, 30.540841], [-100.661439, 30.541152], [-100.662563, 30.541735], [-100.662716, 30.541813], [-100.662781, 30.541851], [-100.662854, 30.541893], [-100.663164, 30.542077], [-100.663533, 30.542296], [-100.663602, 30.542334], [-100.663629, 30.54235], [-100.663805, 30.542467], [-100.665006, 30.543248], [-100.665126, 30.543324], [-100.665209, 30.543381], [-100.665615, 30.543653], [-100.666182, 30.544039], [-100.66721, 30.544748], [-100.667254, 30.544776], [-100.667312, 30.544806], [-100.668249, 30.545301], [-100.668588, 30.54548], [-100.668751, 30.545567], [-100.669459, 30.545928], [-100.669594, 30.545999], [-100.670113, 30.54627], [-100.670322, 30.54638], [-100.67118, 30.546829], [-100.673663, 30.548131], [-100.6737, 30.548152], [-100.673808, 30.548218], [-100.674147, 30.54843], [-100.674681, 30.548773], [-100.674715, 30.548796], [-100.674787, 30.548841], [-100.674814, 30.548859], [-100.676279, 30.54981], [-100.680438, 30.552509], [-100.680841, 30.55277], [-100.682316, 30.553722], [-100.684046, 30.554828], [-100.689262, 30.558215], [-100.689478, 30.558356], [-100.689593, 30.558436], [-100.689641, 30.558475], [-100.6899, 30.558694], [-100.692293, 30.56074], [-100.692302, 30.560746], [-100.692313, 30.560752], [-100.693136, 30.561076], [-100.693744, 30.56132], [-100.694434, 30.561597], [-100.694532, 30.561638], [-100.694596, 30.561675], [-100.695407, 30.562202], [-100.69552, 30.562275], [-100.695546, 30.562292], [-100.695619, 30.56234], [-100.696504, 30.562911], [-100.697165, 30.56334], [-100.69737, 30.563474], [-100.699384, 30.564775], [-100.700153, 30.565271], [-100.700246, 30.565331], [-100.700645, 30.565589], [-100.700928, 30.565769], [-100.701765, 30.566318], [-100.702456, 30.566766], [-100.702739, 30.566946], [-100.702948, 30.567073], [-100.70303, 30.567124], [-100.703156, 30.567206], [-100.703544, 30.567459], [-100.704285, 30.56794], [-100.705935, 30.56901], [-100.706729, 30.569528], [-100.706793, 30.569571], [-100.706856, 30.569626], [-100.706919, 30.569682], [-100.707053, 30.569797], [-100.707187, 30.569913], [-100.707225, 30.569949], [-100.707404, 30.570109], [-100.707945, 30.570592], [-100.707954, 30.570599], [-100.707964, 30.570605], [-100.708276, 30.570729], [-100.709052, 30.57105], [-100.709209, 30.571118], [-100.709275, 30.571159], [-100.709839, 30.571524], [-100.709863, 30.57154], [-100.710468, 30.571931], [-100.7105, 30.571952], [-100.711272, 30.572453], [-100.713583, 30.57395], [-100.714512, 30.574553], [-100.71496, 30.574843], [-100.715785, 30.575377], [-100.715816, 30.575397], [-100.717737, 30.576641], [-100.717779, 30.576668], [-100.718925, 30.577409], [-100.718934, 30.577416], [-100.718941, 30.577424], [-100.719192, 30.577752], [-100.719377, 30.577991], [-100.719973, 30.578767], [-100.720245, 30.57912], [-100.720629, 30.579619], [-100.72064, 30.57963], [-100.720652, 30.579636], [-100.721155, 30.579856], [-100.72138, 30.579954], [-100.721431, 30.579975], [-100.72162, 30.580026], [-100.723767, 30.580592], [-100.723897, 30.580629], [-100.723977, 30.580655], [-100.724121, 30.580734], [-100.725189, 30.581319], [-100.725338, 30.581408], [-100.725376, 30.58144], [-100.725814, 30.581851], [-100.725869, 30.581896], [-100.726021, 30.581979], [-100.72666, 30.582321], [-100.726796, 30.582388], [-100.726891, 30.582412], [-100.727491, 30.582539], [-100.727565, 30.582558], [-100.727718, 30.582637], [-100.728148, 30.582871], [-100.731616, 30.584728], [-100.733368, 30.585673], [-100.73459, 30.586331], [-100.735213, 30.586663], [-100.735263, 30.586689], [-100.735431, 30.586782], [-100.735824, 30.586998], [-100.735856, 30.587015], [-100.736044, 30.587113], [-100.736577, 30.58739], [-100.737224, 30.587734], [-100.738353, 30.588342], [-100.738841, 30.5886], [-100.739055, 30.588717], [-100.739696, 30.589062], [-100.739903, 30.589174], [-100.740059, 30.589258], [-100.740121, 30.58929], [-100.740891, 30.589703], [-100.74133, 30.589933], [-100.741727, 30.590146], [-100.744022, 30.591354], [-100.744122, 30.591408], [-100.744232, 30.591482], [-100.744757, 30.591823], [-100.746115, 30.592709], [-100.746258, 30.592801], [-100.746272, 30.592811], [-100.746932, 30.59325], [-100.747616, 30.593697], [-100.747719, 30.593762], [-100.747784, 30.593804], [-100.747922, 30.593895], [-100.748054, 30.593982], [-100.748666, 30.594387], [-100.748771, 30.594458], [-100.74887, 30.594522], [-100.749225, 30.59475], [-100.749335, 30.59482], [-100.749367, 30.594843], [-100.752331, 30.596785], [-100.753012, 30.597229], [-100.754045, 30.597907], [-100.754189, 30.598002], [-100.754252, 30.598042], [-100.754718, 30.598347], [-100.754745, 30.598364], [-100.754847, 30.598433], [-100.755445, 30.598831], [-100.758615, 30.600924], [-100.760914, 30.602446], [-100.761027, 30.602529], [-100.76195, 30.6032], [-100.762406, 30.603543], [-100.762677, 30.603747], [-100.762949, 30.603955], [-100.764056, 30.604678], [-100.764118, 30.604718], [-100.764269, 30.604804], [-100.76475, 30.605081], [-100.765065, 30.605263], [-100.765235, 30.605361], [-100.765274, 30.605387], [-100.766034, 30.605863], [-100.766577, 30.606207], [-100.766586, 30.606214], [-100.766725, 30.6063], [-100.766923, 30.606422], [-100.766936, 30.60643], [-100.768024, 30.607136], [-100.769187, 30.607898], [-100.771331, 30.609304], [-100.772112, 30.609817], [-100.772193, 30.60987], [-100.772313, 30.609937], [-100.773228, 30.610417], [-100.774576, 30.611127], [-100.775919, 30.611835], [-100.776329, 30.61205], [-100.776351, 30.612062], [-100.776425, 30.612101], [-100.776458, 30.612119], [-100.776567, 30.612176], [-100.77671, 30.612255], [-100.776781, 30.612295], [-100.778372, 30.613224], [-100.77846, 30.613275], [-100.778588, 30.613345], [-100.778697, 30.613403], [-100.778816, 30.613444], [-100.77928, 30.613602], [-100.779292, 30.613608], [-100.779303, 30.613617], [-100.779799, 30.614163], [-100.779808, 30.614173], [-100.77982, 30.614178], [-100.780532, 30.614424], [-100.781405, 30.614732], [-100.782336, 30.615058], [-100.782457, 30.6151], [-100.782571, 30.615146], [-100.783806, 30.615643], [-100.783915, 30.615687], [-100.783988, 30.615717], [-100.784608, 30.615972], [-100.785617, 30.616385], [-100.785759, 30.616443], [-100.785787, 30.616455], [-100.786451, 30.616736], [-100.787185, 30.617051], [-100.787399, 30.617141], [-100.790667, 30.618526], [-100.792708, 30.619388], [-100.792726, 30.619402], [-100.792732, 30.61942], [-100.792854, 30.621008], [-100.792984, 30.62266], [-100.792986, 30.622695], [-100.792993, 30.622706], [-100.793005, 30.62271], [-100.79359, 30.622676], [-100.793873, 30.622661], [-100.794448, 30.622626], [-100.79526, 30.622582], [-100.796055, 30.622534], [-100.797224, 30.622473], [-100.798457, 30.622402], [-100.798643, 30.622393], [-100.799454, 30.622344], [-100.799539, 30.622341], [-100.79972, 30.622371], [-100.799785, 30.622384], [-100.800223, 30.622463], [-100.800352, 30.622487], [-100.800413, 30.622503], [-100.800763, 30.622599], [-100.800784, 30.622606], [-100.800997, 30.622687], [-100.801293, 30.622802], [-100.801702, 30.622972], [-100.802378, 30.623253], [-100.803817, 30.623851], [-100.803852, 30.623866], [-100.803928, 30.623897], [-100.803958, 30.62391], [-100.80405, 30.623947], [-100.805943, 30.624734], [-100.805972, 30.624745], [-100.806188, 30.624835], [-100.806313, 30.624883], [-100.806539, 30.624965], [-100.806879, 30.625088], [-100.808192, 30.625564], [-100.808483, 30.625669], [-100.808562, 30.625698], [-100.808999, 30.625854], [-100.809139, 30.625903], [-100.809201, 30.625926], [-100.809782, 30.626148], [-100.811218, 30.626692], [-100.811596, 30.626832], [-100.811603, 30.626833], [-100.811612, 30.626832], [-100.811881, 30.626742], [-100.812169, 30.626639], [-100.812176, 30.626638], [-100.812183, 30.626638], [-100.812745, 30.626833], [-100.81287, 30.626876], [-100.812988, 30.626904], [-100.815323, 30.62738], [-100.815326, 30.62738], [-100.815331, 30.62738], [-100.81558, 30.627333], [-100.815929, 30.627261], [-100.815934, 30.627261], [-100.815939, 30.627261], [-100.816074, 30.627288], [-100.816136, 30.627304], [-100.816191, 30.627319], [-100.816375, 30.627388], [-100.816463, 30.627422], [-100.816603, 30.627488], [-100.817268, 30.627815], [-100.817302, 30.627833], [-100.817486, 30.62793], [-100.817759, 30.628074], [-100.817886, 30.628143], [-100.817893, 30.62815], [-100.817894, 30.62816], [-100.817629, 30.629727], [-100.817631, 30.629747], [-100.817646, 30.62976], [-100.817748, 30.62983], [-100.818618, 30.630423], [-100.81867, 30.630455], [-100.818738, 30.630506], [-100.819712, 30.631212], [-100.821082, 30.632203], [-100.821145, 30.632249], [-100.821283, 30.63234], [-100.821589, 30.63254], [-100.822287, 30.632992], [-100.822345, 30.633031], [-100.822415, 30.633064], [-100.822547, 30.633126], [-100.822994, 30.633332], [-100.8232, 30.633425], [-100.823499, 30.633568], [-100.823604, 30.633617], [-100.82372, 30.633682], [-100.824059, 30.633874], [-100.824215, 30.63396], [-100.824244, 30.633976], [-100.8245, 30.634115], [-100.825185, 30.634483], [-100.825269, 30.634528], [-100.825405, 30.634593], [-100.825892, 30.634817], [-100.82602, 30.634876], [-100.82626, 30.634985], [-100.826416, 30.635053], [-100.829358, 30.636375], [-100.830508, 30.636891], [-100.831044, 30.637133], [-100.831054, 30.637137], [-100.831074, 30.637139], [-100.832249, 30.637094], [-100.832513, 30.637082], [-100.832691, 30.637074], [-100.832765, 30.637069], [-100.833268, 30.637039], [-100.833555, 30.637022], [-100.833573, 30.637023], [-100.833589, 30.637033], [-100.834788, 30.637933], [-100.834962, 30.638064], [-100.836765, 30.639423], [-100.838575, 30.64078], [-100.838643, 30.640832], [-100.838742, 30.640904], [-100.83964, 30.641562], [-100.83966, 30.641575], [-100.839679, 30.64158], [-100.840504, 30.641827], [-100.841392, 30.642088], [-100.8415, 30.64212], [-100.841622, 30.642181], [-100.84178, 30.642258], [-100.841966, 30.64235], [-100.842301, 30.642513], [-100.842814, 30.642764], [-100.843248, 30.642976], [-100.843462, 30.64308], [-100.844011, 30.643346], [-100.844209, 30.643444], [-100.844233, 30.643456], [-100.844402, 30.643541], [-100.845127, 30.643895], [-100.845266, 30.643964], [-100.845635, 30.644144], [-100.845878, 30.644262], [-100.846058, 30.644349], [-100.847756, 30.645155], [-100.847954, 30.64525], [-100.848485, 30.645504], [-100.84893, 30.645718], [-100.84922, 30.645858], [-100.849835, 30.64615], [-100.850255, 30.646352], [-100.850576, 30.646509], [-100.851334, 30.646874], [-100.853701, 30.648021], [-100.854421, 30.648367], [-100.854613, 30.648461], [-100.854835, 30.648569], [-100.855169, 30.64873], [-100.855232, 30.648762], [-100.855264, 30.64878], [-100.855317, 30.648812], [-100.855609, 30.648981], [-100.855904, 30.649153], [-100.856028, 30.649225], [-100.856777, 30.649667], [-100.857531, 30.650107], [-100.858883, 30.650898], [-100.858999, 30.650967], [-100.859087, 30.651028], [-100.860574, 30.652089], [-100.860688, 30.652169], [-100.860777, 30.652223], [-100.861675, 30.652745], [-100.861942, 30.652903], [-100.861999, 30.652936], [-100.862021, 30.652951], [-100.862154, 30.653029], [-100.862604, 30.653292], [-100.862995, 30.653522], [-100.864081, 30.654159], [-100.864903, 30.654632], [-100.865512, 30.654977], [-100.866092, 30.655196], [-100.866177, 30.655231], [-100.866336, 30.655315], [-100.867087, 30.655704], [-100.867227, 30.655775], [-100.867306, 30.655821], [-100.868367, 30.656439], [-100.86953, 30.657124], [-100.869648, 30.657191], [-100.869693, 30.657219], [-100.870827, 30.657915], [-100.871419, 30.658278], [-100.871432, 30.658285], [-100.871447, 30.658288], [-100.871575, 30.658296], [-100.871849, 30.658318], [-100.872716, 30.658388], [-100.872884, 30.658402], [-100.873211, 30.65843], [-100.873231, 30.658432], [-100.873242, 30.658443], [-100.873611, 30.658832], [-100.874002, 30.659238], [-100.874081, 30.659316], [-100.874162, 30.659389], [-100.875369, 30.660412], [-100.875481, 30.660506], [-100.875557, 30.660561], [-100.875957, 30.660844], [-100.87614, 30.660973], [-100.876156, 30.660984], [-100.876181, 30.661001], [-100.876366, 30.661109], [-100.877466, 30.661757], [-100.877715, 30.661904], [-100.880585, 30.663598], [-100.883384, 30.665249], [-100.883973, 30.665599], [-100.884885, 30.666132], [-100.884954, 30.666175], [-100.885085, 30.666252], [-100.885311, 30.666386], [-100.885613, 30.666566], [-100.885738, 30.666638], [-100.886435, 30.667049], [-100.886742, 30.667231], [-100.886751, 30.667238], [-100.88676, 30.667247], [-100.886943, 30.667472], [-100.887599, 30.668273], [-100.88762, 30.668298], [-100.887704, 30.668399], [-100.887724, 30.668423], [-100.888152, 30.668949], [-100.888354, 30.669191], [-100.888361, 30.6692], [-100.888372, 30.669206], [-100.888884, 30.669508], [-100.890074, 30.670211], [-100.890575, 30.670506], [-100.891119, 30.670829], [-100.891166, 30.670856], [-100.891327, 30.670942], [-100.891886, 30.67124], [-100.89224, 30.671438], [-100.892917, 30.671833], [-100.89293, 30.671841], [-100.892945, 30.671841], [-100.893638, 30.671879], [-100.894562, 30.671929], [-100.89496, 30.671949], [-100.894974, 30.671951], [-100.894989, 30.671958], [-100.895481, 30.672245], [-100.895801, 30.672432], [-100.896185, 30.672658], [-100.896278, 30.672712], [-100.896321, 30.672737], [-100.89666, 30.672934], [-100.898512, 30.674014], [-100.900548, 30.675203], [-100.900698, 30.675288], [-100.900929, 30.675423], [-100.902191, 30.676161], [-100.902543, 30.676364], [-100.903109, 30.676705], [-100.903293, 30.676809], [-100.903628, 30.676997], [-100.90382, 30.677109], [-100.905958, 30.678358], [-100.906606, 30.678733], [-100.906831, 30.678865], [-100.907185, 30.679073], [-100.907834, 30.679451], [-100.908073, 30.679592], [-100.90824, 30.679689], [-100.908368, 30.679765], [-100.908554, 30.679871], [-100.908681, 30.679944], [-100.90882, 30.680024], [-100.908993, 30.680125], [-100.913873, 30.682974], [-100.914203, 30.683166], [-100.91688, 30.684726], [-100.916983, 30.684786], [-100.917307, 30.684976], [-100.917335, 30.684992], [-100.918268, 30.685535], [-100.919327, 30.686154], [-100.922403, 30.687943], [-100.92522, 30.689585], [-100.925243, 30.6896], [-100.925251, 30.689612], [-100.92536, 30.689807], [-100.925368, 30.689817], [-100.92538, 30.689826], [-100.925589, 30.689948], [-100.926024, 30.690204], [-100.926481, 30.690476], [-100.926716, 30.690612], [-100.928461, 30.691642], [-100.929377, 30.692183], [-100.930209, 30.692678], [-100.930278, 30.692718], [-100.930425, 30.692803], [-100.93327, 30.694446], [-100.933617, 30.694643], [-100.934079, 30.694899], [-100.934866, 30.695344], [-100.935731, 30.695825], [-100.936269, 30.696115], [-100.93699, 30.696509], [-100.938321, 30.697226], [-100.9384, 30.697269], [-100.938547, 30.697353], [-100.939286, 30.697783], [-100.93939, 30.697843], [-100.939815, 30.698092], [-100.940798, 30.698659], [-100.941774, 30.69923], [-100.942891, 30.699879], [-100.943892, 30.700462], [-100.946119, 30.701767], [-100.946813, 30.702172], [-100.947191, 30.702392], [-100.947332, 30.702474], [-100.947437, 30.702534], [-100.947584, 30.70262], [-100.94788, 30.702792], [-100.948123, 30.702931], [-100.948423, 30.703106], [-100.948504, 30.703153], [-100.94909, 30.703493], [-100.949862, 30.703953], [-100.950461, 30.704324], [-100.950517, 30.704366], [-100.950614, 30.704465], [-100.951203, 30.705098], [-100.951353, 30.705259], [-100.951444, 30.705356], [-100.951523, 30.705423], [-100.951785, 30.705637], [-100.952287, 30.706041]]}},
{"type": "Feature", "properties": {"ProjectID": "P2675", "TPMS_ID": 4683061, "OPER_LINK": 0, "OPS_ID": 0, "P5_NUM": "253113", "OPER_NM": "EPIC CONSOLIDATED OPS, LLC", "SYS_NM": "EPIC NGL SYSTEM", "SUBSYS_NM": "209-BENEDUM TO DCP", "T4PERMIT": "09817", "DIAMETER": 10.75, "COMMODITY1": "HVL", "COMMODITY2": null, "COMMODITY3": null, "CMDTY_DESC": "HIGHLY VOLATILE LIQUID", "INTERSTATE": "N", "STATUS_CD": "I", "QUALITY_CD": "G", "SYSTYPE": "Q", "COUNTY": "461", "COM_CARRIE": "Y", "PLINE_ID": "209", "SYS_ID": "966780", "NPMS_SYS_I": 0, "ALBERS_MIL": 0.8657482245, "LENGTH": 0.0}, "geometry": {"type": "MultiLineString", "coordinates": [[[-101.786158, 31.372156], [-101.786249, 31.372134], [-101.786319, 31.372336]], [[-101.779066, 31.36841], [-101.779078, 31.368456], [-101.779092, 31.3685], [-101.779787, 31.36834], [-101.7796, 31.367755], [-101.779654, 31.367666], [-101.783729, 31.366768], [-101.786719, 31.368067], [-101.785679, 31.37097], [-101.786066, 31.372178], [-101.786158, 31.372156]]]}},
{"type": "Feature", "properties": {"ProjectID": "P2675", "TPMS_ID": 4683067, "OPER_LINK": 0, "OPS_ID": 0, "P5_NUM": "253113", "OPER_NM": "EPIC CONSOLIDATED OPS, LLC", "SYS_NM": "EPIC NGL SYSTEM", "SUBSYS_NM": "202-SALT CREEK TO BENEDUM", "T4PERMIT": "09817", "DIAMETER": 24.0, "COMMODITY1": "HVL", "COMMODITY2": null, "COMMODITY3": null, "CMDTY_DESC": "HIGHLY VOLATILE LIQUID", "INTERSTATE": "N", "STATUS_CD": "I", "QUALITY_CD": "G", "SYSTYPE": "Q", "COUNTY": "461", "COM_CARRIE": "Y", "PLINE_ID": "202", "SYS_ID": "965678", "NPMS_SYS_I": 0, "ALBERS_MIL": 39.0838744454, "LENGTH": 0.0}, "geometry": {"type": "MultiLineString", "coordinates": [[[-102.314917, 31.445873], [-102.314914, 31.445872], [-102.314732, 31.445831], [-102.314546, 31.445789], [-102.314439, 31.445765], [-102.314395, 31.445755], [-102.314345, 31.445743], [-102.314241, 31.44572], [-102.314134, 31.445696], [-102.313986, 31.445663], [-102.313837, 31.44563], [-102.313688, 31.445597], [-102.313564, 31.44557], [-102.313415, 31.445537], [-102.313267, 31.445504], [-102.313165, 31.445481], [-102.313145, 31.445477], [-102.313126, 31.445473], [-102.312898, 31.445418], [-102.31275, 31.445383], [-102.312728, 31.445378], [-102.31272, 31.445377], [-102.312711, 31.445378], [-102.312463, 31.445434], [-102.312329, 31.445465], [-102.31222, 31.445491], [-102.311972, 31.445547], [-102.311904, 31.445563], [-102.311776, 31.445594], [-102.311642, 31.445625], [-102.311457, 31.445668], [-102.311294, 31.445707], [-102.311047, 31.445764], [-102.310799, 31.445821], [-102.310554, 31.445878], [-102.310306, 31.445936], [-102.310059, 31.445994], [-102.309812, 31.446052], [-102.309565, 31.44611], [-102.309318, 31.446167], [-102.30907, 31.446224], [-102.308823, 31.446282], [-102.308576, 31.44634], [-102.308328, 31.446398], [-102.308081, 31.446456], [-102.307834, 31.446513], [-102.307648, 31.446557], [-102.307502, 31.446591], [-102.307264, 31.446646], [-102.30702, 31.446703], [-102.306773, 31.446761], [-102.306525, 31.446818], [-102.306278, 31.446876], [-102.306033, 31.446933], [-102.305868, 31.446972], [-102.30566, 31.447021], [-102.305466, 31.447066], [-102.305256, 31.447115], [-102.305076, 31.447157], [-102.304833, 31.447214], [-102.304585, 31.447272], [-102.304339, 31.447329], [-102.304092, 31.447387], [-102.303848, 31.447444], [-102.30369, 31.447481], [-102.303442, 31.447538], [-102.303195, 31.447595], [-102.302952, 31.447652], [-102.302945, 31.447653], [-102.302733, 31.447702], [-102.302485, 31.44776], [-102.302441, 31.44777], [-102.302341, 31.447794], [-102.302195, 31.447829], [-102.301949, 31.447887], [-102.301701, 31.447946], [-102.301454, 31.448003], [-102.301207, 31.448061], [-102.30109, 31.448088], [-102.300846, 31.448145], [-102.30064, 31.448193], [-102.300451, 31.448236], [-102.300207, 31.448294], [-102.29996, 31.448352], [-102.299712, 31.44841], [-102.299465, 31.448467], [-102.299217, 31.448524], [-102.29897, 31.448581], [-102.298757, 31.448632], [-102.298563, 31.448678], [-102.298539, 31.448684], [-102.298501, 31.448693], [-102.298292, 31.448743], [-102.298261, 31.448751], [-102.298191, 31.448767], [-102.298112, 31.448785], [-102.297901, 31.448833], [-102.297721, 31.44888], [-102.297661, 31.448907], [-102.297439, 31.449017], [-102.297406, 31.449033], [-102.297244, 31.449112], [-102.297179, 31.449145], [-102.297152, 31.449158], [-102.297022, 31.44922], [-102.296994, 31.449234], [-102.296979, 31.449242], [-102.296966, 31.449249], [-102.296906, 31.449278], [-102.296851, 31.449301], [-102.296798, 31.449315], [-102.296781, 31.449319], [-102.296686, 31.44934], [-102.296608, 31.449357], [-102.296462, 31.44939], [-102.296327, 31.44942], [-102.296179, 31.449453], [-102.296073, 31.449477], [-102.296044, 31.449481], [-102.296006, 31.44949], [-102.295896, 31.449513], [-102.295756, 31.449543], [-102.295747, 31.449545], [-102.295545, 31.449589], [-102.295419, 31.449617], [-102.295282, 31.449647], [-102.295076, 31.449692], [-102.294827, 31.449746], [-102.294579, 31.4498], [-102.294334, 31.449854], [-102.294086, 31.449908], [-102.293884, 31.449952], [-102.293637, 31.450005], [-102.293467, 31.450041], [-102.293292, 31.450079], [-102.293117, 31.450117], [-102.292923, 31.45016], [-102.292675, 31.450214], [-102.292427, 31.450268], [-102.292204, 31.450316], [-102.291956, 31.45037], [-102.29182, 31.4504], [-102.291677, 31.450431], [-102.291523, 31.450464], [-102.291361, 31.4505], [-102.291214, 31.450532], [-102.290966, 31.450587], [-102.290945, 31.450591], [-102.290819, 31.450619], [-102.290586, 31.450669], [-102.290411, 31.450707], [-102.290396, 31.45071], [-102.290147, 31.450764], [-102.289899, 31.450818], [-102.28965, 31.450872], [-102.289402, 31.450925], [-102.289385, 31.450929], [-102.289154, 31.450982], [-102.28891, 31.451035], [-102.288707, 31.451078], [-102.288685, 31.451083], [-102.288436, 31.451137], [-102.288191, 31.45119], [-102.287946, 31.451243], [-102.287698, 31.451298], [-102.28745, 31.451352], [-102.287284, 31.451388], [-102.287126, 31.451423], [-102.286906, 31.451471], [-102.286694, 31.451516], [-102.286526, 31.451553], [-102.286278, 31.451607], [-102.28604, 31.451659], [-102.285792, 31.451713], [-102.285585, 31.451758], [-102.28555, 31.451766], [-102.285301, 31.451819], [-102.285166, 31.451849], [-102.284979, 31.451891], [-102.284959, 31.451894], [-102.284711, 31.451948], [-102.284577, 31.451977], [-102.284428, 31.452009], [-102.284409, 31.452013], [-102.284241, 31.452049], [-102.284167, 31.452077], [-102.284111, 31.452089], [-102.284086, 31.452082], [-102.284056, 31.452089], [-102.284027, 31.452095], [-102.284021, 31.452096], [-102.28381, 31.452143], [-102.283615, 31.452186], [-102.283412, 31.45223], [-102.283164, 31.452284], [-102.282916, 31.452338], [-102.282667, 31.452392], [-102.282419, 31.452446], [-102.282174, 31.4525], [-102.281925, 31.452553], [-102.28168, 31.452607], [-102.281627, 31.452619], [-102.281432, 31.452661], [-102.281187, 31.452714], [-102.280938, 31.452768], [-102.28069, 31.452822], [-102.280445, 31.452875], [-102.280197, 31.452929], [-102.280055, 31.452961], [-102.27991, 31.452992], [-102.279758, 31.453026], [-102.27951, 31.453079], [-102.279346, 31.453115], [-102.279187, 31.453149], [-102.27895, 31.453201], [-102.278942, 31.453201], [-102.278693, 31.453256], [-102.27856, 31.453285], [-102.27853, 31.453291], [-102.278491, 31.4533], [-102.278281, 31.453347], [-102.278058, 31.453395], [-102.278033, 31.4534], [-102.277818, 31.453447], [-102.277707, 31.453471], [-102.277459, 31.453525], [-102.277328, 31.453554], [-102.277198, 31.453582], [-102.277028, 31.45362], [-102.276778, 31.453674], [-102.276534, 31.453728], [-102.276285, 31.453782], [-102.276037, 31.453835], [-102.275789, 31.453889], [-102.275537, 31.453944], [-102.275368, 31.453982], [-102.275178, 31.454023], [-102.275059, 31.454049], [-102.274933, 31.454076], [-102.274822, 31.454099], [-102.274721, 31.454121], [-102.274472, 31.454175], [-102.274229, 31.454227], [-102.274226, 31.454228], [-102.274224, 31.454228], [-102.273994, 31.454279], [-102.273863, 31.454307], [-102.273751, 31.45433], [-102.273739, 31.454333], [-102.273728, 31.454335], [-102.27349, 31.454387], [-102.273242, 31.454441], [-102.273109, 31.454471], [-102.272986, 31.454497], [-102.272861, 31.454524], [-102.272686, 31.454562], [-102.272534, 31.454596], [-102.272376, 31.45463], [-102.27219, 31.45467], [-102.271945, 31.454724], [-102.271697, 31.454778], [-102.271448, 31.454832], [-102.271201, 31.454886], [-102.270952, 31.45494], [-102.270838, 31.454965], [-102.270725, 31.454989], [-102.270622, 31.455012], [-102.27051, 31.455036], [-102.270386, 31.455063], [-102.270262, 31.45509], [-102.270141, 31.455116], [-102.27003, 31.45514], [-102.269921, 31.455164], [-102.269802, 31.45519], [-102.269553, 31.455244], [-102.269308, 31.455297], [-102.26906, 31.455351], [-102.268814, 31.455404], [-102.268566, 31.455458], [-102.268454, 31.455483], [-102.268354, 31.455505], [-102.268252, 31.455527], [-102.268144, 31.45555], [-102.268045, 31.455572], [-102.267932, 31.455597], [-102.267836, 31.455618], [-102.267719, 31.455644], [-102.267611, 31.455668], [-102.267491, 31.455693], [-102.267378, 31.455718], [-102.267132, 31.455771], [-102.266883, 31.455825], [-102.266634, 31.455879], [-102.266386, 31.455932], [-102.266141, 31.455986], [-102.266029, 31.45601], [-102.265929, 31.456032], [-102.265681, 31.456086], [-102.265564, 31.456112], [-102.265467, 31.456133], [-102.265365, 31.456155], [-102.265249, 31.45618], [-102.265001, 31.456234], [-102.264752, 31.456289], [-102.264504, 31.456343], [-102.264255, 31.456397], [-102.264007, 31.45645], [-102.263781, 31.456499], [-102.263754, 31.456509], [-102.263574, 31.456545], [-102.263325, 31.456598], [-102.263232, 31.456618], [-102.263138, 31.456639], [-102.263118, 31.456642], [-102.262904, 31.456689], [-102.262697, 31.456734], [-102.262448, 31.456789], [-102.2622, 31.456843], [-102.261952, 31.456898], [-102.261703, 31.456951], [-102.261455, 31.457006], [-102.261346, 31.45703], [-102.261098, 31.457084], [-102.260893, 31.457129], [-102.260692, 31.457173], [-102.260443, 31.457227], [-102.260197, 31.45728], [-102.259952, 31.457334], [-102.259725, 31.457383], [-102.259706, 31.457387], [-102.259458, 31.457442], [-102.25921, 31.457497], [-102.259042, 31.457534], [-102.258793, 31.457587], [-102.258621, 31.457624], [-102.258445, 31.457662], [-102.258257, 31.457702], [-102.258009, 31.457756], [-102.25776, 31.45781], [-102.257748, 31.457813], [-102.257725, 31.457818], [-102.257499, 31.457865], [-102.257274, 31.457913], [-102.25725, 31.457919], [-102.257151, 31.45794], [-102.257002, 31.457973], [-102.256762, 31.458025], [-102.256754, 31.458027], [-102.256754, 31.458027], [-102.256506, 31.458081], [-102.256414, 31.458102], [-102.256254, 31.458136], [-102.25608, 31.458174], [-102.255833, 31.458229], [-102.255618, 31.458274], [-102.255369, 31.458328], [-102.255122, 31.458382], [-102.254873, 31.458436], [-102.254705, 31.458473], [-102.254468, 31.458523], [-102.25427, 31.458567], [-102.254099, 31.458603], [-102.25385, 31.458658], [-102.253604, 31.458711], [-102.253355, 31.458765], [-102.253107, 31.458819], [-102.252858, 31.458873], [-102.25261, 31.458928], [-102.252361, 31.458981], [-102.252183, 31.45902], [-102.251934, 31.459074], [-102.251686, 31.459128], [-102.251437, 31.459182], [-102.251189, 31.459236], [-102.250941, 31.45929], [-102.250851, 31.45931], [-102.250692, 31.459345], [-102.250446, 31.459398], [-102.250197, 31.459452], [-102.249949, 31.459506], [-102.249731, 31.459552], [-102.249648, 31.459574], [-102.249629, 31.459579], [-102.249574, 31.459593], [-102.249427, 31.459629], [-102.249375, 31.459642], [-102.249354, 31.459649], [-102.249108, 31.459711], [-102.248862, 31.459774], [-102.24881, 31.459787], [-102.248616, 31.459836], [-102.24845, 31.45988], [-102.248205, 31.459941], [-102.247959, 31.460003], [-102.247713, 31.460066], [-102.247468, 31.460128], [-102.247222, 31.46019], [-102.246975, 31.460252], [-102.246734, 31.460314], [-102.246488, 31.460377], [-102.246291, 31.460427], [-102.246242, 31.46044], [-102.245997, 31.460501], [-102.245772, 31.460557], [-102.245526, 31.460619], [-102.245363, 31.460661], [-102.245137, 31.460719], [-102.244976, 31.46076], [-102.244805, 31.460803], [-102.24456, 31.460867], [-102.244314, 31.460929], [-102.244068, 31.460991], [-102.243823, 31.461053], [-102.243577, 31.461116], [-102.243331, 31.461179], [-102.243085, 31.461241], [-102.242912, 31.461285], [-102.242666, 31.461347], [-102.24242, 31.46141], [-102.242174, 31.461472], [-102.241995, 31.461518], [-102.241979, 31.461522], [-102.241751, 31.461581], [-102.241525, 31.461638], [-102.241309, 31.461691], [-102.241278, 31.461698], [-102.241057, 31.461747], [-102.240864, 31.46179], [-102.240661, 31.461835], [-102.240413, 31.46189], [-102.240165, 31.461946], [-102.239917, 31.462001], [-102.239672, 31.462055], [-102.239424, 31.46211], [-102.239289, 31.46214], [-102.239041, 31.462195], [-102.238843, 31.46224], [-102.23863, 31.462287], [-102.238382, 31.462342], [-102.238134, 31.462398], [-102.237885, 31.462452], [-102.237637, 31.462507], [-102.237389, 31.462563], [-102.237144, 31.462617], [-102.237011, 31.462647], [-102.236763, 31.462701], [-102.236617, 31.462733], [-102.236475, 31.462764], [-102.236229, 31.462818], [-102.235981, 31.462873], [-102.235733, 31.462929], [-102.235485, 31.462985], [-102.235237, 31.463039], [-102.234989, 31.463094], [-102.234833, 31.463129], [-102.234589, 31.463183], [-102.234423, 31.463219], [-102.23426, 31.463256], [-102.234012, 31.463311], [-102.233764, 31.463366], [-102.233516, 31.463421], [-102.233267, 31.463476], [-102.233019, 31.463531], [-102.232771, 31.463586], [-102.232544, 31.463638], [-102.232311, 31.463688], [-102.232066, 31.463742], [-102.231818, 31.463797], [-102.23157, 31.463852], [-102.231322, 31.463908], [-102.231077, 31.463963], [-102.230845, 31.464015], [-102.230596, 31.464069], [-102.230349, 31.464124], [-102.2301, 31.464179], [-102.229852, 31.464234], [-102.229604, 31.464289], [-102.229356, 31.464344], [-102.229108, 31.464399], [-102.228861, 31.464454], [-102.228613, 31.464509], [-102.228368, 31.464564], [-102.228126, 31.464617], [-102.227883, 31.464671], [-102.227638, 31.464725], [-102.22739, 31.46478], [-102.227141, 31.464835], [-102.226893, 31.46489], [-102.226649, 31.464944], [-102.226401, 31.464999], [-102.226153, 31.465054], [-102.225974, 31.465094], [-102.225789, 31.465135], [-102.225594, 31.465179], [-102.225392, 31.465223], [-102.225192, 31.465268], [-102.224976, 31.465316], [-102.224728, 31.46537], [-102.224481, 31.465425], [-102.224233, 31.46548], [-102.223985, 31.465535], [-102.223736, 31.46559], [-102.223518, 31.465638], [-102.223304, 31.465686], [-102.22311, 31.465729], [-102.222862, 31.465785], [-102.222618, 31.46584], [-102.22237, 31.465895], [-102.222146, 31.465944], [-102.222138, 31.465946], [-102.222087, 31.465958], [-102.221899, 31.465999], [-102.221651, 31.466054], [-102.221614, 31.466063], [-102.221575, 31.466071], [-102.22135, 31.466121], [-102.221165, 31.466161], [-102.220958, 31.466207], [-102.220744, 31.466254], [-102.220496, 31.46631], [-102.220248, 31.466365], [-102.219999, 31.46642], [-102.219752, 31.466474], [-102.219503, 31.466529], [-102.219256, 31.466585], [-102.219007, 31.46664], [-102.218759, 31.466695], [-102.218511, 31.46675], [-102.218263, 31.466805], [-102.218016, 31.46686], [-102.217771, 31.466915], [-102.217522, 31.466969], [-102.217274, 31.467024], [-102.217098, 31.467064], [-102.216853, 31.467118], [-102.216605, 31.467174], [-102.216361, 31.467228], [-102.216112, 31.467283], [-102.215865, 31.467338], [-102.215616, 31.467393], [-102.215368, 31.467448], [-102.21513, 31.467501], [-102.214885, 31.467555], [-102.214636, 31.46761], [-102.214392, 31.467664], [-102.214144, 31.46772], [-102.213896, 31.467775], [-102.213648, 31.46783], [-102.21353, 31.467855], [-102.213399, 31.467885], [-102.213154, 31.467939], [-102.212907, 31.467995], [-102.212659, 31.46805], [-102.21241, 31.468105], [-102.212162, 31.46816], [-102.21195, 31.468206], [-102.211914, 31.468214], [-102.211666, 31.46827], [-102.211422, 31.468324], [-102.211174, 31.468379], [-102.210926, 31.468434], [-102.210677, 31.468489], [-102.210429, 31.468544], [-102.210221, 31.468589], [-102.209983, 31.468642], [-102.209974, 31.468644], [-102.209966, 31.468644], [-102.209729, 31.468697], [-102.209586, 31.468729], [-102.209492, 31.468749], [-102.209402, 31.468767], [-102.209247, 31.468805], [-102.209242, 31.468806], [-102.209201, 31.468815], [-102.209011, 31.468857], [-102.208988, 31.468863], [-102.208763, 31.468912], [-102.208514, 31.468968], [-102.208267, 31.469023], [-102.208019, 31.469078], [-102.207774, 31.469132], [-102.207526, 31.469187], [-102.207279, 31.469243], [-102.20704, 31.469296], [-102.206794, 31.46935], [-102.206546, 31.469404], [-102.206301, 31.469458], [-102.206101, 31.469502], [-102.206005, 31.469524], [-102.205773, 31.469574], [-102.205547, 31.469625], [-102.205385, 31.469661], [-102.205191, 31.469705], [-102.204991, 31.469749], [-102.204743, 31.469803], [-102.204497, 31.469858], [-102.204248, 31.469912], [-102.204001, 31.469968], [-102.203752, 31.470023], [-102.203649, 31.470045], [-102.203535, 31.47007], [-102.203305, 31.470122], [-102.203199, 31.470145], [-102.203096, 31.470168], [-102.202981, 31.470193], [-102.202882, 31.470215], [-102.202704, 31.470255], [-102.202456, 31.47031], [-102.202208, 31.470365], [-102.201959, 31.470419], [-102.201721, 31.470472], [-102.201472, 31.470527], [-102.201365, 31.470552], [-102.201117, 31.470608], [-102.200869, 31.470663], [-102.200742, 31.470692], [-102.200613, 31.470715], [-102.200489, 31.470708], [-102.200383, 31.470702], [-102.200237, 31.47073], [-102.200128, 31.470759], [-102.200008, 31.470826], [-102.19993, 31.470867], [-102.199774, 31.470906], [-102.199526, 31.470961], [-102.19941, 31.470986], [-102.199162, 31.471042], [-102.198917, 31.471095], [-102.198669, 31.47115], [-102.198421, 31.471205], [-102.198316, 31.471228], [-102.19831, 31.471229], [-102.198306, 31.47123], [-102.198299, 31.471228], [-102.198256, 31.471219], [-102.198246, 31.471216], [-102.198028, 31.471166], [-102.197927, 31.471144], [-102.19778, 31.47111], [-102.197533, 31.471053], [-102.197524, 31.471052], [-102.197518, 31.471051], [-102.197515, 31.471053], [-102.197277, 31.471109], [-102.197033, 31.471167], [-102.196786, 31.471226], [-102.196589, 31.471273], [-102.196576, 31.471276], [-102.196454, 31.471306], [-102.196398, 31.47132], [-102.196278, 31.471348], [-102.196221, 31.471362], [-102.196059, 31.4714], [-102.196021, 31.471408], [-102.195851, 31.47145], [-102.195838, 31.471452], [-102.195605, 31.471507], [-102.195357, 31.471566], [-102.19511, 31.471625], [-102.194863, 31.471684], [-102.194616, 31.471742], [-102.194465, 31.471778], [-102.194326, 31.47181], [-102.194181, 31.471844], [-102.193983, 31.471892], [-102.193837, 31.471927], [-102.193701, 31.471959], [-102.193525, 31.472002], [-102.193278, 31.47206], [-102.193035, 31.472118], [-102.192805, 31.472173], [-102.192557, 31.472231], [-102.192311, 31.472291], [-102.192124, 31.472335], [-102.191934, 31.472381], [-102.19173, 31.47243], [-102.191539, 31.472474], [-102.191353, 31.472518], [-102.191159, 31.472565], [-102.190913, 31.472624], [-102.190668, 31.472682], [-102.190508, 31.472721], [-102.190501, 31.472721], [-102.190334, 31.472761], [-102.190272, 31.472775], [-102.190153, 31.472803], [-102.190141, 31.472807], [-102.190025, 31.472833], [-102.189973, 31.472846], [-102.189778, 31.472892], [-102.189618, 31.47293], [-102.189609, 31.472932], [-102.1896, 31.47293], [-102.189352, 31.472875], [-102.189219, 31.472845], [-102.188974, 31.47279], [-102.188797, 31.47275], [-102.18873, 31.472736], [-102.188619, 31.472711], [-102.188483, 31.472681], [-102.188429, 31.472668], [-102.188235, 31.472626], [-102.187989, 31.472572], [-102.187883, 31.472549], [-102.187875, 31.472547], [-102.18787, 31.472548], [-102.187866, 31.472549], [-102.187632, 31.472606], [-102.187555, 31.472625], [-102.187307, 31.472684], [-102.187098, 31.472734], [-102.187064, 31.472742], [-102.187012, 31.472753], [-102.1868, 31.472804], [-102.186676, 31.472833], [-102.186431, 31.472891], [-102.186405, 31.472897], [-102.186201, 31.472945], [-102.185955, 31.473004], [-102.185718, 31.47306], [-102.185471, 31.473119], [-102.185228, 31.473177], [-102.184985, 31.473237], [-102.184738, 31.473298], [-102.184492, 31.473358], [-102.184434, 31.473373], [-102.184246, 31.473419], [-102.184, 31.47348], [-102.183753, 31.47354], [-102.18351, 31.4736], [-102.183266, 31.47366], [-102.183132, 31.473693], [-102.182976, 31.473731], [-102.182832, 31.473767], [-102.182644, 31.473814], [-102.182475, 31.473855], [-102.182299, 31.473899], [-102.182134, 31.473939], [-102.181887, 31.473999], [-102.181641, 31.47406], [-102.181395, 31.474121], [-102.181148, 31.474182], [-102.180902, 31.474243], [-102.18068, 31.474298], [-102.180434, 31.474359], [-102.180265, 31.4744], [-102.180051, 31.474452], [-102.179805, 31.474512], [-102.17977, 31.47452], [-102.179592, 31.474562], [-102.179558, 31.474569], [-102.179401, 31.474607], [-102.179315, 31.474628], [-102.179217, 31.474652], [-102.179069, 31.474688], [-102.178826, 31.474747], [-102.178579, 31.474807], [-102.178348, 31.474862], [-102.17834, 31.474864], [-102.178179, 31.474902], [-102.178072, 31.474928], [-102.17789, 31.474972], [-102.177784, 31.474997], [-102.177658, 31.475028], [-102.177475, 31.475072], [-102.17728, 31.475119], [-102.177034, 31.475179], [-102.176787, 31.47524], [-102.176544, 31.475301], [-102.176302, 31.475359], [-102.176145, 31.475397], [-102.176025, 31.475426], [-102.175987, 31.475435], [-102.175792, 31.475483], [-102.1756, 31.47553], [-102.175439, 31.47557], [-102.175263, 31.475613], [-102.175017, 31.475673], [-102.17477, 31.475733], [-102.174533, 31.475791], [-102.174286, 31.475851], [-102.17404, 31.475911], [-102.173793, 31.47597], [-102.173546, 31.476029], [-102.173315, 31.476086], [-102.173071, 31.476145], [-102.172824, 31.476204], [-102.172578, 31.476265], [-102.172331, 31.476324], [-102.172089, 31.476384], [-102.171842, 31.476444], [-102.171596, 31.476504], [-102.171349, 31.476564], [-102.171102, 31.476624], [-102.170856, 31.476684], [-102.17061, 31.476744], [-102.170371, 31.476802], [-102.170124, 31.476861], [-102.169966, 31.476899], [-102.169721, 31.476959], [-102.169493, 31.477015], [-102.16932, 31.477057], [-102.169074, 31.477116], [-102.168827, 31.477176], [-102.168581, 31.477236], [-102.168334, 31.477296], [-102.1681, 31.477353], [-102.167857, 31.477412], [-102.16761, 31.477472], [-102.167364, 31.477532], [-102.167117, 31.477593], [-102.166874, 31.477652], [-102.166628, 31.477712], [-102.166381, 31.477771], [-102.16617, 31.477821], [-102.16616, 31.477823], [-102.166152, 31.477821], [-102.165903, 31.477768], [-102.16567, 31.477717], [-102.16546, 31.477672], [-102.165212, 31.477618], [-102.164963, 31.477565], [-102.164714, 31.477511], [-102.164465, 31.477458], [-102.164217, 31.477404], [-102.163968, 31.47735], [-102.16372, 31.477296], [-102.163578, 31.477265], [-102.163466, 31.47724], [-102.163392, 31.477224], [-102.16328, 31.477201], [-102.163218, 31.477187], [-102.163144, 31.477171], [-102.163094, 31.47716], [-102.162895, 31.477117], [-102.162659, 31.477065], [-102.162649, 31.477064], [-102.16264, 31.477065], [-102.162403, 31.477124], [-102.162307, 31.477148], [-102.162065, 31.477206], [-102.16182, 31.477266], [-102.161577, 31.477325], [-102.161335, 31.477384], [-102.161111, 31.477438], [-102.160991, 31.477468], [-102.160875, 31.477496], [-102.160658, 31.477549], [-102.160411, 31.477608], [-102.160164, 31.477668], [-102.159918, 31.477728], [-102.159775, 31.477763], [-102.159629, 31.477798], [-102.1595, 31.47783], [-102.159383, 31.477858], [-102.159315, 31.477874], [-102.159239, 31.477892], [-102.159138, 31.477916], [-102.159052, 31.477937], [-102.158897, 31.477976], [-102.158689, 31.478026], [-102.15847, 31.478081], [-102.158259, 31.478133], [-102.158045, 31.478185], [-102.157799, 31.478245], [-102.157552, 31.478305], [-102.157306, 31.478365], [-102.157059, 31.478425], [-102.156813, 31.478484], [-102.156663, 31.478521], [-102.156447, 31.478577], [-102.156246, 31.47863], [-102.156062, 31.478679], [-102.155847, 31.478736], [-102.155602, 31.478802], [-102.155358, 31.478867], [-102.155113, 31.478932], [-102.154871, 31.478997], [-102.154629, 31.479062], [-102.154482, 31.479101], [-102.154237, 31.479167], [-102.154011, 31.479227], [-102.153849, 31.47927], [-102.153605, 31.479335], [-102.153362, 31.479399], [-102.15312, 31.479464], [-102.152876, 31.479529], [-102.152631, 31.479594], [-102.152387, 31.47966], [-102.15224, 31.479698], [-102.152096, 31.479737], [-102.151851, 31.479802], [-102.15168, 31.479847], [-102.151555, 31.479881], [-102.151444, 31.47991], [-102.151203, 31.479974], [-102.150958, 31.48004], [-102.150713, 31.480104], [-102.150473, 31.480168], [-102.150229, 31.480233], [-102.149984, 31.480299], [-102.149764, 31.480356], [-102.14953, 31.480419], [-102.149315, 31.480476], [-102.149111, 31.480531], [-102.148866, 31.480597], [-102.148621, 31.480662], [-102.148377, 31.480727], [-102.148132, 31.480792], [-102.147887, 31.480859], [-102.147698, 31.48091], [-102.147454, 31.480975], [-102.147253, 31.481027], [-102.147178, 31.481047], [-102.147156, 31.481053], [-102.147138, 31.481058], [-102.147043, 31.481084], [-102.146897, 31.481123], [-102.146751, 31.481162], [-102.146671, 31.481183], [-102.146604, 31.481201], [-102.146359, 31.481267], [-102.146115, 31.481331], [-102.146025, 31.481355], [-102.145982, 31.481362], [-102.145942, 31.481363], [-102.145863, 31.48136], [-102.145734, 31.481354], [-102.145516, 31.481346], [-102.145402, 31.481341], [-102.145366, 31.48134], [-102.145315, 31.481337], [-102.145213, 31.481333], [-102.145153, 31.481331], [-102.144953, 31.481321], [-102.144697, 31.48131], [-102.144445, 31.4813], [-102.144191, 31.48129], [-102.144114, 31.481293], [-102.143945, 31.481336], [-102.143704, 31.481401], [-102.14346, 31.481466], [-102.143215, 31.48153], [-102.142971, 31.481596], [-102.142766, 31.481651], [-102.142725, 31.48166], [-102.142476, 31.481712], [-102.142319, 31.481745], [-102.142218, 31.481766], [-102.14212, 31.481787], [-102.142017, 31.481808], [-102.141913, 31.48183], [-102.141814, 31.481851], [-102.141566, 31.481905], [-102.141418, 31.48194], [-102.141269, 31.481973], [-102.141109, 31.482012], [-102.140865, 31.48207], [-102.140618, 31.482129], [-102.140371, 31.482188], [-102.140125, 31.482247], [-102.139878, 31.482307], [-102.139631, 31.482366], [-102.139388, 31.482425], [-102.139253, 31.482457], [-102.139069, 31.482503], [-102.139006, 31.482517], [-102.138893, 31.482545], [-102.138885, 31.482548], [-102.138774, 31.482574], [-102.138711, 31.482588], [-102.138663, 31.4826], [-102.138551, 31.482627], [-102.138403, 31.482662], [-102.138163, 31.482718], [-102.137915, 31.482778], [-102.137668, 31.482837], [-102.137424, 31.482895], [-102.137178, 31.482954], [-102.136931, 31.483013], [-102.136684, 31.483072], [-102.136437, 31.483132], [-102.13619, 31.483191], [-102.135943, 31.48325], [-102.135696, 31.48331], [-102.13545, 31.483368], [-102.135207, 31.483428], [-102.134959, 31.483486], [-102.134712, 31.483546], [-102.134466, 31.483605], [-102.13422, 31.483665], [-102.134099, 31.483693], [-102.133902, 31.483741], [-102.133739, 31.48378], [-102.13355, 31.483825], [-102.133338, 31.483876], [-102.133091, 31.483935], [-102.132845, 31.483994], [-102.132598, 31.484053], [-102.132351, 31.484113], [-102.132105, 31.484172], [-102.131954, 31.484208], [-102.1318, 31.484245], [-102.131627, 31.484287], [-102.131403, 31.484341], [-102.13131, 31.484363], [-102.131202, 31.484389], [-102.131048, 31.484426], [-102.130944, 31.48445], [-102.130795, 31.484486], [-102.130548, 31.484545], [-102.130301, 31.484604], [-102.130058, 31.484663], [-102.129811, 31.484722], [-102.129564, 31.484781], [-102.129353, 31.484832], [-102.129105, 31.484891], [-102.12888, 31.484945], [-102.128733, 31.48498], [-102.128585, 31.485015], [-102.128395, 31.485061], [-102.128148, 31.485119], [-102.127999, 31.485155], [-102.127828, 31.485196], [-102.12764, 31.485241], [-102.127454, 31.485286], [-102.127325, 31.485317], [-102.127206, 31.485345], [-102.127024, 31.485389], [-102.126777, 31.485448], [-102.126537, 31.485505], [-102.126308, 31.48556], [-102.126064, 31.485619], [-102.125818, 31.485678], [-102.125681, 31.485711], [-102.125529, 31.485747], [-102.125373, 31.485785], [-102.125155, 31.485837], [-102.124965, 31.485883], [-102.124747, 31.485935], [-102.124574, 31.485977], [-102.124327, 31.486036], [-102.12408, 31.486095], [-102.123833, 31.486154], [-102.123586, 31.486214], [-102.123339, 31.486273], [-102.123231, 31.486299], [-102.123113, 31.486327], [-102.122867, 31.486386], [-102.122849, 31.48639], [-102.122644, 31.486439], [-102.122416, 31.486495], [-102.122398, 31.486499], [-102.122203, 31.486546], [-102.12215, 31.486559], [-102.121939, 31.48661], [-102.121903, 31.486618], [-102.121756, 31.486653], [-102.121608, 31.486689], [-102.121383, 31.486741], [-102.121136, 31.486801], [-102.120889, 31.48686], [-102.120729, 31.486898], [-102.120482, 31.486958], [-102.120242, 31.487015], [-102.120087, 31.487053], [-102.119853, 31.487109], [-102.119614, 31.487166], [-102.119367, 31.487225], [-102.11912, 31.487284], [-102.118873, 31.487343], [-102.118626, 31.487402], [-102.118381, 31.487461], [-102.118134, 31.48752], [-102.117888, 31.48758], [-102.117641, 31.48764], [-102.11756, 31.487659], [-102.117394, 31.487698], [-102.117149, 31.487757], [-102.11695, 31.487805], [-102.116902, 31.487816], [-102.116711, 31.487863], [-102.116692, 31.487868], [-102.116471, 31.487917], [-102.116464, 31.487919], [-102.116322, 31.487957], [-102.116174, 31.487992], [-102.115958, 31.488042], [-102.115764, 31.488089], [-102.115641, 31.488119], [-102.115524, 31.488146], [-102.115281, 31.488205], [-102.115034, 31.488264], [-102.114787, 31.488324], [-102.114568, 31.488378], [-102.114567, 31.488379], [-102.114323, 31.488439], [-102.114076, 31.488497], [-102.113993, 31.488516], [-102.113917, 31.488534], [-102.113794, 31.488564], [-102.113718, 31.488582], [-102.11368, 31.488589], [-102.113661, 31.488595], [-102.113434, 31.488647], [-102.113378, 31.488661], [-102.113141, 31.488719], [-102.113109, 31.488726], [-102.113106, 31.488727], [-102.112885, 31.488779], [-102.112638, 31.488838], [-102.112393, 31.488897], [-102.112147, 31.488956], [-102.111904, 31.489014], [-102.111762, 31.489048], [-102.111625, 31.489081], [-102.111472, 31.489118], [-102.11127, 31.489166], [-102.111071, 31.489213], [-102.110865, 31.489263], [-102.110654, 31.489313], [-102.110407, 31.489372], [-102.11016, 31.489432], [-102.109914, 31.489491], [-102.109668, 31.48955], [-102.109423, 31.489609], [-102.109176, 31.489667], [-102.108929, 31.489726], [-102.108836, 31.489748], [-102.108628, 31.489799], [-102.108592, 31.489806], [-102.108419, 31.489848], [-102.108359, 31.489861], [-102.108333, 31.489868], [-102.108212, 31.489896], [-102.108072, 31.489931], [-102.108045, 31.489937], [-102.107944, 31.48996], [-102.10783, 31.489989], [-102.107825, 31.48999], [-102.107584, 31.490049], [-102.107491, 31.490072], [-102.107245, 31.490132], [-102.106997, 31.49019], [-102.106965, 31.490198], [-102.106806, 31.490235], [-102.106682, 31.490264], [-102.106654, 31.490271], [-102.106498, 31.490308], [-102.106345, 31.490344], [-102.106321, 31.490351], [-102.106267, 31.490364], [-102.106153, 31.490391], [-102.106089, 31.490407], [-102.106083, 31.490408], [-102.105936, 31.490442], [-102.105897, 31.490452], [-102.105757, 31.490485], [-102.105727, 31.490492], [-102.105481, 31.490552], [-102.10543, 31.490564], [-102.105418, 31.490567], [-102.105185, 31.490623], [-102.105172, 31.490626], [-102.104927, 31.490685], [-102.10468, 31.490744], [-102.104619, 31.490759], [-102.104433, 31.490803], [-102.104263, 31.490844], [-102.104145, 31.490872], [-102.103982, 31.490911], [-102.103735, 31.49097], [-102.10369, 31.490981], [-102.103573, 31.491009], [-102.103383, 31.491054], [-102.103136, 31.491114], [-102.102956, 31.491157], [-102.102889, 31.491174], [-102.102642, 31.491232], [-102.102576, 31.491248], [-102.102395, 31.491291], [-102.102151, 31.491349], [-102.102089, 31.491365], [-102.101905, 31.491409], [-102.101852, 31.491421], [-102.101699, 31.491458], [-102.101657, 31.491468], [-102.101588, 31.491485], [-102.10143, 31.491523], [-102.101191, 31.49158], [-102.100945, 31.491639], [-102.100698, 31.491699], [-102.100452, 31.491756], [-102.100452, 31.491757], [-102.100212, 31.491815], [-102.100207, 31.491816], [-102.100059, 31.491852], [-102.099985, 31.491869], [-102.099913, 31.491886], [-102.099686, 31.491941], [-102.099675, 31.491943], [-102.099441, 31.491999], [-102.09933, 31.492025], [-102.099274, 31.492039], [-102.099084, 31.492085], [-102.098974, 31.492112], [-102.09885, 31.492142], [-102.098755, 31.492164], [-102.098602, 31.492201], [-102.098567, 31.492209], [-102.098355, 31.49226], [-102.098257, 31.492283], [-102.098108, 31.492319], [-102.097917, 31.492365], [-102.09786, 31.492378], [-102.097625, 31.492434], [-102.097615, 31.492437], [-102.09737, 31.492494], [-102.097368, 31.492495], [-102.097366, 31.492496], [-102.097122, 31.492554], [-102.096938, 31.4926], [-102.096851, 31.49262], [-102.096843, 31.492622], [-102.096597, 31.492682], [-102.096414, 31.492726], [-102.096352, 31.49274], [-102.096241, 31.492766], [-102.096228, 31.492769], [-102.096105, 31.492799], [-102.095873, 31.492854], [-102.095859, 31.492859], [-102.095625, 31.492912], [-102.095378, 31.492971], [-102.095275, 31.492996], [-102.095135, 31.493029], [-102.094888, 31.493089], [-102.09486, 31.493095], [-102.094771, 31.493117], [-102.094631, 31.493149], [-102.094524, 31.493175], [-102.094408, 31.493204], [-102.094323, 31.493235], [-102.094179, 31.493288], [-102.09397, 31.493365], [-102.093735, 31.493452], [-102.093499, 31.493539], [-102.093268, 31.493623], [-102.093031, 31.49371], [-102.092863, 31.493771], [-102.092795, 31.493796], [-102.092576, 31.493877], [-102.092341, 31.493965], [-102.092178, 31.494025], [-102.091942, 31.494112], [-102.09171, 31.494198], [-102.091475, 31.494284], [-102.091242, 31.49437], [-102.091006, 31.494456], [-102.090771, 31.494543], [-102.090541, 31.494629], [-102.090305, 31.494715], [-102.09007, 31.494801], [-102.089834, 31.494888], [-102.08974, 31.494923], [-102.08966, 31.494953], [-102.089568, 31.494987], [-102.089564, 31.494989], [-102.089469, 31.495023], [-102.089394, 31.49505], [-102.08927, 31.495097], [-102.089039, 31.495183], [-102.088804, 31.495269], [-102.08857, 31.495357], [-102.088482, 31.495391], [-102.088444, 31.495406], [-102.088331, 31.495447], [-102.088244, 31.495479], [-102.088142, 31.495516], [-102.088008, 31.495565], [-102.087861, 31.495619], [-102.087722, 31.49567], [-102.087578, 31.495722], [-102.087438, 31.495774], [-102.087341, 31.495809], [-102.087309, 31.49582], [-102.087072, 31.495905], [-102.086839, 31.49599], [-102.086648, 31.49606], [-102.086439, 31.496138], [-102.08638, 31.496159], [-102.086195, 31.496204], [-102.086013, 31.496247], [-102.085808, 31.496296], [-102.085564, 31.496353], [-102.085383, 31.496397], [-102.085199, 31.49644], [-102.085136, 31.496456], [-102.085014, 31.496484], [-102.084889, 31.496515], [-102.084828, 31.496529], [-102.084757, 31.496546], [-102.084509, 31.496604], [-102.084447, 31.496619], [-102.084243, 31.496667], [-102.083996, 31.496726], [-102.083762, 31.496781], [-102.083529, 31.496836], [-102.083281, 31.496895], [-102.083034, 31.496953], [-102.082787, 31.497012], [-102.08254, 31.49707], [-102.082293, 31.497128], [-102.082049, 31.497185], [-102.081802, 31.497244], [-102.081555, 31.497302], [-102.081307, 31.497361], [-102.08106, 31.497419], [-102.080813, 31.497477], [-102.080566, 31.497536], [-102.080422, 31.49757], [-102.080302, 31.497598], [-102.080158, 31.497632], [-102.079942, 31.497683], [-102.079784, 31.497721], [-102.079628, 31.497757], [-102.079439, 31.497802], [-102.079191, 31.49786], [-102.079027, 31.497898], [-102.078779, 31.497957], [-102.078642, 31.49799], [-102.078631, 31.497992], [-102.078274, 31.498078], [-102.078026, 31.498137], [-102.077949, 31.498155], [-102.077702, 31.498214], [-102.077455, 31.498273], [-102.077316, 31.498306], [-102.077069, 31.498365], [-102.076824, 31.498423], [-102.076576, 31.49848], [-102.076329, 31.498538], [-102.076262, 31.498554], [-102.076082, 31.498596], [-102.075848, 31.498653], [-102.07568, 31.498693], [-102.075585, 31.498715], [-102.075441, 31.49875], [-102.075301, 31.498783], [-102.075096, 31.498832], [-102.074853, 31.49889], [-102.074605, 31.498948], [-102.074358, 31.499006], [-102.074111, 31.499065], [-102.073864, 31.499124], [-102.073742, 31.499153], [-102.073547, 31.4992], [-102.073386, 31.499238], [-102.073234, 31.499275], [-102.073041, 31.499321], [-102.072794, 31.499379], [-102.072548, 31.499437], [-102.0723, 31.499495], [-102.072053, 31.499553], [-102.071806, 31.499612], [-102.071738, 31.499628], [-102.07166, 31.499649], [-102.071544, 31.499673], [-102.071395, 31.49971], [-102.071147, 31.499768], [-102.071061, 31.499788], [-102.070837, 31.499842], [-102.07059, 31.4999], [-102.070346, 31.499958], [-102.070099, 31.500017], [-102.069854, 31.500075], [-102.069607, 31.500133], [-102.069445, 31.500172], [-102.069198, 31.50023], [-102.068951, 31.500289], [-102.068707, 31.500347], [-102.06846, 31.500405], [-102.068217, 31.500463], [-102.067969, 31.500521], [-102.067723, 31.50058], [-102.067476, 31.500639], [-102.067229, 31.500698], [-102.067003, 31.500751], [-102.066859, 31.500785], [-102.066758, 31.500809], [-102.066611, 31.500844], [-102.06651, 31.500868], [-102.066263, 31.500926], [-102.066016, 31.500984], [-102.065769, 31.501041], [-102.065521, 31.5011], [-102.065294, 31.501152], [-102.065047, 31.501211], [-102.0648, 31.50127], [-102.064651, 31.501305], [-102.064558, 31.501327], [-102.064417, 31.50136], [-102.064302, 31.501387], [-102.064055, 31.501445], [-102.063808, 31.501504], [-102.063675, 31.501536], [-102.063428, 31.501594], [-102.063401, 31.501601], [-102.06328, 31.50163], [-102.063133, 31.501665], [-102.062885, 31.501723], [-102.06278, 31.501748], [-102.062651, 31.501779], [-102.06245, 31.501827], [-102.062204, 31.501886], [-102.06197, 31.501942], [-102.061801, 31.501982], [-102.061584, 31.502034], [-102.061376, 31.502085], [-102.061172, 31.502134], [-102.060965, 31.502185], [-102.060718, 31.502244], [-102.060518, 31.502293], [-102.060271, 31.502353], [-102.060125, 31.502389], [-102.060005, 31.502418], [-102.05985, 31.502456], [-102.059648, 31.502505], [-102.059542, 31.502531], [-102.059428, 31.502558], [-102.059329, 31.502582], [-102.059233, 31.502605], [-102.059046, 31.50265], [-102.058802, 31.502709], [-102.058555, 31.502769], [-102.058308, 31.502829], [-102.058062, 31.502889], [-102.057815, 31.502949], [-102.057707, 31.502975], [-102.057524, 31.503019], [-102.057337, 31.503064], [-102.057125, 31.503115], [-102.056996, 31.503146], [-102.056919, 31.503164], [-102.056688, 31.50322], [-102.056672, 31.503224], [-102.05649, 31.503268], [-102.056336, 31.503305], [-102.056242, 31.503327], [-102.056021, 31.503379], [-102.056001, 31.503386], [-102.055927, 31.503401], [-102.055874, 31.50342], [-102.055811, 31.503454], [-102.055788, 31.503469], [-102.055579, 31.503596], [-102.055532, 31.503625], [-102.055445, 31.503671], [-102.055384, 31.503695], [-102.055369, 31.503694], [-102.055338, 31.503706], [-102.055139, 31.503755], [-102.055136, 31.503756], [-102.054989, 31.503793], [-102.054842, 31.50383], [-102.054815, 31.503838], [-102.054758, 31.503844], [-102.054685, 31.503842], [-102.054662, 31.503839], [-102.054491, 31.503826], [-102.054321, 31.503815], [-102.054235, 31.503814], [-102.054123, 31.503838], [-102.054026, 31.503861], [-102.053913, 31.503889], [-102.053848, 31.503905], [-102.053781, 31.503922], [-102.053599, 31.503966], [-102.053356, 31.504025], [-102.053344, 31.504029], [-102.053109, 31.504086], [-102.052862, 31.504145], [-102.052747, 31.504174], [-102.052732, 31.504178], [-102.052546, 31.504223], [-102.052484, 31.504237], [-102.052376, 31.504265], [-102.052239, 31.504299], [-102.052176, 31.504313], [-102.051991, 31.504358], [-102.051758, 31.504414], [-102.051646, 31.504443], [-102.051622, 31.504448], [-102.051444, 31.50449], [-102.051397, 31.504502], [-102.051149, 31.50456], [-102.050903, 31.50462], [-102.050657, 31.504679], [-102.050536, 31.504708], [-102.050444, 31.50473], [-102.050318, 31.504761], [-102.05013, 31.504806], [-102.050034, 31.50483], [-102.049905, 31.504861], [-102.049895, 31.504865], [-102.049887, 31.504873], [-102.049805, 31.504996], [-102.049751, 31.505078], [-102.049625, 31.50527], [-102.049499, 31.505461], [-102.049374, 31.505653], [-102.049249, 31.505843], [-102.049125, 31.506035], [-102.049, 31.506227], [-102.048875, 31.506419], [-102.048749, 31.506611], [-102.048624, 31.506802], [-102.048499, 31.506992], [-102.048464, 31.507044], [-102.04834, 31.507236], [-102.048311, 31.507282], [-102.048309, 31.507283], [-102.048267, 31.507349], [-102.048192, 31.507463], [-102.048152, 31.507523], [-102.048026, 31.507715], [-102.047999, 31.507757], [-102.047995, 31.507761], [-102.047991, 31.507763], [-102.047745, 31.507823], [-102.047671, 31.507841], [-102.047427, 31.507899], [-102.047307, 31.507928], [-102.047217, 31.507949], [-102.04697, 31.508009], [-102.046885, 31.50803], [-102.046638, 31.508089], [-102.046554, 31.50811], [-102.046508, 31.508122], [-102.046262, 31.508182], [-102.046235, 31.508189], [-102.046016, 31.508242], [-102.045769, 31.508302], [-102.045694, 31.50832], [-102.045525, 31.508361], [-102.045364, 31.5084], [-102.045117, 31.508459], [-102.044928, 31.508505], [-102.044845, 31.508525], [-102.044724, 31.508554], [-102.044535, 31.5086], [-102.044478, 31.508614], [-102.044323, 31.508651], [-102.044235, 31.508673], [-102.044003, 31.508728], [-102.043772, 31.508783], [-102.043756, 31.508786], [-102.043532, 31.50884], [-102.043287, 31.508897], [-102.043139, 31.508931], [-102.042897, 31.508984], [-102.042798, 31.509006], [-102.042677, 31.509032], [-102.042576, 31.509054], [-102.042448, 31.509082], [-102.04222, 31.509131], [-102.041972, 31.509184], [-102.041723, 31.509239], [-102.041475, 31.509294], [-102.041227, 31.509349], [-102.040979, 31.509404], [-102.040793, 31.509444], [-102.040683, 31.509468], [-102.040546, 31.509498], [-102.040332, 31.509545], [-102.040186, 31.509577], [-102.04014, 31.509587], [-102.039892, 31.509642], [-102.039644, 31.509696], [-102.0394, 31.50975], [-102.03915, 31.509805], [-102.039001, 31.509837], [-102.038854, 31.50987], [-102.038606, 31.509926], [-102.038474, 31.509955], [-102.038372, 31.509978], [-102.038123, 31.510033], [-102.037977, 31.510066], [-102.037804, 31.510105], [-102.037647, 31.510139], [-102.037477, 31.510178], [-102.037302, 31.510216], [-102.037054, 31.510271], [-102.036806, 31.510326], [-102.036558, 31.510381], [-102.036309, 31.510436], [-102.036061, 31.51049], [-102.035923, 31.510521], [-102.035674, 31.510576], [-102.03556, 31.510601], [-102.035449, 31.510626], [-102.035348, 31.510648], [-102.035243, 31.510672], [-102.034995, 31.510727], [-102.034749, 31.510781], [-102.034501, 31.510838], [-102.034255, 31.510894], [-102.034018, 31.510947], [-102.033769, 31.511001], [-102.033522, 31.511056], [-102.033391, 31.511085], [-102.033267, 31.511113], [-102.033172, 31.511134], [-102.033064, 31.511157], [-102.032816, 31.511212], [-102.032568, 31.511268], [-102.032319, 31.511323], [-102.032071, 31.511377], [-102.031827, 31.511432], [-102.031579, 31.511487], [-102.031442, 31.511517], [-102.031343, 31.511539], [-102.031247, 31.51156], [-102.031129, 31.511587], [-102.031031, 31.511609], [-102.031008, 31.511614], [-102.030783, 31.511663], [-102.030535, 31.511718], [-102.030397, 31.511749], [-102.030289, 31.511773], [-102.030041, 31.511828], [-102.029803, 31.51188], [-102.029555, 31.511935], [-102.029307, 31.511991], [-102.029059, 31.512046], [-102.028811, 31.512101], [-102.028566, 31.512156], [-102.028318, 31.512212], [-102.02807, 31.512266], [-102.027822, 31.512321], [-102.027573, 31.512377], [-102.027325, 31.512432], [-102.027077, 31.512488], [-102.026829, 31.512542], [-102.02658, 31.512597], [-102.026336, 31.512652], [-102.026087, 31.512707], [-102.025839, 31.512763], [-102.025832, 31.512764], [-102.0256, 31.512816], [-102.025591, 31.512818], [-102.025343, 31.512873], [-102.025095, 31.512928], [-102.024846, 31.512983], [-102.024715, 31.513012], [-102.024501, 31.513059], [-102.024295, 31.513105], [-102.024088, 31.51315], [-102.023867, 31.513199], [-102.023619, 31.513254], [-102.023371, 31.51331], [-102.023122, 31.513364], [-102.022874, 31.51342], [-102.022626, 31.513475], [-102.022466, 31.513511], [-102.022218, 31.513566], [-102.022014, 31.513611], [-102.021884, 31.51364], [-102.021778, 31.513664], [-102.021529, 31.513719], [-102.021281, 31.513774], [-102.021033, 31.513829], [-102.020785, 31.513884], [-102.020537, 31.513939], [-102.020293, 31.513994], [-102.020162, 31.514023], [-102.020019, 31.514054], [-102.019814, 31.514099], [-102.019627, 31.514141], [-102.019431, 31.514185], [-102.019206, 31.514234], [-102.018958, 31.514289], [-102.01871, 31.514345], [-102.018465, 31.5144], [-102.018217, 31.514455], [-102.017974, 31.514509], [-102.017782, 31.514551], [-102.017568, 31.514598], [-102.017348, 31.514645], [-102.017151, 31.514689], [-102.016936, 31.514737], [-102.016688, 31.514792], [-102.016441, 31.514849], [-102.016192, 31.514904], [-102.015945, 31.51496], [-102.015696, 31.515015], [-102.015566, 31.515044], [-102.015407, 31.515079], [-102.015158, 31.515135], [-102.014982, 31.515174], [-102.014794, 31.515216], [-102.014546, 31.515271], [-102.014301, 31.515326], [-102.014053, 31.51538], [-102.013805, 31.515436], [-102.013557, 31.51549], [-102.013309, 31.515545], [-102.013144, 31.515581], [-102.012896, 31.515636], [-102.012678, 31.515684], [-102.01243, 31.515739], [-102.012182, 31.515795], [-102.011934, 31.51585], [-102.011686, 31.515905], [-102.011439, 31.51596], [-102.011194, 31.516015], [-102.010946, 31.51607], [-102.010698, 31.516125], [-102.010511, 31.516166], [-102.010416, 31.516188], [-102.010294, 31.516214], [-102.010046, 31.516269], [-102.0098, 31.516323], [-102.009554, 31.516378], [-102.009306, 31.516433], [-102.009058, 31.516488], [-102.008809, 31.516544], [-102.008564, 31.516598], [-102.008337, 31.516649], [-102.008112, 31.516698], [-102.007863, 31.516753], [-102.007615, 31.516809], [-102.007367, 31.516864], [-102.007118, 31.516919], [-102.00687, 31.516974], [-102.006622, 31.517029], [-102.006374, 31.517085], [-102.006125, 31.51714], [-102.005877, 31.517195], [-102.005629, 31.51725], [-102.00538, 31.517305], [-102.005134, 31.51736], [-102.005101, 31.517367], [-102.004883, 31.517415], [-102.004714, 31.517452], [-102.004597, 31.517479], [-102.004474, 31.517528], [-102.004244, 31.517624], [-102.004172, 31.517654], [-102.003942, 31.517752], [-102.003747, 31.517835], [-102.003517, 31.517933], [-102.003288, 31.51803], [-102.00306, 31.518126], [-102.00283, 31.518224], [-102.002601, 31.518319], [-102.002371, 31.518416], [-102.002191, 31.518493], [-102.001961, 31.51859], [-102.001785, 31.518665], [-102.001609, 31.51874], [-102.001378, 31.518836], [-102.001148, 31.518933], [-102.00092, 31.51903], [-102.000691, 31.519127], [-102.000651, 31.519144], [-102.00046, 31.519224], [-102.000233, 31.51932], [-102.000172, 31.519346], [-101.999942, 31.519443], [-101.999712, 31.519541], [-101.999582, 31.519595], [-101.999494, 31.519633], [-101.99939, 31.519675], [-101.999254, 31.519708], [-101.99914, 31.519735], [-101.999097, 31.519745], [-101.999039, 31.519759], [-101.998792, 31.519816], [-101.998664, 31.519846], [-101.998544, 31.519874], [-101.998507, 31.519883], [-101.998296, 31.519932], [-101.998227, 31.519948], [-101.998051, 31.51999], [-101.997998, 31.520002], [-101.997803, 31.520048], [-101.99762, 31.520091], [-101.997373, 31.520148], [-101.997302, 31.520164], [-101.997154, 31.520199], [-101.997029, 31.520228], [-101.996907, 31.520257], [-101.99674, 31.520296], [-101.996663, 31.520314], [-101.996415, 31.520372], [-101.996322, 31.520394], [-101.996169, 31.520429], [-101.995923, 31.520487], [-101.995676, 31.520545], [-101.995429, 31.520603], [-101.995208, 31.520654], [-101.995053, 31.52069], [-101.995023, 31.520698], [-101.99486, 31.520736], [-101.994775, 31.520755], [-101.994531, 31.520812], [-101.994283, 31.520869], [-101.99404, 31.520926], [-101.993805, 31.520981], [-101.993607, 31.521027], [-101.993545, 31.521041], [-101.993406, 31.521074], [-101.993158, 31.521132], [-101.992932, 31.521184], [-101.992921, 31.521187], [-101.992684, 31.521242], [-101.992674, 31.521244], [-101.992523, 31.521279], [-101.992443, 31.521298], [-101.992278, 31.521337], [-101.992196, 31.521356], [-101.992106, 31.521377], [-101.991948, 31.521413], [-101.991849, 31.521436], [-101.991701, 31.52147], [-101.991687, 31.521474], [-101.991454, 31.521528], [-101.991377, 31.521547], [-101.99129, 31.521567], [-101.991206, 31.521587], [-101.990959, 31.521645], [-101.990926, 31.521653], [-101.990834, 31.521674], [-101.990667, 31.521713], [-101.99042, 31.521771], [-101.990189, 31.521825], [-101.989945, 31.521882], [-101.989697, 31.52194], [-101.989648, 31.521951], [-101.98945, 31.521997], [-101.989202, 31.522055], [-101.988993, 31.522105], [-101.988955, 31.522114], [-101.988708, 31.522172], [-101.98846, 31.522229], [-101.988213, 31.522286], [-101.988094, 31.522314], [-101.98799, 31.522338], [-101.987839, 31.522374], [-101.987718, 31.522401], [-101.987471, 31.522459], [-101.987223, 31.522516], [-101.986977, 31.522573], [-101.98673, 31.522631], [-101.986482, 31.522689], [-101.986234, 31.522746], [-101.985987, 31.522804], [-101.98574, 31.522862], [-101.9855, 31.522918], [-101.985252, 31.522977], [-101.985005, 31.523033], [-101.984757, 31.523091], [-101.98451, 31.52315], [-101.984262, 31.523208], [-101.984015, 31.523265], [-101.983768, 31.523323], [-101.983524, 31.523379], [-101.983278, 31.523437], [-101.983155, 31.523466], [-101.983031, 31.523495], [-101.982973, 31.523509], [-101.982783, 31.523552], [-101.982753, 31.523559], [-101.982536, 31.523609], [-101.982288, 31.523666], [-101.982216, 31.523683], [-101.98198, 31.523738], [-101.981976, 31.52374], [-101.981972, 31.523743], [-101.981847, 31.523931], [-101.981721, 31.524119], [-101.981703, 31.524146], [-101.981644, 31.524235], [-101.981582, 31.524328], [-101.981579, 31.524331], [-101.981575, 31.524333], [-101.981337, 31.524389], [-101.981195, 31.524422], [-101.980951, 31.52448], [-101.980708, 31.524538], [-101.980461, 31.524596], [-101.980214, 31.524653], [-101.979978, 31.524709], [-101.979731, 31.524766], [-101.979484, 31.524822], [-101.979238, 31.524879], [-101.97899, 31.524938], [-101.978743, 31.524996], [-101.978496, 31.525053], [-101.978246, 31.525112], [-101.977999, 31.525169], [-101.977751, 31.525226], [-101.977589, 31.525263], [-101.977341, 31.525319], [-101.977093, 31.525374], [-101.976845, 31.52543], [-101.976598, 31.525485], [-101.97635, 31.525541], [-101.976101, 31.525596], [-101.975853, 31.525651], [-101.975605, 31.525706], [-101.975357, 31.525761], [-101.975201, 31.525796], [-101.975052, 31.52583], [-101.974912, 31.525861], [-101.974703, 31.525908], [-101.974561, 31.525939], [-101.97438, 31.52598], [-101.974152, 31.52603], [-101.973904, 31.526085], [-101.973656, 31.52614], [-101.973408, 31.526195], [-101.97316, 31.526252], [-101.972912, 31.526308], [-101.972664, 31.526365], [-101.97242, 31.52642], [-101.972172, 31.526477], [-101.972026, 31.526511], [-101.971908, 31.526537], [-101.971661, 31.526594], [-101.971413, 31.52665], [-101.971168, 31.526705], [-101.97092, 31.526761], [-101.970672, 31.526818], [-101.970469, 31.526864], [-101.970223, 31.526921], [-101.97004, 31.526963], [-101.969859, 31.527004], [-101.969615, 31.527059], [-101.969367, 31.527117], [-101.969129, 31.52717], [-101.96888, 31.527227], [-101.968632, 31.527283], [-101.968387, 31.527339], [-101.968228, 31.527376], [-101.96798, 31.527432], [-101.967861, 31.527459], [-101.967764, 31.527481], [-101.96752, 31.527536], [-101.967272, 31.527593], [-101.967024, 31.527649], [-101.966777, 31.527706], [-101.966529, 31.527761], [-101.966281, 31.527818], [-101.966033, 31.527875], [-101.965832, 31.527921], [-101.965585, 31.527976], [-101.965366, 31.528027], [-101.965148, 31.528077], [-101.964905, 31.528131], [-101.964658, 31.528187], [-101.96441, 31.528244], [-101.964162, 31.5283], [-101.963917, 31.528356], [-101.963675, 31.528411], [-101.963541, 31.528442], [-101.963397, 31.528474], [-101.963153, 31.52853], [-101.962993, 31.528566], [-101.962857, 31.528597], [-101.96261, 31.528653], [-101.962362, 31.52871], [-101.962114, 31.528767], [-101.961866, 31.528824], [-101.961619, 31.528881], [-101.961371, 31.528937], [-101.961123, 31.528994], [-101.960875, 31.52905], [-101.960627, 31.529106], [-101.960379, 31.529161], [-101.960134, 31.529216], [-101.959889, 31.529272], [-101.959872, 31.529276], [-101.959757, 31.529302], [-101.959641, 31.529327], [-101.959571, 31.529342], [-101.959393, 31.529382], [-101.959362, 31.529389], [-101.959146, 31.529439], [-101.958999, 31.529474], [-101.958755, 31.52953], [-101.958592, 31.529567], [-101.958435, 31.529603], [-101.958188, 31.52966], [-101.95794, 31.529716], [-101.957692, 31.529773], [-101.957445, 31.529829], [-101.957197, 31.529885], [-101.956949, 31.529941], [-101.956814, 31.529972], [-101.956566, 31.530029], [-101.956436, 31.530058], [-101.956323, 31.530084], [-101.956102, 31.530134], [-101.955854, 31.53019], [-101.955609, 31.530246], [-101.955426, 31.530288], [-101.955361, 31.530302], [-101.955234, 31.530331], [-101.955114, 31.530358], [-101.954988, 31.530388], [-101.954867, 31.530415], [-101.954633, 31.530468], [-101.954385, 31.530525], [-101.954136, 31.530582], [-101.953889, 31.530638], [-101.953643, 31.530693], [-101.953398, 31.530749], [-101.95315, 31.530806], [-101.952903, 31.530863], [-101.952655, 31.530919], [-101.952407, 31.530976], [-101.952197, 31.531023], [-101.951975, 31.531074], [-101.951765, 31.531122], [-101.95158, 31.531165], [-101.951335, 31.531222], [-101.951087, 31.531278], [-101.951053, 31.531286], [-101.951032, 31.53129], [-101.950888, 31.531323], [-101.95074, 31.531356], [-101.950595, 31.531389], [-101.950489, 31.531413], [-101.950446, 31.531422], [-101.950198, 31.531479], [-101.950096, 31.531502], [-101.950039, 31.53151], [-101.949991, 31.531511], [-101.949946, 31.531507], [-101.949896, 31.531503], [-101.949641, 31.531479], [-101.949387, 31.531456], [-101.949097, 31.531432], [-101.94909, 31.531432], [-101.949083, 31.531433], [-101.948835, 31.531492], [-101.948666, 31.531533], [-101.948432, 31.531592], [-101.948185, 31.531652], [-101.947939, 31.531713], [-101.947818, 31.531743], [-101.947714, 31.531769], [-101.947516, 31.531817], [-101.947487, 31.531824], [-101.947467, 31.531829], [-101.947343, 31.531858], [-101.947207, 31.531891], [-101.947195, 31.531895], [-101.947008, 31.531941], [-101.946962, 31.531952], [-101.946961, 31.531953], [-101.946836, 31.531983], [-101.946817, 31.531988], [-101.946803, 31.531991], [-101.946792, 31.531994], [-101.94676, 31.532002], [-101.946669, 31.532024], [-101.946495, 31.532066], [-101.946473, 31.532071], [-101.946226, 31.532131], [-101.945981, 31.53219], [-101.945734, 31.532249], [-101.94549, 31.532307], [-101.945353, 31.53234], [-101.945106, 31.5324], [-101.944859, 31.532459], [-101.944612, 31.532518], [-101.944502, 31.532545], [-101.944366, 31.532577], [-101.944119, 31.532636], [-101.943885, 31.532693], [-101.943872, 31.532696], [-101.943808, 31.532711], [-101.943629, 31.532754], [-101.943567, 31.532769], [-101.943385, 31.532813], [-101.943205, 31.532857], [-101.94296, 31.532916], [-101.942713, 31.532975], [-101.942707, 31.532976], [-101.942467, 31.533034], [-101.942233, 31.533088], [-101.941986, 31.533148], [-101.941739, 31.533207], [-101.941492, 31.533267], [-101.941245, 31.533326], [-101.941002, 31.533384], [-101.940755, 31.533443], [-101.940609, 31.533478], [-101.940366, 31.533536], [-101.940124, 31.533594], [-101.939888, 31.533651], [-101.939644, 31.53371], [-101.939397, 31.533769], [-101.939154, 31.533827], [-101.938907, 31.533886], [-101.938886, 31.533891], [-101.938659, 31.533946], [-101.938576, 31.533966], [-101.938413, 31.534004], [-101.938169, 31.534063], [-101.937922, 31.534122], [-101.937678, 31.534181], [-101.937433, 31.534241], [-101.937189, 31.534299], [-101.936942, 31.534358], [-101.936695, 31.534416], [-101.936465, 31.534472], [-101.936221, 31.534531], [-101.936056, 31.53457], [-101.935809, 31.53463], [-101.935562, 31.534689], [-101.935315, 31.534749], [-101.935121, 31.534796], [-101.934874, 31.534856], [-101.934751, 31.534885], [-101.934733, 31.534885], [-101.93472, 31.53487], [-101.934707, 31.53483], [-101.9347, 31.53481], [-101.93468, 31.534747], [-101.93464, 31.534621], [-101.9346, 31.534494], [-101.934579, 31.534427], [-101.934546, 31.534335], [-101.934476, 31.534124], [-101.934407, 31.533914], [-101.93434, 31.533703], [-101.93427, 31.533492], [-101.934201, 31.533287], [-101.934167, 31.533184], [-101.934131, 31.533076], [-101.934064, 31.532867], [-101.933996, 31.532655], [-101.933926, 31.532444], [-101.933857, 31.532235], [-101.933797, 31.532051], [-101.93375, 31.531905], [-101.933728, 31.531839], [-101.933699, 31.531749], [-101.93368, 31.531694], [-101.933659, 31.531627], [-101.93362, 31.531506], [-101.933615, 31.531492], [-101.933608, 31.531481], [-101.933595, 31.531476], [-101.933366, 31.531424], [-101.933149, 31.531377], [-101.9329, 31.531322], [-101.932726, 31.531284], [-101.932693, 31.531277], [-101.93269, 31.531276], [-101.932686, 31.531276], [-101.932661, 31.53127], [-101.932656, 31.531269], [-101.932651, 31.531268], [-101.932647, 31.531267]], [[-101.932636, 31.531265], [-101.932635, 31.531267], [-101.932635, 31.531268], [-101.932635, 31.531268], [-101.932633, 31.531275], [-101.932632, 31.531276], [-101.93263, 31.531276], [-101.932606, 31.531271], [-101.932605, 31.53127], [-101.932603, 31.53127], [-101.9326, 31.531269], [-101.9326, 31.531269], [-101.932576, 31.531264], [-101.932575, 31.531262], [-101.932576, 31.531255], [-101.932577, 31.531255], [-101.932577, 31.531254], [-101.932578, 31.531252]], [[-101.932647, 31.531267], [-101.932644, 31.531267], [-101.932638, 31.531266], [-101.932636, 31.531265]], [[-101.932647, 31.531267], [-101.932648, 31.531265], [-101.932653, 31.531249], [-101.932654, 31.531248], [-101.932572, 31.531229], [-101.932572, 31.53123], [-101.932567, 31.531247], [-101.932566, 31.531249]], [[-101.932636, 31.531265], [-101.932632, 31.531264], [-101.932613, 31.53126], [-101.932612, 31.53126], [-101.932606, 31.531258], [-101.932601, 31.531257], [-101.9326, 31.531257], [-101.932581, 31.531253], [-101.932578, 31.531252]], [[-101.932578, 31.531252], [-101.932575, 31.531251], [-101.932569, 31.53125], [-101.932566, 31.531249]], [[-101.932566, 31.531249], [-101.932562, 31.531249], [-101.932557, 31.531247], [-101.932552, 31.531246], [-101.932527, 31.53124], [-101.932525, 31.53124], [-101.93252, 31.531239], [-101.932488, 31.531232], [-101.932415, 31.531215], [-101.932167, 31.53116], [-101.931919, 31.531105], [-101.931672, 31.531051], [-101.931424, 31.530996], [-101.931177, 31.530942], [-101.931164, 31.530936], [-101.931158, 31.530925], [-101.931091, 31.530717], [-101.931027, 31.530528], [-101.930957, 31.530316], [-101.930887, 31.530105], [-101.930819, 31.529896], [-101.93075, 31.529685], [-101.930684, 31.529473], [-101.930636, 31.529318], [-101.930576, 31.529123], [-101.930509, 31.528912], [-101.930444, 31.528702], [-101.930378, 31.528489], [-101.930312, 31.528277], [-101.930246, 31.528066], [-101.930184, 31.527867], [-101.930183, 31.527861], [-101.930118, 31.527657], [-101.930053, 31.527445], [-101.930017, 31.527331], [-101.929987, 31.527233], [-101.929923, 31.527027], [-101.929922, 31.527024], [-101.929856, 31.526811], [-101.92984, 31.526758], [-101.929792, 31.526599], [-101.929727, 31.526386], [-101.929661, 31.526174], [-101.929594, 31.525974], [-101.929584, 31.52594], [-101.929529, 31.525762], [-101.929502, 31.525677], [-101.929463, 31.525549], [-101.929398, 31.52534], [-101.929332, 31.525128], [-101.929267, 31.524917], [-101.929228, 31.52479], [-101.929201, 31.524704], [-101.929145, 31.524523], [-101.929136, 31.524492], [-101.929097, 31.524371], [-101.929069, 31.524283], [-101.929013, 31.524103], [-101.929003, 31.524071], [-101.928936, 31.523861], [-101.928874, 31.523659], [-101.928832, 31.523526], [-101.928778, 31.523361], [-101.928738, 31.52324], [-101.928717, 31.523148], [-101.928668, 31.522935], [-101.92862, 31.522719], [-101.928572, 31.522504], [-101.928524, 31.522288], [-101.928477, 31.522072], [-101.928461, 31.521996], [-101.928444, 31.521918], [-101.928399, 31.521715], [-101.92835, 31.521499], [-101.928299, 31.521284], [-101.928259, 31.521114], [-101.928258, 31.521111], [-101.928256, 31.521109], [-101.928081, 31.520956], [-101.928056, 31.520936], [-101.928054, 31.520933], [-101.928053, 31.520931], [-101.928, 31.520774], [-101.927934, 31.520561], [-101.927868, 31.520352], [-101.927802, 31.52014], [-101.927741, 31.519943], [-101.927675, 31.51973], [-101.927625, 31.51957], [-101.927578, 31.519418], [-101.927523, 31.519242], [-101.927468, 31.519069], [-101.927401, 31.518857], [-101.927334, 31.518645], [-101.927268, 31.518433], [-101.927202, 31.518221], [-101.927135, 31.518009], [-101.927068, 31.517797], [-101.927002, 31.517584], [-101.926943, 31.517398], [-101.926883, 31.517207], [-101.926818, 31.516998], [-101.926752, 31.516785], [-101.926686, 31.516573], [-101.926619, 31.516361], [-101.926552, 31.516149], [-101.926485, 31.515936], [-101.926419, 31.515724], [-101.926354, 31.515512], [-101.926288, 31.515299], [-101.926238, 31.515139], [-101.926186, 31.514972], [-101.92612, 31.51476], [-101.926052, 31.514549], [-101.925989, 31.514351], [-101.925922, 31.514139], [-101.925859, 31.513926], [-101.925792, 31.513714], [-101.925726, 31.513502], [-101.925659, 31.51329], [-101.92562, 31.513163], [-101.925554, 31.512953], [-101.925491, 31.512757], [-101.925425, 31.512545], [-101.925358, 31.512333], [-101.925293, 31.512121], [-101.925225, 31.511909], [-101.925159, 31.511697], [-101.925094, 31.511486], [-101.925028, 31.511274], [-101.92499, 31.51115], [-101.924924, 31.510938], [-101.924857, 31.510727], [-101.924787, 31.510516], [-101.924734, 31.510355], [-101.924669, 31.510144], [-101.924605, 31.509933], [-101.924542, 31.509719], [-101.924477, 31.509512], [-101.924411, 31.5093], [-101.924365, 31.509152], [-101.924298, 31.50894], [-101.924243, 31.50876], [-101.9243, 31.508523], [-101.924375, 31.508311], [-101.924447, 31.5081], [-101.924518, 31.507891], [-101.924586, 31.507679], [-101.924653, 31.507467], [-101.924654, 31.507464], [-101.924653, 31.507462], [-101.924595, 31.507274], [-101.924539, 31.507089], [-101.924495, 31.506948], [-101.924452, 31.506806], [-101.924409, 31.506665], [-101.924392, 31.506612], [-101.924352, 31.506481], [-101.924334, 31.506423], [-101.924305, 31.50633], [-101.92429, 31.506282], [-101.924259, 31.506184], [-101.924224, 31.506074], [-101.924218, 31.506063], [-101.924205, 31.506058], [-101.923958, 31.506002], [-101.923711, 31.505945], [-101.923463, 31.505887], [-101.923256, 31.505839], [-101.923216, 31.50583], [-101.92307, 31.505798], [-101.922968, 31.505774], [-101.922922, 31.505764], [-101.922797, 31.505734], [-101.922727, 31.505717], [-101.922677, 31.505699], [-101.922641, 31.50568], [-101.922597, 31.505654], [-101.92239, 31.505525], [-101.922273, 31.505452], [-101.922187, 31.50539], [-101.921992, 31.505248], [-101.921798, 31.505108], [-101.921601, 31.504966], [-101.921559, 31.504936], [-101.921423, 31.504844], [-101.921222, 31.504708], [-101.92102, 31.504572], [-101.920818, 31.504437], [-101.920616, 31.504302], [-101.920414, 31.504166], [-101.920212, 31.504031], [-101.920059, 31.503929], [-101.919939, 31.503848], [-101.919812, 31.503763], [-101.919655, 31.503658], [-101.919511, 31.503561], [-101.919346, 31.50345], [-101.919173, 31.503335], [-101.918971, 31.503199], [-101.918771, 31.503066], [-101.918569, 31.502931], [-101.918369, 31.502796], [-101.918167, 31.502661], [-101.917965, 31.502526], [-101.917764, 31.502389], [-101.917565, 31.502256], [-101.917362, 31.50212], [-101.917163, 31.501988], [-101.916961, 31.501852], [-101.916761, 31.501718], [-101.916559, 31.501582], [-101.916357, 31.501447], [-101.916169, 31.501319], [-101.916156, 31.501311], [-101.916057, 31.501244], [-101.916039, 31.501232], [-101.915939, 31.501165], [-101.915737, 31.50103], [-101.915716, 31.501016], [-101.915625, 31.500956], [-101.915535, 31.500908], [-101.915321, 31.500789], [-101.915263, 31.500756], [-101.915254, 31.500752], [-101.915251, 31.500749], [-101.915248, 31.500744], [-101.915225, 31.500647], [-101.915222, 31.500634], [-101.915187, 31.500507], [-101.915158, 31.50039], [-101.915138, 31.50031], [-101.915105, 31.500182], [-101.915072, 31.500053], [-101.915062, 31.50001], [-101.915044, 31.499944], [-101.915041, 31.49993], [-101.915036, 31.499914], [-101.914982, 31.499699], [-101.914933, 31.499506], [-101.914931, 31.499492], [-101.914925, 31.499483], [-101.914911, 31.499476], [-101.914892, 31.499471], [-101.914668, 31.499409], [-101.91451, 31.499365], [-101.914397, 31.499334], [-101.914297, 31.499307], [-101.914243, 31.499291], [-101.914075, 31.499247], [-101.913831, 31.499179], [-101.91359, 31.499114], [-101.91343, 31.49907], [-101.913194, 31.499005], [-101.91312, 31.498984], [-101.913071, 31.498965], [-101.913033, 31.498943], [-101.912974, 31.498903], [-101.912772, 31.498767], [-101.912569, 31.498633], [-101.912366, 31.498499], [-101.912165, 31.498365], [-101.911962, 31.498231], [-101.91176, 31.498097], [-101.911557, 31.497963], [-101.911354, 31.497828], [-101.911153, 31.497697], [-101.911003, 31.497597], [-101.91095, 31.497562], [-101.910852, 31.497496], [-101.910748, 31.497427], [-101.91061, 31.497333], [-101.910551, 31.497291], [-101.910382, 31.49717], [-101.910187, 31.497028], [-101.909992, 31.496885], [-101.909798, 31.496743], [-101.909605, 31.496602], [-101.909409, 31.496459], [-101.909217, 31.496318], [-101.909025, 31.496178], [-101.908829, 31.496036], [-101.908634, 31.495893], [-101.90844, 31.49575], [-101.908247, 31.49561], [-101.908052, 31.495468], [-101.907856, 31.495326], [-101.90778, 31.49527], [-101.907583, 31.495129], [-101.907385, 31.49499], [-101.907185, 31.494854], [-101.907114, 31.494805], [-101.907082, 31.494789], [-101.907055, 31.494774], [-101.907017, 31.494758], [-101.906967, 31.494742], [-101.906726, 31.494668], [-101.906486, 31.494592], [-101.906247, 31.494516], [-101.90601, 31.494439], [-101.905947, 31.494419], [-101.905892, 31.494397], [-101.905823, 31.494354], [-101.90579, 31.494331], [-101.905682, 31.494252], [-101.905487, 31.494109], [-101.905292, 31.493967], [-101.905097, 31.493824], [-101.904902, 31.493682], [-101.904707, 31.493539], [-101.90463, 31.493483], [-101.904505, 31.493406], [-101.904298, 31.493277], [-101.904091, 31.493147], [-101.903884, 31.493017], [-101.903753, 31.492934], [-101.903601, 31.492838], [-101.903549, 31.492806], [-101.903451, 31.492746], [-101.903342, 31.492678], [-101.903291, 31.492646], [-101.903149, 31.492557], [-101.902942, 31.492427], [-101.902877, 31.492388], [-101.902671, 31.492258], [-101.902466, 31.49213], [-101.902262, 31.492001], [-101.902055, 31.491872], [-101.901851, 31.491744], [-101.901835, 31.491735], [-101.901646, 31.491618], [-101.901438, 31.491489], [-101.901378, 31.491452], [-101.901245, 31.491363], [-101.90124, 31.49136], [-101.901233, 31.491358], [-101.901229, 31.491356], [-101.901157, 31.491336], [-101.901036, 31.491302], [-101.901025, 31.491299], [-101.901019, 31.491297], [-101.901013, 31.491293], [-101.90095, 31.49125], [-101.900852, 31.491177], [-101.900785, 31.491086], [-101.900709, 31.490998], [-101.900642, 31.490951], [-101.900591, 31.490918], [-101.900541, 31.490884], [-101.900441, 31.490818], [-101.900424, 31.490807], [-101.900411, 31.490798], [-101.900339, 31.49075], [-101.900288, 31.490716], [-101.900137, 31.490615], [-101.900063, 31.490565], [-101.900036, 31.490547], [-101.899835, 31.490412], [-101.899633, 31.490277], [-101.899501, 31.490189], [-101.899422, 31.490136], [-101.899219, 31.490001], [-101.899017, 31.489865], [-101.898815, 31.48973], [-101.898613, 31.489595], [-101.89841, 31.489461], [-101.898209, 31.489325], [-101.898006, 31.48919], [-101.89784, 31.489079], [-101.897718, 31.488997], [-101.897515, 31.488862], [-101.897361, 31.488758], [-101.897159, 31.488623], [-101.896958, 31.488489], [-101.896756, 31.488354], [-101.896553, 31.488219], [-101.896351, 31.488084], [-101.896149, 31.487948], [-101.895979, 31.487835], [-101.895777, 31.4877], [-101.895575, 31.487565], [-101.89543, 31.487469], [-101.895228, 31.487333], [-101.895025, 31.487199], [-101.894826, 31.487066], [-101.894626, 31.486933], [-101.894423, 31.486798], [-101.894221, 31.486664], [-101.894019, 31.486529], [-101.893831, 31.486405], [-101.893638, 31.486276], [-101.893436, 31.486141], [-101.893348, 31.486081], [-101.8932, 31.48598], [-101.893147, 31.485945], [-101.893047, 31.485879], [-101.893041, 31.485874], [-101.892945, 31.485811], [-101.892892, 31.485775], [-101.892763, 31.485689], [-101.892743, 31.485676], [-101.892546, 31.485544], [-101.892445, 31.485477], [-101.892243, 31.485342], [-101.892041, 31.485206], [-101.891838, 31.485071], [-101.891639, 31.484937], [-101.891437, 31.484802], [-101.891255, 31.48468], [-101.891172, 31.484626], [-101.891097, 31.484575], [-101.890895, 31.484439], [-101.890693, 31.484304], [-101.89049, 31.484169], [-101.890288, 31.484034], [-101.890085, 31.483899], [-101.889883, 31.483764], [-101.889683, 31.483631], [-101.889524, 31.483525], [-101.88936, 31.483416], [-101.889158, 31.48328], [-101.888999, 31.483173], [-101.888796, 31.483039], [-101.888594, 31.482904], [-101.888392, 31.482768], [-101.88819, 31.482632], [-101.88808, 31.482559], [-101.887991, 31.482499], [-101.887902, 31.48244], [-101.887798, 31.48237], [-101.887596, 31.482235], [-101.887395, 31.482102], [-101.887195, 31.481968], [-101.887178, 31.481957], [-101.887038, 31.481863], [-101.886905, 31.481777], [-101.886835, 31.48173], [-101.886713, 31.481648], [-101.886634, 31.481593], [-101.886435, 31.48146], [-101.886251, 31.481337], [-101.886236, 31.481327], [-101.886032, 31.481194], [-101.886011, 31.481179], [-101.885826, 31.481054], [-101.885794, 31.481032], [-101.885783, 31.481025], [-101.885597, 31.480896], [-101.885418, 31.480785], [-101.885411, 31.480779], [-101.885407, 31.480773], [-101.885326, 31.480628], [-101.885289, 31.480564], [-101.885277, 31.480537], [-101.885266, 31.480495], [-101.885255, 31.480422], [-101.885233, 31.480262], [-101.885233, 31.480256], [-101.88523, 31.480228], [-101.885214, 31.48012], [-101.885194, 31.47999], [-101.885179, 31.479889], [-101.885163, 31.479783], [-101.885144, 31.479654], [-101.885125, 31.479525], [-101.88511, 31.479426], [-101.885096, 31.479333], [-101.88509, 31.479301], [-101.88509, 31.479289], [-101.885062, 31.479084], [-101.88504, 31.478935], [-101.885029, 31.478862], [-101.885027, 31.478849], [-101.884999, 31.478644], [-101.884995, 31.478614], [-101.884987, 31.478547], [-101.884964, 31.478417], [-101.884921, 31.478337], [-101.884849, 31.478214], [-101.884753, 31.478054], [-101.884637, 31.477858], [-101.884552, 31.477716], [-101.884436, 31.47752], [-101.88433, 31.477341], [-101.88432, 31.477324], [-101.884203, 31.477129], [-101.884087, 31.476932], [-101.88397, 31.476737], [-101.883882, 31.476589], [-101.883783, 31.476425], [-101.883706, 31.476294], [-101.88359, 31.476099], [-101.883474, 31.475904], [-101.883358, 31.475711], [-101.883312, 31.475632], [-101.883305, 31.47562], [-101.883233, 31.475499], [-101.883195, 31.475436], [-101.883145, 31.47535], [-101.883141, 31.475343], [-101.883082, 31.475245], [-101.883075, 31.475233], [-101.883022, 31.475143], [-101.88302, 31.475141], [-101.882979, 31.475072], [-101.882946, 31.47502], [-101.88289, 31.474925], [-101.882885, 31.474917], [-101.882768, 31.474723], [-101.882655, 31.474526], [-101.882614, 31.474463], [-101.882557, 31.474411], [-101.882439, 31.47431], [-101.882255, 31.474157], [-101.882133, 31.474054], [-101.88195, 31.473905], [-101.881844, 31.473821], [-101.881757, 31.473763], [-101.881568, 31.47364], [-101.881363, 31.473508], [-101.881164, 31.47338], [-101.880962, 31.473249], [-101.880758, 31.473118], [-101.880553, 31.472986], [-101.880348, 31.472854], [-101.880202, 31.472759], [-101.879997, 31.472627], [-101.87987, 31.472545], [-101.879796, 31.472491], [-101.8796, 31.47235], [-101.879403, 31.472209], [-101.879207, 31.472068], [-101.879074, 31.471973], [-101.879058, 31.471962], [-101.87897, 31.471898], [-101.878919, 31.471861], [-101.878823, 31.471794], [-101.878805, 31.471781], [-101.878792, 31.471772], [-101.878723, 31.471721], [-101.878579, 31.471616], [-101.878478, 31.471544], [-101.87847, 31.471538], [-101.878386, 31.471476], [-101.878331, 31.471435], [-101.878317, 31.471426], [-101.878191, 31.471334], [-101.878133, 31.471292], [-101.878108, 31.471274], [-101.877923, 31.47114], [-101.877889, 31.471115], [-101.877694, 31.470974], [-101.877499, 31.470832], [-101.877303, 31.47069], [-101.877199, 31.470614], [-101.877111, 31.470551], [-101.876914, 31.470409], [-101.876718, 31.470268], [-101.876522, 31.470126], [-101.876404, 31.470041], [-101.87621, 31.469901], [-101.876017, 31.469762], [-101.875821, 31.46962], [-101.875625, 31.469478], [-101.87543, 31.469336], [-101.875234, 31.469194], [-101.875111, 31.469105], [-101.87496, 31.468996], [-101.874765, 31.468854], [-101.874633, 31.468759], [-101.874437, 31.468617], [-101.874242, 31.468477], [-101.874046, 31.468335], [-101.873851, 31.468194], [-101.873657, 31.468053], [-101.873461, 31.467911], [-101.873268, 31.467771], [-101.873071, 31.46763], [-101.872875, 31.467489], [-101.872679, 31.467347], [-101.872483, 31.467206], [-101.872287, 31.467064], [-101.872091, 31.466922], [-101.871684, 31.466646], [-101.871487, 31.466502], [-101.87107, 31.466206], [-101.87084, 31.46602], [-101.87076, 31.465959], [-101.870644, 31.465874], [-101.870526, 31.465788], [-101.870409, 31.465704], [-101.870291, 31.465619], [-101.870173, 31.465535], [-101.870063, 31.465456], [-101.869959, 31.465386], [-101.86994, 31.465369], [-101.869745, 31.465226], [-101.869629, 31.465142], [-101.869436, 31.465002], [-101.86924, 31.464862], [-101.869047, 31.46472], [-101.86885, 31.464579], [-101.868657, 31.46444], [-101.868475, 31.464306], [-101.868278, 31.464165], [-101.868238, 31.464137], [-101.868043, 31.463995], [-101.867961, 31.463937], [-101.86786, 31.463864], [-101.867667, 31.463725], [-101.867471, 31.463583], [-101.867276, 31.463442], [-101.86708, 31.4633], [-101.866887, 31.46316], [-101.866694, 31.46302], [-101.866498, 31.462879], [-101.86638, 31.462794], [-101.866255, 31.462704], [-101.86609, 31.462584], [-101.865902, 31.462448], [-101.865896, 31.462443], [-101.865891, 31.462436], [-101.865817, 31.462266], [-101.865731, 31.462061], [-101.865679, 31.461944], [-101.865677, 31.461937], [-101.865671, 31.46193], [-101.865611, 31.461889], [-101.865586, 31.461871], [-101.86557, 31.46186], [-101.865553, 31.461847], [-101.86545, 31.461774], [-101.865438, 31.461765], [-101.865282, 31.461653], [-101.865084, 31.461511], [-101.864882, 31.461365], [-101.864872, 31.461362], [-101.864858, 31.46136], [-101.86462, 31.461324], [-101.864368, 31.461284], [-101.864296, 31.461273], [-101.864269, 31.461269], [-101.86426, 31.461267], [-101.864254, 31.461262], [-101.864058, 31.46112], [-101.863863, 31.460978], [-101.863795, 31.460929], [-101.863677, 31.460844], [-101.863512, 31.460724], [-101.863371, 31.460622], [-101.863176, 31.46048], [-101.862979, 31.46034], [-101.862783, 31.460199], [-101.862587, 31.460057], [-101.862405, 31.459926], [-101.862209, 31.459785], [-101.862037, 31.45966], [-101.861841, 31.459519], [-101.861648, 31.459379], [-101.861487, 31.459263], [-101.861387, 31.459185], [-101.861323, 31.459097], [-101.861265, 31.459018], [-101.861156, 31.458932], [-101.861088, 31.458888], [-101.860931, 31.458831], [-101.860856, 31.458802], [-101.860721, 31.458709], [-101.860687, 31.458684], [-101.860491, 31.458543], [-101.860315, 31.458417], [-101.860119, 31.458276], [-101.859924, 31.458134], [-101.859728, 31.457992], [-101.859532, 31.457851], [-101.859336, 31.457709], [-101.85914, 31.457568], [-101.858953, 31.457434], [-101.858854, 31.457361], [-101.858706, 31.457255], [-101.858591, 31.457171], [-101.858431, 31.457057], [-101.858311, 31.45697], [-101.858115, 31.456829], [-101.857918, 31.456688], [-101.857778, 31.456586], [-101.857764, 31.456575], [-101.857587, 31.456448], [-101.85747, 31.456363], [-101.857352, 31.456278], [-101.857184, 31.456158], [-101.857179, 31.456156], [-101.856991, 31.456019], [-101.856937, 31.45598], [-101.856782, 31.455868], [-101.856622, 31.455752], [-101.856462, 31.455636], [-101.856266, 31.455495], [-101.85607, 31.455353], [-101.855874, 31.455211], [-101.855776, 31.45514], [-101.855678, 31.45507], [-101.855483, 31.454928], [-101.855287, 31.454787], [-101.855091, 31.454645], [-101.854983, 31.454568], [-101.854895, 31.454504], [-101.854721, 31.454381], [-101.854698, 31.454363], [-101.85451, 31.454229], [-101.8545, 31.454222], [-101.854314, 31.454087], [-101.854123, 31.453949], [-101.853927, 31.453808], [-101.853731, 31.453667], [-101.853628, 31.453592], [-101.853535, 31.453525], [-101.853387, 31.453417], [-101.853212, 31.453291], [-101.853105, 31.453213], [-101.852998, 31.453136], [-101.85293, 31.453086], [-101.852865, 31.453039], [-101.852704, 31.452924], [-101.852509, 31.452783], [-101.852313, 31.452641], [-101.852117, 31.4525], [-101.851921, 31.452358], [-101.851725, 31.452217], [-101.851529, 31.452076], [-101.851386, 31.451972], [-101.851191, 31.451832], [-101.850996, 31.45169], [-101.8508, 31.451549], [-101.850603, 31.451408], [-101.85041, 31.451268], [-101.850214, 31.451128], [-101.850211, 31.451125], [-101.850209, 31.45112], [-101.850187, 31.450901], [-101.850166, 31.450685], [-101.850148, 31.450521], [-101.850129, 31.450338], [-101.850123, 31.450266], [-101.850145, 31.450119], [-101.850182, 31.449913], [-101.850221, 31.449698], [-101.850261, 31.449482], [-101.850301, 31.449265], [-101.850332, 31.449078], [-101.85032, 31.448996], [-101.850287, 31.448845], [-101.850257, 31.448713], [-101.850219, 31.448547], [-101.850191, 31.448421], [-101.85016, 31.448283], [-101.850141, 31.448199], [-101.850115, 31.448123], [-101.850044, 31.447915], [-101.849973, 31.447709], [-101.8499, 31.447498], [-101.849827, 31.447288], [-101.849755, 31.447078], [-101.84972, 31.446976], [-101.849677, 31.446854], [-101.849613, 31.44667], [-101.849573, 31.446553], [-101.849523, 31.44641], [-101.849458, 31.446223], [-101.849385, 31.446013], [-101.84931, 31.445803], [-101.849274, 31.445701], [-101.849269, 31.44569], [-101.849257, 31.445685], [-101.849006, 31.445634], [-101.848756, 31.445583], [-101.848675, 31.445566], [-101.848471, 31.445524], [-101.848361, 31.445502], [-101.848112, 31.445451], [-101.847885, 31.445405], [-101.847676, 31.445362], [-101.847428, 31.445312], [-101.847178, 31.44526], [-101.846929, 31.445209], [-101.846679, 31.445159], [-101.84643, 31.445108], [-101.846181, 31.445057], [-101.845932, 31.445006], [-101.845683, 31.444954], [-101.845446, 31.444904], [-101.845197, 31.444852], [-101.844948, 31.444801], [-101.844702, 31.44475], [-101.844475, 31.444704], [-101.844226, 31.444653], [-101.843977, 31.444602], [-101.843731, 31.444553], [-101.843634, 31.444533], [-101.843507, 31.444507], [-101.843258, 31.444457], [-101.843009, 31.444405], [-101.84276, 31.444355], [-101.84251, 31.444303], [-101.84238, 31.444274], [-101.842265, 31.44424], [-101.842022, 31.444169], [-101.84178, 31.444097], [-101.841538, 31.444024], [-101.841339, 31.443964], [-101.841098, 31.44389], [-101.840983, 31.443849], [-101.840888, 31.443788], [-101.840804, 31.443734], [-101.840663, 31.443688], [-101.840606, 31.443671], [-101.840483, 31.443641], [-101.840355, 31.44364], [-101.840268, 31.443636], [-101.840107, 31.443591], [-101.839923, 31.443535], [-101.839819, 31.443504], [-101.839677, 31.443454], [-101.839596, 31.443401], [-101.839398, 31.443262], [-101.839332, 31.443215], [-101.839136, 31.443079], [-101.839045, 31.443014], [-101.838849, 31.442876], [-101.838651, 31.442736], [-101.838453, 31.442597], [-101.838257, 31.44246], [-101.838058, 31.442321], [-101.83786, 31.442181], [-101.837736, 31.442094], [-101.837537, 31.441956], [-101.837375, 31.441842], [-101.837176, 31.441703], [-101.836978, 31.441563], [-101.83678, 31.441424], [-101.836581, 31.441285], [-101.836385, 31.441148], [-101.836186, 31.441009], [-101.835989, 31.440871], [-101.835872, 31.440789], [-101.835738, 31.440696], [-101.835608, 31.440603], [-101.835552, 31.440546], [-101.835447, 31.440436], [-101.835284, 31.440267], [-101.83512, 31.440097], [-101.834957, 31.439928], [-101.834846, 31.439813], [-101.834683, 31.439642], [-101.834521, 31.439473], [-101.834358, 31.439303], [-101.834247, 31.439187], [-101.834097, 31.439029], [-101.834032, 31.438962], [-101.833927, 31.438851], [-101.833812, 31.438733], [-101.833709, 31.438627], [-101.833558, 31.438471], [-101.833395, 31.438303], [-101.833231, 31.438133], [-101.833068, 31.437964], [-101.832907, 31.437794], [-101.832747, 31.437622], [-101.83265, 31.437507], [-101.832615, 31.437436], [-101.832532, 31.437228], [-101.832446, 31.437023], [-101.832405, 31.436919], [-101.832371, 31.436813], [-101.832308, 31.436604], [-101.832243, 31.436391], [-101.832178, 31.436179], [-101.832114, 31.435966], [-101.832049, 31.435753], [-101.831989, 31.435556], [-101.831924, 31.435344], [-101.831859, 31.435131], [-101.831795, 31.434919], [-101.831729, 31.434706], [-101.831665, 31.434494], [-101.831602, 31.434284], [-101.831537, 31.434072], [-101.831471, 31.433859], [-101.831424, 31.4337], [-101.831383, 31.433567], [-101.831318, 31.433355], [-101.831254, 31.433142], [-101.831188, 31.432929], [-101.831123, 31.432717], [-101.831058, 31.432504], [-101.830995, 31.432294], [-101.83093, 31.432084], [-101.830873, 31.431898], [-101.830809, 31.43169], [-101.83076, 31.431532], [-101.830696, 31.431319], [-101.830683, 31.43127], [-101.830677, 31.431253], [-101.830634, 31.431126], [-101.830629, 31.431111], [-101.830621, 31.431076]], [[-101.830621, 31.431076], [-101.830556, 31.430865], [-101.830502, 31.430686], [-101.830485, 31.430633], [-101.830421, 31.430421], [-101.830356, 31.430209], [-101.830307, 31.430049], [-101.830243, 31.429836], [-101.830179, 31.429627], [-101.830115, 31.429415], [-101.83005, 31.429202], [-101.829986, 31.428989], [-101.829921, 31.428777], [-101.829857, 31.428564], [-101.829805, 31.428395], [-101.829787, 31.428332], [-101.829752, 31.428221], [-101.82974, 31.428183], [-101.829703, 31.428066], [-101.829686, 31.428012], [-101.829652, 31.427901], [-101.82962, 31.427798], [-101.829615, 31.427792], [-101.829605, 31.427791], [-101.829372, 31.427843], [-101.829125, 31.427899], [-101.828877, 31.427954], [-101.828817, 31.427967], [-101.82873, 31.427987], [-101.828581, 31.428021], [-101.828495, 31.428039], [-101.828462, 31.428045], [-101.828432, 31.428054], [-101.828394, 31.428062], [-101.828146, 31.428115], [-101.828132, 31.428119], [-101.827905, 31.428168], [-101.827896, 31.428168], [-101.827889, 31.428161], [-101.827824, 31.427951], [-101.827801, 31.427875], [-101.827736, 31.427662], [-101.827672, 31.427452], [-101.827607, 31.42724], [-101.827545, 31.427048], [-101.827474, 31.42684], [-101.827403, 31.426633], [-101.827332, 31.426422], [-101.827261, 31.426211], [-101.827257, 31.4262], [-101.827188, 31.426], [-101.827117, 31.425788], [-101.827045, 31.425578], [-101.826985, 31.425402], [-101.82693, 31.425237], [-101.826863, 31.425025], [-101.826821, 31.424881], [-101.826815, 31.424861], [-101.826811, 31.424844], [-101.826779, 31.424745], [-101.826746, 31.424635], [-101.826741, 31.42462], [-101.826703, 31.424502], [-101.826664, 31.424384], [-101.826627, 31.424266], [-101.82659, 31.424148], [-101.826552, 31.42403], [-101.826514, 31.423912], [-101.826477, 31.423793], [-101.82644, 31.423676], [-101.826402, 31.423558], [-101.826365, 31.423439], [-101.826328, 31.423321], [-101.82629, 31.423203], [-101.826253, 31.423085], [-101.826216, 31.422967], [-101.826178, 31.422849], [-101.826141, 31.422731], [-101.826107, 31.422619], [-101.826093, 31.422575], [-101.826057, 31.422456], [-101.826022, 31.422345], [-101.825985, 31.422227], [-101.825948, 31.422109], [-101.825944, 31.422103], [-101.825932, 31.422101], [-101.825802, 31.422131], [-101.825671, 31.422161], [-101.825541, 31.422191], [-101.825411, 31.42222], [-101.825281, 31.422249], [-101.82515, 31.422279], [-101.82502, 31.422308], [-101.824889, 31.422337], [-101.824824, 31.422351], [-101.824694, 31.42238], [-101.824566, 31.422409], [-101.824546, 31.422413], [-101.824415, 31.422442], [-101.824286, 31.422473], [-101.824155, 31.422502], [-101.824024, 31.422531], [-101.823894, 31.42256], [-101.823762, 31.42259], [-101.823624, 31.422621], [-101.823486, 31.422652], [-101.823348, 31.422683], [-101.82321, 31.422713], [-101.823072, 31.422744], [-101.822934, 31.422774], [-101.822796, 31.422805], [-101.822658, 31.422836], [-101.82252, 31.422867], [-101.822382, 31.422898], [-101.822244, 31.42293], [-101.822106, 31.422961], [-101.821968, 31.422989], [-101.821963, 31.422989], [-101.821958, 31.422987], [-101.821888, 31.422948], [-101.821814, 31.422902], [-101.821752, 31.422844], [-101.821625, 31.422727], [-101.821528, 31.422638], [-101.82143, 31.422549], [-101.821404, 31.422526], [-101.821299, 31.422428], [-101.821222, 31.422357], [-101.821172, 31.422295], [-101.821063, 31.42216], [-101.820949, 31.422019], [-101.820838, 31.421883], [-101.820692, 31.421702], [-101.820545, 31.421522], [-101.820399, 31.421342], [-101.820252, 31.421161], [-101.820106, 31.420981], [-101.820011, 31.420863], [-101.819911, 31.420739], [-101.819809, 31.420612], [-101.819711, 31.420492], [-101.819597, 31.420351], [-101.819451, 31.420171], [-101.819306, 31.41999], [-101.81916, 31.419811], [-101.819015, 31.41963], [-101.81887, 31.419453], [-101.818757, 31.419313], [-101.818611, 31.419133], [-101.818602, 31.419121], [-101.818465, 31.418952], [-101.818415, 31.418886], [-101.818378, 31.418844], [-101.818232, 31.418664], [-101.818085, 31.418484], [-101.818004, 31.418383], [-101.817922, 31.418283], [-101.817902, 31.418258], [-101.817883, 31.418236], [-101.817821, 31.418158], [-101.817758, 31.41808], [-101.81774, 31.418058], [-101.817659, 31.417957], [-101.817512, 31.417777], [-101.81738, 31.417614], [-101.817374, 31.417606], [-101.817228, 31.417425], [-101.817083, 31.417247], [-101.816937, 31.417066], [-101.816791, 31.416885], [-101.816646, 31.416704], [-101.8165, 31.416524], [-101.816353, 31.416343], [-101.816272, 31.416243], [-101.816191, 31.416142], [-101.81611, 31.416042], [-101.816028, 31.415941], [-101.815947, 31.415841], [-101.815865, 31.41574], [-101.815802, 31.415662], [-101.815783, 31.415639], [-101.815759, 31.41561], [-101.81572, 31.41556], [-101.815686, 31.415504], [-101.815619, 31.415397], [-101.815573, 31.415321], [-101.815506, 31.415213], [-101.81544, 31.415105], [-101.815373, 31.414997], [-101.815306, 31.414888], [-101.81524, 31.41478], [-101.815174, 31.414672], [-101.815108, 31.414563], [-101.815042, 31.414455], [-101.814976, 31.414346], [-101.814909, 31.414238], [-101.814843, 31.414129], [-101.814776, 31.414021], [-101.81471, 31.413913], [-101.814643, 31.413805], [-101.814577, 31.413697], [-101.81451, 31.413589], [-101.814459, 31.413503], [-101.814444, 31.41348], [-101.814378, 31.41337], [-101.814312, 31.413262], [-101.814245, 31.413154], [-101.814179, 31.413045], [-101.814112, 31.412937], [-101.814045, 31.412829], [-101.813979, 31.41272], [-101.813914, 31.412613], [-101.813847, 31.412505], [-101.813781, 31.412396], [-101.813715, 31.412288], [-101.813649, 31.412179], [-101.813583, 31.412071], [-101.813517, 31.411964], [-101.81349, 31.41192], [-101.813488, 31.411917], [-101.813485, 31.411915], [-101.813357, 31.411858], [-101.81323, 31.411804], [-101.813102, 31.411749], [-101.812975, 31.411695], [-101.812847, 31.41164], [-101.812754, 31.4116], [-101.812748, 31.411596], [-101.812743, 31.411593], [-101.812735, 31.411586], [-101.812645, 31.411504], [-101.812548, 31.411414], [-101.812497, 31.411368], [-101.812427, 31.411304], [-101.812399, 31.411279], [-101.812334, 31.411218], [-101.812309, 31.411196], [-101.812213, 31.411107], [-101.812115, 31.411017], [-101.812018, 31.410928], [-101.811918, 31.41084], [-101.811868, 31.410793], [-101.81183, 31.410744], [-101.811751, 31.410642], [-101.811713, 31.410594], [-101.811635, 31.410492], [-101.811556, 31.41039], [-101.811477, 31.410288], [-101.811398, 31.410186], [-101.811318, 31.410084], [-101.811239, 31.409982], [-101.811161, 31.40988], [-101.811082, 31.409779], [-101.811003, 31.409677], [-101.81089, 31.409532], [-101.810748, 31.409349], [-101.810606, 31.409167], [-101.810466, 31.408986], [-101.810325, 31.408803], [-101.810183, 31.40862], [-101.810041, 31.408437], [-101.8099, 31.408254], [-101.809758, 31.408071], [-101.809619, 31.40789], [-101.809499, 31.407737], [-101.809358, 31.407554], [-101.809222, 31.407379], [-101.809082, 31.407199], [-101.80894, 31.407017], [-101.808798, 31.406833], [-101.808657, 31.40665], [-101.808516, 31.406467], [-101.808374, 31.406284], [-101.808232, 31.406101], [-101.808152, 31.405999], [-101.80801, 31.405817], [-101.807868, 31.405634], [-101.807726, 31.405451], [-101.807584, 31.405268], [-101.807442, 31.405085], [-101.8073, 31.404902], [-101.807158, 31.40472], [-101.807016, 31.404536], [-101.806875, 31.404353], [-101.806772, 31.404221], [-101.806631, 31.404038], [-101.806489, 31.403855], [-101.806349, 31.403672], [-101.806207, 31.403489], [-101.806065, 31.403306], [-101.805924, 31.403124], [-101.805783, 31.402941], [-101.805641, 31.402758], [-101.805524, 31.40261], [-101.805383, 31.402429], [-101.805243, 31.40225], [-101.805164, 31.402148], [-101.805012, 31.401952], [-101.804927, 31.401842], [-101.804844, 31.401733], [-101.804762, 31.401624], [-101.804675, 31.401513], [-101.80459, 31.401404], [-101.804569, 31.401378], [-101.804565, 31.401373], [-101.804563, 31.401368], [-101.804536, 31.401276], [-101.804495, 31.401149], [-101.804467, 31.401062], [-101.804455, 31.401023], [-101.804414, 31.400896], [-101.804372, 31.400768], [-101.804331, 31.400645], [-101.804292, 31.400527], [-101.804253, 31.40041], [-101.804215, 31.400292], [-101.804175, 31.400175], [-101.804136, 31.400057], [-101.804098, 31.39994], [-101.804077, 31.399873], [-101.804013, 31.39966], [-101.804004, 31.399633], [-101.803978, 31.39955], [-101.803946, 31.399445], [-101.803937, 31.399407], [-101.803924, 31.399376], [-101.803892, 31.399287], [-101.803846, 31.399217], [-101.803715, 31.399028], [-101.803585, 31.398838], [-101.803548, 31.398784], [-101.803456, 31.398649], [-101.803358, 31.398506], [-101.803234, 31.398324], [-101.803113, 31.398146], [-101.802983, 31.397957], [-101.802913, 31.397855], [-101.802815, 31.397653], [-101.802813, 31.397647], [-101.802747, 31.397441], [-101.80274, 31.397416], [-101.80268, 31.39723], [-101.802618, 31.397032], [-101.802614, 31.397017], [-101.802552, 31.396818], [-101.802487, 31.396608], [-101.802421, 31.396395], [-101.802354, 31.396183], [-101.802324, 31.396086], [-101.802272, 31.395918], [-101.802205, 31.395707], [-101.802172, 31.395601], [-101.80216, 31.395561], [-101.802122, 31.395432], [-101.802081, 31.395306], [-101.802024, 31.395118], [-101.801957, 31.394905], [-101.801891, 31.394692], [-101.801823, 31.394481], [-101.801765, 31.394294], [-101.801757, 31.394269], [-101.801692, 31.394059], [-101.801626, 31.393846], [-101.801559, 31.393634], [-101.801493, 31.393422], [-101.801428, 31.393209], [-101.801413, 31.393161], [-101.801411, 31.393159], [-101.801361, 31.393], [-101.801344, 31.392947], [-101.801312, 31.392848], [-101.801279, 31.392736], [-101.801262, 31.392682], [-101.801213, 31.392523], [-101.801146, 31.392312], [-101.801133, 31.39227], [-101.801075, 31.392087], [-101.801008, 31.391875], [-101.800941, 31.391666], [-101.800939, 31.391658], [-101.80094, 31.391651], [-101.801003, 31.39144], [-101.801064, 31.391235], [-101.801069, 31.391217], [-101.801002, 31.390999], [-101.80088, 31.390571], [-101.800803, 31.390354], [-101.8008, 31.390344], [-101.800795, 31.390339], [-101.800792, 31.390337], [-101.800634, 31.390202], [-101.800523, 31.390109], [-101.800447, 31.390043], [-101.800438, 31.390035], [-101.800432, 31.390029], [-101.800429, 31.390022], [-101.800386, 31.389879], [-101.800359, 31.389795], [-101.800299, 31.389602], [-101.800233, 31.38939], [-101.800167, 31.389178], [-101.800101, 31.388966], [-101.800042, 31.38878], [-101.799977, 31.388569], [-101.799911, 31.388357], [-101.799844, 31.388145], [-101.799777, 31.387933], [-101.799712, 31.38772], [-101.799646, 31.38751], [-101.79958, 31.387298], [-101.799513, 31.387085], [-101.799478, 31.386974], [-101.799413, 31.386762], [-101.799373, 31.386633], [-101.799306, 31.38642], [-101.79924, 31.386208], [-101.799173, 31.385996], [-101.799108, 31.385784], [-101.799104, 31.385774], [-101.799041, 31.385571], [-101.799003, 31.38545], [-101.798942, 31.385256], [-101.798936, 31.385237], [-101.798869, 31.385026], [-101.798802, 31.384814], [-101.798736, 31.384602], [-101.798672, 31.384401], [-101.798661, 31.384365], [-101.798632, 31.384274], [-101.798608, 31.384189], [-101.798548, 31.383975], [-101.798487, 31.383762], [-101.798426, 31.383548], [-101.798374, 31.383363], [-101.798366, 31.383335], [-101.798306, 31.383121], [-101.798245, 31.382908], [-101.798238, 31.382884], [-101.798185, 31.382699], [-101.798124, 31.382488], [-101.798072, 31.382312], [-101.798068, 31.3823], [-101.798006, 31.382086], [-101.797994, 31.382045], [-101.797944, 31.381873], [-101.797884, 31.381659], [-101.797824, 31.381446], [-101.797823, 31.381444], [-101.797824, 31.38144], [-101.797894, 31.381229], [-101.797967, 31.381018], [-101.798016, 31.380876], [-101.798074, 31.380707], [-101.798074, 31.380703], [-101.798075, 31.3807], [-101.798019, 31.380493], [-101.797957, 31.38028], [-101.797945, 31.38024], [-101.797883, 31.380027], [-101.797822, 31.379813], [-101.797812, 31.379783], [-101.797805, 31.379754], [-101.797803, 31.379752], [-101.797801, 31.37975], [-101.797624, 31.379592], [-101.797487, 31.37947], [-101.797346, 31.379345], [-101.797182, 31.3792], [-101.79718, 31.379197], [-101.797178, 31.379194], [-101.797128, 31.379022], [-101.797066, 31.378809], [-101.797011, 31.378613], [-101.79695, 31.378399], [-101.796905, 31.378244], [-101.796844, 31.378034], [-101.796783, 31.377821], [-101.796743, 31.377682], [-101.796683, 31.377471], [-101.796623, 31.377258], [-101.796562, 31.377046], [-101.796502, 31.376836], [-101.796441, 31.376622], [-101.796379, 31.376409], [-101.796317, 31.376196], [-101.796256, 31.375983], [-101.796195, 31.375769], [-101.796155, 31.375629], [-101.796094, 31.375416], [-101.796032, 31.375203], [-101.795976, 31.375011], [-101.795918, 31.374807], [-101.795865, 31.374619], [-101.795858, 31.374593], [-101.795797, 31.374383], [-101.795767, 31.374278], [-101.795706, 31.374064], [-101.795664, 31.373917], [-101.795603, 31.373705], [-101.795585, 31.373639], [-101.795584, 31.373636], [-101.795524, 31.373426], [-101.795523, 31.373422], [-101.795485, 31.373294], [-101.795485, 31.373292], [-101.795426, 31.37309], [-101.795424, 31.373082], [-101.795372, 31.372901], [-101.795331, 31.372757], [-101.795271, 31.372547], [-101.795211, 31.372346], [-101.795158, 31.372179], [-101.795147, 31.372146], [-101.79508, 31.371936], [-101.795017, 31.371738], [-101.795012, 31.371724], [-101.794943, 31.371513], [-101.794872, 31.371303], [-101.794832, 31.371188], [-101.794826, 31.37118], [-101.794815, 31.371179], [-101.794568, 31.371233], [-101.7945, 31.37125], [-101.794441, 31.371261], [-101.794335, 31.371285], [-101.79432, 31.371286], [-101.794154, 31.371323], [-101.794073, 31.371341], [-101.794037, 31.371348], [-101.793929, 31.371371], [-101.793873, 31.371382], [-101.793624, 31.371436], [-101.793585, 31.371444], [-101.793483, 31.371465], [-101.793447, 31.371473], [-101.793382, 31.371486], [-101.79336, 31.371491], [-101.793136, 31.371537], [-101.793086, 31.371548], [-101.79297, 31.371572], [-101.792784, 31.371612], [-101.792643, 31.371641], [-101.79251, 31.37167], [-101.792371, 31.371699], [-101.792233, 31.371729], [-101.792074, 31.371762], [-101.791935, 31.371791], [-101.791796, 31.37182], [-101.791548, 31.371873], [-101.791299, 31.371925], [-101.791243, 31.371934], [-101.791047, 31.371945], [-101.790905, 31.371952], [-101.790825, 31.371956], [-101.790698, 31.371963], [-101.79063, 31.371967], [-101.790489, 31.371976], [-101.790441, 31.371979], [-101.790301, 31.371987], [-101.790262, 31.371989], [-101.790061, 31.372], [-101.789914, 31.372008], [-101.789773, 31.372016], [-101.789574, 31.372028], [-101.789433, 31.372036], [-101.789178, 31.37205], [-101.788922, 31.372064], [-101.788644, 31.372082], [-101.78856, 31.3721], [-101.78842, 31.372131], [-101.788172, 31.372184], [-101.788033, 31.372213], [-101.787996, 31.372221], [-101.787858, 31.372251], [-101.787771, 31.37227], [-101.787524, 31.372326], [-101.787411, 31.372352], [-101.787291, 31.372381], [-101.787134, 31.372418], [-101.787035, 31.372442], [-101.786961, 31.372458], [-101.786813, 31.372494], [-101.786693, 31.372523], [-101.786572, 31.372552], [-101.786449, 31.372581], [-101.786411, 31.37259], [-101.786408, 31.372591], [-101.786404, 31.372591], [-101.786385, 31.372597], [-101.786381, 31.372598], [-101.786375, 31.372599], [-101.786372, 31.3726], [-101.786369, 31.3726], [-101.786363, 31.372602], [-101.78636, 31.372603], [-101.786357, 31.372603], [-101.78635, 31.372605], [-101.786348, 31.372605]], [[-101.786348, 31.372605], [-101.786344, 31.372606], [-101.786333, 31.372609], [-101.786332, 31.372609], [-101.786327, 31.37261], [-101.786321, 31.372611]], [[-101.786348, 31.372605], [-101.786347, 31.372602], [-101.786346, 31.372601], [-101.786345, 31.372596], [-101.786343, 31.372592], [-101.786343, 31.372591], [-101.786341, 31.372589], [-101.786341, 31.372586], [-101.786339, 31.37258], [-101.786338, 31.372579]]]}},
{"type": "Feature", "properties": {"ProjectID": "P2675", "TPMS_ID": 4683068, "OPER_LINK": 0, "OPS_ID": 0, "P5_NUM": "253113", "OPER_NM": "EPIC CONSOLIDATED OPS, LLC", "SYS_NM": "EPIC NGL SYSTEM", "SUBSYS_NM": "210-BENEDUM TO CP CHEM", "T4PERMIT": "09817", "DIAMETER": 10.75, "COMMODITY1": "HVL", "COMMODITY2": null, "COMMODITY3": null, "CMDTY_DESC": "HIGHLY VOLATILE LIQUID", "INTERSTATE": "N", "STATUS_CD": "I", "QUALITY_CD": "G", "SYSTYPE": "Q", "COUNTY": "461", "COM_CARRIE": "Y", "PLINE_ID": "210", "SYS_ID": "966652", "NPMS_SYS_I": 0, "ALBERS_MIL": 1.1329842794, "LENGTH": 0.0}, "geometry": {"type": "MultiLineString", "coordinates": [[[-101.786174, 31.372211], [-101.786174, 31.37221], [-101.786174, 31.372208], [-101.786158, 31.372156]], [[-101.786158, 31.372156], [-101.786134, 31.372075], [-101.786098, 31.371964], [-101.786063, 31.371852], [-101.786027, 31.37174], [-101.785992, 31.371628], [-101.785956, 31.371517], [-101.785921, 31.371405], [-101.785885, 31.371293], [-101.785849, 31.371182], [-101.785815, 31.37107], [-101.785783, 31.370962], [-101.785783, 31.37096], [-101.785783, 31.370958], [-101.785795, 31.370925], [-101.785823, 31.370849], [-101.785864, 31.370738], [-101.785903, 31.370628], [-101.785942, 31.370517], [-101.785981, 31.370406], [-101.786019, 31.370295], [-101.78606, 31.370184], [-101.786099, 31.370074], [-101.786139, 31.369963], [-101.786179, 31.369853], [-101.786218, 31.369742], [-101.786258, 31.369631], [-101.786297, 31.369521], [-101.786337, 31.36941], [-101.786363, 31.369339], [-101.786403, 31.369228], [-101.786442, 31.369117], [-101.786481, 31.369006], [-101.786519, 31.368896], [-101.786557, 31.368784], [-101.786595, 31.368673], [-101.786634, 31.368562], [-101.786674, 31.368452], [-101.786715, 31.368342], [-101.786755, 31.368231], [-101.786796, 31.36812], [-101.786835, 31.36801], [-101.786874, 31.367899], [-101.786915, 31.367789], [-101.786954, 31.367679], [-101.786993, 31.367568], [-101.787034, 31.367457], [-101.787075, 31.367347], [-101.787115, 31.367237], [-101.787124, 31.367209], [-101.787162, 31.367099], [-101.787199, 31.366987], [-101.787239, 31.366876], [-101.787279, 31.366765], [-101.78732, 31.366654], [-101.78736, 31.366544], [-101.7874, 31.366433], [-101.787439, 31.366323], [-101.787479, 31.366213], [-101.787518, 31.366102], [-101.787556, 31.365991], [-101.787567, 31.365957], [-101.787567, 31.365955], [-101.787566, 31.365953], [-101.787551, 31.36591], [-101.787511, 31.365799], [-101.787473, 31.365688], [-101.787434, 31.365577], [-101.787395, 31.365466], [-101.787356, 31.365355], [-101.787315, 31.365245], [-101.787301, 31.365205], [-101.787259, 31.365096], [-101.787232, 31.365023], [-101.787219, 31.364985], [-101.787181, 31.364873], [-101.787153, 31.364792], [-101.787144, 31.364765], [-101.787103, 31.364655], [-101.787066, 31.364554], [-101.78703, 31.364442], [-101.786993, 31.364331], [-101.786954, 31.36422], [-101.786914, 31.36411], [-101.786872, 31.363999], [-101.786831, 31.363889], [-101.786796, 31.363797], [-101.786757, 31.363686], [-101.786719, 31.363575], [-101.786684, 31.363463], [-101.786649, 31.363351], [-101.786615, 31.363239], [-101.78658, 31.363127], [-101.786544, 31.363016], [-101.786506, 31.362905], [-101.786468, 31.362793], [-101.786438, 31.362705], [-101.7864, 31.362593], [-101.786365, 31.362482], [-101.78633, 31.36237], [-101.786295, 31.362258], [-101.786258, 31.362147], [-101.786221, 31.362035], [-101.786184, 31.361924], [-101.786146, 31.361813], [-101.78611, 31.361702], [-101.786097, 31.361667], [-101.786098, 31.361665], [-101.786099, 31.361662], [-101.786186, 31.361574], [-101.786202, 31.361558], [-101.786203, 31.361556], [-101.786204, 31.361553], [-101.786172, 31.361445], [-101.786138, 31.361333], [-101.786102, 31.361221], [-101.786066, 31.361109], [-101.786029, 31.360997], [-101.786002, 31.360912], [-101.785967, 31.360801], [-101.785931, 31.360689], [-101.785896, 31.360577], [-101.78586, 31.360466], [-101.785833, 31.360381], [-101.785811, 31.360313], [-101.785772, 31.360202], [-101.785733, 31.360092], [-101.785694, 31.359981], [-101.785658, 31.359872], [-101.785654, 31.359869], [-101.78565, 31.359868], [-101.78552, 31.359899], [-101.78539, 31.35993], [-101.78526, 31.359962], [-101.78513, 31.359992], [-101.785, 31.360024], [-101.78487, 31.360054], [-101.78474, 31.360085], [-101.78461, 31.360115], [-101.784504, 31.360138], [-101.784502, 31.360139], [-101.7845, 31.360142], [-101.784481, 31.360206], [-101.784463, 31.360267], [-101.784462, 31.36027], [-101.784459, 31.360271], [-101.784353, 31.360297], [-101.784223, 31.360326], [-101.784092, 31.360355], [-101.783962, 31.360386], [-101.783833, 31.360418], [-101.783703, 31.36045], [-101.783637, 31.360465], [-101.783578, 31.360479], [-101.783448, 31.36051], [-101.783318, 31.360541], [-101.783194, 31.36057], [-101.783068, 31.3606], [-101.782938, 31.360631], [-101.782808, 31.360661], [-101.782678, 31.360692], [-101.782548, 31.360723], [-101.782467, 31.360742], [-101.782422, 31.360751], [-101.78242, 31.360752], [-101.782418, 31.360752], [-101.78239, 31.360757], [-101.782384, 31.360762], [-101.782384, 31.360764], [-101.782407, 31.360861], [-101.782414, 31.360894], [-101.782413, 31.360897], [-101.78241, 31.3609], [-101.782351, 31.360911], [-101.782219, 31.360936], [-101.782215, 31.360938], [-101.782214, 31.360942], [-101.782235, 31.361017], [-101.782268, 31.361129], [-101.782268, 31.361131], [-101.782269, 31.361132], [-101.782275, 31.361151], [-101.782275, 31.361153], [-101.782276, 31.361155]]]}},
{"type": "Feature", "properties": {"ProjectID": "P2675", "TPMS_ID": 4683072, "OPER_LINK": 0, "OPS_ID": 0, "P5_NUM": "253113", "OPER_NM": "EPIC CONSOLIDATED OPS, LLC", "SYS_NM": "EPIC NGL SYSTEM", "SUBSYS_NM": "203-BENEDUM TO ROBSTOWN SP2", "T4PERMIT": "09817", "DIAMETER": 24.0, "COMMODITY1": "HVL", "COMMODITY2": null, "COMMODITY3": null, "CMDTY_DESC": "HIGHLY VOLATILE LIQUID", "INTERSTATE": "N", "STATUS_CD": "I", "QUALITY_CD": "G", "SYSTYPE": "Q", "COUNTY": "461", "COM_CARRIE": "Y", "PLINE_ID": "203", "SYS_ID": "965292", "NPMS_SYS_I": 0, "ALBERS_MIL": 0.6271906769, "LENGTH": 0.0}, "geometry": {"type": "LineString", "coordinates": [[-101.775433, 31.373516], [-101.776779, 31.37349], [-101.77705, 31.373485], [-101.777096, 31.373482], [-101.777499, 31.37346], [-101.777984, 31.373432], [-101.780966, 31.37326], [-101.781414, 31.373234], [-101.781792, 31.373212], [-101.784848, 31.373034], [-101.785556, 31.372867], [-101.785563, 31.372864], [-101.785568, 31.372859], [-101.785611, 31.372791], [-101.785616, 31.372786], [-101.785623, 31.372783], [-101.785836, 31.372733], [-101.785873, 31.372724], [-101.785933, 31.37271]]}},
{"type": "Feature", "properties": {"ProjectID": "P2675", "TPMS_ID": 3328120, "OPER_LINK": 0, "OPS_ID": 0, "P5_NUM": "253113", "OPER_NM": "EPIC CONSOLIDATED OPS, LLC", "SYS_NM": "EPIC PRODUCTS PIPELINE", "SUBSYS_NM": "ROBSTOWN TO MARKHAM", "T4PERMIT": "10072", "DIAMETER": 12.75, "COMMODITY1": "HVL", "COMMODITY2": null, "COMMODITY3": null, "CMDTY_DESC": "HIGHLY VOLATILE LIQUID", "INTERSTATE": "N", "STATUS_CD": "I", "QUALITY_CD": "G", "SYSTYPE": "Q", "COUNTY": "469", "COM_CARRIE": "Y", "PLINE_ID": "ROBSTOWN TO MARKHAM", "SYS_ID": "966173", "NPMS_SYS_I": 0, "ALBERS_MIL": 19.4364631994, "LENGTH": 0.0}, "geometry": {"type": "MultiLineString", "coordinates": [[[-96.698059, 28.785588], [-96.70005, 28.783916], [-96.719144, 28.76643], [-96.720153, 28.765063], [-96.721447, 28.764037], [-96.722755, 28.763118], [-96.721042, 28.761416], [-96.728472, 28.755606], [-96.744248, 28.731994], [-96.74492, 28.732343], [-96.779093, 28.681148], [-96.779583, 28.680593], [-96.779647, 28.680498], [-96.779959, 28.67985], [-96.782707, 28.67573], [-96.783657, 28.67431], [-96.785026, 28.672816], [-96.792691, 28.667187], [-96.792192, 28.666659], [-96.82176, 28.644935], [-96.822083, 28.644808], [-96.824085, 28.643337], [-96.824395, 28.643109]], [[-96.923806, 28.58093], [-96.927272, 28.577692], [-96.931848, 28.573416], [-96.934498, 28.570381], [-96.939931, 28.56527], [-96.948532, 28.556846], [-96.949303, 28.556404], [-96.94968, 28.556035], [-96.950097, 28.555312], [-96.952315, 28.55314], [-96.954338, 28.55098], [-96.962912, 28.542498], [-96.966092, 28.539316], [-96.965693, 28.532256], [-96.967986, 28.529883], [-96.968221, 28.529755], [-96.968432, 28.529567], [-96.968544, 28.529324], [-96.97184, 28.52624], [-96.973455, 28.52466], [-96.969972, 28.521883], [-96.966486, 28.519606], [-96.966636, 28.516157], [-96.970551, 28.504979]]]}},
{"type": "Feature", "properties": {"ProjectID": "P2675", "TPMS_ID": 4683074, "OPER_LINK": 0, "OPS_ID": 0, "P5_NUM": "253113", "OPER_NM": "EPIC CONSOLIDATED OPS, LLC", "SYS_NM": "EPIC NGL SYSTEM", "SUBSYS_NM": "202-SALT CREEK TO BENEDUM", "T4PERMIT": "09817", "DIAMETER": 24.0, "COMMODITY1": "HVL", "COMMODITY2": null, "COMMODITY3": null, "CMDTY_DESC": "HIGHLY VOLATILE LIQUID", "INTERSTATE": "N", "STATUS_CD": "I", "QUALITY_CD": "G", "SYSTYPE": "Q", "COUNTY": "475", "COM_CARRIE": "Y", "PLINE_ID": "202", "SYS_ID": "965678", "NPMS_SYS_I": 0, "ALBERS_MIL": 7.4348976117, "LENGTH": 0.0}, "geometry": {"type": "LineString", "coordinates": [[-102.855931, 31.293064], [-102.85582, 31.293128], [-102.855695, 31.293198], [-102.855693, 31.293201], [-102.855589, 31.293261], [-102.855491, 31.293317], [-102.855403, 31.293368], [-102.855275, 31.293441], [-102.855148, 31.293514], [-102.855021, 31.293587], [-102.854893, 31.293661], [-102.85477, 31.293732], [-102.854644, 31.293804], [-102.85457, 31.293847], [-102.85455, 31.293859], [-102.854539, 31.293866], [-102.854533, 31.293871], [-102.854518, 31.293878], [-102.854464, 31.293907], [-102.854253, 31.29403], [-102.854068, 31.294135], [-102.854003, 31.294172], [-102.853793, 31.294296], [-102.853726, 31.294334], [-102.853713, 31.294342], [-102.853699, 31.294351], [-102.853603, 31.294406], [-102.853503, 31.294467], [-102.853489, 31.294474], [-102.853474, 31.294481], [-102.853329, 31.294566], [-102.853272, 31.294599], [-102.853245, 31.294615], [-102.853241, 31.294617], [-102.853239, 31.294619], [-102.853212, 31.294633], [-102.853207, 31.294637], [-102.853203, 31.294639], [-102.8532, 31.29464], [-102.853197, 31.294642], [-102.853182, 31.294651], [-102.853181, 31.294652], [-102.853176, 31.294655], [-102.853172, 31.294657], [-102.853171, 31.294658], [-102.853155, 31.294667], [-102.853152, 31.294669], [-102.853149, 31.294671], [-102.853145, 31.294674], [-102.85314, 31.294676], [-102.853117, 31.294688], [-102.853112, 31.29469], [-102.85311, 31.294692], [-102.853106, 31.294693], [-102.853105, 31.294695], [-102.852906, 31.294805], [-102.852693, 31.294927], [-102.852481, 31.295048], [-102.852268, 31.295172], [-102.852057, 31.295294], [-102.851843, 31.295416], [-102.85163, 31.295539], [-102.851419, 31.295662], [-102.851207, 31.295784], [-102.850995, 31.295907], [-102.850782, 31.296028], [-102.850714, 31.296068], [-102.850568, 31.29615], [-102.850356, 31.296273], [-102.850147, 31.296394], [-102.849935, 31.296516], [-102.849722, 31.296639], [-102.849512, 31.296761], [-102.849299, 31.296883], [-102.84909, 31.297004], [-102.848895, 31.297117], [-102.848682, 31.297239], [-102.848524, 31.297333], [-102.848482, 31.297374], [-102.848312, 31.297538], [-102.848151, 31.297694], [-102.847992, 31.297852], [-102.847843, 31.297999], [-102.847699, 31.298138], [-102.847545, 31.298288], [-102.847386, 31.298444], [-102.84722, 31.298607], [-102.847052, 31.298773], [-102.846885, 31.298937], [-102.846717, 31.299102], [-102.846618, 31.299198], [-102.84651, 31.299306], [-102.846396, 31.299419], [-102.846276, 31.299537], [-102.846129, 31.299681], [-102.845996, 31.299814], [-102.845855, 31.299953], [-102.845687, 31.300119], [-102.845519, 31.300285], [-102.84535, 31.30045], [-102.845182, 31.300615], [-102.845015, 31.300779], [-102.844908, 31.300883], [-102.844811, 31.30098], [-102.844725, 31.301063], [-102.844604, 31.301183], [-102.844479, 31.301305], [-102.844331, 31.301448], [-102.844162, 31.301613], [-102.843993, 31.301778], [-102.843826, 31.301944], [-102.843661, 31.302107], [-102.843493, 31.302267], [-102.843334, 31.302426], [-102.843213, 31.302545], [-102.843098, 31.302657], [-102.842978, 31.302775], [-102.842888, 31.302862], [-102.842767, 31.30298], [-102.842632, 31.303111], [-102.842508, 31.303234], [-102.842346, 31.303394], [-102.842177, 31.30356], [-102.842009, 31.303725], [-102.841841, 31.303889], [-102.841684, 31.304043], [-102.841598, 31.304128], [-102.841503, 31.304221], [-102.841404, 31.304319], [-102.841248, 31.304472], [-102.841103, 31.304615], [-102.840947, 31.304768], [-102.840806, 31.304907], [-102.840646, 31.305062], [-102.840477, 31.305227], [-102.84031, 31.305391], [-102.840142, 31.305557], [-102.839974, 31.305723], [-102.839864, 31.30583], [-102.839725, 31.305968], [-102.839573, 31.306117], [-102.839405, 31.306282], [-102.839235, 31.306446], [-102.839071, 31.306607], [-102.838903, 31.306773], [-102.838735, 31.306939], [-102.838566, 31.307104], [-102.838397, 31.30727], [-102.838284, 31.307379], [-102.838117, 31.307545], [-102.837952, 31.307708], [-102.83779, 31.307867], [-102.837622, 31.308032], [-102.837453, 31.308198], [-102.837291, 31.308356], [-102.837121, 31.308521], [-102.836955, 31.308682], [-102.836786, 31.308847], [-102.836616, 31.309011], [-102.836458, 31.309166], [-102.836302, 31.309317], [-102.836139, 31.309473], [-102.836131, 31.309482], [-102.836118, 31.309494], [-102.836039, 31.309572], [-102.835939, 31.309672], [-102.835849, 31.30976], [-102.83576, 31.309849], [-102.835662, 31.309946], [-102.835568, 31.310039], [-102.835469, 31.310138], [-102.835368, 31.310237], [-102.835268, 31.310337], [-102.835168, 31.310436], [-102.83507, 31.310533], [-102.834972, 31.31063], [-102.834905, 31.310699], [-102.834884, 31.310719], [-102.834874, 31.310728], [-102.834707, 31.31089], [-102.834551, 31.311041], [-102.834384, 31.311206], [-102.834216, 31.311372], [-102.834047, 31.311537], [-102.833924, 31.311658], [-102.833783, 31.311795], [-102.833648, 31.311928], [-102.83348, 31.312093], [-102.833313, 31.312259], [-102.83325, 31.312323], [-102.833163, 31.312389], [-102.832975, 31.312539], [-102.83289, 31.312604], [-102.832768, 31.312667], [-102.832593, 31.312757], [-102.832407, 31.312855], [-102.832188, 31.312969], [-102.83197, 31.313085], [-102.831753, 31.313199], [-102.831533, 31.313314], [-102.831359, 31.313406], [-102.831181, 31.3135], [-102.830963, 31.313615], [-102.830745, 31.31373], [-102.830527, 31.313845], [-102.830309, 31.31396], [-102.830091, 31.314075], [-102.829871, 31.31419], [-102.829653, 31.314304], [-102.829435, 31.314419], [-102.829221, 31.314532], [-102.829, 31.314643], [-102.828795, 31.314747], [-102.828574, 31.314859], [-102.828354, 31.314972], [-102.828134, 31.315084], [-102.827914, 31.315197], [-102.827722, 31.315297], [-102.827581, 31.31537], [-102.827449, 31.315439], [-102.82725, 31.315544], [-102.827033, 31.315661], [-102.826824, 31.315765], [-102.826753, 31.315804], [-102.826748, 31.315808], [-102.826743, 31.315812], [-102.826741, 31.315815], [-102.826724, 31.315834], [-102.82666, 31.315905], [-102.826598, 31.315978], [-102.82659, 31.315985], [-102.826577, 31.315999], [-102.826469, 31.316115], [-102.826311, 31.316285], [-102.826209, 31.316393], [-102.826148, 31.316454], [-102.825985, 31.316624], [-102.825823, 31.316791], [-102.825659, 31.316959], [-102.825518, 31.317104], [-102.825355, 31.317273], [-102.825191, 31.317442], [-102.825026, 31.31761], [-102.824862, 31.317778], [-102.824697, 31.317947], [-102.824534, 31.318116], [-102.824371, 31.318284], [-102.824209, 31.318452], [-102.824052, 31.318615], [-102.823886, 31.318783], [-102.823858, 31.318813], [-102.823845, 31.318828], [-102.823805, 31.318867], [-102.823707, 31.318968], [-102.823609, 31.319069], [-102.823511, 31.31917], [-102.823455, 31.319225], [-102.823441, 31.31924], [-102.823414, 31.319271], [-102.823249, 31.31944], [-102.823103, 31.319593], [-102.822937, 31.319761], [-102.822773, 31.31993], [-102.822613, 31.320096], [-102.82245, 31.320266], [-102.822338, 31.320379], [-102.82221, 31.32051], [-102.822045, 31.320678], [-102.821883, 31.320844], [-102.821722, 31.321015], [-102.821574, 31.321168], [-102.821537, 31.321205], [-102.821371, 31.321374], [-102.821346, 31.3214], [-102.821333, 31.321413], [-102.821272, 31.321475], [-102.821181, 31.321568], [-102.821107, 31.321641], [-102.821094, 31.321654], [-102.821084, 31.321667], [-102.820921, 31.321833], [-102.820795, 31.321963], [-102.820635, 31.322133], [-102.820491, 31.322283], [-102.820369, 31.322409], [-102.820205, 31.322577], [-102.820042, 31.322744], [-102.819878, 31.322913], [-102.819715, 31.323082], [-102.819551, 31.323251], [-102.819387, 31.323419], [-102.819222, 31.323588], [-102.819059, 31.323757], [-102.818895, 31.323927], [-102.818732, 31.324095], [-102.818567, 31.324263], [-102.818406, 31.32443], [-102.818242, 31.324599], [-102.818078, 31.324768], [-102.81794, 31.324912], [-102.81784, 31.325015], [-102.81776, 31.325097], [-102.817698, 31.325162], [-102.817595, 31.325267], [-102.817474, 31.325391], [-102.81731, 31.325559], [-102.817146, 31.325729], [-102.816982, 31.325897], [-102.816818, 31.326066], [-102.816655, 31.326235], [-102.81652, 31.326372], [-102.816358, 31.326539], [-102.816234, 31.326667], [-102.816125, 31.326781], [-102.815962, 31.326951], [-102.815822, 31.327093], [-102.815656, 31.327261], [-102.815494, 31.327427], [-102.815332, 31.327596], [-102.815326, 31.327603], [-102.815325, 31.327614], [-102.815343, 31.327789], [-102.815365, 31.328008], [-102.815388, 31.328224], [-102.81541, 31.328442], [-102.815432, 31.328661], [-102.815456, 31.32888], [-102.81548, 31.3291], [-102.815487, 31.329169], [-102.815499, 31.329318], [-102.815515, 31.329537], [-102.815531, 31.329753], [-102.815542, 31.329956], [-102.815547, 31.330006], [-102.815567, 31.330174], [-102.815571, 31.330225], [-102.815576, 31.330277], [-102.815583, 31.330391], [-102.815589, 31.33045], [-102.815601, 31.330611], [-102.815615, 31.33083], [-102.815633, 31.331049], [-102.815649, 31.331268], [-102.815666, 31.331488], [-102.815683, 31.331707], [-102.8157, 31.331924], [-102.815716, 31.332142], [-102.815733, 31.332359], [-102.815749, 31.332575], [-102.815766, 31.332795], [-102.815784, 31.333014], [-102.815801, 31.333233], [-102.815817, 31.333452], [-102.815833, 31.333672], [-102.815848, 31.333891], [-102.815867, 31.33411], [-102.81588, 31.334253], [-102.815885, 31.334307], [-102.815894, 31.334419], [-102.815895, 31.33443], [-102.815899, 31.334526], [-102.815904, 31.334584], [-102.815917, 31.334748], [-102.815934, 31.33493], [-102.815951, 31.335148], [-102.815965, 31.335338], [-102.815964, 31.335347], [-102.815958, 31.335356], [-102.815797, 31.335514], [-102.815773, 31.335541], [-102.815629, 31.335677], [-102.815606, 31.335701], [-102.815438, 31.335867], [-102.81527, 31.336032], [-102.8151, 31.336199], [-102.814932, 31.336362], [-102.814766, 31.336526], [-102.814644, 31.336643], [-102.814478, 31.336807], [-102.814329, 31.336952], [-102.814209, 31.337071], [-102.814039, 31.337236], [-102.813872, 31.337401], [-102.813703, 31.337567], [-102.813536, 31.337734], [-102.813367, 31.337898], [-102.813198, 31.338063], [-102.81303, 31.338229], [-102.812861, 31.338394], [-102.812735, 31.338517], [-102.812566, 31.338682], [-102.812398, 31.338848], [-102.812229, 31.339013], [-102.81206, 31.339178], [-102.811891, 31.339343], [-102.811722, 31.339508], [-102.811573, 31.339655], [-102.811438, 31.339788], [-102.81128, 31.339943], [-102.811112, 31.340104], [-102.810944, 31.34027], [-102.810775, 31.340435], [-102.810607, 31.340601], [-102.810438, 31.340765], [-102.810271, 31.340928], [-102.810105, 31.341091], [-102.809936, 31.341256], [-102.809769, 31.34142], [-102.8096, 31.341585], [-102.809434, 31.341748], [-102.809264, 31.341914], [-102.809098, 31.342076], [-102.80893, 31.342241], [-102.808764, 31.342404], [-102.808598, 31.342568], [-102.808429, 31.342733], [-102.808261, 31.342898], [-102.808092, 31.343064], [-102.807924, 31.343228], [-102.807754, 31.343394], [-102.807585, 31.343559], [-102.80742, 31.343722], [-102.807309, 31.34383], [-102.807141, 31.343993], [-102.807072, 31.34406], [-102.806983, 31.344147], [-102.806884, 31.344245], [-102.806732, 31.344395], [-102.806714, 31.344409], [-102.806644, 31.344477], [-102.806639, 31.344482], [-102.806636, 31.34449], [-102.806636, 31.344496], [-102.806593, 31.344682], [-102.806573, 31.34477], [-102.806523, 31.344985], [-102.806477, 31.345187], [-102.806469, 31.345212], [-102.806466, 31.34522], [-102.806461, 31.345226], [-102.806343, 31.345344], [-102.806173, 31.345508], [-102.806002, 31.345673], [-102.805834, 31.345838], [-102.805714, 31.345955], [-102.805665, 31.346002], [-102.805496, 31.346167], [-102.805425, 31.346236], [-102.805328, 31.346332], [-102.805293, 31.346367], [-102.805126, 31.346532], [-102.805002, 31.346652], [-102.804899, 31.346751], [-102.804803, 31.34685], [-102.804635, 31.347011], [-102.804468, 31.347176], [-102.804301, 31.347341], [-102.804134, 31.347504], [-102.80401, 31.347625], [-102.803915, 31.347717], [-102.803746, 31.347883], [-102.803578, 31.348048], [-102.803408, 31.348213], [-102.803241, 31.348377], [-102.803072, 31.348542], [-102.802904, 31.348709], [-102.802735, 31.348873], [-102.802567, 31.349039], [-102.802398, 31.349204], [-102.802229, 31.349369], [-102.80206, 31.349534], [-102.801892, 31.3497], [-102.801725, 31.349863], [-102.801568, 31.350017], [-102.801398, 31.350182], [-102.80123, 31.350348], [-102.801062, 31.350513], [-102.800893, 31.350678], [-102.800725, 31.350844], [-102.800556, 31.351009], [-102.800387, 31.351175], [-102.80028, 31.35128], [-102.800111, 31.351445], [-102.800005, 31.351549], [-102.79989, 31.351662], [-102.799736, 31.351813], [-102.799567, 31.351978], [-102.799542, 31.352003], [-102.799409, 31.352151], [-102.799253, 31.352326], [-102.799099, 31.3525], [-102.798947, 31.352676], [-102.798897, 31.352732], [-102.798812, 31.35283], [-102.798764, 31.352885], [-102.798697, 31.352962], [-102.798543, 31.353137], [-102.798535, 31.353145], [-102.798525, 31.353148], [-102.798341, 31.353169], [-102.798201, 31.353185], [-102.798105, 31.353197], [-102.797851, 31.353226], [-102.797597, 31.353255], [-102.797343, 31.353284], [-102.79709, 31.353315], [-102.796837, 31.353345], [-102.796636, 31.353369], [-102.796383, 31.353398], [-102.796176, 31.353423], [-102.796003, 31.353443], [-102.79575, 31.353473], [-102.795496, 31.353503], [-102.795242, 31.353532], [-102.794989, 31.353561], [-102.794749, 31.35359], [-102.794615, 31.353607], [-102.794452, 31.353627], [-102.79437, 31.353637], [-102.794216, 31.353656], [-102.794092, 31.353671], [-102.793985, 31.353683], [-102.793878, 31.353696], [-102.793624, 31.353726], [-102.793485, 31.353743], [-102.793373, 31.353765], [-102.793123, 31.353816], [-102.792874, 31.353865], [-102.792625, 31.353915], [-102.792502, 31.35394], [-102.79242, 31.353957], [-102.792313, 31.353979], [-102.792273, 31.353987], [-102.792188, 31.354004], [-102.792041, 31.354034], [-102.791907, 31.35406], [-102.791796, 31.354083], [-102.791679, 31.354108], [-102.791543, 31.354135], [-102.791293, 31.354185], [-102.791082, 31.354229], [-102.791044, 31.354236], [-102.790897, 31.354266], [-102.790837, 31.35428], [-102.790823, 31.354282], [-102.790649, 31.354317], [-102.790561, 31.354334], [-102.790495, 31.354348], [-102.790469, 31.354354], [-102.790246, 31.354399], [-102.789998, 31.354449], [-102.789794, 31.35449], [-102.789686, 31.354512], [-102.78954, 31.354542], [-102.789419, 31.354566], [-102.789294, 31.354592], [-102.78911, 31.35463], [-102.788864, 31.35468], [-102.788615, 31.354731], [-102.788366, 31.354781], [-102.788288, 31.354797], [-102.788121, 31.354831], [-102.787872, 31.354882], [-102.787745, 31.354907], [-102.787634, 31.354929], [-102.787421, 31.354973], [-102.78735, 31.354987], [-102.787303, 31.354997], [-102.787189, 31.35502], [-102.787084, 31.355041], [-102.786977, 31.355061], [-102.786907, 31.355077], [-102.786811, 31.355097], [-102.786562, 31.355147], [-102.786311, 31.355198], [-102.786063, 31.355248], [-102.785814, 31.355299], [-102.785693, 31.355323], [-102.785494, 31.355364], [-102.785392, 31.355385], [-102.785277, 31.355408], [-102.785161, 31.355432], [-102.784946, 31.355476], [-102.784822, 31.3555], [-102.7847, 31.355525], [-102.78445, 31.355576], [-102.784201, 31.355626], [-102.783952, 31.355677], [-102.783703, 31.355727], [-102.783454, 31.355778], [-102.783328, 31.355802], [-102.783137, 31.35584], [-102.783019, 31.355864], [-102.782898, 31.355888], [-102.782774, 31.355915], [-102.782659, 31.355938], [-102.782574, 31.355955], [-102.782324, 31.356005], [-102.782075, 31.356056], [-102.781827, 31.356107], [-102.781578, 31.356157], [-102.781332, 31.356207], [-102.781152, 31.356243], [-102.781054, 31.356262], [-102.780893, 31.356295], [-102.780659, 31.356343], [-102.780643, 31.356346], [-102.780395, 31.356398], [-102.780248, 31.356428], [-102.780052, 31.356468], [-102.779908, 31.356498], [-102.779806, 31.356516], [-102.779558, 31.356568], [-102.779309, 31.356618], [-102.779181, 31.356644], [-102.778972, 31.356686], [-102.778898, 31.3567], [-102.778846, 31.356711], [-102.778753, 31.35673], [-102.778642, 31.356752], [-102.778519, 31.356777], [-102.778382, 31.356806], [-102.778296, 31.356823], [-102.778121, 31.356858], [-102.777875, 31.356908], [-102.777625, 31.356959], [-102.777379, 31.357009], [-102.777161, 31.357054], [-102.776963, 31.357094], [-102.776763, 31.357133], [-102.776532, 31.357181], [-102.776283, 31.357233], [-102.776034, 31.357283], [-102.775787, 31.357333], [-102.775538, 31.357383], [-102.775289, 31.357434], [-102.775127, 31.357467], [-102.774879, 31.357517], [-102.774659, 31.357562], [-102.77458, 31.357578], [-102.774417, 31.357611], [-102.774191, 31.357657], [-102.773939, 31.357708], [-102.773696, 31.357758], [-102.773447, 31.357808], [-102.773197, 31.357858], [-102.773088, 31.357881], [-102.772972, 31.357904], [-102.772847, 31.357929], [-102.772726, 31.357953], [-102.772605, 31.357977], [-102.772485, 31.358002], [-102.772361, 31.358026], [-102.772252, 31.358048], [-102.772019, 31.358095], [-102.771772, 31.358146], [-102.771523, 31.358196], [-102.771273, 31.358247], [-102.771036, 31.358295], [-102.770786, 31.358346], [-102.770679, 31.358369], [-102.770528, 31.3584], [-102.770443, 31.358417], [-102.770353, 31.358435], [-102.770113, 31.358483], [-102.769868, 31.358533], [-102.769619, 31.358584], [-102.769369, 31.358634], [-102.76912, 31.358684], [-102.76887, 31.358735], [-102.768736, 31.358762], [-102.768689, 31.358773], [-102.768587, 31.358788], [-102.768473, 31.35878], [-102.768417, 31.358776], [-102.768312, 31.358765], [-102.768227, 31.358762], [-102.768191, 31.358755], [-102.767941, 31.358744], [-102.767765, 31.358731], [-102.76758, 31.358714], [-102.767463, 31.358703]]}},
{"type": "Feature", "properties": {"ProjectID": "P2675", "TPMS_ID": 4683063, "OPER_LINK": 0, "OPS_ID": 0, "P5_NUM": "253113", "OPER_NM": "EPIC CONSOLIDATED OPS, LLC", "SYS_NM": "EPIC NGL SYSTEM", "SUBSYS_NM": "203-BENEDUM TO ROBSTOWN SP4", "T4PERMIT": "09817", "DIAMETER": 24.0, "COMMODITY1": "HVL", "COMMODITY2": null, "COMMODITY3": null, "CMDTY_DESC": "HIGHLY VOLATILE LIQUID", "INTERSTATE": "N", "STATUS_CD": "I", "QUALITY_CD": "G", "SYSTYPE": "Q", "COUNTY": "507", "COM_CARRIE": "Y", "PLINE_ID": "203", "SYS_ID": "965292", "NPMS_SYS_I": 0, "ALBERS_MIL": 7.1554500149, "LENGTH": 0.0}, "geometry": {"type": "LineString", "coordinates": [[-100.113665, 28.732127], [-100.113455, 28.73148], [-100.112861, 28.729641], [-100.112808, 28.729482], [-100.112166, 28.7275], [-100.111974, 28.72691], [-100.111567, 28.725656], [-100.111535, 28.725554], [-100.111371, 28.725044], [-100.111154, 28.724367], [-100.110915, 28.723631], [-100.110615, 28.722708], [-100.11055, 28.72251], [-100.10996, 28.720674], [-100.10992, 28.720553], [-100.109894, 28.720473], [-100.109568, 28.719467], [-100.109558, 28.719442], [-100.109508, 28.719287], [-100.10819, 28.715218], [-100.108138, 28.715056], [-100.108088, 28.714902], [-100.107606, 28.71342], [-100.10746, 28.712966], [-100.107267, 28.71236], [-100.107008, 28.711584], [-100.106958, 28.71142], [-100.10677, 28.710833], [-100.106459, 28.709868], [-100.105932, 28.708652], [-100.105878, 28.708526], [-100.105838, 28.708434], [-100.104325, 28.704947], [-100.104173, 28.704604], [-100.104159, 28.70458], [-100.10348, 28.704214], [-100.102986, 28.703952], [-100.094136, 28.699268], [-100.09372, 28.699047], [-100.078152, 28.690799], [-100.077234, 28.690315], [-100.076859, 28.689402], [-100.07636, 28.688204], [-100.076296, 28.688052], [-100.075745, 28.686711], [-100.075338, 28.685733], [-100.075269, 28.685567], [-100.074983, 28.684873], [-100.074927, 28.684738], [-100.074308, 28.683249], [-100.073664, 28.682858], [-100.072988, 28.682455], [-100.071648, 28.681405], [-100.070147, 28.680225], [-100.069485, 28.679821], [-100.069408, 28.679774], [-100.069182, 28.679634], [-100.069062, 28.679562], [-100.06902, 28.679536], [-100.068916, 28.679472], [-100.068863, 28.679439], [-100.06867, 28.679322], [-100.068293, 28.679091], [-100.068086, 28.678964], [-100.068032, 28.678931], [-100.06761, 28.678673], [-100.067522, 28.678619], [-100.067235, 28.678443], [-100.067202, 28.678422], [-100.066908, 28.67824], [-100.066877, 28.678221], [-100.066283, 28.67786], [-100.066227, 28.677826], [-100.06557, 28.677425], [-100.065545, 28.677409], [-100.065365, 28.677301], [-100.065317, 28.677271], [-100.065074, 28.677122], [-100.065037, 28.677098], [-100.065007, 28.67708], [-100.064884, 28.677006], [-100.064632, 28.67685], [-100.064279, 28.67663], [-100.064278, 28.67643], [-100.064278, 28.676203], [-100.064279, 28.676105], [-100.064278, 28.675887], [-100.064279, 28.675712], [-100.064281, 28.675247], [-100.064281, 28.674986], [-100.064282, 28.674831], [-100.064282, 28.674775], [-100.064282, 28.674617], [-100.064283, 28.674521], [-100.064284, 28.674432], [-100.064285, 28.674339], [-100.064286, 28.674296], [-100.064286, 28.674227], [-100.064287, 28.672838], [-100.064286, 28.672708], [-100.064285, 28.672649], [-100.064283, 28.672365], [-100.064281, 28.672232], [-100.06428, 28.672175], [-100.064278, 28.672007], [-100.064275, 28.671731], [-100.064271, 28.67121], [-100.06427, 28.670789], [-100.064261, 28.669824], [-100.064259, 28.669473], [-100.064258, 28.669009], [-100.064151, 28.654386], [-100.064104, 28.647946], [-100.064105, 28.647824]]}}
]
}
