{
"type": "FeatureCollection",
"features": [
{"type": "Feature", "properties": {"ProjectID": "P3115", "ogc_fid": 46, "gml_id": "Ductos2013.46", "createddat": "1998/01/01", "beginstati": 0.0, "endstation": 0.0, "stationser": "OCC", "linedescri": "Oleoducto Carrasco - Cochabamba", "shape_leng": 0.0, "product": "Crude Oil", "ruleid": 1.0, "rulei_desc": "Crude Oil"}, "geometry": {"type": "MultiLineString", "coordinates": [[[-64.539908, -17.243912], [-64.539727, -17.243495], [-64.539533, -17.243094], [-64.539291, -17.242707], [-64.539144, -17.242279], [-64.538993, -17.241851], [-64.538845, -17.241432], [-64.538694, -17.241004], [-64.538543, -17.240586], [-64.538389, -17.240159], [-64.538237, -17.239731], [-64.538089, -17.239303], [-64.537922, -17.23888], [-64.537749, -17.238461], [-64.537613, -17.238028], [-64.537475, -17.237596], [-64.537332, -17.237166], [-64.537187, -17.236736], [-64.53704, -17.236307], [-64.536892, -17.235878], [-64.53675, -17.235447], [-64.536608, -17.235016], [-64.536466, -17.234586], [-64.536311, -17.234159], [-64.536148, -17.233736], [-64.535998, -17.233317], [-64.53584, -17.232891], [-64.535683, -17.232466], [-64.535531, -17.232038], [-64.535372, -17.231622], [-64.535228, -17.231193], [-64.535109, -17.230756], [-64.534968, -17.230335], [-64.53482, -17.229906], [-64.534665, -17.229479], [-64.534492, -17.229059], [-64.534292, -17.228651], [-64.534053, -17.228262], [-64.533781, -17.227905], [-64.53349, -17.22755], [-64.533184, -17.227206], [-64.532904, -17.226847], [-64.532755, -17.226419], [-64.53262, -17.225986], [-64.53248, -17.225555], [-64.532337, -17.225124], [-64.532193, -17.224694], [-64.53205, -17.224264], [-64.531907, -17.223833], [-64.531763, -17.223403], [-64.53162, -17.222973], [-64.531488, -17.222539], [-64.53138, -17.2221], [-64.531366, -17.22165], [-64.531386, -17.221198], [-64.531406, -17.220747], [-64.531434, -17.220296], [-64.531462, -17.219845], [-64.53147, -17.219395], [-64.531353, -17.218958], [-64.531206, -17.218529], [-64.531022, -17.218113], [-64.530837, -17.217698], [-64.530637, -17.217289], [-64.530465, -17.216869], [-64.530276, -17.216455], [-64.530099, -17.216037], [-64.529916, -17.21562], [-64.529733, -17.215204], [-64.529551, -17.214788], [-64.529366, -17.214372], [-64.52918, -17.213957], [-64.528993, -17.213543], [-64.528803, -17.21313], [-64.528615, -17.212715], [-64.528434, -17.212298], [-64.528232, -17.211891], [-64.528023, -17.211486], [-64.527833, -17.211073], [-64.527644, -17.210659], [-64.527469, -17.21024], [-64.527298, -17.209819], [-64.527134, -17.209405], [-64.526965, -17.208984], [-64.526796, -17.208562], [-64.526627, -17.20814], [-64.526429, -17.207731], [-64.526232, -17.207321], [-64.525879, -17.20703], [-64.525676, -17.206623], [-64.525423, -17.206244], [-64.525168, -17.205865], [-64.524923, -17.205479], [-64.524684, -17.20509], [-64.524453, -17.204696], [-64.524222, -17.204303], [-64.524103, -17.204087], [-64.524002, -17.203903], [-64.524302, -17.203596], [-64.524755, -17.203476], [-64.525204, -17.203342], [-64.525646, -17.203189], [-64.526086, -17.203031], [-64.526527, -17.202874], [-64.526969, -17.202719], [-64.527407, -17.202557], [-64.527846, -17.202395], [-64.52829, -17.202246], [-64.528716, -17.202055], [-64.529152, -17.201889], [-64.529576, -17.201715], [-64.530006, -17.201533], [-64.530433, -17.201344], [-64.530856, -17.201147], [-64.53129, -17.200974], [-64.531724, -17.2008], [-64.532159, -17.200628], [-64.532593, -17.200455], [-64.53303, -17.200291], [-64.533469, -17.200129], [-64.533907, -17.199964], [-64.534341, -17.199792], [-64.53477, -17.199607], [-64.5352, -17.199424], [-64.535627, -17.199234], [-64.536057, -17.199052], [-64.536487, -17.198869], [-64.536916, -17.198684], [-64.537346, -17.198503], [-64.537776, -17.19832], [-64.538206, -17.198138], [-64.538593, -17.197972], [-64.538636, -17.197954], [-64.538637, -17.197954], [-64.538676, -17.197938], [-64.53868, -17.197936], [-64.538729, -17.197915], [-64.538736, -17.197913], [-64.53875, -17.197907], [-64.538772, -17.197899], [-64.538792, -17.197891], [-64.538812, -17.197883], [-64.538838, -17.197873], [-64.53886, -17.197863], [-64.538862, -17.197862], [-64.538867, -17.197861], [-64.538891, -17.197852], [-64.538912, -17.197844], [-64.53894, -17.197833], [-64.538963, -17.197822], [-64.538966, -17.197821], [-64.538975, -17.197817], [-64.538989, -17.197812], [-64.539018, -17.1978], [-64.539042, -17.197791], [-64.539069, -17.19778], [-64.53907, -17.19778], [-64.53909, -17.197772], [-64.539114, -17.197763], [-64.539139, -17.197753], [-64.539195, -17.19773], [-64.53922, -17.197719], [-64.539227, -17.197716], [-64.539254, -17.197705], [-64.539285, -17.197692], [-64.539285, -17.197692], [-64.539503, -17.197605], [-64.539936, -17.197429], [-64.540369, -17.197254], [-64.540802, -17.197078], [-64.541235, -17.196903], [-64.541668, -17.196727], [-64.542102, -17.196552], [-64.542535, -17.196376], [-64.542968, -17.196201], [-64.543401, -17.196025], [-64.543834, -17.19585], [-64.544267, -17.195674], [-64.544701, -17.195499], [-64.545134, -17.195323], [-64.545567, -17.195148], [-64.546, -17.194972], [-64.546433, -17.194797], [-64.546866, -17.194621], [-64.547299, -17.194446], [-64.547732, -17.19427], [-64.548166, -17.194095], [-64.548599, -17.193919], [-64.549032, -17.193744], [-64.549465, -17.193568], [-64.549897, -17.193389], [-64.550331, -17.193216], [-64.550764, -17.193041], [-64.551199, -17.192871], [-64.551634, -17.192698], [-64.552068, -17.192524], [-64.552501, -17.19235], [-64.552936, -17.192178], [-64.55337, -17.192005], [-64.553805, -17.191832], [-64.554238, -17.191658], [-64.554672, -17.191484], [-64.555107, -17.191313], [-64.555541, -17.191139], [-64.555976, -17.190969], [-64.556411, -17.190798], [-64.556846, -17.190626], [-64.55728, -17.190452], [-64.557713, -17.190277], [-64.558145, -17.190099], [-64.558577, -17.189921], [-64.55901, -17.189745], [-64.559435, -17.189574], [-64.559866, -17.189395], [-64.560301, -17.189223], [-64.560734, -17.189048], [-64.561168, -17.188873], [-64.561603, -17.188702], [-64.562037, -17.18853], [-64.562471, -17.188357], [-64.562905, -17.188183], [-64.563339, -17.188009], [-64.563773, -17.187835], [-64.564207, -17.187662], [-64.564637, -17.18748], [-64.56507, -17.187305], [-64.565498, -17.187118], [-64.565925, -17.186929], [-64.566351, -17.186738], [-64.566778, -17.186549], [-64.567208, -17.186366], [-64.56764, -17.186188], [-64.56807, -17.186006], [-64.568499, -17.185821], [-64.568931, -17.185643], [-64.569364, -17.185468], [-64.569797, -17.185293], [-64.570222, -17.185099], [-64.570648, -17.184908], [-64.571074, -17.184717], [-64.571503, -17.184533], [-64.571928, -17.184341], [-64.572352, -17.184146], [-64.572777, -17.183953], [-64.573208, -17.183774], [-64.573639, -17.183594], [-64.57407, -17.183415], [-64.574508, -17.183253], [-64.574947, -17.183093], [-64.575387, -17.182933], [-64.575829, -17.18278], [-64.57627, -17.182623], [-64.576709, -17.182462], [-64.57716, -17.182337], [-64.577616, -17.182227], [-64.578066, -17.182096], [-64.578518, -17.181972], [-64.578937, -17.181793], [-64.57935, -17.181577], [-64.579762, -17.181361], [-64.580175, -17.181144], [-64.580586, -17.180925], [-64.580999, -17.18071], [-64.581411, -17.180493], [-64.581824, -17.180276], [-64.58224, -17.180067], [-64.582677, -17.1799], [-64.583113, -17.17976], [-64.583548, -17.179588], [-64.583988, -17.179429], [-64.584421, -17.179254], [-64.584853, -17.179078], [-64.585288, -17.178908], [-64.585721, -17.178731], [-64.586151, -17.178549], [-64.586584, -17.178375], [-64.587021, -17.178207], [-64.587456, -17.178035], [-64.587891, -17.177866], [-64.588324, -17.177691], [-64.588758, -17.177517], [-64.589198, -17.177358], [-64.589632, -17.177211], [-64.590067, -17.17704], [-64.590496, -17.176856], [-64.590917, -17.176654], [-64.591342, -17.176484], [-64.591775, -17.176312], [-64.59221, -17.176141], [-64.592648, -17.175979], [-64.593081, -17.175804], [-64.593513, -17.175626], [-64.59394, -17.175437], [-64.594374, -17.175264], [-64.594832, -17.175257], [-64.595301, -17.17526], [-64.595697, -17.175051], [-64.595962, -17.174678], [-64.596375, -17.174473], [-64.596805, -17.174314], [-64.597234, -17.17413], [-64.597673, -17.173968], [-64.598112, -17.173806], [-64.598551, -17.173646], [-64.598989, -17.173481], [-64.599428, -17.173321], [-64.599867, -17.17316], [-64.600309, -17.173007], [-64.60075, -17.172849], [-64.601192, -17.172698], [-64.601632, -17.172538], [-64.602065, -17.172364], [-64.602503, -17.172198], [-64.602941, -17.172036], [-64.603375, -17.171863], [-64.603806, -17.171681], [-64.604235, -17.171497], [-64.60467, -17.171327], [-64.605116, -17.171183], [-64.605565, -17.171052], [-64.605996, -17.170895], [-64.60645, -17.170786], [-64.606913, -17.170709], [-64.607356, -17.170559], [-64.607802, -17.170417], [-64.608244, -17.170262], [-64.608688, -17.170115], [-64.609135, -17.169976], [-64.60959, -17.169865], [-64.610047, -17.169761], [-64.610499, -17.169636], [-64.610954, -17.169534], [-64.611414, -17.169443], [-64.611864, -17.169314], [-64.612312, -17.16918], [-64.612777, -17.169111], [-64.613242, -17.169053], [-64.613712, -17.169069], [-64.614172, -17.169086], [-64.614642, -17.169092], [-64.615111, -17.169064], [-64.615574, -17.168991], [-64.61604, -17.168929], [-64.616507, -17.168878], [-64.616973, -17.16882], [-64.617436, -17.168744], [-64.617886, -17.168614], [-64.618322, -17.168448], [-64.618759, -17.16828], [-64.619187, -17.168094], [-64.619606, -17.16789], [-64.620016, -17.167669], [-64.620411, -17.167425], [-64.620794, -17.167163], [-64.621159, -17.166878], [-64.621468, -17.166541], [-64.621841, -17.166267], [-64.62218, -17.165955], [-64.622513, -17.165637], [-64.622859, -17.165331], [-64.623201, -17.165021], [-64.623543, -17.164712], [-64.623889, -17.164406], [-64.624234, -17.164098], [-64.624579, -17.163792], [-64.624923, -17.163484], [-64.625266, -17.163175], [-64.625611, -17.162869], [-64.625943, -17.16255], [-64.626349, -17.162322], [-64.62677, -17.162123], [-64.627196, -17.161931], [-64.627613, -17.161724], [-64.628037, -17.16153], [-64.628476, -17.161368], [-64.62894, -17.161305], [-64.629403, -17.161327], [-64.629862, -17.161423], [-64.630324, -17.161497], [-64.630786, -17.161414], [-64.631241, -17.161303], [-64.631703, -17.16122], [-64.632167, -17.161154], [-64.63262, -17.161038], [-64.633043, -17.160842], [-64.633448, -17.160613], [-64.633847, -17.160375], [-64.634241, -17.160129], [-64.634635, -17.159882], [-64.63503, -17.159637], [-64.635424, -17.159391], [-64.635818, -17.159144], [-64.636213, -17.1589], [-64.636618, -17.158671], [-64.63704, -17.158475], [-64.637468, -17.158287], [-64.637895, -17.1581], [-64.638329, -17.157925], [-64.638759, -17.157743], [-64.639188, -17.157559], [-64.639615, -17.157371], [-64.640051, -17.157201], [-64.640486, -17.157032], [-64.64092, -17.156858], [-64.641358, -17.156694], [-64.641795, -17.156528], [-64.642233, -17.156362], [-64.642666, -17.156188], [-64.643099, -17.156013], [-64.643535, -17.155844], [-64.643968, -17.155668], [-64.644401, -17.155492], [-64.644834, -17.155316], [-64.645267, -17.15514], [-64.645699, -17.154964], [-64.64613, -17.154784], [-64.646567, -17.154618], [-64.646991, -17.154423], [-64.64741, -17.154219], [-64.64783, -17.154015], [-64.648264, -17.153845], [-64.648711, -17.153705], [-64.649158, -17.153565], [-64.649602, -17.15342], [-64.650038, -17.153251], [-64.650473, -17.153079], [-64.650907, -17.152906], [-64.651342, -17.152734], [-64.651769, -17.152547], [-64.652202, -17.15237], [-64.652635, -17.152194], [-64.653068, -17.152019], [-64.653488, -17.151818], [-64.653907, -17.151613], [-64.654326, -17.151408], [-64.654744, -17.151202], [-64.655163, -17.150997], [-64.655582, -17.150792], [-64.656, -17.150587], [-64.656419, -17.150381], [-64.656838, -17.150176], [-64.657255, -17.149969], [-64.657681, -17.149777], [-64.658108, -17.149589], [-64.658529, -17.149389], [-64.658954, -17.149197], [-64.659378, -17.149002], [-64.659803, -17.148808], [-64.660226, -17.148613], [-64.660654, -17.148426], [-64.661085, -17.148245], [-64.661515, -17.148063], [-64.661945, -17.147881], [-64.662373, -17.147694], [-64.662803, -17.147512], [-64.663235, -17.147335], [-64.663673, -17.147172], [-64.664111, -17.147007], [-64.664558, -17.14687], [-64.665007, -17.146736], [-64.665455, -17.146598], [-64.665897, -17.146445], [-64.66634, -17.146295], [-64.66679, -17.146164], [-64.667235, -17.14602], [-64.667667, -17.145845], [-64.668045, -17.145576], [-64.66844, -17.145334], [-64.668871, -17.145154], [-64.6693, -17.144969], [-64.669729, -17.144785], [-64.670159, -17.144603], [-64.670591, -17.144425], [-64.671026, -17.144252], [-64.671467, -17.144097], [-64.671907, -17.143939], [-64.672353, -17.143798], [-64.672802, -17.143663], [-64.673252, -17.143535], [-64.6737, -17.143398], [-64.67415, -17.143266], [-64.674597, -17.143164], [-64.675051, -17.143048], [-64.675505, -17.142931], [-64.67596, -17.142818], [-64.676415, -17.142707], [-64.676871, -17.142597], [-64.677324, -17.142476], [-64.677776, -17.142355], [-64.678226, -17.142222], [-64.678672, -17.142081], [-64.679109, -17.141915], [-64.679541, -17.141737], [-64.679972, -17.141558], [-64.680403, -17.141379], [-64.680835, -17.141201], [-64.681266, -17.141021], [-64.681697, -17.140842], [-64.682132, -17.140672], [-64.682561, -17.140488], [-64.682981, -17.140284], [-64.683399, -17.140079], [-64.683838, -17.139918], [-64.68427, -17.13974], [-64.684693, -17.139546], [-64.685127, -17.139372], [-64.685552, -17.139179], [-64.685979, -17.138992], [-64.686405, -17.138802], [-64.686833, -17.138616], [-64.687261, -17.138428], [-64.687688, -17.13824], [-64.688115, -17.138052], [-64.688543, -17.137864], [-64.68897, -17.137676], [-64.689397, -17.137488], [-64.689825, -17.137302], [-64.690253, -17.137115], [-64.69068, -17.136927], [-64.691107, -17.136738], [-64.691534, -17.136549], [-64.691961, -17.136361], [-64.692388, -17.136173], [-64.692815, -17.135984], [-64.693241, -17.135793], [-64.693666, -17.135601], [-64.69408, -17.135392], [-64.694426, -17.135086], [-64.69476, -17.134769], [-64.695149, -17.134528], [-64.695575, -17.134337], [-64.696002, -17.134147], [-64.696428, -17.133957], [-64.696861, -17.133815], [-64.697319, -17.133713], [-64.697783, -17.133647], [-64.698239, -17.133537], [-64.698671, -17.133361], [-64.699092, -17.13316], [-64.699512, -17.132959], [-64.699933, -17.132758], [-64.700354, -17.132558], [-64.700772, -17.132351], [-64.70119, -17.132144], [-64.701607, -17.131936], [-64.702024, -17.131728], [-64.702442, -17.131521], [-64.702859, -17.131314], [-64.703277, -17.131107], [-64.703695, -17.1309], [-64.704111, -17.130691], [-64.704528, -17.130483], [-64.704946, -17.130276], [-64.705361, -17.130064], [-64.705785, -17.129873], [-64.706233, -17.129741], [-64.706669, -17.129572], [-64.707096, -17.129382], [-64.707509, -17.129169], [-64.707911, -17.128934], [-64.708304, -17.128687], [-64.7087, -17.128444], [-64.709119, -17.12824], [-64.709547, -17.128054], [-64.709943, -17.127813], [-64.710339, -17.127572], [-64.710773, -17.127398], [-64.711217, -17.127251], [-64.711661, -17.127105], [-64.712106, -17.126959], [-64.712551, -17.126813], [-64.712995, -17.126667], [-64.71344, -17.126519], [-64.713884, -17.126372], [-64.714317, -17.126201], [-64.714711, -17.125956], [-64.715133, -17.125757], [-64.715549, -17.125547], [-64.715988, -17.125393], [-64.716439, -17.125264], [-64.716901, -17.125224], [-64.71737, -17.125248], [-64.717834, -17.12519], [-64.718291, -17.125083], [-64.718747, -17.124976], [-64.719204, -17.124869], [-64.71966, -17.124762], [-64.720116, -17.124654], [-64.720572, -17.124543], [-64.72103, -17.124445], [-64.721489, -17.124348], [-64.721948, -17.124252], [-64.722407, -17.124155], [-64.722866, -17.124059], [-64.723327, -17.123971], [-64.723788, -17.123883], [-64.724249, -17.123795], [-64.72471, -17.123707], [-64.725171, -17.123619], [-64.725631, -17.123531], [-64.726092, -17.123443], [-64.726555, -17.123363], [-64.727019, -17.123292], [-64.727478, -17.123196], [-64.727936, -17.123097], [-64.728395, -17.122998], [-64.728855, -17.12291], [-64.729314, -17.122813], [-64.729774, -17.122719], [-64.730235, -17.122634], [-64.730696, -17.122548], [-64.731157, -17.12246], [-64.731618, -17.122373], [-64.732079, -17.122286], [-64.732541, -17.122201], [-64.733002, -17.122115], [-64.733461, -17.12202], [-64.73392, -17.121925], [-64.73438, -17.121829], [-64.734839, -17.121734], [-64.735299, -17.121641], [-64.735759, -17.121551], [-64.736223, -17.121476], [-64.736686, -17.121401], [-64.73715, -17.121331], [-64.737616, -17.121271], [-64.738082, -17.121213], [-64.738546, -17.121143], [-64.73901, -17.121075], [-64.739476, -17.121015], [-64.73994, -17.120947], [-64.740404, -17.120874], [-64.740869, -17.120808], [-64.741335, -17.120752], [-64.741803, -17.120713], [-64.742271, -17.12068], [-64.742735, -17.12061], [-64.743195, -17.120519], [-64.743656, -17.120429], [-64.744116, -17.120338], [-64.744575, -17.120245], [-64.745018, -17.120094], [-64.745459, -17.119939], [-64.745896, -17.119798], [-64.746358, -17.119718], [-64.746824, -17.119749], [-64.747293, -17.119747], [-64.747762, -17.119714], [-64.748231, -17.119681], [-64.748699, -17.119647], [-64.749168, -17.119617], [-64.749635, -17.119567], [-64.750099, -17.1195], [-64.750565, -17.119439], [-64.751032, -17.119389], [-64.751499, -17.119343], [-64.751967, -17.119302], [-64.752435, -17.119266], [-64.752903, -17.119225], [-64.753371, -17.119184], [-64.753839, -17.11915], [-64.754308, -17.11912], [-64.754777, -17.119087], [-64.755245, -17.119053], [-64.755714, -17.119019], [-64.756182, -17.118985], [-64.756651, -17.118952], [-64.757119, -17.118917], [-64.757579, -17.118832], [-64.758014, -17.118876], [-64.758222, -17.118914], [-64.758471, -17.118959], [-64.758898, -17.118775], [-64.759363, -17.118726], [-64.759832, -17.1187], [-64.760301, -17.118674], [-64.76077, -17.118649], [-64.761239, -17.118624], [-64.761708, -17.118599], [-64.762178, -17.118575], [-64.762647, -17.11855], [-64.763115, -17.118516], [-64.763584, -17.118497], [-64.764052, -17.118463], [-64.764516, -17.118387], [-64.764983, -17.118342], [-64.765451, -17.118298], [-64.765919, -17.118266], [-64.766388, -17.118241], [-64.766857, -17.118206], [-64.767321, -17.118137], [-64.767776, -17.118025], [-64.768227, -17.117899], [-64.768676, -17.117766], [-64.769119, -17.117617], [-64.769548, -17.117433], [-64.769976, -17.117245], [-64.770403, -17.117056], [-64.770829, -17.116867], [-64.771254, -17.116675], [-64.771675, -17.116473], [-64.772119, -17.116331], [-64.77257, -17.116204], [-64.773009, -17.116043], [-64.773444, -17.115874], [-64.77386, -17.115663], [-64.774277, -17.115456], [-64.774693, -17.115246], [-64.775107, -17.115032], [-64.775528, -17.114832], [-64.775952, -17.114637], [-64.776385, -17.114462], [-64.776802, -17.114255], [-64.777217, -17.114043], [-64.77764, -17.113847], [-64.778069, -17.113661], [-64.778497, -17.113477], [-64.778926, -17.113292], [-64.77936, -17.113118], [-64.77979, -17.112937], [-64.780218, -17.112751], [-64.780648, -17.112569], [-64.781076, -17.112383], [-64.781502, -17.112192], [-64.781928, -17.112001], [-64.782354, -17.111811], [-64.782786, -17.111633], [-64.783217, -17.111455], [-64.783655, -17.11129], [-64.784089, -17.111118], [-64.784521, -17.110941], [-64.784954, -17.110764], [-64.785385, -17.110586], [-64.785817, -17.110407], [-64.786242, -17.110238], [-64.786675, -17.110061], [-64.787107, -17.109886], [-64.787541, -17.109713], [-64.787975, -17.10954], [-64.78841, -17.109368], [-64.788844, -17.109195], [-64.789276, -17.109018], [-64.789711, -17.108847], [-64.790145, -17.108675], [-64.790577, -17.108497], [-64.791009, -17.108319], [-64.79144, -17.10814], [-64.791872, -17.107962], [-64.792306, -17.107788], [-64.792743, -17.107622], [-64.793178, -17.107453], [-64.793614, -17.107284], [-64.794049, -17.107115], [-64.794485, -17.106947], [-64.794925, -17.106786], [-64.795364, -17.106627], [-64.795804, -17.106469], [-64.796244, -17.10631], [-64.796684, -17.106151], [-64.797121, -17.105986], [-64.797551, -17.105805], [-64.797978, -17.105616], [-64.798392, -17.105402], [-64.798762, -17.105128], [-64.799123, -17.104844], [-64.799558, -17.104674], [-64.799993, -17.104503], [-64.800428, -17.104333], [-64.800864, -17.104163], [-64.801299, -17.103993], [-64.801734, -17.103823], [-64.802169, -17.103652], [-64.802604, -17.103482], [-64.803039, -17.103312], [-64.803475, -17.103142], [-64.80391, -17.102972], [-64.804345, -17.102801], [-64.80478, -17.102631], [-64.805215, -17.102461], [-64.80565, -17.102291], [-64.806086, -17.10212], [-64.806521, -17.10195], [-64.806956, -17.10178], [-64.807411, -17.101673], [-64.80787, -17.101575], [-64.808327, -17.101469], [-64.80878, -17.101351], [-64.809228, -17.101215], [-64.809668, -17.101058], [-64.810105, -17.100891], [-64.810526, -17.100692], [-64.810939, -17.100477], [-64.811358, -17.100273], [-64.811772, -17.100059], [-64.812189, -17.099852], [-64.812607, -17.099644], [-64.813024, -17.099436], [-64.813441, -17.099229], [-64.813858, -17.099021], [-64.814275, -17.098813], [-64.814692, -17.098605], [-64.815109, -17.098397], [-64.815526, -17.09819], [-64.815944, -17.097982], [-64.816361, -17.097774], [-64.816775, -17.097561], [-64.817182, -17.097335], [-64.81759, -17.097112], [-64.818009, -17.096907], [-64.818439, -17.096728], [-64.818858, -17.096522], [-64.819273, -17.096311], [-64.819686, -17.096096], [-64.820101, -17.095884], [-64.820517, -17.095675], [-64.820934, -17.095468], [-64.821352, -17.09526], [-64.821768, -17.095052], [-64.822186, -17.094844], [-64.822603, -17.094636], [-64.82302, -17.094429], [-64.823439, -17.094225], [-64.823839, -17.093989], [-64.824204, -17.093705], [-64.824556, -17.093405], [-64.824874, -17.093074], [-64.825169, -17.092723], [-64.825466, -17.092372], [-64.82575, -17.092012], [-64.826017, -17.091641], [-64.826217, -17.091236], [-64.826416, -17.090827], [-64.826616, -17.090418], [-64.826869, -17.090042], [-64.827156, -17.089684], [-64.82748, -17.08937], [-64.827802, -17.089041], [-64.828101, -17.088694], [-64.828401, -17.088346], [-64.828754, -17.088049], [-64.829073, -17.087719], [-64.829317, -17.087333], [-64.829563, -17.086948], [-64.829827, -17.086575], [-64.830098, -17.086206], [-64.830378, -17.085843], [-64.830672, -17.085491], [-64.83102, -17.085189], [-64.831289, -17.084821], [-64.831556, -17.084449], [-64.831836, -17.084086], [-64.832116, -17.083724], [-64.832396, -17.083361], [-64.832666, -17.082992], [-64.832954, -17.082636], [-64.83323, -17.082272], [-64.833494, -17.081909], [-64.833773, -17.081545], [-64.834051, -17.081181], [-64.834342, -17.080826], [-64.834631, -17.08047], [-64.834919, -17.080114], [-64.835212, -17.07976], [-64.835503, -17.079405], [-64.835792, -17.07905], [-64.836072, -17.078698], [-64.836353, -17.078359], [-64.836637, -17.078], [-64.836914, -17.077635], [-64.837208, -17.077295], [-64.837494, -17.07695], [-64.837779, -17.076591], [-64.838062, -17.076241], [-64.838352, -17.075886], [-64.838642, -17.075531], [-64.838931, -17.075175], [-64.839205, -17.074809], [-64.839492, -17.074451], [-64.839777, -17.074092], [-64.840061, -17.073732], [-64.840346, -17.073373], [-64.840632, -17.073015], [-64.840916, -17.072655], [-64.841196, -17.072293], [-64.841466, -17.071926], [-64.841756, -17.071571], [-64.842037, -17.07121], [-64.842316, -17.070846], [-64.842589, -17.07049], [-64.842865, -17.070124], [-64.843147, -17.069763], [-64.843425, -17.069399], [-64.843706, -17.069037], [-64.843986, -17.068674], [-64.84427, -17.068314], [-64.844571, -17.067968], [-64.844887, -17.067633], [-64.845187, -17.067286], [-64.845469, -17.066925], [-64.84575, -17.066563], [-64.846036, -17.066205], [-64.846325, -17.065849], [-64.84662, -17.065497], [-64.846919, -17.065148], [-64.847249, -17.064885], [-64.84753, -17.064526], [-64.847811, -17.06418], [-64.848115, -17.063848], [-64.848389, -17.063484], [-64.848652, -17.063123], [-64.848865, -17.06272], [-64.849104, -17.062342], [-64.849417, -17.062006], [-64.849719, -17.06166], [-64.850111, -17.061431], [-64.850575, -17.061361], [-64.851031, -17.061267], [-64.851455, -17.061073], [-64.851846, -17.060835], [-64.85204, -17.060426], [-64.852236, -17.060015], [-64.852476, -17.059639], [-64.852578, -17.059205], [-64.852468, -17.058766], [-64.85244, -17.058571], [-64.852408, -17.058338], [-64.852698, -17.057984], [-64.852992, -17.057632], [-64.853288, -17.057281], [-64.85359, -17.056935], [-64.853873, -17.056587], [-64.854221, -17.056304], [-64.854481, -17.05593], [-64.854742, -17.055554], [-64.855022, -17.055192], [-64.855311, -17.054836], [-64.855603, -17.054482], [-64.855891, -17.054125], [-64.856158, -17.053754], [-64.856438, -17.053391], [-64.856731, -17.053038], [-64.857009, -17.052674], [-64.857277, -17.052304], [-64.857559, -17.051943], [-64.857857, -17.051594], [-64.858147, -17.051238], [-64.858424, -17.050874], [-64.8587, -17.050508], [-64.858983, -17.050148], [-64.859266, -17.049787], [-64.859548, -17.049426], [-64.85983, -17.049065], [-64.860112, -17.048704], [-64.860395, -17.048343], [-64.860677, -17.047982], [-64.860959, -17.047621], [-64.861241, -17.047259], [-64.861524, -17.046898], [-64.861806, -17.046537], [-64.862088, -17.046176], [-64.862346, -17.045799], [-64.862609, -17.045425], [-64.862874, -17.045063], [-64.863159, -17.044704], [-64.863444, -17.044345], [-64.863758, -17.04401], [-64.864086, -17.043687], [-64.864433, -17.043382], [-64.864739, -17.04304], [-64.865046, -17.042698], [-64.865334, -17.042341], [-64.865604, -17.041972], [-64.86589, -17.041614], [-64.866181, -17.041259], [-64.866469, -17.040902], [-64.866755, -17.040544], [-64.867042, -17.040186], [-64.867333, -17.039832], [-64.867624, -17.039477], [-64.867916, -17.039123], [-64.868208, -17.03877], [-64.868502, -17.038417], [-64.868798, -17.038067], [-64.869098, -17.037719], [-64.869397, -17.037371], [-64.869692, -17.037019], [-64.869978, -17.036661], [-64.870244, -17.036289], [-64.87052, -17.035923], [-64.870819, -17.035575], [-64.871152, -17.03526], [-64.871515, -17.034976], [-64.871882, -17.034693], [-64.872038, -17.034311], [-64.872387, -17.034099], [-64.872769, -17.033837], [-64.873151, -17.033574], [-64.873528, -17.033305], [-64.873856, -17.032982], [-64.874188, -17.032662], [-64.874521, -17.032344], [-64.874847, -17.032019], [-64.875138, -17.031665], [-64.87544, -17.031319], [-64.87577, -17.030998], [-64.876119, -17.030696], [-64.876491, -17.030421], [-64.876881, -17.030169], [-64.877291, -17.029949], [-64.877704, -17.029754], [-64.87814, -17.029585], [-64.878589, -17.029459], [-64.879051, -17.029378], [-64.879518, -17.02933], [-64.879987, -17.029316], [-64.880456, -17.029294], [-64.880924, -17.029267], [-64.881394, -17.029261], [-64.881863, -17.029258], [-64.882333, -17.029255], [-64.882802, -17.029242], [-64.883269, -17.029285], [-64.883736, -17.029333], [-64.884202, -17.029386], [-64.884669, -17.029439], [-64.885133, -17.029507], [-64.885588, -17.029616], [-64.886047, -17.029707], [-64.886516, -17.029734], [-64.886985, -17.029753], [-64.887454, -17.029771], [-64.887923, -17.029789], [-64.888392, -17.029807], [-64.888861, -17.029826], [-64.889331, -17.029826], [-64.8898, -17.029817], [-64.890269, -17.029841], [-64.890738, -17.029838], [-64.891206, -17.029793], [-64.89167, -17.029728], [-64.892134, -17.029659], [-64.8926, -17.029602], [-64.893066, -17.029546], [-64.89353, -17.02948], [-64.893983, -17.029363], [-64.894431, -17.029227], [-64.894879, -17.029093], [-64.895325, -17.028952], [-64.895768, -17.028802], [-64.89621, -17.02865], [-64.896654, -17.028502], [-64.897094, -17.028345], [-64.89752, -17.028155], [-64.897936, -17.027945], [-64.898352, -17.027735], [-64.898768, -17.027526], [-64.899184, -17.027317], [-64.8996, -17.027107], [-64.900016, -17.026898], [-64.900432, -17.026688], [-64.900844, -17.02647], [-64.901243, -17.026232], [-64.901642, -17.025994], [-64.90205, -17.025771], [-64.902476, -17.025582], [-64.902917, -17.025426], [-64.903358, -17.025273], [-64.903805, -17.025135], [-64.904263, -17.025038], [-64.904724, -17.024949], [-64.905184, -17.02486], [-64.905644, -17.024771], [-64.906105, -17.024682], [-64.906565, -17.024593], [-64.907026, -17.024504], [-64.907486, -17.024415], [-64.907946, -17.024326], [-64.908407, -17.024237], [-64.908867, -17.024148], [-64.909327, -17.024059], [-64.90979, -17.023985], [-64.910255, -17.023921], [-64.91072, -17.023858], [-64.911185, -17.023794], [-64.911648, -17.02372], [-64.912096, -17.023585], [-64.912547, -17.023463], [-64.91301, -17.023389], [-64.913472, -17.023306], [-64.913932, -17.023218], [-64.914392, -17.023126], [-64.914846, -17.023011], [-64.915301, -17.022899], [-64.915755, -17.022784], [-64.916213, -17.022688], [-64.91668, -17.022644], [-64.917147, -17.0226], [-64.917609, -17.022519], [-64.918072, -17.022447], [-64.918536, -17.022376], [-64.919, -17.022305], [-64.919463, -17.022234], [-64.919927, -17.02216], [-64.920389, -17.02208], [-64.92085, -17.021998], [-64.92131, -17.021905], [-64.921769, -17.021812], [-64.922229, -17.02172], [-64.922691, -17.021636], [-64.923153, -17.02156], [-64.923616, -17.021483], [-64.924079, -17.021407], [-64.924542, -17.021334], [-64.925009, -17.021281], [-64.92547, -17.021197], [-64.925928, -17.021101], [-64.926387, -17.021005], [-64.926846, -17.020909], [-64.927305, -17.020813], [-64.927764, -17.020717], [-64.928222, -17.020621], [-64.928679, -17.020517], [-64.92914, -17.02043], [-64.929605, -17.02037], [-64.930066, -17.020286], [-64.930528, -17.020201], [-64.930989, -17.020116], [-64.931449, -17.020027], [-64.93191, -17.01994], [-64.932374, -17.019873], [-64.932839, -17.019811], [-64.933304, -17.01975], [-64.933768, -17.019681], [-64.934232, -17.019607], [-64.934695, -17.019532], [-64.935158, -17.019457], [-64.93562, -17.019378], [-64.936082, -17.019297], [-64.936542, -17.019209], [-64.937, -17.019106], [-64.937459, -17.019014], [-64.937911, -17.018891], [-64.938371, -17.018803], [-64.938833, -17.01872], [-64.939295, -17.018638], [-64.939757, -17.018561], [-64.940222, -17.018495], [-64.940685, -17.01842], [-64.941146, -17.018335], [-64.941604, -17.018237], [-64.942061, -17.018132], [-64.942511, -17.018003], [-64.942963, -17.017882], [-64.943424, -17.017801], [-64.943888, -17.017728], [-64.944349, -17.017644], [-64.944812, -17.017568], [-64.945277, -17.01751], [-64.945744, -17.017457], [-64.946211, -17.017417], [-64.946679, -17.01738], [-64.947147, -17.01734], [-64.947611, -17.017275], [-64.948078, -17.017225], [-64.948546, -17.017189], [-64.949015, -17.017172], [-64.949484, -17.01715], [-64.949953, -17.017125], [-64.950422, -17.017102], [-64.950891, -17.017081], [-64.951359, -17.017048], [-64.951828, -17.017015], [-64.952291, -17.016944], [-64.952756, -17.016884], [-64.953224, -17.016854], [-64.953694, -17.016839], [-64.954162, -17.016855], [-64.954627, -17.016913], [-64.955096, -17.016895], [-64.955564, -17.016859], [-64.956032, -17.016822], [-64.9565, -17.016785], [-64.956968, -17.016747], [-64.957436, -17.016709], [-64.957905, -17.016685], [-64.958374, -17.016661], [-64.958843, -17.016642], [-64.959312, -17.016644], [-64.959781, -17.016617], [-64.960249, -17.016588], [-64.960718, -17.016563], [-64.961187, -17.016541], [-64.961656, -17.016528], [-64.962125, -17.016505], [-64.962592, -17.016457], [-64.963057, -17.016394], [-64.963524, -17.016348], [-64.963993, -17.016355], [-64.964462, -17.016383], [-64.96493, -17.01636], [-64.965398, -17.016324], [-64.965867, -17.016312], [-64.966337, -17.01631], [-64.966806, -17.016311], [-64.967276, -17.016296], [-64.967743, -17.016255], [-64.968211, -17.016214], [-64.968678, -17.016172], [-64.969145, -17.016121], [-64.969612, -17.016077], [-64.970081, -17.016083], [-64.970542, -17.016165], [-64.97101, -17.016172], [-64.971478, -17.016136], [-64.971946, -17.0161], [-64.972414, -17.016061], [-64.972882, -17.016021], [-64.97335, -17.015993], [-64.973819, -17.015965], [-64.974287, -17.015935], [-64.974756, -17.015903], [-64.975225, -17.015879], [-64.975693, -17.015857], [-64.976162, -17.015835], [-64.976631, -17.015813], [-64.9771, -17.015792], [-64.97757, -17.015773], [-64.978039, -17.015754], [-64.978508, -17.015735], [-64.978977, -17.015716], [-64.979446, -17.015697], [-64.979905, -17.01567], [-64.980374, -17.01564], [-64.980841, -17.015603], [-64.98131, -17.015611], [-64.981779, -17.015637], [-64.982247, -17.01561], [-64.982714, -17.015565], [-64.983183, -17.015542], [-64.983652, -17.015529], [-64.984122, -17.015516], [-64.984591, -17.015503], [-64.98506, -17.01549], [-64.985529, -17.01547], [-64.985998, -17.015447], [-64.986467, -17.015423], [-64.986936, -17.015403], [-64.987405, -17.015384], [-64.987874, -17.015362], [-64.988343, -17.015341], [-64.988812, -17.015319], [-64.989281, -17.015298], [-64.98975, -17.015276], [-64.990219, -17.015255], [-64.990688, -17.015228], [-64.991156, -17.015202], [-64.991626, -17.015187], [-64.992095, -17.015167], [-64.992564, -17.015163], [-64.99303, -17.015118], [-64.993497, -17.015069], [-64.993963, -17.015012], [-64.994428, -17.014953], [-64.994897, -17.01493], [-64.995366, -17.01492], [-64.995836, -17.014927], [-64.996305, -17.01493], [-64.996774, -17.014913], [-64.997243, -17.014889], [-64.997712, -17.014868], [-64.998181, -17.014851], [-64.99865, -17.014828], [-64.999119, -17.014816], [-64.999589, -17.014805], [-65.000058, -17.014793], [-65.000526, -17.014761], [-65.000994, -17.014731], [-65.001462, -17.014694], [-65.001931, -17.014669], [-65.002399, -17.014636], [-65.002868, -17.014613], [-65.003336, -17.014587], [-65.003803, -17.014541], [-65.004271, -17.014505], [-65.00474, -17.014481], [-65.005209, -17.014456], [-65.005678, -17.014436], [-65.006147, -17.014414], [-65.006615, -17.014388], [-65.007084, -17.01436], [-65.007553, -17.014333], [-65.008021, -17.014304], [-65.008491, -17.01429], [-65.00896, -17.014271], [-65.009428, -17.014249], [-65.009898, -17.01423], [-65.010367, -17.014213], [-65.010836, -17.014197], [-65.011305, -17.014175], [-65.011772, -17.014129], [-65.01224, -17.014157], [-65.012709, -17.014166], [-65.013177, -17.014138], [-65.013646, -17.014113], [-65.014115, -17.014101], [-65.014585, -17.014086], [-65.015054, -17.014068], [-65.015523, -17.014052], [-65.015991, -17.014021], [-65.01646, -17.013994], [-65.016928, -17.013968], [-65.017397, -17.013941], [-65.017866, -17.013915], [-65.018334, -17.013889], [-65.018803, -17.013871], [-65.019273, -17.013852], [-65.019742, -17.013833], [-65.02021, -17.013803], [-65.020678, -17.013765], [-65.021147, -17.013749], [-65.021615, -17.013715], [-65.022083, -17.013672], [-65.02255, -17.013634], [-65.023016, -17.013577], [-65.023481, -17.013517], [-65.023946, -17.013455], [-65.024411, -17.013391], [-65.024873, -17.013313], [-65.025333, -17.01322], [-65.025791, -17.013121], [-65.02625, -17.013027], [-65.026709, -17.012929], [-65.027168, -17.012836], [-65.027621, -17.01272], [-65.028074, -17.012601], [-65.028529, -17.012487], [-65.028983, -17.012374], [-65.029439, -17.012268], [-65.029895, -17.01216], [-65.030313, -17.011989], [-65.030699, -17.011781], [-65.031157, -17.011683], [-65.031612, -17.011572], [-65.032067, -17.01146], [-65.032523, -17.011353], [-65.03298, -17.011248], [-65.033439, -17.011153], [-65.033896, -17.01105], [-65.034354, -17.010951], [-65.034811, -17.010846], [-65.035267, -17.010741], [-65.035724, -17.010637], [-65.036179, -17.010526], [-65.036634, -17.010415], [-65.03709, -17.010309], [-65.037545, -17.010197], [-65.038, -17.010083], [-65.038454, -17.00997], [-65.038909, -17.009857], [-65.039362, -17.009739], [-65.039817, -17.00963], [-65.040271, -17.009515], [-65.040727, -17.009407], [-65.041178, -17.009282], [-65.041635, -17.009181], [-65.042097, -17.009102], [-65.042559, -17.00902], [-65.043011, -17.008901], [-65.043445, -17.00873], [-65.043873, -17.008544], [-65.044315, -17.008392], [-65.04476, -17.008251], [-65.045173, -17.008056], [-65.04562, -17.007918], [-65.046071, -17.007794], [-65.046526, -17.007685], [-65.046973, -17.007547], [-65.047419, -17.007405], [-65.047866, -17.007268], [-65.048316, -17.007138], [-65.048759, -17.00699], [-65.0492, -17.006834], [-65.049644, -17.006688], [-65.050085, -17.006533], [-65.050524, -17.006374], [-65.050957, -17.0062], [-65.051404, -17.006063], [-65.051847, -17.005913], [-65.052289, -17.005762], [-65.052733, -17.005614], [-65.053181, -17.005481], [-65.053625, -17.005333], [-65.054065, -17.005176], [-65.054507, -17.005024], [-65.054941, -17.004852], [-65.055377, -17.004685], [-65.05582, -17.004535], [-65.056268, -17.004399], [-65.056712, -17.004253], [-65.057146, -17.004082], [-65.057582, -17.003915], [-65.058028, -17.003773], [-65.058475, -17.003638], [-65.058919, -17.00349], [-65.059364, -17.003347], [-65.059809, -17.003203], [-65.060254, -17.00306], [-65.060698, -17.002912], [-65.061136, -17.002749], [-65.061572, -17.002581], [-65.062017, -17.002439], [-65.062462, -17.002293], [-65.062901, -17.002138], [-65.063331, -17.001959], [-65.06376, -17.001777], [-65.064216, -17.001668], [-65.06467, -17.001556], [-65.065117, -17.001418], [-65.065561, -17.001272], [-65.066007, -17.001132], [-65.066445, -17.000969], [-65.06687, -17.000777], [-65.067292, -17.000601], [-65.067728, -17.000433], [-65.068142, -17.000222], [-65.068564, -17.000026], [-65.068995, -16.999848], [-65.069419, -16.999655], [-65.069849, -16.999474], [-65.070251, -16.999242], [-65.070638, -16.998987], [-65.071043, -16.998778], [-65.071459, -16.99857], [-65.07187, -16.998352], [-65.072237, -16.998076], [-65.072391, -16.997655], [-65.072665, -16.997289], [-65.073091, -16.997116], [-65.073548, -16.997017], [-65.074015, -16.99697], [-65.074471, -16.996872], [-65.074895, -16.99668], [-65.075304, -16.996459], [-65.075722, -16.996254], [-65.07614, -16.996048], [-65.076574, -16.995875], [-65.077019, -16.995733], [-65.077453, -16.995561], [-65.077897, -16.995414], [-65.078342, -16.995272], [-65.078788, -16.995129], [-65.079246, -16.995035], [-65.079702, -16.994939], [-65.080151, -16.994808], [-65.080601, -16.994678], [-65.081037, -16.994514], [-65.081454, -16.994312], [-65.081891, -16.994172], [-65.082333, -16.994021], [-65.082777, -16.993876], [-65.083223, -16.993733], [-65.083669, -16.993594], [-65.084122, -16.993478], [-65.084579, -16.993375], [-65.085038, -16.993278], [-65.085495, -16.993175], [-65.085952, -16.993073], [-65.086414, -16.992995], [-65.086878, -16.992925], [-65.08734, -16.992844], [-65.087803, -16.992768], [-65.088265, -16.992692], [-65.088728, -16.992617], [-65.089195, -16.992566], [-65.089662, -16.992526], [-65.090129, -16.992482], [-65.090596, -16.992432], [-65.091063, -16.992392], [-65.091532, -16.992364], [-65.092, -16.99233], [-65.092468, -16.992306], [-65.092937, -16.992282], [-65.093405, -16.992249], [-65.093871, -16.992195], [-65.094333, -16.992115], [-65.094796, -16.992039], [-65.095265, -16.992026], [-65.095734, -16.992018], [-65.096203, -16.992003], [-65.096672, -16.991986], [-65.097142, -16.991985], [-65.097611, -16.991971], [-65.09808, -16.991948], [-65.098548, -16.991911], [-65.099014, -16.991865], [-65.099484, -16.991854], [-65.099953, -16.991865], [-65.100422, -16.991882], [-65.100891, -16.991883], [-65.101361, -16.991883], [-65.101829, -16.991916], [-65.102296, -16.991955], [-65.102764, -16.991997], [-65.103231, -16.992039], [-65.103699, -16.992076], [-65.104161, -16.992152], [-65.104618, -16.992256], [-65.105074, -16.992365], [-65.10553, -16.992471], [-65.105987, -16.992573], [-65.106439, -16.992696], [-65.106888, -16.992826], [-65.107339, -16.992953], [-65.107788, -16.993085], [-65.108238, -16.993215], [-65.108687, -16.993345], [-65.109138, -16.99347], [-65.109592, -16.993587], [-65.110045, -16.993706], [-65.110497, -16.993828], [-65.110947, -16.993955], [-65.111395, -16.994089], [-65.11182, -16.99428], [-65.112265, -16.994422], [-65.112718, -16.994542], [-65.113175, -16.994646], [-65.11364, -16.994706], [-65.114109, -16.99472], [-65.114573, -16.994787], [-65.115029, -16.994893], [-65.115481, -16.995014], [-65.11594, -16.995107], [-65.116385, -16.995249], [-65.116823, -16.99541], [-65.117266, -16.995558], [-65.117715, -16.99569], [-65.118154, -16.995851], [-65.118592, -16.996012], [-65.119037, -16.996155], [-65.119487, -16.996286], [-65.119933, -16.996427], [-65.120378, -16.99657], [-65.120834, -16.996676], [-65.121295, -16.99676], [-65.121759, -16.996828], [-65.122222, -16.996903], [-65.122687, -16.996964], [-65.123151, -16.997031], [-65.123618, -16.997077], [-65.124086, -16.997111], [-65.124553, -16.997151], [-65.125022, -16.99717], [-65.125491, -16.997179], [-65.12596, -16.997191], [-65.126429, -16.997177], [-65.126895, -16.997126], [-65.12736, -16.997065], [-65.127825, -16.997004], [-65.128291, -16.996945], [-65.128757, -16.996893], [-65.129213, -16.996833], [-65.129678, -16.996773], [-65.130141, -16.9967], [-65.130604, -16.996625], [-65.131067, -16.996553], [-65.131533, -16.996596], [-65.131986, -16.996714], [-65.13245, -16.996776], [-65.132917, -16.996812], [-65.133385, -16.99685], [-65.13385, -16.996908], [-65.134305, -16.997018], [-65.13477, -16.997056], [-65.135239, -16.997036], [-65.135708, -16.997017], [-65.136177, -16.996997], [-65.136646, -16.996978], [-65.137115, -16.996958], [-65.137584, -16.996938], [-65.138053, -16.996919], [-65.138475, -16.996727], [-65.138942, -16.996701], [-65.139412, -16.996692], [-65.139881, -16.9967], [-65.14035, -16.996707], [-65.140819, -16.996695], [-65.141289, -16.996677], [-65.141758, -16.996675], [-65.142227, -16.996667], [-65.142696, -16.996647], [-65.143165, -16.99663], [-65.143634, -16.996607], [-65.144102, -16.99657], [-65.144569, -16.996532], [-65.145039, -16.996514], [-65.145508, -16.996498], [-65.145977, -16.996488], [-65.146445, -16.99646], [-65.146914, -16.996429], [-65.147383, -16.996412], [-65.147852, -16.996399], [-65.148321, -16.996379], [-65.148789, -16.996352], [-65.149258, -16.996322], [-65.149726, -16.996293], [-65.150195, -16.996267], [-65.150663, -16.99624], [-65.151132, -16.996213], [-65.151601, -16.996191], [-65.15207, -16.996167], [-65.152538, -16.996139], [-65.153007, -16.99611], [-65.153474, -16.996071], [-65.153943, -16.99604], [-65.154411, -16.996011], [-65.15488, -16.995997], [-65.15535, -16.99599], [-65.155819, -16.995985], [-65.156288, -16.995979], [-65.156758, -16.995972], [-65.157227, -16.995965], [-65.157696, -16.995953], [-65.158166, -16.995942], [-65.158635, -16.995928], [-65.159104, -16.995915], [-65.159573, -16.995901], [-65.160042, -16.995886], [-65.16051, -16.995853], [-65.160979, -16.995822], [-65.161448, -16.995799], [-65.161916, -16.995778], [-65.162385, -16.995757], [-65.162854, -16.995739], [-65.163323, -16.995721], [-65.163793, -16.995704], [-65.164262, -16.995686], [-65.16473, -16.995659], [-65.165199, -16.995635], [-65.165668, -16.995613], [-65.166137, -16.995593], [-65.166606, -16.995572], [-65.167075, -16.995551], [-65.167543, -16.995531], [-65.168012, -16.995512], [-65.168481, -16.995493], [-65.16895, -16.995474], [-65.169419, -16.995454], [-65.169888, -16.995427], [-65.170357, -16.995409], [-65.170817, -16.995397], [-65.171286, -16.995381], [-65.171755, -16.995373], [-65.172224, -16.995351], [-65.172692, -16.995318], [-65.173161, -16.995292], [-65.17363, -16.995274], [-65.174098, -16.99525], [-65.174567, -16.995224], [-65.175036, -16.995202], [-65.175505, -16.995176], [-65.175973, -16.99515], [-65.176442, -16.995124], [-65.17691, -16.995099], [-65.177379, -16.995076], [-65.177848, -16.995061], [-65.178318, -16.995056], [-65.178787, -16.995072], [-65.179256, -16.995079], [-65.179725, -16.99507], [-65.180194, -16.995051], [-65.180663, -16.995031], [-65.181132, -16.995008], [-65.181601, -16.994982], [-65.182069, -16.994954], [-65.182538, -16.994938], [-65.183007, -16.994922], [-65.183472, -16.994863], [-65.183935, -16.994806], [-65.184404, -16.994788], [-65.184873, -16.994766], [-65.185341, -16.994739], [-65.18581, -16.994711], [-65.186279, -16.994693], [-65.186748, -16.994679], [-65.187217, -16.994666], [-65.187686, -16.994655], [-65.188153, -16.994611], [-65.188621, -16.994573], [-65.189089, -16.994543], [-65.189558, -16.994519], [-65.190027, -16.994488], [-65.190494, -16.994452], [-65.190962, -16.994418], [-65.191431, -16.994402], [-65.191901, -16.994407], [-65.19237, -16.994415], [-65.192839, -16.994439], [-65.193307, -16.994458], [-65.193776, -16.99444], [-65.194246, -16.994428], [-65.194713, -16.994388], [-65.195182, -16.99437], [-65.195651, -16.994368], [-65.19612, -16.994373], [-65.196588, -16.99439], [-65.197057, -16.994364], [-65.197526, -16.994363], [-65.197995, -16.994374], [-65.198464, -16.994395], [-65.198933, -16.994412], [-65.199402, -16.994427], [-65.199871, -16.99445], [-65.200339, -16.994484], [-65.200807, -16.994514], [-65.201259, -16.994623], [-65.201715, -16.994723], [-65.202183, -16.994752], [-65.202651, -16.994778], [-65.203111, -16.994703], [-65.203575, -16.994635], [-65.204041, -16.994582], [-65.204505, -16.994513], [-65.204968, -16.994444], [-65.205428, -16.994354], [-65.205889, -16.994267], [-65.206354, -16.994204], [-65.20682, -16.994156], [-65.207288, -16.994112], [-65.207755, -16.994069], [-65.208222, -16.994028], [-65.208689, -16.993984], [-65.209152, -16.993911], [-65.209607, -16.993802], [-65.210062, -16.993693], [-65.21053, -16.993678], [-65.210996, -16.993733], [-65.211462, -16.993788], [-65.21193, -16.993811], [-65.212399, -16.993797], [-65.212868, -16.993784], [-65.213337, -16.99377], [-65.213807, -16.993777], [-65.214276, -16.99379], [-65.214745, -16.993799], [-65.215214, -16.9938], [-65.215684, -16.993793], [-65.216153, -16.993778], [-65.216622, -16.993771], [-65.217092, -16.993764], [-65.217561, -16.99376], [-65.21803, -16.993757], [-65.2185, -16.993754], [-65.218969, -16.993748], [-65.219438, -16.993736], [-65.219907, -16.993724], [-65.220377, -16.993717], [-65.220846, -16.993713], [-65.221315, -16.993705], [-65.221784, -16.993685], [-65.222253, -16.993667], [-65.222722, -16.993648], [-65.223191, -16.993631], [-65.22366, -16.993614], [-65.22413, -16.993597], [-65.224598, -16.993577], [-65.225067, -16.993567], [-65.225537, -16.993572], [-65.225997, -16.993577], [-65.226466, -16.993578], [-65.226935, -16.993557], [-65.227404, -16.993547], [-65.227873, -16.993531], [-65.228343, -16.993518], [-65.228812, -16.99351], [-65.229281, -16.993502], [-65.229751, -16.993494], [-65.23022, -16.993486], [-65.230689, -16.993491], [-65.231159, -16.993488], [-65.231628, -16.99348], [-65.232097, -16.99348], [-65.232566, -16.993479], [-65.233036, -16.993471], [-65.233505, -16.993466], [-65.233974, -16.993444], [-65.234443, -16.993425], [-65.234912, -16.993411], [-65.235381, -16.9934], [-65.23585, -16.993398], [-65.23632, -16.993391], [-65.236789, -16.993382], [-65.237258, -16.993381], [-65.237728, -16.99338], [-65.238197, -16.993375], [-65.238666, -16.993361], [-65.239135, -16.993345], [-65.239605, -16.993333], [-65.240074, -16.99334], [-65.240543, -16.993358], [-65.241012, -16.993361], [-65.241481, -16.99335], [-65.24195, -16.99333], [-65.242419, -16.993314], [-65.242888, -16.993303], [-65.243358, -16.993295], [-65.243827, -16.993277], [-65.244296, -16.99326], [-65.244765, -16.993277], [-65.245234, -16.993282], [-65.245703, -16.993268], [-65.246172, -16.993257], [-65.246641, -16.993245], [-65.247111, -16.993231], [-65.24758, -16.993216], [-65.248049, -16.993202], [-65.248518, -16.993189], [-65.248987, -16.993174], [-65.249456, -16.993158], [-65.249925, -16.99314], [-65.250394, -16.99312], [-65.250863, -16.993089], [-65.251331, -16.993077], [-65.251801, -16.993078], [-65.25227, -16.993079], [-65.25274, -16.993079], [-65.253209, -16.993065], [-65.253678, -16.993066], [-65.254147, -16.993047], [-65.254615, -16.993019], [-65.255085, -16.993019], [-65.255554, -16.993019], [-65.256023, -16.993019], [-65.256493, -16.993022], [-65.256962, -16.993023], [-65.257431, -16.993016], [-65.2579, -16.993001], [-65.258369, -16.992974], [-65.258837, -16.992946], [-65.259306, -16.992923], [-65.259775, -16.992919], [-65.260244, -16.992918], [-65.260714, -16.992928], [-65.261183, -16.99294], [-65.261652, -16.992934], [-65.262121, -16.992917], [-65.26259, -16.992898], [-65.263059, -16.992907], [-65.263528, -16.992927], [-65.263997, -16.992949], [-65.264465, -16.992977], [-65.264932, -16.993024], [-65.265394, -16.993101], [-65.26585, -16.993205], [-65.266313, -16.993283], [-65.266775, -16.993362], [-65.267233, -16.99346], [-65.267688, -16.993569], [-65.268143, -16.993682], [-65.268595, -16.993802], [-65.269041, -16.993945], [-65.269485, -16.994091], [-65.269926, -16.994244], [-65.270364, -16.994406], [-65.270808, -16.994554], [-65.271247, -16.994713], [-65.271671, -16.994905], [-65.272083, -16.995102], [-65.272505, -16.995299], [-65.272939, -16.995464], [-65.273363, -16.995625], [-65.273702, -16.995937], [-65.274106, -16.996166], [-65.274519, -16.996381], [-65.274923, -16.99661], [-65.275317, -16.996857], [-65.275709, -16.997105], [-65.2761, -16.997355], [-65.276484, -16.997614], [-65.276873, -16.997867], [-65.277271, -16.998106], [-65.277669, -16.998345], [-65.278079, -16.998565], [-65.278486, -16.99879], [-65.278862, -16.999059], [-65.279265, -16.99929], [-65.279669, -16.999521], [-65.280072, -16.999751], [-65.280479, -16.999977], [-65.280886, -17.000202], [-65.28127, -17.000461], [-65.281657, -17.000716], [-65.28207, -17.000931], [-65.282458, -17.001185], [-65.282858, -17.00142], [-65.283255, -17.001663], [-65.283648, -17.001908], [-65.284045, -17.00215], [-65.284436, -17.002384], [-65.284831, -17.002628], [-65.285231, -17.002863], [-65.285624, -17.00311], [-65.286008, -17.00337], [-65.286397, -17.003623], [-65.286784, -17.003879], [-65.287147, -17.004164], [-65.287534, -17.004419], [-65.287931, -17.004661], [-65.288322, -17.00491], [-65.28872, -17.00515], [-65.289116, -17.005392], [-65.289524, -17.005616], [-65.289917, -17.005861], [-65.290299, -17.006124], [-65.290676, -17.006392], [-65.29107, -17.006638], [-65.29148, -17.006858], [-65.291896, -17.007063], [-65.292284, -17.007317], [-65.292671, -17.007573], [-65.293058, -17.007828], [-65.293443, -17.008086], [-65.293808, -17.008369], [-65.294189, -17.008631], [-65.294549, -17.008921], [-65.294897, -17.009223], [-65.295221, -17.009549], [-65.295508, -17.009906], [-65.295812, -17.01025], [-65.296136, -17.010575], [-65.296477, -17.010886], [-65.296853, -17.011156], [-65.29725, -17.011396], [-65.297673, -17.011588], [-65.298128, -17.011698], [-65.298589, -17.011779], [-65.299018, -17.011938], [-65.299437, -17.012096], [-65.299898, -17.012181], [-65.300359, -17.012266], [-65.300821, -17.012348], [-65.301289, -17.012346], [-65.301752, -17.012408], [-65.302213, -17.012489], [-65.302675, -17.012569], [-65.303137, -17.012649], [-65.303598, -17.012735], [-65.304059, -17.01282], [-65.304525, -17.01287], [-65.304994, -17.012862], [-65.305452, -17.012771], [-65.305895, -17.012622], [-65.306321, -17.012434], [-65.30673, -17.012213], [-65.307084, -17.011919], [-65.307387, -17.011574], [-65.307628, -17.011187], [-65.307864, -17.010798], [-65.308165, -17.010456], [-65.308384, -17.010056], [-65.308603, -17.009657], [-65.308822, -17.009257], [-65.308963, -17.008833], [-65.309133, -17.008414], [-65.309331, -17.008004], [-65.309555, -17.007608], [-65.309776, -17.007209], [-65.309987, -17.006806], [-65.310199, -17.006403], [-65.310411, -17.006], [-65.310631, -17.005601], [-65.310848, -17.0052], [-65.311066, -17.004801], [-65.311286, -17.004402], [-65.311521, -17.004011], [-65.311759, -17.003622], [-65.311997, -17.003232], [-65.312261, -17.00286], [-65.312588, -17.002537], [-65.312938, -17.002237], [-65.313366, -17.002054], [-65.313802, -17.001887], [-65.314257, -17.001777], [-65.31472, -17.0017], [-65.315184, -17.001633], [-65.315647, -17.001559], [-65.31611, -17.001485], [-65.316573, -17.00141], [-65.317035, -17.001333], [-65.3175, -17.001278], [-65.317954, -17.001163], [-65.31841, -17.001057], [-65.318867, -17.000953], [-65.319322, -17.000843], [-65.319777, -17.000732], [-65.320233, -17.000622], [-65.320688, -17.000511], [-65.321132, -17.000367], [-65.321573, -17.000213], [-65.322013, -17.000055], [-65.322455, -16.999902], [-65.322896, -16.99975], [-65.323337, -16.999593], [-65.323772, -16.999423], [-65.324206, -16.999252], [-65.324633, -16.999064], [-65.325056, -16.998869], [-65.325472, -16.998661], [-65.325888, -16.998451], [-65.32631, -16.998254], [-65.326733, -16.998058], [-65.327156, -16.997863], [-65.327565, -16.99764], [-65.327966, -16.997406], [-65.328369, -16.997174], [-65.32877, -16.99694], [-65.32917, -16.996704], [-65.329568, -16.996464], [-65.329952, -16.996205], [-65.330319, -16.995938], [-65.330695, -16.995667], [-65.33107, -16.995396], [-65.331444, -16.995124], [-65.331819, -16.994852], [-65.332209, -16.9946], [-65.332606, -16.99436], [-65.332992, -16.994104], [-65.333362, -16.993826], [-65.333707, -16.99352], [-65.334037, -16.993199], [-65.334367, -16.992878], [-65.334709, -16.99257], [-65.335033, -16.992243], [-65.33536, -16.991919], [-65.335703, -16.991611], [-65.336046, -16.991303], [-65.336389, -16.990995], [-65.336709, -16.990666], [-65.336998, -16.99031], [-65.337288, -16.989954], [-65.337612, -16.989628], [-65.337945, -16.98931], [-65.338249, -16.988968], [-65.338513, -16.988595], [-65.338763, -16.988213], [-65.339029, -16.987841], [-65.339305, -16.987475], [-65.339564, -16.987099], [-65.339825, -16.986723], [-65.340073, -16.986342], [-65.340323, -16.98596], [-65.340585, -16.985585], [-65.340833, -16.985202], [-65.341079, -16.984817], [-65.341326, -16.984434], [-65.34157, -16.984048], [-65.341796, -16.983653], [-65.341994, -16.983243], [-65.342195, -16.982836], [-65.342402, -16.982431], [-65.342609, -16.982026], [-65.342781, -16.981606], [-65.342945, -16.981183], [-65.343135, -16.98077], [-65.343345, -16.980366], [-65.343525, -16.97995], [-65.343705, -16.979533], [-65.343884, -16.979116], [-65.344074, -16.978703], [-65.344294, -16.978304], [-65.344498, -16.977897], [-65.344696, -16.977488], [-65.344878, -16.977071], [-65.345066, -16.976658], [-65.345253, -16.976244], [-65.345518, -16.975871], [-65.345834, -16.975539], [-65.346196, -16.975252], [-65.346552, -16.974959], [-65.346854, -16.974614], [-65.347157, -16.974282], [-65.347499, -16.973973], [-65.34787, -16.973697], [-65.348257, -16.973443], [-65.34866, -16.97321], [-65.349073, -16.972997], [-65.349483, -16.972778], [-65.349902, -16.972574], [-65.350341, -16.972417], [-65.350793, -16.972294], [-65.351246, -16.972177], [-65.351703, -16.972074], [-65.352168, -16.972015], [-65.352636, -16.971988], [-65.353105, -16.971977], [-65.353572, -16.971934], [-65.354039, -16.971894], [-65.354508, -16.971909], [-65.354974, -16.97195], [-65.355434, -16.972042], [-65.355894, -16.972131], [-65.356355, -16.972216], [-65.356815, -16.972304], [-65.357277, -16.972379], [-65.357668, -16.972607], [-65.358085, -16.9728], [-65.358544, -16.972896], [-65.359006, -16.97297], [-65.359448, -16.973113], [-65.359884, -16.973268], [-65.360348, -16.973335], [-65.360814, -16.973393], [-65.361273, -16.973481], [-65.361742, -16.97349], [-65.362211, -16.973486], [-65.362679, -16.973461], [-65.363146, -16.97342], [-65.363609, -16.97335], [-65.36406, -16.973225], [-65.364508, -16.97309], [-65.364945, -16.972927], [-65.365393, -16.972935], [-65.365817, -16.97275], [-65.366207, -16.972511], [-65.366635, -16.972348], [-65.367069, -16.972177], [-65.367506, -16.972012], [-65.367941, -16.971843], [-65.368378, -16.971677], [-65.368824, -16.971537], [-65.369263, -16.971378], [-65.3697, -16.971213], [-65.370134, -16.971042], [-65.370571, -16.970878], [-65.371012, -16.970722], [-65.371456, -16.970577], [-65.37189, -16.970408], [-65.372285, -16.970164], [-65.37271, -16.96998], [-65.373164, -16.969868], [-65.373608, -16.969723], [-65.374053, -16.969762], [-65.374497, -16.969884], [-65.374964, -16.969849], [-65.375425, -16.969765], [-65.375886, -16.969678], [-65.376352, -16.969636], [-65.376821, -16.969616], [-65.37729, -16.969618], [-65.377759, -16.969635], [-65.378228, -16.969652], [-65.378697, -16.969674], [-65.379165, -16.969703], [-65.379633, -16.969739], [-65.3801, -16.969781], [-65.380566, -16.969832], [-65.381031, -16.969893], [-65.381497, -16.969945], [-65.381964, -16.969989], [-65.38243, -16.970044], [-65.382887, -16.970145], [-65.383339, -16.970267], [-65.383793, -16.97038], [-65.384251, -16.970476], [-65.384709, -16.970572], [-65.385148, -16.970731], [-65.385586, -16.970894], [-65.386025, -16.971054], [-65.386463, -16.971214], [-65.386895, -16.97139], [-65.38732, -16.971582], [-65.387725, -16.97181], [-65.388114, -16.972046], [-65.388513, -16.972284], [-65.388923, -16.972503], [-65.389341, -16.972709], [-65.389758, -16.972915], [-65.390186, -16.9731], [-65.390602, -16.97331], [-65.391022, -16.97351], [-65.391449, -16.973698], [-65.391882, -16.973872], [-65.392327, -16.974016], [-65.392783, -16.97412], [-65.393247, -16.974184], [-65.393716, -16.974185], [-65.394173, -16.974131], [-65.394627, -16.974021], [-65.395085, -16.973921], [-65.395539, -16.973808], [-65.395993, -16.973694], [-65.396443, -16.973566], [-65.396888, -16.973422], [-65.397323, -16.973278], [-65.397774, -16.973156], [-65.398228, -16.973055], [-65.398662, -16.972883], [-65.399096, -16.972712], [-65.39953, -16.972541], [-65.399964, -16.972369], [-65.400399, -16.972198], [-65.400669, -16.972092], [-65.400713, -16.97195], [-65.400721, -16.971925], [-65.400727, -16.971904], [-65.400748, -16.971837], [-65.400832, -16.971718], [-65.400853, -16.971693], [-65.400856, -16.971688], [-65.40098, -16.971535], [-65.401011, -16.971521], [-65.401027, -16.971515], [-65.40104, -16.971509], [-65.401051, -16.971504], [-65.401062, -16.971499], [-65.401072, -16.971495], [-65.401207, -16.971437], [-65.40129, -16.971425], [-65.401356, -16.971415], [-65.401369, -16.971413], [-65.401462, -16.9714], [-65.401897, -16.971397], [-65.402262, -16.971462], [-65.402272, -16.97147], [-65.402274, -16.971472], [-65.402304, -16.971498], [-65.402397, -16.971578], [-65.402499, -16.971665], [-65.402606, -16.971682], [-65.403068, -16.971752], [-65.403529, -16.971838], [-65.40399, -16.971924], [-65.404453, -16.971949], [-65.404851, -16.97173], [-65.405243, -16.971485], [-65.405698, -16.971401], [-65.406163, -16.971458], [-65.406611, -16.971561], [-65.407073, -16.971631], [-65.407542, -16.971621], [-65.408006, -16.971658], [-65.408446, -16.971787], [-65.408888, -16.971907], [-65.409355, -16.971928], [-65.409803, -16.971801], [-65.410243, -16.971643], [-65.410703, -16.971565], [-65.41117, -16.971596], [-65.411603, -16.971745], [-65.412036, -16.971917], [-65.412448, -16.972123], [-65.412886, -16.972287], [-65.413323, -16.97245], [-65.413761, -16.972613], [-65.414216, -16.972717], [-65.41466, -16.972862], [-65.415102, -16.973015], [-65.415541, -16.973173], [-65.41598, -16.973333], [-65.416419, -16.973493], [-65.416858, -16.973652], [-65.417297, -16.97381], [-65.417736, -16.97397], [-65.418173, -16.974134], [-65.41861, -16.974299], [-65.419049, -16.97446], [-65.419486, -16.974624], [-65.419922, -16.974791], [-65.420354, -16.974967], [-65.420786, -16.975144], [-65.42122, -16.975315], [-65.421661, -16.975471], [-65.422099, -16.975632], [-65.422536, -16.975796], [-65.422967, -16.975976], [-65.423386, -16.976179], [-65.4238, -16.976392], [-65.424209, -16.976614], [-65.424614, -16.97684], [-65.425005, -16.97709], [-65.425381, -16.977361], [-65.425758, -16.977629], [-65.426122, -16.977914], [-65.426463, -16.978224], [-65.426789, -16.978549], [-65.427101, -16.978886], [-65.427417, -16.97922], [-65.427744, -16.979544], [-65.428049, -16.979886], [-65.42834, -16.98024], [-65.428609, -16.98061], [-65.428861, -16.98099], [-65.429069, -16.981362], [-65.429066, -16.981372], [-65.429059, -16.9814], [-65.429021, -16.981562], [-65.42902, -16.981566], [-65.429014, -16.981591], [-65.428986, -16.981688], [-65.428951, -16.981809], [-65.429087, -16.982191], [-65.42904, -16.982201], [-65.429181, -16.982504], [-65.429446, -16.983073], [-65.429569, -16.983338], [-65.429583, -16.983368], [-65.429606, -16.983413], [-65.429779, -16.983751], [-65.429781, -16.983755], [-65.429941, -16.984049], [-65.430013, -16.984181], [-65.430101, -16.98434], [-65.430162, -16.984451], [-65.430269, -16.98473], [-65.430318, -16.984858], [-65.430403, -16.98513], [-65.430436, -16.9852], [-65.430477, -16.98529], [-65.430528, -16.985398], [-65.43063, -16.985618], [-65.43066, -16.985681], [-65.430686, -16.985738], [-65.430813, -16.98601], [-65.430828, -16.986044], [-65.430891, -16.986178], [-65.430938, -16.98628], [-65.430988, -16.986387], [-65.431003, -16.986419], [-65.431019, -16.986453], [-65.431077, -16.986578], [-65.431123, -16.986678], [-65.431154, -16.986744], [-65.431178, -16.986815], [-65.43123, -16.986971], [-65.431248, -16.987026], [-65.431289, -16.987151], [-65.431301, -16.987186], [-65.431306, -16.987201], [-65.431185, -16.987592], [-65.431047, -16.988024], [-65.430915, -16.988457], [-65.430795, -16.988894], [-65.43074, -16.989341], [-65.430786, -16.98979], [-65.430847, -16.990238], [-65.430925, -16.990683], [-65.431011, -16.991127], [-65.431121, -16.991566], [-65.431269, -16.991994], [-65.431446, -16.992412], [-65.431642, -16.992822], [-65.431846, -16.993229], [-65.432049, -16.993637], [-65.432253, -16.994043], [-65.432457, -16.99445], [-65.432659, -16.994857], [-65.432866, -16.995263], [-65.433073, -16.995668], [-65.433291, -16.996068], [-65.433507, -16.996469], [-65.433719, -16.996872], [-65.433939, -16.997271], [-65.434171, -16.997663], [-65.434411, -16.998051], [-65.434649, -16.99844], [-65.434884, -16.998831], [-65.435121, -16.999221], [-65.435355, -16.999613], [-65.435593, -17.000002], [-65.435834, -17.000389], [-65.436075, -17.000777], [-65.436318, -17.001163], [-65.436562, -17.001549], [-65.436801, -17.001937], [-65.437041, -17.002326], [-65.437277, -17.002716], [-65.437502, -17.003112], [-65.437752, -17.003494], [-65.437985, -17.003886], [-65.438223, -17.004276], [-65.438468, -17.004661], [-65.438709, -17.005048], [-65.438945, -17.005439], [-65.439201, -17.005817], [-65.439535, -17.006132], [-65.439906, -17.006409], [-65.440273, -17.00669], [-65.440642, -17.006969], [-65.441008, -17.007252], [-65.441375, -17.007534], [-65.441739, -17.007818], [-65.442102, -17.008105], [-65.442472, -17.008383], [-65.442839, -17.008664], [-65.443206, -17.008945], [-65.443575, -17.009225], [-65.443941, -17.009507], [-65.444311, -17.009785], [-65.444681, -17.010064], [-65.445049, -17.010343], [-65.445356, -17.010684], [-65.445627, -17.011052], [-65.445885, -17.01143], [-65.446121, -17.01182], [-65.446354, -17.012212], [-65.446641, -17.012569], [-65.446982, -17.012878], [-65.447335, -17.013175], [-65.447691, -17.013469], [-65.448061, -17.013747], [-65.448438, -17.014016], [-65.448833, -17.014259], [-65.44924, -17.014484], [-65.449648, -17.014707], [-65.450054, -17.014934], [-65.450486, -17.015108], [-65.450944, -17.015204], [-65.451405, -17.015285], [-65.451866, -17.015372], [-65.452327, -17.015458], [-65.452785, -17.015557], [-65.453239, -17.015669], [-65.453688, -17.0158], [-65.454147, -17.015813], [-65.454605, -17.015847], [-65.455066, -17.015932], [-65.455528, -17.016016], [-65.455987, -17.016109], [-65.456444, -17.01621], [-65.456898, -17.016325], [-65.457313, -17.016529], [-65.457705, -17.016777], [-65.458125, -17.016977], [-65.458556, -17.017157], [-65.458984, -17.017342], [-65.459406, -17.017539], [-65.459808, -17.017771], [-65.4602, -17.01802], [-65.460598, -17.018259], [-65.461001, -17.018489], [-65.461427, -17.01868], [-65.461843, -17.018869], [-65.462258, -17.019078], [-65.462687, -17.019263], [-65.463106, -17.019465], [-65.463517, -17.019683], [-65.463924, -17.019908], [-65.464326, -17.020141], [-65.464726, -17.020376], [-65.465125, -17.020616], [-65.465513, -17.020869], [-65.46594, -17.021065], [-65.466402, -17.021147], [-65.466857, -17.021258], [-65.467307, -17.021384], [-65.467735, -17.021544], [-65.468166, -17.021722], [-65.468621, -17.021834], [-65.469078, -17.021935], [-65.469527, -17.022063], [-65.469969, -17.022216], [-65.470424, -17.022325], [-65.470879, -17.022436], [-65.471336, -17.022539], [-65.471795, -17.022632], [-65.47224, -17.02277], [-65.472679, -17.022929], [-65.473122, -17.023079], [-65.473564, -17.02323], [-65.474013, -17.023361], [-65.474466, -17.023482], [-65.474919, -17.023597], [-65.47538, -17.023684], [-65.475821, -17.023804], [-65.476256, -17.023971], [-65.476678, -17.024168], [-65.477127, -17.024295], [-65.477595, -17.024328], [-65.478057, -17.024408], [-65.478516, -17.024505], [-65.478978, -17.024585], [-65.479432, -17.024691], [-65.47981, -17.024955], [-65.480169, -17.025246], [-65.48055, -17.025492], [-65.481003, -17.025602], [-65.481465, -17.02568], [-65.481922, -17.025784], [-65.482374, -17.025905], [-65.482824, -17.026032], [-65.48328, -17.026138], [-65.48374, -17.026231], [-65.484205, -17.026277], [-65.484674, -17.026285], [-65.485134, -17.026377], [-65.485595, -17.026462], [-65.486057, -17.026543], [-65.486518, -17.026625], [-65.48698, -17.026708], [-65.48744, -17.026796], [-65.4879, -17.026884], [-65.488361, -17.026971], [-65.488814, -17.027083], [-65.489244, -17.027262], [-65.48968, -17.02743], [-65.490124, -17.027575], [-65.490581, -17.027675], [-65.491043, -17.027754], [-65.491502, -17.027848], [-65.491959, -17.027949], [-65.492406, -17.028054], [-65.492863, -17.028147], [-65.49328, -17.028355], [-65.493712, -17.02853], [-65.494158, -17.028668], [-65.494618, -17.028757], [-65.495085, -17.028795], [-65.495551, -17.028745], [-65.496006, -17.028636], [-65.496457, -17.028549], [-65.496912, -17.028438], [-65.49736, -17.028411], [-65.497828, -17.028381], [-65.498296, -17.028355], [-65.498761, -17.028297], [-65.499226, -17.028236], [-65.499685, -17.028141], [-65.500128, -17.028022], [-65.500589, -17.027949], [-65.501056, -17.027903], [-65.501523, -17.027861], [-65.501991, -17.027819], [-65.502433, -17.027674], [-65.502856, -17.02748], [-65.503292, -17.027324], [-65.503757, -17.027261], [-65.50422, -17.027186], [-65.504673, -17.027071], [-65.505118, -17.026927], [-65.505565, -17.026788], [-65.506009, -17.026675], [-65.506475, -17.0267], [-65.506941, -17.026745], [-65.50741, -17.026721], [-65.507869, -17.026696], [-65.508335, -17.026669], [-65.508768, -17.026521], [-65.509217, -17.026548], [-65.509652, -17.026456], [-65.510084, -17.02628], [-65.510511, -17.026093], [-65.5109, -17.025874], [-65.511323, -17.025838], [-65.511706, -17.025748], [-65.512134, -17.02564], [-65.512473, -17.025476], [-65.512892, -17.025385], [-65.513335, -17.025489], [-65.513761, -17.025512], [-65.514185, -17.025538], [-65.514563, -17.025785], [-65.514908, -17.026079], [-65.515291, -17.026318], [-65.515738, -17.026457], [-65.516182, -17.026598], [-65.516591, -17.0268], [-65.517044, -17.026917], [-65.517496, -17.027014], [-65.517944, -17.026883], [-65.518394, -17.026755], [-65.518861, -17.02672], [-65.519321, -17.026705], [-65.519789, -17.026676], [-65.520247, -17.026627], [-65.520678, -17.02669], [-65.521066, -17.026872], [-65.521421, -17.027057], [-65.521753, -17.027327], [-65.521993, -17.027704], [-65.522258, -17.02804], [-65.522609, -17.028213], [-65.522943, -17.028413], [-65.523124, -17.028402], [-65.523353, -17.028389], [-65.523667, -17.02807], [-65.523919, -17.027689], [-65.524011, -17.027521], [-65.524027, -17.02751], [-65.524068, -17.027485], [-65.524108, -17.027459], [-65.524196, -17.027405], [-65.52423, -17.027384], [-65.524246, -17.027374], [-65.524249, -17.027372], [-65.524264, -17.027362], [-65.524291, -17.027345], [-65.524392, -17.027282], [-65.524478, -17.027229], [-65.524665, -17.027114], [-65.524953, -17.026938], [-65.525172, -17.026809], [-65.525314, -17.026725], [-65.525633, -17.026538], [-65.525678, -17.026511], [-65.525701, -17.026497], [-65.525702, -17.026496], [-65.525714, -17.02649], [-65.525771, -17.026437], [-65.525804, -17.02641], [-65.52583, -17.026392], [-65.525859, -17.026371], [-65.525872, -17.026362], [-65.525943, -17.026315], [-65.525997, -17.026276], [-65.526017, -17.026263], [-65.526028, -17.026254], [-65.526325, -17.025919], [-65.526527, -17.025513], [-65.526792, -17.025141], [-65.526954, -17.025013], [-65.527149, -17.024859], [-65.527611, -17.024856], [-65.528071, -17.024944], [-65.528288, -17.024959], [-65.528289, -17.024959], [-65.528301, -17.02496], [-65.528404, -17.024961], [-65.528498, -17.024963], [-65.528521, -17.024963], [-65.528535, -17.024963], [-65.528562, -17.024963], [-65.528582, -17.024963], [-65.52861, -17.024962], [-65.528633, -17.024963], [-65.528716, -17.024963], [-65.52886, -17.024963], [-65.528947, -17.024964], [-65.528981, -17.024964], [-65.529024, -17.024964], [-65.529043, -17.024964], [-65.529283, -17.024968], [-65.529448, -17.024968], [-65.529449, -17.024968], [-65.529543, -17.024952], [-65.529581, -17.024946], [-65.529646, -17.024934], [-65.529844, -17.024894], [-65.530279, -17.02482], [-65.530725, -17.024682], [-65.531166, -17.024529], [-65.531346, -17.024429], [-65.53156, -17.024309], [-65.531695, -17.023889], [-65.531964, -17.023563], [-65.532409, -17.023434], [-65.532807, -17.023221], [-65.533265, -17.023194], [-65.53371, -17.023184], [-65.534116, -17.023382], [-65.534575, -17.023412], [-65.535042, -17.023374], [-65.535502, -17.023304], [-65.535711, -17.023258], [-65.535959, -17.023204], [-65.53621, -17.022878], [-65.53633, -17.022464], [-65.536359, -17.0221], [-65.536105, -17.021755], [-65.535903, -17.021369], [-65.53581, -17.021182], [-65.535709, -17.020977], [-65.535934, -17.020621], [-65.5363, -17.02038], [-65.536598, -17.020045], [-65.537002, -17.019821], [-65.53741, -17.019619], [-65.537806, -17.019378], [-65.538207, -17.019152], [-65.538633, -17.019043], [-65.538775, -17.018931], [-65.538953, -17.018791], [-65.539366, -17.018805], [-65.539834, -17.018834], [-65.540301, -17.018849], [-65.540764, -17.018917], [-65.541224, -17.018908], [-65.541693, -17.018915], [-65.542117, -17.019091], [-65.542491, -17.019364], [-65.542907, -17.019572], [-65.543348, -17.019725], [-65.543768, -17.019926], [-65.544172, -17.020137], [-65.544564, -17.020385], [-65.545005, -17.020479], [-65.545445, -17.020324], [-65.545892, -17.020188], [-65.546355, -17.020121], [-65.546821, -17.020067], [-65.54729, -17.02004], [-65.547757, -17.020074], [-65.548215, -17.02017], [-65.548624, -17.020366], [-65.549049, -17.020531], [-65.549494, -17.020643], [-65.549889, -17.020861], [-65.550227, -17.021162], [-65.550523, -17.021476], [-65.550779, -17.021799], [-65.551011, -17.022072], [-65.55123, -17.022331], [-65.551453, -17.022587], [-65.551738, -17.02285], [-65.552072, -17.023126], [-65.552425, -17.023409], [-65.552667, -17.023775], [-65.552917, -17.024146], [-65.553134, -17.024515], [-65.553234, -17.024743], [-65.553307, -17.024909], [-65.553744, -17.024821], [-65.554185, -17.024666], [-65.554635, -17.024537], [-65.555081, -17.0244], [-65.555515, -17.024253], [-65.55595, -17.02411], [-65.55637, -17.023955], [-65.556799, -17.023798], [-65.557244, -17.023687], [-65.557682, -17.023554], [-65.558095, -17.023371], [-65.558413, -17.023051], [-65.558731, -17.022731], [-65.559118, -17.022496], [-65.559524, -17.022271], [-65.559865, -17.021975], [-65.560113, -17.021601], [-65.560388, -17.021252], [-65.560554, -17.020829], [-65.560636, -17.020386], [-65.56068, -17.019937], [-65.560698, -17.019735], [-65.56072, -17.019493], [-65.561008, -17.019174], [-65.561329, -17.018846], [-65.561647, -17.018526], [-65.562049, -17.018301], [-65.562319, -17.017933], [-65.56245, -17.017772], [-65.562606, -17.017581], [-65.56258, -17.017152], [-65.562556, -17.016705], [-65.562659, -17.016274], [-65.562748, -17.015831], [-65.562826, -17.015395], [-65.562919, -17.01497], [-65.563093, -17.014551], [-65.563062, -17.014131], [-65.562865, -17.013722], [-65.562743, -17.013305], [-65.562621, -17.012916], [-65.562465, -17.01251], [-65.562311, -17.012093], [-65.56221, -17.011662], [-65.562184, -17.011221], [-65.56228, -17.010813], [-65.562473, -17.010443], [-65.562737, -17.010104], [-65.56304, -17.009821], [-65.563332, -17.009527], [-65.563691, -17.009236], [-65.563999, -17.008913], [-65.56429, -17.008586], [-65.564654, -17.008301], [-65.564987, -17.007983], [-65.565283, -17.007633], [-65.565573, -17.007278], [-65.565861, -17.006922], [-65.566121, -17.006557], [-65.56641, -17.006201], [-65.5667, -17.005846], [-65.566973, -17.00548], [-65.567227, -17.0051], [-65.567465, -17.004711], [-65.567714, -17.004328], [-65.568099, -17.004077], [-65.568509, -17.00386], [-65.568833, -17.003546], [-65.569155, -17.003217], [-65.569493, -17.002904], [-65.569851, -17.002612], [-65.570264, -17.002401], [-65.570697, -17.002227], [-65.571132, -17.002057], [-65.571565, -17.001884], [-65.571998, -17.00171], [-65.572439, -17.001556], [-65.572871, -17.00138], [-65.5733, -17.001197], [-65.57373, -17.001014], [-65.57416, -17.000834], [-65.574583, -17.000639], [-65.575007, -17.000445], [-65.575429, -17.000247], [-65.575864, -17.000083], [-65.576317, -16.999966], [-65.576766, -16.999836], [-65.577215, -16.999702], [-65.57766, -16.999559], [-65.5781, -16.999403], [-65.578527, -16.999217], [-65.578952, -16.999051], [-65.579417, -16.998994], [-65.579849, -16.999115], [-65.580156, -16.999389], [-65.580349, -16.9998], [-65.580661, -17.000043], [-65.581027, -17.00031], [-65.581255, -17.000703], [-65.581462, -17.001108], [-65.581668, -17.001514], [-65.58188, -17.001917], [-65.582104, -17.002313], [-65.582328, -17.0027], [-65.582582, -17.003079], [-65.582973, -17.003321], [-65.583345, -17.00359], [-65.583504, -17.003993], [-65.583585, -17.004171], [-65.583684, -17.004388], [-65.584095, -17.004603], [-65.58443, -17.004872], [-65.584708, -17.005233], [-65.585047, -17.005504], [-65.58541, -17.00579], [-65.585582, -17.005926], [-65.585772, -17.006077], [-65.586179, -17.005984], [-65.586556, -17.005763], [-65.586922, -17.005511], [-65.587386, -17.005448], [-65.587825, -17.005299], [-65.588231, -17.00511], [-65.588422, -17.005047], [-65.588655, -17.00497], [-65.588926, -17.004612], [-65.589135, -17.004215], [-65.589526, -17.003968], [-65.589963, -17.003808], [-65.590395, -17.003634], [-65.59081, -17.003428], [-65.591183, -17.003158], [-65.591624, -17.003004], [-65.592052, -17.002821], [-65.59238, -17.002508], [-65.592655, -17.002151], [-65.593047, -17.001904], [-65.593402, -17.001624], [-65.5938, -17.001387], [-65.594198, -17.001148], [-65.594593, -17.000903], [-65.594948, -17.000624], [-65.595253, -17.000293], [-65.595549, -16.999942], [-65.595836, -16.999585], [-65.596136, -16.99925], [-65.596474, -16.998951], [-65.596848, -16.998679], [-65.597223, -16.998407], [-65.597583, -16.998118], [-65.597949, -16.997836], [-65.598132, -16.99774], [-65.598352, -16.997625], [-65.59881, -16.997697], [-65.599255, -16.997801], [-65.599723, -16.997815], [-65.600192, -16.997799], [-65.600661, -16.997782], [-65.60113, -16.997775], [-65.6016, -16.997772], [-65.602069, -16.997774], [-65.602538, -16.997783], [-65.602997, -16.997856], [-65.603454, -16.997868], [-65.603917, -16.997802], [-65.604386, -16.997796], [-65.604856, -16.997807], [-65.605325, -16.997817], [-65.60579, -16.997804], [-65.606244, -16.997866], [-65.606692, -16.997996], [-65.607161, -16.998018], [-65.60763, -16.99801], [-65.608089, -16.997982], [-65.608554, -16.997932], [-65.609023, -16.997934], [-65.609481, -16.99797], [-65.609949, -16.997974], [-65.610411, -16.998044], [-65.610877, -16.998018], [-65.611342, -16.998021], [-65.611811, -16.998006], [-65.612249, -16.998091], [-65.612627, -16.998358], [-65.613004, -16.998602], [-65.61345, -16.998622], [-65.61389, -16.998601], [-65.614352, -16.998679], [-65.614816, -16.998736], [-65.615285, -16.998756], [-65.615754, -16.998772], [-65.616222, -16.998741], [-65.616644, -16.998579], [-65.616981, -16.998304], [-65.617138, -16.998176], [-65.617329, -16.998022], [-65.617791, -16.997993], [-65.618222, -16.99814], [-65.61866, -16.998302], [-65.61912, -16.99837], [-65.61958, -16.998286], [-65.620018, -16.998127], [-65.620444, -16.997937], [-65.620845, -16.997706], [-65.62128, -16.997554], [-65.621739, -16.997622], [-65.622184, -16.997768], [-65.622631, -16.997903], [-65.62308, -16.998036], [-65.623532, -16.998154], [-65.623987, -16.998261], [-65.624436, -16.998395], [-65.624886, -16.998522], [-65.625343, -16.99862], [-65.625797, -16.998737], [-65.626237, -16.998891], [-65.62664, -16.99912], [-65.627035, -16.999344], [-65.627463, -16.999529], [-65.627859, -16.999769], [-65.628246, -17.000024], [-65.628602, -17.000315], [-65.628903, -17.000661], [-65.629203, -17.001008], [-65.629522, -17.001339], [-65.629769, -17.001721], [-65.629933, -17.002143], [-65.630232, -17.002488], [-65.630609, -17.002757], [-65.630954, -17.003055], [-65.631185, -17.003448], [-65.631435, -17.003828], [-65.631741, -17.004156], [-65.632017, -17.00451], [-65.632348, -17.004816], [-65.632721, -17.00509], [-65.633069, -17.005391], [-65.633384, -17.005726], [-65.633639, -17.006099], [-65.633889, -17.006477], [-65.634262, -17.006743], [-65.634687, -17.006934], [-65.635049, -17.007219], [-65.635506, -17.007305], [-65.635973, -17.00728], [-65.636433, -17.007189], [-65.636885, -17.007133], [-65.637338, -17.007182], [-65.637744, -17.006993], [-65.638144, -17.006795], [-65.638573, -17.006636], [-65.639024, -17.006513], [-65.639484, -17.006428], [-65.639952, -17.006401], [-65.640417, -17.006374], [-65.640886, -17.006398], [-65.641355, -17.006422], [-65.641791, -17.006534], [-65.642108, -17.006867], [-65.642451, -17.007169], [-65.642776, -17.007486], [-65.643016, -17.007874], [-65.643241, -17.008259], [-65.643503, -17.008622], [-65.643773, -17.008981], [-65.644064, -17.009335], [-65.644319, -17.009714], [-65.64454, -17.010111], [-65.644722, -17.010527], [-65.644986, -17.010899], [-65.645272, -17.011258], [-65.64562, -17.011556], [-65.646028, -17.011776], [-65.64645, -17.011952], [-65.646852, -17.012127], [-65.647271, -17.012285], [-65.647706, -17.012453], [-65.648089, -17.012708], [-65.64852, -17.012875], [-65.648942, -17.01304], [-65.649354, -17.013254], [-65.649727, -17.013528], [-65.650058, -17.013847], [-65.650342, -17.014195], [-65.650597, -17.014574], [-65.650857, -17.014946], [-65.651095, -17.015334], [-65.651389, -17.015685], [-65.651694, -17.016016], [-65.65204, -17.016306], [-65.652309, -17.016676], [-65.652411, -17.017087], [-65.652598, -17.0175], [-65.652796, -17.01791], [-65.652955, -17.018333], [-65.653121, -17.018755], [-65.653295, -17.019174], [-65.653443, -17.019593], [-65.653581, -17.020025], [-65.653675, -17.020466], [-65.65375, -17.020912], [-65.65387, -17.021339], [-65.653971, -17.02178], [-65.65409, -17.022216], [-65.654218, -17.022651], [-65.654341, -17.023086], [-65.654533, -17.023493], [-65.654768, -17.023876], [-65.65485, -17.024319], [-65.655056, -17.024724], [-65.655376, -17.025049], [-65.655702, -17.02537], [-65.655973, -17.025737], [-65.656239, -17.026095], [-65.656545, -17.026438], [-65.656849, -17.026782], [-65.657137, -17.027138], [-65.65737, -17.02753], [-65.657418, -17.027714], [-65.657478, -17.027941], [-65.657297, -17.028358], [-65.657117, -17.028774], [-65.657029, -17.028961], [-65.656924, -17.029184], [-65.656955, -17.029346], [-65.656995, -17.029555], [-65.657375, -17.029821], [-65.657719, -17.030116], [-65.657882, -17.03054], [-65.658034, -17.030967], [-65.658175, -17.031397], [-65.658326, -17.031825], [-65.658517, -17.032237], [-65.658682, -17.032659], [-65.658811, -17.033093], [-65.658906, -17.033535], [-65.658975, -17.033982], [-65.659049, -17.034427], [-65.659265, -17.034817], [-65.659501, -17.035207], [-65.659727, -17.035603], [-65.659953, -17.035998], [-65.66018, -17.036394], [-65.660417, -17.036783], [-65.660663, -17.037167], [-65.66068, -17.037617], [-65.660683, -17.038068], [-65.660694, -17.03852], [-65.660691, -17.038971], [-65.660622, -17.039417], [-65.660525, -17.039859], [-65.660422, -17.040298], [-65.660129, -17.040635], [-65.659769, -17.040925], [-65.659358, -17.041124], [-65.658896, -17.041069], [-65.658439, -17.041147], [-65.658058, -17.041402], [-65.657812, -17.041784], [-65.657546, -17.042157], [-65.657319, -17.042536], [-65.657211, -17.042975], [-65.657122, -17.043409], [-65.657069, -17.043839], [-65.656918, -17.044255], [-65.656573, -17.044546], [-65.65623, -17.044854], [-65.655861, -17.045131], [-65.6555, -17.04542], [-65.655241, -17.045753], [-65.655086, -17.046157], [-65.654968, -17.046592], [-65.654939, -17.047015], [-65.654772, -17.047428], [-65.654565, -17.04776], [-65.654511, -17.048181], [-65.654629, -17.048611], [-65.654749, -17.049042], [-65.654793, -17.04924], [-65.654845, -17.049476], [-65.654623, -17.049864], [-65.654489, -17.050293], [-65.654296, -17.050684], [-65.65429, -17.051129], [-65.654412, -17.051547], [-65.654516, -17.051977], [-65.654647, -17.05238], [-65.654826, -17.052777], [-65.654954, -17.053183], [-65.655052, -17.053606], [-65.65513, -17.054033], [-65.655224, -17.054466], [-65.655309, -17.0549], [-65.655362, -17.055321], [-65.655308, -17.055751], [-65.655224, -17.056177], [-65.655056, -17.056576], [-65.654882, -17.056966], [-65.654706, -17.057365], [-65.654743, -17.057537], [-65.654789, -17.057749], [-65.655206, -17.057955], [-65.655616, -17.05815], [-65.655861, -17.058521], [-65.656159, -17.058858], [-65.656449, -17.059166], [-65.656685, -17.059535], [-65.656935, -17.059895], [-65.657188, -17.060263], [-65.657196, -17.060713], [-65.657379, -17.061115], [-65.657604, -17.061511], [-65.657991, -17.06176], [-65.658381, -17.062012], [-65.6587, -17.062327], [-65.659118, -17.062489], [-65.6593, -17.06258], [-65.659501, -17.062681], [-65.659538, -17.063128], [-65.659501, -17.063578], [-65.659483, -17.064028], [-65.659547, -17.064465], [-65.659821, -17.064816], [-65.660221, -17.065051], [-65.660643, -17.065248], [-65.660829, -17.06535], [-65.661049, -17.06547], [-65.661195, -17.065886], [-65.66132, -17.066309], [-65.66167, -17.066607], [-65.662044, -17.066879], [-65.662383, -17.067177], [-65.662619, -17.067561], [-65.66275, -17.067994], [-65.662805, -17.068193], [-65.66287, -17.06843], [-65.663235, -17.068697], [-65.663607, -17.068953], [-65.66392, -17.06928], [-65.664328, -17.069497], [-65.664618, -17.069848], [-65.664751, -17.070278], [-65.664781, -17.070728], [-65.664855, -17.071174], [-65.664942, -17.071617], [-65.665061, -17.07205], [-65.665398, -17.072358], [-65.665688, -17.072702], [-65.666, -17.073038], [-65.666365, -17.073322], [-65.666783, -17.073527], [-65.667178, -17.073766], [-65.667435, -17.074131], [-65.667598, -17.074551], [-65.667746, -17.074979], [-65.667734, -17.075418], [-65.667708, -17.07585], [-65.667854, -17.076269], [-65.667983, -17.07643], [-65.668137, -17.076623], [-65.668564, -17.076726], [-65.669013, -17.076633], [-65.669474, -17.076668], [-65.669904, -17.076848], [-65.670171, -17.077161], [-65.670475, -17.07747], [-65.670853, -17.077719], [-65.67116, -17.078048], [-65.671449, -17.078403], [-65.671713, -17.078775], [-65.671956, -17.079148], [-65.671956, -17.079148], [-65.671956, -17.079148], [-65.672024, -17.079296], [-65.672037, -17.07933], [-65.672063, -17.079385], [-65.672064, -17.079388], [-65.672068, -17.079427], [-65.672069, -17.079452], [-65.672075, -17.079482], [-65.672096, -17.079523], [-65.672102, -17.079564], [-65.672105, -17.07958], [-65.672125, -17.079628], [-65.672154, -17.079689], [-65.672162, -17.079721], [-65.672182, -17.079777], [-65.672202, -17.079817], [-65.672247, -17.079944], [-65.672223, -17.079878], [-65.672265, -17.08], [-65.672285, -17.080044], [-65.672334, -17.080122], [-65.672378, -17.080183], [-65.672393, -17.08021], [-65.672405, -17.080225], [-65.672412, -17.080232], [-65.672537, -17.080385], [-65.672592, -17.080452], [-65.672687, -17.080568], [-65.672704, -17.080589], [-65.672716, -17.080604], [-65.672823, -17.080991], [-65.672885, -17.081438], [-65.672948, -17.081876], [-65.673052, -17.082316], [-65.673187, -17.082725], [-65.673478, -17.083068], [-65.67392, -17.083201], [-65.67431, -17.083447], [-65.674693, -17.083702], [-65.675014, -17.084018], [-65.675183, -17.084429], [-65.675411, -17.084812], [-65.675663, -17.085191], [-65.67583, -17.085612], [-65.67594, -17.086051], [-65.676001, -17.086488], [-65.676237, -17.086876], [-65.676307, -17.087309], [-65.676479, -17.087728], [-65.67648, -17.087729], [-65.67648, -17.087729], [-65.67648, -17.08773], [-65.676555, -17.087872], [-65.676604, -17.087992], [-65.676618, -17.088027], [-65.676624, -17.088041], [-65.676633, -17.088063], [-65.676641, -17.088107], [-65.67665, -17.088135], [-65.676655, -17.088148], [-65.67669, -17.088209], [-65.67671, -17.088239], [-65.676722, -17.088256], [-65.676741, -17.088292], [-65.676747, -17.088302], [-65.676759, -17.088322], [-65.676782, -17.08837], [-65.676811, -17.088437], [-65.676825, -17.088472], [-65.676832, -17.088492], [-65.676854, -17.088569], [-65.676916, -17.088631], [-65.676944, -17.08866], [-65.677021, -17.088731], [-65.677048, -17.088808], [-65.677149, -17.089212], [-65.677214, -17.08963], [-65.677152, -17.09004], [-65.67709, -17.090419], [-65.677205, -17.090847], [-65.677447, -17.091206], [-65.677751, -17.091537], [-65.677978, -17.091931], [-65.678119, -17.092361], [-65.678178, -17.092771], [-65.678251, -17.093125], [-65.678329, -17.09355], [-65.678569, -17.093901], [-65.678847, -17.094219], [-65.679188, -17.094454], [-65.679587, -17.094588], [-65.679983, -17.094769], [-65.680265, -17.09511], [-65.680399, -17.09554], [-65.680545, -17.095961], [-65.680726, -17.096375], [-65.680747, -17.096812], [-65.680868, -17.097236], [-65.680956, -17.097677], [-65.680891, -17.098123], [-65.680922, -17.098565], [-65.680966, -17.098802], [-65.680916, -17.098841], [-65.68086, -17.098885], [-65.680843, -17.098908], [-65.680819, -17.098939], [-65.680818, -17.098941], [-65.680804, -17.099007], [-65.680811, -17.099103], [-65.680812, -17.099118], [-65.680829, -17.099268], [-65.68084, -17.099391], [-65.680865, -17.099507], [-65.680875, -17.099608], [-65.680901, -17.099697], [-65.680921, -17.09974], [-65.680963, -17.099843], [-65.681033, -17.099982], [-65.681054, -17.100011], [-65.681067, -17.10003], [-65.681119, -17.100101], [-65.681166, -17.100165], [-65.681185, -17.100191], [-65.681208, -17.100222], [-65.681209, -17.100224], [-65.681252, -17.100284], [-65.681296, -17.100345], [-65.681358, -17.100436], [-65.681417, -17.100539], [-65.681477, -17.100637], [-65.68152, -17.100729], [-65.681567, -17.100825], [-65.681578, -17.100851], [-65.681616, -17.100945], [-65.681655, -17.101068], [-65.681699, -17.101247], [-65.681713, -17.101343], [-65.681713, -17.101344], [-65.68172, -17.10148], [-65.681725, -17.101648], [-65.68173, -17.101767], [-65.681723, -17.10191], [-65.681715, -17.102018], [-65.681707, -17.102062], [-65.681692, -17.102142], [-65.68169, -17.102151], [-65.681679, -17.102182], [-65.681651, -17.102261], [-65.681611, -17.102393], [-65.681597, -17.10245], [-65.681587, -17.102495], [-65.681576, -17.102544], [-65.681564, -17.102594], [-65.681526, -17.102704], [-65.6815, -17.102791], [-65.681499, -17.102798], [-65.681494, -17.102831], [-65.681492, -17.102846], [-65.681494, -17.102898], [-65.681504, -17.102939], [-65.681512, -17.102952], [-65.681519, -17.102963], [-65.68152, -17.102964], [-65.681543, -17.102989], [-65.681572, -17.103018], [-65.681577, -17.103021], [-65.681608, -17.103046], [-65.68164, -17.103064], [-65.681678, -17.103077], [-65.681705, -17.103086], [-65.681686, -17.103171], [-65.681673, -17.103613], [-65.681678, -17.104065], [-65.681717, -17.104515], [-65.681777, -17.104953], [-65.68188, -17.105308], [-65.682095, -17.105706], [-65.682206, -17.105853], [-65.682343, -17.106034], [-65.682743, -17.106105], [-65.683158, -17.106283], [-65.683451, -17.106629], [-65.683719, -17.106989], [-65.683982, -17.107351], [-65.684086, -17.107781], [-65.683939, -17.108198], [-65.683733, -17.108604], [-65.683531, -17.108999], [-65.68349, -17.109199], [-65.683442, -17.109437], [-65.683665, -17.109801], [-65.683964, -17.110113], [-65.684259, -17.110417], [-65.684506, -17.110789], [-65.684795, -17.111145], [-65.685111, -17.111464], [-65.685464, -17.111762], [-65.685852, -17.112015], [-65.686191, -17.112323], [-65.686419, -17.112716], [-65.686703, -17.113065], [-65.687078, -17.113336], [-65.68746, -17.113599], [-65.687831, -17.113876], [-65.688053, -17.114238], [-65.688313, -17.114591], [-65.688691, -17.114828], [-65.689, -17.115138], [-65.689275, -17.115493], [-65.68955, -17.115847], [-65.689839, -17.116192], [-65.690165, -17.116504], [-65.690553, -17.116714], [-65.690989, -17.116852], [-65.691404, -17.117043], [-65.691599, -17.117116], [-65.691829, -17.117202], [-65.692184, -17.117044], [-65.692481, -17.116837], [-65.692757, -17.116635], [-65.69288, -17.116578], [-65.693048, -17.116499], [-65.693419, -17.116771], [-65.693592, -17.117171], [-65.693737, -17.117581], [-65.693859, -17.117998], [-65.693838, -17.118416], [-65.693693, -17.118787], [-65.693679, -17.119207], [-65.693723, -17.119629], [-65.693801, -17.120037], [-65.693859, -17.120466], [-65.69387, -17.120917], [-65.693903, -17.121359], [-65.693947, -17.121799], [-65.693987, -17.122231], [-65.694016, -17.122672], [-65.694066, -17.123112], [-65.69421, -17.123522], [-65.694267, -17.12396], [-65.694285, -17.12439], [-65.694355, -17.124621], [-65.694477, -17.125056], [-65.694774, -17.12539], [-65.695124, -17.125691], [-65.695463, -17.12599], [-65.695714, -17.126355], [-65.695778, -17.126794], [-65.696081, -17.127139], [-65.696355, -17.127505], [-65.696637, -17.127852], [-65.697071, -17.12802], [-65.697454, -17.128275], [-65.697835, -17.128531], [-65.698276, -17.128686], [-65.698666, -17.128928], [-65.698903, -17.129316], [-65.699178, -17.12968], [-65.69955, -17.129954], [-65.699915, -17.130238], [-65.700153, -17.130625], [-65.700405, -17.131002], [-65.700675, -17.13137], [-65.700844, -17.13179], [-65.701049, -17.132195], [-65.701223, -17.132614], [-65.701331, -17.132788], [-65.701458, -17.132994], [-65.701893, -17.133103], [-65.702326, -17.13318], [-65.70278, -17.13328], [-65.703204, -17.133435], [-65.703511, -17.13377], [-65.703809, -17.134118], [-65.704092, -17.134452], [-65.704302, -17.134846], [-65.704406, -17.135013], [-65.704532, -17.135216], [-65.704934, -17.135373], [-65.705392, -17.135418], [-65.705789, -17.135526], [-65.706174, -17.135663], [-65.706572, -17.135799], [-65.706954, -17.135992], [-65.707348, -17.136184], [-65.707649, -17.136479], [-65.708016, -17.136743], [-65.708379, -17.136913], [-65.708729, -17.137105], [-65.709053, -17.137337], [-65.709357, -17.137564], [-65.709682, -17.137794], [-65.710019, -17.138054], [-65.710365, -17.138317], [-65.710753, -17.138538], [-65.711158, -17.138659], [-65.711627, -17.138666], [-65.712095, -17.138702], [-65.712551, -17.13863], [-65.71299, -17.138499], [-65.713452, -17.138486], [-65.713906, -17.138486], [-65.714306, -17.138278], [-65.714754, -17.138209], [-65.715209, -17.13815], [-65.715643, -17.138033], [-65.715999, -17.137751], [-65.716288, -17.137403], [-65.716483, -17.137307], [-65.71669, -17.137204], [-65.71708, -17.13744], [-65.717348, -17.137799], [-65.717623, -17.138165], [-65.717867, -17.13855], [-65.718028, -17.138973], [-65.718189, -17.139387], [-65.718388, -17.139796], [-65.718493, -17.140222], [-65.718516, -17.140664], [-65.718495, -17.141106], [-65.718541, -17.141537], [-65.718696, -17.141939], [-65.718964, -17.142309], [-65.719286, -17.142637], [-65.719598, -17.142961], [-65.719924, -17.143256], [-65.720304, -17.143486], [-65.720752, -17.143565], [-65.721217, -17.143615], [-65.721647, -17.143439], [-65.722067, -17.14326], [-65.722466, -17.143026], [-65.72285, -17.14277], [-65.723297, -17.142666], [-65.723764, -17.142628], [-65.724222, -17.142598], [-65.724428, -17.142572], [-65.724671, -17.142542], [-65.725009, -17.142809], [-65.725174, -17.143227], [-65.725394, -17.143624], [-65.72555, -17.14405], [-65.725735, -17.144455], [-65.725865, -17.144603], [-65.726023, -17.144783], [-65.726478, -17.144883], [-65.726947, -17.144905], [-65.72741, -17.144895], [-65.72784, -17.145077], [-65.72826, -17.145256], [-65.728421, -17.145384], [-65.728615, -17.145539], [-65.728718, -17.145977], [-65.728782, -17.146424], [-65.728825, -17.146625], [-65.728877, -17.146866], [-65.729182, -17.147153], [-65.729613, -17.147308], [-65.730052, -17.147468], [-65.730483, -17.147623], [-65.730918, -17.147794], [-65.731328, -17.147994], [-65.731621, -17.14833], [-65.731874, -17.148711], [-65.732111, -17.1491], [-65.732298, -17.149514], [-65.732443, -17.149943], [-65.732651, -17.150345], [-65.732665, -17.150502], [-65.732683, -17.150709], [-65.732555, -17.150866], [-65.732403, -17.151053], [-65.732447, -17.151494], [-65.732497, -17.151943], [-65.732378, -17.152357], [-65.732092, -17.152705], [-65.731825, -17.153073], [-65.731625, -17.153481], [-65.731423, -17.153878], [-65.731054, -17.154154], [-65.73064, -17.154346], [-65.730445, -17.15442], [-65.730212, -17.154508], [-65.730106, -17.154686], [-65.730012, -17.154847], [-65.730328, -17.155149], [-65.730671, -17.155455], [-65.730922, -17.155803], [-65.731146, -17.156187], [-65.731422, -17.15655], [-65.731813, -17.156795], [-65.732105, -17.157143], [-65.732462, -17.157435], [-65.732754, -17.157789], [-65.733043, -17.158143], [-65.733236, -17.158545], [-65.733405, -17.158956], [-65.733572, -17.159368], [-65.733677, -17.159792], [-65.733695, -17.160234], [-65.733787, -17.160657], [-65.733805, -17.161088], [-65.734009, -17.161492], [-65.734275, -17.161842], [-65.734571, -17.16218], [-65.734891, -17.16251], [-65.735143, -17.162879], [-65.735309, -17.163291], [-65.735392, -17.163725], [-65.73525, -17.164141], [-65.735276, -17.164572], [-65.735302, -17.165022], [-65.735447, -17.16543], [-65.735652, -17.165815], [-65.735814, -17.166239], [-65.736, -17.166643], [-65.736212, -17.16702], [-65.736571, -17.167274], [-65.736856, -17.167632], [-65.73715, -17.167984], [-65.737304, -17.168115], [-65.737469, -17.168254], [-65.737878, -17.168098], [-65.738304, -17.167932], [-65.738746, -17.167815], [-65.739205, -17.167797], [-65.73966, -17.167859], [-65.740104, -17.167937], [-65.740548, -17.168009], [-65.74098, -17.168091], [-65.741431, -17.168169], [-65.741896, -17.168233], [-65.742354, -17.168283], [-65.74282, -17.168335], [-65.74327, -17.168425], [-65.743698, -17.168588], [-65.744062, -17.168868], [-65.744374, -17.169205], [-65.744628, -17.169562], [-65.744892, -17.169936], [-65.745172, -17.170286], [-65.745451, -17.170638], [-65.745701, -17.170999], [-65.745926, -17.171384], [-65.746163, -17.171764], [-65.746298, -17.17197], [-65.746411, -17.172146], [-65.746829, -17.172051], [-65.747282, -17.171942], [-65.747703, -17.171772], [-65.748164, -17.171841], [-65.748615, -17.171929], [-65.749064, -17.172027], [-65.749522, -17.172125], [-65.749989, -17.172157], [-65.750446, -17.172076], [-65.750894, -17.171941], [-65.751314, -17.171785], [-65.751749, -17.171641], [-65.752154, -17.171498], [-65.752563, -17.171398], [-65.752914, -17.171269], [-65.753366, -17.171145], [-65.753822, -17.171038], [-65.754281, -17.170942], [-65.754743, -17.17086], [-65.755206, -17.170785], [-65.755667, -17.170702], [-65.756111, -17.170587], [-65.756551, -17.170428], [-65.756894, -17.170228], [-65.757302, -17.170008], [-65.757739, -17.169842], [-65.758163, -17.16965], [-65.758545, -17.169403], [-65.758896, -17.169106], [-65.759203, -17.168765], [-65.759578, -17.168496], [-65.76004, -17.168433], [-65.760499, -17.1684], [-65.760956, -17.168303], [-65.761384, -17.168117], [-65.761777, -17.167871], [-65.762164, -17.167615], [-65.762567, -17.167384], [-65.762972, -17.167156], [-65.763374, -17.166923], [-65.763664, -17.166572], [-65.763847, -17.166168], [-65.764104, -17.16579], [-65.764389, -17.165432], [-65.764681, -17.165079], [-65.764936, -17.164699], [-65.765111, -17.1646], [-65.765316, -17.164482], [-65.765756, -17.164627], [-65.766122, -17.164845], [-65.766418, -17.165109], [-65.766731, -17.165382], [-65.767094, -17.165653], [-65.767524, -17.165746], [-65.767952, -17.165586], [-65.768395, -17.165543], [-65.768864, -17.165533], [-65.769322, -17.165495], [-65.769773, -17.165577], [-65.770229, -17.165598], [-65.770674, -17.165482], [-65.771056, -17.165269], [-65.771481, -17.165078], [-65.771886, -17.164867], [-65.77229, -17.164655], [-65.77247, -17.16453], [-65.772661, -17.164397], [-65.773024, -17.164544], [-65.773343, -17.164851], [-65.77363, -17.165208], [-65.773897, -17.165567], [-65.774105, -17.165972], [-65.774285, -17.16636], [-65.774505, -17.166737], [-65.774822, -17.167068], [-65.775156, -17.16736], [-65.775556, -17.167546], [-65.776003, -17.167605], [-65.776461, -17.167644], [-65.77692, -17.167683], [-65.777378, -17.16772], [-65.777847, -17.167753], [-65.778307, -17.167761], [-65.778767, -17.167772], [-65.779223, -17.167826], [-65.779689, -17.16786], [-65.780139, -17.167765], [-65.780592, -17.167688], [-65.781049, -17.167637], [-65.781517, -17.1676], [-65.781976, -17.167578], [-65.782436, -17.167594], [-65.782905, -17.167613], [-65.783374, -17.167631], [-65.783822, -17.167686], [-65.784272, -17.167594], [-65.784716, -17.167601], [-65.785147, -17.167749], [-65.785597, -17.167775], [-65.786064, -17.167815], [-65.786524, -17.167833], [-65.786993, -17.167844], [-65.787463, -17.167845], [-65.787685, -17.167847], [-65.78793, -17.167848], [-65.788197, -17.167499], [-65.788513, -17.167192], [-65.788891, -17.16696], [-65.789305, -17.166814], [-65.789742, -17.166707], [-65.790203, -17.166624], [-65.790668, -17.166563], [-65.791126, -17.166514], [-65.791595, -17.166487], [-65.792062, -17.166453], [-65.79253, -17.166417], [-65.792987, -17.166371], [-65.793376, -17.16612], [-65.793582, -17.166111], [-65.79383, -17.166099], [-65.794204, -17.166343], [-65.794465, -17.166695], [-65.794635, -17.167105], [-65.794818, -17.16752], [-65.79493, -17.167947], [-65.794987, -17.168395], [-65.795006, -17.168846], [-65.794993, -17.169288], [-65.794893, -17.169719], [-65.794859, -17.170167], [-65.794971, -17.170602], [-65.795256, -17.170936], [-65.79548, -17.171301], [-65.795586, -17.171673], [-65.795651, -17.171869], [-65.795727, -17.172098], [-65.796139, -17.172291], [-65.796586, -17.172386], [-65.797023, -17.17255], [-65.797278, -17.172549], [-65.797355, -17.17253], [-65.797443, -17.172506], [-65.79748, -17.172491], [-65.797533, -17.172469], [-65.797614, -17.172445], [-65.79764, -17.172435], [-65.797703, -17.172412], [-65.797761, -17.172386], [-65.797786, -17.172376], [-65.797826, -17.172361], [-65.797893, -17.172332], [-65.79793, -17.172315], [-65.797938, -17.172311], [-65.797953, -17.172304], [-65.79796, -17.172301], [-65.797965, -17.172299], [-65.798004, -17.172282], [-65.798069, -17.172249], [-65.798134, -17.172224], [-65.798181, -17.172215], [-65.798228, -17.172214], [-65.798285, -17.172216], [-65.798341, -17.17222], [-65.798389, -17.172221], [-65.798431, -17.172215], [-65.798486, -17.172195], [-65.798532, -17.172176], [-65.798576, -17.172157], [-65.798633, -17.172133], [-65.798672, -17.172116], [-65.798721, -17.1721], [-65.798766, -17.17208], [-65.798797, -17.172054], [-65.79882, -17.17203], [-65.798849, -17.172007], [-65.79888, -17.171994], [-65.798926, -17.171984], [-65.798966, -17.171981], [-65.799004, -17.17198], [-65.799051, -17.17198], [-65.79911, -17.17198], [-65.799164, -17.171983], [-65.799206, -17.171986], [-65.799254, -17.17199], [-65.799296, -17.171992], [-65.799335, -17.171997], [-65.799366, -17.172005], [-65.79938, -17.172008], [-65.799431, -17.172024], [-65.799445, -17.172029], [-65.79952, -17.17208], [-65.799567, -17.172113], [-65.799623, -17.172152], [-65.799653, -17.172173], [-65.799688, -17.172196], [-65.799723, -17.172225], [-65.799766, -17.172254], [-65.799811, -17.172287], [-65.799826, -17.172298], [-65.799882, -17.172338], [-65.799933, -17.172372], [-65.799962, -17.172393], [-65.799993, -17.172415], [-65.800015, -17.172429], [-65.800044, -17.172449], [-65.800044, -17.17245], [-65.800067, -17.172465], [-65.800078, -17.172473], [-65.800103, -17.17249], [-65.800117, -17.172499], [-65.800134, -17.172509], [-65.800142, -17.172511], [-65.80016, -17.172516], [-65.800161, -17.172517], [-65.800195, -17.172525], [-65.800211, -17.172529], [-65.800566, -17.172658], [-65.800906, -17.172845], [-65.801328, -17.17301], [-65.801751, -17.173123], [-65.802182, -17.173275], [-65.80261, -17.173422], [-65.802953, -17.173728], [-65.803202, -17.174111], [-65.803492, -17.17445], [-65.803766, -17.174805], [-65.804028, -17.175157], [-65.804421, -17.175393], [-65.804831, -17.175593], [-65.805212, -17.175767], [-65.805554, -17.176048], [-65.805868, -17.176371], [-65.806159, -17.176724], [-65.806525, -17.176973], [-65.806943, -17.177072], [-65.807396, -17.177152], [-65.807858, -17.177232], [-65.808317, -17.177244], [-65.808774, -17.177193], [-65.809189, -17.177348], [-65.809546, -17.177641], [-65.80993, -17.177901], [-65.810339, -17.178096], [-65.810792, -17.178172], [-65.811227, -17.178284], [-65.811661, -17.178428], [-65.812112, -17.17854], [-65.812317, -17.178472], [-65.81252, -17.178406], [-65.812801, -17.178706], [-65.813075, -17.179058], [-65.813436, -17.179331], [-65.813823, -17.179545], [-65.814241, -17.179707], [-65.814596, -17.179849], [-65.814924, -17.180114], [-65.815209, -17.180461], [-65.81549, -17.180812], [-65.815711, -17.181196], [-65.815934, -17.181593], [-65.816184, -17.181942], [-65.816459, -17.182308], [-65.816712, -17.182655], [-65.81697, -17.183032], [-65.817217, -17.183395], [-65.817445, -17.183726], [-65.817699, -17.184095], [-65.81793, -17.184488], [-65.818149, -17.184824], [-65.818424, -17.185179], [-65.818723, -17.185516], [-65.81905, -17.185826], [-65.819415, -17.186109], [-65.819703, -17.186465], [-65.820007, -17.186796], [-65.820301, -17.187149], [-65.820713, -17.18733], [-65.821111, -17.187538], [-65.821413, -17.187884], [-65.821815, -17.188082], [-65.822239, -17.188254], [-65.822597, -17.188469], [-65.822946, -17.188728], [-65.823257, -17.189063], [-65.823528, -17.189432], [-65.823847, -17.189726], [-65.824236, -17.18979], [-65.824664, -17.18989], [-65.825079, -17.189873], [-65.825527, -17.189738], [-65.825981, -17.189624], [-65.826417, -17.189485], [-65.826833, -17.189277], [-65.827219, -17.189027], [-65.827661, -17.188905], [-65.82811, -17.188781], [-65.828507, -17.188541], [-65.828886, -17.188275], [-65.829255, -17.18801], [-65.829724, -17.187984], [-65.830183, -17.187979], [-65.830572, -17.1881], [-65.830915, -17.188337], [-65.831234, -17.188633], [-65.831478, -17.189018], [-65.831576, -17.189448], [-65.83184, -17.189781], [-65.832222, -17.189993], [-65.832563, -17.190283], [-65.832858, -17.190623], [-65.833157, -17.190947], [-65.833446, -17.191291], [-65.833742, -17.191618], [-65.834054, -17.191931], [-65.834364, -17.192246], [-65.834672, -17.192562], [-65.834921, -17.192934], [-65.835054, -17.19333], [-65.835119, -17.193767], [-65.835317, -17.194175], [-65.835542, -17.194561], [-65.835753, -17.194952], [-65.835856, -17.195382], [-65.835943, -17.195826], [-65.836237, -17.196145], [-65.8366, -17.196403], [-65.836934, -17.196698], [-65.837189, -17.197053], [-65.837457, -17.197423], [-65.83752, -17.197852], [-65.837563, -17.198047], [-65.837615, -17.198282], [-65.837952, -17.198591], [-65.838348, -17.198804], [-65.838577, -17.19883], [-65.838794, -17.198855], [-65.838921, -17.199287], [-65.839226, -17.199579], [-65.839518, -17.199885], [-65.83981, -17.200215], [-65.840083, -17.200581], [-65.840221, -17.20101], [-65.840259, -17.201423], [-65.840425, -17.201805], [-65.840685, -17.202147], [-65.840916, -17.202518], [-65.841175, -17.202873], [-65.841549, -17.203146], [-65.841741, -17.203214], [-65.841973, -17.203297], [-65.842147, -17.203255], [-65.842367, -17.2032], [-65.842648, -17.202841], [-65.843013, -17.202558], [-65.843376, -17.202271], [-65.843704, -17.20195], [-65.84411, -17.201725], [-65.844511, -17.20149], [-65.844893, -17.201244], [-65.845129, -17.200855], [-65.845465, -17.200543], [-65.845856, -17.200293], [-65.846284, -17.200109], [-65.846724, -17.199951], [-65.847098, -17.199682], [-65.847448, -17.199386], [-65.847836, -17.19915], [-65.848204, -17.19887], [-65.848651, -17.198754], [-65.849055, -17.198543], [-65.84936, -17.19823], [-65.849763, -17.198006], [-65.850159, -17.197792], [-65.850435, -17.197446], [-65.850781, -17.197144], [-65.851108, -17.196825], [-65.851551, -17.196724], [-65.851958, -17.196509], [-65.852313, -17.196226], [-65.852465, -17.195811], [-65.852506, -17.195571], [-65.852515, -17.195518], [-65.852539, -17.195381], [-65.852959, -17.195561], [-65.853277, -17.195858], [-65.853625, -17.196161], [-65.853801, -17.196269], [-65.854014, -17.196399], [-65.854177, -17.196804], [-65.854505, -17.197127], [-65.854755, -17.197505], [-65.855011, -17.197882], [-65.855305, -17.198234], [-65.855604, -17.198581], [-65.855835, -17.198971], [-65.856035, -17.199379], [-65.856261, -17.199764], [-65.856355, -17.200205], [-65.856479, -17.20064], [-65.856592, -17.201078], [-65.856671, -17.201523], [-65.856746, -17.201963], [-65.856798, -17.202412], [-65.856783, -17.202847], [-65.856635, -17.203255], [-65.85663, -17.203706], [-65.856676, -17.204155], [-65.856734, -17.204601], [-65.856676, -17.205046], [-65.85675, -17.205443], [-65.857016, -17.205781], [-65.857246, -17.206121], [-65.85744, -17.206511], [-65.857576, -17.206838], [-65.857837, -17.207168], [-65.858157, -17.207485], [-65.858488, -17.207804], [-65.858833, -17.208095], [-65.859049, -17.208138], [-65.859456, -17.208106], [-65.859879, -17.20828], [-65.860294, -17.20846], [-65.860762, -17.208425], [-65.861223, -17.208476], [-65.861632, -17.208698], [-65.861996, -17.208969], [-65.86236, -17.209254], [-65.862728, -17.209518], [-65.863128, -17.209755], [-65.863511, -17.209984], [-65.863863, -17.210267], [-65.864177, -17.210589], [-65.864524, -17.210893], [-65.864858, -17.211198], [-65.865158, -17.21153], [-65.865335, -17.211928], [-65.865542, -17.212289], [-65.865721, -17.212656], [-65.865826, -17.213021], [-65.86592, -17.213434], [-65.866135, -17.213823], [-65.866449, -17.214145], [-65.866766, -17.21444], [-65.867051, -17.214775], [-65.86729, -17.215152], [-65.867646, -17.215428], [-65.86805, -17.21564], [-65.868464, -17.215849], [-65.868688, -17.215907], [-65.868907, -17.215964], [-65.8692, -17.215634], [-65.869367, -17.215558], [-65.869577, -17.215463], [-65.870026, -17.215557], [-65.870464, -17.215721], [-65.870879, -17.21593], [-65.871269, -17.216154], [-65.871738, -17.216147], [-65.872208, -17.216152], [-65.872668, -17.216154], [-65.873137, -17.216125], [-65.873594, -17.216162], [-65.87403, -17.216331], [-65.874461, -17.216484], [-65.874892, -17.216612], [-65.87531, -17.216795], [-65.875701, -17.216989], [-65.876054, -17.217159], [-65.8764, -17.217299], [-65.876732, -17.217448], [-65.877018, -17.217585], [-65.877297, -17.217764], [-65.877616, -17.217953], [-65.877986, -17.218108], [-65.878358, -17.218234], [-65.878741, -17.218324], [-65.879126, -17.218406], [-65.8795, -17.218497], [-65.879859, -17.2186], [-65.880247, -17.218708], [-65.880635, -17.218774], [-65.881019, -17.218862], [-65.8814, -17.218961], [-65.881773, -17.219053], [-65.882171, -17.21916], [-65.882546, -17.219243], [-65.882911, -17.21933], [-65.883286, -17.219414], [-65.883663, -17.219551], [-65.88402, -17.219732], [-65.884363, -17.21992], [-65.884638, -17.220246], [-65.884785, -17.220674], [-65.884876, -17.221117], [-65.88497, -17.221559], [-65.88509, -17.221986], [-65.8852, -17.222406], [-65.885222, -17.222856], [-65.885224, -17.223299], [-65.885233, -17.22375], [-65.885248, -17.224201], [-65.885266, -17.224652], [-65.885276, -17.225094], [-65.885268, -17.225537], [-65.885246, -17.225988], [-65.885236, -17.226439], [-65.885201, -17.22686], [-65.885131, -17.227288], [-65.885081, -17.227719], [-65.885046, -17.228133], [-65.885014, -17.228583], [-65.885, -17.229034], [-65.884954, -17.229483], [-65.884938, -17.229925], [-65.884949, -17.230376], [-65.884976, -17.230818], [-65.885022, -17.231258], [-65.885083, -17.231706], [-65.885176, -17.232148], [-65.885315, -17.23257], [-65.885483, -17.232991], [-65.885632, -17.233381], [-65.885762, -17.233767], [-65.885914, -17.234175], [-65.885907, -17.234598], [-65.885677, -17.234979], [-65.885397, -17.235331], [-65.885158, -17.235718], [-65.885074, -17.23616], [-65.88509, -17.236611], [-65.885176, -17.237055], [-65.885295, -17.237491], [-65.885424, -17.237906], [-65.885492, -17.238352], [-65.885439, -17.238791], [-65.885429, -17.239241], [-65.885473, -17.23969], [-65.885533, -17.240138], [-65.885629, -17.240571], [-65.885748, -17.241007], [-65.885756, -17.241447], [-65.885674, -17.241891], [-65.885709, -17.24233], [-65.885825, -17.242764], [-65.885894, -17.243201], [-65.886016, -17.243637], [-65.886125, -17.244077], [-65.886046, -17.244514], [-65.885912, -17.244946], [-65.885795, -17.245383], [-65.885746, -17.245821], [-65.885646, -17.246262], [-65.885519, -17.246687], [-65.885347, -17.247107], [-65.885216, -17.247531], [-65.885105, -17.24796], [-65.884935, -17.248371], [-65.884708, -17.248755], [-65.88449, -17.249145], [-65.884374, -17.24957], [-65.884378, -17.250012], [-65.884421, -17.250462], [-65.884492, -17.250908], [-65.88456, -17.251345], [-65.884633, -17.251791], [-65.884732, -17.252233], [-65.884817, -17.252677], [-65.884867, -17.253116], [-65.884926, -17.253564], [-65.884958, -17.254014], [-65.885014, -17.254462], [-65.885071, -17.25491], [-65.885097, -17.255361], [-65.885116, -17.255803], [-65.885128, -17.256254], [-65.885158, -17.256705], [-65.885192, -17.257146], [-65.885205, -17.257597], [-65.885225, -17.25803], [-65.885254, -17.258471], [-65.88529, -17.258921], [-65.88534, -17.25937], [-65.88539, -17.25981], [-65.88542, -17.260251], [-65.885373, -17.26069], [-65.885208, -17.261107], [-65.884955, -17.261487], [-65.884717, -17.261876], [-65.884436, -17.262222], [-65.884118, -17.262538], [-65.884033, -17.26297], [-65.883737, -17.263314], [-65.883424, -17.26364], [-65.883287, -17.26407], [-65.883236, -17.264508], [-65.883141, -17.264948], [-65.882979, -17.265371], [-65.882726, -17.26575], [-65.882453, -17.266117], [-65.882321, -17.266278], [-65.882163, -17.26647], [-65.881718, -17.26658], [-65.881254, -17.266639], [-65.880836, -17.266812], [-65.880427, -17.267036], [-65.880026, -17.26727], [-65.879687, -17.267581], [-65.879354, -17.2679], [-65.878999, -17.268195], [-65.878659, -17.268493], [-65.878331, -17.268817], [-65.878068, -17.269187], [-65.878, -17.269381], [-65.877918, -17.269613], [-65.877532, -17.269869], [-65.877193, -17.270173], [-65.876982, -17.270565], [-65.8768, -17.270982], [-65.87661, -17.271385], [-65.876386, -17.271782], [-65.87603, -17.272074], [-65.875699, -17.272389], [-65.875433, -17.272762], [-65.875252, -17.273168], [-65.874972, -17.273528], [-65.874708, -17.2739], [-65.874507, -17.274306], [-65.874393, -17.274744], [-65.874254, -17.275166], [-65.874097, -17.275591], [-65.873925, -17.276011], [-65.873748, -17.276429], [-65.873623, -17.276863], [-65.873592, -17.277311], [-65.873524, -17.277747], [-65.873455, -17.278185], [-65.873431, -17.278377], [-65.873403, -17.278608], [-65.873047, -17.278891], [-65.872855, -17.279303], [-65.872634, -17.279701], [-65.872513, -17.280133], [-65.872509, -17.280585], [-65.872622, -17.281019], [-65.872771, -17.281447], [-65.872927, -17.281873], [-65.87305, -17.282299], [-65.873112, -17.282744], [-65.873023, -17.283185], [-65.872903, -17.283622], [-65.872796, -17.284061], [-65.872614, -17.284477], [-65.872449, -17.2849], [-65.872296, -17.285326], [-65.872084, -17.285729], [-65.871851, -17.286121], [-65.871585, -17.286493], [-65.871338, -17.286875], [-65.871275, -17.287322], [-65.871221, -17.287771], [-65.871022, -17.288173], [-65.870745, -17.288526], [-65.870545, -17.288933], [-65.870397, -17.289361], [-65.870312, -17.289804], [-65.870257, -17.290243], [-65.870222, -17.290693], [-65.870198, -17.291135], [-65.870072, -17.291565], [-65.869825, -17.291949], [-65.869637, -17.292361], [-65.869394, -17.292747], [-65.869173, -17.293144], [-65.868992, -17.293561], [-65.868791, -17.293968], [-65.868561, -17.294361], [-65.868339, -17.294749], [-65.868129, -17.295152], [-65.867961, -17.295573], [-65.867807, -17.296], [-65.867657, -17.296428], [-65.867505, -17.296855], [-65.867342, -17.297278], [-65.867209, -17.297711], [-65.867075, -17.298143], [-65.86694, -17.298576], [-65.866816, -17.299002], [-65.86674, -17.299445], [-65.866616, -17.29988], [-65.866515, -17.300319], [-65.866418, -17.300759], [-65.866194, -17.301154], [-65.865861, -17.301471], [-65.865504, -17.301765], [-65.865148, -17.302058], [-65.864824, -17.302372], [-65.864491, -17.30269], [-65.864169, -17.303019], [-65.863862, -17.303349], [-65.863548, -17.303685], [-65.863229, -17.304016], [-65.862911, -17.304349], [-65.862599, -17.304674], [-65.862294, -17.305018], [-65.862029, -17.305379], [-65.861765, -17.305753], [-65.8615, -17.306125], [-65.86124, -17.30649], [-65.860975, -17.306863], [-65.860717, -17.30723], [-65.860455, -17.307605], [-65.860192, -17.307978], [-65.85993, -17.308354], [-65.859722, -17.308756], [-65.859608, -17.309194], [-65.859497, -17.309632], [-65.859388, -17.310062], [-65.859241, -17.31049], [-65.859049, -17.310902], [-65.858796, -17.311282], [-65.858528, -17.31163], [-65.858239, -17.311963], [-65.857934, -17.312282], [-65.857636, -17.31262], [-65.857327, -17.312948], [-65.857019, -17.313276], [-65.856716, -17.313609], [-65.856394, -17.313913], [-65.856059, -17.314216], [-65.855717, -17.314512], [-65.855352, -17.314782], [-65.854997, -17.315077], [-65.854639, -17.315353], [-65.854403, -17.31573], [-65.854235, -17.31615], [-65.854142, -17.316591], [-65.85415, -17.317033], [-65.854142, -17.317485], [-65.854118, -17.317935], [-65.854146, -17.318385], [-65.854232, -17.318819], [-65.854333, -17.31926], [-65.854448, -17.319698], [-65.854579, -17.320122], [-65.854724, -17.320551], [-65.85487, -17.32098], [-65.855123, -17.321357], [-65.855303, -17.321772], [-65.855468, -17.322193], [-65.855707, -17.322582], [-65.855935, -17.322977], [-65.856194, -17.323342], [-65.856472, -17.323706], [-65.856749, -17.324071], [-65.857025, -17.324436], [-65.857302, -17.324801], [-65.857579, -17.325166], [-65.857856, -17.32553], [-65.858133, -17.325895], [-65.858404, -17.326253], [-65.858681, -17.326618], [-65.858953, -17.326986], [-65.859238, -17.327345], [-65.859532, -17.327697], [-65.85983, -17.328046], [-65.86013, -17.328393], [-65.860453, -17.328721], [-65.860787, -17.329039], [-65.861118, -17.329359], [-65.861452, -17.329677], [-65.861787, -17.329993], [-65.862118, -17.330314], [-65.862399, -17.330653], [-65.862489, -17.331081], [-65.862612, -17.331516], [-65.862735, -17.331952], [-65.862616, -17.33238], [-65.86246, -17.332806], [-65.862304, -17.333232], [-65.862149, -17.333658], [-65.861994, -17.334084], [-65.861839, -17.33451], [-65.861685, -17.334937], [-65.861528, -17.335362], [-65.861373, -17.335788], [-65.861223, -17.336216], [-65.861038, -17.336631], [-65.860844, -17.337042], [-65.860657, -17.337456], [-65.860472, -17.337871], [-65.860288, -17.338287], [-65.860104, -17.338702], [-65.85992, -17.339118], [-65.859736, -17.339533], [-65.859537, -17.339941], [-65.859261, -17.340295], [-65.858983, -17.340647], [-65.858682, -17.340994], [-65.858372, -17.341333], [-65.858055, -17.341667], [-65.857738, -17.342], [-65.857423, -17.342335], [-65.857104, -17.342666], [-65.85679, -17.343003], [-65.856475, -17.343338], [-65.85616, -17.343673], [-65.855853, -17.344015], [-65.855557, -17.344365], [-65.855263, -17.344717], [-65.854972, -17.345072], [-65.854686, -17.34543], [-65.854393, -17.345783], [-65.854097, -17.346134], [-65.853806, -17.346488], [-65.85352, -17.346846], [-65.853236, -17.347206], [-65.852953, -17.347567], [-65.852684, -17.347926], [-65.852404, -17.348288], [-65.852137, -17.34866], [-65.85186, -17.349025], [-65.851585, -17.349391], [-65.85131, -17.349757], [-65.851035, -17.350123], [-65.85076, -17.350489], [-65.850483, -17.350854], [-65.850206, -17.351219], [-65.849932, -17.351585], [-65.849659, -17.351953], [-65.849384, -17.352319], [-65.84911, -17.352686], [-65.848835, -17.353052], [-65.848588, -17.353436], [-65.848344, -17.353822], [-65.848079, -17.354195], [-65.847808, -17.354564], [-65.847541, -17.354935], [-65.847279, -17.35531], [-65.847018, -17.355686], [-65.846755, -17.35606], [-65.846462, -17.356412], [-65.846166, -17.356751], [-65.845866, -17.357099], [-65.845561, -17.357442], [-65.845258, -17.357788], [-65.844954, -17.358132], [-65.84465, -17.358476], [-65.844345, -17.35882], [-65.844041, -17.359164], [-65.843737, -17.359508], [-65.843436, -17.359855], [-65.843142, -17.360208], [-65.842801, -17.360514], [-65.84237, -17.360693], [-65.841928, -17.360846], [-65.841494, -17.361018], [-65.84109, -17.361248], [-65.840697, -17.361496], [-65.840326, -17.361773], [-65.839982, -17.36208], [-65.839648, -17.362398], [-65.83932, -17.362722], [-65.839005, -17.363056], [-65.838703, -17.363403], [-65.838413, -17.363758], [-65.838142, -17.364126], [-65.837884, -17.364504], [-65.83763, -17.364884], [-65.837367, -17.365258], [-65.837101, -17.36563], [-65.836837, -17.366003], [-65.836583, -17.366384], [-65.83632, -17.366758], [-65.836064, -17.367126], [-65.835801, -17.3675], [-65.835539, -17.367875], [-65.835278, -17.36825], [-65.835016, -17.368625], [-65.834754, -17.369], [-65.834492, -17.369375], [-65.834231, -17.36975], [-65.833968, -17.370124], [-65.833667, -17.37047], [-65.833386, -17.370823], [-65.833354, -17.371273], [-65.833322, -17.371723], [-65.833279, -17.372173], [-65.833237, -17.372622], [-65.833199, -17.373072], [-65.83331, -17.373508], [-65.833521, -17.37391], [-65.833859, -17.374216], [-65.834076, -17.374255], [-65.83432, -17.374298], [-65.834393, -17.374427], [-65.834493, -17.374602], [-65.83436, -17.375035], [-65.834327, -17.375485], [-65.834343, -17.375934], [-65.834465, -17.376371], [-65.834536, -17.376815], [-65.834563, -17.377266], [-65.834605, -17.377715], [-65.834647, -17.378165], [-65.8347, -17.378613], [-65.834787, -17.379057], [-65.834857, -17.379503], [-65.83492, -17.379951], [-65.834985, -17.380398], [-65.835047, -17.380836], [-65.835112, -17.381283], [-65.835181, -17.38173], [-65.83525, -17.382176], [-65.835319, -17.382623], [-65.835399, -17.383068], [-65.835483, -17.383512], [-65.83557, -17.383955], [-65.835672, -17.384396], [-65.835771, -17.384837], [-65.835735, -17.385259], [-65.835747, -17.38568], [-65.8358, -17.386099], [-65.835898, -17.386504], [-65.836, -17.386917], [-65.836142, -17.387337], [-65.836235, -17.38777], [-65.836266, -17.38822], [-65.836247, -17.38867], [-65.836191, -17.389109], [-65.836105, -17.389553], [-65.836023, -17.389988], [-65.836056, -17.390195], [-65.836091, -17.390407], [-65.836525, -17.390539], [-65.836994, -17.390515], [-65.837453, -17.390531], [-65.837902, -17.390663], [-65.838308, -17.390888], [-65.838772, -17.390937], [-65.839218, -17.391047], [-65.839632, -17.391259], [-65.840098, -17.391225], [-65.840498, -17.390999], [-65.840956, -17.390956], [-65.841379, -17.391151], [-65.841818, -17.391312], [-65.842254, -17.391478], [-65.842699, -17.391598], [-65.84304, -17.391907], [-65.843473, -17.392045], [-65.843943, -17.392044], [-65.844413, -17.392073], [-65.844876, -17.392009], [-65.84532, -17.391863], [-65.845745, -17.39168], [-65.846177, -17.39153], [-65.846559, -17.391378], [-65.846782, -17.391383], [-65.847021, -17.391387], [-65.84711, -17.391524], [-65.847224, -17.391701], [-65.847161, -17.39191], [-65.847095, -17.392132], [-65.847396, -17.392464], [-65.847769, -17.392722], [-65.848198, -17.392906], [-65.848627, -17.393067], [-65.848812, -17.393125], [-65.84904, -17.393197], [-65.849158, -17.393364], [-65.849288, -17.393546], [-65.849757, -17.393523], [-65.850215, -17.393487], [-65.850682, -17.393531], [-65.851142, -17.393531], [-65.851609, -17.393498], [-65.852079, -17.393508], [-65.852502, -17.393698], [-65.852968, -17.393749], [-65.85342, -17.393872], [-65.853882, -17.393954], [-65.85435, -17.393978], [-65.854796, -17.394072], [-65.855234, -17.394234], [-65.85569, -17.394343], [-65.856051, -17.394617], [-65.856466, -17.394815], [-65.856916, -17.394891], [-65.857351, -17.395046], [-65.857705, -17.395342], [-65.858089, -17.395598], [-65.858471, -17.395846], [-65.85893, -17.395885], [-65.859386, -17.395992], [-65.859839, -17.39611], [-65.860277, -17.396245], [-65.860639, -17.396519], [-65.860981, -17.396787], [-65.861385, -17.397016], [-65.86179, -17.397228], [-65.862204, -17.397441], [-65.862608, -17.397655], [-65.863007, -17.397893], [-65.863379, -17.398169], [-65.863729, -17.398384], [-65.863772, -17.398408], [-65.863776, -17.398411], [-65.863784, -17.398415], [-65.86387, -17.398465], [-65.86397, -17.398527], [-65.86415, -17.398627], [-65.864176, -17.398637], [-65.864375, -17.398717], [-65.864424, -17.398724], [-65.864512, -17.398737], [-65.864652, -17.398758], [-65.864657, -17.39876], [-65.864923, -17.398833], [-65.865037, -17.398872], [-65.865165, -17.398915], [-65.86536, -17.39894], [-65.865533, -17.399028], [-65.865718, -17.399098], [-65.865891, -17.399135], [-65.865962, -17.399151], [-65.866098, -17.39918], [-65.866288, -17.39924], [-65.866362, -17.399259], [-65.866549, -17.399307], [-65.866595, -17.399318], [-65.866813, -17.399406], [-65.866948, -17.399461], [-65.867267, -17.399525], [-65.867709, -17.399647], [-65.868165, -17.39976], [-65.868613, -17.399893], [-65.868974, -17.400131], [-65.869222, -17.400514], [-65.869455, -17.400906], [-65.86979, -17.401219], [-65.870166, -17.40149], [-65.870548, -17.401754], [-65.87092, -17.402015], [-65.871305, -17.402274], [-65.871698, -17.402522], [-65.872089, -17.402773], [-65.872449, -17.403061], [-65.8728, -17.403348], [-65.873172, -17.403624], [-65.873543, -17.403902], [-65.873913, -17.404181], [-65.87428, -17.404462], [-65.874633, -17.404747], [-65.875002, -17.405012], [-65.875395, -17.405259], [-65.875823, -17.405412], [-65.876292, -17.405397], [-65.876741, -17.405296], [-65.877209, -17.405267], [-65.877679, -17.405269], [-65.878135, -17.405305], [-65.878569, -17.405476], [-65.878965, -17.405719], [-65.879336, -17.405981], [-65.879724, -17.406235], [-65.880121, -17.406478], [-65.880514, -17.406724], [-65.880914, -17.406962], [-65.881327, -17.407178], [-65.881728, -17.407413], [-65.882119, -17.407664], [-65.88252, -17.4079], [-65.882918, -17.408141], [-65.88329, -17.408416], [-65.883678, -17.408672], [-65.88409, -17.408888], [-65.884468, -17.409156], [-65.88487, -17.409371], [-65.885312, -17.40952], [-65.88574, -17.409708], [-65.886179, -17.409868], [-65.886571, -17.410113], [-65.886956, -17.410371], [-65.887358, -17.410605], [-65.887763, -17.410835], [-65.888157, -17.411065], [-65.888527, -17.411341], [-65.888873, -17.411647], [-65.889236, -17.411932], [-65.889633, -17.412173], [-65.890023, -17.412427], [-65.890429, -17.412653], [-65.89085, -17.412854], [-65.891277, -17.413042], [-65.891702, -17.413237], [-65.89213, -17.413422], [-65.892546, -17.413633], [-65.892931, -17.413891], [-65.893267, -17.414207], [-65.893604, -17.414521], [-65.893941, -17.414836], [-65.894162, -17.415233], [-65.894402, -17.41561], [-65.894663, -17.415985], [-65.89492, -17.416363], [-65.895172, -17.416745], [-65.895415, -17.417121], [-65.895659, -17.417506], [-65.895893, -17.417896], [-65.896033, -17.418327], [-65.896166, -17.418751], [-65.896369, -17.419146], [-65.896609, -17.419533], [-65.896842, -17.419925], [-65.897083, -17.420302], [-65.897373, -17.420653], [-65.897739, -17.420936], [-65.898113, -17.42121], [-65.89848, -17.421478], [-65.898846, -17.42176], [-65.899201, -17.422056], [-65.89954, -17.422369], [-65.899882, -17.422679], [-65.900227, -17.422986], [-65.900576, -17.423288], [-65.900955, -17.423539], [-65.901385, -17.423721], [-65.901849, -17.423709], [-65.902314, -17.42365], [-65.902769, -17.423752], [-65.903214, -17.423757], [-65.903646, -17.423579], [-65.904083, -17.423412], [-65.904516, -17.423236], [-65.904959, -17.423086], [-65.905404, -17.42294], [-65.905854, -17.42281], [-65.906309, -17.422697], [-65.906768, -17.422599], [-65.907225, -17.422539], [-65.907692, -17.42249], [-65.908161, -17.422456], [-65.908626, -17.422513], [-65.909077, -17.422602], [-65.909535, -17.422705], [-65.909997, -17.422784], [-65.910456, -17.422886], [-65.91092, -17.422953], [-65.911388, -17.423001], [-65.911811, -17.423169], [-65.912207, -17.423388], [-65.912511, -17.423708], [-65.912847, -17.424023], [-65.913225, -17.424273], [-65.913625, -17.424511], [-65.914043, -17.424716], [-65.914351, -17.425046], [-65.91462, -17.425393], [-65.914953, -17.425698], [-65.915333, -17.425963], [-65.915734, -17.426197], [-65.916148, -17.426411], [-65.916587, -17.426571], [-65.917042, -17.426681], [-65.917512, -17.426684], [-65.917981, -17.426653], [-65.91844, -17.426613], [-65.918899, -17.426516], [-65.919357, -17.426416], [-65.919808, -17.426327], [-65.920274, -17.426267], [-65.92074, -17.426207], [-65.921193, -17.426125], [-65.921657, -17.426052], [-65.92212, -17.425978], [-65.922588, -17.425936], [-65.923058, -17.425927], [-65.923519, -17.425918], [-65.923989, -17.42591], [-65.924459, -17.425892], [-65.924895, -17.42573], [-65.925324, -17.425545], [-65.925764, -17.425388], [-65.926211, -17.425256], [-65.92667, -17.425221], [-65.92713, -17.425147], [-65.927522, -17.424898], [-65.92791, -17.424666], [-65.928348, -17.424528], [-65.928807, -17.424499], [-65.929256, -17.424421], [-65.929659, -17.42427], [-65.930047, -17.424132], [-65.930453, -17.423966], [-65.93083, -17.423713], [-65.931215, -17.423454], [-65.931632, -17.423268], [-65.932066, -17.423093], [-65.932462, -17.422852], [-65.932844, -17.422589], [-65.933275, -17.422412], [-65.933731, -17.422435], [-65.934169, -17.422305], [-65.934615, -17.422209], [-65.935078, -17.42228], [-65.935503, -17.422107], [-65.935937, -17.421947], [-65.936406, -17.421944], [-65.936874, -17.421985], [-65.937343, -17.422026], [-65.937813, -17.422041], [-65.938283, -17.422045], [-65.938752, -17.422064], [-65.939219, -17.422119], [-65.939679, -17.422139], [-65.940148, -17.422167], [-65.940618, -17.422191], [-65.941086, -17.422237], [-65.941547, -17.422313], [-65.941992, -17.422457], [-65.942384, -17.422679], [-65.942785, -17.422908], [-65.943219, -17.423082], [-65.943627, -17.423305], [-65.944069, -17.423454], [-65.944538, -17.423473], [-65.945008, -17.423489], [-65.945475, -17.423543], [-65.945937, -17.423628], [-65.946405, -17.423616], [-65.946869, -17.423546], [-65.947336, -17.423493], [-65.947804, -17.423453], [-65.948259, -17.423381], [-65.948727, -17.42335], [-65.949192, -17.423403], [-65.949649, -17.423364], [-65.950103, -17.423246], [-65.950551, -17.423145], [-65.951013, -17.423062], [-65.951477, -17.422988], [-65.95193, -17.422907], [-65.952392, -17.422821], [-65.952852, -17.422731], [-65.953312, -17.422634], [-65.95377, -17.422533], [-65.954226, -17.422423], [-65.954682, -17.422311], [-65.955138, -17.422204], [-65.95559, -17.422077], [-65.956043, -17.421957], [-65.956501, -17.421855], [-65.95696, -17.421759], [-65.957425, -17.421692], [-65.957881, -17.421631], [-65.958332, -17.421612], [-65.958772, -17.421625], [-65.959205, -17.421747], [-65.959643, -17.421885], [-65.960097, -17.422002], [-65.960556, -17.422099], [-65.961013, -17.422152], [-65.961483, -17.422144], [-65.961942, -17.42211], [-65.962408, -17.422048], [-65.96287, -17.421963], [-65.963316, -17.42182], [-65.963764, -17.42172], [-65.964219, -17.421651], [-65.964688, -17.421616], [-65.965147, -17.421574], [-65.965616, -17.421544], [-65.966075, -17.421508], [-65.966537, -17.42143], [-65.967001, -17.42136], [-65.967442, -17.421333], [-65.967912, -17.421355], [-65.968381, -17.421376], [-65.968852, -17.421378], [-65.969322, -17.421377], [-65.969782, -17.421361], [-65.970252, -17.421347], [-65.970722, -17.421353], [-65.971192, -17.421346], [-65.971662, -17.421335], [-65.972132, -17.421315], [-65.972602, -17.421305], [-65.973072, -17.421315], [-65.973542, -17.421337], [-65.974001, -17.421376], [-65.974461, -17.421366], [-65.974906, -17.421299], [-65.975374, -17.421249], [-65.975834, -17.421232], [-65.976304, -17.421215], [-65.976773, -17.421195], [-65.977243, -17.421186], [-65.977713, -17.421183], [-65.978184, -17.421183], [-65.978644, -17.421185], [-65.979113, -17.421148], [-65.979582, -17.421123], [-65.980051, -17.421093], [-65.980521, -17.42107], [-65.980982, -17.421052], [-65.981452, -17.421054], [-65.981922, -17.421069], [-65.982392, -17.421072], [-65.982862, -17.421065], [-65.983332, -17.421059], [-65.983793, -17.421043], [-65.984262, -17.421072], [-65.984732, -17.421084], [-65.985202, -17.421075], [-65.985671, -17.421054], [-65.986141, -17.421034], [-65.986611, -17.421014], [-65.98708, -17.420989], [-65.987549, -17.420957], [-65.988019, -17.420927], [-65.988488, -17.420906], [-65.988958, -17.420894], [-65.989428, -17.420888], [-65.989898, -17.420877], [-65.990368, -17.420861], [-65.990838, -17.420841], [-65.991307, -17.420815], [-65.991777, -17.420786], [-65.992246, -17.420761], [-65.992716, -17.420745], [-65.993185, -17.42072], [-65.993645, -17.420691], [-65.994114, -17.420656], [-65.994583, -17.420621], [-65.995052, -17.420589], [-65.995521, -17.420554], [-65.99599, -17.420521], [-65.996458, -17.420488], [-65.996927, -17.420451], [-65.997395, -17.420412], [-65.997863, -17.420365], [-65.998331, -17.420317], [-65.998798, -17.420271], [-65.999266, -17.420227], [-65.999734, -17.420177], [-66.000199, -17.420116], [-66.000666, -17.420059], [-66.001132, -17.420002], [-66.001599, -17.419945], [-66.002066, -17.419893], [-66.002533, -17.419845], [-66.003002, -17.419803], [-66.00347, -17.419768], [-66.003939, -17.41973], [-66.004406, -17.419677], [-66.004873, -17.419634], [-66.005334, -17.419646], [-66.005804, -17.419661], [-66.006274, -17.419676], [-66.006744, -17.419687], [-66.007214, -17.419704], [-66.007683, -17.41972], [-66.008153, -17.419737], [-66.008623, -17.419754], [-66.009093, -17.41977], [-66.009563, -17.419788], [-66.010033, -17.419811], [-66.010502, -17.419837], [-66.010971, -17.419863], [-66.011441, -17.419889], [-66.01191, -17.419915], [-66.01238, -17.41994], [-66.012849, -17.419962], [-66.013319, -17.419983], [-66.013789, -17.420004], [-66.014258, -17.420025], [-66.014728, -17.420047], [-66.015198, -17.420068], [-66.015667, -17.420089], [-66.016137, -17.42011], [-66.016607, -17.420132], [-66.017076, -17.420113], [-66.017545, -17.420078], [-66.018013, -17.420044], [-66.018481, -17.419999], [-66.018949, -17.419954], [-66.019417, -17.419909], [-66.019884, -17.419858], [-66.020346, -17.419772], [-66.020806, -17.419681], [-66.021263, -17.419573], [-66.021716, -17.419454], [-66.02217, -17.419334], [-66.022631, -17.419261], [-66.023101, -17.419233], [-66.02357, -17.419204], [-66.024028, -17.419106], [-66.024475, -17.418965], [-66.024924, -17.418833], [-66.025381, -17.418725], [-66.025842, -17.418641], [-66.026306, -17.418567], [-66.026769, -17.418489], [-66.027233, -17.418412], [-66.027696, -17.418337], [-66.028158, -17.41825], [-66.028619, -17.418165], [-66.029083, -17.418091], [-66.029542, -17.417995], [-66.029988, -17.417882], [-66.030442, -17.417766], [-66.030897, -17.41765], [-66.031347, -17.41752], [-66.031795, -17.417383], [-66.032247, -17.417259], [-66.0327, -17.417137], [-66.033156, -17.417028], [-66.033618, -17.416947], [-66.034083, -17.416876], [-66.03455, -17.416825], [-66.035018, -17.416779], [-66.035484, -17.416721], [-66.035951, -17.416667], [-66.036417, -17.416612], [-66.036883, -17.416549], [-66.037348, -17.416484], [-66.037813, -17.416418], [-66.038278, -17.41635], [-66.03874, -17.416264], [-66.039205, -17.416203], [-66.03967, -17.416139], [-66.040136, -17.416073], [-66.0406, -17.416003], [-66.041066, -17.415945], [-66.041533, -17.415889], [-66.041998, -17.415822], [-66.042462, -17.415754], [-66.042928, -17.415692], [-66.043394, -17.415629], [-66.043861, -17.415576], [-66.044328, -17.415524], [-66.044784, -17.415418], [-66.045241, -17.41531], [-66.045696, -17.415196], [-66.046148, -17.415077], [-66.04661, -17.414992], [-66.047075, -17.414924], [-66.047533, -17.414886], [-66.048002, -17.414849], [-66.048472, -17.414839], [-66.048941, -17.414814], [-66.049408, -17.414762], [-66.049875, -17.414718], [-66.050344, -17.414688], [-66.050813, -17.414653], [-66.051272, -17.414609], [-66.05174, -17.414571], [-66.052206, -17.414517], [-66.052669, -17.414438], [-66.053128, -17.414341], [-66.053589, -17.414249], [-66.054051, -17.414166], [-66.054509, -17.414071], [-66.054948, -17.413937], [-66.055411, -17.41386], [-66.055877, -17.413807], [-66.056346, -17.413772], [-66.056815, -17.413738], [-66.057283, -17.413699], [-66.057752, -17.413662], [-66.05822, -17.413624], [-66.05868, -17.413643], [-66.05915, -17.413665], [-66.059615, -17.413618], [-66.060083, -17.413569], [-66.06055, -17.413522], [-66.061018, -17.413481], [-66.061488, -17.413461], [-66.061958, -17.413443], [-66.062427, -17.41342], [-66.062897, -17.413393], [-66.063365, -17.413357], [-66.063834, -17.413318], [-66.064302, -17.413273], [-66.064759, -17.413265], [-66.065222, -17.413202], [-66.065691, -17.413169], [-66.066159, -17.413123], [-66.066627, -17.41308], [-66.067095, -17.413035], [-66.067562, -17.412984], [-66.068029, -17.412933], [-66.068496, -17.412882], [-66.068961, -17.412816], [-66.069427, -17.412758], [-66.069895, -17.412711], [-66.070362, -17.412664], [-66.07083, -17.412617], [-66.071297, -17.412566], [-66.071763, -17.412507], [-66.072229, -17.412443], [-66.072692, -17.412367], [-66.073158, -17.412306], [-66.073624, -17.412251], [-66.074091, -17.412196], [-66.074558, -17.41214], [-66.075025, -17.41209], [-66.075493, -17.412047], [-66.075962, -17.412016], [-66.07643, -17.411974], [-66.076897, -17.411924], [-66.077365, -17.41188], [-66.077833, -17.411836], [-66.078301, -17.411792], [-66.078769, -17.411748], [-66.079237, -17.411706], [-66.079703, -17.411647], [-66.080168, -17.411582], [-66.080633, -17.411518], [-66.081099, -17.411456], [-66.081565, -17.411398], [-66.082024, -17.4113], [-66.082491, -17.411298], [-66.082961, -17.411292], [-66.08343, -17.411268], [-66.083899, -17.411231], [-66.084367, -17.411189], [-66.084834, -17.411141], [-66.085292, -17.411088], [-66.08576, -17.411045], [-66.086228, -17.411004], [-66.086696, -17.41096], [-66.087163, -17.410913], [-66.087631, -17.410865], [-66.088098, -17.410816], [-66.088566, -17.410767], [-66.089031, -17.410709], [-66.089501, -17.410715], [-66.08997, -17.41074], [-66.090439, -17.410775], [-66.090905, -17.410831], [-66.091366, -17.41092], [-66.09183, -17.410952], [-66.092298, -17.410963], [-66.092766, -17.411007], [-66.093234, -17.41105], [-66.093702, -17.411094], [-66.09417, -17.411133], [-66.094639, -17.411164], [-66.095109, -17.411193], [-66.095578, -17.41122], [-66.095819, -17.411234], [-66.096047, -17.411248], [-66.096237, -17.410906], [-66.096275, -17.410456], [-66.09631, -17.410006], [-66.096344, -17.409556], [-66.096391, -17.409107], [-66.096593, -17.408703], [-66.096862, -17.408333], [-66.097249, -17.408171], [-66.097719, -17.408193], [-66.098188, -17.408217], [-66.098658, -17.408243], [-66.099127, -17.408269], [-66.099596, -17.408306], [-66.100064, -17.408343], [-66.100533, -17.408381], [-66.101001, -17.408418], [-66.10147, -17.408454], [-66.101939, -17.40848], [-66.102408, -17.408506], [-66.102878, -17.408532], [-66.103347, -17.408558], [-66.103817, -17.408581], [-66.104282, -17.408645], [-66.104747, -17.408713], [-66.105208, -17.408797], [-66.105668, -17.408891], [-66.106128, -17.408984], [-66.106588, -17.409076], [-66.107046, -17.409178], [-66.107502, -17.409288], [-66.107958, -17.4094], [-66.108413, -17.409513], [-66.108869, -17.409624], [-66.109324, -17.409737], [-66.109778, -17.409852], [-66.110233, -17.409965], [-66.110688, -17.410079], [-66.111144, -17.410192], [-66.111595, -17.410318], [-66.112034, -17.410451], [-66.112448, -17.410658], [-66.112789, -17.410941], [-66.11313, -17.41121], [-66.11345, -17.411476], [-66.113758, -17.411727], [-66.114067, -17.411964], [-66.114389, -17.412227], [-66.114729, -17.412498], [-66.115064, -17.412814], [-66.115308, -17.413199], [-66.115385, -17.413643], [-66.115447, -17.41409], [-66.115489, -17.41454], [-66.115576, -17.414963], [-66.115779, -17.415351], [-66.115938, -17.415756], [-66.116026, -17.416171], [-66.116071, -17.416602], [-66.116089, -17.417026], [-66.116118, -17.417431], [-66.116136, -17.417855], [-66.116142, -17.418279], [-66.116137, -17.418712], [-66.116165, -17.419153], [-66.116216, -17.419593], [-66.116277, -17.42004], [-66.116309, -17.420463], [-66.116425, -17.4209], [-66.116589, -17.421322], [-66.116742, -17.421739], [-66.116739, -17.422185], [-66.116607, -17.422618], [-66.116482, -17.423044], [-66.116341, -17.423474], [-66.116213, -17.423908], [-66.116148, -17.424355], [-66.116093, -17.424803], [-66.116039, -17.425242], [-66.115981, -17.42569], [-66.115974, -17.426131], [-66.116023, -17.426552], [-66.116069, -17.426992], [-66.11599, -17.427425], [-66.115752, -17.427814], [-66.115596, -17.428234], [-66.115516, -17.428679], [-66.115438, -17.429124], [-66.11536, -17.429569], [-66.115359, -17.430015], [-66.1156, -17.430401], [-66.115841, -17.430788], [-66.116046, -17.431194], [-66.11618, -17.431626], [-66.116252, -17.432071], [-66.116268, -17.432522], [-66.11628, -17.432973], [-66.116311, -17.433423], [-66.116324, -17.433875], [-66.116341, -17.434326], [-66.116368, -17.434776], [-66.116394, -17.435227], [-66.116417, -17.435669], [-66.116434, -17.43612], [-66.116452, -17.436571], [-66.11647, -17.437022], [-66.116491, -17.437473], [-66.116511, -17.437924], [-66.116531, -17.438375], [-66.116549, -17.438825], [-66.116567, -17.439277], [-66.116587, -17.439728], [-66.116606, -17.440178], [-66.116629, -17.440629], [-66.116652, -17.44108], [-66.116675, -17.441531], [-66.116697, -17.441982], [-66.116714, -17.442433], [-66.116731, -17.442884], [-66.116752, -17.443335], [-66.116773, -17.443786], [-66.116793, -17.444237], [-66.116812, -17.444688], [-66.116831, -17.445138], [-66.116854, -17.445589], [-66.116867, -17.445813], [-66.11688, -17.44604], [-66.117266, -17.446219], [-66.117732, -17.44628], [-66.118194, -17.446357], [-66.118636, -17.44651], [-66.119045, -17.446726], [-66.119482, -17.446893], [-66.119675, -17.446981], [-66.119904, -17.447087], [-66.120098, -17.447491], [-66.120231, -17.447924], [-66.120377, -17.448353], [-66.12053, -17.448779], [-66.120702, -17.449199], [-66.120866, -17.449622], [-66.120886, -17.450053], [-66.120642, -17.450439], [-66.120408, -17.45082], [-66.120186, -17.451218], [-66.119965, -17.451616], [-66.119742, -17.452013], [-66.119523, -17.452413], [-66.119302, -17.452811], [-66.119082, -17.45321], [-66.118861, -17.453608], [-66.118641, -17.454007], [-66.118432, -17.454412], [-66.11823, -17.454819], [-66.118251, -17.455009], [-66.118276, -17.455237], [-66.118545, -17.45544]]]}}
]
}
