{
"type": "FeatureCollection",
"features": [
{"type": "Feature", "properties": {"ProjectID": "P5390", "OBJECTID_1": 44, "OBJECTID": 44, "NAME": "OMO Mansoya Orito:Mansoya - Santa Ana", "ROUTE_NAME": "Mansoya - Santa Ana", "DESIGNATOR": "OMO Mansoya Orito", "OPERATING_": "ACTIVE", "Tipo": "Oleoducto", "Shape_Leng": 35674.6636553, "Shape_Length": 35674.79334674996}, "geometry": {"type": "LineString", "coordinates": [[-76.568664, 0.592476], [-76.568661, 0.59249], [-76.568659, 0.592505], [-76.568657, 0.59251], [-76.568653, 0.592526], [-76.568648, 0.592547], [-76.568648, 0.592549], [-76.568646, 0.592552], [-76.568645, 0.592554], [-76.568644, 0.592556], [-76.568641, 0.592558], [-76.568587, 0.592619], [-76.568585, 0.59262], [-76.568584, 0.592622], [-76.568582, 0.592625], [-76.568582, 0.592627], [-76.568576, 0.592648], [-76.568567, 0.592677], [-76.568564, 0.592687], [-76.568557, 0.592709], [-76.568549, 0.59273], [-76.568546, 0.59274], [-76.568541, 0.592752], [-76.568531, 0.592778], [-76.568517, 0.592808], [-76.568502, 0.592841], [-76.568454, 0.592943], [-76.56841, 0.593037], [-76.568402, 0.593053], [-76.56839, 0.593079], [-76.568377, 0.593108], [-76.568368, 0.59313], [-76.568344, 0.59319], [-76.568332, 0.593219], [-76.568326, 0.593234], [-76.568317, 0.593258], [-76.568308, 0.593287], [-76.568294, 0.593329], [-76.568284, 0.593362], [-76.568279, 0.593381], [-76.568263, 0.593436], [-76.568245, 0.593504], [-76.568232, 0.593548], [-76.568227, 0.593567], [-76.568218, 0.593599], [-76.568204, 0.593642], [-76.568194, 0.593675], [-76.568182, 0.593709], [-76.568171, 0.593744], [-76.568154, 0.593799], [-76.568149, 0.593813], [-76.568135, 0.593853], [-76.568122, 0.593891], [-76.568113, 0.593918], [-76.568093, 0.593972], [-76.568084, 0.594], [-76.568071, 0.594033], [-76.568069, 0.59404], [-76.568041, 0.594115], [-76.568012, 0.594197], [-76.56796, 0.594342], [-76.567946, 0.594382], [-76.567925, 0.594445], [-76.56791, 0.594487], [-76.567882, 0.594572], [-76.567878, 0.594583], [-76.567829, 0.594733], [-76.567784, 0.594866], [-76.567722, 0.595056], [-76.567713, 0.595086], [-76.567706, 0.59511], [-76.567699, 0.595137], [-76.567687, 0.59518], [-76.567675, 0.595226], [-76.567661, 0.595282], [-76.567653, 0.595312], [-76.567646, 0.595344], [-76.567639, 0.595376], [-76.567633, 0.595405], [-76.567629, 0.595426], [-76.567628, 0.595437], [-76.567624, 0.595461], [-76.567623, 0.595471], [-76.567622, 0.595476], [-76.567623, 0.595482], [-76.567623, 0.595485], [-76.567625, 0.595492], [-76.567626, 0.595497], [-76.567629, 0.595502], [-76.567636, 0.595515], [-76.567643, 0.595527], [-76.567653, 0.595545], [-76.567659, 0.595554], [-76.567668, 0.595568], [-76.567678, 0.595581], [-76.567684, 0.595589], [-76.567698, 0.595606], [-76.56771, 0.59562], [-76.56772, 0.595631], [-76.567732, 0.595644], [-76.567749, 0.595662], [-76.56776, 0.595673], [-76.567785, 0.595699], [-76.567793, 0.595706], [-76.567821, 0.595733], [-76.567889, 0.595796], [-76.56792, 0.595826], [-76.567956, 0.59586], [-76.56797, 0.595874], [-76.567996, 0.595899], [-76.568007, 0.59591], [-76.568023, 0.595927], [-76.56804, 0.595944], [-76.56806, 0.595966], [-76.568104, 0.596013], [-76.568138, 0.596048], [-76.568169, 0.596082], [-76.56818, 0.596094], [-76.568202, 0.596118], [-76.568221, 0.596139], [-76.56823, 0.59615], [-76.568251, 0.596177], [-76.568262, 0.59619], [-76.568274, 0.596205], [-76.568291, 0.596227], [-76.568321, 0.596268], [-76.568351, 0.596309], [-76.568357, 0.596318], [-76.568366, 0.596331], [-76.568384, 0.596357], [-76.568396, 0.596377], [-76.56841, 0.5964], [-76.568441, 0.596453], [-76.56846, 0.596484], [-76.56848, 0.596516], [-76.568499, 0.596547], [-76.568534, 0.596607], [-76.568576, 0.596678], [-76.568614, 0.596743], [-76.568647, 0.596798], [-76.568691, 0.596871], [-76.568724, 0.596926], [-76.568754, 0.596976], [-76.568802, 0.597057], [-76.568856, 0.597149], [-76.568895, 0.597215], [-76.568917, 0.597255], [-76.568936, 0.597288], [-76.568958, 0.597328], [-76.56906, 0.597506], [-76.569121, 0.59761], [-76.569138, 0.597639], [-76.569174, 0.597698], [-76.569243, 0.597814], [-76.56929, 0.597893], [-76.569349, 0.597995], [-76.569372, 0.598034], [-76.569386, 0.598057], [-76.569421, 0.598118], [-76.569523, 0.59829], [-76.56956, 0.598351], [-76.569582, 0.598387], [-76.569609, 0.59843], [-76.569614, 0.598438], [-76.569625, 0.598456], [-76.569627, 0.598459], [-76.569628, 0.598461], [-76.56963, 0.598465], [-76.56963, 0.598466], [-76.56963, 0.59847], [-76.56963, 0.598482], [-76.569629, 0.598487], [-76.569627, 0.598509], [-76.569614, 0.598618], [-76.569607, 0.598672], [-76.569603, 0.598707], [-76.569602, 0.598712], [-76.569602, 0.598716], [-76.569602, 0.59872], [-76.569603, 0.598739], [-76.569604, 0.598743], [-76.569605, 0.598745], [-76.569607, 0.598749], [-76.569608, 0.598752], [-76.569627, 0.598781], [-76.56965, 0.598817], [-76.569666, 0.598842], [-76.569688, 0.598878], [-76.569715, 0.598923], [-76.569735, 0.598957], [-76.569756, 0.598993], [-76.569784, 0.599041], [-76.569794, 0.59906], [-76.569809, 0.599088], [-76.569819, 0.599107], [-76.569839, 0.599145], [-76.569864, 0.599191], [-76.569885, 0.599229], [-76.569922, 0.599296], [-76.56994, 0.599328], [-76.569951, 0.599347], [-76.56996, 0.599363], [-76.569985, 0.599403], [-76.570068, 0.599537], [-76.570106, 0.5996], [-76.57012, 0.599623], [-76.570159, 0.599685], [-76.570185, 0.599727], [-76.570228, 0.599799], [-76.570284, 0.599892], [-76.570312, 0.599939], [-76.570337, 0.599981], [-76.570367, 0.600033], [-76.570403, 0.600092], [-76.570467, 0.600197], [-76.570522, 0.600285], [-76.570538, 0.60031], [-76.570564, 0.600354], [-76.570588, 0.600395], [-76.570613, 0.600437], [-76.570634, 0.600474], [-76.570682, 0.600559], [-76.570697, 0.600584], [-76.570705, 0.600599], [-76.570719, 0.600621], [-76.570784, 0.600726], [-76.570801, 0.600753], [-76.570812, 0.600772], [-76.570836, 0.600813], [-76.570877, 0.600884], [-76.570896, 0.600916], [-76.570977, 0.601052], [-76.571019, 0.601122], [-76.571043, 0.601161], [-76.571131, 0.601304], [-76.571191, 0.6014], [-76.571212, 0.601433], [-76.571263, 0.601518], [-76.571284, 0.601554], [-76.571306, 0.601591], [-76.571397, 0.601739], [-76.571408, 0.601758], [-76.571422, 0.601781], [-76.571474, 0.601873], [-76.57151, 0.601936], [-76.571543, 0.601993], [-76.571582, 0.602061], [-76.571598, 0.602088], [-76.571609, 0.602106], [-76.571639, 0.602152], [-76.571682, 0.60222], [-76.571725, 0.602286], [-76.571753, 0.602331], [-76.571787, 0.602385], [-76.571836, 0.602465], [-76.571907, 0.602582], [-76.57193, 0.602621], [-76.571945, 0.602646], [-76.571966, 0.602683], [-76.572054, 0.602839], [-76.572091, 0.602903], [-76.572117, 0.602948], [-76.572134, 0.602976], [-76.572173, 0.603043], [-76.572189, 0.603069], [-76.572214, 0.603109], [-76.572266, 0.603195], [-76.572321, 0.603281], [-76.57235, 0.603329], [-76.572381, 0.603378], [-76.572433, 0.603463], [-76.572506, 0.603581], [-76.572581, 0.6037], [-76.572608, 0.603743], [-76.572624, 0.603769], [-76.572639, 0.603794], [-76.572661, 0.60383], [-76.572674, 0.603854], [-76.572755, 0.603992], [-76.572789, 0.604049], [-76.572809, 0.604083], [-76.572845, 0.604143], [-76.572873, 0.604189], [-76.572913, 0.604252], [-76.57295, 0.604311], [-76.573006, 0.604403], [-76.573028, 0.604439], [-76.573049, 0.604472], [-76.573072, 0.604507], [-76.573091, 0.604537], [-76.573118, 0.60458], [-76.573133, 0.604605], [-76.573142, 0.604622], [-76.573158, 0.604649], [-76.573188, 0.604703], [-76.573205, 0.604734], [-76.57322, 0.604765], [-76.573227, 0.604778], [-76.573247, 0.604818], [-76.573263, 0.604854], [-76.573274, 0.604876], [-76.573286, 0.604905], [-76.573332, 0.605009], [-76.573342, 0.605031], [-76.573359, 0.605069], [-76.573371, 0.605099], [-76.573374, 0.605107], [-76.573385, 0.605137], [-76.573392, 0.605158], [-76.573395, 0.605169], [-76.573402, 0.605189], [-76.573408, 0.605209], [-76.573411, 0.605221], [-76.573416, 0.605241], [-76.573421, 0.605263], [-76.573424, 0.605275], [-76.573428, 0.605296], [-76.573431, 0.605311], [-76.573434, 0.605333], [-76.57344, 0.605372], [-76.573449, 0.60543], [-76.573452, 0.605454], [-76.573459, 0.605498], [-76.573465, 0.605539], [-76.573474, 0.6056], [-76.573483, 0.605656], [-76.573485, 0.605673], [-76.573493, 0.605734], [-76.573499, 0.605777], [-76.573501, 0.605795], [-76.573508, 0.605862], [-76.57351, 0.605887], [-76.573511, 0.605902], [-76.573512, 0.605929], [-76.573515, 0.606009], [-76.573516, 0.606051], [-76.573517, 0.606085], [-76.573517, 0.606129], [-76.573515, 0.606289], [-76.573513, 0.606354], [-76.573513, 0.606379], [-76.573513, 0.606411], [-76.573513, 0.606437], [-76.573513, 0.606484], [-76.573513, 0.60653], [-76.573512, 0.606556], [-76.573511, 0.606619], [-76.57351, 0.606651], [-76.573511, 0.606676], [-76.573512, 0.606712], [-76.573513, 0.606735], [-76.573515, 0.606769], [-76.573517, 0.606794], [-76.573518, 0.606817], [-76.573518, 0.606839], [-76.573518, 0.606854], [-76.573518, 0.606865], [-76.573518, 0.606889], [-76.573518, 0.606914], [-76.573517, 0.606942], [-76.573514, 0.60698], [-76.573511, 0.607023], [-76.573508, 0.607074], [-76.573504, 0.607171], [-76.573503, 0.607212], [-76.573502, 0.607248], [-76.573502, 0.607281], [-76.573502, 0.607321], [-76.573502, 0.607343], [-76.573503, 0.607368], [-76.573505, 0.607402], [-76.573506, 0.607426], [-76.573507, 0.607444], [-76.57351, 0.607491], [-76.573515, 0.607556], [-76.573517, 0.607584], [-76.573517, 0.607606], [-76.573518, 0.607676], [-76.573519, 0.607789], [-76.573521, 0.607905], [-76.573522, 0.607941], [-76.573523, 0.608003], [-76.573523, 0.608043], [-76.573523, 0.608136], [-76.573525, 0.608236], [-76.573526, 0.608278], [-76.57353, 0.608398], [-76.573532, 0.608457], [-76.573532, 0.608482], [-76.573532, 0.608502], [-76.57353, 0.60857], [-76.57353, 0.608614], [-76.573531, 0.60865], [-76.573532, 0.608706], [-76.573534, 0.608781], [-76.573536, 0.608826], [-76.573537, 0.608849], [-76.57354, 0.608896], [-76.573544, 0.608962], [-76.573547, 0.609003], [-76.573551, 0.609069], [-76.573557, 0.609194], [-76.57356, 0.60926], [-76.573564, 0.609365], [-76.573567, 0.609465], [-76.573568, 0.6095], [-76.573568, 0.609519], [-76.573568, 0.609543], [-76.573565, 0.609597], [-76.573565, 0.609602], [-76.573564, 0.609606], [-76.573558, 0.609662], [-76.573555, 0.609686], [-76.573551, 0.609721], [-76.573549, 0.609745], [-76.573548, 0.609755], [-76.573548, 0.609776], [-76.573547, 0.609787], [-76.573547, 0.609808], [-76.573548, 0.609821], [-76.573549, 0.609852], [-76.57355, 0.609888], [-76.573553, 0.609932], [-76.573556, 0.609994], [-76.57356, 0.610046], [-76.57356, 0.610061], [-76.57356, 0.610077], [-76.573559, 0.610147], [-76.573558, 0.610159], [-76.573558, 0.610166], [-76.573553, 0.610226], [-76.573549, 0.610255], [-76.573545, 0.610291], [-76.573543, 0.61031], [-76.573541, 0.610329], [-76.57354, 0.610354], [-76.573538, 0.610384], [-76.573536, 0.610443], [-76.573534, 0.610518], [-76.573533, 0.610571], [-76.573533, 0.610604], [-76.573533, 0.610693], [-76.573533, 0.61073], [-76.573534, 0.610741], [-76.573535, 0.610751], [-76.573536, 0.610761], [-76.573538, 0.610771], [-76.573541, 0.610781], [-76.573544, 0.61079], [-76.573547, 0.610796], [-76.573555, 0.610817], [-76.573567, 0.610844], [-76.573571, 0.610854], [-76.573595, 0.610899], [-76.573603, 0.610913], [-76.573631, 0.610962], [-76.573637, 0.610974], [-76.57365, 0.610998], [-76.573656, 0.61101], [-76.573664, 0.611027], [-76.573685, 0.611073], [-76.573712, 0.611136], [-76.57373, 0.611176], [-76.573732, 0.611182], [-76.573735, 0.611188], [-76.57374, 0.611202], [-76.573749, 0.611231], [-76.573756, 0.611249], [-76.573763, 0.611272], [-76.573775, 0.611309], [-76.573778, 0.61132], [-76.57378, 0.611329], [-76.573782, 0.611338], [-76.573782, 0.611343], [-76.573784, 0.611356], [-76.573787, 0.61139], [-76.573787, 0.6114], [-76.573787, 0.611446], [-76.573787, 0.611538], [-76.573788, 0.611563], [-76.573792, 0.611701], [-76.573793, 0.611784], [-76.573793, 0.61182], [-76.573793, 0.611902], [-76.573793, 0.611946], [-76.573793, 0.611972], [-76.573794, 0.611983], [-76.573795, 0.612006], [-76.573796, 0.612026], [-76.573797, 0.612038], [-76.5738, 0.612071], [-76.573802, 0.612081], [-76.573804, 0.612092], [-76.573806, 0.612103], [-76.573813, 0.61213], [-76.573837, 0.612215], [-76.57384, 0.612225], [-76.573856, 0.612276], [-76.573867, 0.612312], [-76.573876, 0.612345], [-76.573881, 0.612362], [-76.573895, 0.612418], [-76.573918, 0.612506], [-76.573953, 0.612648], [-76.573959, 0.612672], [-76.573966, 0.612698], [-76.573975, 0.612732], [-76.573981, 0.612751], [-76.573987, 0.612771], [-76.574001, 0.612819], [-76.574013, 0.612857], [-76.574018, 0.612875], [-76.574026, 0.612905], [-76.574033, 0.612931], [-76.574036, 0.612943], [-76.574038, 0.612955], [-76.574041, 0.612976], [-76.574043, 0.612992], [-76.574047, 0.613021], [-76.574048, 0.613031], [-76.574049, 0.613043], [-76.574049, 0.613055], [-76.574049, 0.613062], [-76.574049, 0.613127], [-76.574048, 0.613219], [-76.574048, 0.613323], [-76.574048, 0.613357], [-76.574048, 0.61345], [-76.574048, 0.613544], [-76.574048, 0.613577], [-76.574048, 0.613629], [-76.574049, 0.613686], [-76.574048, 0.613811], [-76.574048, 0.61389], [-76.574049, 0.613936], [-76.574049, 0.61396], [-76.574051, 0.614014], [-76.574051, 0.614025], [-76.574051, 0.614047], [-76.574051, 0.614062], [-76.57405, 0.614071], [-76.574049, 0.614086], [-76.574047, 0.614132], [-76.574045, 0.614159], [-76.574043, 0.614217], [-76.574042, 0.614233], [-76.57404, 0.614262], [-76.574039, 0.614276], [-76.574038, 0.614294], [-76.574035, 0.614322], [-76.574029, 0.614373], [-76.57402, 0.614456], [-76.574013, 0.614525], [-76.574009, 0.614567], [-76.574007, 0.614595], [-76.574005, 0.614621], [-76.574005, 0.614636], [-76.574005, 0.614663], [-76.574005, 0.614687], [-76.574007, 0.614745], [-76.574008, 0.614807], [-76.57401, 0.614858], [-76.574012, 0.614897], [-76.574019, 0.615002], [-76.574023, 0.615043], [-76.574026, 0.615077], [-76.574027, 0.615087], [-76.57403, 0.6151], [-76.574032, 0.615109], [-76.574042, 0.615148], [-76.574066, 0.615241], [-76.574086, 0.615316], [-76.574094, 0.615347], [-76.574104, 0.615383], [-76.574115, 0.615429], [-76.574123, 0.615455], [-76.574138, 0.615508], [-76.574169, 0.615609], [-76.57418, 0.615648], [-76.574182, 0.615656], [-76.57419, 0.615688], [-76.574196, 0.615717], [-76.574203, 0.615748], [-76.574213, 0.615798], [-76.574219, 0.61583], [-76.574226, 0.61586], [-76.574234, 0.615891], [-76.574238, 0.615906], [-76.574248, 0.615944], [-76.574278, 0.616052], [-76.574293, 0.616107], [-76.574309, 0.61617], [-76.574318, 0.616207], [-76.57433, 0.616254], [-76.574356, 0.616358], [-76.574365, 0.616394], [-76.574371, 0.616417], [-76.574422, 0.616616], [-76.574444, 0.616706], [-76.574469, 0.616805], [-76.574478, 0.616836], [-76.574481, 0.616849], [-76.574506, 0.616933], [-76.574517, 0.61697], [-76.574533, 0.61703], [-76.574542, 0.617064], [-76.574549, 0.61709], [-76.574561, 0.617137], [-76.574573, 0.617187], [-76.574581, 0.61722], [-76.574592, 0.617263], [-76.574604, 0.617313], [-76.574618, 0.617375], [-76.574624, 0.6174], [-76.574635, 0.617448], [-76.574644, 0.617488], [-76.574655, 0.617533], [-76.574673, 0.617602], [-76.574681, 0.617636], [-76.574687, 0.617664], [-76.574703, 0.617741], [-76.574706, 0.617755], [-76.574709, 0.61777], [-76.574715, 0.617795], [-76.574724, 0.617828], [-76.574733, 0.617862], [-76.574757, 0.617944], [-76.574782, 0.618025], [-76.574788, 0.618048], [-76.574803, 0.6181], [-76.574813, 0.618138], [-76.574822, 0.618171], [-76.574835, 0.618225], [-76.574846, 0.618274], [-76.574861, 0.618337], [-76.57488, 0.618419], [-76.574885, 0.61844], [-76.574895, 0.618479], [-76.574901, 0.618499], [-76.574919, 0.618567], [-76.574941, 0.61865], [-76.57496, 0.618721], [-76.574969, 0.61876], [-76.574981, 0.618811], [-76.575004, 0.618914], [-76.575007, 0.618925], [-76.57501, 0.618935], [-76.575017, 0.618961], [-76.575027, 0.618993], [-76.575038, 0.619024], [-76.575047, 0.61905], [-76.575054, 0.61907], [-76.57506, 0.619087], [-76.575079, 0.619136], [-76.575105, 0.619204], [-76.575118, 0.619239], [-76.575131, 0.619273], [-76.575142, 0.619304], [-76.575154, 0.619341], [-76.575162, 0.619364], [-76.57517, 0.619389], [-76.575185, 0.619439], [-76.575201, 0.619492], [-76.575215, 0.619538], [-76.575226, 0.619571], [-76.575245, 0.619625], [-76.575256, 0.619657], [-76.575273, 0.619704], [-76.575281, 0.619726], [-76.575284, 0.619735], [-76.575289, 0.619746], [-76.575305, 0.619783], [-76.575319, 0.619814], [-76.575329, 0.619837], [-76.575344, 0.619868], [-76.575366, 0.619914], [-76.575384, 0.619949], [-76.575407, 0.619994], [-76.575418, 0.620016], [-76.575432, 0.620046], [-76.575448, 0.620081], [-76.575463, 0.620114], [-76.575476, 0.620144], [-76.57549, 0.620177], [-76.575516, 0.620245], [-76.575528, 0.620274], [-76.575539, 0.620302], [-76.575545, 0.620315], [-76.575556, 0.620339], [-76.575567, 0.620362], [-76.575585, 0.620398], [-76.575588, 0.620402], [-76.575593, 0.62041], [-76.575596, 0.620414], [-76.575599, 0.620418], [-76.575602, 0.620422], [-76.575606, 0.620426], [-76.57561, 0.62043], [-76.575614, 0.620434], [-76.575618, 0.620438], [-76.575649, 0.620463], [-76.575673, 0.620483], [-76.575713, 0.620517], [-76.575739, 0.62054], [-76.575742, 0.620542], [-76.575748, 0.620549], [-76.575751, 0.620552], [-76.575756, 0.620559], [-76.575761, 0.620566], [-76.575763, 0.62057], [-76.575767, 0.620577], [-76.575769, 0.620581], [-76.575772, 0.62059], [-76.575788, 0.620638], [-76.5758, 0.620677], [-76.575819, 0.62074], [-76.575848, 0.620836], [-76.575854, 0.620856], [-76.575866, 0.620898], [-76.575879, 0.620942], [-76.575888, 0.620977], [-76.575907, 0.621044], [-76.575922, 0.621096], [-76.57593, 0.621129], [-76.57595, 0.621204], [-76.575959, 0.621239], [-76.575976, 0.621296], [-76.575988, 0.621336], [-76.575996, 0.621365], [-76.576006, 0.621394], [-76.576021, 0.62144], [-76.576034, 0.621477], [-76.576049, 0.621523], [-76.576061, 0.621559], [-76.576087, 0.621638], [-76.576115, 0.621727], [-76.576147, 0.621821], [-76.576158, 0.621856], [-76.576169, 0.621889], [-76.576182, 0.621933], [-76.576198, 0.621986], [-76.576225, 0.62208], [-76.576233, 0.622105], [-76.576251, 0.62216], [-76.57626, 0.622189], [-76.576269, 0.622223], [-76.576281, 0.622268], [-76.576295, 0.622317], [-76.576305, 0.622353], [-76.576323, 0.622414], [-76.57637, 0.622567], [-76.576391, 0.622637], [-76.576412, 0.622708], [-76.576439, 0.622799], [-76.576492, 0.622972], [-76.576511, 0.623036], [-76.576527, 0.623087], [-76.576576, 0.623235], [-76.576607, 0.623334], [-76.576622, 0.62338], [-76.576628, 0.623398], [-76.576639, 0.623433], [-76.576655, 0.623488], [-76.576662, 0.623511], [-76.576673, 0.623545], [-76.576696, 0.623612], [-76.576701, 0.623627], [-76.576718, 0.623684], [-76.576728, 0.623715], [-76.576732, 0.62373], [-76.576738, 0.623751], [-76.576762, 0.623844], [-76.576767, 0.623865], [-76.576779, 0.623917], [-76.576785, 0.623941], [-76.576791, 0.623963], [-76.576803, 0.624007], [-76.576808, 0.624022], [-76.576819, 0.624067], [-76.576825, 0.624089], [-76.576831, 0.624107], [-76.576836, 0.624124], [-76.576843, 0.624143], [-76.576853, 0.624168], [-76.576863, 0.624193], [-76.576873, 0.624222], [-76.576878, 0.624236], [-76.576897, 0.624294], [-76.576903, 0.624311], [-76.576911, 0.624337], [-76.576917, 0.624356], [-76.57692, 0.624369], [-76.576925, 0.624387], [-76.576929, 0.624408], [-76.576932, 0.624419], [-76.576936, 0.624445], [-76.576938, 0.624456], [-76.57694, 0.624467], [-76.576942, 0.624485], [-76.576943, 0.62449], [-76.576942, 0.624496], [-76.576941, 0.624502], [-76.576938, 0.624516], [-76.576933, 0.624538], [-76.576926, 0.624568], [-76.57691, 0.624627], [-76.576905, 0.624649], [-76.576895, 0.624692], [-76.576871, 0.624794], [-76.576868, 0.624808], [-76.576857, 0.624851], [-76.576843, 0.624912], [-76.576835, 0.624944], [-76.576819, 0.625005], [-76.576788, 0.625122], [-76.576776, 0.625165], [-76.576768, 0.625191], [-76.576758, 0.625226], [-76.576736, 0.625295], [-76.576715, 0.62536], [-76.576692, 0.625429], [-76.576661, 0.625518], [-76.576608, 0.625668], [-76.576572, 0.625769], [-76.576548, 0.625834], [-76.576517, 0.625925], [-76.576471, 0.626052], [-76.576457, 0.626089], [-76.576401, 0.626239], [-76.57636, 0.626351], [-76.576348, 0.626383], [-76.576325, 0.626448], [-76.576292, 0.626538], [-76.576274, 0.626591], [-76.57626, 0.62663], [-76.57625, 0.626655], [-76.576225, 0.62672], [-76.576208, 0.626766], [-76.576186, 0.626826], [-76.576167, 0.626877], [-76.576159, 0.626899], [-76.576144, 0.626938], [-76.576137, 0.626955], [-76.576114, 0.627012], [-76.576099, 0.62705], [-76.576089, 0.627076], [-76.576072, 0.627119], [-76.576046, 0.627179], [-76.576006, 0.627277], [-76.57599, 0.627316], [-76.575983, 0.627332], [-76.575951, 0.627403], [-76.575931, 0.627451], [-76.575892, 0.627538], [-76.57587, 0.627587], [-76.575845, 0.627641], [-76.575826, 0.627683], [-76.575801, 0.627739], [-76.575758, 0.627836], [-76.575735, 0.627887], [-76.575693, 0.62798], [-76.575674, 0.628025], [-76.57566, 0.628059], [-76.575655, 0.628071], [-76.57565, 0.628083], [-76.575637, 0.628119], [-76.575614, 0.628178], [-76.575603, 0.62821], [-76.575596, 0.628228], [-76.575582, 0.628269], [-76.57557, 0.628307], [-76.575561, 0.628333], [-76.57555, 0.628368], [-76.575545, 0.628383], [-76.575535, 0.628416], [-76.5755, 0.62854], [-76.57548, 0.628609], [-76.575455, 0.628704], [-76.575433, 0.628783], [-76.575423, 0.628823], [-76.575405, 0.62889], [-76.575393, 0.628938], [-76.575383, 0.628975], [-76.575379, 0.62899], [-76.575355, 0.629074], [-76.575334, 0.629149], [-76.575319, 0.629199], [-76.575298, 0.629275], [-76.575288, 0.629311], [-76.575274, 0.629355], [-76.575264, 0.629388], [-76.575249, 0.629433], [-76.575238, 0.629465], [-76.575225, 0.629503], [-76.575216, 0.629529], [-76.575211, 0.629542], [-76.575188, 0.629601], [-76.575155, 0.629686], [-76.575137, 0.629734], [-76.57511, 0.6298], [-76.575099, 0.629826], [-76.575091, 0.629848], [-76.575068, 0.629901], [-76.575055, 0.629931], [-76.575002, 0.63005], [-76.574987, 0.630081], [-76.574976, 0.630106], [-76.57494, 0.63018], [-76.574924, 0.630212], [-76.574903, 0.630254], [-76.574875, 0.63031], [-76.574853, 0.630351], [-76.57482, 0.630413], [-76.574798, 0.630454], [-76.574757, 0.63053], [-76.574717, 0.630604], [-76.574694, 0.630646], [-76.574684, 0.630665], [-76.574666, 0.630697], [-76.574649, 0.630727], [-76.574627, 0.630765], [-76.574591, 0.630824], [-76.574572, 0.630857], [-76.574562, 0.630872], [-76.574497, 0.630976], [-76.574453, 0.631045], [-76.574418, 0.6311], [-76.574401, 0.631125], [-76.574335, 0.631225], [-76.574227, 0.631388], [-76.574209, 0.631416], [-76.574176, 0.631465], [-76.574123, 0.631544], [-76.574105, 0.631573], [-76.574079, 0.631613], [-76.574047, 0.631664], [-76.574029, 0.631694], [-76.57402, 0.631709], [-76.574, 0.631743], [-76.573973, 0.631787], [-76.57396, 0.63181], [-76.57395, 0.631827], [-76.573926, 0.631871], [-76.573907, 0.631904], [-76.573819, 0.632062], [-76.573765, 0.63216], [-76.57373, 0.632222], [-76.573709, 0.632257], [-76.573683, 0.632301], [-76.573657, 0.632343], [-76.573641, 0.632369], [-76.573595, 0.632442], [-76.57354, 0.63253], [-76.573487, 0.632614], [-76.573469, 0.632645], [-76.573442, 0.632691], [-76.573422, 0.632723], [-76.573384, 0.632787], [-76.573347, 0.632846], [-76.573325, 0.632883], [-76.573304, 0.632917], [-76.573267, 0.63298], [-76.573255, 0.633001], [-76.573243, 0.633022], [-76.573232, 0.63304], [-76.573211, 0.633072], [-76.57319, 0.633105], [-76.573172, 0.633133], [-76.573145, 0.633173], [-76.57312, 0.63321], [-76.573101, 0.633237], [-76.573083, 0.633262], [-76.573058, 0.633298], [-76.573047, 0.633313], [-76.573033, 0.633331], [-76.573024, 0.633342], [-76.573016, 0.633352], [-76.572991, 0.633382], [-76.572965, 0.633412], [-76.572944, 0.633436], [-76.572912, 0.63347], [-76.572886, 0.633497], [-76.572864, 0.63352], [-76.57282, 0.633565], [-76.572779, 0.633605], [-76.572756, 0.633629], [-76.572718, 0.633669], [-76.572701, 0.633687], [-76.572682, 0.633708], [-76.572667, 0.633724], [-76.572647, 0.633748], [-76.572637, 0.63376], [-76.572618, 0.633783], [-76.572602, 0.633804], [-76.572592, 0.633816], [-76.572587, 0.633823], [-76.572575, 0.633841], [-76.572563, 0.633858], [-76.572557, 0.633869], [-76.572544, 0.633889], [-76.572534, 0.633906], [-76.572529, 0.633916], [-76.572517, 0.633937], [-76.572505, 0.63396], [-76.5725, 0.633972], [-76.57249, 0.633992], [-76.572479, 0.634016], [-76.572469, 0.634039], [-76.572464, 0.634051], [-76.572456, 0.634073], [-76.572447, 0.634097], [-76.572439, 0.634121], [-76.572425, 0.634165], [-76.572404, 0.634237], [-76.572393, 0.634273], [-76.572388, 0.634289], [-76.572376, 0.634324], [-76.572368, 0.63435], [-76.572359, 0.634372], [-76.572357, 0.634379], [-76.572349, 0.634398], [-76.572345, 0.634407], [-76.572337, 0.634426], [-76.572332, 0.634436], [-76.572322, 0.634455], [-76.572317, 0.634464], [-76.572307, 0.634481], [-76.572297, 0.634499], [-76.572286, 0.634517], [-76.572274, 0.634535], [-76.572268, 0.634544], [-76.572256, 0.63456], [-76.572243, 0.634577], [-76.572235, 0.634587], [-76.572227, 0.634597], [-76.57221, 0.634616], [-76.572194, 0.634635], [-76.572184, 0.634644], [-76.572162, 0.634668], [-76.572153, 0.634677], [-76.572141, 0.634688], [-76.572129, 0.634699], [-76.5721, 0.634726], [-76.572081, 0.634743], [-76.572059, 0.634761], [-76.572028, 0.634787], [-76.571995, 0.634813], [-76.571936, 0.63486], [-76.571926, 0.634868], [-76.571898, 0.63489], [-76.571847, 0.634934], [-76.571798, 0.634975], [-76.571738, 0.635023], [-76.5717, 0.635054], [-76.571665, 0.635081], [-76.571636, 0.635103], [-76.571606, 0.635126], [-76.571532, 0.63518], [-76.571492, 0.63521], [-76.571436, 0.635254], [-76.571401, 0.635281], [-76.571385, 0.635294], [-76.571359, 0.635316], [-76.571328, 0.635342], [-76.571308, 0.63536], [-76.571264, 0.635399], [-76.57124, 0.63542], [-76.571212, 0.635445], [-76.571199, 0.635455], [-76.571184, 0.635468], [-76.571164, 0.635484], [-76.57113, 0.63551], [-76.571079, 0.63555], [-76.571073, 0.635554], [-76.571055, 0.635567], [-76.571004, 0.635605], [-76.570988, 0.635616], [-76.570967, 0.635631], [-76.570944, 0.635646], [-76.57093, 0.635656], [-76.570917, 0.635664], [-76.570891, 0.63568], [-76.570879, 0.635687], [-76.570859, 0.635698], [-76.570839, 0.63571], [-76.570813, 0.635724], [-76.570803, 0.635729], [-76.57078, 0.635741], [-76.570757, 0.635751], [-76.570743, 0.635758], [-76.570691, 0.635779], [-76.570645, 0.635799], [-76.570593, 0.635822], [-76.570561, 0.635836], [-76.570552, 0.63584], [-76.57053, 0.635848], [-76.570515, 0.635854], [-76.570464, 0.635872], [-76.570417, 0.635889], [-76.570388, 0.6359], [-76.570347, 0.635915], [-76.57029, 0.635936], [-76.570201, 0.635968], [-76.57014, 0.635988], [-76.570088, 0.636007], [-76.570062, 0.636015], [-76.570024, 0.636028], [-76.569983, 0.636043], [-76.569917, 0.636066], [-76.569843, 0.636091], [-76.569795, 0.636109], [-76.569672, 0.636155], [-76.569593, 0.636185], [-76.569546, 0.636203], [-76.569512, 0.636217], [-76.569458, 0.636239], [-76.569414, 0.636257], [-76.569376, 0.636274], [-76.56934, 0.636289], [-76.569266, 0.636323], [-76.569224, 0.636341], [-76.569057, 0.636414], [-76.569019, 0.63643], [-76.568983, 0.636446], [-76.568925, 0.63647], [-76.568846, 0.636503], [-76.568808, 0.636519], [-76.568776, 0.636531], [-76.568761, 0.636537], [-76.568719, 0.636553], [-76.56871, 0.636557], [-76.568647, 0.636581], [-76.568507, 0.636634], [-76.568468, 0.636649], [-76.568392, 0.636679], [-76.568313, 0.636711], [-76.568283, 0.636723], [-76.568083, 0.636799], [-76.568011, 0.636827], [-76.567934, 0.636857], [-76.56789, 0.636876], [-76.56786, 0.636888], [-76.56779, 0.636919], [-76.567753, 0.636934], [-76.567698, 0.636957], [-76.567632, 0.636982], [-76.567537, 0.63702], [-76.567514, 0.637029], [-76.567487, 0.63704], [-76.567459, 0.63705], [-76.567435, 0.637059], [-76.567352, 0.637091], [-76.567235, 0.637138], [-76.567141, 0.637177], [-76.56713, 0.637181], [-76.567096, 0.637195], [-76.567054, 0.637212], [-76.567037, 0.637219], [-76.567024, 0.637225], [-76.566953, 0.637256], [-76.566889, 0.637284], [-76.566856, 0.637298], [-76.56681, 0.637317], [-76.566778, 0.637329], [-76.566742, 0.637343], [-76.566688, 0.637363], [-76.566628, 0.637386], [-76.566583, 0.637403], [-76.566525, 0.637425], [-76.56648, 0.637442], [-76.566428, 0.637463], [-76.566413, 0.637468], [-76.566356, 0.637492], [-76.566315, 0.63751], [-76.56629, 0.637521], [-76.566253, 0.637537], [-76.566222, 0.637552], [-76.566195, 0.637565], [-76.566158, 0.637583], [-76.566139, 0.637592], [-76.566127, 0.637599], [-76.566103, 0.637612], [-76.566075, 0.637627], [-76.566047, 0.637643], [-76.566018, 0.637661], [-76.56598, 0.637684], [-76.565932, 0.637714], [-76.565892, 0.637739], [-76.565852, 0.637765], [-76.565831, 0.637778], [-76.565786, 0.637809], [-76.565757, 0.637829], [-76.565665, 0.637892], [-76.565618, 0.637924], [-76.565502, 0.638001], [-76.565427, 0.638053], [-76.565393, 0.638076], [-76.565337, 0.638113], [-76.565096, 0.638274], [-76.564994, 0.638342], [-76.564932, 0.638383], [-76.564865, 0.638426], [-76.564834, 0.638447], [-76.564822, 0.638455], [-76.564797, 0.638472], [-76.564783, 0.638483], [-76.56477, 0.638492], [-76.564751, 0.638507], [-76.564742, 0.638514], [-76.564716, 0.638536], [-76.564708, 0.638543], [-76.564693, 0.638556], [-76.564664, 0.638582], [-76.56464, 0.638603], [-76.564586, 0.638654], [-76.564542, 0.638694], [-76.564513, 0.63872], [-76.564488, 0.638743], [-76.564451, 0.638776], [-76.564351, 0.638864], [-76.564199, 0.638998], [-76.564168, 0.639026], [-76.564096, 0.63909], [-76.563884, 0.639282], [-76.563796, 0.639361], [-76.563755, 0.639397], [-76.563713, 0.639434], [-76.563576, 0.639554], [-76.563536, 0.639589], [-76.563431, 0.639681], [-76.56337, 0.639735], [-76.56332, 0.63978], [-76.563286, 0.63981], [-76.563227, 0.63986], [-76.563205, 0.639878], [-76.563176, 0.639902], [-76.563104, 0.639959], [-76.563088, 0.639972], [-76.56307, 0.639987], [-76.563062, 0.639993], [-76.563046, 0.640007], [-76.563027, 0.640024], [-76.563005, 0.640044], [-76.562986, 0.640062], [-76.562881, 0.640163], [-76.562859, 0.640183], [-76.562827, 0.640212], [-76.562726, 0.640303], [-76.562551, 0.640459], [-76.562502, 0.640505], [-76.562446, 0.640555], [-76.562373, 0.640621], [-76.5623, 0.640686], [-76.562276, 0.640708], [-76.562239, 0.640742], [-76.562179, 0.640796], [-76.562144, 0.640829], [-76.562117, 0.640854], [-76.562006, 0.640958], [-76.561958, 0.641003], [-76.561927, 0.641032], [-76.561902, 0.641054], [-76.561852, 0.6411], [-76.561802, 0.641146], [-76.561732, 0.64121], [-76.561663, 0.641274], [-76.561643, 0.641292], [-76.561622, 0.64131], [-76.561597, 0.641333], [-76.56153, 0.641393], [-76.561511, 0.641409], [-76.561467, 0.641447], [-76.561451, 0.641461], [-76.56142, 0.641489], [-76.561373, 0.641532], [-76.561366, 0.641538], [-76.5613, 0.641601], [-76.561286, 0.641614], [-76.561263, 0.641635], [-76.561204, 0.641687], [-76.561174, 0.641714], [-76.561147, 0.641741], [-76.561087, 0.641798], [-76.561057, 0.641826], [-76.561043, 0.641839], [-76.561021, 0.641859], [-76.560995, 0.641882], [-76.560981, 0.641894], [-76.560957, 0.641914], [-76.560924, 0.641942], [-76.560903, 0.641959], [-76.560868, 0.641988], [-76.560816, 0.642033], [-76.560743, 0.642096], [-76.560692, 0.64214], [-76.560677, 0.642153], [-76.560658, 0.642172], [-76.560645, 0.642183], [-76.56063, 0.642199], [-76.560595, 0.642233], [-76.56055, 0.64228], [-76.560524, 0.642306], [-76.560477, 0.642353], [-76.560451, 0.642379], [-76.560406, 0.642423], [-76.560372, 0.642455], [-76.560335, 0.642489], [-76.560318, 0.642505], [-76.560292, 0.642529], [-76.560196, 0.642614], [-76.560152, 0.642654], [-76.560127, 0.642678], [-76.560113, 0.642692], [-76.560077, 0.642727], [-76.56006, 0.642743], [-76.560038, 0.642763], [-76.55998, 0.642817], [-76.559917, 0.642877], [-76.559901, 0.642892], [-76.559875, 0.642916], [-76.559837, 0.642951], [-76.559799, 0.642984], [-76.559767, 0.643012], [-76.559708, 0.643063], [-76.559694, 0.643075], [-76.559625, 0.643137], [-76.559572, 0.643183], [-76.55956, 0.643194], [-76.559454, 0.643291], [-76.559443, 0.643302], [-76.559429, 0.643314], [-76.55939, 0.643353], [-76.55938, 0.643362], [-76.559366, 0.643375], [-76.559337, 0.643402], [-76.559318, 0.643419], [-76.559308, 0.643427], [-76.559288, 0.643444], [-76.559274, 0.643456], [-76.559256, 0.64347], [-76.559235, 0.643486], [-76.559177, 0.64353], [-76.559149, 0.643551], [-76.559087, 0.643599], [-76.559034, 0.643641], [-76.558969, 0.643693], [-76.5589, 0.643749], [-76.558876, 0.643769], [-76.558856, 0.643786], [-76.558824, 0.643813], [-76.5588, 0.643834], [-76.558779, 0.643853], [-76.558755, 0.643875], [-76.558652, 0.643971], [-76.558618, 0.644002], [-76.558581, 0.644036], [-76.55856, 0.644054], [-76.558544, 0.644068], [-76.558512, 0.644095], [-76.558466, 0.644134], [-76.558448, 0.644148], [-76.558415, 0.644174], [-76.558377, 0.644204], [-76.55834, 0.644232], [-76.55828, 0.644278], [-76.558153, 0.644375], [-76.55811, 0.644408], [-76.558056, 0.64445], [-76.557991, 0.644499], [-76.557969, 0.644516], [-76.557947, 0.644532], [-76.557871, 0.644588], [-76.557844, 0.644608], [-76.557788, 0.644651], [-76.557756, 0.644675], [-76.557732, 0.644695], [-76.557707, 0.644715], [-76.557603, 0.644801], [-76.557552, 0.644843], [-76.557519, 0.64487], [-76.557472, 0.644909], [-76.55728, 0.645065], [-76.557241, 0.645097], [-76.557216, 0.645118], [-76.557177, 0.645151], [-76.557127, 0.645195], [-76.557058, 0.645256], [-76.557034, 0.645277], [-76.557005, 0.645303], [-76.556988, 0.645317], [-76.556957, 0.645343], [-76.556913, 0.645379], [-76.556872, 0.645412], [-76.55685, 0.645429], [-76.556812, 0.645459], [-76.556754, 0.645504], [-76.556602, 0.645621], [-76.556582, 0.645636], [-76.556551, 0.645661], [-76.55652, 0.645684], [-76.55648, 0.645715], [-76.556437, 0.645747], [-76.556409, 0.645768], [-76.556335, 0.645822], [-76.556275, 0.645865], [-76.556196, 0.645923], [-76.556165, 0.645946], [-76.556132, 0.645972], [-76.556108, 0.64599], [-76.556094, 0.646002], [-76.556073, 0.64602], [-76.556046, 0.646043], [-76.556038, 0.646049], [-76.55599, 0.646091], [-76.555964, 0.646114], [-76.55595, 0.646126], [-76.555911, 0.64616], [-76.555888, 0.646178], [-76.555877, 0.646187], [-76.555867, 0.646195], [-76.555845, 0.646211], [-76.555833, 0.64622], [-76.555819, 0.646229], [-76.555803, 0.64624], [-76.555786, 0.646251], [-76.555745, 0.646277], [-76.555685, 0.646314], [-76.555606, 0.646362], [-76.555548, 0.646398], [-76.555502, 0.646427], [-76.555474, 0.646444], [-76.555454, 0.646456], [-76.55544, 0.646464], [-76.555417, 0.646477], [-76.555397, 0.646488], [-76.555378, 0.646497], [-76.555368, 0.646502], [-76.555359, 0.646506], [-76.555332, 0.646517], [-76.555297, 0.646531], [-76.555259, 0.646545], [-76.555184, 0.646573], [-76.555147, 0.646587], [-76.555108, 0.646602], [-76.555088, 0.64661], [-76.555068, 0.646619], [-76.555018, 0.646641], [-76.554955, 0.646668], [-76.554922, 0.646683], [-76.554864, 0.646709], [-76.554799, 0.646738], [-76.554554, 0.646851], [-76.554506, 0.646872], [-76.55441, 0.646915], [-76.554162, 0.647023], [-76.554074, 0.647061], [-76.553912, 0.647131], [-76.553787, 0.647185], [-76.553653, 0.647244], [-76.553621, 0.647259], [-76.553504, 0.647312], [-76.553453, 0.647335], [-76.553408, 0.647354], [-76.553352, 0.647377], [-76.553299, 0.6474], [-76.553247, 0.647422], [-76.55317, 0.647457], [-76.553056, 0.647509], [-76.55301, 0.64753], [-76.552853, 0.647597], [-76.552701, 0.647662], [-76.55265, 0.647683], [-76.55256, 0.647721], [-76.552527, 0.647735], [-76.552481, 0.647755], [-76.552326, 0.647823], [-76.55227, 0.647848], [-76.55217, 0.647893], [-76.552119, 0.647916], [-76.552089, 0.647929], [-76.552064, 0.647942], [-76.551985, 0.647979], [-76.551877, 0.64803], [-76.551852, 0.648042], [-76.551752, 0.648092], [-76.551716, 0.648109], [-76.551681, 0.648126], [-76.551647, 0.648141], [-76.551626, 0.64815], [-76.551608, 0.648157], [-76.551502, 0.6482], [-76.551488, 0.648206], [-76.551428, 0.648232], [-76.551364, 0.648258], [-76.551334, 0.648271], [-76.551236, 0.648315], [-76.55121, 0.648326], [-76.551198, 0.648331], [-76.551144, 0.648353], [-76.551075, 0.64838], [-76.551031, 0.648398], [-76.550998, 0.648411], [-76.550967, 0.648423], [-76.550899, 0.648448], [-76.550843, 0.648467], [-76.55083, 0.648472], [-76.550816, 0.648476], [-76.550803, 0.64848], [-76.550783, 0.648486], [-76.550771, 0.648489], [-76.550761, 0.648492], [-76.550734, 0.648499], [-76.55073, 0.648499], [-76.550696, 0.648501], [-76.550675, 0.648501], [-76.550661, 0.648502], [-76.550635, 0.648502], [-76.550614, 0.648501], [-76.550589, 0.6485], [-76.550571, 0.648499], [-76.550558, 0.648498], [-76.550532, 0.648495], [-76.550503, 0.648492], [-76.550488, 0.64849], [-76.550464, 0.648486], [-76.550435, 0.648482], [-76.550355, 0.648468], [-76.550324, 0.648464], [-76.550283, 0.648458], [-76.550249, 0.648453], [-76.550188, 0.648445], [-76.550077, 0.648431], [-76.549994, 0.64842], [-76.549959, 0.648416], [-76.549919, 0.648411], [-76.549865, 0.648406], [-76.549831, 0.648402], [-76.549804, 0.648399], [-76.549788, 0.648397], [-76.549774, 0.648395], [-76.549754, 0.648392], [-76.549724, 0.648387], [-76.54961, 0.648366], [-76.549529, 0.648352], [-76.549415, 0.64833], [-76.549297, 0.64831], [-76.549146, 0.648282], [-76.549054, 0.648265], [-76.549008, 0.648257], [-76.548881, 0.648234], [-76.548813, 0.648223], [-76.548753, 0.648213], [-76.548729, 0.648209], [-76.548671, 0.6482], [-76.548638, 0.648196], [-76.548611, 0.648192], [-76.548582, 0.648189], [-76.54855, 0.648185], [-76.548531, 0.648184], [-76.54847, 0.648178], [-76.548448, 0.648176], [-76.548423, 0.648174], [-76.548396, 0.64817], [-76.548377, 0.648168], [-76.54834, 0.648163], [-76.548312, 0.648159], [-76.548276, 0.648153], [-76.548157, 0.648134], [-76.54808, 0.648122], [-76.547971, 0.648103], [-76.547862, 0.648086], [-76.54775, 0.648068], [-76.547588, 0.648043], [-76.547536, 0.648034], [-76.54739, 0.648011], [-76.547315, 0.647999], [-76.547243, 0.64799], [-76.547205, 0.647985], [-76.547134, 0.647975], [-76.5471, 0.647971], [-76.546984, 0.647954], [-76.546931, 0.647946], [-76.546895, 0.64794], [-76.546855, 0.647933], [-76.546797, 0.647922], [-76.546724, 0.647908], [-76.54668, 0.6479], [-76.546654, 0.647895], [-76.546614, 0.64789], [-76.546544, 0.64788], [-76.546396, 0.647861], [-76.546314, 0.64785], [-76.546233, 0.647839], [-76.54621, 0.647836], [-76.546172, 0.647831], [-76.546115, 0.647825], [-76.54607, 0.64782], [-76.54601, 0.647814], [-76.545882, 0.647803], [-76.545823, 0.647797], [-76.545725, 0.647787], [-76.545666, 0.64778], [-76.545619, 0.647775], [-76.545593, 0.647771], [-76.545482, 0.647756], [-76.545428, 0.64775], [-76.545367, 0.647742], [-76.545275, 0.64773], [-76.545205, 0.647721], [-76.545141, 0.647713], [-76.544996, 0.647696], [-76.544874, 0.647683], [-76.544855, 0.647681], [-76.544815, 0.647676], [-76.544782, 0.647671], [-76.544761, 0.647667], [-76.544591, 0.64764], [-76.544552, 0.647633], [-76.544491, 0.647624], [-76.544363, 0.647605], [-76.544293, 0.647594], [-76.54426, 0.647589], [-76.544203, 0.64758], [-76.544135, 0.647571], [-76.544104, 0.647566], [-76.544061, 0.647559], [-76.544036, 0.647555], [-76.543995, 0.647547], [-76.543902, 0.64753], [-76.54386, 0.647523], [-76.543843, 0.64752], [-76.543813, 0.647515], [-76.543779, 0.647511], [-76.543741, 0.647507], [-76.543724, 0.647505], [-76.543696, 0.647502], [-76.543666, 0.6475], [-76.543633, 0.647499], [-76.543504, 0.647493], [-76.543488, 0.647493], [-76.543458, 0.647491], [-76.543443, 0.64749], [-76.543418, 0.647487], [-76.54339, 0.647484], [-76.543375, 0.647482], [-76.543345, 0.647477], [-76.543311, 0.647472], [-76.543292, 0.647468], [-76.543217, 0.647454], [-76.543176, 0.647447], [-76.543087, 0.647431], [-76.543046, 0.647424], [-76.542989, 0.647415], [-76.542963, 0.647412], [-76.542934, 0.647408], [-76.542834, 0.647394], [-76.542785, 0.647386], [-76.542762, 0.647383], [-76.542715, 0.647375], [-76.54262, 0.647359], [-76.542568, 0.64735], [-76.542475, 0.647336], [-76.542263, 0.647303], [-76.542172, 0.647289], [-76.5421, 0.647278], [-76.541996, 0.647264], [-76.541951, 0.647257], [-76.541921, 0.647253], [-76.541877, 0.647247], [-76.541836, 0.647242], [-76.541801, 0.647238], [-76.541716, 0.64723], [-76.541678, 0.647226], [-76.54165, 0.647222], [-76.541638, 0.64722], [-76.541607, 0.647216], [-76.541593, 0.647213], [-76.541571, 0.647209], [-76.541493, 0.647194], [-76.541464, 0.647189], [-76.541447, 0.647186], [-76.541393, 0.647178], [-76.541269, 0.647159], [-76.54122, 0.647152], [-76.541198, 0.647149], [-76.540972, 0.647118], [-76.540912, 0.64711], [-76.540862, 0.647103], [-76.540811, 0.647095], [-76.540677, 0.647073], [-76.54062, 0.647063], [-76.540571, 0.647056], [-76.540522, 0.647049], [-76.540489, 0.647045], [-76.540467, 0.647042], [-76.540418, 0.647036], [-76.54033, 0.647025], [-76.540271, 0.647018], [-76.540206, 0.647011], [-76.540178, 0.647008], [-76.540125, 0.647003], [-76.539977, 0.646987], [-76.539944, 0.646984], [-76.539782, 0.646968], [-76.539617, 0.646953], [-76.539562, 0.646947], [-76.539441, 0.646935], [-76.539327, 0.646924], [-76.539309, 0.646922], [-76.539256, 0.646916], [-76.539128, 0.6469], [-76.539075, 0.646894], [-76.539045, 0.646891], [-76.539, 0.646886], [-76.538968, 0.646883], [-76.538939, 0.646881], [-76.538926, 0.64688], [-76.538903, 0.646879], [-76.538881, 0.646878], [-76.538867, 0.646878], [-76.538798, 0.64688], [-76.538773, 0.646879], [-76.538762, 0.646879], [-76.538746, 0.646878], [-76.538728, 0.646877], [-76.538711, 0.646875], [-76.538703, 0.646874], [-76.538686, 0.646871], [-76.538678, 0.64687], [-76.538663, 0.646866], [-76.538638, 0.64686], [-76.53859, 0.646846], [-76.538566, 0.64684], [-76.538544, 0.646835], [-76.538524, 0.64683], [-76.538509, 0.646827], [-76.538492, 0.646824], [-76.538456, 0.646817], [-76.538389, 0.646806], [-76.538323, 0.646796], [-76.538275, 0.646788], [-76.538248, 0.646784], [-76.53816, 0.646772], [-76.53809, 0.646763], [-76.537866, 0.646734], [-76.537784, 0.646724], [-76.537289, 0.646657], [-76.537173, 0.646641], [-76.53701, 0.646617], [-76.536947, 0.646608], [-76.536834, 0.64659], [-76.536686, 0.646566], [-76.536594, 0.646552], [-76.536535, 0.646543], [-76.536412, 0.646525], [-76.536294, 0.646509], [-76.536258, 0.646504], [-76.536216, 0.6465], [-76.536196, 0.646498], [-76.536149, 0.646493], [-76.536075, 0.646488], [-76.53603, 0.646485], [-76.536011, 0.646483], [-76.535977, 0.64648], [-76.535947, 0.646476], [-76.535933, 0.646474], [-76.53591, 0.646471], [-76.535898, 0.646468], [-76.535871, 0.646463], [-76.535845, 0.646458], [-76.5358, 0.646448], [-76.535775, 0.646443], [-76.53576, 0.64644], [-76.535723, 0.646433], [-76.535661, 0.646423], [-76.535632, 0.646418], [-76.535605, 0.646414], [-76.535587, 0.646411], [-76.53555, 0.646406], [-76.535478, 0.646397], [-76.535412, 0.64639], [-76.535388, 0.646387], [-76.535334, 0.64638], [-76.535307, 0.646376], [-76.53525, 0.646369], [-76.535078, 0.646343], [-76.534965, 0.646327], [-76.534814, 0.646306], [-76.534692, 0.646289], [-76.534594, 0.646277], [-76.534539, 0.646271], [-76.534483, 0.646265], [-76.53442, 0.646259], [-76.534374, 0.646255], [-76.534242, 0.646243], [-76.534182, 0.646238], [-76.534156, 0.646236], [-76.534135, 0.646234], [-76.534111, 0.646233], [-76.534083, 0.646231], [-76.534001, 0.646229], [-76.533904, 0.646226], [-76.533884, 0.646226], [-76.533852, 0.646224], [-76.533838, 0.646224], [-76.533813, 0.646222], [-76.5338, 0.646221], [-76.533773, 0.646218], [-76.533742, 0.646214], [-76.533708, 0.646209], [-76.533668, 0.646203], [-76.533647, 0.6462], [-76.533573, 0.646186], [-76.533544, 0.646181], [-76.533488, 0.64617], [-76.533448, 0.646162], [-76.533422, 0.646158], [-76.533405, 0.646155], [-76.533382, 0.646151], [-76.533361, 0.646148], [-76.533338, 0.646145], [-76.533295, 0.64614], [-76.533225, 0.646132], [-76.533135, 0.646122], [-76.53307, 0.646115], [-76.532949, 0.6461], [-76.532825, 0.646085], [-76.532723, 0.646072], [-76.532639, 0.646061], [-76.532541, 0.646049], [-76.532501, 0.646044], [-76.532446, 0.646037], [-76.532389, 0.64603], [-76.532277, 0.646016], [-76.532156, 0.646003], [-76.532006, 0.645986], [-76.531943, 0.645979], [-76.531898, 0.645974], [-76.531767, 0.645957], [-76.531593, 0.645935], [-76.531531, 0.645928], [-76.531469, 0.645921], [-76.531292, 0.645901], [-76.531167, 0.645888], [-76.531109, 0.645883], [-76.531055, 0.645877], [-76.530997, 0.645869], [-76.530942, 0.645862], [-76.53075, 0.645833], [-76.530694, 0.645825], [-76.530642, 0.645818], [-76.530602, 0.645813], [-76.530561, 0.645809], [-76.530527, 0.645805], [-76.530472, 0.645799], [-76.530362, 0.645789], [-76.53033, 0.645785], [-76.530295, 0.645781], [-76.530278, 0.645779], [-76.530242, 0.645773], [-76.530215, 0.645769], [-76.530153, 0.645759], [-76.530102, 0.645751], [-76.530091, 0.645749], [-76.530069, 0.645746], [-76.530041, 0.645743], [-76.529993, 0.645737], [-76.529948, 0.645732], [-76.529754, 0.645711], [-76.529707, 0.645706], [-76.529657, 0.6457], [-76.529599, 0.645693], [-76.529543, 0.645686], [-76.529458, 0.645675], [-76.529398, 0.645667], [-76.529364, 0.645663], [-76.529343, 0.645661], [-76.529282, 0.645655], [-76.529252, 0.645652], [-76.529212, 0.645648], [-76.529165, 0.645645], [-76.529102, 0.645639], [-76.529037, 0.645634], [-76.528992, 0.64563], [-76.528957, 0.645626], [-76.528915, 0.645621], [-76.528882, 0.645617], [-76.52877, 0.645602], [-76.528712, 0.645594], [-76.528662, 0.645588], [-76.528591, 0.645579], [-76.528546, 0.645573], [-76.528353, 0.645549], [-76.528349, 0.645548], [-76.528347, 0.645548], [-76.528342, 0.645548], [-76.528338, 0.645549], [-76.528333, 0.64555], [-76.52833, 0.645552], [-76.528298, 0.64557], [-76.528281, 0.645581], [-76.528267, 0.64559], [-76.528256, 0.645597], [-76.528192, 0.645642], [-76.528158, 0.645666], [-76.528118, 0.645694], [-76.528025, 0.645762], [-76.527936, 0.645825], [-76.527885, 0.64586], [-76.527817, 0.645909], [-76.527796, 0.645924], [-76.527764, 0.645947], [-76.527724, 0.645976], [-76.527687, 0.646004], [-76.527667, 0.64602], [-76.527651, 0.646033], [-76.527625, 0.646054], [-76.527601, 0.646074], [-76.527586, 0.646087], [-76.527568, 0.646102], [-76.527548, 0.64612], [-76.527538, 0.646129], [-76.527518, 0.646149], [-76.527508, 0.646158], [-76.527486, 0.64618], [-76.527471, 0.646196], [-76.527456, 0.646211], [-76.527443, 0.646226], [-76.527426, 0.646245], [-76.5274, 0.646275], [-76.527373, 0.646308], [-76.527357, 0.646329], [-76.527342, 0.646347], [-76.52733, 0.646363], [-76.527316, 0.646381], [-76.527295, 0.646409], [-76.527206, 0.646528], [-76.52717, 0.646576], [-76.527135, 0.646622], [-76.527048, 0.646735], [-76.527032, 0.646755], [-76.52699, 0.646811], [-76.526969, 0.646839], [-76.52688, 0.646959], [-76.526837, 0.647019], [-76.526818, 0.647045], [-76.526749, 0.647143], [-76.526716, 0.647189], [-76.526667, 0.647255], [-76.526652, 0.647276], [-76.526626, 0.647313], [-76.526612, 0.647334], [-76.526596, 0.647357], [-76.526583, 0.647378], [-76.526564, 0.647407], [-76.526537, 0.647449], [-76.526491, 0.647523], [-76.526471, 0.647555], [-76.526448, 0.64759], [-76.526427, 0.647623], [-76.526404, 0.647656], [-76.52639, 0.647677], [-76.52636, 0.647719], [-76.526247, 0.647879], [-76.526214, 0.647924], [-76.526202, 0.647942], [-76.526191, 0.647956], [-76.526172, 0.64798], [-76.526156, 0.648], [-76.526149, 0.648009], [-76.526135, 0.648024], [-76.526128, 0.648033], [-76.526118, 0.648043], [-76.526105, 0.648057], [-76.526094, 0.648068], [-76.526073, 0.648089], [-76.526052, 0.648109], [-76.526024, 0.648135], [-76.525932, 0.64822], [-76.525912, 0.64824], [-76.525884, 0.648266], [-76.525817, 0.64833], [-76.525762, 0.648383], [-76.525722, 0.64842], [-76.525691, 0.648448], [-76.525651, 0.648484], [-76.525575, 0.648551], [-76.525545, 0.648579], [-76.525532, 0.64859], [-76.525518, 0.648602], [-76.525504, 0.648614], [-76.52549, 0.648626], [-76.525464, 0.648648], [-76.525394, 0.648706], [-76.525356, 0.648736], [-76.525336, 0.648751], [-76.525296, 0.648782], [-76.525259, 0.64881], [-76.52522, 0.64884], [-76.525203, 0.648853], [-76.525179, 0.64887], [-76.525165, 0.64888], [-76.525125, 0.648908], [-76.525088, 0.648933], [-76.525041, 0.648964], [-76.525003, 0.648989], [-76.524952, 0.649021], [-76.524866, 0.649074], [-76.524761, 0.649138], [-76.524701, 0.649174], [-76.524632, 0.649215], [-76.524599, 0.649234], [-76.524575, 0.649248], [-76.524498, 0.649293], [-76.524462, 0.649313], [-76.524428, 0.649332], [-76.524373, 0.649362], [-76.52429, 0.649407], [-76.524271, 0.649417], [-76.524163, 0.649474], [-76.52412, 0.649497], [-76.524033, 0.649544], [-76.523842, 0.649644], [-76.523779, 0.649678], [-76.523764, 0.649686], [-76.523735, 0.6497], [-76.523705, 0.649715], [-76.523674, 0.64973], [-76.523613, 0.649757], [-76.523596, 0.649765], [-76.523561, 0.649779], [-76.523523, 0.649795], [-76.5235, 0.649804], [-76.523489, 0.649808], [-76.523476, 0.649813], [-76.523447, 0.649823], [-76.523431, 0.649828], [-76.523398, 0.649839], [-76.523362, 0.64985], [-76.52335, 0.649854], [-76.52333, 0.64986], [-76.523311, 0.649864], [-76.523291, 0.649869], [-76.523271, 0.649874], [-76.52325, 0.649879], [-76.523227, 0.649883], [-76.523203, 0.649888], [-76.523172, 0.649894], [-76.523153, 0.649897], [-76.523123, 0.649902], [-76.523093, 0.649907], [-76.523076, 0.649909], [-76.523059, 0.649911], [-76.523038, 0.649914], [-76.523006, 0.649917], [-76.522972, 0.64992], [-76.522877, 0.649926], [-76.522815, 0.64993], [-76.522789, 0.649931], [-76.522735, 0.649934], [-76.522646, 0.649937], [-76.522576, 0.64994], [-76.522536, 0.649941], [-76.522504, 0.649942], [-76.522473, 0.649942], [-76.522422, 0.649943], [-76.52238, 0.649943], [-76.522354, 0.649943], [-76.522308, 0.649942], [-76.522242, 0.649941], [-76.522181, 0.649939], [-76.52207, 0.649934], [-76.52201, 0.649932], [-76.521913, 0.649929], [-76.521856, 0.649927], [-76.521812, 0.649926], [-76.521759, 0.649926], [-76.521733, 0.649925], [-76.521687, 0.649925], [-76.521625, 0.649926], [-76.5216, 0.649926], [-76.52145, 0.649928], [-76.521416, 0.649929], [-76.521379, 0.64993], [-76.521363, 0.649931], [-76.521338, 0.649933], [-76.521314, 0.649935], [-76.521302, 0.649936], [-76.521206, 0.649948], [-76.521189, 0.64995], [-76.521159, 0.649954], [-76.521124, 0.64996], [-76.521096, 0.649965], [-76.521065, 0.649971], [-76.521048, 0.649974], [-76.521013, 0.649982], [-76.520975, 0.649991], [-76.520956, 0.649996], [-76.520923, 0.650004], [-76.520891, 0.650013], [-76.520852, 0.650024], [-76.520823, 0.650032], [-76.520809, 0.650037], [-76.520772, 0.650048], [-76.520726, 0.650064], [-76.520675, 0.650082], [-76.520656, 0.650088], [-76.520615, 0.650103], [-76.520583, 0.650116], [-76.520553, 0.650127], [-76.520533, 0.650135], [-76.5205, 0.650149], [-76.520477, 0.650159], [-76.520448, 0.650172], [-76.520422, 0.650184], [-76.520398, 0.650196], [-76.520375, 0.650209], [-76.52035, 0.650222], [-76.520323, 0.650238], [-76.520295, 0.650255], [-76.520269, 0.650272], [-76.520253, 0.650282], [-76.520167, 0.650341], [-76.520144, 0.650356], [-76.520116, 0.650374], [-76.520027, 0.650429], [-76.519917, 0.650498], [-76.519882, 0.650519], [-76.519862, 0.650532], [-76.519841, 0.650545], [-76.519808, 0.650567], [-76.519727, 0.650621], [-76.519632, 0.650683], [-76.51954, 0.650743], [-76.519494, 0.650772], [-76.519422, 0.65082], [-76.519392, 0.650839], [-76.519362, 0.650858], [-76.519326, 0.65088], [-76.519311, 0.650889], [-76.519281, 0.650907], [-76.519254, 0.650921], [-76.519239, 0.650929], [-76.519215, 0.650941], [-76.519191, 0.650953], [-76.51917, 0.650962], [-76.519149, 0.650971], [-76.519124, 0.650981], [-76.519099, 0.65099], [-76.519074, 0.650998], [-76.519048, 0.651006], [-76.519024, 0.651013], [-76.519001, 0.651019], [-76.518978, 0.651025], [-76.518952, 0.65103], [-76.518923, 0.651036], [-76.518895, 0.651041], [-76.518865, 0.651045], [-76.51885, 0.651047], [-76.518826, 0.65105], [-76.518809, 0.651052], [-76.518769, 0.651056], [-76.518644, 0.651068], [-76.51861, 0.651071], [-76.51858, 0.651075], [-76.51856, 0.651077], [-76.518523, 0.651082], [-76.518499, 0.651086], [-76.518459, 0.651092], [-76.518393, 0.651104], [-76.518281, 0.651125], [-76.518227, 0.651136], [-76.518201, 0.65114], [-76.518146, 0.65115], [-76.518096, 0.651158], [-76.518028, 0.65117], [-76.517954, 0.651182], [-76.517898, 0.65119], [-76.517829, 0.651201], [-76.517753, 0.651213], [-76.517618, 0.651234], [-76.517571, 0.651241], [-76.51754, 0.651246], [-76.517386, 0.651266], [-76.517253, 0.651284], [-76.517136, 0.651299], [-76.517094, 0.651305], [-76.517065, 0.651308], [-76.517047, 0.65131], [-76.517014, 0.651312], [-76.516977, 0.651313], [-76.516941, 0.651314], [-76.516916, 0.651314], [-76.51689, 0.651313], [-76.516868, 0.651313], [-76.516845, 0.651311], [-76.516822, 0.651309], [-76.516798, 0.651306], [-76.516776, 0.651303], [-76.516754, 0.651299], [-76.516731, 0.651294], [-76.516714, 0.65129], [-76.516689, 0.651284], [-76.516673, 0.651279], [-76.516599, 0.651255], [-76.516581, 0.65125], [-76.516558, 0.651243], [-76.516533, 0.651236], [-76.516508, 0.65123], [-76.516486, 0.651225], [-76.516458, 0.651219], [-76.516429, 0.651214], [-76.516396, 0.651208], [-76.516363, 0.651203], [-76.516285, 0.651192], [-76.516257, 0.651189], [-76.51622, 0.651183], [-76.516184, 0.651178], [-76.516147, 0.651172], [-76.516122, 0.651168], [-76.516065, 0.651158], [-76.516005, 0.651147], [-76.515874, 0.651125], [-76.515746, 0.651102], [-76.51563, 0.651082], [-76.515575, 0.651072], [-76.515557, 0.651069], [-76.515518, 0.651062], [-76.515488, 0.651057], [-76.515472, 0.651055], [-76.515455, 0.651052], [-76.515423, 0.651048], [-76.515407, 0.651046], [-76.51538, 0.651043], [-76.515364, 0.651042], [-76.515335, 0.651039], [-76.515308, 0.651037], [-76.515292, 0.651037], [-76.515273, 0.651036], [-76.515261, 0.651036], [-76.515238, 0.651036], [-76.515226, 0.651037], [-76.515201, 0.651038], [-76.515188, 0.651039], [-76.515171, 0.65104], [-76.515143, 0.651042], [-76.515113, 0.651045], [-76.515097, 0.651047], [-76.515065, 0.651051], [-76.51504, 0.651055], [-76.515023, 0.651058], [-76.514987, 0.651065], [-76.514969, 0.651068], [-76.514952, 0.651072], [-76.514942, 0.651074], [-76.514922, 0.651078], [-76.514881, 0.651088], [-76.514845, 0.651097], [-76.514828, 0.651101], [-76.514748, 0.651122], [-76.514709, 0.651132], [-76.514691, 0.651137], [-76.514671, 0.651142], [-76.514652, 0.651146], [-76.514591, 0.65116], [-76.51457, 0.651165], [-76.514548, 0.65117], [-76.51452, 0.651178], [-76.514503, 0.651183], [-76.514493, 0.651186], [-76.514474, 0.651192], [-76.514454, 0.6512], [-76.514436, 0.651207], [-76.514426, 0.651211], [-76.514407, 0.65122], [-76.514396, 0.651225], [-76.514384, 0.65123], [-76.514362, 0.651242], [-76.514338, 0.651255], [-76.514325, 0.651262], [-76.514294, 0.65128], [-76.51422, 0.651324], [-76.51418, 0.651347], [-76.514133, 0.651374], [-76.514013, 0.651441], [-76.513989, 0.651455], [-76.513934, 0.651486], [-76.513902, 0.651505], [-76.513866, 0.651525], [-76.51382, 0.651553], [-76.513792, 0.65157], [-76.513698, 0.651628], [-76.513583, 0.651699], [-76.513564, 0.651711], [-76.513538, 0.651728], [-76.513525, 0.651736], [-76.513503, 0.651752], [-76.513483, 0.651767], [-76.513475, 0.651773], [-76.513467, 0.65178], [-76.51346, 0.651786], [-76.513453, 0.651792], [-76.513445, 0.651799], [-76.513438, 0.651806], [-76.513431, 0.651813], [-76.513424, 0.651821], [-76.513417, 0.651828], [-76.513409, 0.651837], [-76.513401, 0.651846], [-76.513393, 0.651855], [-76.513376, 0.651877], [-76.513358, 0.651901], [-76.513317, 0.651957], [-76.513302, 0.651976], [-76.51328, 0.652005], [-76.513269, 0.652019], [-76.513259, 0.652031], [-76.513237, 0.652057], [-76.51322, 0.652075], [-76.513209, 0.652087], [-76.513201, 0.652096], [-76.513179, 0.652118], [-76.513169, 0.652127], [-76.513158, 0.652138], [-76.513148, 0.652148], [-76.513135, 0.652159], [-76.513122, 0.652171], [-76.513109, 0.652182], [-76.513097, 0.652192], [-76.513074, 0.652211], [-76.513055, 0.652226], [-76.513026, 0.652249], [-76.513015, 0.652257], [-76.513011, 0.65226], [-76.513006, 0.652263], [-76.512994, 0.65227], [-76.512955, 0.652295], [-76.512953, 0.652296], [-76.512951, 0.652297], [-76.512909, 0.652314], [-76.512883, 0.652323], [-76.512861, 0.652331], [-76.512847, 0.652335], [-76.512818, 0.652344], [-76.512792, 0.652351], [-76.512777, 0.652355], [-76.512748, 0.652362], [-76.512733, 0.652366], [-76.512699, 0.652373], [-76.512607, 0.652392], [-76.512588, 0.652395], [-76.512554, 0.652403], [-76.512526, 0.65241], [-76.512521, 0.652411], [-76.512507, 0.652417], [-76.512497, 0.652422], [-76.512476, 0.652432], [-76.512473, 0.652434], [-76.512471, 0.652435], [-76.512468, 0.652437], [-76.512466, 0.652439], [-76.51246, 0.652445], [-76.512449, 0.652456], [-76.512439, 0.652466], [-76.512429, 0.652477], [-76.512408, 0.652501], [-76.512397, 0.652512], [-76.512386, 0.652525], [-76.512374, 0.65254], [-76.512345, 0.652575], [-76.512251, 0.652692], [-76.512243, 0.652703], [-76.512218, 0.652735], [-76.512184, 0.652781], [-76.51216, 0.652813], [-76.512139, 0.652843], [-76.512128, 0.652859], [-76.512118, 0.652875], [-76.512108, 0.652891], [-76.512098, 0.652906], [-76.512089, 0.652922], [-76.512064, 0.652962], [-76.512047, 0.652992], [-76.512031, 0.653021], [-76.512018, 0.653046], [-76.51201, 0.65306], [-76.511996, 0.653089], [-76.511982, 0.653118], [-76.51197, 0.653144], [-76.511959, 0.653169], [-76.51195, 0.653194], [-76.511941, 0.653218], [-76.511931, 0.653247], [-76.511927, 0.653259], [-76.511919, 0.653286], [-76.511915, 0.653299], [-76.511907, 0.653328], [-76.511898, 0.653361], [-76.511893, 0.653382], [-76.511873, 0.653465], [-76.51186, 0.653518], [-76.511848, 0.653564], [-76.511823, 0.653657], [-76.511806, 0.653723], [-76.511797, 0.653757], [-76.511767, 0.653877], [-76.511758, 0.653912], [-76.511752, 0.653934], [-76.511747, 0.65395], [-76.511738, 0.653983], [-76.51173, 0.654007], [-76.511722, 0.65403], [-76.511717, 0.654042], [-76.511709, 0.654065], [-76.5117, 0.654086], [-76.511691, 0.654106], [-76.511685, 0.654119], [-76.511671, 0.654147], [-76.511656, 0.654175], [-76.511648, 0.65419], [-76.511641, 0.654204], [-76.511622, 0.654236], [-76.511612, 0.654253], [-76.511596, 0.65428], [-76.51159, 0.654289], [-76.511569, 0.654322], [-76.511557, 0.65434], [-76.511551, 0.654349], [-76.511549, 0.654351], [-76.511545, 0.654356], [-76.51152, 0.65438], [-76.511505, 0.654395], [-76.51149, 0.654409], [-76.511477, 0.654421], [-76.511463, 0.654433], [-76.511448, 0.654447], [-76.511417, 0.654474], [-76.511407, 0.654482], [-76.511391, 0.654495], [-76.511389, 0.654497], [-76.511386, 0.654498], [-76.511367, 0.654508], [-76.511353, 0.654515], [-76.511345, 0.654518], [-76.511313, 0.654533], [-76.511268, 0.654552], [-76.511224, 0.654571], [-76.511186, 0.654586], [-76.511145, 0.654601], [-76.511109, 0.654615], [-76.51107, 0.654628], [-76.511022, 0.654645], [-76.511005, 0.65465], [-76.510971, 0.654661], [-76.510929, 0.654673], [-76.510897, 0.654683], [-76.510864, 0.654692], [-76.51082, 0.654704], [-76.510784, 0.654713], [-76.510764, 0.654718], [-76.510726, 0.654727], [-76.510707, 0.654731], [-76.510682, 0.654736], [-76.510642, 0.654743], [-76.510597, 0.65475], [-76.510557, 0.654757], [-76.510533, 0.65476], [-76.510484, 0.654767], [-76.510397, 0.654777], [-76.510372, 0.65478], [-76.510324, 0.654787], [-76.510304, 0.654789], [-76.510258, 0.654796], [-76.51017, 0.65481], [-76.510148, 0.654814], [-76.510037, 0.654832], [-76.510008, 0.654838], [-76.509977, 0.654844], [-76.509926, 0.654854], [-76.509889, 0.654862], [-76.509864, 0.654868], [-76.509796, 0.654885], [-76.50972, 0.654904], [-76.509673, 0.654916], [-76.509656, 0.654921], [-76.509608, 0.654934], [-76.509553, 0.65495], [-76.50953, 0.654957], [-76.509493, 0.654968], [-76.509458, 0.654979], [-76.509428, 0.654989], [-76.509402, 0.654999], [-76.509386, 0.655004], [-76.50937, 0.655011], [-76.509337, 0.655025], [-76.509307, 0.655037], [-76.50928, 0.65505], [-76.509256, 0.655062], [-76.509228, 0.655076], [-76.5092, 0.655091], [-76.509185, 0.655099], [-76.509159, 0.655114], [-76.509136, 0.655128], [-76.509118, 0.655138], [-76.509087, 0.655158], [-76.509055, 0.65518], [-76.509016, 0.655206], [-76.508949, 0.655252], [-76.508912, 0.655277], [-76.508891, 0.655292], [-76.508851, 0.655322], [-76.508834, 0.655335], [-76.50876, 0.655391], [-76.508673, 0.655457], [-76.508626, 0.655492], [-76.508533, 0.655562], [-76.508494, 0.655591], [-76.508427, 0.655639], [-76.508395, 0.655661], [-76.508351, 0.655692], [-76.508323, 0.655711], [-76.508219, 0.655782], [-76.508191, 0.6558], [-76.508112, 0.655853], [-76.508059, 0.655888], [-76.508028, 0.655909], [-76.508002, 0.655927], [-76.507989, 0.655936], [-76.507966, 0.655954], [-76.507946, 0.655969], [-76.507936, 0.655978], [-76.507927, 0.655986], [-76.507917, 0.655994], [-76.507908, 0.656003], [-76.507898, 0.656012], [-76.507889, 0.656021], [-76.50788, 0.65603], [-76.507868, 0.656042], [-76.50786, 0.656052], [-76.507851, 0.656061], [-76.507843, 0.656071], [-76.507834, 0.656081], [-76.507826, 0.656091], [-76.507817, 0.656101], [-76.507809, 0.656112], [-76.507793, 0.656134], [-76.507783, 0.656147], [-76.507747, 0.656198], [-76.507732, 0.656218], [-76.507723, 0.656229], [-76.507716, 0.656239], [-76.507708, 0.656248], [-76.507701, 0.656256], [-76.507693, 0.656265], [-76.507686, 0.656273], [-76.507679, 0.656281], [-76.507664, 0.656295], [-76.507656, 0.656303], [-76.507647, 0.656312], [-76.507628, 0.656328], [-76.507619, 0.656335], [-76.507609, 0.656344], [-76.507599, 0.656351], [-76.507574, 0.65637], [-76.507558, 0.656381], [-76.507528, 0.656403], [-76.507513, 0.656413], [-76.507494, 0.656426], [-76.507451, 0.656454], [-76.507439, 0.656462], [-76.50742, 0.656474], [-76.507315, 0.656539], [-76.507187, 0.656616], [-76.507103, 0.656667], [-76.507054, 0.656697], [-76.507, 0.656732], [-76.506935, 0.656773], [-76.506856, 0.656825], [-76.506813, 0.656853], [-76.506693, 0.656933], [-76.506664, 0.656952], [-76.506627, 0.656975], [-76.506595, 0.656994], [-76.506568, 0.65701], [-76.506524, 0.657034], [-76.506507, 0.657043], [-76.506475, 0.65706], [-76.506415, 0.657089], [-76.506395, 0.657098], [-76.506389, 0.657101], [-76.506387, 0.657102], [-76.506347, 0.657115], [-76.506297, 0.657131], [-76.506261, 0.657142], [-76.506234, 0.65715], [-76.5062, 0.65716], [-76.506154, 0.657174], [-76.506107, 0.657186], [-76.506085, 0.657191], [-76.506045, 0.657201], [-76.506013, 0.657208], [-76.505973, 0.657217], [-76.505918, 0.657228], [-76.505767, 0.657258], [-76.505705, 0.65727], [-76.505629, 0.657287], [-76.505599, 0.657293], [-76.505564, 0.657301], [-76.505548, 0.657305], [-76.505518, 0.657313], [-76.505492, 0.65732], [-76.505472, 0.657326], [-76.505443, 0.657335], [-76.505399, 0.65735], [-76.505378, 0.657357], [-76.505345, 0.657369], [-76.505333, 0.657373], [-76.505307, 0.657383], [-76.505276, 0.657396], [-76.505253, 0.657406], [-76.505225, 0.657418], [-76.505196, 0.657432], [-76.505169, 0.657446], [-76.50515, 0.657456], [-76.505119, 0.657473], [-76.505085, 0.657492], [-76.505066, 0.657503], [-76.505037, 0.657521], [-76.505022, 0.65753], [-76.505006, 0.65754], [-76.504951, 0.657576], [-76.504882, 0.65762], [-76.504845, 0.657645], [-76.504795, 0.657677], [-76.504764, 0.657696], [-76.504739, 0.657712], [-76.50473, 0.657717], [-76.504726, 0.657719], [-76.504715, 0.657723], [-76.504707, 0.657725], [-76.5047, 0.657727], [-76.504696, 0.657727], [-76.504683, 0.657729], [-76.504676, 0.65773], [-76.504659, 0.657731], [-76.504642, 0.657732], [-76.504624, 0.657732], [-76.504615, 0.657732], [-76.504594, 0.657732], [-76.504578, 0.657731], [-76.504563, 0.657729], [-76.504554, 0.657728], [-76.504541, 0.657726], [-76.504536, 0.657724], [-76.504522, 0.657719], [-76.504497, 0.65771], [-76.504479, 0.657703], [-76.504414, 0.657676], [-76.504399, 0.65767], [-76.504354, 0.657653], [-76.504338, 0.657647], [-76.504301, 0.657633], [-76.504273, 0.657623], [-76.50426, 0.657619], [-76.504235, 0.657611], [-76.504213, 0.657605], [-76.504191, 0.6576], [-76.504171, 0.657595], [-76.504151, 0.657591], [-76.504134, 0.657588], [-76.504117, 0.657586], [-76.504104, 0.657585], [-76.504099, 0.657585], [-76.50409, 0.657585], [-76.504081, 0.657586], [-76.504068, 0.657587], [-76.50406, 0.657588], [-76.504051, 0.65759], [-76.504033, 0.657594], [-76.504024, 0.657596], [-76.504003, 0.657601], [-76.503993, 0.657604], [-76.50397, 0.657611], [-76.503942, 0.65762], [-76.50391, 0.657631], [-76.503844, 0.657654], [-76.503805, 0.657668], [-76.503777, 0.657678], [-76.503749, 0.657686], [-76.503735, 0.65769], [-76.503713, 0.657696], [-76.503701, 0.657699], [-76.503681, 0.657704], [-76.503659, 0.657709], [-76.503646, 0.657711], [-76.503627, 0.657714], [-76.503613, 0.657716], [-76.503609, 0.657716], [-76.503605, 0.657716], [-76.503588, 0.657714], [-76.503578, 0.657712], [-76.503557, 0.657709], [-76.503535, 0.657705], [-76.50351, 0.6577], [-76.503492, 0.657695], [-76.50345, 0.657686], [-76.503395, 0.657672], [-76.503355, 0.657663], [-76.503327, 0.657657], [-76.503302, 0.657652], [-76.503278, 0.657648], [-76.503266, 0.657647], [-76.50324, 0.657643], [-76.503227, 0.657642], [-76.503202, 0.65764], [-76.503187, 0.657639], [-76.503159, 0.657637], [-76.503146, 0.657636], [-76.503119, 0.657636], [-76.50309, 0.657635], [-76.503071, 0.657636], [-76.503062, 0.657636], [-76.503052, 0.657637], [-76.503044, 0.657638], [-76.503042, 0.657638], [-76.503039, 0.657639], [-76.503027, 0.657643], [-76.503015, 0.657647], [-76.50299, 0.657656], [-76.502978, 0.657661], [-76.502953, 0.657671], [-76.502942, 0.657676], [-76.502931, 0.65768], [-76.50293, 0.657681], [-76.502927, 0.657683], [-76.502908, 0.657698], [-76.502899, 0.657705], [-76.50289, 0.657713], [-76.50288, 0.657722], [-76.502864, 0.657736], [-76.502855, 0.657745], [-76.502847, 0.657753], [-76.502838, 0.657762], [-76.502829, 0.657772], [-76.502822, 0.65778], [-76.502814, 0.657789], [-76.502798, 0.657808], [-76.502791, 0.657818], [-76.502782, 0.657829], [-76.502773, 0.657841], [-76.502764, 0.657853], [-76.502756, 0.657865], [-76.502743, 0.657884], [-76.502724, 0.657913], [-76.502703, 0.657946], [-76.502651, 0.658032], [-76.502636, 0.658057], [-76.502602, 0.658115], [-76.50257, 0.658169], [-76.502514, 0.65827], [-76.502404, 0.658464], [-76.502351, 0.658559], [-76.502331, 0.658594], [-76.50231, 0.65863], [-76.502297, 0.658653], [-76.502273, 0.658692], [-76.502254, 0.658721], [-76.502211, 0.658788], [-76.502197, 0.658809], [-76.502159, 0.658868], [-76.502137, 0.658903], [-76.502119, 0.658929], [-76.502093, 0.658967], [-76.502086, 0.658977], [-76.502076, 0.658992], [-76.50204, 0.659041], [-76.501993, 0.659105], [-76.501933, 0.659184], [-76.501908, 0.659218], [-76.501888, 0.659245], [-76.501839, 0.659313], [-76.501828, 0.659328], [-76.501777, 0.659398], [-76.501763, 0.659417], [-76.501739, 0.659449], [-76.501718, 0.65948], [-76.501702, 0.659504], [-76.501685, 0.65953], [-76.501656, 0.659574], [-76.501645, 0.659591], [-76.501635, 0.659607], [-76.501617, 0.659636], [-76.501608, 0.659651], [-76.5016, 0.659666], [-76.501582, 0.659697], [-76.501572, 0.659718], [-76.50156, 0.65974], [-76.501549, 0.659765], [-76.501537, 0.65979], [-76.501529, 0.659812], [-76.501523, 0.659827], [-76.501512, 0.659855], [-76.501502, 0.659884], [-76.501489, 0.659923], [-76.501484, 0.65994], [-76.501479, 0.659956], [-76.501467, 0.659994], [-76.501442, 0.660085], [-76.501428, 0.66013], [-76.501419, 0.66016], [-76.501412, 0.66018], [-76.501403, 0.660205], [-76.501399, 0.660216], [-76.501395, 0.660226], [-76.501388, 0.660242], [-76.501385, 0.660248], [-76.501379, 0.66026], [-76.501366, 0.660283], [-76.501352, 0.660307], [-76.501344, 0.660319], [-76.501338, 0.660329], [-76.501329, 0.660341], [-76.501314, 0.660362], [-76.501298, 0.660382], [-76.501283, 0.660401], [-76.501264, 0.660423], [-76.501247, 0.660442], [-76.501233, 0.660457], [-76.501217, 0.660473], [-76.501202, 0.660488], [-76.501186, 0.660505], [-76.501136, 0.660554], [-76.501122, 0.660568], [-76.501098, 0.660593], [-76.501087, 0.660604], [-76.501078, 0.660615], [-76.501068, 0.660625], [-76.50106, 0.660635], [-76.501043, 0.660655], [-76.50103, 0.660671], [-76.501023, 0.660681], [-76.501016, 0.660691], [-76.501009, 0.660701], [-76.501003, 0.66071], [-76.500991, 0.660728], [-76.500979, 0.660747], [-76.500967, 0.660769], [-76.500955, 0.66079], [-76.500944, 0.660813], [-76.500939, 0.660823], [-76.500928, 0.660846], [-76.500919, 0.660866], [-76.500914, 0.660878], [-76.500904, 0.660904], [-76.5009, 0.660917], [-76.500889, 0.660946], [-76.500876, 0.660987], [-76.50087, 0.661005], [-76.500857, 0.661045], [-76.500831, 0.66113], [-76.500801, 0.661231], [-76.500789, 0.661273], [-76.500784, 0.661287], [-76.50078, 0.6613], [-76.500774, 0.661317], [-76.500763, 0.661347], [-76.500756, 0.661365], [-76.500745, 0.66139], [-76.500736, 0.661408], [-76.500731, 0.661421], [-76.50072, 0.661442], [-76.500719, 0.661444], [-76.500717, 0.661446], [-76.500714, 0.66145], [-76.500713, 0.661451], [-76.500711, 0.661453], [-76.500706, 0.661456], [-76.500705, 0.661458], [-76.500703, 0.661458], [-76.500701, 0.661459], [-76.500674, 0.66147], [-76.500657, 0.661476], [-76.500633, 0.661484], [-76.500605, 0.661494], [-76.500589, 0.661499], [-76.500565, 0.661506], [-76.500536, 0.661514], [-76.500505, 0.661522], [-76.500477, 0.661529], [-76.500446, 0.661536], [-76.50041, 0.661544], [-76.500391, 0.661548], [-76.500354, 0.661555], [-76.50025, 0.661575], [-76.500209, 0.661583], [-76.500187, 0.661587], [-76.500151, 0.661594], [-76.500123, 0.661601], [-76.500108, 0.661604], [-76.500079, 0.661611], [-76.500051, 0.661619], [-76.500037, 0.661623], [-76.500009, 0.661632], [-76.49998, 0.661641], [-76.499965, 0.661646], [-76.499936, 0.661657], [-76.499922, 0.661662], [-76.499906, 0.661668], [-76.499878, 0.661679], [-76.499864, 0.661685], [-76.499833, 0.661699], [-76.499808, 0.66171], [-76.499767, 0.66173], [-76.499744, 0.661741], [-76.499633, 0.661797], [-76.499577, 0.661824], [-76.499561, 0.661832], [-76.499539, 0.661842], [-76.499516, 0.661852], [-76.499498, 0.661859], [-76.499474, 0.661868], [-76.499461, 0.661872], [-76.499448, 0.661876], [-76.499436, 0.66188], [-76.499422, 0.661884], [-76.49941, 0.661887], [-76.499392, 0.661892], [-76.499381, 0.661895], [-76.499372, 0.661897], [-76.499355, 0.6619], [-76.499338, 0.661903], [-76.499328, 0.661905], [-76.499317, 0.661906], [-76.499296, 0.661908], [-76.499279, 0.661909], [-76.499255, 0.66191], [-76.499232, 0.66191], [-76.499208, 0.66191], [-76.499196, 0.66191], [-76.499184, 0.661909], [-76.499173, 0.661908], [-76.499148, 0.661906], [-76.499123, 0.661904], [-76.49911, 0.661902], [-76.499097, 0.6619], [-76.499071, 0.661896], [-76.49905, 0.661892], [-76.499021, 0.661887], [-76.498992, 0.66188], [-76.498964, 0.661873], [-76.498945, 0.661868], [-76.498931, 0.661864], [-76.4989, 0.661854], [-76.498869, 0.661844], [-76.498847, 0.661837], [-76.498816, 0.661825], [-76.498801, 0.66182], [-76.49877, 0.661807], [-76.498726, 0.661789], [-76.498653, 0.661759], [-76.498581, 0.661729], [-76.498518, 0.661704], [-76.49847, 0.661685], [-76.498404, 0.66166], [-76.498353, 0.661641], [-76.498334, 0.661634], [-76.498287, 0.661617], [-76.498253, 0.661606], [-76.498245, 0.661603], [-76.49822, 0.661597], [-76.498199, 0.661593], [-76.498182, 0.66159], [-76.49815, 0.661583], [-76.498138, 0.661581], [-76.498116, 0.661578], [-76.498104, 0.661576], [-76.49808, 0.661573], [-76.498066, 0.661572], [-76.49804, 0.661571], [-76.498014, 0.661571], [-76.497992, 0.661571], [-76.49797, 0.661572], [-76.497947, 0.661574], [-76.497936, 0.661575], [-76.49793, 0.661577], [-76.497921, 0.661579], [-76.497917, 0.661581], [-76.497908, 0.661586], [-76.497895, 0.661593], [-76.497871, 0.661608], [-76.497858, 0.661617], [-76.497795, 0.661658], [-76.497762, 0.661679], [-76.497735, 0.661695], [-76.497718, 0.661706], [-76.497701, 0.661716], [-76.497691, 0.661721], [-76.497654, 0.661742], [-76.497598, 0.661773], [-76.497512, 0.661818], [-76.497488, 0.661831], [-76.497453, 0.66185], [-76.497428, 0.661864], [-76.497398, 0.661881], [-76.497344, 0.661915], [-76.497331, 0.661923], [-76.497305, 0.66194], [-76.497283, 0.661956], [-76.497269, 0.661965], [-76.497259, 0.661973], [-76.497249, 0.661981], [-76.49724, 0.661988], [-76.497229, 0.661997], [-76.497218, 0.662006], [-76.4972, 0.662021], [-76.497184, 0.662036], [-76.497165, 0.662052], [-76.497147, 0.662069], [-76.497109, 0.662103], [-76.497077, 0.662133], [-76.497061, 0.662148], [-76.497044, 0.662164], [-76.497026, 0.662183], [-76.497023, 0.662186], [-76.497022, 0.662188], [-76.497009, 0.662206], [-76.496996, 0.662224], [-76.496985, 0.66224], [-76.496975, 0.662255], [-76.496885, 0.662396], [-76.496854, 0.662443], [-76.496846, 0.662455], [-76.496821, 0.662491], [-76.496804, 0.662516], [-76.496793, 0.66253], [-76.496777, 0.662552], [-76.496765, 0.662567], [-76.496751, 0.662586], [-76.496749, 0.662587], [-76.496748, 0.662589], [-76.496742, 0.662593], [-76.496733, 0.662597], [-76.496731, 0.662598], [-76.496727, 0.662599], [-76.496688, 0.662612], [-76.49668, 0.662614], [-76.496678, 0.662614], [-76.496662, 0.662616], [-76.496626, 0.66262], [-76.496592, 0.662623], [-76.496566, 0.662625], [-76.496552, 0.662626], [-76.496525, 0.662628], [-76.49651, 0.662628], [-76.496482, 0.662629], [-76.496464, 0.662628], [-76.49644, 0.662628], [-76.496428, 0.662627], [-76.496404, 0.662625], [-76.496382, 0.662623], [-76.496372, 0.662622], [-76.496353, 0.662619], [-76.496343, 0.662618], [-76.496333, 0.662616], [-76.496313, 0.662612], [-76.496303, 0.66261], [-76.496283, 0.662605], [-76.496273, 0.662602], [-76.496253, 0.662596], [-76.496231, 0.662589], [-76.496206, 0.66258], [-76.496193, 0.662576], [-76.496164, 0.662564], [-76.496139, 0.662554], [-76.496086, 0.662532], [-76.496062, 0.662522], [-76.496038, 0.662513], [-76.496025, 0.662509], [-76.496013, 0.662505], [-76.495991, 0.662498], [-76.49597, 0.662492], [-76.495951, 0.662487], [-76.495932, 0.662482], [-76.495918, 0.66248], [-76.495903, 0.662478], [-76.495897, 0.662477], [-76.495888, 0.662477], [-76.495876, 0.662479], [-76.495857, 0.662482], [-76.495847, 0.662484], [-76.495829, 0.662487], [-76.49582, 0.662489], [-76.495811, 0.662492], [-76.495792, 0.662497], [-76.495771, 0.662504], [-76.49575, 0.662511], [-76.495727, 0.662519], [-76.495715, 0.662524], [-76.495705, 0.662528], [-76.49568, 0.662539], [-76.495654, 0.662551], [-76.495629, 0.662563], [-76.495615, 0.66257], [-76.495584, 0.662586], [-76.495558, 0.6626], [-76.495482, 0.662641], [-76.495456, 0.662655], [-76.495398, 0.662686], [-76.49538, 0.662696], [-76.495338, 0.662717], [-76.495315, 0.662728], [-76.49528, 0.662745], [-76.49524, 0.662763], [-76.495211, 0.662776], [-76.49517, 0.662793], [-76.495131, 0.662809], [-76.495111, 0.662817], [-76.495075, 0.66283], [-76.495038, 0.662843], [-76.495006, 0.662854], [-76.494995, 0.662858], [-76.494977, 0.662864], [-76.494945, 0.662874], [-76.49494, 0.662875], [-76.494933, 0.662875], [-76.494929, 0.662875], [-76.494914, 0.662874], [-76.494905, 0.662872], [-76.494889, 0.662869], [-76.494869, 0.662864], [-76.494844, 0.662857], [-76.494807, 0.662848], [-76.494786, 0.662842], [-76.494767, 0.662837], [-76.494721, 0.662823], [-76.494678, 0.66281], [-76.494589, 0.662782], [-76.494556, 0.662772], [-76.494522, 0.662762], [-76.494496, 0.662755], [-76.494472, 0.662749], [-76.494453, 0.662744], [-76.494443, 0.662742], [-76.494421, 0.662738], [-76.494399, 0.662735], [-76.494375, 0.662731], [-76.49435, 0.662728], [-76.494321, 0.662726], [-76.494289, 0.662723], [-76.494269, 0.662722], [-76.494239, 0.662721], [-76.494172, 0.662717], [-76.494128, 0.662715], [-76.494108, 0.662713], [-76.494087, 0.662712], [-76.494066, 0.66271], [-76.494055, 0.662709], [-76.494012, 0.662704], [-76.493992, 0.662702], [-76.493989, 0.662701], [-76.493984, 0.662701], [-76.493981, 0.662702], [-76.493978, 0.662702], [-76.493973, 0.662704], [-76.49397, 0.662704], [-76.493965, 0.662707], [-76.49396, 0.66271], [-76.493958, 0.662712], [-76.493955, 0.662714], [-76.493953, 0.662716], [-76.49395, 0.662719], [-76.493948, 0.662721], [-76.493945, 0.662725], [-76.493943, 0.662728], [-76.49394, 0.662732], [-76.493933, 0.662743], [-76.493929, 0.66275], [-76.493925, 0.662758], [-76.493916, 0.662775], [-76.493892, 0.662822], [-76.493875, 0.662855], [-76.493867, 0.662871], [-76.493858, 0.662887], [-76.493842, 0.662913], [-76.493828, 0.662937], [-76.493816, 0.662956], [-76.49381, 0.662964], [-76.4938, 0.662979], [-76.493793, 0.662988], [-76.493786, 0.662997], [-76.493778, 0.663007], [-76.493769, 0.663018], [-76.493758, 0.663031], [-76.493728, 0.663067], [-76.49371, 0.663088], [-76.493697, 0.663103], [-76.493677, 0.663129], [-76.493659, 0.663151], [-76.493652, 0.663162], [-76.493644, 0.663173], [-76.493633, 0.663189], [-76.49362, 0.663209], [-76.493614, 0.66322], [-76.493606, 0.663232], [-76.493596, 0.66325], [-76.493582, 0.663277], [-76.493574, 0.663293], [-76.493555, 0.663331], [-76.493535, 0.663373], [-76.493513, 0.663418], [-76.493498, 0.663451], [-76.493474, 0.663506], [-76.493438, 0.663592], [-76.49339, 0.663701], [-76.493368, 0.663752], [-76.493354, 0.663785], [-76.493334, 0.663829], [-76.493322, 0.663854], [-76.493313, 0.663873], [-76.493263, 0.663974], [-76.493209, 0.664085], [-76.493185, 0.664136], [-76.493177, 0.664154], [-76.493162, 0.664189], [-76.493125, 0.664272], [-76.493092, 0.664346], [-76.493083, 0.664367], [-76.493067, 0.664404], [-76.493037, 0.66448], [-76.493024, 0.664514], [-76.493011, 0.664549], [-76.493005, 0.664567], [-76.492997, 0.66459], [-76.492976, 0.664658], [-76.492974, 0.664665], [-76.492967, 0.66469], [-76.492961, 0.664713], [-76.492956, 0.664738], [-76.492953, 0.66475], [-76.492949, 0.664774], [-76.492947, 0.664787], [-76.492943, 0.664813], [-76.492939, 0.664842], [-76.492937, 0.664858], [-76.492934, 0.664889], [-76.492932, 0.664913], [-76.492932, 0.664924], [-76.492931, 0.66494], [-76.49293, 0.664973], [-76.492929, 0.665046], [-76.492927, 0.665117], [-76.492922, 0.665283], [-76.492919, 0.665352], [-76.492918, 0.665399], [-76.492918, 0.665435], [-76.492917, 0.665509], [-76.492918, 0.66555], [-76.492918, 0.665601], [-76.492919, 0.665654], [-76.492922, 0.665761], [-76.492922, 0.665804], [-76.492922, 0.665818], [-76.492921, 0.665928], [-76.492921, 0.665964], [-76.49292, 0.665992], [-76.492918, 0.666017], [-76.492917, 0.666029], [-76.492915, 0.666051], [-76.492914, 0.666061], [-76.492911, 0.666087], [-76.49291, 0.666092], [-76.492909, 0.666095], [-76.492907, 0.666099], [-76.492898, 0.666113], [-76.492887, 0.66613], [-76.49288, 0.666141], [-76.492866, 0.66616], [-76.49285, 0.666182], [-76.492832, 0.666205], [-76.492822, 0.666217], [-76.492812, 0.66623], [-76.492798, 0.666247], [-76.492787, 0.666258], [-76.492776, 0.666271], [-76.492765, 0.666283], [-76.492754, 0.666295], [-76.492741, 0.666309], [-76.492715, 0.666335], [-76.492685, 0.666365], [-76.492646, 0.666403], [-76.492608, 0.666439], [-76.492558, 0.666488], [-76.492486, 0.666559], [-76.492401, 0.666642], [-76.49236, 0.666681], [-76.492329, 0.666711], [-76.492314, 0.666725], [-76.4923, 0.666738], [-76.492285, 0.666751], [-76.492271, 0.666762], [-76.49226, 0.666772], [-76.492249, 0.666781], [-76.49223, 0.666796], [-76.492214, 0.666809], [-76.492189, 0.666826], [-76.492162, 0.666845], [-76.492138, 0.66686], [-76.492056, 0.666913], [-76.49202, 0.666936], [-76.491976, 0.666965], [-76.491957, 0.666978], [-76.491939, 0.66699], [-76.491901, 0.667016], [-76.491863, 0.667043], [-76.491844, 0.667057], [-76.491802, 0.667088], [-76.49176, 0.66712], [-76.491713, 0.667157], [-76.491629, 0.667222], [-76.491595, 0.667249], [-76.491572, 0.667266], [-76.49154, 0.667291], [-76.491523, 0.667303], [-76.491495, 0.667322], [-76.491468, 0.667341], [-76.491399, 0.667389], [-76.491328, 0.667438], [-76.491238, 0.667502], [-76.491195, 0.667532], [-76.491164, 0.667555], [-76.49115, 0.667566], [-76.491133, 0.667579], [-76.491016, 0.667671], [-76.490926, 0.667742], [-76.490905, 0.667759], [-76.490872, 0.667786], [-76.49085, 0.667804], [-76.490796, 0.667848], [-76.490736, 0.667899], [-76.490713, 0.667918], [-76.490693, 0.667935], [-76.490675, 0.667951], [-76.49066, 0.667964], [-76.490638, 0.667985], [-76.490624, 0.667998], [-76.49061, 0.668011], [-76.490595, 0.668026], [-76.490583, 0.668038], [-76.490566, 0.668056], [-76.490554, 0.668068], [-76.490532, 0.668092], [-76.490521, 0.668105], [-76.490509, 0.668118], [-76.490498, 0.668131], [-76.490488, 0.668144], [-76.490477, 0.668157], [-76.490467, 0.66817], [-76.490458, 0.668182], [-76.49045, 0.668194], [-76.490433, 0.668218], [-76.490418, 0.66824], [-76.490407, 0.668257], [-76.490395, 0.668276], [-76.490393, 0.668279], [-76.490392, 0.668281], [-76.49039, 0.668287], [-76.490389, 0.66829], [-76.490388, 0.668302], [-76.490386, 0.668342], [-76.490383, 0.668409], [-76.490378, 0.668499], [-76.490375, 0.668555], [-76.490373, 0.668604], [-76.49037, 0.668656], [-76.490368, 0.66868], [-76.490364, 0.668726], [-76.490363, 0.668744], [-76.49036, 0.668771], [-76.490356, 0.668808], [-76.490353, 0.668834], [-76.490345, 0.668892], [-76.490338, 0.668946], [-76.490333, 0.668982], [-76.490323, 0.669047], [-76.490318, 0.669073], [-76.490312, 0.669108], [-76.490305, 0.669144], [-76.490301, 0.669166], [-76.490289, 0.669219], [-76.490272, 0.669298], [-76.490263, 0.669337], [-76.490259, 0.669354], [-76.490255, 0.669368], [-76.490246, 0.669403], [-76.490242, 0.669417], [-76.490232, 0.669453], [-76.490226, 0.669471], [-76.490214, 0.669508], [-76.490205, 0.669536], [-76.490199, 0.669552], [-76.490188, 0.669583], [-76.490181, 0.669601], [-76.490174, 0.669618], [-76.490164, 0.669643], [-76.490149, 0.669678], [-76.49014, 0.669697], [-76.490131, 0.669717], [-76.490116, 0.669749], [-76.490095, 0.669791], [-76.490081, 0.66982], [-76.490063, 0.669856], [-76.490051, 0.669879], [-76.490039, 0.669901], [-76.490019, 0.669938], [-76.490013, 0.669948], [-76.489998, 0.669974], [-76.489981, 0.670004], [-76.489972, 0.670018], [-76.489955, 0.670045], [-76.489934, 0.670076], [-76.489922, 0.670093], [-76.489905, 0.670118], [-76.489868, 0.670169], [-76.489829, 0.670222], [-76.489781, 0.670287], [-76.489754, 0.670323], [-76.489726, 0.670363], [-76.489712, 0.670385], [-76.489691, 0.670415], [-76.489679, 0.670434], [-76.489677, 0.670438], [-76.489675, 0.670442], [-76.489665, 0.670469], [-76.48966, 0.670483], [-76.489655, 0.670498], [-76.489647, 0.670522], [-76.489645, 0.670529], [-76.48964, 0.670546], [-76.489638, 0.670559], [-76.489634, 0.670584], [-76.48963, 0.670607], [-76.489628, 0.670632], [-76.489626, 0.670654], [-76.489624, 0.670682], [-76.489622, 0.67071], [-76.489622, 0.670736], [-76.489621, 0.670781], [-76.489621, 0.670835], [-76.489621, 0.670866], [-76.489622, 0.670899], [-76.489624, 0.671039], [-76.489625, 0.671085], [-76.489625, 0.6712], [-76.489625, 0.67133], [-76.489626, 0.671367], [-76.489628, 0.671484], [-76.489628, 0.671523], [-76.489628, 0.671543], [-76.489628, 0.671577], [-76.489627, 0.671615], [-76.489626, 0.671633], [-76.489625, 0.671664], [-76.489623, 0.671687], [-76.48962, 0.67172], [-76.489617, 0.67175], [-76.489614, 0.671775], [-76.489611, 0.671794], [-76.489607, 0.671817], [-76.489604, 0.671828], [-76.489599, 0.67185], [-76.489594, 0.671871], [-76.489588, 0.671893], [-76.489585, 0.671901], [-76.489582, 0.671912], [-76.489578, 0.67192], [-76.489572, 0.671931], [-76.489566, 0.671943], [-76.48956, 0.671954], [-76.489553, 0.671966], [-76.489545, 0.671978], [-76.489539, 0.671989], [-76.489525, 0.672011], [-76.489524, 0.672013], [-76.489522, 0.672014], [-76.489517, 0.67202], [-76.489496, 0.67204], [-76.489486, 0.67205], [-76.489475, 0.67206], [-76.489464, 0.67207], [-76.489453, 0.67208], [-76.489441, 0.67209], [-76.48943, 0.672099], [-76.489408, 0.672116], [-76.489386, 0.672133], [-76.489375, 0.672141], [-76.489357, 0.672153], [-76.489334, 0.672169], [-76.489308, 0.672185], [-76.489277, 0.672202], [-76.489256, 0.672214], [-76.489241, 0.672223], [-76.489212, 0.672238], [-76.489178, 0.672256], [-76.489148, 0.672271], [-76.489098, 0.672296], [-76.489076, 0.672307], [-76.489045, 0.672322], [-76.489014, 0.672338], [-76.488988, 0.672351], [-76.488973, 0.672359], [-76.488953, 0.67237], [-76.48893, 0.672384], [-76.488907, 0.672398], [-76.488895, 0.672405], [-76.488885, 0.672412], [-76.488867, 0.672425], [-76.488855, 0.672433], [-76.488833, 0.672449], [-76.488811, 0.672467], [-76.4888, 0.672476], [-76.488786, 0.672488], [-76.488768, 0.672504], [-76.488741, 0.67253], [-76.488727, 0.672543], [-76.488702, 0.672567], [-76.488679, 0.672592], [-76.488646, 0.672628], [-76.488577, 0.672704], [-76.488549, 0.672735], [-76.488517, 0.672769], [-76.488473, 0.672815], [-76.488444, 0.672846], [-76.488424, 0.672866], [-76.488337, 0.672954], [-76.488314, 0.672978], [-76.48824, 0.673055], [-76.4881, 0.673199], [-76.48807, 0.67323], [-76.488029, 0.67327], [-76.488009, 0.67329], [-76.487982, 0.673316], [-76.487937, 0.673358], [-76.487904, 0.673388], [-76.487832, 0.673455], [-76.487812, 0.673473], [-76.487799, 0.673485], [-76.487785, 0.673499], [-76.487772, 0.673512], [-76.48776, 0.673525], [-76.487738, 0.673547], [-76.48772, 0.673567], [-76.487709, 0.673579], [-76.487698, 0.673592], [-76.487688, 0.673604], [-76.487674, 0.673622], [-76.487658, 0.673643], [-76.487639, 0.67367], [-76.487618, 0.673699], [-76.4876, 0.673727], [-76.487585, 0.673751], [-76.487567, 0.673779], [-76.487547, 0.673814], [-76.487538, 0.673829], [-76.487517, 0.673868], [-76.487506, 0.673887], [-76.487492, 0.673914], [-76.487441, 0.674013], [-76.48743, 0.674034], [-76.487424, 0.674044], [-76.487417, 0.674058], [-76.4874, 0.674085], [-76.487383, 0.674114], [-76.487372, 0.67413], [-76.487359, 0.674149], [-76.487352, 0.674159], [-76.487339, 0.674177], [-76.487326, 0.674194], [-76.487319, 0.674203], [-76.487309, 0.674216], [-76.487303, 0.674223], [-76.487286, 0.674242], [-76.48727, 0.67426], [-76.487263, 0.674267], [-76.487249, 0.674281], [-76.487235, 0.674295], [-76.487229, 0.6743], [-76.487215, 0.674313], [-76.487206, 0.67432], [-76.487186, 0.674337], [-76.487174, 0.674347], [-76.487148, 0.674367], [-76.487123, 0.674385], [-76.487107, 0.674397], [-76.487084, 0.674412], [-76.487062, 0.674426], [-76.487047, 0.674435], [-76.487027, 0.674447], [-76.487004, 0.674461], [-76.486987, 0.674471], [-76.486964, 0.674484], [-76.48695, 0.674492], [-76.486917, 0.674509], [-76.486895, 0.67452], [-76.486858, 0.674538], [-76.486842, 0.674545], [-76.486804, 0.674562], [-76.486769, 0.674577], [-76.4867, 0.674606], [-76.486667, 0.674622], [-76.486636, 0.674636], [-76.486612, 0.674648], [-76.4866, 0.674654], [-76.486581, 0.674664], [-76.486561, 0.674676], [-76.486542, 0.674688], [-76.486527, 0.674698], [-76.486522, 0.674702], [-76.486518, 0.674705], [-76.486515, 0.674708], [-76.486505, 0.674717], [-76.486497, 0.674725], [-76.48649, 0.674733], [-76.486483, 0.67474], [-76.486475, 0.674748], [-76.486468, 0.674757], [-76.486461, 0.674765], [-76.486455, 0.674773], [-76.486449, 0.674781], [-76.486439, 0.674796], [-76.486434, 0.674803], [-76.486425, 0.674819], [-76.486419, 0.67483], [-76.486406, 0.674855], [-76.486388, 0.674892], [-76.486374, 0.674923], [-76.486293, 0.675094], [-76.486285, 0.675112], [-76.48627, 0.675143], [-76.486258, 0.675167], [-76.486251, 0.67518], [-76.486233, 0.675214], [-76.486224, 0.675232], [-76.486209, 0.675259], [-76.4862, 0.675274], [-76.486188, 0.675296], [-76.486178, 0.675312], [-76.486168, 0.675328], [-76.486138, 0.675375], [-76.486124, 0.675396], [-76.486112, 0.675416], [-76.486102, 0.675434], [-76.486093, 0.675449], [-76.486089, 0.675459], [-76.486073, 0.675488], [-76.48606, 0.675514], [-76.486037, 0.675561], [-76.486029, 0.675577], [-76.486023, 0.67559], [-76.486015, 0.675603], [-76.486002, 0.675628], [-76.48599, 0.675648], [-76.485983, 0.675658], [-76.485981, 0.675661], [-76.485979, 0.675663], [-76.485978, 0.675664], [-76.48596, 0.675679], [-76.48595, 0.675688], [-76.485928, 0.675704], [-76.485867, 0.675749], [-76.48585, 0.675762], [-76.485829, 0.675778], [-76.485782, 0.675815], [-76.48574, 0.675847], [-76.485708, 0.675872], [-76.485696, 0.675881], [-76.485683, 0.67589], [-76.485668, 0.6759], [-76.485653, 0.67591], [-76.48562, 0.675931], [-76.485603, 0.675942], [-76.485538, 0.675982], [-76.485519, 0.675994], [-76.485484, 0.676016], [-76.485441, 0.676044], [-76.485388, 0.67608], [-76.485348, 0.676107], [-76.48523, 0.67619], [-76.485177, 0.676227], [-76.485141, 0.676251], [-76.485123, 0.676263], [-76.485036, 0.676319], [-76.484999, 0.676344], [-76.484983, 0.676355], [-76.484958, 0.676373], [-76.484941, 0.676384], [-76.484918, 0.676401], [-76.484882, 0.676429], [-76.484852, 0.676453], [-76.484823, 0.676477], [-76.484789, 0.676506], [-76.484749, 0.67654], [-76.484711, 0.676573], [-76.484685, 0.676596], [-76.484657, 0.67662], [-76.484589, 0.676678], [-76.484577, 0.676688], [-76.484563, 0.676701], [-76.484562, 0.676702], [-76.484561, 0.676704], [-76.484556, 0.676711], [-76.484541, 0.676735], [-76.484534, 0.676747], [-76.484521, 0.676769], [-76.484507, 0.676794], [-76.484506, 0.676797], [-76.484504, 0.676801], [-76.484489, 0.676857], [-76.484487, 0.676868], [-76.48448, 0.676903], [-76.484476, 0.676926], [-76.484476, 0.67693], [-76.484478, 0.676947], [-76.484479, 0.676961], [-76.484482, 0.676986], [-76.484482, 0.676991], [-76.484483, 0.676992], [-76.484487, 0.677005], [-76.484496, 0.677033], [-76.484501, 0.677045], [-76.484503, 0.67705], [-76.484514, 0.677069], [-76.484522, 0.677083], [-76.484539, 0.677112], [-76.484554, 0.677134], [-76.484563, 0.677148], [-76.484571, 0.67716], [-76.484588, 0.677184], [-76.484606, 0.677208], [-76.484621, 0.677228], [-76.484638, 0.677249], [-76.484648, 0.677261], [-76.484658, 0.677272], [-76.484668, 0.677283], [-76.484679, 0.677296], [-76.484701, 0.67732], [-76.484715, 0.677334], [-76.48473, 0.677349], [-76.484772, 0.677391], [-76.484796, 0.677414], [-76.48482, 0.67744], [-76.484836, 0.677456], [-76.484851, 0.677472], [-76.484875, 0.677499], [-76.484895, 0.677523], [-76.484905, 0.677536], [-76.484914, 0.677547], [-76.48493, 0.677567], [-76.484937, 0.677577], [-76.484952, 0.677598], [-76.484965, 0.677616], [-76.484973, 0.677629], [-76.484975, 0.677634], [-76.484976, 0.677636], [-76.484978, 0.677642], [-76.484979, 0.677647], [-76.48498, 0.677656], [-76.484981, 0.677672], [-76.484982, 0.677682], [-76.484983, 0.677704], [-76.484983, 0.677715], [-76.484984, 0.677736], [-76.484983, 0.67774], [-76.484983, 0.677742], [-76.484979, 0.677758], [-76.484975, 0.677773], [-76.484968, 0.677795], [-76.484964, 0.677806], [-76.484955, 0.67783], [-76.484944, 0.677858], [-76.484934, 0.677881], [-76.48492, 0.677914], [-76.484901, 0.677954], [-76.48481, 0.678146], [-76.484792, 0.678186], [-76.484777, 0.678219], [-76.484767, 0.678243], [-76.484752, 0.678279], [-76.484739, 0.678312], [-76.484722, 0.678359], [-76.484702, 0.678412], [-76.48469, 0.678446], [-76.484682, 0.678471], [-76.484678, 0.678483], [-76.484674, 0.678497], [-76.484667, 0.678523], [-76.48466, 0.678549], [-76.484654, 0.678575], [-76.484648, 0.678601], [-76.484643, 0.678629], [-76.484639, 0.678652], [-76.484638, 0.678663], [-76.484635, 0.678681], [-76.484633, 0.678705], [-76.484631, 0.67873], [-76.48463, 0.678742], [-76.484629, 0.67877], [-76.484627, 0.678807], [-76.484626, 0.678845], [-76.484625, 0.678869], [-76.484625, 0.678903], [-76.484625, 0.678956], [-76.484627, 0.679068], [-76.484629, 0.679244], [-76.48463, 0.679286], [-76.48463, 0.679358], [-76.48463, 0.679381], [-76.484629, 0.679423], [-76.484628, 0.679442], [-76.484627, 0.679477], [-76.484626, 0.679502], [-76.484625, 0.679524], [-76.484624, 0.679539], [-76.484621, 0.679572], [-76.484618, 0.679606], [-76.484615, 0.679636], [-76.484613, 0.679653], [-76.484608, 0.679686], [-76.484602, 0.67972], [-76.484594, 0.679766], [-76.484589, 0.679797], [-76.484585, 0.679814], [-76.484581, 0.679833], [-76.484577, 0.679851], [-76.484568, 0.679887], [-76.484555, 0.67994], [-76.484545, 0.679979], [-76.484543, 0.679986], [-76.484539, 0.679996], [-76.484534, 0.680009], [-76.484529, 0.680022], [-76.484518, 0.680048], [-76.484517, 0.68005], [-76.484516, 0.680051], [-76.484496, 0.680075], [-76.484475, 0.680102], [-76.48446, 0.680118], [-76.484449, 0.680132], [-76.484441, 0.680141], [-76.484439, 0.680143], [-76.484437, 0.680145], [-76.484431, 0.68015], [-76.484413, 0.680163], [-76.484401, 0.680172], [-76.484375, 0.680189], [-76.484363, 0.680197], [-76.484339, 0.680213], [-76.484326, 0.680221], [-76.484309, 0.680231], [-76.484284, 0.680245], [-76.484271, 0.680252], [-76.484248, 0.680264], [-76.484236, 0.680269], [-76.484226, 0.680274], [-76.484213, 0.68028], [-76.4842, 0.680286], [-76.484172, 0.680298], [-76.484157, 0.680304], [-76.484142, 0.68031], [-76.484117, 0.680319], [-76.48408, 0.680333], [-76.484055, 0.680341], [-76.484034, 0.680348], [-76.48398, 0.680366], [-76.483938, 0.680379], [-76.483905, 0.68039], [-76.483876, 0.680399], [-76.483862, 0.680404], [-76.483832, 0.680414], [-76.483811, 0.680422], [-76.483795, 0.680428], [-76.483769, 0.680438], [-76.483741, 0.68045], [-76.483727, 0.680457], [-76.483703, 0.680467], [-76.483689, 0.680474], [-76.483658, 0.680489], [-76.483642, 0.680498], [-76.483608, 0.680515], [-76.483575, 0.680534], [-76.483542, 0.680553], [-76.48351, 0.680572], [-76.483495, 0.680582], [-76.483463, 0.680601], [-76.483424, 0.680627], [-76.483399, 0.680643], [-76.483373, 0.680659], [-76.483327, 0.680687], [-76.483297, 0.680705], [-76.48328, 0.680716], [-76.483206, 0.680764], [-76.483179, 0.680782], [-76.483135, 0.68081], [-76.483076, 0.680847], [-76.483015, 0.680886], [-76.482977, 0.680911], [-76.482958, 0.680923], [-76.482935, 0.680939], [-76.482916, 0.680953], [-76.482894, 0.680968], [-76.48288, 0.680979], [-76.482851, 0.681], [-76.482826, 0.68102], [-76.482812, 0.681032], [-76.482798, 0.681043], [-76.482784, 0.681055], [-76.48277, 0.681067], [-76.482758, 0.681078], [-76.482747, 0.681088], [-76.482737, 0.681097], [-76.482727, 0.681106], [-76.482718, 0.681116], [-76.482709, 0.681125], [-76.4827, 0.681135], [-76.482691, 0.681144], [-76.482684, 0.681153], [-76.482676, 0.681162], [-76.482666, 0.681174], [-76.482659, 0.681182], [-76.482653, 0.681191], [-76.482643, 0.681205], [-76.482634, 0.681218], [-76.48263, 0.681225], [-76.48262, 0.681242], [-76.482609, 0.681264], [-76.482603, 0.681276], [-76.48259, 0.681303], [-76.482572, 0.681341], [-76.482551, 0.681389], [-76.482549, 0.681393], [-76.48254, 0.681446], [-76.482533, 0.681486], [-76.482532, 0.681491], [-76.482532, 0.681493], [-76.482532, 0.681495], [-76.482532, 0.681503], [-76.482536, 0.681523], [-76.482541, 0.681549], [-76.482545, 0.681569], [-76.48255, 0.681592], [-76.482555, 0.681611], [-76.482557, 0.681615], [-76.48256, 0.681621], [-76.482562, 0.681623], [-76.48257, 0.681633], [-76.482578, 0.681644], [-76.482584, 0.681651], [-76.48261, 0.681682], [-76.482614, 0.681686], [-76.482618, 0.68169], [-76.482624, 0.681696], [-76.482631, 0.681702], [-76.482638, 0.681709], [-76.482651, 0.681719], [-76.482665, 0.681731], [-76.482683, 0.681746], [-76.482696, 0.681756], [-76.482746, 0.681793], [-76.48285, 0.681872], [-76.482881, 0.681895], [-76.482907, 0.681916], [-76.482918, 0.681925], [-76.482928, 0.681934], [-76.482939, 0.681943], [-76.482948, 0.681952], [-76.482958, 0.68196], [-76.482967, 0.681969], [-76.482977, 0.681979], [-76.482986, 0.681988], [-76.482994, 0.681997], [-76.483003, 0.682007], [-76.483012, 0.682016], [-76.48302, 0.682026], [-76.483028, 0.682035], [-76.483036, 0.682044], [-76.483043, 0.682053], [-76.48305, 0.682063], [-76.483057, 0.682072], [-76.48306, 0.682076], [-76.483061, 0.682078], [-76.483063, 0.682083], [-76.483064, 0.682085], [-76.483066, 0.682096], [-76.483071, 0.682118], [-76.483075, 0.682142], [-76.483078, 0.682166], [-76.483081, 0.68219], [-76.483083, 0.682214], [-76.483084, 0.682226], [-76.483085, 0.682253], [-76.483086, 0.682266], [-76.483086, 0.682289], [-76.483087, 0.682303], [-76.483086, 0.682333], [-76.483085, 0.682364], [-76.483085, 0.682379], [-76.483083, 0.682403], [-76.483081, 0.682434], [-76.48308, 0.682447], [-76.483077, 0.682476], [-76.483075, 0.682491], [-76.483071, 0.682519], [-76.483066, 0.682555], [-76.483061, 0.682586], [-76.48306, 0.68259], [-76.483057, 0.682597], [-76.483056, 0.682599], [-76.483054, 0.682604], [-76.48304, 0.682627], [-76.483017, 0.682663], [-76.482998, 0.682694], [-76.48298, 0.682722], [-76.482966, 0.682743], [-76.482931, 0.682795], [-76.48289, 0.682854], [-76.48286, 0.682898], [-76.482842, 0.682921], [-76.482798, 0.682978], [-76.482779, 0.683004], [-76.482766, 0.683022], [-76.482754, 0.683038], [-76.482746, 0.68305], [-76.482738, 0.683061], [-76.482732, 0.683071], [-76.482719, 0.683091], [-76.482708, 0.68311], [-76.482698, 0.683129], [-76.482693, 0.683138], [-76.482685, 0.683154], [-76.482681, 0.683162], [-76.482674, 0.683178], [-76.482665, 0.683202], [-76.482661, 0.683213], [-76.482652, 0.683238], [-76.482647, 0.683251], [-76.482638, 0.68328], [-76.482626, 0.683321], [-76.482614, 0.68336], [-76.482613, 0.683365], [-76.482612, 0.683373], [-76.48261, 0.683423], [-76.482609, 0.683473], [-76.482609, 0.68351], [-76.482609, 0.683537], [-76.482609, 0.683552], [-76.48261, 0.683582], [-76.482611, 0.683597], [-76.482613, 0.683625], [-76.482615, 0.683653], [-76.482616, 0.683666], [-76.482619, 0.683692], [-76.482621, 0.683706], [-76.482623, 0.683722], [-76.482628, 0.683752], [-76.482634, 0.683786], [-76.482641, 0.683824], [-76.482649, 0.683863], [-76.482658, 0.683909], [-76.48267, 0.683961], [-76.482678, 0.683993], [-76.4827, 0.684085], [-76.482711, 0.684135], [-76.48272, 0.684175], [-76.482728, 0.684214], [-76.482731, 0.684231], [-76.482734, 0.684248], [-76.482739, 0.68428], [-76.482742, 0.684295], [-76.482745, 0.684323], [-76.482747, 0.684337], [-76.48275, 0.684365], [-76.482753, 0.684392], [-76.482755, 0.684418], [-76.482756, 0.684442], [-76.482757, 0.68447], [-76.482757, 0.684497], [-76.482757, 0.68451], [-76.482756, 0.684523], [-76.482756, 0.684545], [-76.482754, 0.684565], [-76.482752, 0.684586], [-76.48275, 0.684607], [-76.482746, 0.684635], [-76.482741, 0.684661], [-76.482738, 0.68468], [-76.482735, 0.684693], [-76.48273, 0.684719], [-76.482726, 0.684733], [-76.482724, 0.684741], [-76.482717, 0.684769], [-76.482708, 0.684797], [-76.482704, 0.684811], [-76.482702, 0.684816], [-76.482699, 0.684821], [-76.482698, 0.684823], [-76.482694, 0.684828], [-76.482684, 0.68484], [-76.482667, 0.684861], [-76.482665, 0.684864], [-76.482663, 0.684865], [-76.482659, 0.684868], [-76.482657, 0.68487], [-76.482655, 0.684871], [-76.482651, 0.684873], [-76.4826, 0.684898], [-76.482581, 0.684908], [-76.482559, 0.684918], [-76.482503, 0.684943], [-76.482456, 0.684964], [-76.48244, 0.684971], [-76.482406, 0.684985], [-76.482373, 0.684998], [-76.482359, 0.685004], [-76.482336, 0.685012], [-76.48229, 0.685029], [-76.482258, 0.685041], [-76.482248, 0.685044], [-76.482224, 0.685055], [-76.4822, 0.685065], [-76.482187, 0.685071], [-76.482157, 0.685085], [-76.482142, 0.685093], [-76.482112, 0.685108], [-76.482088, 0.685121], [-76.482066, 0.685133], [-76.482046, 0.685144], [-76.482026, 0.685156], [-76.482001, 0.685171], [-76.481987, 0.68518], [-76.481959, 0.685197], [-76.481932, 0.685215], [-76.481908, 0.685232], [-76.481884, 0.685249], [-76.481861, 0.685267], [-76.481848, 0.685277], [-76.481822, 0.685298], [-76.481809, 0.685309], [-76.481786, 0.685328], [-76.481762, 0.68535], [-76.481746, 0.685365], [-76.481735, 0.685376], [-76.481723, 0.685388], [-76.48171, 0.685401], [-76.481698, 0.685414], [-76.481677, 0.685436], [-76.481667, 0.685448], [-76.481646, 0.685472], [-76.481629, 0.685492], [-76.481611, 0.685514], [-76.481598, 0.68553], [-76.481587, 0.685544], [-76.481577, 0.685558], [-76.481567, 0.685571], [-76.481552, 0.685592], [-76.481535, 0.685616], [-76.481519, 0.685641], [-76.481508, 0.68566], [-76.481503, 0.685668], [-76.4815, 0.685673], [-76.481494, 0.685685], [-76.481489, 0.685697], [-76.481478, 0.685722], [-76.481472, 0.685734], [-76.481463, 0.685758], [-76.481454, 0.685779], [-76.481445, 0.685805], [-76.481436, 0.685832], [-76.481429, 0.685854], [-76.481423, 0.685876], [-76.481417, 0.685896], [-76.48141, 0.685924], [-76.481404, 0.685955], [-76.481399, 0.685976], [-76.481395, 0.686001], [-76.481392, 0.686018], [-76.481388, 0.68604], [-76.48138, 0.686097], [-76.481377, 0.686113], [-76.481373, 0.686136], [-76.481371, 0.686146], [-76.481367, 0.686167], [-76.481362, 0.686186], [-76.481357, 0.686203], [-76.481352, 0.686219], [-76.481346, 0.686237], [-76.481342, 0.686246], [-76.481334, 0.686267], [-76.481326, 0.686286], [-76.481314, 0.686312], [-76.481292, 0.686358], [-76.481278, 0.686388], [-76.48125, 0.68645], [-76.481246, 0.686458], [-76.481242, 0.686465], [-76.481225, 0.686493], [-76.481221, 0.686501], [-76.481216, 0.686508], [-76.4812, 0.686531], [-76.481193, 0.686541], [-76.481188, 0.686549], [-76.481172, 0.68657], [-76.481163, 0.686581], [-76.481157, 0.686588], [-76.481137, 0.686609], [-76.481126, 0.686621], [-76.481114, 0.686634], [-76.4811, 0.686648], [-76.481088, 0.686659], [-76.481074, 0.686673], [-76.481062, 0.686684], [-76.481035, 0.686708], [-76.48101, 0.68673], [-76.480993, 0.686745], [-76.48093, 0.686798], [-76.480903, 0.68682], [-76.480846, 0.686866], [-76.480807, 0.686898], [-76.480785, 0.686917], [-76.480767, 0.686931], [-76.480735, 0.686956], [-76.480724, 0.686965], [-76.480696, 0.686989], [-76.480684, 0.686999], [-76.480672, 0.68701], [-76.480661, 0.687021], [-76.480645, 0.687037], [-76.480623, 0.687059], [-76.48061, 0.687073], [-76.480594, 0.687091], [-76.480587, 0.687099], [-76.480571, 0.687118], [-76.480558, 0.687134], [-76.480542, 0.687154], [-76.480526, 0.687174], [-76.480516, 0.687187], [-76.480506, 0.687202], [-76.480485, 0.687232], [-76.480464, 0.687262], [-76.480439, 0.687299], [-76.480426, 0.68732], [-76.480407, 0.687349], [-76.480391, 0.687375], [-76.480383, 0.687389], [-76.480376, 0.687403], [-76.480361, 0.687429], [-76.480354, 0.687443], [-76.480348, 0.687455], [-76.480342, 0.687466], [-76.480332, 0.687489], [-76.480326, 0.687501], [-76.480317, 0.687524], [-76.48031, 0.68754], [-76.480305, 0.687553], [-76.480296, 0.687577], [-76.480289, 0.6876], [-76.480284, 0.687613], [-76.480279, 0.687632], [-76.480272, 0.687656], [-76.480266, 0.687682], [-76.480262, 0.687696], [-76.48026, 0.687707], [-76.480255, 0.687731], [-76.480251, 0.687756], [-76.480246, 0.687783], [-76.480243, 0.687811], [-76.480239, 0.687843], [-76.480234, 0.687892], [-76.480227, 0.687968], [-76.480223, 0.688014], [-76.480216, 0.688092], [-76.480213, 0.688126], [-76.480208, 0.688171], [-76.480203, 0.68821], [-76.480197, 0.68825], [-76.480194, 0.68827], [-76.480188, 0.68831], [-76.480181, 0.688348], [-76.480172, 0.688391], [-76.480168, 0.688411], [-76.480162, 0.688437], [-76.480151, 0.688486], [-76.480142, 0.688524], [-76.480093, 0.68872], [-76.480073, 0.688802], [-76.480051, 0.688895], [-76.480022, 0.689019], [-76.480007, 0.689083], [-76.479998, 0.689121], [-76.479992, 0.689144], [-76.479983, 0.689175], [-76.479971, 0.689215], [-76.479963, 0.68924], [-76.479953, 0.689272], [-76.479939, 0.689314], [-76.479927, 0.68935], [-76.479911, 0.689393], [-76.479897, 0.689429], [-76.479881, 0.689468], [-76.479874, 0.689486], [-76.479868, 0.6895], [-76.479853, 0.689534], [-76.479842, 0.68956], [-76.479831, 0.689583], [-76.479822, 0.689602], [-76.479805, 0.689638], [-76.479781, 0.689686], [-76.479736, 0.689773], [-76.479716, 0.689812], [-76.479694, 0.689854], [-76.47967, 0.689903], [-76.479647, 0.689952], [-76.47961, 0.690031], [-76.479599, 0.690056], [-76.479584, 0.690091], [-76.479561, 0.690145], [-76.47952, 0.690242], [-76.479498, 0.690295], [-76.479483, 0.69033], [-76.47947, 0.690359], [-76.479456, 0.690392], [-76.479441, 0.690423], [-76.479426, 0.690453], [-76.479415, 0.690475], [-76.479414, 0.690477], [-76.479412, 0.690479], [-76.479411, 0.690481], [-76.479409, 0.690483], [-76.479398, 0.690493], [-76.479386, 0.690504], [-76.479361, 0.690525], [-76.47934, 0.690542], [-76.479329, 0.690551], [-76.479317, 0.69056], [-76.479294, 0.690577], [-76.479282, 0.690585], [-76.47927, 0.690593], [-76.479253, 0.690605], [-76.479241, 0.690612], [-76.479217, 0.690627], [-76.479199, 0.690638], [-76.479166, 0.690656], [-76.479134, 0.690672], [-76.479094, 0.690693], [-76.479061, 0.690709], [-76.478978, 0.69075], [-76.478879, 0.6908], [-76.478849, 0.690814], [-76.478825, 0.690825], [-76.478797, 0.690837], [-76.478781, 0.690843], [-76.47875, 0.690855], [-76.478735, 0.690861], [-76.478719, 0.690867], [-76.478686, 0.690879], [-76.478657, 0.690888], [-76.478624, 0.690899], [-76.478592, 0.690909], [-76.478552, 0.690921], [-76.478474, 0.690944], [-76.478375, 0.690972], [-76.478328, 0.690986], [-76.478259, 0.691008], [-76.478091, 0.691061], [-76.478052, 0.691074], [-76.478031, 0.691081], [-76.477992, 0.691094], [-76.477975, 0.6911], [-76.477936, 0.691114], [-76.47792, 0.691121], [-76.477906, 0.691126], [-76.47789, 0.691133], [-76.477861, 0.691145], [-76.477834, 0.691158], [-76.47779, 0.691178], [-76.477682, 0.691231], [-76.477663, 0.69124], [-76.477631, 0.691256], [-76.477618, 0.691263], [-76.477614, 0.691265], [-76.477611, 0.691267], [-76.477603, 0.691273], [-76.477596, 0.691279], [-76.477593, 0.691281], [-76.477574, 0.691301], [-76.477567, 0.691308], [-76.477556, 0.69132], [-76.477546, 0.691331], [-76.477537, 0.691341], [-76.477522, 0.691359], [-76.477512, 0.691371], [-76.477495, 0.691393], [-76.477486, 0.691405], [-76.477467, 0.691432], [-76.477448, 0.69146], [-76.477375, 0.691565], [-76.47735, 0.691601], [-76.477324, 0.691636], [-76.477314, 0.69165], [-76.4773, 0.691668], [-76.477286, 0.691686], [-76.477235, 0.69175], [-76.477218, 0.691771], [-76.477154, 0.691856], [-76.477136, 0.691877], [-76.477116, 0.691902], [-76.47707, 0.691954], [-76.477045, 0.691983], [-76.47702, 0.692013], [-76.477005, 0.692031], [-76.476981, 0.692061], [-76.476962, 0.692084], [-76.476917, 0.692141], [-76.476899, 0.692164], [-76.476861, 0.692214], [-76.476833, 0.69225], [-76.476794, 0.692302], [-76.476776, 0.692327], [-76.476749, 0.692364], [-76.476723, 0.6924], [-76.476706, 0.692425], [-76.476692, 0.692446], [-76.476683, 0.69246], [-76.476666, 0.692487], [-76.476657, 0.6925], [-76.476642, 0.692526], [-76.476634, 0.69254], [-76.47662, 0.692565], [-76.476608, 0.692588], [-76.4766, 0.692603], [-76.476587, 0.692631], [-76.47658, 0.692644], [-76.476574, 0.692658], [-76.476568, 0.692671], [-76.476565, 0.692679], [-76.476554, 0.692706], [-76.476549, 0.69272], [-76.476543, 0.692735], [-76.476533, 0.692764], [-76.476528, 0.692778], [-76.47652, 0.692806], [-76.476512, 0.692832], [-76.476505, 0.692858], [-76.476499, 0.692881], [-76.476496, 0.692895], [-76.476492, 0.692916], [-76.476487, 0.692941], [-76.476484, 0.692956], [-76.47648, 0.692982], [-76.476463, 0.69308], [-76.476457, 0.693113], [-76.476454, 0.693135], [-76.476447, 0.693183], [-76.476431, 0.693296], [-76.476424, 0.693352], [-76.476416, 0.693404], [-76.476403, 0.693484], [-76.476392, 0.693549], [-76.476388, 0.693569], [-76.476381, 0.693608], [-76.476372, 0.69365], [-76.476365, 0.693684], [-76.476358, 0.693716], [-76.476349, 0.693754], [-76.476343, 0.693778], [-76.476339, 0.693792], [-76.476332, 0.693816], [-76.476329, 0.693827], [-76.476321, 0.69385], [-76.476318, 0.693859], [-76.476313, 0.693872], [-76.476304, 0.693896], [-76.476293, 0.693923], [-76.476286, 0.693939], [-76.476277, 0.693958], [-76.476267, 0.693981], [-76.476251, 0.694015], [-76.476242, 0.694035], [-76.476217, 0.694087], [-76.476199, 0.694121], [-76.476192, 0.694135], [-76.476185, 0.694148], [-76.476178, 0.694161], [-76.476171, 0.694174], [-76.476162, 0.694188], [-76.476148, 0.694213], [-76.476134, 0.694234], [-76.476126, 0.694247], [-76.476112, 0.694266], [-76.476105, 0.694277], [-76.476088, 0.694299], [-76.476079, 0.694312], [-76.476068, 0.694325], [-76.47605, 0.694347], [-76.476011, 0.694392], [-76.475997, 0.69441], [-76.475983, 0.694426], [-76.475935, 0.694485], [-76.475885, 0.694547], [-76.475864, 0.694572], [-76.475851, 0.694588], [-76.475838, 0.694603], [-76.475805, 0.694641], [-76.475752, 0.694702], [-76.475741, 0.694716], [-76.475728, 0.694731], [-76.475713, 0.69475], [-76.475692, 0.694775], [-76.475679, 0.694792], [-76.475644, 0.694837], [-76.475632, 0.694854], [-76.475564, 0.694945], [-76.475543, 0.694973], [-76.475524, 0.695], [-76.475516, 0.695012], [-76.475502, 0.695034], [-76.475484, 0.695063], [-76.47547, 0.695088], [-76.475454, 0.695116], [-76.475439, 0.695146], [-76.475437, 0.695148], [-76.475433, 0.695159], [-76.475422, 0.695187], [-76.475421, 0.695189], [-76.475415, 0.695209], [-76.475407, 0.695243], [-76.475395, 0.695296], [-76.475395, 0.695299], [-76.475391, 0.695326], [-76.475388, 0.695348], [-76.475384, 0.695379], [-76.475382, 0.695391], [-76.47538, 0.695416], [-76.475379, 0.695439], [-76.475377, 0.695463], [-76.475377, 0.695488], [-76.475377, 0.695501], [-76.475377, 0.695528], [-76.475378, 0.695545], [-76.47538, 0.6956], [-76.475382, 0.695671], [-76.475384, 0.69575], [-76.475385, 0.695784], [-76.475387, 0.695822], [-76.475388, 0.695849], [-76.475389, 0.695866], [-76.475392, 0.695895], [-76.475394, 0.695919], [-76.475397, 0.69594], [-76.475397, 0.695942], [-76.475399, 0.695947], [-76.475404, 0.695959], [-76.475414, 0.695982], [-76.475422, 0.696001], [-76.475437, 0.696033], [-76.475443, 0.696046], [-76.475444, 0.696048], [-76.475446, 0.696056], [-76.475446, 0.69606], [-76.475447, 0.696066], [-76.475447, 0.69607], [-76.475445, 0.696082], [-76.475443, 0.696092], [-76.475442, 0.696098], [-76.475437, 0.69612], [-76.475433, 0.696137], [-76.475422, 0.696182], [-76.47541, 0.696229], [-76.475397, 0.696284], [-76.475389, 0.696315], [-76.475378, 0.696352], [-76.475372, 0.696375], [-76.475361, 0.696412], [-76.475357, 0.696427], [-76.475351, 0.696446], [-76.475346, 0.696459], [-76.475336, 0.696487], [-76.475325, 0.696517], [-76.475314, 0.696545], [-76.475307, 0.69656], [-76.475301, 0.696574], [-76.475289, 0.696603], [-76.475258, 0.69667], [-76.475226, 0.696743], [-76.475214, 0.696768], [-76.475201, 0.696798], [-76.475183, 0.696842], [-76.475164, 0.696888], [-76.47513, 0.696973], [-76.475092, 0.697069], [-76.475076, 0.697107], [-76.475067, 0.697129], [-76.475048, 0.697171], [-76.475003, 0.697275], [-76.474993, 0.697296], [-76.474969, 0.697349], [-76.474952, 0.697385], [-76.474944, 0.697402], [-76.474929, 0.697431], [-76.474916, 0.697458], [-76.474884, 0.69752], [-76.474848, 0.697589], [-76.474833, 0.69762], [-76.474807, 0.697672], [-76.474806, 0.697674], [-76.474804, 0.697679], [-76.474799, 0.697693], [-76.474793, 0.697713], [-76.474788, 0.697727], [-76.474785, 0.697744], [-76.474782, 0.69776], [-76.474779, 0.697776], [-76.474778, 0.697791], [-76.474777, 0.697813], [-76.474776, 0.697826], [-76.474776, 0.697831], [-76.474776, 0.697835], [-76.474776, 0.697837], [-76.474777, 0.697845], [-76.474779, 0.697859], [-76.474784, 0.697886], [-76.474786, 0.697899], [-76.474791, 0.697923], [-76.474794, 0.697935], [-76.474797, 0.697945], [-76.474804, 0.697966], [-76.474812, 0.69799], [-76.474823, 0.698017], [-76.474829, 0.698032], [-76.474841, 0.69806], [-76.474848, 0.698075], [-76.474861, 0.698103], [-76.474875, 0.698132], [-76.474893, 0.698167], [-76.474907, 0.698193], [-76.474948, 0.698267], [-76.474958, 0.698284], [-76.474973, 0.698314], [-76.474986, 0.698339], [-76.474997, 0.698363], [-76.475008, 0.698388], [-76.475014, 0.698402], [-76.475019, 0.698416], [-76.47503, 0.698444], [-76.475035, 0.698456], [-76.475044, 0.69848], [-76.475053, 0.698506], [-76.475057, 0.698521], [-76.475062, 0.698535], [-76.47507, 0.69856], [-76.475074, 0.698574], [-76.475076, 0.698584], [-76.47508, 0.698607], [-76.475085, 0.698638], [-76.475085, 0.69864], [-76.475085, 0.698645], [-76.475082, 0.698681], [-76.475071, 0.698782], [-76.475068, 0.698804], [-76.475067, 0.698813], [-76.475066, 0.698816], [-76.475028, 0.698955], [-76.475014, 0.699006], [-76.475, 0.699062], [-76.474994, 0.699087], [-76.474986, 0.69912], [-76.474978, 0.699155], [-76.474974, 0.699176], [-76.474968, 0.699208], [-76.474965, 0.699225], [-76.474959, 0.699256], [-76.474957, 0.699272], [-76.474952, 0.699304], [-76.474948, 0.699336], [-76.474947, 0.699349], [-76.474946, 0.699363], [-76.474944, 0.699385], [-76.474942, 0.699416], [-76.47494, 0.699447], [-76.474938, 0.69951], [-76.474936, 0.699544], [-76.474934, 0.699591], [-76.474931, 0.699649], [-76.474927, 0.699717], [-76.474923, 0.69979], [-76.474919, 0.699843], [-76.474916, 0.699881], [-76.474914, 0.699902], [-76.47491, 0.699938], [-76.474906, 0.699975], [-76.474902, 0.700002], [-76.474898, 0.700032], [-76.474893, 0.700059], [-76.474891, 0.700073], [-76.474885, 0.700102], [-76.474882, 0.700118], [-76.474875, 0.700151], [-76.474868, 0.700179], [-76.474863, 0.700195], [-76.474855, 0.700225], [-76.474851, 0.700241], [-76.474843, 0.700267], [-76.474832, 0.700299], [-76.474827, 0.700316], [-76.474821, 0.700333], [-76.474809, 0.700368], [-76.474794, 0.700409], [-76.474755, 0.700513], [-76.474744, 0.700543], [-76.474735, 0.70057], [-76.474729, 0.700588], [-76.474718, 0.700621], [-76.474707, 0.700657], [-76.474701, 0.700675], [-76.474692, 0.700709], [-76.474682, 0.700746], [-76.474665, 0.700815], [-76.47466, 0.700833], [-76.474649, 0.700875], [-76.474641, 0.700902], [-76.474633, 0.700928], [-76.474625, 0.700952], [-76.474617, 0.700974], [-76.474609, 0.700994], [-76.474606, 0.701003], [-76.474603, 0.70101], [-76.474595, 0.701024], [-76.474583, 0.701044], [-76.474573, 0.70106], [-76.474572, 0.701062], [-76.474565, 0.701069], [-76.474558, 0.701078], [-76.474551, 0.701086], [-76.474544, 0.701094], [-76.474542, 0.701096], [-76.474538, 0.701099], [-76.474532, 0.701103], [-76.474524, 0.70111], [-76.474515, 0.701117], [-76.474508, 0.701122], [-76.47449, 0.701134], [-76.474482, 0.70114], [-76.474463, 0.701151], [-76.474453, 0.701157], [-76.474434, 0.701168], [-76.474413, 0.701179], [-76.474392, 0.701188], [-76.474381, 0.701194], [-76.474356, 0.701204], [-76.474328, 0.701216], [-76.474307, 0.701224], [-76.474263, 0.701241], [-76.474185, 0.70127], [-76.474142, 0.701286], [-76.474121, 0.701294], [-76.474098, 0.701303], [-76.474066, 0.701316], [-76.474047, 0.701325], [-76.474009, 0.701341], [-76.47399, 0.70135], [-76.473959, 0.701364], [-76.473927, 0.70138], [-76.473908, 0.70139], [-76.473879, 0.701404], [-76.47386, 0.701415], [-76.47384, 0.701425], [-76.473803, 0.701445], [-76.473785, 0.701456], [-76.473753, 0.701474], [-76.473714, 0.701497], [-76.473617, 0.701556], [-76.473563, 0.701588], [-76.473539, 0.701602], [-76.473412, 0.701675], [-76.473331, 0.701723], [-76.473309, 0.701736], [-76.473269, 0.70176], [-76.473251, 0.701771], [-76.473234, 0.701782], [-76.473205, 0.701802], [-76.473172, 0.701824], [-76.473142, 0.701845], [-76.473117, 0.701864], [-76.473094, 0.701881], [-76.473048, 0.701916], [-76.472982, 0.701966], [-76.472943, 0.701993], [-76.472921, 0.702009], [-76.472906, 0.70202], [-76.47287, 0.702044], [-76.47285, 0.702058], [-76.472819, 0.702077], [-76.472787, 0.702098], [-76.472771, 0.702107], [-76.47274, 0.702125], [-76.472712, 0.702141], [-76.472689, 0.702153], [-76.472669, 0.702163], [-76.472644, 0.702175], [-76.47262, 0.702186], [-76.472608, 0.702191], [-76.472584, 0.7022], [-76.472575, 0.702204], [-76.472554, 0.702211], [-76.472532, 0.702219], [-76.472521, 0.702222], [-76.472494, 0.70223], [-76.472468, 0.702237], [-76.472432, 0.702246], [-76.472396, 0.702255], [-76.472384, 0.702258], [-76.472374, 0.702259], [-76.472366, 0.70226], [-76.472361, 0.702261], [-76.472354, 0.702261], [-76.472298, 0.702262], [-76.472258, 0.702263], [-76.472235, 0.702263], [-76.472175, 0.702264], [-76.472061, 0.702264], [-76.472033, 0.702264], [-76.471938, 0.702264], [-76.471898, 0.702264], [-76.471881, 0.702264], [-76.471832, 0.702264], [-76.471775, 0.702266], [-76.471761, 0.702266], [-76.471735, 0.702265], [-76.47169, 0.702262], [-76.471675, 0.702261], [-76.471639, 0.702258], [-76.471605, 0.702256], [-76.471587, 0.702255], [-76.471552, 0.702254], [-76.471494, 0.702251], [-76.471457, 0.702249], [-76.471434, 0.702248], [-76.47139, 0.702247], [-76.471367, 0.702247], [-76.47129, 0.702246], [-76.47125, 0.702245], [-76.47122, 0.702243], [-76.471158, 0.702239], [-76.471136, 0.702237], [-76.471118, 0.702236], [-76.471106, 0.702236], [-76.471073, 0.702235], [-76.471044, 0.702235], [-76.471026, 0.702235], [-76.47099, 0.702236], [-76.470954, 0.702237], [-76.470924, 0.702238], [-76.47091, 0.702239], [-76.470895, 0.70224], [-76.470868, 0.702242], [-76.470854, 0.702244], [-76.470835, 0.702246], [-76.470817, 0.702248], [-76.470806, 0.70225], [-76.470782, 0.702254], [-76.470769, 0.702256], [-76.470747, 0.702261], [-76.470735, 0.702263], [-76.470724, 0.702266], [-76.4707, 0.702272], [-76.470678, 0.702278], [-76.470667, 0.702282], [-76.470645, 0.702289], [-76.470634, 0.702292], [-76.470614, 0.702299], [-76.470597, 0.702306], [-76.470581, 0.702313], [-76.470563, 0.702322], [-76.470545, 0.702331], [-76.470536, 0.702336], [-76.470526, 0.702342], [-76.470506, 0.702354], [-76.470484, 0.702368], [-76.470481, 0.70237], [-76.470478, 0.702372], [-76.470463, 0.702386], [-76.470451, 0.702396], [-76.470438, 0.702408], [-76.470416, 0.702429], [-76.470406, 0.702439], [-76.470394, 0.702451], [-76.470382, 0.702464], [-76.47037, 0.702477], [-76.470355, 0.702493], [-76.47033, 0.702521], [-76.470298, 0.702559], [-76.470277, 0.702584], [-76.470234, 0.702637], [-76.470223, 0.70265], [-76.470205, 0.702671], [-76.470195, 0.702683], [-76.470177, 0.702703], [-76.470159, 0.702723], [-76.470148, 0.702734], [-76.47014, 0.702743], [-76.470134, 0.702749], [-76.470128, 0.702755], [-76.470122, 0.70276], [-76.470114, 0.702767], [-76.470105, 0.702775], [-76.47009, 0.702786], [-76.470085, 0.70279], [-76.47008, 0.702793], [-76.470072, 0.702798], [-76.470066, 0.702801], [-76.470052, 0.702808], [-76.470039, 0.702814], [-76.470031, 0.702818], [-76.470013, 0.702825], [-76.470003, 0.702828], [-76.469987, 0.702834], [-76.469978, 0.702837], [-76.469959, 0.702842], [-76.469949, 0.702845], [-76.46993, 0.70285], [-76.46992, 0.702852], [-76.469899, 0.702856], [-76.46989, 0.702858], [-76.469875, 0.70286], [-76.469868, 0.702861], [-76.469856, 0.702862], [-76.46984, 0.702862], [-76.46983, 0.702862], [-76.469821, 0.702862], [-76.4698, 0.702862], [-76.469781, 0.702861], [-76.469761, 0.702859], [-76.469751, 0.702858], [-76.469731, 0.702856], [-76.469713, 0.702853], [-76.469701, 0.702851], [-76.469678, 0.702846], [-76.46965, 0.70284], [-76.469626, 0.702835], [-76.469616, 0.702832], [-76.469604, 0.702829], [-76.46958, 0.702822], [-76.469556, 0.702814], [-76.469528, 0.702804], [-76.469501, 0.702795], [-76.469484, 0.702788], [-76.469424, 0.702766], [-76.469397, 0.702755], [-76.469356, 0.70274], [-76.469337, 0.702734], [-76.469296, 0.70272], [-76.469264, 0.702709], [-76.469244, 0.702703], [-76.469206, 0.702691], [-76.469178, 0.702683], [-76.468947, 0.702616], [-76.468889, 0.702598], [-76.468855, 0.702587], [-76.468831, 0.70258], [-76.468797, 0.702568], [-76.468758, 0.702555], [-76.46874, 0.702548], [-76.468698, 0.702532], [-76.468675, 0.702524], [-76.46866, 0.702518], [-76.468605, 0.702495], [-76.468573, 0.702482], [-76.468545, 0.702469], [-76.468517, 0.702456], [-76.468504, 0.70245], [-76.468483, 0.702439], [-76.468458, 0.702425], [-76.468435, 0.702412], [-76.468411, 0.702397], [-76.468386, 0.702381], [-76.468358, 0.702362], [-76.468327, 0.702341], [-76.468295, 0.702318], [-76.468266, 0.702296], [-76.468249, 0.702284], [-76.468184, 0.702234], [-76.468158, 0.702214], [-76.46813, 0.702192], [-76.46811, 0.702176], [-76.46807, 0.702143], [-76.468046, 0.702122], [-76.46794, 0.702032], [-76.467909, 0.702005], [-76.467899, 0.701996], [-76.467888, 0.701987], [-76.467837, 0.701947], [-76.4678, 0.701917], [-76.467774, 0.701896], [-76.467753, 0.701879], [-76.467724, 0.701856], [-76.467689, 0.701829], [-76.467658, 0.701806], [-76.467604, 0.701766], [-76.46755, 0.701727], [-76.467527, 0.701711], [-76.467488, 0.701683], [-76.467444, 0.701654], [-76.467425, 0.701642], [-76.46739, 0.701619], [-76.467356, 0.701598], [-76.467343, 0.70159], [-76.467315, 0.701574], [-76.46729, 0.70156], [-76.467266, 0.701548], [-76.46724, 0.701535], [-76.46721, 0.701521], [-76.46718, 0.701508], [-76.467155, 0.701497], [-76.467136, 0.70149], [-76.467096, 0.701474], [-76.467059, 0.70146], [-76.467008, 0.701441], [-76.466971, 0.701428], [-76.466939, 0.701416], [-76.466919, 0.70141], [-76.466882, 0.701398], [-76.466851, 0.701389], [-76.466828, 0.701382], [-76.466801, 0.701375], [-76.466777, 0.701369], [-76.466754, 0.701364], [-76.466735, 0.701361], [-76.466714, 0.701358], [-76.466694, 0.701355], [-76.466673, 0.701353], [-76.466651, 0.701352], [-76.466632, 0.701351], [-76.466614, 0.701351], [-76.466591, 0.701352], [-76.466568, 0.701353], [-76.466545, 0.701355], [-76.466533, 0.701356], [-76.466516, 0.701358], [-76.466504, 0.70136], [-76.466481, 0.701364], [-76.466469, 0.701366], [-76.466446, 0.70137], [-76.466435, 0.701373], [-76.466411, 0.701379], [-76.466387, 0.701385], [-76.466363, 0.701392], [-76.466337, 0.701401], [-76.466319, 0.701407], [-76.466237, 0.701434], [-76.46619, 0.70145], [-76.466164, 0.701459], [-76.466136, 0.701468], [-76.466067, 0.70149], [-76.466033, 0.7015], [-76.465997, 0.701511], [-76.465912, 0.701535], [-76.465791, 0.701569], [-76.465715, 0.701589], [-76.465682, 0.701598], [-76.465636, 0.701611], [-76.465577, 0.701628], [-76.465526, 0.701642], [-76.465497, 0.70165], [-76.465481, 0.701653], [-76.465457, 0.701659], [-76.46543, 0.701664], [-76.465406, 0.701668], [-76.465383, 0.701672], [-76.465372, 0.701673], [-76.465353, 0.701675], [-76.465331, 0.701677], [-76.465308, 0.701679], [-76.465286, 0.701679], [-76.465274, 0.701679], [-76.46525, 0.701679], [-76.465241, 0.701679], [-76.465229, 0.701678], [-76.465202, 0.701677], [-76.465174, 0.701674], [-76.465161, 0.701673], [-76.465134, 0.70167], [-76.465109, 0.701667], [-76.465083, 0.701662], [-76.465055, 0.701657], [-76.465042, 0.701655], [-76.46501, 0.701648], [-76.464983, 0.701641], [-76.464946, 0.701632], [-76.464928, 0.701627], [-76.464875, 0.701612], [-76.464814, 0.701595], [-76.464729, 0.70157], [-76.464581, 0.701527], [-76.464483, 0.701498], [-76.46446, 0.701492], [-76.464428, 0.701481], [-76.464411, 0.701475], [-76.464382, 0.701465], [-76.464346, 0.701452], [-76.464252, 0.701416], [-76.464223, 0.701405], [-76.464176, 0.701388], [-76.464145, 0.701377], [-76.464123, 0.70137], [-76.464105, 0.701364], [-76.464083, 0.701357], [-76.464061, 0.701351], [-76.464027, 0.701342], [-76.463991, 0.701333], [-76.463971, 0.701328], [-76.463925, 0.701317], [-76.463827, 0.701296], [-76.4638, 0.70129], [-76.463788, 0.701287], [-76.463765, 0.701281], [-76.463752, 0.701277], [-76.463725, 0.70127], [-76.463708, 0.701264], [-76.463667, 0.701251], [-76.463605, 0.701231], [-76.463587, 0.701225], [-76.463548, 0.701211], [-76.463509, 0.701196], [-76.463475, 0.701183], [-76.463436, 0.701167], [-76.463404, 0.701153], [-76.46337, 0.701138], [-76.463355, 0.70113], [-76.463317, 0.701112], [-76.463273, 0.70109], [-76.463237, 0.701072], [-76.463175, 0.701039], [-76.463157, 0.701029], [-76.463149, 0.701024], [-76.463144, 0.701021], [-76.463128, 0.701011], [-76.46311, 0.700999], [-76.463086, 0.700983], [-76.463056, 0.700963], [-76.463031, 0.700945], [-76.46301, 0.70093], [-76.462983, 0.700909], [-76.462955, 0.700888], [-76.462942, 0.700878], [-76.462919, 0.700859], [-76.462896, 0.70084], [-76.462884, 0.70083], [-76.462872, 0.700819], [-76.462853, 0.700801], [-76.462834, 0.700782], [-76.462823, 0.70077], [-76.462812, 0.700759], [-76.462799, 0.700746], [-76.462788, 0.700734], [-76.462777, 0.700722], [-76.462766, 0.700709], [-76.462741, 0.70068], [-76.462703, 0.700633], [-76.462691, 0.700619], [-76.462681, 0.700607], [-76.46267, 0.700595], [-76.46266, 0.700585], [-76.462648, 0.700572], [-76.462637, 0.700561], [-76.462625, 0.700549], [-76.462614, 0.700538], [-76.462592, 0.700517], [-76.462577, 0.700503], [-76.46257, 0.700498], [-76.462559, 0.700489], [-76.462549, 0.70048], [-76.462538, 0.700472], [-76.462527, 0.700464], [-76.462517, 0.700456], [-76.462499, 0.700443], [-76.462471, 0.700424], [-76.462462, 0.700419], [-76.462446, 0.700409], [-76.462436, 0.700403], [-76.462421, 0.700395], [-76.4624, 0.700384], [-76.462391, 0.700379], [-76.462372, 0.70037], [-76.46235, 0.700361], [-76.462329, 0.700353], [-76.462317, 0.700348], [-76.462291, 0.700339], [-76.46226, 0.700328], [-76.462222, 0.700316], [-76.462175, 0.700301], [-76.462136, 0.700289], [-76.462087, 0.700272], [-76.461975, 0.700234], [-76.461904, 0.700209], [-76.461853, 0.70019], [-76.46176, 0.700158], [-76.461659, 0.700122], [-76.461593, 0.700099], [-76.461529, 0.700075], [-76.461448, 0.700046], [-76.461406, 0.70003], [-76.461311, 0.699994], [-76.461258, 0.699974], [-76.461151, 0.699935], [-76.461027, 0.699889], [-76.460984, 0.699872], [-76.46087, 0.699829], [-76.460816, 0.699808], [-76.4608, 0.699802], [-76.46077, 0.699792], [-76.460624, 0.69974], [-76.460494, 0.699694], [-76.46045, 0.699678], [-76.460406, 0.699663], [-76.460372, 0.699652], [-76.460334, 0.699639], [-76.460278, 0.699621], [-76.460233, 0.699607], [-76.460209, 0.6996], [-76.460166, 0.699588], [-76.460083, 0.699564], [-76.460016, 0.699546], [-76.459936, 0.699525], [-76.459877, 0.699509], [-76.459855, 0.699503], [-76.459814, 0.699493], [-76.459795, 0.699488], [-76.459751, 0.699478], [-76.459675, 0.699461], [-76.459606, 0.699446], [-76.459573, 0.699439], [-76.459512, 0.699426], [-76.459337, 0.699391], [-76.45914, 0.699352], [-76.459061, 0.699336], [-76.458997, 0.699323], [-76.458926, 0.699307], [-76.458777, 0.699275], [-76.458727, 0.699264], [-76.458652, 0.699248], [-76.458596, 0.699236], [-76.458517, 0.69922], [-76.458477, 0.699212], [-76.458445, 0.699205], [-76.458429, 0.699202], [-76.458396, 0.699196], [-76.458387, 0.699194], [-76.458353, 0.699185], [-76.458334, 0.699181], [-76.458274, 0.699168], [-76.458225, 0.699158], [-76.458173, 0.699148], [-76.458105, 0.699135], [-76.458053, 0.699126], [-76.458033, 0.699122], [-76.458017, 0.69912], [-76.457994, 0.699117], [-76.457962, 0.699113], [-76.457927, 0.699109], [-76.457871, 0.699103], [-76.457858, 0.699102], [-76.457825, 0.6991], [-76.457793, 0.699098], [-76.457778, 0.699097], [-76.457767, 0.699097], [-76.457757, 0.699096], [-76.457733, 0.699096], [-76.457706, 0.699097], [-76.457691, 0.699098], [-76.457667, 0.699099], [-76.457646, 0.6991], [-76.457636, 0.699101], [-76.457615, 0.699104], [-76.457605, 0.699105], [-76.457594, 0.699107], [-76.457573, 0.699111], [-76.457563, 0.699113], [-76.457545, 0.699117], [-76.457521, 0.699122], [-76.457508, 0.699126], [-76.457488, 0.699131], [-76.457475, 0.699135], [-76.457453, 0.699142], [-76.457412, 0.699156], [-76.457386, 0.699165], [-76.457346, 0.69918], [-76.457275, 0.699206], [-76.457236, 0.699221], [-76.45717, 0.699247], [-76.45707, 0.699284], [-76.457017, 0.699305], [-76.456831, 0.699374], [-76.45678, 0.699394], [-76.456758, 0.699403], [-76.456702, 0.699425], [-76.456632, 0.699454], [-76.456608, 0.699465], [-76.456558, 0.699487], [-76.456523, 0.699504], [-76.456491, 0.699519], [-76.456425, 0.699551], [-76.456401, 0.699564], [-76.456328, 0.699601], [-76.456234, 0.69965], [-76.456186, 0.699676], [-76.456135, 0.699704], [-76.456099, 0.699725], [-76.456057, 0.699749], [-76.456027, 0.699767], [-76.456011, 0.699778], [-76.455975, 0.6998], [-76.455928, 0.699831], [-76.455779, 0.699928], [-76.455728, 0.699961], [-76.455682, 0.699991], [-76.45563, 0.700024], [-76.455598, 0.700044], [-76.455555, 0.70007], [-76.455498, 0.700105], [-76.455478, 0.700118], [-76.455457, 0.700131], [-76.455448, 0.700137], [-76.455436, 0.700146], [-76.455425, 0.700153], [-76.455408, 0.700166], [-76.455401, 0.700172], [-76.455395, 0.700177], [-76.455387, 0.700183], [-76.455381, 0.700189], [-76.455374, 0.700196], [-76.455364, 0.700206], [-76.455358, 0.700212], [-76.455352, 0.700219], [-76.455347, 0.700225], [-76.455342, 0.700231], [-76.455336, 0.700239], [-76.45533, 0.700247], [-76.455317, 0.700265], [-76.45531, 0.700275], [-76.455303, 0.700286], [-76.455291, 0.700306], [-76.455272, 0.700338], [-76.455248, 0.70038], [-76.455228, 0.700415], [-76.455214, 0.700438], [-76.455206, 0.700451], [-76.455198, 0.700464], [-76.45519, 0.700477], [-76.455182, 0.700488], [-76.455174, 0.700499], [-76.455166, 0.700511], [-76.455158, 0.700523], [-76.45515, 0.700533], [-76.455142, 0.700544], [-76.455133, 0.700555], [-76.455124, 0.700566], [-76.455106, 0.700587], [-76.455085, 0.70061], [-76.455074, 0.700622], [-76.455064, 0.700634], [-76.455024, 0.700675], [-76.454995, 0.700705], [-76.454958, 0.700742], [-76.454947, 0.700754], [-76.454936, 0.700766], [-76.454926, 0.700777], [-76.454873, 0.700837], [-76.454862, 0.700849], [-76.454852, 0.70086], [-76.454843, 0.700869], [-76.454833, 0.700879], [-76.454824, 0.700888], [-76.454818, 0.700894], [-76.454809, 0.700902], [-76.4548, 0.700909], [-76.454792, 0.700916], [-76.454784, 0.700923], [-76.454781, 0.700925], [-76.454766, 0.700934], [-76.454757, 0.70094], [-76.454746, 0.700947], [-76.454723, 0.70096], [-76.454663, 0.700993], [-76.454637, 0.701008], [-76.454619, 0.701019], [-76.454609, 0.701025], [-76.454589, 0.701039], [-76.454579, 0.701046], [-76.454564, 0.701057], [-76.454555, 0.701064], [-76.454534, 0.70108], [-76.45452, 0.701092], [-76.454466, 0.701137], [-76.454441, 0.701157], [-76.454426, 0.701169], [-76.454411, 0.701181], [-76.454402, 0.701187], [-76.454393, 0.701194], [-76.454375, 0.701207], [-76.454356, 0.701219], [-76.454333, 0.701233], [-76.454273, 0.701268], [-76.454248, 0.701283], [-76.454209, 0.701307], [-76.45417, 0.701331], [-76.454155, 0.70134], [-76.454105, 0.701369], [-76.454101, 0.701371], [-76.454057, 0.701386], [-76.454027, 0.701396], [-76.454023, 0.701397], [-76.454021, 0.701397], [-76.45402, 0.701398], [-76.454013, 0.701398], [-76.454, 0.701399], [-76.453975, 0.7014], [-76.453946, 0.701401], [-76.453934, 0.701401], [-76.45393, 0.701401], [-76.453914, 0.701398], [-76.453892, 0.701394], [-76.453868, 0.701388], [-76.453857, 0.701385], [-76.453839, 0.701381], [-76.453827, 0.701377], [-76.453804, 0.70137], [-76.453792, 0.701367], [-76.453763, 0.701357], [-76.453749, 0.701352], [-76.453733, 0.701346], [-76.453715, 0.701339], [-76.453677, 0.701325], [-76.45363, 0.701307], [-76.453619, 0.701303], [-76.453617, 0.701302], [-76.453602, 0.701299], [-76.453587, 0.701296], [-76.453581, 0.701295], [-76.453579, 0.701295], [-76.453571, 0.701295], [-76.453559, 0.701295], [-76.453556, 0.701295], [-76.453551, 0.701296], [-76.453535, 0.701301], [-76.453523, 0.701304], [-76.453512, 0.701308], [-76.453502, 0.701311], [-76.4535, 0.701312], [-76.453498, 0.701313], [-76.453491, 0.701317], [-76.45348, 0.701322], [-76.45347, 0.701328], [-76.453459, 0.701335], [-76.453438, 0.701348], [-76.453427, 0.701356], [-76.453403, 0.701372], [-76.453374, 0.701394], [-76.453292, 0.701456], [-76.453271, 0.701472], [-76.453249, 0.701488], [-76.453226, 0.701504], [-76.453222, 0.701506], [-76.45322, 0.701508], [-76.453213, 0.701511], [-76.453202, 0.701517], [-76.453181, 0.701526], [-76.453155, 0.701537], [-76.45313, 0.701547], [-76.453118, 0.701552], [-76.453093, 0.701561], [-76.453066, 0.70157], [-76.453034, 0.70158], [-76.452921, 0.701615], [-76.452882, 0.701627], [-76.452856, 0.701635], [-76.452682, 0.701692], [-76.452633, 0.701708], [-76.452615, 0.701714], [-76.452601, 0.701719], [-76.452566, 0.701732], [-76.452527, 0.701747], [-76.452498, 0.701759], [-76.45245, 0.701779], [-76.452399, 0.7018], [-76.452342, 0.701825], [-76.45232, 0.701835], [-76.45228, 0.701852], [-76.452236, 0.701873], [-76.4522, 0.70189], [-76.452173, 0.701904], [-76.452152, 0.701914], [-76.452128, 0.701927], [-76.452117, 0.701933], [-76.452093, 0.701947], [-76.452082, 0.701953], [-76.452052, 0.701972], [-76.45202, 0.701993], [-76.452001, 0.702005], [-76.451982, 0.702018], [-76.451919, 0.702061], [-76.451881, 0.702086], [-76.451856, 0.702102], [-76.45182, 0.702125], [-76.451788, 0.702144], [-76.451755, 0.702164], [-76.45173, 0.702178], [-76.451702, 0.702193], [-76.451689, 0.7022], [-76.451662, 0.702214], [-76.451637, 0.702225], [-76.451609, 0.702238], [-76.451591, 0.702246], [-76.451532, 0.70227], [-76.451498, 0.702285], [-76.451471, 0.702297], [-76.45146, 0.702302], [-76.45144, 0.702312], [-76.45143, 0.702317], [-76.45142, 0.702323], [-76.451403, 0.702333], [-76.451395, 0.702338], [-76.451385, 0.702344], [-76.451375, 0.702351], [-76.451366, 0.702357], [-76.451346, 0.702371], [-76.45133, 0.702384], [-76.451304, 0.702405], [-76.451284, 0.702422], [-76.451184, 0.702506], [-76.451142, 0.70254], [-76.451111, 0.702566], [-76.451097, 0.702576], [-76.451074, 0.702594], [-76.451055, 0.702608], [-76.451038, 0.70262], [-76.451028, 0.702627], [-76.451006, 0.702641], [-76.450986, 0.702653], [-76.45097, 0.702662], [-76.450953, 0.702671], [-76.450944, 0.702676], [-76.450935, 0.702679], [-76.45093, 0.702681], [-76.450913, 0.702687], [-76.450898, 0.702691], [-76.450862, 0.702702], [-76.450837, 0.702709], [-76.450814, 0.702715], [-76.450785, 0.702721], [-76.450752, 0.702729], [-76.450738, 0.702731], [-76.45071, 0.702736], [-76.450682, 0.702741], [-76.450666, 0.702744], [-76.450636, 0.702748], [-76.450605, 0.702752], [-76.450584, 0.702754], [-76.450494, 0.702764], [-76.450462, 0.702767], [-76.450448, 0.702769], [-76.450415, 0.702774], [-76.450389, 0.702778], [-76.450364, 0.702782], [-76.450339, 0.702787], [-76.450313, 0.702793], [-76.450287, 0.7028], [-76.450265, 0.702806], [-76.450254, 0.702809], [-76.450234, 0.702815], [-76.450224, 0.702819], [-76.450201, 0.702828], [-76.450189, 0.702832], [-76.450177, 0.702837], [-76.450154, 0.702847], [-76.450131, 0.702857], [-76.450121, 0.702862], [-76.450102, 0.702871], [-76.450092, 0.702877], [-76.450075, 0.702886], [-76.450068, 0.702891], [-76.450055, 0.702899], [-76.45005, 0.702902], [-76.450035, 0.702913], [-76.450028, 0.702919], [-76.450016, 0.702928], [-76.450003, 0.702939], [-76.449992, 0.702948], [-76.449983, 0.702956], [-76.449974, 0.702964], [-76.449963, 0.702974], [-76.44991, 0.703023], [-76.449864, 0.703067], [-76.449847, 0.703084], [-76.449831, 0.7031], [-76.449816, 0.703114], [-76.449799, 0.703132], [-76.449782, 0.70315], [-76.449753, 0.70318], [-76.449725, 0.70321], [-76.449639, 0.703304], [-76.449589, 0.703358], [-76.449557, 0.703394], [-76.449511, 0.703442], [-76.449494, 0.70346], [-76.449482, 0.703473], [-76.449474, 0.703481], [-76.449464, 0.703491], [-76.449453, 0.703501], [-76.449443, 0.70351], [-76.449433, 0.70352], [-76.449423, 0.703528], [-76.449414, 0.703536], [-76.449404, 0.703544], [-76.449386, 0.703558], [-76.449377, 0.703565], [-76.44936, 0.703577], [-76.449352, 0.703582], [-76.449335, 0.703593], [-76.449327, 0.703598], [-76.44931, 0.703608], [-76.449301, 0.703612], [-76.449286, 0.70362], [-76.449276, 0.703624], [-76.449258, 0.703632], [-76.449247, 0.703637], [-76.449226, 0.703645], [-76.449206, 0.703652], [-76.449188, 0.703657], [-76.449178, 0.70366], [-76.449167, 0.703663], [-76.449146, 0.703669], [-76.449124, 0.703674], [-76.449103, 0.703678], [-76.449093, 0.70368], [-76.449073, 0.703683], [-76.449051, 0.703686], [-76.44904, 0.703687], [-76.449022, 0.703688], [-76.449004, 0.703689], [-76.448992, 0.70369], [-76.44898, 0.70369], [-76.44896, 0.70369], [-76.448935, 0.703689], [-76.448923, 0.703689], [-76.448898, 0.703687], [-76.448885, 0.703686], [-76.448859, 0.703684], [-76.448833, 0.703681], [-76.448804, 0.703677], [-76.448774, 0.703672], [-76.44874, 0.703667], [-76.448708, 0.70366], [-76.448669, 0.703652], [-76.44865, 0.703648], [-76.448605, 0.703637], [-76.448544, 0.703622], [-76.44849, 0.703608], [-76.448444, 0.703596], [-76.448406, 0.703586], [-76.448294, 0.703558], [-76.448182, 0.703531], [-76.448144, 0.703522], [-76.448046, 0.703499], [-76.448027, 0.703495], [-76.447999, 0.703488], [-76.447848, 0.703456], [-76.447783, 0.703442], [-76.447696, 0.703423], [-76.447623, 0.703406], [-76.447577, 0.703396], [-76.447496, 0.703379], [-76.447474, 0.703374], [-76.447432, 0.703366], [-76.447335, 0.703347], [-76.447255, 0.703331], [-76.447153, 0.703312], [-76.447114, 0.703304], [-76.447091, 0.703299], [-76.446998, 0.703278], [-76.44692, 0.703261], [-76.446895, 0.703255], [-76.446863, 0.703249], [-76.446809, 0.703239], [-76.446771, 0.703233], [-76.446701, 0.703222], [-76.446672, 0.703218], [-76.446651, 0.703216], [-76.446632, 0.703214], [-76.446622, 0.703214], [-76.446597, 0.703213], [-76.446578, 0.703213], [-76.446567, 0.703213], [-76.446546, 0.703213], [-76.446527, 0.703214], [-76.446505, 0.703216], [-76.446495, 0.703217], [-76.446475, 0.70322], [-76.446449, 0.703224], [-76.446422, 0.703229], [-76.446393, 0.703235], [-76.446373, 0.703239], [-76.446357, 0.703242], [-76.446326, 0.70325], [-76.446291, 0.703259], [-76.446274, 0.703264], [-76.446244, 0.703273], [-76.446227, 0.703278], [-76.44621, 0.703283], [-76.446173, 0.703296], [-76.446135, 0.703309], [-76.446115, 0.703316], [-76.446096, 0.703323], [-76.446057, 0.703338], [-76.446033, 0.703347], [-76.446008, 0.703358], [-76.445988, 0.703366], [-76.445965, 0.703377], [-76.445922, 0.703396], [-76.445885, 0.703414], [-76.445865, 0.703423], [-76.445835, 0.703438], [-76.445807, 0.703452], [-76.445774, 0.703469], [-76.445721, 0.703497], [-76.44569, 0.703513], [-76.445647, 0.703534], [-76.445611, 0.703552], [-76.4456, 0.703557], [-76.445567, 0.703572], [-76.445538, 0.703584], [-76.445518, 0.703592], [-76.445498, 0.703601], [-76.445474, 0.703609], [-76.44546, 0.703615], [-76.445446, 0.70362], [-76.445425, 0.703627], [-76.445387, 0.703639], [-76.445357, 0.703647], [-76.44534, 0.703652], [-76.445308, 0.703661], [-76.445257, 0.703673], [-76.445198, 0.703687], [-76.445114, 0.703706], [-76.445008, 0.70373], [-76.444962, 0.70374], [-76.444942, 0.703745], [-76.444908, 0.703754], [-76.444874, 0.703763], [-76.444847, 0.703771], [-76.444819, 0.70378], [-76.444786, 0.703791], [-76.444763, 0.703799], [-76.444753, 0.703803], [-76.444729, 0.703812], [-76.444704, 0.703823], [-76.444694, 0.703827], [-76.444673, 0.703837], [-76.444653, 0.703847], [-76.444636, 0.703856], [-76.444619, 0.703866], [-76.444602, 0.703877], [-76.444585, 0.703888], [-76.444577, 0.703894], [-76.444561, 0.703906], [-76.444553, 0.703913], [-76.444545, 0.703919], [-76.444538, 0.703926], [-76.444531, 0.703932], [-76.444524, 0.703939], [-76.444517, 0.703946], [-76.44451, 0.703953], [-76.444503, 0.703961], [-76.444496, 0.703969], [-76.444489, 0.703977], [-76.444483, 0.703985], [-76.444475, 0.703994], [-76.444468, 0.704003], [-76.444461, 0.704013], [-76.444454, 0.704023], [-76.444439, 0.704044], [-76.444432, 0.704055], [-76.444424, 0.704067], [-76.444412, 0.704087], [-76.444402, 0.704103], [-76.444384, 0.704135], [-76.444371, 0.704157], [-76.44436, 0.704178], [-76.444318, 0.704254], [-76.444302, 0.704284], [-76.44429, 0.704304], [-76.444272, 0.704336], [-76.444254, 0.704365], [-76.444202, 0.704449], [-76.444155, 0.704525], [-76.444137, 0.704554], [-76.444121, 0.70458], [-76.444104, 0.70461], [-76.444094, 0.704627], [-76.444077, 0.704659], [-76.44407, 0.704673], [-76.444063, 0.704685], [-76.444048, 0.704719], [-76.444036, 0.704746], [-76.444025, 0.704772], [-76.444016, 0.704793], [-76.444005, 0.704823], [-76.443994, 0.704853], [-76.443988, 0.704868], [-76.443979, 0.704897], [-76.443971, 0.704923], [-76.443967, 0.704937], [-76.443959, 0.704965], [-76.443955, 0.704979], [-76.443949, 0.705006], [-76.443944, 0.705028], [-76.443941, 0.705042], [-76.443935, 0.705071], [-76.44393, 0.705101], [-76.443926, 0.705131], [-76.443921, 0.70516], [-76.443919, 0.705176], [-76.443915, 0.705211], [-76.443906, 0.705293], [-76.443903, 0.705315], [-76.443901, 0.705334], [-76.443895, 0.705375], [-76.443889, 0.705412], [-76.443875, 0.705496], [-76.443851, 0.705652], [-76.443848, 0.705671], [-76.443843, 0.705706], [-76.443839, 0.705732], [-76.443837, 0.70575], [-76.443828, 0.705838], [-76.443823, 0.705883], [-76.44382, 0.705904], [-76.443816, 0.705932], [-76.443812, 0.705957], [-76.443809, 0.705969], [-76.443805, 0.705991], [-76.4438, 0.706013], [-76.443797, 0.706023], [-76.443792, 0.706042], [-76.443789, 0.706052], [-76.443782, 0.706072], [-76.443779, 0.706082], [-76.443771, 0.706102], [-76.443767, 0.706111], [-76.44376, 0.706129], [-76.443757, 0.706136], [-76.443748, 0.706153], [-76.443739, 0.70617], [-76.443731, 0.706185], [-76.443723, 0.706196], [-76.443717, 0.706205], [-76.443712, 0.706212], [-76.443708, 0.706217], [-76.443705, 0.70622], [-76.443699, 0.706228], [-76.443693, 0.706234], [-76.443685, 0.706242], [-76.443676, 0.70625], [-76.443666, 0.706259], [-76.443656, 0.706268], [-76.443647, 0.706276], [-76.443626, 0.706293], [-76.443616, 0.706301], [-76.443602, 0.706311], [-76.443575, 0.706332], [-76.443498, 0.706388], [-76.443447, 0.706426], [-76.443424, 0.706443], [-76.443365, 0.706483], [-76.443319, 0.706516], [-76.443296, 0.706532], [-76.443287, 0.706538], [-76.443268, 0.706549], [-76.443244, 0.706563], [-76.443232, 0.70657], [-76.44321, 0.706582], [-76.44319, 0.706591], [-76.443172, 0.7066], [-76.443155, 0.706607], [-76.44314, 0.706612], [-76.443128, 0.706616], [-76.443117, 0.706619], [-76.44311, 0.70662], [-76.443094, 0.706623], [-76.443085, 0.706625], [-76.443066, 0.706627], [-76.443044, 0.70663], [-76.443033, 0.706631], [-76.443024, 0.706631], [-76.443005, 0.706632], [-76.442992, 0.706632], [-76.442985, 0.706632], [-76.442969, 0.706632], [-76.442959, 0.706631], [-76.442937, 0.706629], [-76.442925, 0.706627], [-76.442912, 0.706626], [-76.44289, 0.706623], [-76.442879, 0.706621], [-76.442859, 0.706617], [-76.442849, 0.706615], [-76.442829, 0.70661], [-76.442809, 0.706605], [-76.442798, 0.706602], [-76.442787, 0.706599], [-76.442765, 0.706592], [-76.442741, 0.706583], [-76.442712, 0.706572], [-76.442688, 0.706562], [-76.44264, 0.706542], [-76.44261, 0.706528], [-76.442593, 0.70652], [-76.442574, 0.706512], [-76.442544, 0.706497], [-76.442514, 0.706481], [-76.442494, 0.706471], [-76.442474, 0.706459], [-76.442452, 0.706446], [-76.44243, 0.706432], [-76.442398, 0.706412], [-76.442349, 0.70638], [-76.44231, 0.706354], [-76.442271, 0.706326], [-76.442176, 0.706259], [-76.442156, 0.706246], [-76.442125, 0.706224], [-76.442076, 0.706191], [-76.441997, 0.706137], [-76.441988, 0.706131], [-76.441969, 0.706117], [-76.441946, 0.706101], [-76.44193, 0.70609], [-76.44191, 0.706076], [-76.441884, 0.706058], [-76.441855, 0.706039], [-76.441827, 0.706021], [-76.441791, 0.705999], [-76.44176, 0.70598], [-76.441723, 0.705959], [-76.441705, 0.705948], [-76.441688, 0.705939], [-76.441659, 0.705923], [-76.441621, 0.705904], [-76.441601, 0.705893], [-76.441572, 0.70588], [-76.441554, 0.705871], [-76.441501, 0.705847], [-76.44144, 0.705818], [-76.441406, 0.705801], [-76.441384, 0.70579], [-76.441339, 0.705767], [-76.441309, 0.705752], [-76.441282, 0.705739], [-76.441259, 0.705728], [-76.441238, 0.70572], [-76.441218, 0.705712], [-76.4412, 0.705705], [-76.441176, 0.705698], [-76.441154, 0.705691], [-76.441132, 0.705685], [-76.441107, 0.705679], [-76.441096, 0.705677], [-76.441074, 0.705672], [-76.441053, 0.705669], [-76.441042, 0.705667], [-76.44102, 0.705664], [-76.441, 0.705661], [-76.440982, 0.70566], [-76.440972, 0.705659], [-76.440953, 0.705658], [-76.440944, 0.705658], [-76.440925, 0.705658], [-76.440906, 0.705659], [-76.440897, 0.70566], [-76.440878, 0.705661], [-76.440858, 0.705664], [-76.440847, 0.705665], [-76.440826, 0.705669], [-76.440804, 0.705673], [-76.440793, 0.705675], [-76.440771, 0.70568], [-76.440748, 0.705686], [-76.440735, 0.70569], [-76.440707, 0.705699], [-76.440681, 0.705707], [-76.440655, 0.705716], [-76.440642, 0.705721], [-76.440612, 0.705733], [-76.440582, 0.705745], [-76.440569, 0.705751], [-76.440543, 0.705762], [-76.44053, 0.705768], [-76.440514, 0.705775], [-76.440486, 0.705789], [-76.44047, 0.705797], [-76.440449, 0.705807], [-76.440434, 0.705816], [-76.440417, 0.705825], [-76.4404, 0.705834], [-76.44038, 0.705846], [-76.440338, 0.70587], [-76.440317, 0.705882], [-76.440292, 0.705897], [-76.440267, 0.705913], [-76.440206, 0.705951], [-76.440195, 0.705957], [-76.44015, 0.705984], [-76.440133, 0.705994], [-76.440102, 0.706013], [-76.440076, 0.70603], [-76.440045, 0.70605], [-76.440027, 0.706063], [-76.439952, 0.706116], [-76.439893, 0.706158], [-76.439873, 0.706172], [-76.439838, 0.706196], [-76.439812, 0.706214], [-76.4398, 0.706221], [-76.439787, 0.706229], [-76.439763, 0.706243], [-76.439751, 0.70625], [-76.439729, 0.706261], [-76.439719, 0.706266], [-76.439701, 0.706275], [-76.439684, 0.706282], [-76.439675, 0.706286], [-76.439654, 0.706294], [-76.439642, 0.706298], [-76.439632, 0.706301], [-76.439611, 0.706308], [-76.439591, 0.706314], [-76.439569, 0.706319], [-76.439559, 0.706321], [-76.439541, 0.706325], [-76.439516, 0.70633], [-76.439502, 0.706332], [-76.439491, 0.706333], [-76.439469, 0.706336], [-76.439444, 0.706338], [-76.43943, 0.706339], [-76.439408, 0.706341], [-76.439377, 0.706342], [-76.439357, 0.706342], [-76.439338, 0.706342], [-76.439317, 0.706341], [-76.439306, 0.706341], [-76.439279, 0.706339], [-76.439254, 0.706337], [-76.439228, 0.706334], [-76.439189, 0.706329], [-76.43915, 0.706324], [-76.439084, 0.706314], [-76.438995, 0.706302], [-76.438952, 0.706296], [-76.438869, 0.706286], [-76.438829, 0.706281], [-76.438799, 0.706277], [-76.438769, 0.706272], [-76.438746, 0.706268], [-76.438703, 0.70626], [-76.43865, 0.70625], [-76.438627, 0.706245], [-76.438591, 0.706237], [-76.43856, 0.706229], [-76.438484, 0.70621], [-76.438454, 0.706203], [-76.438423, 0.706196], [-76.43834, 0.706179], [-76.438305, 0.706171], [-76.438273, 0.706163], [-76.43824, 0.706155], [-76.438228, 0.706151], [-76.438203, 0.706144], [-76.438178, 0.706136], [-76.438167, 0.706133], [-76.438157, 0.706129], [-76.438144, 0.706124], [-76.438135, 0.70612], [-76.438126, 0.706117], [-76.43811, 0.70611], [-76.438096, 0.706103], [-76.438088, 0.706099], [-76.438071, 0.70609], [-76.438063, 0.706084], [-76.438047, 0.706074], [-76.438037, 0.706068], [-76.438028, 0.706061], [-76.438008, 0.706047], [-76.437987, 0.706031], [-76.437975, 0.706022], [-76.437964, 0.706013], [-76.437953, 0.706003], [-76.437944, 0.705995], [-76.437936, 0.705988], [-76.437929, 0.705982], [-76.437922, 0.705974], [-76.437913, 0.705965], [-76.437902, 0.705954], [-76.437891, 0.705942], [-76.437878, 0.705928], [-76.437853, 0.705899], [-76.437839, 0.705882], [-76.437824, 0.705866], [-76.43781, 0.705849], [-76.437797, 0.705832], [-76.437752, 0.705776], [-76.437718, 0.705735], [-76.437708, 0.705722], [-76.437698, 0.705711], [-76.437689, 0.705701], [-76.43768, 0.705691], [-76.437672, 0.705682], [-76.437663, 0.705673], [-76.437655, 0.705666], [-76.437647, 0.705658], [-76.437638, 0.705649], [-76.437628, 0.70564], [-76.437618, 0.705632], [-76.437609, 0.705624], [-76.437599, 0.705616], [-76.43759, 0.705609], [-76.437572, 0.705595], [-76.437552, 0.705581], [-76.437533, 0.705568], [-76.437524, 0.705562], [-76.437515, 0.705557], [-76.437496, 0.705546], [-76.437486, 0.70554], [-76.437467, 0.70553], [-76.437447, 0.705521], [-76.437437, 0.705516], [-76.437417, 0.705507], [-76.437397, 0.705499], [-76.437386, 0.705495], [-76.437376, 0.705491], [-76.437355, 0.705484], [-76.437332, 0.705477], [-76.437307, 0.70547], [-76.437283, 0.705463], [-76.437271, 0.705461], [-76.437259, 0.705458], [-76.437232, 0.705452], [-76.437206, 0.705447], [-76.43718, 0.705442], [-76.437166, 0.70544], [-76.437142, 0.705437], [-76.437118, 0.705434], [-76.437105, 0.705433], [-76.437094, 0.705432], [-76.437072, 0.705431], [-76.437053, 0.70543], [-76.437038, 0.70543], [-76.437024, 0.705431], [-76.437009, 0.705432], [-76.436992, 0.705434], [-76.436972, 0.705437], [-76.436954, 0.70544], [-76.436935, 0.705444], [-76.436909, 0.70545], [-76.436888, 0.705455], [-76.436867, 0.705461], [-76.436852, 0.705466], [-76.436848, 0.705468], [-76.436832, 0.705475], [-76.436812, 0.705484], [-76.436801, 0.70549], [-76.43678, 0.705501], [-76.436769, 0.705507], [-76.436746, 0.70552], [-76.436734, 0.705527], [-76.436712, 0.705541], [-76.436701, 0.705548], [-76.436686, 0.705558], [-76.436654, 0.70558], [-76.436628, 0.705599], [-76.436599, 0.70562], [-76.436537, 0.705666], [-76.436514, 0.705683], [-76.43648, 0.705707], [-76.436454, 0.705725], [-76.436422, 0.705748], [-76.436393, 0.705767], [-76.436353, 0.705793], [-76.436319, 0.705814], [-76.436283, 0.705836], [-76.436248, 0.705857], [-76.43621, 0.705879], [-76.436197, 0.705886], [-76.436169, 0.705901], [-76.436142, 0.705915], [-76.436129, 0.705921], [-76.436119, 0.705926], [-76.436106, 0.705931], [-76.436085, 0.70594], [-76.436075, 0.705945], [-76.436057, 0.705951], [-76.436051, 0.705953], [-76.436035, 0.705958], [-76.436016, 0.705963], [-76.436006, 0.705966], [-76.435995, 0.705968], [-76.435975, 0.705973], [-76.435964, 0.705975], [-76.435945, 0.705978], [-76.435924, 0.705981], [-76.435911, 0.705982], [-76.43589, 0.705984], [-76.435872, 0.705986], [-76.435833, 0.705989], [-76.435798, 0.705992], [-76.435719, 0.705998], [-76.435658, 0.706002], [-76.435633, 0.706005], [-76.435612, 0.706007], [-76.435586, 0.706011], [-76.435573, 0.706012], [-76.43555, 0.706016], [-76.435525, 0.706021], [-76.435485, 0.706028], [-76.435453, 0.706035], [-76.435408, 0.706044], [-76.435368, 0.706051], [-76.435353, 0.706053], [-76.435336, 0.706056], [-76.435301, 0.706061], [-76.435284, 0.706063], [-76.435245, 0.706067], [-76.435218, 0.70607], [-76.435184, 0.706072], [-76.435152, 0.706074], [-76.435134, 0.706075], [-76.435104, 0.706076], [-76.435089, 0.706076], [-76.435072, 0.706076], [-76.435041, 0.706076], [-76.435025, 0.706076], [-76.435011, 0.706075], [-76.434973, 0.706073], [-76.434936, 0.70607], [-76.434915, 0.706069], [-76.434868, 0.706065], [-76.434847, 0.706063], [-76.434807, 0.706058], [-76.434773, 0.706054], [-76.434751, 0.706051], [-76.434713, 0.706046], [-76.434669, 0.706039], [-76.434621, 0.706032], [-76.434585, 0.706026], [-76.434541, 0.706018], [-76.4345, 0.70601], [-76.434462, 0.706002], [-76.434444, 0.705998], [-76.434419, 0.705992], [-76.434391, 0.705986], [-76.434371, 0.705981], [-76.434336, 0.705972], [-76.434317, 0.705966], [-76.434281, 0.705956], [-76.434261, 0.70595], [-76.434235, 0.705943], [-76.434189, 0.705928], [-76.434143, 0.705913], [-76.4341, 0.705898], [-76.434046, 0.705879], [-76.434008, 0.705865], [-76.433981, 0.705854], [-76.433956, 0.705844], [-76.433939, 0.705837], [-76.433881, 0.705812], [-76.433848, 0.705797], [-76.433818, 0.705786], [-76.433804, 0.70578], [-76.433779, 0.705771], [-76.433754, 0.705763], [-76.433744, 0.705759], [-76.433717, 0.705751], [-76.433704, 0.705747], [-76.43369, 0.705744], [-76.433667, 0.705738], [-76.433651, 0.705734], [-76.433615, 0.705726], [-76.433595, 0.705721], [-76.433559, 0.705714], [-76.433423, 0.705687], [-76.433395, 0.705682], [-76.433385, 0.70568], [-76.433381, 0.70568], [-76.433361, 0.705679], [-76.43333, 0.705679], [-76.4333, 0.705678], [-76.433272, 0.705678], [-76.433247, 0.705679], [-76.433221, 0.70568], [-76.433206, 0.705681], [-76.43318, 0.705683], [-76.433153, 0.705685], [-76.433128, 0.705688], [-76.433102, 0.705692], [-76.433082, 0.705695], [-76.433034, 0.705703], [-76.432984, 0.705711], [-76.43296, 0.705716], [-76.432916, 0.705724], [-76.432883, 0.705731], [-76.43284, 0.70574], [-76.432806, 0.705748], [-76.432771, 0.705757], [-76.432735, 0.705766], [-76.432704, 0.705775], [-76.432673, 0.705784], [-76.432624, 0.7058], [-76.432545, 0.705825], [-76.432502, 0.70584], [-76.432464, 0.705853], [-76.43245, 0.705858], [-76.432424, 0.705868], [-76.432397, 0.705879], [-76.432383, 0.705884], [-76.432352, 0.705897], [-76.432334, 0.705905], [-76.432315, 0.705914], [-76.432285, 0.705928], [-76.432152, 0.70599], [-76.432107, 0.70601], [-76.432061, 0.70603], [-76.432043, 0.706038], [-76.43203, 0.706043], [-76.432004, 0.706053], [-76.431979, 0.706063], [-76.431966, 0.706067], [-76.43194, 0.706076], [-76.431918, 0.706082], [-76.431892, 0.70609], [-76.431879, 0.706093], [-76.431857, 0.706098], [-76.431845, 0.706101], [-76.431829, 0.706105], [-76.431814, 0.706107], [-76.431802, 0.706109], [-76.431793, 0.706109], [-76.431776, 0.706109], [-76.431765, 0.706109], [-76.431742, 0.706109], [-76.431731, 0.706108], [-76.431702, 0.706106], [-76.431678, 0.706104], [-76.431667, 0.706103], [-76.431645, 0.7061], [-76.431628, 0.706097], [-76.431613, 0.706094], [-76.431604, 0.706092], [-76.431582, 0.706086], [-76.431559, 0.70608], [-76.431537, 0.706073], [-76.431526, 0.706069], [-76.431502, 0.706061], [-76.431491, 0.706057], [-76.431469, 0.706048], [-76.431445, 0.706038], [-76.431434, 0.706033], [-76.431408, 0.70602], [-76.431396, 0.706015], [-76.431386, 0.706009], [-76.431377, 0.706004], [-76.431358, 0.705993], [-76.431339, 0.705982], [-76.431317, 0.705968], [-76.431291, 0.705951], [-76.431278, 0.705942], [-76.431253, 0.705924], [-76.431193, 0.705881], [-76.431138, 0.705843], [-76.431114, 0.705827], [-76.431101, 0.705818], [-76.431067, 0.705796], [-76.431049, 0.705785], [-76.431007, 0.705759], [-76.430945, 0.70572], [-76.430912, 0.705699], [-76.430881, 0.705678], [-76.430867, 0.705669], [-76.430829, 0.705642], [-76.430792, 0.705615], [-76.430753, 0.705586], [-76.43073, 0.705569], [-76.430694, 0.705543], [-76.430666, 0.705523], [-76.430653, 0.705515], [-76.430631, 0.7055], [-76.430609, 0.705486], [-76.430589, 0.705475], [-76.430567, 0.705464], [-76.430548, 0.705454], [-76.430538, 0.705449], [-76.43052, 0.705441], [-76.430501, 0.705433], [-76.430492, 0.70543], [-76.430475, 0.705424], [-76.430462, 0.70542], [-76.430446, 0.705416], [-76.430438, 0.705414], [-76.430418, 0.70541], [-76.430398, 0.705406], [-76.43039, 0.705405], [-76.430374, 0.705403], [-76.430355, 0.705401], [-76.430328, 0.7054], [-76.430297, 0.705398], [-76.43027, 0.705397], [-76.430257, 0.705397], [-76.430242, 0.705397], [-76.430223, 0.705397], [-76.430196, 0.705398], [-76.430164, 0.705399], [-76.430131, 0.7054], [-76.430034, 0.705404], [-76.429919, 0.705407], [-76.429851, 0.705407], [-76.429812, 0.705407], [-76.429785, 0.705407], [-76.429749, 0.705405], [-76.429709, 0.705403], [-76.429675, 0.705401], [-76.429632, 0.705398], [-76.42958, 0.705393], [-76.429545, 0.705389], [-76.429517, 0.705386], [-76.429492, 0.705382], [-76.42947, 0.705378], [-76.429451, 0.705374], [-76.429431, 0.70537], [-76.429414, 0.705365], [-76.429395, 0.705359], [-76.429376, 0.705353], [-76.429361, 0.705347], [-76.429342, 0.705339], [-76.429323, 0.70533], [-76.429312, 0.705325], [-76.429289, 0.705313], [-76.429266, 0.7053], [-76.4292, 0.705263], [-76.429123, 0.70522], [-76.429073, 0.705193], [-76.429036, 0.705173], [-76.42902, 0.705164], [-76.428994, 0.705151], [-76.428965, 0.705137], [-76.428943, 0.705126], [-76.428925, 0.705118], [-76.428891, 0.705103], [-76.428867, 0.705093], [-76.428837, 0.70508], [-76.428808, 0.705069], [-76.428775, 0.705057], [-76.42876, 0.705052], [-76.428733, 0.705044], [-76.428707, 0.705036], [-76.428678, 0.705029], [-76.428648, 0.705021], [-76.428618, 0.705015], [-76.428582, 0.705007], [-76.42853, 0.704997], [-76.42844, 0.704978], [-76.428395, 0.704968], [-76.428333, 0.704954], [-76.428317, 0.70495], [-76.428258, 0.704937], [-76.428218, 0.704929], [-76.42817, 0.704919], [-76.428112, 0.704906], [-76.428079, 0.7049], [-76.428035, 0.704892], [-76.427996, 0.704886], [-76.427967, 0.704881], [-76.427847, 0.704863], [-76.4278, 0.704856], [-76.427769, 0.704851], [-76.427665, 0.704838], [-76.427611, 0.704832], [-76.427554, 0.704826], [-76.427489, 0.704818], [-76.427407, 0.704809], [-76.427328, 0.704801], [-76.42731, 0.704799], [-76.427279, 0.704795], [-76.427248, 0.704791], [-76.427235, 0.704789], [-76.427215, 0.704785], [-76.427185, 0.70478], [-76.427167, 0.704776], [-76.427132, 0.704768], [-76.42711, 0.704763], [-76.427066, 0.704752], [-76.427029, 0.704743], [-76.427014, 0.70474], [-76.426986, 0.704734], [-76.426962, 0.704729], [-76.426949, 0.704727], [-76.426926, 0.704723], [-76.426902, 0.70472], [-76.426881, 0.704718], [-76.426858, 0.704716], [-76.426846, 0.704716], [-76.426834, 0.704715], [-76.42681, 0.704715], [-76.426798, 0.704715], [-76.426774, 0.704715], [-76.42675, 0.704716], [-76.426717, 0.704718], [-76.426705, 0.704718], [-76.426678, 0.704721], [-76.426655, 0.704723], [-76.426644, 0.704725], [-76.426632, 0.704726], [-76.426608, 0.70473], [-76.426584, 0.704735], [-76.426572, 0.704737], [-76.42656, 0.70474], [-76.426536, 0.704745], [-76.426512, 0.704751], [-76.426501, 0.704755], [-76.426477, 0.704762], [-76.426463, 0.704766], [-76.426434, 0.704775], [-76.426421, 0.70478], [-76.426396, 0.704789], [-76.426372, 0.704798], [-76.426346, 0.704809], [-76.426331, 0.704815], [-76.4263, 0.704829], [-76.426285, 0.704836], [-76.426256, 0.70485], [-76.426231, 0.704862], [-76.42622, 0.704868], [-76.426201, 0.704879], [-76.42618, 0.704891], [-76.426155, 0.704907], [-76.426137, 0.704918], [-76.42612, 0.704929], [-76.426102, 0.70494], [-76.426091, 0.704948], [-76.426068, 0.704964], [-76.426034, 0.704988], [-76.426017, 0.705], [-76.425999, 0.705014], [-76.425981, 0.705027], [-76.425963, 0.705042], [-76.425926, 0.70507], [-76.425898, 0.705092], [-76.425867, 0.705118], [-76.425833, 0.705146], [-76.425816, 0.705161], [-76.425783, 0.705189], [-76.425761, 0.705209], [-76.425735, 0.705234], [-76.425672, 0.705296], [-76.425637, 0.705329], [-76.425619, 0.705346], [-76.425602, 0.705362], [-76.425588, 0.705374], [-76.425572, 0.705388], [-76.425536, 0.705419], [-76.425508, 0.705441], [-76.425493, 0.705454], [-76.425454, 0.705485], [-76.425436, 0.705498], [-76.425416, 0.705513], [-76.425405, 0.705521], [-76.425383, 0.705536], [-76.425373, 0.705543], [-76.425363, 0.705549], [-76.425342, 0.705563], [-76.425319, 0.705576], [-76.425307, 0.705582], [-76.425285, 0.705594], [-76.425264, 0.705604], [-76.425256, 0.705608], [-76.425245, 0.705613], [-76.425228, 0.70562], [-76.42521, 0.705627], [-76.425197, 0.705631], [-76.425183, 0.705635], [-76.425173, 0.705638], [-76.425156, 0.705641], [-76.425135, 0.705645], [-76.425112, 0.705649], [-76.425102, 0.705651], [-76.425077, 0.705654], [-76.42505, 0.705657], [-76.425036, 0.705658], [-76.425011, 0.70566], [-76.424999, 0.705661], [-76.424975, 0.705662], [-76.424948, 0.705663], [-76.424917, 0.705663], [-76.424856, 0.705664], [-76.424769, 0.705664], [-76.424661, 0.705664], [-76.424634, 0.705665], [-76.424583, 0.705666], [-76.42451, 0.705668], [-76.424447, 0.70567], [-76.424376, 0.705672], [-76.424165, 0.70568], [-76.424076, 0.705683], [-76.424055, 0.705684], [-76.42402, 0.705684], [-76.424001, 0.705684], [-76.423974, 0.705683], [-76.423949, 0.705682], [-76.423937, 0.705682], [-76.423925, 0.705681], [-76.423901, 0.705679], [-76.423891, 0.705678], [-76.423873, 0.705676], [-76.423859, 0.705673], [-76.423846, 0.70567], [-76.423834, 0.705667], [-76.423829, 0.705665], [-76.42382, 0.705662], [-76.423801, 0.705656], [-76.423793, 0.705652], [-76.423778, 0.705646], [-76.423772, 0.705643], [-76.423763, 0.705638], [-76.423753, 0.705632], [-76.423747, 0.705627], [-76.423729, 0.705615], [-76.42372, 0.705608], [-76.42371, 0.7056], [-76.423699, 0.705591], [-76.423689, 0.705583], [-76.423678, 0.705573], [-76.423665, 0.705562], [-76.423652, 0.705551], [-76.423636, 0.705536], [-76.423621, 0.705523], [-76.423605, 0.705507], [-76.423596, 0.705498], [-76.423564, 0.705467], [-76.423503, 0.705407], [-76.423463, 0.705368], [-76.423423, 0.705329], [-76.423385, 0.705293], [-76.423348, 0.705259], [-76.42333, 0.705242], [-76.423287, 0.705204], [-76.423257, 0.705177], [-76.423218, 0.705144], [-76.423188, 0.705119], [-76.42317, 0.705104], [-76.423154, 0.705091], [-76.423136, 0.705077], [-76.423087, 0.705039], [-76.423051, 0.705011], [-76.423021, 0.704989], [-76.422981, 0.704961], [-76.422933, 0.704928], [-76.422905, 0.704909], [-76.422834, 0.704861], [-76.422795, 0.704835], [-76.422745, 0.704802], [-76.422723, 0.704788], [-76.422686, 0.704765], [-76.422602, 0.704713], [-76.422576, 0.704697], [-76.422515, 0.70466], [-76.422479, 0.704638], [-76.422442, 0.704616], [-76.422393, 0.704588], [-76.422373, 0.704576], [-76.422338, 0.704556], [-76.42232, 0.704547], [-76.422292, 0.704532], [-76.422271, 0.704521], [-76.422244, 0.704508], [-76.422222, 0.704497], [-76.422199, 0.704486], [-76.422177, 0.704475], [-76.422164, 0.704469], [-76.422151, 0.704464], [-76.422134, 0.704457], [-76.422108, 0.704448], [-76.422087, 0.70444], [-76.422082, 0.704439], [-76.42208, 0.704438], [-76.422068, 0.704436], [-76.422027, 0.704428], [-76.422021, 0.704428], [-76.422015, 0.704427], [-76.421958, 0.704431], [-76.421886, 0.704439], [-76.421884, 0.704439], [-76.421865, 0.704443], [-76.421837, 0.704449], [-76.421815, 0.704454], [-76.421796, 0.704458], [-76.421772, 0.704465], [-76.421733, 0.704475], [-76.421712, 0.704482], [-76.42166, 0.704497], [-76.421641, 0.704503], [-76.421584, 0.704522], [-76.421493, 0.704551], [-76.421424, 0.704572], [-76.421332, 0.704598], [-76.421289, 0.704611], [-76.421259, 0.704619], [-76.421241, 0.704623], [-76.421206, 0.704632], [-76.421189, 0.704636], [-76.421136, 0.704647], [-76.421103, 0.704654], [-76.421071, 0.70466], [-76.421012, 0.704671], [-76.420957, 0.704681], [-76.420826, 0.704709], [-76.420778, 0.704718], [-76.420764, 0.704721], [-76.420712, 0.704732], [-76.420672, 0.704741], [-76.420669, 0.704741], [-76.42065, 0.704747], [-76.420623, 0.704757], [-76.420596, 0.704765], [-76.420576, 0.704772], [-76.420541, 0.704785], [-76.420507, 0.704799], [-76.420467, 0.704816], [-76.420433, 0.70483], [-76.420406, 0.704841], [-76.420368, 0.704858], [-76.420331, 0.704874], [-76.420298, 0.70489], [-76.42027, 0.704903], [-76.420247, 0.704915], [-76.420224, 0.704927], [-76.420099, 0.704994], [-76.420053, 0.705019], [-76.420005, 0.705046], [-76.419958, 0.705073], [-76.419921, 0.705094], [-76.419898, 0.705107], [-76.419859, 0.705131], [-76.41982, 0.705156], [-76.419792, 0.705173], [-76.419748, 0.7052], [-76.419727, 0.705213], [-76.419687, 0.705237], [-76.419666, 0.705249], [-76.419655, 0.705255], [-76.419626, 0.705271], [-76.41958, 0.705295], [-76.419568, 0.7053], [-76.419521, 0.705323], [-76.419488, 0.705338], [-76.419466, 0.705348], [-76.419423, 0.705366], [-76.419399, 0.705377], [-76.419353, 0.705396], [-76.41932, 0.705409], [-76.419281, 0.705426], [-76.419193, 0.705465], [-76.419169, 0.705475], [-76.419149, 0.705485], [-76.419115, 0.705501], [-76.419084, 0.705517], [-76.419065, 0.705526], [-76.419018, 0.705551], [-76.418962, 0.70558], [-76.418936, 0.705594], [-76.418913, 0.705607], [-76.4189, 0.705615], [-76.418862, 0.705639], [-76.418829, 0.70566], [-76.418816, 0.705668], [-76.418802, 0.705678], [-76.418773, 0.705698], [-76.418753, 0.705712], [-76.41872, 0.705736], [-76.418618, 0.705814], [-76.418598, 0.705828], [-76.418574, 0.705846], [-76.418506, 0.705897], [-76.418455, 0.705932], [-76.41835, 0.706004], [-76.41829, 0.706046], [-76.418268, 0.70606], [-76.418227, 0.706089], [-76.418212, 0.7061], [-76.418184, 0.706121], [-76.418143, 0.706153], [-76.418133, 0.706161], [-76.418104, 0.706185], [-76.418062, 0.706219], [-76.418025, 0.706249], [-76.417991, 0.706277], [-76.417906, 0.706349], [-76.417864, 0.706385], [-76.417825, 0.706419], [-76.417814, 0.706428], [-76.417793, 0.706447], [-76.417744, 0.706493], [-76.417718, 0.706519], [-76.417675, 0.706562], [-76.417655, 0.706582], [-76.417644, 0.706594], [-76.417633, 0.706607], [-76.417612, 0.70663], [-76.417603, 0.706641], [-76.417593, 0.706653], [-76.417573, 0.706678], [-76.417553, 0.706703], [-76.417537, 0.706725], [-76.417495, 0.706785], [-76.417455, 0.706842], [-76.417433, 0.706876], [-76.417421, 0.706894], [-76.417394, 0.706938], [-76.41735, 0.70701], [-76.417314, 0.707067], [-76.41729, 0.707104], [-76.417252, 0.707164], [-76.417213, 0.707226], [-76.417199, 0.707249], [-76.417172, 0.707292], [-76.41715, 0.707327], [-76.41714, 0.707344], [-76.417128, 0.707363], [-76.417107, 0.7074], [-76.417087, 0.707434], [-76.417061, 0.70748], [-76.417006, 0.707582], [-76.416984, 0.707623], [-76.416977, 0.707636], [-76.416959, 0.707672], [-76.41695, 0.707691], [-76.416922, 0.707752], [-76.416903, 0.707799], [-76.416874, 0.707867], [-76.416854, 0.707915], [-76.416841, 0.707944], [-76.416818, 0.707995], [-76.416796, 0.708047], [-76.41678, 0.708082], [-76.416755, 0.708138], [-76.416718, 0.708225], [-76.41669, 0.708291], [-76.416677, 0.708322], [-76.416672, 0.708335], [-76.416663, 0.708359], [-76.41665, 0.708396], [-76.416641, 0.708422], [-76.416635, 0.708439], [-76.41662, 0.708488], [-76.416613, 0.70851], [-76.416604, 0.708539], [-76.416589, 0.708597], [-76.416585, 0.70861], [-76.41658, 0.708629], [-76.41657, 0.708669], [-76.416556, 0.708728], [-76.416555, 0.708734], [-76.416553, 0.708743], [-76.416548, 0.708769], [-76.416542, 0.708811], [-76.416539, 0.708829], [-76.416534, 0.708862], [-76.41653, 0.708887], [-76.416522, 0.708953], [-76.416519, 0.708982], [-76.416515, 0.709021], [-76.416508, 0.709082], [-76.416506, 0.709102], [-76.416502, 0.70913], [-76.416496, 0.709175], [-76.416484, 0.709253], [-76.416479, 0.709288], [-76.416473, 0.709339], [-76.416466, 0.709386], [-76.416462, 0.709413], [-76.416456, 0.709458], [-76.416452, 0.709482], [-76.416445, 0.70952], [-76.416437, 0.709557], [-76.416409, 0.709689], [-76.416403, 0.709714], [-76.416399, 0.70973], [-76.416387, 0.709765], [-76.416378, 0.709789], [-76.416371, 0.709803], [-76.416364, 0.709818], [-76.416359, 0.709828], [-76.416353, 0.709839], [-76.416352, 0.709841], [-76.416349, 0.709844], [-76.416348, 0.709846], [-76.416345, 0.709849], [-76.416315, 0.709877], [-76.416313, 0.709879], [-76.416311, 0.70988], [-76.4163, 0.709887], [-76.416298, 0.709888], [-76.416295, 0.70989], [-76.416273, 0.709899], [-76.416265, 0.709903], [-76.416261, 0.709904], [-76.416242, 0.709908], [-76.416225, 0.709911], [-76.416195, 0.709916], [-76.41618, 0.709919], [-76.416158, 0.709922], [-76.416131, 0.709925], [-76.416113, 0.709927], [-76.416088, 0.709929], [-76.416059, 0.709931], [-76.416054, 0.709931], [-76.416024, 0.709928], [-76.416011, 0.709927], [-76.416002, 0.709926], [-76.415952, 0.709913], [-76.41595, 0.709912], [-76.415947, 0.709911], [-76.415912, 0.709897], [-76.415896, 0.709891], [-76.415863, 0.709877], [-76.415854, 0.709873], [-76.415834, 0.709864], [-76.415813, 0.709854], [-76.41579, 0.709843], [-76.415749, 0.709823], [-76.415739, 0.709817], [-76.415721, 0.709807], [-76.415676, 0.709782], [-76.415618, 0.709749], [-76.415566, 0.709719], [-76.41555, 0.70971], [-76.415528, 0.709698], [-76.415498, 0.709682], [-76.415495, 0.709681], [-76.415491, 0.709679], [-76.415469, 0.70967], [-76.415459, 0.709666], [-76.415433, 0.709656], [-76.41543, 0.709656], [-76.415423, 0.709654], [-76.415402, 0.709648], [-76.415391, 0.709646], [-76.415375, 0.709643], [-76.415351, 0.709639], [-76.415339, 0.709637], [-76.415327, 0.709635], [-76.415309, 0.709633], [-76.415296, 0.709632], [-76.415275, 0.70963], [-76.41524, 0.709628], [-76.415225, 0.709627], [-76.415176, 0.709626], [-76.415143, 0.709625], [-76.415102, 0.709624], [-76.415099, 0.709624], [-76.41509, 0.709625], [-76.415066, 0.709628], [-76.415031, 0.709632], [-76.414967, 0.709639], [-76.414951, 0.709641], [-76.414947, 0.709642], [-76.414944, 0.709643], [-76.414925, 0.70965], [-76.414856, 0.709675], [-76.414785, 0.709701], [-76.414744, 0.709716], [-76.414729, 0.709722], [-76.414727, 0.709723], [-76.414693, 0.709741], [-76.414685, 0.709746], [-76.414674, 0.709752], [-76.414645, 0.709774], [-76.414628, 0.709787], [-76.414626, 0.709789], [-76.414623, 0.709792], [-76.414576, 0.709841], [-76.414573, 0.709843], [-76.414572, 0.709846], [-76.41457, 0.709848], [-76.414568, 0.709852], [-76.414563, 0.709864], [-76.414553, 0.709888], [-76.414523, 0.709969], [-76.414514, 0.709991], [-76.414494, 0.710047], [-76.414485, 0.710071], [-76.414463, 0.710133], [-76.414436, 0.710206], [-76.414431, 0.71022], [-76.414422, 0.710247], [-76.41441, 0.710284], [-76.414402, 0.710309], [-76.414393, 0.710344], [-76.414384, 0.710379], [-76.41438, 0.710395], [-76.414373, 0.710426], [-76.414367, 0.710454], [-76.414364, 0.710469], [-76.414358, 0.710504], [-76.414351, 0.710542], [-76.414345, 0.710585], [-76.41434, 0.710619], [-76.414337, 0.710641], [-76.414329, 0.710699], [-76.414324, 0.710737], [-76.414323, 0.710741], [-76.414323, 0.710744], [-76.41432, 0.710809], [-76.414319, 0.710834], [-76.414318, 0.710849], [-76.414316, 0.710923], [-76.414315, 0.710978], [-76.414315, 0.711017], [-76.414315, 0.711034], [-76.414315, 0.711043], [-76.414316, 0.711086], [-76.414317, 0.711117], [-76.414318, 0.711164], [-76.414319, 0.711198], [-76.414321, 0.711279], [-76.414321, 0.711306], [-76.414321, 0.711308], [-76.414325, 0.711337], [-76.414335, 0.71141], [-76.414338, 0.711432], [-76.414338, 0.711434], [-76.414347, 0.71147], [-76.414367, 0.711562], [-76.414368, 0.711564], [-76.414389, 0.711621], [-76.41439, 0.711623], [-76.414397, 0.711634], [-76.414418, 0.711669], [-76.414428, 0.711686], [-76.414445, 0.711714], [-76.414459, 0.711735], [-76.41448, 0.711767], [-76.414503, 0.711802], [-76.414525, 0.711834], [-76.414544, 0.711861], [-76.414556, 0.711879], [-76.414623, 0.711972], [-76.414643, 0.712], [-76.414684, 0.712054], [-76.41476, 0.712158], [-76.414803, 0.712215], [-76.414864, 0.7123], [-76.414885, 0.712329], [-76.414912, 0.712367], [-76.41495, 0.712419], [-76.414959, 0.71243], [-76.41496, 0.712433], [-76.414979, 0.712453], [-76.415004, 0.71248], [-76.415054, 0.712534], [-76.415093, 0.712574], [-76.415154, 0.712637], [-76.415211, 0.712699], [-76.415264, 0.712758], [-76.415324, 0.712823], [-76.415327, 0.712826], [-76.415328, 0.712828], [-76.415373, 0.712896], [-76.415385, 0.712914], [-76.4154, 0.712937], [-76.415435, 0.712991], [-76.415436, 0.712993], [-76.415443, 0.713008], [-76.415475, 0.713074], [-76.415491, 0.71311], [-76.415492, 0.713112], [-76.41551, 0.713173], [-76.41551, 0.713176], [-76.415516, 0.713211], [-76.41552, 0.71323], [-76.41552, 0.713233], [-76.41552, 0.713235], [-76.415522, 0.713276], [-76.415523, 0.713301], [-76.415522, 0.713318], [-76.415519, 0.713367], [-76.415518, 0.713369], [-76.415517, 0.713376], [-76.41551, 0.713404], [-76.415506, 0.713421], [-76.415501, 0.713436], [-76.415494, 0.713455], [-76.415488, 0.713468], [-76.415483, 0.71348], [-76.415477, 0.713493], [-76.415472, 0.713504], [-76.415464, 0.713519], [-76.415459, 0.713531], [-76.415445, 0.713557], [-76.415431, 0.713583], [-76.415413, 0.713614], [-76.415395, 0.713642], [-76.41538, 0.713667], [-76.41537, 0.713683], [-76.41536, 0.713697], [-76.415346, 0.713717], [-76.415336, 0.71373], [-76.415319, 0.713753], [-76.415309, 0.713766], [-76.415298, 0.713779], [-76.415283, 0.713798], [-76.415265, 0.713819], [-76.415263, 0.713821], [-76.41526, 0.713824], [-76.415213, 0.713866], [-76.41521, 0.713868], [-76.4152, 0.713876], [-76.415177, 0.713893], [-76.415153, 0.713909], [-76.415133, 0.713922], [-76.415122, 0.713929], [-76.415101, 0.713941], [-76.415091, 0.713947], [-76.415071, 0.713958], [-76.415057, 0.713965], [-76.415042, 0.713971], [-76.415031, 0.713976], [-76.415016, 0.713981], [-76.41498, 0.713994], [-76.414944, 0.714006], [-76.414906, 0.714018], [-76.414877, 0.714027], [-76.414855, 0.714034], [-76.414827, 0.714042], [-76.414815, 0.714046], [-76.414812, 0.714046], [-76.414775, 0.714053], [-76.414751, 0.714057], [-76.414746, 0.714057], [-76.414669, 0.714057], [-76.414608, 0.714058], [-76.414582, 0.714059], [-76.414528, 0.714058], [-76.414493, 0.714057], [-76.414467, 0.714056], [-76.414417, 0.714053], [-76.414406, 0.714052], [-76.414377, 0.71405], [-76.414343, 0.714046], [-76.414313, 0.714043], [-76.414303, 0.714042], [-76.4143, 0.714041], [-76.414275, 0.714036], [-76.414262, 0.714032], [-76.414234, 0.714025], [-76.41422, 0.714021], [-76.414198, 0.714014], [-76.414182, 0.714009], [-76.414142, 0.713996], [-76.414087, 0.713977], [-76.414054, 0.713965], [-76.414019, 0.713953], [-76.413974, 0.713936], [-76.413897, 0.713907], [-76.413867, 0.713896], [-76.41383, 0.713883], [-76.4138, 0.713873], [-76.413786, 0.713868], [-76.413759, 0.713859], [-76.413744, 0.713854], [-76.413714, 0.713845], [-76.413679, 0.713836], [-76.413665, 0.713832], [-76.413659, 0.71383], [-76.413634, 0.713825], [-76.413613, 0.713821], [-76.413595, 0.713818], [-76.413586, 0.713817], [-76.413564, 0.713814], [-76.413544, 0.713813], [-76.413525, 0.713812], [-76.413499, 0.713811], [-76.41348, 0.713811], [-76.41346, 0.713811], [-76.413435, 0.713812], [-76.413412, 0.713814], [-76.413394, 0.713815], [-76.413353, 0.713819], [-76.413279, 0.713827], [-76.413216, 0.713835], [-76.413184, 0.71384], [-76.413154, 0.713845], [-76.413114, 0.713851], [-76.413074, 0.713857], [-76.413022, 0.713864], [-76.413005, 0.713866], [-76.412961, 0.713871], [-76.412935, 0.713873], [-76.412921, 0.713874], [-76.412897, 0.713876], [-76.412884, 0.713877], [-76.412858, 0.713877], [-76.412762, 0.713879], [-76.41271, 0.713879], [-76.412651, 0.713879], [-76.41262, 0.71388], [-76.412568, 0.713881], [-76.412514, 0.713882], [-76.412495, 0.713883], [-76.412456, 0.713885], [-76.412437, 0.713886], [-76.412405, 0.713888], [-76.412357, 0.713893], [-76.412354, 0.713893], [-76.412333, 0.713896], [-76.412312, 0.7139], [-76.412275, 0.713908], [-76.41224, 0.713917], [-76.412181, 0.713931], [-76.412154, 0.713941], [-76.412122, 0.713952], [-76.412108, 0.713958], [-76.412081, 0.71397], [-76.412036, 0.713989], [-76.412003, 0.714004], [-76.411967, 0.714021], [-76.411948, 0.714031], [-76.411904, 0.714053], [-76.411847, 0.714082], [-76.411795, 0.714108], [-76.411767, 0.714122], [-76.411741, 0.714134], [-76.411699, 0.714154], [-76.411659, 0.714173], [-76.411624, 0.71419], [-76.411592, 0.714206], [-76.411574, 0.714216], [-76.41148, 0.714265], [-76.411445, 0.714284], [-76.411411, 0.714303], [-76.411387, 0.714317], [-76.411373, 0.714325], [-76.411352, 0.714337], [-76.411329, 0.714351], [-76.411307, 0.714366], [-76.411272, 0.714392], [-76.411257, 0.714403], [-76.411254, 0.714405], [-76.411242, 0.714416], [-76.411225, 0.714431], [-76.411215, 0.71444], [-76.411209, 0.714446], [-76.411207, 0.714448], [-76.41119, 0.714469], [-76.411181, 0.714481], [-76.411167, 0.714499], [-76.411166, 0.714501], [-76.411162, 0.714508], [-76.41115, 0.714529], [-76.41114, 0.714549], [-76.411136, 0.714557], [-76.411135, 0.71456], [-76.411132, 0.714566], [-76.411129, 0.714575], [-76.411124, 0.714591], [-76.411118, 0.714612], [-76.411112, 0.714634], [-76.41111, 0.714645], [-76.411105, 0.714667], [-76.411101, 0.714688], [-76.411099, 0.714699], [-76.411093, 0.714732], [-76.41109, 0.714753], [-76.411087, 0.714778], [-76.411086, 0.714787], [-76.411084, 0.714808], [-76.411083, 0.71483], [-76.411083, 0.714852], [-76.411083, 0.714875], [-76.411083, 0.714892], [-76.411084, 0.714918], [-76.411086, 0.714955], [-76.411087, 0.714975], [-76.411088, 0.714985], [-76.411096, 0.715057], [-76.4111, 0.715087], [-76.411105, 0.71513], [-76.41111, 0.715166], [-76.411114, 0.715205], [-76.411116, 0.71523], [-76.411119, 0.715263], [-76.411119, 0.715277], [-76.41112, 0.715292], [-76.411121, 0.715307], [-76.411122, 0.715322], [-76.411122, 0.715349], [-76.411122, 0.715369], [-76.411122, 0.715393], [-76.411122, 0.715404], [-76.411121, 0.715427], [-76.41112, 0.71544], [-76.411118, 0.715458], [-76.411116, 0.71548], [-76.411113, 0.715504], [-76.41111, 0.715522], [-76.411108, 0.715532], [-76.411106, 0.715542], [-76.411101, 0.715562], [-76.411096, 0.715582], [-76.411093, 0.715592], [-76.411088, 0.715608], [-76.411085, 0.715616], [-76.411078, 0.715635], [-76.411074, 0.715645], [-76.411072, 0.715651], [-76.411067, 0.715659], [-76.411061, 0.71567], [-76.411047, 0.715695], [-76.411033, 0.715718], [-76.411026, 0.71573], [-76.411018, 0.715742], [-76.411004, 0.715762], [-76.410989, 0.715783], [-76.410972, 0.715805], [-76.41097, 0.715808], [-76.410965, 0.715814], [-76.410954, 0.715825], [-76.410943, 0.715836], [-76.410929, 0.715851], [-76.410912, 0.715868], [-76.410885, 0.715895], [-76.410858, 0.71592], [-76.410816, 0.715958], [-76.410786, 0.715985], [-76.410774, 0.715995], [-76.41076, 0.716007], [-76.410734, 0.716028], [-76.410726, 0.716035], [-76.41069, 0.716062], [-76.410593, 0.716136], [-76.410529, 0.716184], [-76.410513, 0.716197], [-76.41048, 0.716223], [-76.410454, 0.716244], [-76.410362, 0.716318], [-76.410344, 0.716333], [-76.410334, 0.71634], [-76.410299, 0.716369], [-76.410233, 0.716424], [-76.410207, 0.716448], [-76.41016, 0.716489], [-76.410147, 0.7165], [-76.410121, 0.716524], [-76.410099, 0.716545], [-76.410081, 0.716561], [-76.410079, 0.716564], [-76.410056, 0.71659], [-76.41004, 0.71661], [-76.410039, 0.716612], [-76.410031, 0.716624], [-76.410026, 0.716632], [-76.410014, 0.716653], [-76.410006, 0.716667], [-76.410001, 0.716676], [-76.409988, 0.716701], [-76.409983, 0.716711], [-76.409975, 0.716731], [-76.40997, 0.716744], [-76.409961, 0.716769], [-76.40996, 0.716774], [-76.409959, 0.716776], [-76.409957, 0.716788], [-76.409952, 0.716812], [-76.409949, 0.716827], [-76.409948, 0.716837], [-76.409948, 0.716839], [-76.409946, 0.716862], [-76.409946, 0.716875], [-76.409945, 0.716894], [-76.409945, 0.716906], [-76.409947, 0.716924], [-76.409948, 0.716936], [-76.40995, 0.716946], [-76.409954, 0.716971], [-76.409958, 0.716992], [-76.409964, 0.717025], [-76.409966, 0.71703], [-76.409972, 0.717046], [-76.409984, 0.717081], [-76.409989, 0.717093], [-76.41, 0.71712], [-76.410009, 0.717141], [-76.410016, 0.717157], [-76.410044, 0.717219], [-76.410053, 0.717238], [-76.410061, 0.717253], [-76.410087, 0.717304], [-76.410102, 0.717331], [-76.410119, 0.717362], [-76.410137, 0.717395], [-76.410176, 0.717464], [-76.410227, 0.717556], [-76.410241, 0.717582], [-76.410268, 0.717631], [-76.410294, 0.717677], [-76.410308, 0.717704], [-76.41032, 0.717727], [-76.41033, 0.717747], [-76.410338, 0.717766], [-76.410344, 0.71778], [-76.410349, 0.717791], [-76.410349, 0.717793], [-76.41035, 0.717796], [-76.410355, 0.717816], [-76.410361, 0.717843], [-76.410365, 0.717864], [-76.410371, 0.717901], [-76.410371, 0.717904], [-76.410374, 0.717929], [-76.410376, 0.717957], [-76.410376, 0.717964], [-76.410376, 0.717966], [-76.410374, 0.717995], [-76.410373, 0.718014], [-76.410369, 0.718052], [-76.410368, 0.718064], [-76.410365, 0.718082], [-76.410365, 0.718085], [-76.410363, 0.718092], [-76.410355, 0.718118], [-76.410349, 0.718141], [-76.410346, 0.718149], [-76.410338, 0.718167], [-76.41032, 0.718207], [-76.410306, 0.718235], [-76.410302, 0.718245], [-76.410287, 0.718275], [-76.410281, 0.718288], [-76.410267, 0.718316], [-76.410252, 0.718344], [-76.410238, 0.71837], [-76.410218, 0.718408], [-76.410214, 0.718414], [-76.410199, 0.718438], [-76.410166, 0.718493], [-76.410157, 0.718506], [-76.410148, 0.71852], [-76.410127, 0.718551], [-76.410116, 0.718567], [-76.410057, 0.718649], [-76.41005, 0.718659], [-76.410045, 0.718665], [-76.410029, 0.718684], [-76.410004, 0.718712], [-76.409966, 0.718755], [-76.409945, 0.718779], [-76.409898, 0.718831], [-76.409874, 0.718857], [-76.40984, 0.718894], [-76.409793, 0.718944], [-76.409741, 0.718997], [-76.409719, 0.719019], [-76.409645, 0.719096], [-76.409594, 0.719148], [-76.409552, 0.71919], [-76.409528, 0.719213], [-76.409465, 0.719274], [-76.409427, 0.719309], [-76.409404, 0.719331], [-76.409351, 0.719378], [-76.409326, 0.719401], [-76.409277, 0.719443], [-76.409246, 0.719471], [-76.409234, 0.719481], [-76.40923, 0.719485], [-76.40922, 0.719496], [-76.40921, 0.719506], [-76.409201, 0.719516], [-76.409193, 0.719526], [-76.409185, 0.719534], [-76.409177, 0.719544], [-76.409169, 0.719554], [-76.409146, 0.719583], [-76.409136, 0.719596], [-76.409119, 0.71962], [-76.40911, 0.719633], [-76.409089, 0.719664], [-76.409062, 0.719705], [-76.409047, 0.719728], [-76.409035, 0.719747], [-76.409029, 0.719757], [-76.409015, 0.719781], [-76.409003, 0.719804], [-76.408998, 0.719814], [-76.408989, 0.719832], [-76.408982, 0.719848], [-76.408972, 0.719872], [-76.408965, 0.719894], [-76.408957, 0.719916], [-76.408953, 0.719928], [-76.408949, 0.719942], [-76.408941, 0.719971], [-76.408933, 0.720002], [-76.408926, 0.720031], [-76.408919, 0.720066], [-76.40891, 0.72011], [-76.408908, 0.720119], [-76.408908, 0.720121], [-76.408907, 0.720126], [-76.408908, 0.720142], [-76.408908, 0.720163], [-76.408909, 0.720166], [-76.408912, 0.720187], [-76.408918, 0.720224], [-76.408922, 0.720243], [-76.408931, 0.720293], [-76.408938, 0.720324], [-76.408942, 0.720344], [-76.408947, 0.720365], [-76.408956, 0.720396], [-76.408964, 0.720429], [-76.408969, 0.720445], [-76.408977, 0.720472], [-76.408987, 0.720502], [-76.408991, 0.720513], [-76.408993, 0.720518], [-76.408994, 0.720519], [-76.408995, 0.720521], [-76.409005, 0.720534], [-76.40901, 0.72054], [-76.409011, 0.720542], [-76.409012, 0.720544], [-76.409042, 0.720594], [-76.409045, 0.720599], [-76.409046, 0.720602], [-76.409069, 0.720652], [-76.409094, 0.720707], [-76.409118, 0.720764], [-76.409121, 0.720771], [-76.409131, 0.720797], [-76.409147, 0.720841], [-76.409153, 0.720856], [-76.40917, 0.720896], [-76.409206, 0.720986], [-76.409215, 0.721007], [-76.409227, 0.721036], [-76.409241, 0.721071], [-76.409254, 0.721104], [-76.409267, 0.72114], [-76.409279, 0.72117], [-76.409298, 0.721217], [-76.409344, 0.721332], [-76.40936, 0.721371], [-76.409385, 0.721429], [-76.409404, 0.721473], [-76.40942, 0.72151], [-76.409429, 0.721533], [-76.409445, 0.721574], [-76.409476, 0.721652], [-76.409494, 0.721699], [-76.409512, 0.721749], [-76.40952, 0.721772], [-76.409524, 0.721783], [-76.409527, 0.721794], [-76.409531, 0.721807], [-76.409539, 0.721835], [-76.409551, 0.721881], [-76.409572, 0.721964], [-76.409578, 0.721987], [-76.409582, 0.722007], [-76.409587, 0.72203], [-76.409589, 0.72204], [-76.409592, 0.722057], [-76.409595, 0.722079], [-76.409596, 0.722093], [-76.409599, 0.722116], [-76.409602, 0.72216], [-76.409605, 0.722209], [-76.409607, 0.722244], [-76.409608, 0.722268], [-76.409608, 0.722283], [-76.409608, 0.722306], [-76.409608, 0.722339], [-76.409606, 0.722396], [-76.409604, 0.722462], [-76.409603, 0.722507], [-76.409603, 0.722524], [-76.409603, 0.722571], [-76.409604, 0.722643], [-76.409604, 0.722736], [-76.409604, 0.722765], [-76.409603, 0.722817], [-76.409602, 0.722873], [-76.4096, 0.722918], [-76.409599, 0.722946], [-76.409598, 0.722957], [-76.409595, 0.722986], [-76.409592, 0.723014], [-76.409589, 0.723036], [-76.409588, 0.723046], [-76.409586, 0.723055], [-76.409583, 0.723072], [-76.40958, 0.723087], [-76.409577, 0.723097], [-76.409575, 0.723107], [-76.409569, 0.723128], [-76.409565, 0.723139], [-76.409558, 0.723161], [-76.409553, 0.723175], [-76.409543, 0.723203], [-76.409529, 0.72324], [-76.409516, 0.723273], [-76.409509, 0.723288], [-76.409502, 0.723306], [-76.409478, 0.72336], [-76.409468, 0.723384], [-76.40945, 0.723422], [-76.409446, 0.72343], [-76.409424, 0.723471], [-76.409415, 0.723487], [-76.409398, 0.723516], [-76.409382, 0.723543], [-76.409374, 0.723556], [-76.409358, 0.723581], [-76.409341, 0.723607], [-76.409272, 0.723708], [-76.409261, 0.723723], [-76.409251, 0.723736], [-76.409227, 0.723767], [-76.409201, 0.723799], [-76.409191, 0.723811], [-76.409174, 0.723832], [-76.409137, 0.723874], [-76.409094, 0.723923], [-76.409073, 0.723947], [-76.409052, 0.723971], [-76.409021, 0.724008], [-76.409008, 0.724023], [-76.408955, 0.724088], [-76.408942, 0.724104], [-76.408919, 0.724134], [-76.408908, 0.724148], [-76.408887, 0.724176], [-76.408852, 0.724227], [-76.40883, 0.724258], [-76.4088, 0.7243], [-76.408774, 0.724337], [-76.408747, 0.724374], [-76.408732, 0.724396], [-76.408702, 0.724436], [-76.408688, 0.724453], [-76.408669, 0.724478], [-76.408649, 0.724502], [-76.408632, 0.724522], [-76.408622, 0.724534], [-76.40861, 0.724546], [-76.408592, 0.724565], [-76.40858, 0.724577], [-76.408571, 0.724587], [-76.408563, 0.724594], [-76.40855, 0.724605], [-76.408537, 0.724617], [-76.408526, 0.724627], [-76.408498, 0.724651], [-76.408486, 0.72466], [-76.408466, 0.724676], [-76.408454, 0.724685], [-76.408445, 0.724691], [-76.40843, 0.724701], [-76.408421, 0.724707], [-76.408398, 0.724722], [-76.408388, 0.724728], [-76.408376, 0.724735], [-76.408352, 0.724749], [-76.408326, 0.724763], [-76.408309, 0.724772], [-76.408288, 0.724783], [-76.408272, 0.72479], [-76.408254, 0.724799], [-76.40824, 0.724805], [-76.408207, 0.724819], [-76.408137, 0.72485], [-76.408081, 0.724876], [-76.408059, 0.724886], [-76.408027, 0.7249], [-76.407958, 0.72493], [-76.407827, 0.724989], [-76.40771, 0.725041], [-76.407688, 0.72505], [-76.407656, 0.725064], [-76.407591, 0.725094], [-76.407509, 0.725131], [-76.407457, 0.725155], [-76.407423, 0.725172], [-76.407408, 0.725178], [-76.407378, 0.725192], [-76.407364, 0.725198], [-76.407359, 0.7252], [-76.407322, 0.725214], [-76.407284, 0.725228], [-76.407275, 0.725232], [-76.407262, 0.725238], [-76.407219, 0.725257], [-76.407179, 0.725276], [-76.407101, 0.725313], [-76.407052, 0.725335], [-76.407027, 0.725346], [-76.407007, 0.725354], [-76.406983, 0.725364], [-76.406937, 0.72538], [-76.406916, 0.725387], [-76.406899, 0.725393], [-76.406872, 0.725402], [-76.40685, 0.725408], [-76.406818, 0.725417], [-76.406791, 0.725423], [-76.406763, 0.725429], [-76.406662, 0.72545], [-76.406604, 0.725463], [-76.406573, 0.72547], [-76.406536, 0.725477], [-76.406501, 0.725484], [-76.406412, 0.725503], [-76.406389, 0.725508], [-76.406362, 0.725513], [-76.406319, 0.725521], [-76.406275, 0.725528], [-76.406253, 0.725532], [-76.406202, 0.725539], [-76.406178, 0.725542], [-76.406159, 0.725544], [-76.406141, 0.725547], [-76.406092, 0.725552], [-76.406075, 0.725554], [-76.406056, 0.725556], [-76.405946, 0.725565], [-76.405879, 0.725571], [-76.405827, 0.725576], [-76.405764, 0.725581], [-76.405756, 0.725582], [-76.405718, 0.725587], [-76.405696, 0.72559], [-76.405635, 0.725598], [-76.405604, 0.725603], [-76.405567, 0.725609], [-76.405532, 0.725615], [-76.405502, 0.725621], [-76.405457, 0.725631], [-76.405406, 0.725643], [-76.405371, 0.725651], [-76.405356, 0.725655], [-76.405276, 0.725676], [-76.405235, 0.725688], [-76.405058, 0.725738], [-76.405044, 0.725742], [-76.404995, 0.725754], [-76.404936, 0.72577], [-76.404921, 0.725773], [-76.404897, 0.725779], [-76.404874, 0.725784], [-76.40485, 0.725789], [-76.404813, 0.725796], [-76.404786, 0.7258], [-76.404775, 0.725802], [-76.40474, 0.725807], [-76.404732, 0.725807], [-76.404658, 0.725814], [-76.404591, 0.72582], [-76.404544, 0.725824], [-76.404509, 0.725828], [-76.404479, 0.725831], [-76.404456, 0.725835], [-76.404405, 0.725844], [-76.404391, 0.725846], [-76.404333, 0.725857], [-76.404284, 0.725865], [-76.404162, 0.725886], [-76.404126, 0.725892], [-76.404093, 0.725897], [-76.404028, 0.725907], [-76.403976, 0.725914], [-76.403948, 0.725917], [-76.4039, 0.725922], [-76.403834, 0.725929], [-76.403811, 0.725931], [-76.40377, 0.725935], [-76.403754, 0.725937], [-76.403732, 0.72594], [-76.40371, 0.725943], [-76.403679, 0.725947], [-76.403651, 0.725952], [-76.403573, 0.725966], [-76.403479, 0.725983], [-76.403469, 0.725985], [-76.403394, 0.726001], [-76.403352, 0.72601], [-76.403292, 0.726023], [-76.403225, 0.726038], [-76.4032, 0.726043], [-76.40316, 0.726051], [-76.403117, 0.726059], [-76.40306, 0.726068], [-76.402973, 0.726086], [-76.402954, 0.726089], [-76.402937, 0.726093], [-76.402907, 0.7261], [-76.402895, 0.726103], [-76.402874, 0.726109], [-76.402848, 0.726116], [-76.402833, 0.72612], [-76.402797, 0.726131], [-76.402763, 0.726141], [-76.402735, 0.726151], [-76.40272, 0.726156], [-76.402674, 0.726173], [-76.402645, 0.726184], [-76.402619, 0.726195], [-76.402617, 0.726196], [-76.402615, 0.726197], [-76.40259, 0.726213], [-76.402562, 0.726233], [-76.402555, 0.726239], [-76.402553, 0.72624], [-76.402542, 0.726252], [-76.402507, 0.726291], [-76.40249, 0.72631], [-76.402435, 0.726376], [-76.402409, 0.726407], [-76.402392, 0.726429], [-76.402359, 0.726471], [-76.402351, 0.726483], [-76.402342, 0.726495], [-76.402325, 0.726518], [-76.402312, 0.726539], [-76.402302, 0.726554], [-76.402291, 0.726572], [-76.402274, 0.726599], [-76.402265, 0.726614], [-76.402239, 0.72666], [-76.402213, 0.726706], [-76.402194, 0.726741], [-76.402167, 0.726793], [-76.402132, 0.726858], [-76.402123, 0.726876], [-76.402109, 0.726903], [-76.402106, 0.72691], [-76.402094, 0.726936], [-76.402053, 0.727027], [-76.402031, 0.727076], [-76.402016, 0.727108], [-76.401997, 0.72715], [-76.401937, 0.727277], [-76.401914, 0.727324], [-76.401901, 0.727356], [-76.401893, 0.727374], [-76.401873, 0.727423], [-76.401859, 0.727456], [-76.401846, 0.727487], [-76.401825, 0.727531], [-76.401806, 0.72757], [-76.40179, 0.727601], [-76.401772, 0.727635], [-76.401761, 0.727655], [-76.401756, 0.727664], [-76.401729, 0.727707], [-76.401725, 0.727714], [-76.401717, 0.727724], [-76.401708, 0.727736], [-76.401701, 0.727744], [-76.401685, 0.727763], [-76.401677, 0.727772], [-76.401667, 0.727782], [-76.401653, 0.727797], [-76.401635, 0.727815], [-76.401625, 0.727824], [-76.401612, 0.727836], [-76.401598, 0.727847], [-76.401589, 0.727855], [-76.401571, 0.72787], [-76.401561, 0.727877], [-76.401542, 0.727891], [-76.401524, 0.727903], [-76.401515, 0.727909], [-76.401502, 0.727917], [-76.401479, 0.727931], [-76.40143, 0.72796], [-76.401411, 0.72797], [-76.401396, 0.727978], [-76.401382, 0.727985], [-76.401368, 0.727992], [-76.40136, 0.727996], [-76.401332, 0.728008], [-76.401318, 0.728014], [-76.401273, 0.728033], [-76.401222, 0.728053], [-76.401176, 0.72807], [-76.401151, 0.728079], [-76.401128, 0.728086], [-76.401091, 0.728099], [-76.401063, 0.728108], [-76.400999, 0.728131], [-76.400949, 0.728149], [-76.400862, 0.728181], [-76.400846, 0.728187], [-76.400806, 0.728203], [-76.400753, 0.728224], [-76.400727, 0.728235], [-76.400696, 0.728246], [-76.400684, 0.728251], [-76.400643, 0.72827], [-76.400618, 0.728281], [-76.400616, 0.728282], [-76.40061, 0.728283], [-76.400581, 0.728292], [-76.400564, 0.728297], [-76.400536, 0.728306], [-76.40052, 0.728311], [-76.400467, 0.728329], [-76.400443, 0.728338], [-76.400421, 0.728347], [-76.400373, 0.728366], [-76.400335, 0.728381], [-76.400326, 0.728385], [-76.400294, 0.728395], [-76.400272, 0.728403], [-76.400251, 0.728411], [-76.400234, 0.728418], [-76.400203, 0.72843], [-76.400181, 0.72844], [-76.400159, 0.728449], [-76.400129, 0.728463], [-76.400099, 0.728477], [-76.400063, 0.728494], [-76.40004, 0.728505], [-76.400016, 0.728518], [-76.399952, 0.728551], [-76.399934, 0.72856], [-76.399853, 0.728602], [-76.399837, 0.72861], [-76.399816, 0.72862], [-76.399796, 0.72863], [-76.399762, 0.728645], [-76.399739, 0.728655], [-76.399714, 0.728665], [-76.399692, 0.728674], [-76.399689, 0.728675], [-76.399682, 0.728677], [-76.399662, 0.728682], [-76.399651, 0.728684], [-76.399622, 0.72869], [-76.399597, 0.728695], [-76.399573, 0.728698], [-76.399546, 0.728702], [-76.399532, 0.728704], [-76.399521, 0.728705], [-76.399489, 0.728708], [-76.399475, 0.728709], [-76.39945, 0.72871], [-76.399443, 0.72871], [-76.399417, 0.728709], [-76.399348, 0.728704], [-76.399254, 0.728699], [-76.399216, 0.728696], [-76.399187, 0.728695], [-76.399119, 0.728692], [-76.399018, 0.728689], [-76.39894, 0.728686], [-76.39887, 0.728684], [-76.398825, 0.728682], [-76.398789, 0.728681], [-76.398768, 0.728681], [-76.398735, 0.728681], [-76.398698, 0.728682], [-76.398645, 0.728682], [-76.398582, 0.728684], [-76.398513, 0.728685], [-76.398397, 0.728687], [-76.398326, 0.728687], [-76.398274, 0.728689], [-76.398242, 0.728689], [-76.398211, 0.728689], [-76.398197, 0.728689], [-76.398151, 0.728688], [-76.398089, 0.728685], [-76.398065, 0.728683], [-76.398053, 0.728682], [-76.398037, 0.728681], [-76.398007, 0.728678], [-76.397956, 0.728672], [-76.397928, 0.728668], [-76.397907, 0.728664], [-76.397893, 0.728662], [-76.397856, 0.728654], [-76.39784, 0.728651], [-76.397815, 0.728645], [-76.397766, 0.728634], [-76.397714, 0.728622], [-76.397644, 0.728605], [-76.397624, 0.7286], [-76.397593, 0.728592], [-76.397509, 0.728569], [-76.397423, 0.728547], [-76.3974, 0.728542], [-76.397312, 0.72852], [-76.397291, 0.728515], [-76.397265, 0.728509], [-76.397231, 0.728502], [-76.397173, 0.72849], [-76.397134, 0.728482], [-76.39706, 0.728467], [-76.397037, 0.728463], [-76.397012, 0.728458], [-76.396978, 0.728453], [-76.396929, 0.728447], [-76.396903, 0.728443], [-76.396885, 0.728442], [-76.396845, 0.728438], [-76.396819, 0.728436], [-76.396782, 0.728434], [-76.396752, 0.728432], [-76.396705, 0.728431], [-76.396675, 0.72843], [-76.396656, 0.72843], [-76.396621, 0.728429], [-76.396595, 0.728429], [-76.39653, 0.72843], [-76.396472, 0.728431], [-76.396426, 0.728431], [-76.396327, 0.728434], [-76.39623, 0.728435], [-76.396126, 0.728436], [-76.396019, 0.728438], [-76.395919, 0.728438], [-76.39589, 0.728438], [-76.395874, 0.728438], [-76.395792, 0.728434], [-76.395756, 0.728432], [-76.395694, 0.728429], [-76.395645, 0.728425], [-76.395638, 0.728425], [-76.395595, 0.72842], [-76.395505, 0.728411], [-76.395353, 0.728395], [-76.395324, 0.728391], [-76.395285, 0.728386], [-76.395251, 0.728382], [-76.39518, 0.728374], [-76.395152, 0.728371], [-76.395094, 0.728365], [-76.394989, 0.728355], [-76.394928, 0.728348], [-76.394895, 0.728345], [-76.394887, 0.728343], [-76.394879, 0.728341], [-76.394798, 0.728321], [-76.394735, 0.728305], [-76.394679, 0.728291], [-76.394651, 0.728285], [-76.394633, 0.728281], [-76.394614, 0.728278], [-76.39457, 0.728269], [-76.394504, 0.728256], [-76.394455, 0.728248], [-76.394404, 0.728239], [-76.39435, 0.728231], [-76.394314, 0.728226], [-76.394285, 0.728222], [-76.394254, 0.728219], [-76.394195, 0.728213], [-76.394155, 0.72821], [-76.394106, 0.728206], [-76.394071, 0.728204], [-76.393967, 0.728198], [-76.393866, 0.728192], [-76.393766, 0.728187], [-76.393631, 0.728183], [-76.393564, 0.72818], [-76.393559, 0.72818], [-76.393551, 0.728181], [-76.393541, 0.728182], [-76.393531, 0.728183], [-76.393493, 0.728192], [-76.393465, 0.728199], [-76.393436, 0.728206], [-76.39342, 0.728211], [-76.393385, 0.72822], [-76.393367, 0.728226], [-76.39335, 0.728231], [-76.39331, 0.728244], [-76.393263, 0.728261], [-76.393173, 0.728291], [-76.393145, 0.728301], [-76.393113, 0.728312], [-76.393078, 0.728326], [-76.39302, 0.728349], [-76.392977, 0.728366], [-76.392952, 0.728376], [-76.392913, 0.728393], [-76.392866, 0.728414], [-76.392819, 0.728434], [-76.392777, 0.728451], [-76.392748, 0.728463], [-76.392732, 0.728469], [-76.392673, 0.728491], [-76.392627, 0.728508], [-76.392609, 0.728513], [-76.392594, 0.728518], [-76.392576, 0.728524], [-76.392562, 0.728528], [-76.392545, 0.728533], [-76.392539, 0.728534], [-76.392518, 0.728537], [-76.392507, 0.728538], [-76.39249, 0.72854], [-76.392469, 0.728541], [-76.392446, 0.728542], [-76.392416, 0.728543], [-76.392401, 0.728543], [-76.392384, 0.728542], [-76.392283, 0.728541], [-76.3922, 0.728539], [-76.392123, 0.728538], [-76.392091, 0.728537], [-76.392051, 0.728534], [-76.392004, 0.728531], [-76.391966, 0.728528], [-76.391924, 0.728524], [-76.391885, 0.728519], [-76.39185, 0.728516], [-76.39181, 0.728512], [-76.391765, 0.728507], [-76.391641, 0.728492], [-76.391519, 0.728476], [-76.391496, 0.728473], [-76.391459, 0.728469], [-76.391419, 0.728465], [-76.391382, 0.728461], [-76.391281, 0.728452], [-76.391254, 0.728449], [-76.391143, 0.728441], [-76.391123, 0.728439], [-76.391095, 0.728437], [-76.391054, 0.728432], [-76.391036, 0.72843], [-76.390989, 0.728424], [-76.390924, 0.728415], [-76.39091, 0.728413], [-76.390894, 0.728411], [-76.390874, 0.728409], [-76.39084, 0.728406], [-76.390826, 0.728404], [-76.390819, 0.728403], [-76.390809, 0.728401], [-76.39074, 0.728388], [-76.390734, 0.728387], [-76.390723, 0.728386], [-76.390712, 0.728385], [-76.3907, 0.728385], [-76.39068, 0.728385], [-76.390643, 0.728385], [-76.390628, 0.728386], [-76.390622, 0.728386], [-76.39061, 0.728387], [-76.390598, 0.728389], [-76.390571, 0.728395], [-76.39055, 0.728399], [-76.39054, 0.728401], [-76.39053, 0.728404], [-76.390519, 0.728407], [-76.39051, 0.72841], [-76.3905, 0.728414], [-76.390495, 0.728416], [-76.390488, 0.72842], [-76.390476, 0.728426], [-76.390448, 0.728442], [-76.390435, 0.728449], [-76.390429, 0.728453], [-76.390418, 0.72846], [-76.390412, 0.728464], [-76.3904, 0.728473], [-76.39038, 0.728489], [-76.39037, 0.728498], [-76.390357, 0.728509], [-76.390342, 0.728523], [-76.390311, 0.728552], [-76.390286, 0.728575], [-76.390221, 0.728637], [-76.390192, 0.728666], [-76.390157, 0.728701], [-76.390114, 0.728744], [-76.390033, 0.728829], [-76.389974, 0.728889], [-76.389933, 0.728931], [-76.389905, 0.728961], [-76.389878, 0.72899], [-76.389863, 0.729007], [-76.38985, 0.729022], [-76.389837, 0.729037], [-76.389823, 0.729054], [-76.38973, 0.729165], [-76.389719, 0.729179], [-76.389706, 0.729196], [-76.389667, 0.729246], [-76.389645, 0.729274], [-76.389626, 0.729297], [-76.389601, 0.729328], [-76.389585, 0.729346], [-76.389562, 0.729374], [-76.389531, 0.729409], [-76.389489, 0.729456], [-76.389476, 0.729472], [-76.389446, 0.729507], [-76.389412, 0.729547], [-76.38939, 0.729573], [-76.389371, 0.729596], [-76.389348, 0.729625], [-76.389332, 0.729647], [-76.389319, 0.729664], [-76.389279, 0.729718], [-76.389261, 0.729743], [-76.389233, 0.729785], [-76.389204, 0.729828], [-76.389177, 0.729868], [-76.389162, 0.72989], [-76.389115, 0.729962], [-76.389093, 0.729994], [-76.389076, 0.730018], [-76.389041, 0.730069], [-76.389026, 0.730089], [-76.389008, 0.730112], [-76.388998, 0.730125], [-76.388958, 0.730174], [-76.388936, 0.730201], [-76.388916, 0.730228], [-76.388898, 0.730252], [-76.388868, 0.730293], [-76.388849, 0.730319], [-76.388801, 0.730385], [-76.388776, 0.73042], [-76.388734, 0.730479], [-76.388724, 0.730494], [-76.388696, 0.730534], [-76.388673, 0.730568], [-76.388647, 0.730608], [-76.388616, 0.730657], [-76.388582, 0.730712], [-76.388523, 0.730807], [-76.388495, 0.730853], [-76.388445, 0.730934], [-76.388419, 0.730978], [-76.388387, 0.731034], [-76.388372, 0.73106], [-76.388317, 0.731157], [-76.388297, 0.731191], [-76.388274, 0.731229], [-76.38825, 0.731269], [-76.388234, 0.731294], [-76.388212, 0.731329], [-76.388179, 0.731381], [-76.388157, 0.731416], [-76.38814, 0.73144], [-76.388117, 0.731473], [-76.38811, 0.731484], [-76.388095, 0.731503], [-76.388081, 0.731522], [-76.388071, 0.731536], [-76.388046, 0.731568], [-76.388041, 0.731573], [-76.388029, 0.731587], [-76.388017, 0.731602], [-76.388007, 0.731613], [-76.387998, 0.731624], [-76.387992, 0.73163], [-76.387984, 0.731638], [-76.38797, 0.731651], [-76.387954, 0.731666], [-76.387946, 0.731673], [-76.387937, 0.73168], [-76.387921, 0.731693], [-76.387912, 0.7317], [-76.387904, 0.731706], [-76.387895, 0.731712], [-76.387881, 0.731721], [-76.387863, 0.731732], [-76.38785, 0.731739], [-76.387831, 0.73175], [-76.387811, 0.731761], [-76.3878, 0.731767], [-76.387725, 0.731806], [-76.387684, 0.731826], [-76.387637, 0.73185], [-76.38762, 0.731858], [-76.387593, 0.73187], [-76.387553, 0.731887], [-76.387533, 0.731895], [-76.387446, 0.73193], [-76.387416, 0.731943], [-76.387388, 0.731955], [-76.387371, 0.731963], [-76.387358, 0.731969], [-76.38734, 0.731977], [-76.387283, 0.732006], [-76.387225, 0.732035], [-76.387163, 0.732065], [-76.387103, 0.732096], [-76.387073, 0.732111], [-76.386971, 0.732165], [-76.386906, 0.732199], [-76.386869, 0.732219], [-76.386835, 0.732239], [-76.386814, 0.732251], [-76.386792, 0.732265], [-76.386769, 0.73228], [-76.386756, 0.732289], [-76.386724, 0.732311], [-76.386707, 0.732323], [-76.386679, 0.732344], [-76.386663, 0.732356], [-76.386637, 0.732376], [-76.386633, 0.732379], [-76.38663, 0.732382], [-76.38659, 0.732424], [-76.386581, 0.732434], [-76.386566, 0.73245], [-76.386551, 0.732468], [-76.386539, 0.732482], [-76.386526, 0.732497], [-76.386485, 0.732548], [-76.386461, 0.732578], [-76.386433, 0.732614], [-76.386407, 0.73265], [-76.386386, 0.732678], [-76.386361, 0.732714], [-76.386306, 0.73279], [-76.386284, 0.732822], [-76.386247, 0.732878], [-76.386233, 0.732899], [-76.386214, 0.732929], [-76.386195, 0.73296], [-76.386187, 0.732973], [-76.38617, 0.733003], [-76.386163, 0.733016], [-76.386155, 0.733032], [-76.386146, 0.733048], [-76.386128, 0.733085], [-76.386122, 0.733098], [-76.386111, 0.733124], [-76.386105, 0.733137], [-76.386088, 0.733179], [-76.386075, 0.733213], [-76.386061, 0.73325], [-76.386045, 0.733293], [-76.386027, 0.733341], [-76.386018, 0.733367], [-76.386, 0.733412], [-76.385987, 0.733444], [-76.385975, 0.733474], [-76.385969, 0.733487], [-76.385964, 0.733498], [-76.385953, 0.733521], [-76.385938, 0.733552], [-76.385912, 0.733601], [-76.385895, 0.73363], [-76.385871, 0.733672], [-76.385869, 0.733676], [-76.385865, 0.733682], [-76.385846, 0.733709], [-76.385837, 0.733722], [-76.385822, 0.733743], [-76.385809, 0.73376], [-76.385772, 0.733807], [-76.385752, 0.733833], [-76.385748, 0.733837], [-76.385726, 0.733863], [-76.385651, 0.733947], [-76.385626, 0.733976], [-76.385579, 0.73403], [-76.385563, 0.734048], [-76.385559, 0.734053], [-76.385538, 0.734074], [-76.385528, 0.734085], [-76.385489, 0.734126], [-76.38545, 0.734168], [-76.385402, 0.734218], [-76.385372, 0.73425], [-76.385308, 0.734315], [-76.38527, 0.734354], [-76.385247, 0.734378], [-76.385231, 0.734393], [-76.385174, 0.734448], [-76.385138, 0.734483], [-76.385105, 0.734515], [-76.385089, 0.734531], [-76.385079, 0.734541], [-76.385053, 0.734568], [-76.384983, 0.734645], [-76.384956, 0.734673], [-76.384928, 0.734703], [-76.384916, 0.734715], [-76.384896, 0.734735], [-76.384884, 0.734746], [-76.38487, 0.73476], [-76.384858, 0.734771], [-76.384842, 0.734785], [-76.384784, 0.734836], [-76.384667, 0.734938], [-76.384641, 0.73496], [-76.384622, 0.734975], [-76.384607, 0.734987], [-76.384583, 0.735006], [-76.384556, 0.735026], [-76.384528, 0.735046], [-76.384484, 0.735077], [-76.384461, 0.735092], [-76.38442, 0.735119], [-76.384401, 0.735131], [-76.384372, 0.735149], [-76.384355, 0.735159], [-76.38434, 0.735168], [-76.384324, 0.735177], [-76.384295, 0.735192], [-76.384181, 0.735253], [-76.384168, 0.73526], [-76.384164, 0.735262], [-76.384161, 0.735264], [-76.38414, 0.735273], [-76.38413, 0.735277], [-76.384094, 0.735294], [-76.384055, 0.735312], [-76.384053, 0.735313], [-76.384032, 0.73532], [-76.383991, 0.735337], [-76.383968, 0.735346], [-76.383893, 0.735377], [-76.383839, 0.735399], [-76.383794, 0.735418], [-76.383755, 0.735434], [-76.383714, 0.735451], [-76.383673, 0.735469], [-76.383642, 0.735483], [-76.38359, 0.735506], [-76.383479, 0.735559], [-76.383432, 0.73558], [-76.383363, 0.735613], [-76.383252, 0.735665], [-76.383239, 0.735671], [-76.383177, 0.735697], [-76.383137, 0.735714], [-76.38312, 0.735721], [-76.383083, 0.735737], [-76.38305, 0.735751], [-76.382988, 0.735779], [-76.382961, 0.735792], [-76.382939, 0.735803], [-76.382916, 0.735814], [-76.382829, 0.735854], [-76.382811, 0.735863], [-76.382787, 0.735875], [-76.382773, 0.735882], [-76.382644, 0.735949], [-76.382545, 0.736001], [-76.382489, 0.73603], [-76.382443, 0.736054], [-76.382389, 0.736081], [-76.382306, 0.736125], [-76.382171, 0.736194], [-76.382127, 0.736218], [-76.382052, 0.736258], [-76.382014, 0.736278], [-76.381984, 0.736294], [-76.381926, 0.736324], [-76.381825, 0.736376], [-76.381792, 0.736393], [-76.381751, 0.736413], [-76.381687, 0.736446], [-76.381636, 0.736472], [-76.381617, 0.736481], [-76.381525, 0.736529], [-76.381488, 0.736549], [-76.381455, 0.736567], [-76.381404, 0.736596], [-76.381386, 0.736605], [-76.381345, 0.73663], [-76.381325, 0.736642], [-76.381299, 0.736658], [-76.381261, 0.736682], [-76.381185, 0.73673], [-76.381133, 0.736762], [-76.381105, 0.736778], [-76.381089, 0.736788], [-76.381019, 0.736826], [-76.380957, 0.73686], [-76.380935, 0.736872], [-76.380911, 0.736884], [-76.380881, 0.736898], [-76.380825, 0.736924], [-76.380777, 0.736946], [-76.380752, 0.736957], [-76.380726, 0.736968], [-76.380654, 0.736997], [-76.38064, 0.737002], [-76.380617, 0.737012], [-76.380577, 0.737029], [-76.380558, 0.737038], [-76.380522, 0.737054], [-76.380507, 0.737061], [-76.380486, 0.737072], [-76.38047, 0.73708], [-76.380468, 0.737081], [-76.380466, 0.737083], [-76.380463, 0.737085], [-76.380461, 0.737087], [-76.380455, 0.737093], [-76.380447, 0.737102], [-76.380432, 0.73712], [-76.380425, 0.73713], [-76.380411, 0.737148], [-76.380403, 0.737158], [-76.380397, 0.737167], [-76.380384, 0.73719], [-76.380367, 0.737218], [-76.380352, 0.737246], [-76.380349, 0.737251], [-76.380347, 0.737257], [-76.380332, 0.737318], [-76.380331, 0.737325], [-76.380328, 0.737351], [-76.380325, 0.73739], [-76.380318, 0.737474], [-76.380315, 0.737511], [-76.380315, 0.737528], [-76.380318, 0.737587], [-76.380322, 0.737639], [-76.380326, 0.737687], [-76.380329, 0.737723], [-76.380331, 0.737742], [-76.380336, 0.737794], [-76.380339, 0.737821], [-76.380342, 0.737838], [-76.38035, 0.737897], [-76.380353, 0.737916], [-76.380361, 0.737961], [-76.380371, 0.738023], [-76.380378, 0.738067], [-76.380385, 0.738109], [-76.38039, 0.73814], [-76.380394, 0.738167], [-76.380404, 0.738215], [-76.380407, 0.738231], [-76.380414, 0.738273], [-76.380419, 0.738303], [-76.380429, 0.738371], [-76.380437, 0.738415], [-76.380439, 0.73843], [-76.380444, 0.738461], [-76.380452, 0.738526], [-76.380463, 0.7386], [-76.38047, 0.738655], [-76.380476, 0.738699], [-76.380485, 0.738779], [-76.380489, 0.738816], [-76.380491, 0.738835], [-76.380493, 0.738866], [-76.380493, 0.738879], [-76.380494, 0.738902], [-76.380495, 0.738935], [-76.380495, 0.738967], [-76.380495, 0.738981], [-76.380496, 0.739024], [-76.380499, 0.739091], [-76.3805, 0.73914], [-76.380502, 0.739179], [-76.380502, 0.739195], [-76.380503, 0.739254], [-76.380504, 0.739269], [-76.380506, 0.739328], [-76.380506, 0.739346], [-76.380507, 0.739392], [-76.380507, 0.739421], [-76.380507, 0.739427], [-76.380506, 0.739443], [-76.380505, 0.739479], [-76.380502, 0.739522], [-76.3805, 0.739554], [-76.380498, 0.73958], [-76.380491, 0.739645], [-76.380482, 0.739736], [-76.380478, 0.739771], [-76.380473, 0.739827], [-76.38047, 0.739868], [-76.380467, 0.739899], [-76.38046, 0.739965], [-76.380456, 0.739998], [-76.38045, 0.740055], [-76.380443, 0.740118], [-76.380429, 0.74023], [-76.380424, 0.74026], [-76.380422, 0.740279], [-76.380408, 0.740377], [-76.380399, 0.740437], [-76.380395, 0.74046], [-76.380389, 0.740493], [-76.380387, 0.740506], [-76.380382, 0.740528], [-76.380366, 0.740596], [-76.380334, 0.740741], [-76.380327, 0.740769], [-76.380317, 0.740808], [-76.380306, 0.740853], [-76.380301, 0.740875], [-76.380283, 0.740954], [-76.380279, 0.740975], [-76.380276, 0.740988], [-76.380257, 0.741086], [-76.380247, 0.741135], [-76.380242, 0.741157], [-76.380237, 0.741185], [-76.380222, 0.741261], [-76.38022, 0.741271], [-76.380214, 0.741306], [-76.380206, 0.74136], [-76.3802, 0.741403], [-76.380199, 0.741416], [-76.380196, 0.741453], [-76.380194, 0.741468], [-76.380194, 0.741474], [-76.380196, 0.741508], [-76.380197, 0.741542], [-76.380198, 0.741557], [-76.3802, 0.741587], [-76.380203, 0.741612], [-76.380212, 0.741699], [-76.380218, 0.74175], [-76.380221, 0.741772], [-76.380225, 0.741804], [-76.38023, 0.741837], [-76.380233, 0.741853], [-76.380237, 0.741876], [-76.380241, 0.741898], [-76.380245, 0.741921], [-76.380253, 0.74196], [-76.38026, 0.741991], [-76.380267, 0.742023], [-76.380275, 0.742056], [-76.380284, 0.74209], [-76.380294, 0.742129], [-76.380309, 0.74218], [-76.38032, 0.742223], [-76.380326, 0.742245], [-76.380332, 0.742271], [-76.38034, 0.742309], [-76.380345, 0.742331], [-76.380353, 0.742371], [-76.380364, 0.742428], [-76.380392, 0.742578], [-76.380418, 0.742718], [-76.380424, 0.74275], [-76.380432, 0.742787], [-76.380437, 0.742809], [-76.380446, 0.74285], [-76.380455, 0.742887], [-76.380463, 0.74292], [-76.380482, 0.742989], [-76.380497, 0.743046], [-76.380515, 0.743105], [-76.380546, 0.743206], [-76.380566, 0.743272], [-76.380573, 0.743295], [-76.380593, 0.743358], [-76.380603, 0.743392], [-76.380617, 0.743436], [-76.380624, 0.743458], [-76.380639, 0.743502], [-76.380651, 0.743534], [-76.380664, 0.743569], [-76.380688, 0.743629], [-76.3807, 0.743659], [-76.380717, 0.743698], [-76.380747, 0.74377], [-76.380765, 0.743813], [-76.380782, 0.743857], [-76.380804, 0.743914], [-76.380809, 0.743926], [-76.380836, 0.743998], [-76.380851, 0.744038], [-76.38087, 0.74409], [-76.380892, 0.74415], [-76.380923, 0.744232], [-76.380937, 0.744268], [-76.380958, 0.744323], [-76.380967, 0.744346], [-76.380986, 0.744393], [-76.381005, 0.744437], [-76.381015, 0.74446], [-76.381025, 0.744483], [-76.381034, 0.744502], [-76.38108, 0.744601], [-76.381091, 0.744627], [-76.381108, 0.744665], [-76.381129, 0.744713], [-76.381141, 0.744744], [-76.381148, 0.744761], [-76.381156, 0.744781], [-76.381171, 0.744822], [-76.381189, 0.744871], [-76.381204, 0.744915], [-76.381227, 0.744982], [-76.381236, 0.745009], [-76.381249, 0.74505], [-76.381262, 0.745092], [-76.381287, 0.745174], [-76.381305, 0.745237], [-76.381313, 0.745262], [-76.381349, 0.745394], [-76.381364, 0.745447], [-76.381386, 0.745533], [-76.381398, 0.745579], [-76.381417, 0.745646], [-76.381446, 0.74575], [-76.381462, 0.745805], [-76.381478, 0.74586], [-76.381494, 0.745913], [-76.381498, 0.74593], [-76.38151, 0.745966], [-76.381522, 0.746004], [-76.381534, 0.746038], [-76.381572, 0.746145], [-76.381606, 0.746236], [-76.381626, 0.746293], [-76.381644, 0.746345], [-76.381668, 0.746413], [-76.381693, 0.746486], [-76.381709, 0.746535], [-76.381785, 0.746766], [-76.381797, 0.746803], [-76.381807, 0.746832], [-76.381821, 0.746872], [-76.381834, 0.746907], [-76.381846, 0.746938], [-76.381862, 0.746979], [-76.381879, 0.747023], [-76.381895, 0.74706], [-76.381905, 0.747083], [-76.381914, 0.747104], [-76.381924, 0.747126], [-76.381932, 0.747143], [-76.381946, 0.747171], [-76.381954, 0.747187], [-76.381967, 0.747211], [-76.381984, 0.747243], [-76.381993, 0.74726], [-76.382004, 0.747279], [-76.382024, 0.747314], [-76.382046, 0.747353], [-76.382057, 0.747371], [-76.382078, 0.747405], [-76.382098, 0.747436], [-76.382121, 0.747472], [-76.382137, 0.747495], [-76.382157, 0.747525], [-76.382202, 0.74759], [-76.382237, 0.747639], [-76.38227, 0.747687], [-76.382281, 0.747703], [-76.382315, 0.747754], [-76.382357, 0.747817], [-76.382374, 0.747843], [-76.382399, 0.747882], [-76.382423, 0.74792], [-76.382438, 0.747944], [-76.38245, 0.747963], [-76.382461, 0.747981], [-76.382488, 0.748028], [-76.382518, 0.74808], [-76.382538, 0.748114], [-76.382549, 0.748135], [-76.382562, 0.74816], [-76.382581, 0.748197], [-76.382598, 0.748231], [-76.382619, 0.748276], [-76.382645, 0.748329], [-76.382685, 0.748413], [-76.382702, 0.748448], [-76.382733, 0.748514], [-76.382768, 0.748588], [-76.382782, 0.748617], [-76.382808, 0.748671], [-76.382848, 0.748754], [-76.382868, 0.748792], [-76.382886, 0.748827], [-76.382949, 0.748946], [-76.382971, 0.748987], [-76.382974, 0.748994], [-76.382975, 0.748996], [-76.382977, 0.748998], [-76.382978, 0.749], [-76.38298, 0.749001], [-76.383048, 0.74906], [-76.383121, 0.749125], [-76.383172, 0.74917], [-76.383203, 0.749199], [-76.383237, 0.749229], [-76.383264, 0.749254], [-76.38331, 0.749298], [-76.38332, 0.749308], [-76.383321, 0.74931], [-76.383323, 0.749311], [-76.383324, 0.749315], [-76.383326, 0.749319], [-76.383327, 0.749321], [-76.383329, 0.749334], [-76.383335, 0.749365], [-76.383345, 0.749417], [-76.383353, 0.749464], [-76.383378, 0.749617], [-76.383434, 0.749965], [-76.383446, 0.750041], [-76.38347, 0.750199], [-76.383474, 0.750223], [-76.383476, 0.750238], [-76.383476, 0.75024]]}},
{"type": "Feature", "properties": {"ProjectID": "P5390", "OBJECTID_1": 45, "OBJECTID": 45, "NAME": "OMO Mansoya Orito:Santa Ana - Orito", "ROUTE_NAME": "Santa Ana - Orito", "DESIGNATOR": "OMO Mansoya Orito", "OPERATING_": "ACTIVE", "Tipo": "Oleoducto", "Shape_Leng": 37733.0602657, "Shape_Length": 37733.190822321485}, "geometry": {"type": "LineString", "coordinates": [[-76.8242, 0.6453], [-76.824187, 0.645329], [-76.824165, 0.645376], [-76.824129, 0.64545], [-76.824116, 0.645476], [-76.824102, 0.645505], [-76.824074, 0.645559], [-76.824057, 0.645592], [-76.824042, 0.645623], [-76.824033, 0.645639], [-76.824012, 0.645684], [-76.823958, 0.645799], [-76.823951, 0.645813], [-76.823928, 0.645862], [-76.823908, 0.645901], [-76.823807, 0.6461], [-76.823781, 0.646151], [-76.823704, 0.646304], [-76.823641, 0.646432], [-76.823579, 0.646553], [-76.823537, 0.646637], [-76.823518, 0.646673], [-76.823477, 0.646753], [-76.823403, 0.646895], [-76.823363, 0.64697], [-76.823333, 0.64703], [-76.823285, 0.647126], [-76.823262, 0.647169], [-76.823244, 0.647204], [-76.823228, 0.647231], [-76.823218, 0.647248], [-76.823198, 0.647282], [-76.823188, 0.647298], [-76.823186, 0.647301], [-76.823183, 0.647305], [-76.823171, 0.647319], [-76.823153, 0.64734], [-76.823146, 0.647348], [-76.823142, 0.647351], [-76.823137, 0.647356], [-76.823134, 0.647359], [-76.823131, 0.647361], [-76.823127, 0.647363], [-76.823124, 0.647365], [-76.823121, 0.647366], [-76.823114, 0.64737], [-76.823105, 0.647373], [-76.8231, 0.647375], [-76.823063, 0.647387], [-76.823056, 0.647388], [-76.823049, 0.647389], [-76.823031, 0.64739], [-76.823007, 0.647391], [-76.822953, 0.647393], [-76.822896, 0.647394], [-76.822742, 0.647398], [-76.822605, 0.647401], [-76.822573, 0.647402], [-76.82255, 0.647402], [-76.822495, 0.647402], [-76.822446, 0.647402], [-76.82241, 0.647402], [-76.822359, 0.647401], [-76.822281, 0.647398], [-76.822225, 0.647397], [-76.822189, 0.647396], [-76.822148, 0.647396], [-76.82211, 0.647397], [-76.822069, 0.647398], [-76.822043, 0.647399], [-76.821955, 0.647402], [-76.821884, 0.647404], [-76.821851, 0.647404], [-76.821809, 0.647405], [-76.821754, 0.647405], [-76.821737, 0.647404], [-76.821702, 0.647403], [-76.821656, 0.647402], [-76.821535, 0.647396], [-76.821498, 0.647394], [-76.821465, 0.647393], [-76.821424, 0.647392], [-76.821362, 0.647392], [-76.821301, 0.647393], [-76.821209, 0.647394], [-76.821173, 0.647395], [-76.821146, 0.647394], [-76.821132, 0.647394], [-76.821119, 0.647393], [-76.821089, 0.647392], [-76.821063, 0.64739], [-76.821049, 0.647388], [-76.821018, 0.647385], [-76.820992, 0.647382], [-76.820963, 0.647378], [-76.820892, 0.647367], [-76.820872, 0.647365], [-76.820833, 0.647359], [-76.820735, 0.647347], [-76.820683, 0.64734], [-76.820618, 0.647331], [-76.820601, 0.647329], [-76.820578, 0.647325], [-76.820563, 0.647323], [-76.820544, 0.647318], [-76.820507, 0.647309], [-76.820419, 0.647287], [-76.820376, 0.647277], [-76.820311, 0.647262], [-76.820273, 0.647254], [-76.820215, 0.647242], [-76.820165, 0.647232], [-76.820115, 0.647222], [-76.820078, 0.647214], [-76.820058, 0.64721], [-76.820008, 0.647198], [-76.819996, 0.647195], [-76.819905, 0.647181], [-76.819896, 0.647179], [-76.819861, 0.647176], [-76.819833, 0.647174], [-76.819797, 0.647172], [-76.819768, 0.647171], [-76.819719, 0.647169], [-76.819652, 0.647167], [-76.819516, 0.647164], [-76.819482, 0.647163], [-76.819425, 0.647161], [-76.81938, 0.647158], [-76.819342, 0.647156], [-76.819318, 0.647154], [-76.819208, 0.647145], [-76.819159, 0.647141], [-76.819138, 0.64714], [-76.819098, 0.647138], [-76.819003, 0.647134], [-76.818959, 0.647132], [-76.818934, 0.647131], [-76.818831, 0.647124], [-76.818726, 0.647117], [-76.818691, 0.647114], [-76.818637, 0.647109], [-76.818611, 0.647107], [-76.818606, 0.647106], [-76.818601, 0.647106], [-76.818598, 0.647107], [-76.81843, 0.647141], [-76.818389, 0.647151], [-76.818308, 0.647169], [-76.818304, 0.64717], [-76.818299, 0.64717], [-76.818253, 0.647166], [-76.818192, 0.64716], [-76.81811, 0.647151], [-76.81805, 0.647144], [-76.818029, 0.647142], [-76.818009, 0.647138], [-76.817878, 0.647113], [-76.817852, 0.647108], [-76.817799, 0.647099], [-76.817758, 0.647093], [-76.817714, 0.647086], [-76.8176, 0.64707], [-76.817442, 0.647046], [-76.817345, 0.647032], [-76.817306, 0.647027], [-76.817233, 0.647018], [-76.817173, 0.647011], [-76.817163, 0.64701], [-76.817154, 0.647009], [-76.81715, 0.647009], [-76.817122, 0.64701], [-76.817095, 0.647011], [-76.817085, 0.647011], [-76.817059, 0.647013], [-76.817051, 0.647014], [-76.817039, 0.647016], [-76.817, 0.647021], [-76.816936, 0.647031], [-76.816888, 0.647039], [-76.81679, 0.647056], [-76.816755, 0.647062], [-76.816709, 0.647069], [-76.816668, 0.647075], [-76.816645, 0.647078], [-76.816525, 0.647093], [-76.816518, 0.647094], [-76.816513, 0.647095], [-76.816502, 0.647097], [-76.816477, 0.647103], [-76.816414, 0.64712], [-76.816375, 0.64713], [-76.81627, 0.647158], [-76.816237, 0.647167], [-76.816165, 0.647187], [-76.816149, 0.647191], [-76.816094, 0.647207], [-76.816062, 0.647217], [-76.81604, 0.647224], [-76.816006, 0.647234], [-76.815956, 0.647251], [-76.815913, 0.647266], [-76.815858, 0.647285], [-76.815801, 0.647305], [-76.815754, 0.647322], [-76.815707, 0.647341], [-76.815651, 0.647362], [-76.815632, 0.64737], [-76.815603, 0.647382], [-76.815547, 0.647405], [-76.815489, 0.64743], [-76.815467, 0.64744], [-76.815448, 0.647449], [-76.815438, 0.647454], [-76.815404, 0.64747], [-76.815387, 0.647479], [-76.815348, 0.647499], [-76.815303, 0.647523], [-76.815206, 0.647576], [-76.815166, 0.647597], [-76.81513, 0.647615], [-76.815096, 0.647632], [-76.815059, 0.64765], [-76.815021, 0.647667], [-76.81496, 0.647693], [-76.814918, 0.647711], [-76.814858, 0.647735], [-76.814646, 0.647821], [-76.814584, 0.647846], [-76.814554, 0.647858], [-76.814348, 0.647937], [-76.814198, 0.647995], [-76.814148, 0.648014], [-76.814095, 0.648034], [-76.814047, 0.64805], [-76.813952, 0.648084], [-76.813908, 0.6481], [-76.813886, 0.648108], [-76.813844, 0.648123], [-76.813819, 0.648133], [-76.813778, 0.648149], [-76.81374, 0.648165], [-76.813722, 0.648173], [-76.813693, 0.648186], [-76.813667, 0.648197], [-76.813653, 0.648204], [-76.813636, 0.648212], [-76.813602, 0.648228], [-76.813542, 0.648258], [-76.813521, 0.648268], [-76.813506, 0.648278], [-76.813481, 0.648293], [-76.813475, 0.648297], [-76.813427, 0.648329], [-76.813421, 0.648334], [-76.81339, 0.648361], [-76.813342, 0.648401], [-76.813274, 0.648457], [-76.813223, 0.6485], [-76.813172, 0.648545], [-76.813059, 0.648642], [-76.813018, 0.648678], [-76.812993, 0.6487], [-76.812966, 0.648725], [-76.812936, 0.648752], [-76.812794, 0.648886], [-76.812719, 0.648956], [-76.812634, 0.649037], [-76.812583, 0.649085], [-76.812539, 0.649126], [-76.812515, 0.649148], [-76.81245, 0.649207], [-76.81243, 0.649225], [-76.812413, 0.64924], [-76.812394, 0.649256], [-76.812378, 0.649269], [-76.81235, 0.649292], [-76.812313, 0.649324], [-76.812267, 0.649361], [-76.812189, 0.649425], [-76.812185, 0.649428], [-76.812179, 0.649433], [-76.812176, 0.649435], [-76.812163, 0.649443], [-76.812159, 0.649445], [-76.812135, 0.649457], [-76.812067, 0.649491], [-76.812037, 0.649506], [-76.812013, 0.649518], [-76.811962, 0.649542], [-76.811939, 0.649553], [-76.811923, 0.64956], [-76.811904, 0.649569], [-76.811868, 0.649585], [-76.811839, 0.649596], [-76.811829, 0.649601], [-76.811797, 0.649613], [-76.811765, 0.649624], [-76.81172, 0.64964], [-76.811716, 0.649641], [-76.811712, 0.649642], [-76.811679, 0.64965], [-76.811672, 0.649651], [-76.811593, 0.64966], [-76.811553, 0.649665], [-76.811534, 0.649666], [-76.811516, 0.649668], [-76.811457, 0.649673], [-76.81142, 0.649675], [-76.811383, 0.649677], [-76.811367, 0.649679], [-76.81135, 0.64968], [-76.811293, 0.649685], [-76.811284, 0.649686], [-76.811278, 0.649686], [-76.811261, 0.649685], [-76.811225, 0.649682], [-76.811208, 0.64968], [-76.811178, 0.649677], [-76.811164, 0.649676], [-76.811133, 0.649672], [-76.811061, 0.649661], [-76.811045, 0.649659], [-76.810961, 0.649649], [-76.810936, 0.649646], [-76.810902, 0.649641], [-76.810874, 0.649637], [-76.810841, 0.649631], [-76.810809, 0.649625], [-76.810792, 0.649622], [-76.810777, 0.649618], [-76.810751, 0.649612], [-76.81072, 0.649605], [-76.810698, 0.649599], [-76.810662, 0.649589], [-76.810581, 0.649566], [-76.810532, 0.649553], [-76.810486, 0.649541], [-76.810424, 0.649525], [-76.810382, 0.649514], [-76.810209, 0.649468], [-76.810174, 0.649458], [-76.810123, 0.649444], [-76.810119, 0.649443], [-76.810046, 0.649428], [-76.809928, 0.649405], [-76.80987, 0.649394], [-76.80982, 0.649385], [-76.809761, 0.649375], [-76.809713, 0.649367], [-76.80963, 0.649355], [-76.809578, 0.649347], [-76.809525, 0.64934], [-76.809495, 0.649336], [-76.809425, 0.649327], [-76.809306, 0.649313], [-76.809297, 0.649313], [-76.809278, 0.649313], [-76.809209, 0.649313], [-76.809148, 0.649313], [-76.809087, 0.649313], [-76.809058, 0.649313], [-76.808995, 0.649313], [-76.808961, 0.649313], [-76.808947, 0.649313], [-76.808929, 0.649314], [-76.808916, 0.649315], [-76.808885, 0.64932], [-76.808873, 0.649322], [-76.808863, 0.649324], [-76.808844, 0.64933], [-76.808837, 0.649332], [-76.808805, 0.649343], [-76.808786, 0.649349], [-76.808762, 0.649358], [-76.808732, 0.649369], [-76.80872, 0.649373], [-76.808708, 0.649379], [-76.808671, 0.649397], [-76.808641, 0.649412], [-76.808525, 0.649472], [-76.80843, 0.64952], [-76.808354, 0.649559], [-76.808309, 0.649583], [-76.808252, 0.649613], [-76.80818, 0.649653], [-76.808157, 0.649665], [-76.80812, 0.649686], [-76.808074, 0.649713], [-76.807971, 0.649773], [-76.807875, 0.649828], [-76.807858, 0.649837], [-76.807853, 0.64984], [-76.807849, 0.649842], [-76.807844, 0.649844], [-76.807837, 0.649847], [-76.807815, 0.649856], [-76.807786, 0.649867], [-76.807771, 0.649873], [-76.807756, 0.649877], [-76.807709, 0.649891], [-76.807667, 0.649903], [-76.807649, 0.649908], [-76.807597, 0.649922], [-76.807564, 0.64993], [-76.807544, 0.649936], [-76.807537, 0.649937], [-76.807529, 0.649938], [-76.80747, 0.64994], [-76.80742, 0.649942], [-76.807395, 0.649943], [-76.807373, 0.649943], [-76.807334, 0.649944], [-76.807301, 0.649944], [-76.807242, 0.649944], [-76.807108, 0.649944], [-76.806994, 0.649943], [-76.806913, 0.649942], [-76.806895, 0.649942], [-76.806893, 0.649942], [-76.806885, 0.649941], [-76.80688, 0.64994], [-76.806839, 0.649931], [-76.806807, 0.649925], [-76.806633, 0.649886], [-76.806595, 0.649877], [-76.806573, 0.649873], [-76.806561, 0.649871], [-76.806545, 0.649869], [-76.80653, 0.649867], [-76.806526, 0.649867], [-76.80651, 0.649866], [-76.806486, 0.649866], [-76.806446, 0.649865], [-76.806424, 0.649865], [-76.806376, 0.649865], [-76.806355, 0.649866], [-76.806313, 0.649867], [-76.806307, 0.649867], [-76.806297, 0.649868], [-76.806201, 0.649882], [-76.806196, 0.649883], [-76.806191, 0.649884], [-76.806186, 0.649885], [-76.806159, 0.649893], [-76.80609, 0.649912], [-76.806086, 0.649913], [-76.806081, 0.649915], [-76.806074, 0.649918], [-76.806053, 0.64993], [-76.806021, 0.649948], [-76.805988, 0.649966], [-76.805967, 0.649978], [-76.805929, 0.65], [-76.805904, 0.650015], [-76.805861, 0.650041], [-76.805766, 0.650101], [-76.805709, 0.650137], [-76.80562, 0.650194], [-76.805578, 0.650222], [-76.805537, 0.650247], [-76.805498, 0.650271], [-76.805449, 0.6503], [-76.805434, 0.650309], [-76.805407, 0.650325], [-76.805395, 0.650331], [-76.805389, 0.650334], [-76.805364, 0.650343], [-76.805312, 0.650362], [-76.805305, 0.650365], [-76.805271, 0.650376], [-76.805232, 0.650389], [-76.805211, 0.650396], [-76.805188, 0.650403], [-76.805147, 0.650415], [-76.80511, 0.650426], [-76.805076, 0.650435], [-76.805011, 0.650453], [-76.804902, 0.650482], [-76.804857, 0.650495], [-76.804806, 0.65051], [-76.804796, 0.650513], [-76.804773, 0.65052], [-76.80474, 0.65053], [-76.804698, 0.650544], [-76.804642, 0.650563], [-76.804437, 0.650643], [-76.804257, 0.650711], [-76.804222, 0.650725], [-76.80419, 0.650738], [-76.804174, 0.650745], [-76.804074, 0.650789], [-76.804058, 0.650795], [-76.804029, 0.650807], [-76.804011, 0.650815], [-76.803977, 0.650828], [-76.80394, 0.650841], [-76.803907, 0.650853], [-76.803879, 0.650862], [-76.803804, 0.650887], [-76.803772, 0.650897], [-76.803722, 0.650915], [-76.803702, 0.650922], [-76.803666, 0.650935], [-76.803638, 0.650945], [-76.803494, 0.651], [-76.803447, 0.651018], [-76.803394, 0.651037], [-76.803268, 0.651081], [-76.803236, 0.651092], [-76.803167, 0.651117], [-76.803019, 0.651172], [-76.80298, 0.651187], [-76.802941, 0.651202], [-76.802843, 0.651243], [-76.802798, 0.651261], [-76.802755, 0.651278], [-76.802722, 0.651291], [-76.802682, 0.651306], [-76.802622, 0.651329], [-76.802583, 0.651343], [-76.802556, 0.651353], [-76.802464, 0.651384], [-76.802412, 0.651402], [-76.802298, 0.651444], [-76.802276, 0.651451], [-76.802268, 0.651453], [-76.802265, 0.651454], [-76.802216, 0.651462], [-76.802197, 0.651466], [-76.802174, 0.65147], [-76.802049, 0.651495], [-76.802017, 0.651501], [-76.802015, 0.651501], [-76.802011, 0.651501], [-76.802006, 0.651502], [-76.801983, 0.651502], [-76.801944, 0.651503], [-76.801927, 0.651503], [-76.801893, 0.651503], [-76.801859, 0.651503], [-76.801819, 0.651501], [-76.80179, 0.6515], [-76.801709, 0.651495], [-76.801687, 0.651494], [-76.801646, 0.651491], [-76.801602, 0.651487], [-76.801569, 0.651484], [-76.801521, 0.651478], [-76.801494, 0.651475], [-76.801459, 0.651471], [-76.801408, 0.651464], [-76.801289, 0.651447], [-76.801175, 0.65143], [-76.801106, 0.65142], [-76.801092, 0.651418], [-76.801028, 0.65141], [-76.800963, 0.651403], [-76.800938, 0.6514], [-76.800792, 0.651387], [-76.800754, 0.651383], [-76.800649, 0.651374], [-76.800642, 0.651374], [-76.800627, 0.651374], [-76.800519, 0.651378], [-76.800501, 0.651379], [-76.800496, 0.65138], [-76.800484, 0.651381], [-76.800465, 0.651383], [-76.800431, 0.651387], [-76.800409, 0.65139], [-76.800382, 0.651394], [-76.800351, 0.6514], [-76.80034, 0.651402], [-76.800331, 0.651404], [-76.800326, 0.651406], [-76.800307, 0.651414], [-76.80029, 0.651421], [-76.800287, 0.651422], [-76.800279, 0.651426], [-76.800275, 0.651429], [-76.800268, 0.651434], [-76.800246, 0.651449], [-76.80024, 0.651454], [-76.800233, 0.651459], [-76.80023, 0.651462], [-76.800223, 0.651469], [-76.800215, 0.651478], [-76.800207, 0.651487], [-76.80019, 0.651507], [-76.800181, 0.651517], [-76.800164, 0.651539], [-76.800148, 0.651561], [-76.800134, 0.65158], [-76.800119, 0.651602], [-76.800105, 0.651625], [-76.800098, 0.651636], [-76.800085, 0.651658], [-76.800078, 0.651673], [-76.800076, 0.651676], [-76.800073, 0.651685], [-76.800072, 0.651689], [-76.80007, 0.651696], [-76.800066, 0.651708], [-76.800059, 0.651735], [-76.800056, 0.651749], [-76.80005, 0.651774], [-76.800044, 0.651802], [-76.800039, 0.651832], [-76.800034, 0.651863], [-76.800031, 0.651884], [-76.800027, 0.651915], [-76.800024, 0.651942], [-76.800022, 0.651974], [-76.80002, 0.652008], [-76.800018, 0.652044], [-76.800017, 0.652084], [-76.800018, 0.652107], [-76.800018, 0.652124], [-76.800019, 0.652192], [-76.800021, 0.652231], [-76.800022, 0.652256], [-76.800025, 0.652302], [-76.800026, 0.65232], [-76.800029, 0.65235], [-76.800034, 0.652411], [-76.80004, 0.652465], [-76.800044, 0.652496], [-76.800047, 0.652522], [-76.800054, 0.652572], [-76.800059, 0.652604], [-76.800076, 0.652713], [-76.800087, 0.652779], [-76.800091, 0.652802], [-76.800098, 0.652845], [-76.800106, 0.652889], [-76.800115, 0.652937], [-76.80012, 0.652961], [-76.800128, 0.653], [-76.800133, 0.653022], [-76.800141, 0.653058], [-76.800149, 0.653088], [-76.800155, 0.653115], [-76.800176, 0.653197], [-76.80019, 0.653247], [-76.800207, 0.653305], [-76.800224, 0.653362], [-76.800261, 0.653482], [-76.800272, 0.653518], [-76.800283, 0.653555], [-76.800294, 0.653597], [-76.800302, 0.653631], [-76.800311, 0.653665], [-76.800316, 0.65369], [-76.800335, 0.653778], [-76.800358, 0.653881], [-76.800367, 0.653922], [-76.800376, 0.653963], [-76.800385, 0.654011], [-76.800411, 0.654153], [-76.80042, 0.654199], [-76.80042, 0.654202], [-76.800421, 0.65421], [-76.800421, 0.654221], [-76.800423, 0.654307], [-76.800423, 0.654311], [-76.800423, 0.654319], [-76.80042, 0.654343], [-76.800417, 0.654361], [-76.800416, 0.654366], [-76.800416, 0.654369], [-76.800414, 0.654377], [-76.800411, 0.654386], [-76.8004, 0.654417], [-76.800396, 0.654425], [-76.800393, 0.654432], [-76.800338, 0.654526], [-76.800326, 0.654547], [-76.800317, 0.654564], [-76.800311, 0.654576], [-76.800303, 0.654595], [-76.800293, 0.654621], [-76.800286, 0.65464], [-76.800278, 0.65466], [-76.800275, 0.654668], [-76.800272, 0.654674], [-76.80027, 0.654677], [-76.800268, 0.654679], [-76.800266, 0.654683], [-76.800254, 0.654696], [-76.80023, 0.654721], [-76.800219, 0.654735], [-76.800209, 0.654746], [-76.800199, 0.654759], [-76.800187, 0.654774], [-76.800167, 0.6548], [-76.800141, 0.654834], [-76.800138, 0.654838], [-76.800134, 0.654842], [-76.800105, 0.654871], [-76.800065, 0.654911], [-76.800061, 0.654915], [-76.800013, 0.654956], [-76.799976, 0.654988], [-76.799954, 0.655008], [-76.79989, 0.655066], [-76.799867, 0.655085], [-76.799834, 0.655114], [-76.79982, 0.655126], [-76.799805, 0.655138], [-76.799791, 0.655149], [-76.799762, 0.655171], [-76.799732, 0.655193], [-76.799661, 0.655245], [-76.799626, 0.65527], [-76.799612, 0.655281], [-76.799596, 0.655293], [-76.799571, 0.655313], [-76.799537, 0.655342], [-76.799493, 0.655379], [-76.799457, 0.655408], [-76.799405, 0.655449], [-76.799376, 0.655473], [-76.799357, 0.655489], [-76.799331, 0.655511], [-76.799322, 0.65552], [-76.799311, 0.655529], [-76.799297, 0.655543], [-76.799283, 0.655556], [-76.799273, 0.655566], [-76.799269, 0.655569], [-76.799266, 0.655573], [-76.799244, 0.655599], [-76.799221, 0.65563], [-76.799194, 0.655667], [-76.799181, 0.655685], [-76.799163, 0.65571], [-76.799149, 0.655731], [-76.799119, 0.655776], [-76.799097, 0.65581], [-76.799045, 0.655891], [-76.799, 0.655959], [-76.79894, 0.656052], [-76.798881, 0.656143], [-76.798851, 0.656188], [-76.798823, 0.65623], [-76.798717, 0.656385], [-76.798713, 0.65639], [-76.79871, 0.656394], [-76.798708, 0.656397], [-76.798684, 0.656424], [-76.798657, 0.656454], [-76.798635, 0.656477], [-76.798609, 0.656505], [-76.798588, 0.656527], [-76.798568, 0.656548], [-76.798544, 0.656572], [-76.79853, 0.656586], [-76.798527, 0.656589], [-76.798523, 0.656592], [-76.798516, 0.656597], [-76.798465, 0.656637], [-76.798386, 0.656698], [-76.798353, 0.656723], [-76.798335, 0.656736], [-76.798286, 0.656772], [-76.798246, 0.6568], [-76.798225, 0.656814], [-76.798221, 0.656816], [-76.798218, 0.656818], [-76.798215, 0.656819], [-76.798213, 0.656821], [-76.798207, 0.656822], [-76.798192, 0.656826], [-76.79815, 0.656836], [-76.798134, 0.65684], [-76.798104, 0.656846], [-76.798079, 0.656851], [-76.798027, 0.65686], [-76.798023, 0.656861], [-76.79802, 0.656861], [-76.798013, 0.656862], [-76.798006, 0.656861], [-76.797999, 0.65686], [-76.797977, 0.656855], [-76.797964, 0.656852], [-76.79795, 0.656849], [-76.797924, 0.656842], [-76.797897, 0.656834], [-76.797873, 0.656827], [-76.797847, 0.656818], [-76.797821, 0.656808], [-76.797685, 0.65676], [-76.797652, 0.656748], [-76.797589, 0.656725], [-76.797561, 0.656714], [-76.797508, 0.656694], [-76.797469, 0.656679], [-76.797401, 0.656651], [-76.797352, 0.656631], [-76.797306, 0.656611], [-76.797285, 0.656602], [-76.797263, 0.656592], [-76.797236, 0.656579], [-76.797219, 0.656571], [-76.797185, 0.656554], [-76.797151, 0.656537], [-76.797104, 0.656512], [-76.797062, 0.656489], [-76.796992, 0.656451], [-76.796967, 0.656437], [-76.796946, 0.656426], [-76.796924, 0.656415], [-76.796875, 0.65639], [-76.796821, 0.656363], [-76.796796, 0.656351], [-76.796789, 0.656348], [-76.796781, 0.656345], [-76.796758, 0.656338], [-76.796748, 0.656335], [-76.79674, 0.656333], [-76.796734, 0.656332], [-76.79671, 0.656329], [-76.796702, 0.656328], [-76.796698, 0.656328], [-76.796694, 0.656328], [-76.796689, 0.656328], [-76.796685, 0.656328], [-76.796661, 0.656331], [-76.796561, 0.656345], [-76.796468, 0.656359], [-76.796402, 0.656368], [-76.796354, 0.656376], [-76.796318, 0.656382], [-76.796294, 0.656386], [-76.796158, 0.656412], [-76.796097, 0.656424], [-76.795992, 0.656445], [-76.795957, 0.656451], [-76.795935, 0.656456], [-76.795916, 0.656459], [-76.795876, 0.656466], [-76.795835, 0.656472], [-76.795785, 0.656479], [-76.795723, 0.656486], [-76.795632, 0.656496], [-76.795534, 0.656509], [-76.79549, 0.656513], [-76.795456, 0.656517], [-76.795426, 0.65652], [-76.795386, 0.656523], [-76.795287, 0.656531], [-76.795265, 0.656533], [-76.795228, 0.656536], [-76.795148, 0.656541], [-76.795125, 0.656542], [-76.795087, 0.656546], [-76.795069, 0.656547], [-76.795027, 0.656552], [-76.79496, 0.656559], [-76.794929, 0.656563], [-76.794907, 0.656565], [-76.794869, 0.656568], [-76.794833, 0.656571], [-76.794806, 0.656573], [-76.794771, 0.656574], [-76.794738, 0.656575], [-76.794706, 0.656575], [-76.794681, 0.656575], [-76.79465, 0.656575], [-76.794586, 0.656574], [-76.79457, 0.656575], [-76.794524, 0.656575], [-76.794441, 0.656577], [-76.794408, 0.656577], [-76.794388, 0.656577], [-76.794373, 0.656577], [-76.794341, 0.656576], [-76.794148, 0.656567], [-76.794095, 0.656564], [-76.793981, 0.656557], [-76.79396, 0.656556], [-76.793945, 0.656556], [-76.793937, 0.656556], [-76.793927, 0.656556], [-76.793921, 0.656557], [-76.793894, 0.656561], [-76.793881, 0.656563], [-76.793873, 0.656565], [-76.793852, 0.656572], [-76.793808, 0.656587], [-76.793776, 0.656598], [-76.793749, 0.656608], [-76.79373, 0.656616], [-76.793723, 0.656619], [-76.793717, 0.656623], [-76.793693, 0.656637], [-76.793677, 0.656646], [-76.793654, 0.65666], [-76.793633, 0.656673], [-76.793599, 0.656696], [-76.793563, 0.656721], [-76.793532, 0.656743], [-76.793493, 0.656772], [-76.793475, 0.656786], [-76.793458, 0.656799], [-76.793454, 0.656802], [-76.793448, 0.656808], [-76.793436, 0.65682], [-76.793418, 0.656837], [-76.79339, 0.656866], [-76.793319, 0.656937], [-76.793273, 0.656984], [-76.793238, 0.65702], [-76.793215, 0.657045], [-76.793195, 0.657066], [-76.793161, 0.657103], [-76.793131, 0.657137], [-76.79311, 0.657162], [-76.79307, 0.657208], [-76.793048, 0.657233], [-76.793028, 0.657257], [-76.79298, 0.657314], [-76.792953, 0.657346], [-76.792934, 0.657368], [-76.792917, 0.657388], [-76.792868, 0.657443], [-76.792841, 0.657473], [-76.792824, 0.657491], [-76.792801, 0.657515], [-76.792781, 0.657536], [-76.792708, 0.65761], [-76.792689, 0.65763], [-76.792673, 0.657647], [-76.792649, 0.657672], [-76.792646, 0.657675], [-76.792642, 0.657679], [-76.7926, 0.657715], [-76.792574, 0.657738], [-76.792571, 0.65774], [-76.792557, 0.65775], [-76.792488, 0.657794], [-76.792421, 0.657836], [-76.792378, 0.657863], [-76.79237, 0.657867], [-76.792344, 0.657878], [-76.792321, 0.657889], [-76.792313, 0.657892], [-76.792309, 0.657894], [-76.792192, 0.657929], [-76.792157, 0.657939], [-76.792125, 0.657948], [-76.792076, 0.657962], [-76.792036, 0.657972], [-76.792002, 0.65798], [-76.791978, 0.657986], [-76.791951, 0.657992], [-76.791903, 0.658003], [-76.791897, 0.658004], [-76.79189, 0.658005], [-76.791849, 0.658007], [-76.791767, 0.658013], [-76.791635, 0.658019], [-76.791628, 0.658019], [-76.791624, 0.658019], [-76.79152, 0.658008], [-76.79148, 0.658004], [-76.791436, 0.657998], [-76.791412, 0.657995], [-76.791365, 0.657988], [-76.791329, 0.657983], [-76.791297, 0.657978], [-76.79129, 0.657976], [-76.791269, 0.65797], [-76.791246, 0.657963], [-76.791223, 0.657956], [-76.791206, 0.65795], [-76.791185, 0.657943], [-76.791121, 0.657921], [-76.791017, 0.657884], [-76.790958, 0.657863], [-76.790936, 0.657855], [-76.790915, 0.657847], [-76.790876, 0.657831], [-76.790813, 0.657806], [-76.790712, 0.657764], [-76.790665, 0.657743], [-76.790617, 0.657722], [-76.790568, 0.6577], [-76.790548, 0.657691], [-76.790527, 0.657681], [-76.790513, 0.657674], [-76.79049, 0.657663], [-76.79045, 0.657642], [-76.790433, 0.657633], [-76.790411, 0.657621], [-76.790343, 0.657584], [-76.790339, 0.657582], [-76.790335, 0.65758], [-76.790332, 0.657579], [-76.790329, 0.657578], [-76.790288, 0.657567], [-76.790258, 0.657561], [-76.790231, 0.657556], [-76.790195, 0.657549], [-76.790178, 0.657546], [-76.790169, 0.657546], [-76.790141, 0.657545], [-76.790129, 0.657545], [-76.790118, 0.657545], [-76.790114, 0.657545], [-76.790108, 0.657546], [-76.790093, 0.657549], [-76.790079, 0.657552], [-76.790072, 0.657554], [-76.790065, 0.657557], [-76.790045, 0.657567], [-76.79003, 0.657574], [-76.790006, 0.657586], [-76.789987, 0.657596], [-76.789942, 0.65762], [-76.78993, 0.657626], [-76.789926, 0.657629], [-76.789923, 0.657631], [-76.789909, 0.657642], [-76.789841, 0.657696], [-76.789825, 0.657709], [-76.789809, 0.657723], [-76.789806, 0.657726], [-76.789802, 0.65773], [-76.789741, 0.657796], [-76.789674, 0.65787], [-76.789603, 0.65795], [-76.789568, 0.65799], [-76.789533, 0.658032], [-76.789476, 0.658101], [-76.789472, 0.658105], [-76.78947, 0.658107], [-76.789414, 0.658159], [-76.789373, 0.658195], [-76.789295, 0.658264], [-76.789243, 0.65831], [-76.789211, 0.658337], [-76.789181, 0.658363], [-76.789142, 0.658396], [-76.789115, 0.658417], [-76.789107, 0.658423], [-76.789093, 0.658432], [-76.789036, 0.658467], [-76.788966, 0.65851], [-76.788959, 0.658514], [-76.788956, 0.658516], [-76.788832, 0.658568], [-76.788745, 0.658604], [-76.788663, 0.658636], [-76.788638, 0.658646], [-76.78857, 0.658672], [-76.788538, 0.658684], [-76.788516, 0.658693], [-76.78847, 0.658709], [-76.788446, 0.658718], [-76.788338, 0.658754], [-76.788263, 0.658779], [-76.788256, 0.658781], [-76.788249, 0.658783], [-76.788246, 0.658783], [-76.788236, 0.658785], [-76.78814, 0.658798], [-76.788109, 0.658802], [-76.788073, 0.658808], [-76.78806, 0.65881], [-76.788045, 0.658813], [-76.788033, 0.658815], [-76.787996, 0.658824], [-76.78799, 0.658825], [-76.787986, 0.658826], [-76.787977, 0.658827], [-76.78795, 0.658828], [-76.787936, 0.658829], [-76.787904, 0.658832], [-76.787885, 0.658834], [-76.787838, 0.65884], [-76.7878, 0.658845], [-76.787604, 0.658873], [-76.787583, 0.658876], [-76.787559, 0.65888], [-76.787498, 0.658891], [-76.787491, 0.658893], [-76.787456, 0.658903], [-76.787453, 0.658905], [-76.787448, 0.658907], [-76.787444, 0.658908], [-76.787423, 0.658919], [-76.787356, 0.658951], [-76.787306, 0.658975], [-76.787278, 0.658989], [-76.787251, 0.659003], [-76.787205, 0.659027], [-76.787159, 0.659051], [-76.787104, 0.659081], [-76.787075, 0.659096], [-76.787021, 0.659126], [-76.786894, 0.659197], [-76.786771, 0.659268], [-76.786732, 0.659291], [-76.786691, 0.659315], [-76.786639, 0.659345], [-76.786632, 0.659349], [-76.786628, 0.659351], [-76.786622, 0.659353], [-76.786575, 0.65937], [-76.786487, 0.6594], [-76.786429, 0.65942], [-76.786424, 0.659421], [-76.786417, 0.659423], [-76.786386, 0.659429], [-76.786381, 0.65943], [-76.786372, 0.659431], [-76.786359, 0.659431], [-76.786273, 0.659433], [-76.786218, 0.659434], [-76.786185, 0.659434], [-76.78612, 0.659434], [-76.786104, 0.659434], [-76.786094, 0.659434], [-76.786063, 0.65943], [-76.785993, 0.659422], [-76.785968, 0.659419], [-76.78586, 0.659406], [-76.785748, 0.659392], [-76.785563, 0.659367], [-76.785558, 0.659366], [-76.785551, 0.659366], [-76.785547, 0.659366], [-76.785534, 0.659367], [-76.785481, 0.659369], [-76.78543, 0.659373], [-76.78541, 0.659374], [-76.785401, 0.659375], [-76.785395, 0.659376], [-76.785318, 0.659389], [-76.785291, 0.659395], [-76.785256, 0.659401], [-76.785207, 0.659411], [-76.785184, 0.659416], [-76.785179, 0.659417], [-76.78516, 0.659423], [-76.785142, 0.659428], [-76.785122, 0.659435], [-76.785094, 0.659444], [-76.785051, 0.659459], [-76.785028, 0.659467], [-76.784985, 0.659482], [-76.784982, 0.659483], [-76.784913, 0.659503], [-76.78489, 0.65951], [-76.784865, 0.659517], [-76.784818, 0.659532], [-76.784758, 0.659552], [-76.784729, 0.659561], [-76.784692, 0.659574], [-76.784562, 0.65962], [-76.784508, 0.659639], [-76.784503, 0.659641], [-76.784495, 0.659644], [-76.784435, 0.659671], [-76.784418, 0.659678], [-76.784388, 0.659692], [-76.784367, 0.659703], [-76.784355, 0.659709], [-76.78433, 0.659722], [-76.784315, 0.659731], [-76.784296, 0.659742], [-76.784258, 0.659764], [-76.784171, 0.659814], [-76.784136, 0.659835], [-76.784096, 0.659859], [-76.784041, 0.659892], [-76.784013, 0.65991], [-76.783991, 0.659924], [-76.783987, 0.659926], [-76.783982, 0.659929], [-76.783972, 0.659934], [-76.783934, 0.659954], [-76.783926, 0.659957], [-76.783829, 0.659994], [-76.783808, 0.660002], [-76.783789, 0.66001], [-76.78378, 0.660013], [-76.783722, 0.66003], [-76.783687, 0.66004], [-76.783654, 0.660049], [-76.783618, 0.660058], [-76.783581, 0.660067], [-76.783509, 0.660083], [-76.783459, 0.660094], [-76.783419, 0.660103], [-76.783399, 0.660107], [-76.783382, 0.66011], [-76.783378, 0.660111], [-76.783371, 0.660111], [-76.783357, 0.660112], [-76.783331, 0.660112], [-76.783287, 0.660113], [-76.783272, 0.660113], [-76.783268, 0.660113], [-76.783252, 0.660111], [-76.783182, 0.660104], [-76.783077, 0.660091], [-76.782913, 0.660069], [-76.782853, 0.660061], [-76.782812, 0.660056], [-76.782747, 0.660047], [-76.782697, 0.66004], [-76.782678, 0.660038], [-76.782642, 0.660034], [-76.782611, 0.660032], [-76.782592, 0.66003], [-76.782572, 0.660029], [-76.782537, 0.660027], [-76.782502, 0.660026], [-76.782385, 0.660022], [-76.782295, 0.660018], [-76.782195, 0.660015], [-76.782103, 0.660012], [-76.78197, 0.660007], [-76.781882, 0.660004], [-76.781864, 0.660003], [-76.781856, 0.660003], [-76.781852, 0.660002], [-76.781839, 0.66], [-76.781824, 0.659998], [-76.781795, 0.659992], [-76.781778, 0.659989], [-76.781733, 0.659979], [-76.781654, 0.659962], [-76.78163, 0.659956], [-76.781506, 0.659926], [-76.781398, 0.6599], [-76.781355, 0.65989], [-76.781335, 0.659886], [-76.781287, 0.659875], [-76.781241, 0.659866], [-76.781201, 0.659858], [-76.781128, 0.659845], [-76.781098, 0.659839], [-76.781059, 0.65983], [-76.780993, 0.659815], [-76.780964, 0.659808], [-76.780924, 0.6598], [-76.780869, 0.659787], [-76.780743, 0.659758], [-76.780693, 0.659747], [-76.780689, 0.659746], [-76.780572, 0.659731], [-76.780448, 0.659713], [-76.780421, 0.65971], [-76.780382, 0.659705], [-76.780342, 0.6597], [-76.780283, 0.659694], [-76.780197, 0.659686], [-76.780154, 0.659682], [-76.780126, 0.65968], [-76.780104, 0.659679], [-76.780065, 0.659676], [-76.780027, 0.659674], [-76.779982, 0.659672], [-76.779976, 0.659673], [-76.779969, 0.659673], [-76.779927, 0.659681], [-76.779889, 0.659688], [-76.779872, 0.659691], [-76.779869, 0.659691], [-76.779862, 0.659692], [-76.779824, 0.659691], [-76.77975, 0.659688], [-76.779702, 0.659687], [-76.779683, 0.659687], [-76.779555, 0.659686], [-76.779481, 0.659686], [-76.779416, 0.659685], [-76.779391, 0.659685], [-76.779386, 0.659684], [-76.779379, 0.659684], [-76.779353, 0.659682], [-76.779306, 0.659679], [-76.77925, 0.659674], [-76.779229, 0.659672], [-76.779189, 0.659667], [-76.77917, 0.659665], [-76.77914, 0.659661], [-76.779107, 0.659656], [-76.779058, 0.659648], [-76.779029, 0.659643], [-76.779006, 0.659639], [-76.778965, 0.659632], [-76.778871, 0.659614], [-76.778841, 0.659609], [-76.778826, 0.659607], [-76.7788, 0.659603], [-76.778766, 0.659599], [-76.778628, 0.659583], [-76.77862, 0.659582], [-76.778568, 0.659581], [-76.778546, 0.659581], [-76.778535, 0.65958], [-76.778508, 0.659578], [-76.778483, 0.659575], [-76.778464, 0.659574], [-76.778417, 0.659568], [-76.778407, 0.659567], [-76.7784, 0.659567], [-76.778377, 0.659567], [-76.778346, 0.659568], [-76.778318, 0.65957], [-76.778305, 0.65957], [-76.778279, 0.659573], [-76.778266, 0.659574], [-76.778236, 0.659577], [-76.77822, 0.659579], [-76.778188, 0.659584], [-76.778144, 0.659591], [-76.777844, 0.659643], [-76.777787, 0.659652], [-76.77776, 0.659657], [-76.777753, 0.659657], [-76.777738, 0.659658], [-76.777703, 0.659659], [-76.777682, 0.659659], [-76.777623, 0.65966], [-76.777413, 0.65966], [-76.777376, 0.65966], [-76.777326, 0.65966], [-76.777285, 0.659659], [-76.77724, 0.659658], [-76.777193, 0.659656], [-76.777131, 0.659653], [-76.777105, 0.659652], [-76.777073, 0.659651], [-76.777052, 0.65965], [-76.777011, 0.65965], [-76.776903, 0.659649], [-76.77688, 0.659649], [-76.776833, 0.659648], [-76.776812, 0.659647], [-76.776768, 0.659645], [-76.776748, 0.659644], [-76.776723, 0.659643], [-76.776646, 0.659638], [-76.77661, 0.659637], [-76.77659, 0.659636], [-76.776571, 0.659636], [-76.776538, 0.659636], [-76.776512, 0.659636], [-76.776498, 0.659636], [-76.776471, 0.659637], [-76.776454, 0.659638], [-76.776446, 0.659639], [-76.776439, 0.659641], [-76.776427, 0.659644], [-76.7764, 0.659652], [-76.776363, 0.659664], [-76.77635, 0.659668], [-76.776341, 0.659672], [-76.776337, 0.659674], [-76.776324, 0.65968], [-76.776281, 0.659702], [-76.776246, 0.659721], [-76.776227, 0.659731], [-76.776212, 0.65974], [-76.776203, 0.659745], [-76.776194, 0.659752], [-76.776162, 0.659774], [-76.776143, 0.659788], [-76.776078, 0.659836], [-76.77603, 0.659871], [-76.776, 0.659892], [-76.775964, 0.659917], [-76.775931, 0.659939], [-76.775902, 0.659959], [-76.775869, 0.659981], [-76.775809, 0.66002], [-76.775778, 0.66004], [-76.775735, 0.660067], [-76.775688, 0.660095], [-76.775626, 0.660133], [-76.77558, 0.66016], [-76.775555, 0.660174], [-76.775398, 0.660263], [-76.77533, 0.6603], [-76.775302, 0.660315], [-76.775249, 0.660344], [-76.775229, 0.660354], [-76.775196, 0.66037], [-76.775171, 0.660383], [-76.775108, 0.660414], [-76.775047, 0.660443], [-76.774995, 0.660468], [-76.774943, 0.660492], [-76.77487, 0.660525], [-76.774829, 0.660543], [-76.774781, 0.660564], [-76.774689, 0.660604], [-76.774647, 0.660622], [-76.774598, 0.660644], [-76.774548, 0.660667], [-76.774509, 0.660685], [-76.774435, 0.66072], [-76.774392, 0.66074], [-76.774325, 0.660773], [-76.774294, 0.660788], [-76.77427, 0.660799], [-76.774255, 0.660807], [-76.774216, 0.660827], [-76.774123, 0.660878], [-76.774105, 0.660887], [-76.774102, 0.660889], [-76.774098, 0.660892], [-76.774059, 0.66092], [-76.774029, 0.660941], [-76.773986, 0.660973], [-76.773963, 0.66099], [-76.773945, 0.661004], [-76.773918, 0.661026], [-76.77386, 0.661073], [-76.773817, 0.661109], [-76.773777, 0.661143], [-76.773747, 0.661169], [-76.773717, 0.661195], [-76.773695, 0.661215], [-76.773662, 0.661245], [-76.773616, 0.661288], [-76.773559, 0.661342], [-76.773474, 0.661424], [-76.773455, 0.661442], [-76.773441, 0.661455], [-76.773409, 0.661484], [-76.773395, 0.661497], [-76.77338, 0.661509], [-76.77336, 0.661526], [-76.773354, 0.66153], [-76.773346, 0.661535], [-76.773308, 0.661558], [-76.773299, 0.661563], [-76.773238, 0.661592], [-76.773198, 0.661611], [-76.773181, 0.66162], [-76.773147, 0.661637], [-76.773105, 0.66166], [-76.773074, 0.661676], [-76.773066, 0.661679], [-76.773058, 0.661683], [-76.773012, 0.6617], [-76.772915, 0.661734], [-76.772858, 0.661755], [-76.772771, 0.661785], [-76.772703, 0.661809], [-76.772696, 0.661811], [-76.772689, 0.661813], [-76.772641, 0.661823], [-76.772555, 0.661843], [-76.77247, 0.661861], [-76.772387, 0.661879], [-76.772232, 0.661911], [-76.772167, 0.661924], [-76.77209, 0.661939], [-76.772035, 0.66195], [-76.771985, 0.661958], [-76.771935, 0.661967], [-76.771898, 0.661973], [-76.77185, 0.66198], [-76.771822, 0.661984], [-76.771808, 0.661986], [-76.771714, 0.661998], [-76.771676, 0.662003], [-76.771661, 0.662005], [-76.771605, 0.662013], [-76.771579, 0.662016], [-76.771557, 0.662019], [-76.771523, 0.662023], [-76.771479, 0.662027], [-76.771471, 0.662027], [-76.771385, 0.662028], [-76.771301, 0.662028], [-76.771252, 0.662028], [-76.771172, 0.662026], [-76.771071, 0.662023], [-76.771036, 0.662021], [-76.770997, 0.662019], [-76.77091, 0.662013], [-76.770817, 0.662008], [-76.770701, 0.662001], [-76.770591, 0.661996], [-76.770526, 0.661992], [-76.77042, 0.661987], [-76.770312, 0.66198], [-76.770265, 0.661978], [-76.770159, 0.661974], [-76.770092, 0.661971], [-76.770066, 0.66197], [-76.77002, 0.661967], [-76.77, 0.661966], [-76.769964, 0.661963], [-76.769954, 0.661962], [-76.769944, 0.661962], [-76.769892, 0.661959], [-76.769873, 0.661958], [-76.769843, 0.661956], [-76.769832, 0.661955], [-76.769812, 0.661953], [-76.769785, 0.661949], [-76.769767, 0.661946], [-76.769737, 0.661941], [-76.769658, 0.661927], [-76.769537, 0.661904], [-76.76948, 0.661892], [-76.769446, 0.661885], [-76.769422, 0.66188], [-76.769339, 0.661861], [-76.769289, 0.661849], [-76.769233, 0.661836], [-76.769125, 0.661808], [-76.769062, 0.66179], [-76.769023, 0.661779], [-76.768989, 0.661768], [-76.768966, 0.661761], [-76.768862, 0.661728], [-76.768726, 0.661684], [-76.768628, 0.661653], [-76.768567, 0.661633], [-76.768506, 0.661612], [-76.768456, 0.661596], [-76.76831, 0.66155], [-76.768239, 0.661528], [-76.768199, 0.661515], [-76.768112, 0.66149], [-76.768008, 0.66146], [-76.76794, 0.66144], [-76.767907, 0.66143], [-76.767836, 0.661408], [-76.767724, 0.661373], [-76.767651, 0.661351], [-76.767613, 0.66134], [-76.76752, 0.661313], [-76.767255, 0.661238], [-76.767215, 0.661226], [-76.76717, 0.661213], [-76.767145, 0.661205], [-76.767038, 0.661171], [-76.766972, 0.66115], [-76.76693, 0.661137], [-76.766904, 0.66113], [-76.766867, 0.661119], [-76.766808, 0.661103], [-76.766769, 0.661093], [-76.766752, 0.661089], [-76.766711, 0.66108], [-76.766679, 0.661072], [-76.766632, 0.661062], [-76.766465, 0.661027], [-76.766379, 0.661008], [-76.766319, 0.660994], [-76.766268, 0.660982], [-76.766218, 0.660971], [-76.766171, 0.66096], [-76.766122, 0.660948], [-76.766107, 0.660944], [-76.766093, 0.660941], [-76.766065, 0.660935], [-76.766039, 0.660931], [-76.766025, 0.660928], [-76.766001, 0.660925], [-76.765973, 0.660922], [-76.765944, 0.660919], [-76.765914, 0.660916], [-76.76584, 0.660912], [-76.765816, 0.66091], [-76.765785, 0.660908], [-76.765728, 0.660903], [-76.76561, 0.660892], [-76.765593, 0.66089], [-76.765571, 0.660889], [-76.765556, 0.660888], [-76.765523, 0.660887], [-76.765484, 0.660886], [-76.765457, 0.660885], [-76.765442, 0.660885], [-76.765375, 0.660882], [-76.765304, 0.660879], [-76.765252, 0.660876], [-76.765185, 0.660872], [-76.765159, 0.66087], [-76.765009, 0.66086], [-76.764973, 0.660858], [-76.764938, 0.660857], [-76.764918, 0.660856], [-76.764864, 0.660855], [-76.764843, 0.660855], [-76.764839, 0.660855], [-76.764819, 0.660856], [-76.764764, 0.660861], [-76.764727, 0.660865], [-76.764678, 0.660871], [-76.764655, 0.660874], [-76.764609, 0.66088], [-76.764465, 0.6609], [-76.764433, 0.660904], [-76.764371, 0.660911], [-76.764331, 0.660916], [-76.764289, 0.66092], [-76.764247, 0.660925], [-76.764216, 0.660928], [-76.764181, 0.660931], [-76.76414, 0.660934], [-76.764106, 0.660936], [-76.764076, 0.660938], [-76.764051, 0.66094], [-76.763926, 0.660946], [-76.763895, 0.660948], [-76.763864, 0.660951], [-76.76384, 0.660953], [-76.763817, 0.660955], [-76.763788, 0.660958], [-76.763756, 0.660962], [-76.763715, 0.660967], [-76.763675, 0.660972], [-76.763604, 0.660982], [-76.76357, 0.660987], [-76.763553, 0.66099], [-76.763517, 0.660997], [-76.763497, 0.661001], [-76.763454, 0.66101], [-76.763386, 0.661025], [-76.763286, 0.661049], [-76.76319, 0.661073], [-76.763172, 0.661077], [-76.76313, 0.661088], [-76.763089, 0.661099], [-76.763051, 0.66111], [-76.763016, 0.66112], [-76.762954, 0.661138], [-76.762934, 0.661144], [-76.762895, 0.661157], [-76.762865, 0.661166], [-76.762841, 0.661175], [-76.762821, 0.661182], [-76.762776, 0.661199], [-76.762719, 0.661221], [-76.762658, 0.661246], [-76.762617, 0.661263], [-76.762527, 0.661303], [-76.762483, 0.661322], [-76.762439, 0.661342], [-76.762423, 0.66135], [-76.762393, 0.661364], [-76.762375, 0.661373], [-76.76235, 0.661386], [-76.762325, 0.661399], [-76.762296, 0.661415], [-76.762268, 0.661431], [-76.762245, 0.661445], [-76.762231, 0.661453], [-76.762203, 0.661471], [-76.762184, 0.661483], [-76.762141, 0.661512], [-76.762016, 0.661598], [-76.761954, 0.66164], [-76.761899, 0.661678], [-76.761873, 0.661696], [-76.761853, 0.66171], [-76.761823, 0.661732], [-76.761806, 0.661745], [-76.761778, 0.661766], [-76.761764, 0.661777], [-76.761736, 0.6618], [-76.761723, 0.661811], [-76.761711, 0.661821], [-76.761699, 0.661832], [-76.761688, 0.661842], [-76.761674, 0.661855], [-76.761659, 0.661868], [-76.761596, 0.661928], [-76.761582, 0.661941], [-76.761556, 0.661965], [-76.761539, 0.661981], [-76.761519, 0.661998], [-76.761492, 0.662021], [-76.761443, 0.662063], [-76.761369, 0.662126], [-76.761294, 0.662189], [-76.761237, 0.662237], [-76.761188, 0.662277], [-76.761144, 0.662313], [-76.761122, 0.662331], [-76.76109, 0.662357], [-76.761038, 0.662398], [-76.760993, 0.662433], [-76.760943, 0.662471], [-76.760908, 0.662496], [-76.760905, 0.662498], [-76.7609, 0.662501], [-76.760861, 0.662519], [-76.760826, 0.662534], [-76.760806, 0.662542], [-76.760761, 0.662561], [-76.760706, 0.662582], [-76.760659, 0.662601], [-76.760596, 0.662623], [-76.760556, 0.662637], [-76.760537, 0.662644], [-76.76053, 0.662646], [-76.760523, 0.662647], [-76.760484, 0.662656], [-76.760343, 0.662684], [-76.760308, 0.662691], [-76.760285, 0.662695], [-76.760256, 0.6627], [-76.760237, 0.662704], [-76.760217, 0.662707], [-76.760197, 0.66271], [-76.760154, 0.662716], [-76.760124, 0.66272], [-76.759996, 0.662736], [-76.759943, 0.662743], [-76.759906, 0.662747], [-76.75985, 0.662753], [-76.759804, 0.662758], [-76.759761, 0.662761], [-76.759722, 0.662764], [-76.759698, 0.662766], [-76.759655, 0.662769], [-76.759632, 0.66277], [-76.759589, 0.662772], [-76.759556, 0.662773], [-76.759517, 0.662774], [-76.759478, 0.662774], [-76.759458, 0.662774], [-76.759371, 0.662774], [-76.759305, 0.662773], [-76.75926, 0.662773], [-76.759217, 0.662772], [-76.759195, 0.662771], [-76.759152, 0.66277], [-76.75911, 0.662769], [-76.75909, 0.662768], [-76.759063, 0.662768], [-76.759058, 0.662768], [-76.759052, 0.662769], [-76.759024, 0.662773], [-76.759005, 0.662777], [-76.75896, 0.662785], [-76.758833, 0.66281], [-76.758689, 0.662839], [-76.758648, 0.662847], [-76.758607, 0.662854], [-76.758546, 0.662865], [-76.758444, 0.662884], [-76.758399, 0.662892], [-76.75836, 0.662899], [-76.75831, 0.662906], [-76.75827, 0.662912], [-76.758229, 0.662917], [-76.758186, 0.662923], [-76.758075, 0.662936], [-76.757967, 0.662948], [-76.757845, 0.662962], [-76.757782, 0.66297], [-76.757748, 0.662975], [-76.757718, 0.662979], [-76.757699, 0.662983], [-76.757658, 0.66299], [-76.757636, 0.662994], [-76.757592, 0.663003], [-76.75753, 0.663016], [-76.757485, 0.663027], [-76.757445, 0.663037], [-76.757427, 0.663042], [-76.757399, 0.663049], [-76.757359, 0.66306], [-76.757323, 0.66307], [-76.757252, 0.663091], [-76.7572, 0.663105], [-76.757194, 0.663108], [-76.75719, 0.663109], [-76.757182, 0.663113], [-76.757134, 0.663136], [-76.757118, 0.663144], [-76.757103, 0.663152], [-76.757076, 0.663166], [-76.757048, 0.663182], [-76.75702, 0.663198], [-76.75693, 0.663253], [-76.756912, 0.663263], [-76.75688, 0.663282], [-76.75685, 0.663299], [-76.756836, 0.663306], [-76.756821, 0.663314], [-76.75679, 0.663329], [-76.756759, 0.663344], [-76.756734, 0.663355], [-76.756716, 0.663363], [-76.756676, 0.663379], [-76.756641, 0.663394], [-76.75653, 0.663438], [-76.756461, 0.663466], [-76.756392, 0.663495], [-76.756259, 0.663552], [-76.756228, 0.663565], [-76.756133, 0.663604], [-76.756088, 0.663623], [-76.756002, 0.663659], [-76.755932, 0.66369], [-76.755903, 0.663702], [-76.755865, 0.663719], [-76.755838, 0.663732], [-76.755815, 0.663742], [-76.755774, 0.663762], [-76.755748, 0.663775], [-76.755715, 0.663792], [-76.755666, 0.663818], [-76.755642, 0.663831], [-76.755617, 0.663844], [-76.75555, 0.663883], [-76.755518, 0.663902], [-76.755455, 0.66394], [-76.755433, 0.663953], [-76.755318, 0.664026], [-76.755293, 0.664041], [-76.755194, 0.664102], [-76.755124, 0.664144], [-76.755117, 0.664148], [-76.755111, 0.664151], [-76.75501, 0.664194], [-76.754919, 0.664232], [-76.754856, 0.664257], [-76.754823, 0.664271], [-76.754778, 0.664288], [-76.754716, 0.664312], [-76.754674, 0.664328], [-76.754636, 0.664342], [-76.754534, 0.664382], [-76.754495, 0.664397], [-76.754441, 0.664416], [-76.754407, 0.664428], [-76.754375, 0.664439], [-76.754357, 0.664445], [-76.754312, 0.664459], [-76.754287, 0.664466], [-76.754251, 0.664476], [-76.754234, 0.66448], [-76.754203, 0.664487], [-76.754171, 0.664494], [-76.754155, 0.664497], [-76.754124, 0.664503], [-76.754108, 0.664506], [-76.754086, 0.664509], [-76.754041, 0.664515], [-76.75399, 0.664522], [-76.753902, 0.664532], [-76.753881, 0.664535], [-76.753862, 0.664537], [-76.753811, 0.664541], [-76.753792, 0.664543], [-76.753771, 0.664545], [-76.753735, 0.664547], [-76.753667, 0.664551], [-76.753554, 0.664557], [-76.753479, 0.664561], [-76.753451, 0.664562], [-76.753359, 0.664565], [-76.753253, 0.664568], [-76.753219, 0.66457], [-76.75312, 0.664572], [-76.752999, 0.664574], [-76.752899, 0.664576], [-76.752855, 0.664578], [-76.752792, 0.66458], [-76.752762, 0.664581], [-76.752698, 0.664583], [-76.752658, 0.664585], [-76.752618, 0.664587], [-76.752573, 0.66459], [-76.752537, 0.664593], [-76.752492, 0.664597], [-76.752464, 0.664599], [-76.752442, 0.664602], [-76.752379, 0.664609], [-76.752355, 0.664612], [-76.752338, 0.664615], [-76.752298, 0.66462], [-76.752246, 0.664628], [-76.752171, 0.66464], [-76.752133, 0.664647], [-76.752093, 0.664655], [-76.752031, 0.664667], [-76.751926, 0.664691], [-76.751884, 0.664701], [-76.751842, 0.664712], [-76.751821, 0.664717], [-76.751806, 0.664722], [-76.75176, 0.664734], [-76.751739, 0.66474], [-76.751706, 0.66475], [-76.751663, 0.664764], [-76.751639, 0.664771], [-76.75161, 0.66478], [-76.751565, 0.664795], [-76.751508, 0.664813], [-76.751398, 0.664847], [-76.751351, 0.664862], [-76.75122, 0.664903], [-76.75117, 0.664919], [-76.751124, 0.664935], [-76.751075, 0.664951], [-76.750996, 0.664979], [-76.750972, 0.664988], [-76.750966, 0.66499], [-76.75095, 0.664999], [-76.75093, 0.66501], [-76.750892, 0.665031], [-76.750835, 0.665064], [-76.750804, 0.665082], [-76.750761, 0.665108], [-76.750734, 0.665124], [-76.750708, 0.66514], [-76.750676, 0.66516], [-76.750622, 0.665194], [-76.750573, 0.665225], [-76.750524, 0.665257], [-76.750486, 0.665282], [-76.750453, 0.665303], [-76.750407, 0.665332], [-76.750324, 0.665384], [-76.750279, 0.665412], [-76.750248, 0.665433], [-76.750202, 0.665463], [-76.750158, 0.665493], [-76.750118, 0.665521], [-76.750095, 0.665537], [-76.750061, 0.665562], [-76.750015, 0.665596], [-76.749981, 0.665622], [-76.74996, 0.665638], [-76.749855, 0.665718], [-76.749834, 0.665735], [-76.749798, 0.665764], [-76.749752, 0.665799], [-76.749737, 0.665812], [-76.74971, 0.665834], [-76.749554, 0.665963], [-76.749516, 0.665995], [-76.749484, 0.666021], [-76.749387, 0.6661], [-76.749353, 0.666127], [-76.749329, 0.666146], [-76.749325, 0.666148], [-76.749321, 0.666151], [-76.749313, 0.666155], [-76.74931, 0.666157], [-76.749307, 0.666158], [-76.749295, 0.666163], [-76.749275, 0.66617], [-76.749271, 0.666172], [-76.749258, 0.666175], [-76.749212, 0.666186], [-76.749185, 0.666192], [-76.749172, 0.666195], [-76.749109, 0.666209], [-76.749048, 0.666223], [-76.748996, 0.666234], [-76.74879, 0.666282], [-76.748769, 0.666287], [-76.748746, 0.666293], [-76.748723, 0.666299], [-76.748691, 0.666308], [-76.74866, 0.666317], [-76.748635, 0.666324], [-76.748554, 0.666349], [-76.748492, 0.666368], [-76.748448, 0.666382], [-76.748404, 0.666396], [-76.748376, 0.666405], [-76.748353, 0.666413], [-76.748314, 0.666427], [-76.748172, 0.666477], [-76.748132, 0.666491], [-76.748092, 0.666506], [-76.748066, 0.666516], [-76.748008, 0.666538], [-76.747958, 0.666557], [-76.747925, 0.666569], [-76.747847, 0.6666], [-76.747763, 0.666632], [-76.747661, 0.666672], [-76.747561, 0.666711], [-76.747472, 0.666745], [-76.747427, 0.666762], [-76.747397, 0.666773], [-76.747381, 0.666779], [-76.747249, 0.666819], [-76.747185, 0.66684], [-76.747139, 0.666854], [-76.747135, 0.666855], [-76.747132, 0.666856], [-76.747102, 0.666862], [-76.747061, 0.66687], [-76.747029, 0.666875], [-76.746992, 0.666881], [-76.74692, 0.666892], [-76.746863, 0.666901], [-76.746832, 0.666905], [-76.746806, 0.666908], [-76.746794, 0.66691], [-76.746779, 0.666911], [-76.746752, 0.666914], [-76.746747, 0.666914], [-76.746741, 0.666914], [-76.746677, 0.666911], [-76.746618, 0.666908], [-76.7466, 0.666907], [-76.746593, 0.666906], [-76.746549, 0.666896], [-76.74648, 0.666881], [-76.746362, 0.666856], [-76.746293, 0.666842], [-76.746256, 0.666833], [-76.746225, 0.666826], [-76.746207, 0.666821], [-76.74618, 0.666813], [-76.746153, 0.666804], [-76.746121, 0.666794], [-76.746098, 0.666786], [-76.746022, 0.666763], [-76.746018, 0.666761], [-76.746013, 0.666759], [-76.745993, 0.66675], [-76.745973, 0.666741], [-76.745936, 0.666723], [-76.745931, 0.666721], [-76.745919, 0.666714], [-76.745912, 0.66671], [-76.745899, 0.666702], [-76.745877, 0.666687], [-76.745842, 0.666664], [-76.745819, 0.666647], [-76.745799, 0.666633], [-76.745764, 0.666608], [-76.745745, 0.666594], [-76.745736, 0.666586], [-76.745732, 0.666583], [-76.745707, 0.666556], [-76.745703, 0.666551], [-76.7457, 0.666548], [-76.745699, 0.666546], [-76.745696, 0.666542], [-76.745684, 0.666521], [-76.745676, 0.666508], [-76.745646, 0.666452], [-76.745598, 0.666365], [-76.745594, 0.666359], [-76.745592, 0.666355], [-76.745591, 0.666352], [-76.74559, 0.666349], [-76.745581, 0.666323], [-76.745561, 0.666259], [-76.745549, 0.66622], [-76.74553, 0.666156], [-76.745521, 0.666126], [-76.745517, 0.666115], [-76.745516, 0.666111], [-76.745515, 0.666108], [-76.745512, 0.666102], [-76.745498, 0.666078], [-76.745481, 0.666051], [-76.745479, 0.666047], [-76.745476, 0.666044], [-76.745466, 0.666031], [-76.745419, 0.665973], [-76.745404, 0.665955], [-76.745381, 0.665928], [-76.74536, 0.665904], [-76.745328, 0.665868], [-76.745316, 0.665855], [-76.745314, 0.665853], [-76.74531, 0.66585], [-76.745243, 0.665799], [-76.745225, 0.665786], [-76.745222, 0.665784], [-76.745215, 0.66578], [-76.745197, 0.66577], [-76.745184, 0.665763], [-76.745163, 0.665751], [-76.745161, 0.665751], [-76.745155, 0.665748], [-76.745134, 0.665741], [-76.745085, 0.665724], [-76.745046, 0.665711], [-76.745027, 0.665706], [-76.745024, 0.665705], [-76.745015, 0.665703], [-76.745007, 0.665702], [-76.744971, 0.665697], [-76.744938, 0.665694], [-76.744908, 0.665691], [-76.744878, 0.665688], [-76.744846, 0.665686], [-76.744832, 0.665686], [-76.744817, 0.665685], [-76.744787, 0.665685], [-76.744745, 0.665685], [-76.744738, 0.665685], [-76.744727, 0.665687], [-76.744709, 0.665689], [-76.744703, 0.665691], [-76.74468, 0.665697], [-76.744665, 0.665701], [-76.744649, 0.665706], [-76.744642, 0.665708], [-76.744638, 0.665709], [-76.744632, 0.665712], [-76.744576, 0.66574], [-76.744557, 0.66575], [-76.744512, 0.665775], [-76.744509, 0.665777], [-76.744505, 0.665779], [-76.744498, 0.665784], [-76.744457, 0.665817], [-76.744439, 0.665832], [-76.744412, 0.665854], [-76.744408, 0.665857], [-76.744403, 0.665862], [-76.744377, 0.665889], [-76.744338, 0.665928], [-76.744316, 0.665951], [-76.744298, 0.66597], [-76.744278, 0.66599], [-76.744257, 0.666013], [-76.74423, 0.666043], [-76.744192, 0.666085], [-76.74412, 0.666168], [-76.744092, 0.6662], [-76.743992, 0.666311], [-76.743928, 0.666382], [-76.743914, 0.666398], [-76.743882, 0.666432], [-76.743787, 0.666532], [-76.743736, 0.666586], [-76.743692, 0.666633], [-76.743625, 0.666707], [-76.743564, 0.666773], [-76.743543, 0.666795], [-76.743497, 0.666843], [-76.74347, 0.666869], [-76.743435, 0.666905], [-76.743393, 0.666946], [-76.743381, 0.666958], [-76.743314, 0.667022], [-76.743286, 0.667047], [-76.743273, 0.667058], [-76.743247, 0.667082], [-76.743224, 0.667102], [-76.743189, 0.667132], [-76.743169, 0.667149], [-76.74315, 0.667164], [-76.743117, 0.66719], [-76.743077, 0.667222], [-76.743031, 0.667258], [-76.742939, 0.667328], [-76.742881, 0.667374], [-76.742831, 0.667414], [-76.742803, 0.667437], [-76.742758, 0.667474], [-76.74272, 0.667505], [-76.742675, 0.667544], [-76.742638, 0.667577], [-76.742609, 0.667602], [-76.742579, 0.667629], [-76.74255, 0.667657], [-76.742524, 0.667682], [-76.742506, 0.6677], [-76.742491, 0.667715], [-76.742478, 0.667727], [-76.742465, 0.667741], [-76.742451, 0.667758], [-76.74244, 0.667771], [-76.74243, 0.667785], [-76.742423, 0.667794], [-76.742387, 0.667841], [-76.74237, 0.667865], [-76.742325, 0.667927], [-76.742304, 0.667956], [-76.742283, 0.667985], [-76.74224, 0.668044], [-76.742218, 0.668075], [-76.742191, 0.668114], [-76.742176, 0.668136], [-76.742162, 0.668158], [-76.742147, 0.66818], [-76.742144, 0.668186], [-76.74214, 0.668193], [-76.742125, 0.668223], [-76.742117, 0.668241], [-76.74211, 0.668258], [-76.742104, 0.668269], [-76.742089, 0.668305], [-76.742068, 0.668357], [-76.742054, 0.668392], [-76.742025, 0.668468], [-76.741979, 0.668591], [-76.741961, 0.66864], [-76.741951, 0.668667], [-76.741938, 0.668707], [-76.741918, 0.66877], [-76.74189, 0.668859], [-76.741871, 0.66892], [-76.741858, 0.668963], [-76.741849, 0.668993], [-76.74183, 0.669057], [-76.741829, 0.669062], [-76.741827, 0.669065], [-76.741825, 0.669071], [-76.741823, 0.669074], [-76.741787, 0.669135], [-76.74176, 0.66918], [-76.741699, 0.669278], [-76.741688, 0.669297], [-76.741666, 0.669334], [-76.741664, 0.669338], [-76.741662, 0.669342], [-76.741657, 0.669347], [-76.741644, 0.669362], [-76.741632, 0.669375], [-76.74162, 0.669387], [-76.741608, 0.6694], [-76.741533, 0.669476], [-76.741461, 0.66955], [-76.741453, 0.669558], [-76.74145, 0.669561], [-76.741445, 0.669566], [-76.741441, 0.669569], [-76.741437, 0.669571], [-76.741434, 0.669573], [-76.741431, 0.669575], [-76.741393, 0.669596], [-76.741376, 0.669605], [-76.741356, 0.669617], [-76.741319, 0.669638], [-76.741284, 0.669658], [-76.741247, 0.669678], [-76.74124, 0.669682], [-76.741237, 0.669684], [-76.741233, 0.669685], [-76.741222, 0.66969], [-76.741203, 0.669697], [-76.741182, 0.669705], [-76.741142, 0.669719], [-76.741121, 0.669727], [-76.7411, 0.669734], [-76.740995, 0.669769], [-76.74099, 0.66977], [-76.740985, 0.669772], [-76.740935, 0.669783], [-76.740928, 0.669785], [-76.740924, 0.669785], [-76.740854, 0.669789], [-76.740797, 0.669792], [-76.740723, 0.669796], [-76.740714, 0.669796], [-76.740708, 0.669795], [-76.740678, 0.66979], [-76.740675, 0.669789], [-76.740668, 0.669788], [-76.740662, 0.669785], [-76.740632, 0.669771], [-76.740618, 0.669765], [-76.740594, 0.669753], [-76.740569, 0.66974], [-76.740555, 0.669732], [-76.740521, 0.669713], [-76.740496, 0.669699], [-76.740441, 0.669666], [-76.740389, 0.669634], [-76.740382, 0.669629], [-76.740377, 0.669625], [-76.740338, 0.669592], [-76.7403, 0.669562], [-76.74023, 0.669505], [-76.740204, 0.669483], [-76.740188, 0.66947], [-76.740174, 0.669457], [-76.740147, 0.669433], [-76.740047, 0.669339], [-76.739957, 0.669256], [-76.739861, 0.669169], [-76.739845, 0.669154], [-76.739813, 0.669124], [-76.739795, 0.669108], [-76.739755, 0.669069], [-76.739691, 0.669005], [-76.739659, 0.668973], [-76.739584, 0.668897], [-76.739571, 0.668884], [-76.739556, 0.66887], [-76.73954, 0.668854], [-76.739522, 0.668837], [-76.739476, 0.668795], [-76.739437, 0.668758], [-76.739375, 0.6687], [-76.739341, 0.668667], [-76.739316, 0.668643], [-76.739282, 0.66861], [-76.739246, 0.668575], [-76.739191, 0.668518], [-76.739103, 0.668428], [-76.739004, 0.668326], [-76.738994, 0.668316], [-76.738988, 0.668311], [-76.738962, 0.66829], [-76.738957, 0.668286], [-76.738954, 0.668284], [-76.738949, 0.668282], [-76.73894, 0.668276], [-76.738925, 0.668268], [-76.738912, 0.668261], [-76.738902, 0.668255], [-76.738898, 0.668253], [-76.738894, 0.668252], [-76.73886, 0.66824], [-76.738835, 0.668231], [-76.738816, 0.668225], [-76.73881, 0.668223], [-76.738805, 0.668221], [-76.738801, 0.66822], [-76.738793, 0.668219], [-76.738779, 0.668217], [-76.738762, 0.668215], [-76.738673, 0.668206], [-76.738633, 0.668201], [-76.738602, 0.668198], [-76.738592, 0.668197], [-76.738586, 0.668198], [-76.738582, 0.668198], [-76.738576, 0.668199], [-76.738469, 0.668225], [-76.738399, 0.668242], [-76.738348, 0.668254], [-76.73832, 0.668261], [-76.738295, 0.668267], [-76.738243, 0.66828], [-76.738205, 0.668291], [-76.738175, 0.668299], [-76.738134, 0.668312], [-76.738107, 0.66832], [-76.738076, 0.66833], [-76.738041, 0.668342], [-76.737982, 0.668362], [-76.737943, 0.668375], [-76.737906, 0.668388], [-76.737885, 0.668396], [-76.737843, 0.668412], [-76.737826, 0.668419], [-76.73781, 0.668425], [-76.737803, 0.668429], [-76.737799, 0.668431], [-76.737788, 0.668437], [-76.737749, 0.66846], [-76.737728, 0.668473], [-76.737678, 0.668504], [-76.737647, 0.668523], [-76.737584, 0.668563], [-76.737536, 0.668593], [-76.737495, 0.668621], [-76.737483, 0.668629], [-76.73748, 0.668631], [-76.737477, 0.668634], [-76.737457, 0.668654], [-76.737423, 0.668689], [-76.737389, 0.668725], [-76.737358, 0.668757], [-76.737336, 0.668781], [-76.737312, 0.668807], [-76.737295, 0.668826], [-76.737292, 0.66883], [-76.73729, 0.668833], [-76.73727, 0.668861], [-76.737258, 0.668879], [-76.737241, 0.668903], [-76.737221, 0.668934], [-76.737203, 0.668963], [-76.737186, 0.668991], [-76.737166, 0.669027], [-76.737155, 0.669046], [-76.737136, 0.66908], [-76.73712, 0.66911], [-76.737098, 0.669151], [-76.737039, 0.669263], [-76.73701, 0.669316], [-76.736985, 0.669362], [-76.736964, 0.6694], [-76.736952, 0.669421], [-76.736928, 0.669462], [-76.736915, 0.669484], [-76.736892, 0.669521], [-76.736889, 0.669526], [-76.736886, 0.66953], [-76.736883, 0.669534], [-76.73688, 0.669539], [-76.736863, 0.669556], [-76.736839, 0.669582], [-76.736815, 0.669607], [-76.736811, 0.66961], [-76.736805, 0.669615], [-76.736801, 0.669617], [-76.73676, 0.669643], [-76.736737, 0.669657], [-76.736644, 0.669716], [-76.736635, 0.669722], [-76.736631, 0.669724], [-76.736624, 0.669727], [-76.736621, 0.669729], [-76.736618, 0.66973], [-76.736611, 0.669732], [-76.736557, 0.669743], [-76.736491, 0.669757], [-76.73647, 0.669762], [-76.73645, 0.669765], [-76.736423, 0.66977], [-76.736415, 0.669772], [-76.736408, 0.669772], [-76.736401, 0.669772], [-76.736388, 0.669771], [-76.736358, 0.669767], [-76.736312, 0.669762], [-76.736281, 0.669758], [-76.736166, 0.669742], [-76.736114, 0.669735], [-76.736062, 0.669727], [-76.736045, 0.669725], [-76.736041, 0.669725], [-76.736034, 0.669724], [-76.736029, 0.669724], [-76.736014, 0.669725], [-76.735984, 0.669726], [-76.735979, 0.669726], [-76.735972, 0.669727], [-76.735968, 0.669728], [-76.735963, 0.669729], [-76.735929, 0.669738], [-76.735885, 0.669749], [-76.735843, 0.669761], [-76.735799, 0.669774], [-76.735634, 0.669824], [-76.735519, 0.669859], [-76.735481, 0.669871], [-76.735368, 0.669907], [-76.735262, 0.66994], [-76.735226, 0.669951], [-76.73513, 0.669978], [-76.735114, 0.669983], [-76.735079, 0.669994], [-76.735046, 0.670005], [-76.735016, 0.670016], [-76.734975, 0.670031], [-76.734937, 0.670045], [-76.734888, 0.670064], [-76.734741, 0.670121], [-76.734699, 0.670138], [-76.734618, 0.670171], [-76.734598, 0.670179], [-76.734562, 0.670192], [-76.734526, 0.670205], [-76.734484, 0.670219], [-76.734431, 0.670236], [-76.734401, 0.670245], [-76.73436, 0.670257], [-76.734323, 0.670268], [-76.734302, 0.670274], [-76.734262, 0.670284], [-76.734234, 0.670291], [-76.734216, 0.670295], [-76.734199, 0.670299], [-76.734196, 0.670299], [-76.734189, 0.6703], [-76.734185, 0.6703], [-76.734182, 0.6703], [-76.734173, 0.6703], [-76.734119, 0.670298], [-76.73408, 0.670296], [-76.734003, 0.670293], [-76.733931, 0.670289], [-76.733892, 0.670287], [-76.733853, 0.670284], [-76.733807, 0.670281], [-76.733743, 0.670275], [-76.733677, 0.670269], [-76.733535, 0.670255], [-76.733479, 0.670249], [-76.733451, 0.670246], [-76.733418, 0.670242], [-76.733386, 0.670237], [-76.733368, 0.670234], [-76.733347, 0.67023], [-76.733326, 0.670226], [-76.733276, 0.670216], [-76.733242, 0.670209], [-76.733138, 0.670185], [-76.733088, 0.670174], [-76.732996, 0.67015], [-76.73293, 0.670133], [-76.732868, 0.670119], [-76.732854, 0.670115], [-76.732845, 0.670112], [-76.732784, 0.670093], [-76.732745, 0.670081], [-76.732661, 0.670053], [-76.732619, 0.670039], [-76.732586, 0.670029], [-76.732482, 0.669997], [-76.732437, 0.669982], [-76.732406, 0.669972], [-76.732398, 0.66997], [-76.732394, 0.669969], [-76.732373, 0.669965], [-76.732355, 0.669961], [-76.732292, 0.669946], [-76.732127, 0.669905], [-76.732072, 0.669891], [-76.732012, 0.669875], [-76.731931, 0.669854], [-76.731905, 0.669847], [-76.731868, 0.669838], [-76.731805, 0.669823], [-76.731759, 0.669812], [-76.73167, 0.669789], [-76.731604, 0.669772], [-76.731563, 0.669762], [-76.731511, 0.669749], [-76.731486, 0.669744], [-76.731449, 0.669734], [-76.731387, 0.669717], [-76.731237, 0.669678], [-76.731176, 0.669662], [-76.731105, 0.669644], [-76.731017, 0.669622], [-76.730978, 0.669613], [-76.730826, 0.669578], [-76.730731, 0.669557], [-76.730557, 0.66952], [-76.730508, 0.66951], [-76.730463, 0.669501], [-76.73042, 0.669492], [-76.730378, 0.669485], [-76.730355, 0.669481], [-76.730331, 0.669477], [-76.7303, 0.669473], [-76.730245, 0.669466], [-76.730197, 0.669461], [-76.730175, 0.669459], [-76.730116, 0.669454], [-76.730084, 0.669452], [-76.730068, 0.66945], [-76.730017, 0.669447], [-76.729973, 0.669444], [-76.729929, 0.669441], [-76.729882, 0.669436], [-76.729849, 0.669433], [-76.729816, 0.669429], [-76.729779, 0.669424], [-76.729756, 0.66942], [-76.72971, 0.669413], [-76.729601, 0.669394], [-76.729478, 0.669371], [-76.729387, 0.669352], [-76.729333, 0.669341], [-76.729222, 0.669316], [-76.729129, 0.669296], [-76.729039, 0.669276], [-76.728995, 0.669267], [-76.728967, 0.669261], [-76.728897, 0.669247], [-76.728849, 0.669238], [-76.728814, 0.66923], [-76.728759, 0.669218], [-76.728716, 0.669209], [-76.728688, 0.669202], [-76.72865, 0.669193], [-76.728614, 0.669184], [-76.728588, 0.669177], [-76.728535, 0.669164], [-76.728471, 0.669146], [-76.728432, 0.669136], [-76.728402, 0.669127], [-76.728379, 0.66912], [-76.728343, 0.669109], [-76.728324, 0.669103], [-76.728223, 0.669068], [-76.728175, 0.669052], [-76.728138, 0.669039], [-76.728109, 0.669029], [-76.728072, 0.669015], [-76.72805, 0.669006], [-76.728019, 0.668994], [-76.727983, 0.668979], [-76.727947, 0.668963], [-76.727921, 0.668952], [-76.727816, 0.668906], [-76.727756, 0.668879], [-76.727735, 0.668869], [-76.727704, 0.668854], [-76.727596, 0.668801], [-76.727509, 0.668757], [-76.72747, 0.668738], [-76.727348, 0.668679], [-76.727237, 0.668626], [-76.727176, 0.668597], [-76.727138, 0.668578], [-76.727039, 0.668529], [-76.726988, 0.668504], [-76.726961, 0.66849], [-76.726872, 0.668447], [-76.726799, 0.668411], [-76.726743, 0.668384], [-76.726702, 0.668364], [-76.726668, 0.668348], [-76.726583, 0.668309], [-76.726346, 0.6682], [-76.72629, 0.668176], [-76.726234, 0.668151], [-76.726176, 0.668127], [-76.726076, 0.668084], [-76.726023, 0.668062], [-76.725942, 0.668026], [-76.725924, 0.668018], [-76.725895, 0.668006], [-76.725846, 0.667983], [-76.72581, 0.667966], [-76.725771, 0.667947], [-76.725749, 0.667936], [-76.725709, 0.667917], [-76.725653, 0.667889], [-76.725626, 0.667876], [-76.725525, 0.667825], [-76.725377, 0.66775], [-76.725348, 0.667736], [-76.725319, 0.667722], [-76.725307, 0.667717], [-76.725277, 0.667704], [-76.725257, 0.667696], [-76.725243, 0.66769], [-76.725115, 0.667641], [-76.725081, 0.667628], [-76.725035, 0.667611], [-76.725028, 0.667609], [-76.724992, 0.667601], [-76.724926, 0.667585], [-76.724877, 0.667574], [-76.724838, 0.667565], [-76.724821, 0.667562], [-76.724791, 0.667556], [-76.724761, 0.667551], [-76.724731, 0.667547], [-76.724696, 0.667543], [-76.724677, 0.66754], [-76.724482, 0.667521], [-76.724334, 0.667505], [-76.724228, 0.667494], [-76.724065, 0.667475], [-76.724002, 0.667468], [-76.723918, 0.66746], [-76.723855, 0.667454], [-76.723749, 0.667444], [-76.723679, 0.667437], [-76.723628, 0.667432], [-76.723587, 0.667427], [-76.723545, 0.667422], [-76.723526, 0.667419], [-76.723518, 0.667418], [-76.723509, 0.667416], [-76.723449, 0.667401], [-76.723415, 0.667392], [-76.723408, 0.66739], [-76.723366, 0.667373], [-76.723355, 0.667368], [-76.723352, 0.667366], [-76.723348, 0.667364], [-76.723303, 0.667335], [-76.723266, 0.667311], [-76.723225, 0.667286], [-76.723153, 0.667242], [-76.723102, 0.66721], [-76.72307, 0.667189], [-76.723055, 0.667179], [-76.723034, 0.667165], [-76.722998, 0.667141], [-76.722965, 0.667118], [-76.722931, 0.667092], [-76.722853, 0.667034], [-76.722817, 0.667008], [-76.722778, 0.66698], [-76.722759, 0.666967], [-76.72272, 0.666939], [-76.722678, 0.66691], [-76.722607, 0.666862], [-76.722605, 0.66686], [-76.722573, 0.666833], [-76.722551, 0.666813], [-76.722377, 0.66666], [-76.722305, 0.666596], [-76.722212, 0.666514], [-76.722152, 0.666461], [-76.722111, 0.666425], [-76.722087, 0.666403], [-76.722065, 0.666383], [-76.72204, 0.666358], [-76.722007, 0.666327], [-76.721988, 0.666308], [-76.721924, 0.666245], [-76.721884, 0.666205], [-76.721786, 0.666111], [-76.721709, 0.666037], [-76.721686, 0.666015], [-76.721661, 0.66599], [-76.721642, 0.665971], [-76.721614, 0.665942], [-76.7215, 0.665827], [-76.721449, 0.665776], [-76.721395, 0.665721], [-76.721305, 0.665629], [-76.721287, 0.665611], [-76.721268, 0.665592], [-76.721248, 0.665573], [-76.72121, 0.665537], [-76.721186, 0.665514], [-76.721171, 0.665501], [-76.721158, 0.66549], [-76.721147, 0.665481], [-76.721128, 0.665465], [-76.721123, 0.665461], [-76.721119, 0.665458], [-76.721114, 0.665455], [-76.721104, 0.665448], [-76.721002, 0.665387], [-76.720897, 0.665325], [-76.720845, 0.665294], [-76.720808, 0.665271], [-76.720778, 0.665253], [-76.720748, 0.665234], [-76.720706, 0.665207], [-76.720651, 0.665172], [-76.720621, 0.665153], [-76.720568, 0.665118], [-76.720475, 0.665057], [-76.720471, 0.665054], [-76.720467, 0.665052], [-76.72043, 0.665021], [-76.720397, 0.664994], [-76.720365, 0.664968], [-76.720343, 0.664951], [-76.72031, 0.664926], [-76.720256, 0.664885], [-76.720219, 0.664856], [-76.720215, 0.664853], [-76.720212, 0.664851], [-76.720166, 0.664806], [-76.720145, 0.664785], [-76.720108, 0.664749], [-76.720094, 0.664734], [-76.720079, 0.664719], [-76.720047, 0.664684], [-76.719981, 0.664612], [-76.719942, 0.66457], [-76.719917, 0.664544], [-76.719875, 0.664499], [-76.719847, 0.66447], [-76.719841, 0.664463], [-76.719838, 0.664459], [-76.719836, 0.664456], [-76.719818, 0.664427], [-76.719816, 0.664424], [-76.719815, 0.66442], [-76.719797, 0.664382], [-76.719796, 0.664378], [-76.719793, 0.664371], [-76.719792, 0.664367], [-76.719761, 0.664234], [-76.719747, 0.664172], [-76.719737, 0.664128], [-76.719729, 0.664088], [-76.719724, 0.664061], [-76.719723, 0.664054], [-76.719723, 0.66405], [-76.719722, 0.664041], [-76.719723, 0.664034], [-76.719733, 0.663959], [-76.71974, 0.663906], [-76.719743, 0.663887], [-76.719748, 0.663859], [-76.719753, 0.663827], [-76.719774, 0.663712], [-76.719778, 0.663691], [-76.719781, 0.663669], [-76.719784, 0.66365], [-76.719789, 0.663615], [-76.719794, 0.663583], [-76.719796, 0.663559], [-76.719798, 0.663544], [-76.7198, 0.663517], [-76.719801, 0.6635], [-76.719801, 0.663492], [-76.7198, 0.663476], [-76.719799, 0.663467], [-76.719796, 0.663441], [-76.719792, 0.663415], [-76.71979, 0.663406], [-76.719789, 0.663401], [-76.719787, 0.663392], [-76.719783, 0.663384], [-76.71978, 0.663376], [-76.719775, 0.663368], [-76.71976, 0.663339], [-76.719749, 0.66332], [-76.719728, 0.663283], [-76.71972, 0.663269], [-76.719714, 0.663259], [-76.71971, 0.663254], [-76.719707, 0.66325], [-76.719703, 0.663245], [-76.71969, 0.663231], [-76.719671, 0.663208], [-76.71966, 0.663196], [-76.719652, 0.663187], [-76.719626, 0.66316], [-76.719602, 0.663135], [-76.719581, 0.663112], [-76.719535, 0.663066], [-76.719532, 0.663064], [-76.71953, 0.663061], [-76.719527, 0.663059], [-76.7195, 0.663041], [-76.719458, 0.663014], [-76.719434, 0.663], [-76.719432, 0.662998], [-76.719427, 0.662997], [-76.719405, 0.66299], [-76.719371, 0.662981], [-76.719322, 0.662969], [-76.719297, 0.662962], [-76.719255, 0.662952], [-76.719135, 0.66292], [-76.719091, 0.662909], [-76.71903, 0.662892], [-76.718983, 0.662878], [-76.718941, 0.662864], [-76.718889, 0.662848], [-76.718794, 0.662817], [-76.718757, 0.662805], [-76.718721, 0.662794], [-76.718687, 0.662785], [-76.718671, 0.66278], [-76.718657, 0.662777], [-76.718638, 0.662772], [-76.718605, 0.662765], [-76.718587, 0.662761], [-76.71856, 0.662755], [-76.718529, 0.662749], [-76.718509, 0.662746], [-76.718498, 0.662744], [-76.718492, 0.662744], [-76.718489, 0.662744], [-76.718409, 0.662748], [-76.718348, 0.662751], [-76.718307, 0.662754], [-76.718265, 0.662758], [-76.718222, 0.662762], [-76.718179, 0.662766], [-76.718133, 0.662772], [-76.718028, 0.662783], [-76.717979, 0.662788], [-76.717962, 0.662789], [-76.717945, 0.66279], [-76.717937, 0.66279], [-76.71791, 0.662788], [-76.717846, 0.662782], [-76.717806, 0.662778], [-76.717698, 0.662765], [-76.717631, 0.662756], [-76.717574, 0.662748], [-76.717564, 0.662747], [-76.71756, 0.662746], [-76.717465, 0.662721], [-76.717416, 0.662708], [-76.717382, 0.662698], [-76.717332, 0.662684], [-76.717301, 0.662674], [-76.717273, 0.662666], [-76.717223, 0.662648], [-76.717192, 0.662637], [-76.717146, 0.662622], [-76.717078, 0.662599], [-76.717054, 0.662591], [-76.71705, 0.662589], [-76.717041, 0.662585], [-76.717017, 0.662574], [-76.716998, 0.662564], [-76.716994, 0.662562], [-76.716991, 0.66256], [-76.716936, 0.662522], [-76.716923, 0.662513], [-76.716866, 0.662476], [-76.716815, 0.662443], [-76.716773, 0.662415], [-76.716757, 0.662404], [-76.716743, 0.662394], [-76.716729, 0.662384], [-76.716705, 0.662365], [-76.716672, 0.662338], [-76.716647, 0.662317], [-76.716573, 0.662254], [-76.716548, 0.662233], [-76.716544, 0.662229], [-76.716526, 0.662212], [-76.716497, 0.662185], [-76.716493, 0.662181], [-76.716457, 0.662141], [-76.716397, 0.662076], [-76.716258, 0.661928], [-76.71617, 0.661834], [-76.71612, 0.661779], [-76.716103, 0.661761], [-76.716067, 0.661723], [-76.716052, 0.661707], [-76.71604, 0.661694], [-76.716031, 0.661684], [-76.716018, 0.66167], [-76.715998, 0.661646], [-76.715927, 0.661562], [-76.715911, 0.661544], [-76.715908, 0.661539], [-76.715905, 0.661536], [-76.715903, 0.661533], [-76.715895, 0.661519], [-76.715884, 0.661502], [-76.715852, 0.661449], [-76.715833, 0.661418], [-76.715825, 0.661406], [-76.715802, 0.661371], [-76.71579, 0.661353], [-76.715761, 0.661307], [-76.715751, 0.661293], [-76.715737, 0.661271], [-76.715723, 0.661252], [-76.715715, 0.661241], [-76.715706, 0.66123], [-76.715686, 0.661204], [-76.715646, 0.661157], [-76.715624, 0.661129], [-76.715609, 0.66111], [-76.715591, 0.661086], [-76.715575, 0.661062], [-76.71556, 0.661041], [-76.715546, 0.66102], [-76.715532, 0.660997], [-76.715453, 0.660875], [-76.71545, 0.66087], [-76.715445, 0.660865], [-76.715393, 0.660806], [-76.715377, 0.660789], [-76.715374, 0.660786], [-76.715369, 0.660782], [-76.715354, 0.660769], [-76.715334, 0.660752], [-76.715331, 0.660751], [-76.715328, 0.660749], [-76.715318, 0.660742], [-76.715296, 0.66073], [-76.715274, 0.660718], [-76.715262, 0.660712], [-76.715244, 0.660703], [-76.71524, 0.660701], [-76.715234, 0.660699], [-76.715221, 0.660696], [-76.715214, 0.660694], [-76.71518, 0.660687], [-76.715157, 0.660682], [-76.715095, 0.660671], [-76.715067, 0.660665], [-76.71504, 0.660659], [-76.714989, 0.660647], [-76.714986, 0.660646], [-76.714982, 0.660646], [-76.714979, 0.660645], [-76.714937, 0.660641], [-76.714876, 0.660635], [-76.714829, 0.66063], [-76.71481, 0.660628], [-76.71479, 0.660627], [-76.714766, 0.660626], [-76.714749, 0.660626], [-76.714715, 0.660625], [-76.714674, 0.660625], [-76.714629, 0.660626], [-76.714552, 0.660628], [-76.714493, 0.660634], [-76.714428, 0.660639], [-76.714394, 0.660642], [-76.714288, 0.660649], [-76.714256, 0.660652], [-76.714225, 0.660655], [-76.714168, 0.66066], [-76.714151, 0.660662], [-76.71409, 0.660667], [-76.714062, 0.66067], [-76.714039, 0.660673], [-76.714018, 0.660676], [-76.714004, 0.660679], [-76.713968, 0.660686], [-76.713928, 0.660694], [-76.713859, 0.660709], [-76.713801, 0.660722], [-76.713719, 0.660742], [-76.713675, 0.660753], [-76.713644, 0.66076], [-76.713603, 0.660771], [-76.713556, 0.660784], [-76.713532, 0.66079], [-76.713414, 0.660824], [-76.713344, 0.660844], [-76.713318, 0.660851], [-76.713236, 0.660876], [-76.713197, 0.660888], [-76.713168, 0.660896], [-76.71315, 0.6609], [-76.713122, 0.660908], [-76.713107, 0.660911], [-76.713079, 0.660917], [-76.713053, 0.660923], [-76.713018, 0.660929], [-76.712978, 0.660935], [-76.71289, 0.660948], [-76.712846, 0.660955], [-76.712842, 0.660955], [-76.71281, 0.660958], [-76.712795, 0.660959], [-76.712788, 0.660959], [-76.712784, 0.660959], [-76.712751, 0.660956], [-76.712718, 0.660953], [-76.71271, 0.660953], [-76.712681, 0.660947], [-76.712651, 0.660942], [-76.712642, 0.660939], [-76.712631, 0.660936], [-76.712624, 0.660933], [-76.712604, 0.660924], [-76.712581, 0.660913], [-76.712576, 0.66091], [-76.712572, 0.660908], [-76.712569, 0.660906], [-76.712553, 0.660896], [-76.712511, 0.660869], [-76.712493, 0.660858], [-76.712485, 0.660853], [-76.712482, 0.660851], [-76.712479, 0.660848], [-76.712476, 0.660846], [-76.712456, 0.660827], [-76.712416, 0.660787], [-76.712405, 0.660776], [-76.712402, 0.660773], [-76.712399, 0.66077], [-76.712396, 0.660767], [-76.712378, 0.660742], [-76.712376, 0.660739], [-76.712374, 0.660736], [-76.712369, 0.660726], [-76.712351, 0.660691], [-76.712348, 0.660683], [-76.712346, 0.660679], [-76.712345, 0.660673], [-76.712339, 0.660648], [-76.712323, 0.66058], [-76.712316, 0.660551], [-76.712307, 0.660508], [-76.712298, 0.660465], [-76.712283, 0.660388], [-76.712283, 0.660386], [-76.712282, 0.660378], [-76.712282, 0.660371], [-76.712284, 0.660356], [-76.712286, 0.660331], [-76.712287, 0.660323], [-76.712288, 0.660318], [-76.712301, 0.660256], [-76.712311, 0.660212], [-76.712318, 0.660181], [-76.712327, 0.660151], [-76.712336, 0.660119], [-76.71234, 0.660104], [-76.712348, 0.66008], [-76.712362, 0.660039], [-76.712385, 0.659972], [-76.712402, 0.659923], [-76.712429, 0.659841], [-76.712446, 0.659793], [-76.712453, 0.65977], [-76.712464, 0.659737], [-76.712474, 0.659705], [-76.712478, 0.659688], [-76.71249, 0.659647], [-76.712499, 0.659613], [-76.712522, 0.659525], [-76.712533, 0.659484], [-76.712534, 0.659477], [-76.712535, 0.659473], [-76.712538, 0.659437], [-76.71254, 0.659415], [-76.712541, 0.659407], [-76.712541, 0.659304], [-76.712541, 0.659263], [-76.71254, 0.659197], [-76.712539, 0.659174], [-76.712538, 0.659154], [-76.712538, 0.659147], [-76.712536, 0.65914], [-76.71253, 0.659111], [-76.712522, 0.659072], [-76.712514, 0.659036], [-76.712509, 0.659012], [-76.712497, 0.658962], [-76.712489, 0.658932], [-76.712483, 0.65891], [-76.712475, 0.658881], [-76.712466, 0.65885], [-76.712455, 0.658811], [-76.712449, 0.658792], [-76.712445, 0.658777], [-76.712443, 0.658774], [-76.712442, 0.658771], [-76.712438, 0.658764], [-76.712371, 0.658653], [-76.712342, 0.658604], [-76.712328, 0.658582], [-76.712317, 0.658564], [-76.712309, 0.658552], [-76.712285, 0.658516], [-76.712254, 0.658472], [-76.712244, 0.658458], [-76.712242, 0.658454], [-76.712239, 0.658451], [-76.712237, 0.658449], [-76.712232, 0.658444], [-76.712219, 0.658432], [-76.712205, 0.658419], [-76.712178, 0.658395], [-76.712155, 0.658375], [-76.712126, 0.65835], [-76.712101, 0.65833], [-76.712078, 0.658311], [-76.712045, 0.658286], [-76.712018, 0.658265], [-76.712006, 0.658257], [-76.711992, 0.658247], [-76.711965, 0.658228], [-76.71195, 0.658219], [-76.711935, 0.658209], [-76.711901, 0.658188], [-76.711875, 0.658172], [-76.71182, 0.65814], [-76.711718, 0.658081], [-76.711673, 0.658054], [-76.71163, 0.658028], [-76.711551, 0.65798], [-76.711517, 0.657959], [-76.711475, 0.657935], [-76.711439, 0.657914], [-76.711417, 0.657901], [-76.711377, 0.65788], [-76.711351, 0.657866], [-76.711323, 0.657851], [-76.711308, 0.657844], [-76.711276, 0.657828], [-76.711252, 0.657817], [-76.711225, 0.657805], [-76.711182, 0.657786], [-76.711155, 0.657774], [-76.711096, 0.65775], [-76.711021, 0.657719], [-76.710899, 0.657668], [-76.710852, 0.657649], [-76.710793, 0.657623], [-76.710705, 0.657583], [-76.710676, 0.657571], [-76.710646, 0.657558], [-76.710628, 0.657551], [-76.710597, 0.657539], [-76.710582, 0.657534], [-76.710549, 0.657522], [-76.710532, 0.657516], [-76.71044, 0.657488], [-76.71037, 0.657468], [-76.710322, 0.657454], [-76.710319, 0.657453], [-76.710315, 0.657452], [-76.710305, 0.657448], [-76.710263, 0.657431], [-76.710259, 0.657429], [-76.710253, 0.657426], [-76.710234, 0.657413], [-76.710218, 0.657402], [-76.710204, 0.657392], [-76.710176, 0.657373], [-76.710171, 0.657369], [-76.710168, 0.657366], [-76.710165, 0.657363], [-76.710162, 0.657361], [-76.710153, 0.65735], [-76.710082, 0.657268], [-76.710024, 0.6572], [-76.709999, 0.657171], [-76.709996, 0.657167], [-76.709994, 0.657164], [-76.709991, 0.657161], [-76.70995, 0.657093], [-76.709928, 0.657054], [-76.709908, 0.65702], [-76.709896, 0.656999], [-76.709878, 0.656964], [-76.709868, 0.656946], [-76.709859, 0.656928], [-76.709843, 0.656895], [-76.709829, 0.656866], [-76.709816, 0.656839], [-76.7098, 0.656804], [-76.709793, 0.656789], [-76.709766, 0.656728], [-76.709756, 0.656704], [-76.709746, 0.65668], [-76.70973, 0.656639], [-76.709715, 0.6566], [-76.709709, 0.656586], [-76.709707, 0.65658], [-76.709705, 0.656572], [-76.7097, 0.656553], [-76.709688, 0.656493], [-76.709675, 0.656424], [-76.709663, 0.656361], [-76.709645, 0.656271], [-76.709626, 0.656172], [-76.709618, 0.656135], [-76.70961, 0.656097], [-76.709598, 0.656046], [-76.709597, 0.656042], [-76.709596, 0.656038], [-76.709593, 0.65603], [-76.709588, 0.656019], [-76.709559, 0.655949], [-76.709532, 0.655889], [-76.709518, 0.655858], [-76.709507, 0.655832], [-76.709485, 0.655787], [-76.709461, 0.655737], [-76.709443, 0.655699], [-76.70942, 0.655652], [-76.709407, 0.655626], [-76.709387, 0.655585], [-76.709385, 0.655581], [-76.709384, 0.655578], [-76.709382, 0.655575], [-76.70938, 0.655573], [-76.709336, 0.655516], [-76.709309, 0.655481], [-76.70923, 0.655376], [-76.709205, 0.655343], [-76.709187, 0.65532], [-76.709169, 0.655298], [-76.709151, 0.655276], [-76.709122, 0.65524], [-76.709099, 0.655214], [-76.70907, 0.65518], [-76.709052, 0.655161], [-76.709032, 0.655137], [-76.709018, 0.655123], [-76.708957, 0.655057], [-76.708921, 0.655019], [-76.708878, 0.654976], [-76.708863, 0.65496], [-76.708841, 0.654939], [-76.708817, 0.654916], [-76.708802, 0.654902], [-76.708778, 0.654881], [-76.708762, 0.654866], [-76.708742, 0.654849], [-76.708704, 0.654817], [-76.708701, 0.654815], [-76.708698, 0.654813], [-76.708651, 0.654783], [-76.708645, 0.654779], [-76.708642, 0.654777], [-76.708639, 0.654776], [-76.708619, 0.654768], [-76.70858, 0.654751], [-76.708549, 0.654739], [-76.708526, 0.65473], [-76.708501, 0.654722], [-76.708482, 0.654715], [-76.708438, 0.6547], [-76.708324, 0.654663], [-76.708302, 0.654656], [-76.708275, 0.654646], [-76.708244, 0.654635], [-76.708216, 0.654624], [-76.708201, 0.654618], [-76.708175, 0.654607], [-76.708123, 0.654583], [-76.708049, 0.65455], [-76.708044, 0.654547], [-76.708041, 0.654546], [-76.708035, 0.654542], [-76.708026, 0.654535], [-76.707968, 0.654493], [-76.707925, 0.654461], [-76.70792, 0.654457], [-76.707917, 0.654455], [-76.707914, 0.654452], [-76.707911, 0.654449], [-76.707908, 0.654446], [-76.707906, 0.654443], [-76.707882, 0.65441], [-76.707866, 0.654387], [-76.707858, 0.654375], [-76.707843, 0.654354], [-76.707831, 0.654335], [-76.707813, 0.654308], [-76.707804, 0.654293], [-76.707779, 0.654253], [-76.707749, 0.654204], [-76.707735, 0.654179], [-76.707721, 0.654155], [-76.707708, 0.654132], [-76.707695, 0.654107], [-76.707674, 0.654069], [-76.707645, 0.654013], [-76.707625, 0.653974], [-76.707591, 0.653909], [-76.707563, 0.653853], [-76.707532, 0.653791], [-76.707511, 0.653746], [-76.707487, 0.653698], [-76.707468, 0.65366], [-76.70746, 0.653644], [-76.707416, 0.653558], [-76.707376, 0.653482], [-76.707361, 0.653452], [-76.707291, 0.653317], [-76.707269, 0.653273], [-76.707251, 0.653241], [-76.707244, 0.653228], [-76.707239, 0.653218], [-76.707224, 0.653193], [-76.707195, 0.653143], [-76.707181, 0.65312], [-76.707176, 0.65311], [-76.707149, 0.65306], [-76.707142, 0.653047], [-76.707137, 0.653039], [-76.707128, 0.65302], [-76.707126, 0.653014], [-76.70712, 0.652994], [-76.707109, 0.652957], [-76.707093, 0.652905], [-76.707082, 0.652869], [-76.70707, 0.652825], [-76.707064, 0.652805], [-76.707057, 0.652778], [-76.707048, 0.652744], [-76.707033, 0.65268], [-76.707024, 0.652649], [-76.707018, 0.652624], [-76.707009, 0.65259], [-76.706993, 0.652536], [-76.706991, 0.652529], [-76.70699, 0.652526], [-76.706989, 0.652523], [-76.706988, 0.65252], [-76.706983, 0.652512], [-76.706969, 0.652484], [-76.706945, 0.652442], [-76.706928, 0.652411], [-76.706906, 0.652372], [-76.706896, 0.652355], [-76.70689, 0.652344], [-76.706888, 0.652341], [-76.706886, 0.652338], [-76.706881, 0.652333], [-76.706879, 0.65233], [-76.706869, 0.652321], [-76.70685, 0.652305], [-76.706831, 0.652289], [-76.706812, 0.652273], [-76.706804, 0.652267], [-76.706802, 0.652265], [-76.706799, 0.652263], [-76.706796, 0.652261], [-76.706794, 0.65226], [-76.706781, 0.652254], [-76.70676, 0.652245], [-76.706741, 0.652236], [-76.706727, 0.65223], [-76.706677, 0.65221], [-76.706669, 0.652208], [-76.706661, 0.652206], [-76.706653, 0.652205], [-76.706643, 0.652203], [-76.706614, 0.652198], [-76.706589, 0.652195], [-76.706554, 0.652192], [-76.706521, 0.65219], [-76.706454, 0.652187], [-76.706379, 0.652183], [-76.706373, 0.652182], [-76.706354, 0.652179], [-76.706327, 0.652173], [-76.706289, 0.652166], [-76.706235, 0.652154], [-76.70616, 0.652137], [-76.706081, 0.652119], [-76.706037, 0.65211], [-76.706, 0.652102], [-76.705981, 0.652099], [-76.705948, 0.652093], [-76.705911, 0.652087], [-76.705865, 0.65208], [-76.705827, 0.652075], [-76.705808, 0.652072], [-76.705802, 0.652072], [-76.705796, 0.652073], [-76.705665, 0.652094], [-76.705609, 0.652103], [-76.705563, 0.65211], [-76.705534, 0.652114], [-76.705503, 0.652118], [-76.705467, 0.652123], [-76.705438, 0.652127], [-76.705411, 0.65213], [-76.705391, 0.652132], [-76.705374, 0.652134], [-76.705338, 0.652137], [-76.705316, 0.652138], [-76.70531, 0.652138], [-76.705304, 0.652137], [-76.705289, 0.652134], [-76.705273, 0.65213], [-76.705234, 0.652119], [-76.705227, 0.652117], [-76.705214, 0.652114], [-76.705177, 0.652107], [-76.705165, 0.652104], [-76.705123, 0.652095], [-76.70506, 0.65208], [-76.705023, 0.652071], [-76.704938, 0.652049], [-76.704898, 0.652039], [-76.704859, 0.65203], [-76.704844, 0.652027], [-76.704678, 0.651985], [-76.704635, 0.651975], [-76.704599, 0.651966], [-76.704508, 0.651947], [-76.704466, 0.651937], [-76.704419, 0.651926], [-76.704299, 0.651897], [-76.704223, 0.651879], [-76.704171, 0.651868], [-76.704117, 0.651857], [-76.704086, 0.651851], [-76.704008, 0.651836], [-76.703955, 0.651827], [-76.703934, 0.651823], [-76.703915, 0.65182], [-76.703913, 0.65182], [-76.703885, 0.651818], [-76.703853, 0.651817], [-76.703807, 0.651816], [-76.703789, 0.651816], [-76.703722, 0.651816], [-76.703682, 0.651816], [-76.703641, 0.651817], [-76.703554, 0.651821], [-76.703509, 0.651822], [-76.703436, 0.651824], [-76.703406, 0.651826], [-76.703341, 0.651829], [-76.703339, 0.651829], [-76.703333, 0.651828], [-76.703318, 0.651826], [-76.703238, 0.651812], [-76.703181, 0.651802], [-76.703138, 0.651794], [-76.70311, 0.651789], [-76.703068, 0.65178], [-76.703018, 0.651769], [-76.703015, 0.651768], [-76.702975, 0.651755], [-76.702947, 0.651746], [-76.702915, 0.651736], [-76.702902, 0.651731], [-76.70288, 0.651726], [-76.702869, 0.651723], [-76.702805, 0.651707], [-76.702773, 0.651699], [-76.702741, 0.65169], [-76.702718, 0.651684], [-76.70268, 0.651673], [-76.702654, 0.651666], [-76.70251, 0.651623], [-76.702489, 0.651617], [-76.702478, 0.651614], [-76.702458, 0.65161], [-76.702448, 0.651608], [-76.702435, 0.651605], [-76.702387, 0.651597], [-76.702327, 0.651584], [-76.702259, 0.651569], [-76.702228, 0.651562], [-76.702198, 0.651555], [-76.702164, 0.651546], [-76.702049, 0.651516], [-76.702026, 0.65151], [-76.701985, 0.651501], [-76.701928, 0.651488], [-76.70182, 0.651464], [-76.701705, 0.651439], [-76.701658, 0.651429], [-76.701568, 0.65141], [-76.70155, 0.651406], [-76.701533, 0.651402], [-76.701531, 0.651401], [-76.701528, 0.6514], [-76.701525, 0.651399], [-76.701523, 0.651398], [-76.701509, 0.651387], [-76.7015, 0.65138], [-76.701478, 0.651364], [-76.70146, 0.651349], [-76.701444, 0.651337], [-76.701428, 0.651324], [-76.701417, 0.651315], [-76.701416, 0.651313], [-76.701411, 0.651308], [-76.70141, 0.651306], [-76.701406, 0.651298], [-76.701387, 0.651255], [-76.70135, 0.651164], [-76.701329, 0.651115], [-76.701306, 0.65106], [-76.701293, 0.651029], [-76.701277, 0.650993], [-76.701262, 0.650958], [-76.701234, 0.650899], [-76.701212, 0.65085], [-76.701188, 0.650797], [-76.701161, 0.650738], [-76.701141, 0.650695], [-76.701122, 0.650651], [-76.701098, 0.650599], [-76.701089, 0.650579], [-76.701077, 0.65055], [-76.701064, 0.650519], [-76.701054, 0.650495], [-76.701021, 0.650413], [-76.701004, 0.650366], [-76.700975, 0.650289], [-76.700959, 0.650245], [-76.70095, 0.650224], [-76.700937, 0.650192], [-76.700929, 0.650172], [-76.700928, 0.65017], [-76.700905, 0.650095], [-76.700853, 0.649929], [-76.700808, 0.649786], [-76.700777, 0.649687], [-76.700726, 0.649525], [-76.700696, 0.64943], [-76.70068, 0.649379], [-76.700666, 0.649337], [-76.700648, 0.649284], [-76.700637, 0.649253], [-76.700629, 0.649232], [-76.700598, 0.649147], [-76.700539, 0.648988], [-76.700528, 0.648956], [-76.70052, 0.648932], [-76.700519, 0.648929], [-76.700518, 0.648923], [-76.700517, 0.648915], [-76.700515, 0.648899], [-76.700513, 0.648868], [-76.700513, 0.648864], [-76.700513, 0.648856], [-76.700515, 0.648836], [-76.700519, 0.648792], [-76.700522, 0.648759], [-76.700525, 0.648739], [-76.700529, 0.648706], [-76.700535, 0.648665], [-76.700543, 0.648614], [-76.70055, 0.648576], [-76.700554, 0.648556], [-76.700561, 0.648519], [-76.700565, 0.6485], [-76.700566, 0.648497], [-76.700568, 0.64849], [-76.700569, 0.648488], [-76.70057, 0.648485], [-76.700594, 0.648439], [-76.700642, 0.648341], [-76.700654, 0.648318], [-76.700672, 0.648284], [-76.700687, 0.648257], [-76.700695, 0.648243], [-76.700712, 0.648215], [-76.700764, 0.64813], [-76.700788, 0.648091], [-76.700827, 0.64803], [-76.700867, 0.647963], [-76.700869, 0.647959], [-76.700871, 0.647954], [-76.700896, 0.647886], [-76.70092, 0.647821], [-76.700923, 0.647812], [-76.700937, 0.647778], [-76.700948, 0.647748], [-76.700953, 0.647732], [-76.700959, 0.647717], [-76.700968, 0.647689], [-76.700975, 0.647665], [-76.70098, 0.647648], [-76.700992, 0.647607], [-76.701002, 0.647572], [-76.701013, 0.647528], [-76.701029, 0.647464], [-76.701042, 0.647412], [-76.701054, 0.64736], [-76.70107, 0.647282], [-76.701077, 0.647251], [-76.701083, 0.647228], [-76.701086, 0.647216], [-76.701105, 0.64715], [-76.70114, 0.647026], [-76.701148, 0.646999], [-76.701171, 0.646918], [-76.701193, 0.646842], [-76.701203, 0.646807], [-76.70122, 0.646742], [-76.701228, 0.646711], [-76.701237, 0.64668], [-76.70126, 0.646607], [-76.70127, 0.646577], [-76.701281, 0.646542], [-76.701291, 0.646516], [-76.701311, 0.646456], [-76.701322, 0.646426], [-76.701332, 0.646399], [-76.701344, 0.646367], [-76.701357, 0.646333], [-76.701365, 0.646315], [-76.701381, 0.646274], [-76.701399, 0.646232], [-76.701448, 0.646124], [-76.701496, 0.646019], [-76.701513, 0.645979], [-76.70152, 0.645963], [-76.70153, 0.645939], [-76.701534, 0.645929], [-76.701544, 0.645901], [-76.701556, 0.645867], [-76.701565, 0.645839], [-76.701576, 0.645806], [-76.701583, 0.645783], [-76.701589, 0.645763], [-76.701597, 0.645737], [-76.701599, 0.645728], [-76.701605, 0.645692], [-76.701632, 0.645542], [-76.701635, 0.645526], [-76.701635, 0.645523], [-76.701639, 0.645463], [-76.701653, 0.645271], [-76.701654, 0.64525], [-76.701658, 0.645213], [-76.701662, 0.645175], [-76.701666, 0.645143], [-76.701685, 0.644985], [-76.701695, 0.644903], [-76.7017, 0.644871], [-76.701712, 0.644788], [-76.701724, 0.644708], [-76.701742, 0.64462], [-76.701756, 0.644552], [-76.701762, 0.644524], [-76.701771, 0.644483], [-76.701778, 0.644452], [-76.701786, 0.644418], [-76.701791, 0.644399], [-76.701801, 0.644362], [-76.70182, 0.644293], [-76.701835, 0.644236], [-76.70185, 0.644186], [-76.701859, 0.644154], [-76.701869, 0.644116], [-76.70188, 0.644075], [-76.701897, 0.644007], [-76.701912, 0.643948], [-76.701935, 0.643848], [-76.701944, 0.643813], [-76.701952, 0.643784], [-76.701963, 0.643741], [-76.701987, 0.643655], [-76.702004, 0.643598], [-76.702027, 0.643518], [-76.702048, 0.643446], [-76.702069, 0.643373], [-76.702078, 0.643343], [-76.702084, 0.643322], [-76.702095, 0.643281], [-76.702101, 0.643258], [-76.702119, 0.643186], [-76.702128, 0.643154], [-76.702158, 0.64304], [-76.70216, 0.643033], [-76.702161, 0.643027], [-76.702162, 0.643021], [-76.702164, 0.642942], [-76.702164, 0.642924], [-76.702165, 0.64289], [-76.702164, 0.642843], [-76.702163, 0.642782], [-76.702161, 0.642703], [-76.70216, 0.642671], [-76.702158, 0.642619], [-76.702156, 0.642576], [-76.702155, 0.642552], [-76.702152, 0.642511], [-76.702149, 0.642469], [-76.702146, 0.642441], [-76.702143, 0.642407], [-76.702139, 0.642371], [-76.702134, 0.642335], [-76.702124, 0.642265], [-76.702119, 0.642233], [-76.702114, 0.642196], [-76.702107, 0.642146], [-76.702099, 0.642087], [-76.702087, 0.641996], [-76.702085, 0.641982], [-76.70208, 0.641953], [-76.702078, 0.641939], [-76.702075, 0.641925], [-76.702074, 0.641923], [-76.702069, 0.641908], [-76.702045, 0.641832], [-76.702028, 0.64178], [-76.702016, 0.641745], [-76.702006, 0.641717], [-76.701994, 0.641684], [-76.701979, 0.641647], [-76.701959, 0.641596], [-76.701919, 0.641498], [-76.701898, 0.641448], [-76.701877, 0.641398], [-76.70186, 0.641363], [-76.70185, 0.641341], [-76.701841, 0.641323], [-76.701826, 0.641292], [-76.701803, 0.641247], [-76.70178, 0.641203], [-76.701728, 0.641107], [-76.701708, 0.641072], [-76.701636, 0.64094], [-76.701621, 0.640913], [-76.701568, 0.640818], [-76.701516, 0.640725], [-76.701449, 0.640606], [-76.701422, 0.640558], [-76.701407, 0.640532], [-76.701358, 0.640448], [-76.701328, 0.640393], [-76.701302, 0.640345], [-76.70128, 0.640303], [-76.701253, 0.640248], [-76.701233, 0.640208], [-76.701202, 0.640146], [-76.701176, 0.64009], [-76.701155, 0.640043], [-76.701131, 0.63999], [-76.701121, 0.639967], [-76.701111, 0.639944], [-76.701097, 0.639909], [-76.701081, 0.639871], [-76.701072, 0.639847], [-76.701054, 0.639799], [-76.701022, 0.639715], [-76.701009, 0.639681], [-76.701004, 0.639669], [-76.701, 0.63966], [-76.700999, 0.639658], [-76.700992, 0.639647], [-76.700984, 0.639634], [-76.700975, 0.63962], [-76.700957, 0.639593], [-76.700946, 0.639578], [-76.700936, 0.639563], [-76.700916, 0.639535], [-76.700905, 0.63952], [-76.700891, 0.639502], [-76.700889, 0.639499], [-76.700868, 0.639479], [-76.700794, 0.639405], [-76.700756, 0.639368], [-76.700721, 0.639332], [-76.700696, 0.639306], [-76.700656, 0.639265], [-76.700618, 0.639224], [-76.70059, 0.639194], [-76.700571, 0.639173], [-76.700557, 0.639157], [-76.70054, 0.639138], [-76.700521, 0.639115], [-76.700498, 0.639087], [-76.700473, 0.639055], [-76.700449, 0.639024], [-76.700433, 0.639004], [-76.700418, 0.638984], [-76.70041, 0.638972], [-76.700392, 0.638948], [-76.700371, 0.638917], [-76.70036, 0.638901], [-76.700349, 0.638884], [-76.700339, 0.638869], [-76.700321, 0.638842], [-76.700314, 0.63883], [-76.700302, 0.63881], [-76.700293, 0.638794], [-76.700287, 0.638783], [-76.700272, 0.638754], [-76.700247, 0.638705], [-76.700227, 0.638666], [-76.700207, 0.638628], [-76.70019, 0.638597], [-76.70018, 0.638579], [-76.700165, 0.63855], [-76.700159, 0.638537], [-76.700135, 0.638488], [-76.7001, 0.638416], [-76.700078, 0.63837], [-76.700058, 0.63833], [-76.700039, 0.638292], [-76.700029, 0.638273], [-76.700022, 0.638261], [-76.700015, 0.638249], [-76.700008, 0.638237], [-76.699982, 0.638192], [-76.699975, 0.63818], [-76.699971, 0.638171], [-76.69995, 0.638132], [-76.699931, 0.638098], [-76.69993, 0.638095], [-76.699928, 0.638094], [-76.699927, 0.638093], [-76.699926, 0.638091], [-76.699925, 0.63809], [-76.699923, 0.63809], [-76.699863, 0.638063], [-76.699842, 0.638054], [-76.699821, 0.638045], [-76.699818, 0.638044], [-76.699816, 0.638044], [-76.699812, 0.638044], [-76.69981, 0.638044], [-76.699807, 0.638044], [-76.699778, 0.638054], [-76.699729, 0.638069], [-76.699705, 0.638076], [-76.699626, 0.6381], [-76.699597, 0.638109], [-76.699577, 0.638115], [-76.699545, 0.638125], [-76.699526, 0.638132], [-76.699482, 0.638147], [-76.699462, 0.638154], [-76.699451, 0.638159], [-76.699428, 0.638167], [-76.699393, 0.638181], [-76.699366, 0.638192], [-76.699341, 0.638203], [-76.699313, 0.638215], [-76.699286, 0.638228], [-76.699236, 0.638253], [-76.6992, 0.638271], [-76.699177, 0.638283], [-76.699147, 0.638299], [-76.699108, 0.63832], [-76.699067, 0.638343], [-76.699043, 0.638357], [-76.699018, 0.638371], [-76.698951, 0.638411], [-76.698915, 0.638433], [-76.698897, 0.638444], [-76.698872, 0.638458], [-76.69886, 0.638464], [-76.69884, 0.638475], [-76.698818, 0.638487], [-76.69879, 0.638501], [-76.698765, 0.638512], [-76.698743, 0.638522], [-76.698731, 0.638526], [-76.698721, 0.638531], [-76.6987, 0.638539], [-76.69868, 0.638546], [-76.698662, 0.638553], [-76.698642, 0.63856], [-76.69863, 0.638564], [-76.698601, 0.638573], [-76.698587, 0.638577], [-76.698573, 0.638581], [-76.698547, 0.638588], [-76.698534, 0.638591], [-76.698507, 0.638598], [-76.698483, 0.638603], [-76.698469, 0.638606], [-76.698448, 0.63861], [-76.698422, 0.638615], [-76.698401, 0.638618], [-76.698371, 0.638623], [-76.698345, 0.638626], [-76.698314, 0.638629], [-76.698279, 0.638632], [-76.698259, 0.638634], [-76.698224, 0.638636], [-76.698173, 0.638638], [-76.69815, 0.638639], [-76.698043, 0.638641], [-76.697911, 0.638647], [-76.697835, 0.638651], [-76.697805, 0.638653], [-76.697701, 0.638659], [-76.697653, 0.638663], [-76.697578, 0.638668], [-76.697533, 0.638671], [-76.697491, 0.638675], [-76.697453, 0.638679], [-76.697418, 0.638682], [-76.697396, 0.638685], [-76.697376, 0.638687], [-76.697343, 0.638692], [-76.697316, 0.638696], [-76.697302, 0.638698], [-76.697273, 0.638703], [-76.697259, 0.638706], [-76.697245, 0.638709], [-76.697219, 0.638714], [-76.697194, 0.638721], [-76.697181, 0.638724], [-76.697149, 0.638733], [-76.69713, 0.638739], [-76.697113, 0.638744], [-76.697048, 0.638764], [-76.696997, 0.63878], [-76.696967, 0.638788], [-76.696953, 0.638792], [-76.696923, 0.6388], [-76.696889, 0.638809], [-76.696858, 0.638816], [-76.696842, 0.638819], [-76.6968, 0.638827], [-76.696783, 0.638831], [-76.696745, 0.638837], [-76.696727, 0.63884], [-76.696706, 0.638844], [-76.696674, 0.638848], [-76.696645, 0.638851], [-76.696626, 0.638853], [-76.696601, 0.638855], [-76.696581, 0.638856], [-76.69656, 0.638857], [-76.696535, 0.638858], [-76.696511, 0.638858], [-76.696489, 0.638857], [-76.696473, 0.638856], [-76.696464, 0.638855], [-76.696446, 0.638853], [-76.696428, 0.638851], [-76.696413, 0.638848], [-76.696395, 0.638844], [-76.696385, 0.638842], [-76.696376, 0.638838], [-76.696371, 0.638836], [-76.696365, 0.638833], [-76.696361, 0.638832], [-76.69635, 0.638825], [-76.69634, 0.638819], [-76.696335, 0.638816], [-76.696329, 0.638811], [-76.696322, 0.638806], [-76.696309, 0.638796], [-76.696293, 0.638783], [-76.696273, 0.638765], [-76.696255, 0.638749], [-76.696233, 0.638728], [-76.696199, 0.638696], [-76.696194, 0.638691], [-76.69619, 0.638688], [-76.69615, 0.638655], [-76.696123, 0.638633], [-76.696099, 0.638611], [-76.696079, 0.638594], [-76.696037, 0.638557], [-76.695999, 0.638522], [-76.695951, 0.638478], [-76.695931, 0.638459], [-76.695896, 0.638425], [-76.695864, 0.638393], [-76.695853, 0.638382], [-76.695844, 0.638372], [-76.695789, 0.638312], [-76.695747, 0.638265], [-76.695712, 0.638227], [-76.695688, 0.638201], [-76.695636, 0.638146], [-76.69562, 0.638129], [-76.695597, 0.638105], [-76.69557, 0.638077], [-76.695548, 0.638053], [-76.695524, 0.638026], [-76.695465, 0.63796], [-76.695445, 0.637937], [-76.695406, 0.637893], [-76.695378, 0.637859], [-76.695339, 0.637814], [-76.695302, 0.63777], [-76.695279, 0.637742], [-76.69526, 0.637721], [-76.695243, 0.637702], [-76.695222, 0.637679], [-76.695218, 0.637674], [-76.695216, 0.637672], [-76.695209, 0.637667], [-76.695206, 0.637665], [-76.695204, 0.637665], [-76.695202, 0.637664], [-76.695198, 0.637665], [-76.695167, 0.63767], [-76.695134, 0.637675], [-76.695086, 0.637682], [-76.695, 0.637695], [-76.694933, 0.637705], [-76.694912, 0.637708], [-76.694884, 0.637712], [-76.694834, 0.637721], [-76.6948, 0.637726], [-76.694647, 0.637749], [-76.694633, 0.63775], [-76.694599, 0.637755], [-76.694556, 0.637759], [-76.694519, 0.637762], [-76.694493, 0.637764], [-76.694486, 0.637764], [-76.694474, 0.637764], [-76.694446, 0.637762], [-76.694426, 0.637761], [-76.694412, 0.63776], [-76.694399, 0.637758], [-76.694388, 0.637757], [-76.694378, 0.637756], [-76.694356, 0.637753], [-76.694343, 0.63775], [-76.694322, 0.637747], [-76.694311, 0.637744], [-76.694306, 0.637743], [-76.694285, 0.637738], [-76.694265, 0.637732], [-76.694255, 0.637729], [-76.694234, 0.637722], [-76.694224, 0.637718], [-76.694214, 0.637715], [-76.694194, 0.637707], [-76.694185, 0.637703], [-76.694167, 0.637695], [-76.694151, 0.637687], [-76.694132, 0.637677], [-76.694111, 0.637665], [-76.694093, 0.637654], [-76.694076, 0.637643], [-76.694066, 0.637637], [-76.694048, 0.637624], [-76.694033, 0.637612], [-76.694013, 0.637596], [-76.693999, 0.637584], [-76.693989, 0.637575], [-76.693979, 0.637566], [-76.69397, 0.637557], [-76.693959, 0.637546], [-76.693948, 0.637535], [-76.693934, 0.63752], [-76.693922, 0.637506], [-76.6939, 0.637482], [-76.693868, 0.637445], [-76.693841, 0.637414], [-76.693819, 0.637386], [-76.693792, 0.637355], [-76.693763, 0.637323], [-76.693719, 0.637274], [-76.693696, 0.63725], [-76.693646, 0.637199], [-76.693592, 0.637143], [-76.69358, 0.637132], [-76.693569, 0.637119], [-76.693538, 0.637087], [-76.693524, 0.637072], [-76.693492, 0.637039], [-76.693478, 0.637025], [-76.693465, 0.637013], [-76.693451, 0.636999], [-76.693436, 0.636985], [-76.693412, 0.636963], [-76.693383, 0.636937], [-76.693359, 0.636916], [-76.693326, 0.636888], [-76.693224, 0.636804], [-76.693188, 0.636773], [-76.693157, 0.636747], [-76.693118, 0.636713], [-76.693087, 0.636685], [-76.693073, 0.636672], [-76.693054, 0.636654], [-76.693027, 0.636627], [-76.693013, 0.636614], [-76.692991, 0.636591], [-76.69298, 0.63658], [-76.692938, 0.636535], [-76.692923, 0.636518], [-76.692894, 0.636489], [-76.692842, 0.636436], [-76.692808, 0.636402], [-76.692761, 0.636355], [-76.69274, 0.636333], [-76.69273, 0.636324], [-76.692709, 0.636302], [-76.692701, 0.636292], [-76.692668, 0.636255], [-76.692649, 0.636234], [-76.692638, 0.636223], [-76.692626, 0.636211], [-76.692614, 0.636199], [-76.692602, 0.636187], [-76.69258, 0.636166], [-76.69255, 0.636138], [-76.692541, 0.636131], [-76.692539, 0.636129], [-76.692513, 0.636111], [-76.692488, 0.636095], [-76.692452, 0.636072], [-76.692433, 0.636061], [-76.692412, 0.636049], [-76.692399, 0.636041], [-76.692389, 0.636036], [-76.692354, 0.636019], [-76.692306, 0.635996], [-76.692259, 0.635975], [-76.692189, 0.635943], [-76.692172, 0.635936], [-76.692134, 0.635919], [-76.692102, 0.635906], [-76.692085, 0.6359], [-76.691998, 0.635867], [-76.69195, 0.635848], [-76.691924, 0.635837], [-76.691908, 0.63583], [-76.691882, 0.635819], [-76.691856, 0.635807], [-76.691803, 0.635783], [-76.691752, 0.635759], [-76.691694, 0.635732], [-76.691616, 0.635697], [-76.691482, 0.635636], [-76.691434, 0.635614], [-76.691375, 0.635587], [-76.691331, 0.635566], [-76.691299, 0.635552], [-76.691269, 0.635539], [-76.691208, 0.635513], [-76.691188, 0.635504], [-76.691145, 0.635487], [-76.691123, 0.635479], [-76.691106, 0.635472], [-76.691094, 0.635468], [-76.691066, 0.635458], [-76.691045, 0.635451], [-76.691017, 0.635442], [-76.690996, 0.635436], [-76.690971, 0.635428], [-76.690953, 0.635423], [-76.690911, 0.635412], [-76.690843, 0.635393], [-76.690793, 0.63538], [-76.690748, 0.635369], [-76.690699, 0.635358], [-76.690656, 0.635348], [-76.690606, 0.635337], [-76.690565, 0.635329], [-76.690477, 0.635311], [-76.690423, 0.635299], [-76.690404, 0.635296], [-76.690308, 0.635275], [-76.690284, 0.63527], [-76.690265, 0.635266], [-76.690193, 0.635252], [-76.690168, 0.635247], [-76.690149, 0.635243], [-76.690093, 0.63523], [-76.690063, 0.635224], [-76.690053, 0.635223], [-76.690005, 0.635219], [-76.689978, 0.635217], [-76.689911, 0.635211], [-76.689892, 0.63521], [-76.689867, 0.635208], [-76.689831, 0.635206], [-76.689801, 0.635204], [-76.689699, 0.6352], [-76.689636, 0.635197], [-76.689563, 0.635194], [-76.689469, 0.63519], [-76.689439, 0.635189], [-76.689385, 0.635186], [-76.689287, 0.63518], [-76.689246, 0.635178], [-76.689226, 0.635176], [-76.689183, 0.635172], [-76.689139, 0.635168], [-76.689093, 0.635162], [-76.689043, 0.635156], [-76.689007, 0.635151], [-76.688982, 0.635147], [-76.688954, 0.635142], [-76.68894, 0.635139], [-76.688908, 0.635133], [-76.688905, 0.635132], [-76.688899, 0.63513], [-76.68889, 0.635126], [-76.688878, 0.635121], [-76.688849, 0.635109], [-76.68883, 0.635101], [-76.688807, 0.63509], [-76.688786, 0.63508], [-76.68876, 0.635068], [-76.688732, 0.635053], [-76.688718, 0.635046], [-76.688687, 0.635028], [-76.688671, 0.635019], [-76.688648, 0.635006], [-76.6886, 0.634977], [-76.688569, 0.63496], [-76.688554, 0.634951], [-76.68853, 0.634938], [-76.688499, 0.634923], [-76.688481, 0.634914], [-76.688456, 0.634902], [-76.688443, 0.634896], [-76.688423, 0.634888], [-76.688399, 0.634879], [-76.688381, 0.634872], [-76.688378, 0.634871], [-76.688367, 0.634869], [-76.688343, 0.634863], [-76.688318, 0.634858], [-76.688296, 0.634854], [-76.688272, 0.634851], [-76.688258, 0.634849], [-76.688237, 0.634846], [-76.688225, 0.634845], [-76.688203, 0.634843], [-76.68818, 0.634841], [-76.688152, 0.63484], [-76.688039, 0.634837], [-76.687995, 0.634836], [-76.687954, 0.634835], [-76.687915, 0.634834], [-76.687884, 0.634834], [-76.687843, 0.634835], [-76.687808, 0.634835], [-76.687778, 0.634835], [-76.687763, 0.634835], [-76.687732, 0.634837], [-76.687716, 0.634837], [-76.687681, 0.63484], [-76.687566, 0.634848], [-76.687504, 0.634851], [-76.687415, 0.634855], [-76.687337, 0.634859], [-76.687309, 0.63486], [-76.687238, 0.634865], [-76.687227, 0.634865], [-76.687203, 0.634865], [-76.687174, 0.634864], [-76.687159, 0.634864], [-76.687152, 0.634863], [-76.687141, 0.634861], [-76.687091, 0.634852], [-76.687071, 0.634848], [-76.687054, 0.634844], [-76.68702, 0.634837], [-76.686979, 0.634828], [-76.686941, 0.634818], [-76.68684, 0.634792], [-76.686705, 0.634756], [-76.68666, 0.634744], [-76.686638, 0.634739], [-76.686599, 0.634729], [-76.686547, 0.634718], [-76.686511, 0.63471], [-76.686475, 0.634703], [-76.686453, 0.634699], [-76.686425, 0.634694], [-76.6864, 0.63469], [-76.686387, 0.634689], [-76.68636, 0.634688], [-76.686339, 0.634687], [-76.686328, 0.634688], [-76.686303, 0.634688], [-76.68629, 0.634688], [-76.686263, 0.63469], [-76.68624, 0.634691], [-76.686213, 0.634693], [-76.686182, 0.634696], [-76.686178, 0.634697], [-76.68617, 0.634698], [-76.686118, 0.634708], [-76.686092, 0.634714], [-76.68603, 0.634726], [-76.686005, 0.634731], [-76.685966, 0.63474], [-76.685855, 0.634766], [-76.68583, 0.634773], [-76.685818, 0.634776], [-76.685795, 0.634783], [-76.685771, 0.63479], [-76.685734, 0.634803], [-76.685666, 0.634826], [-76.685609, 0.634845], [-76.685574, 0.634858], [-76.685547, 0.634868], [-76.685512, 0.634882], [-76.685496, 0.634888], [-76.685446, 0.63491], [-76.685395, 0.634932], [-76.685366, 0.634944], [-76.68535, 0.634951], [-76.685303, 0.634969], [-76.685243, 0.634992], [-76.685211, 0.635005], [-76.685185, 0.635016], [-76.685161, 0.635027], [-76.685147, 0.635033], [-76.685136, 0.635038], [-76.685106, 0.635053], [-76.685045, 0.635085], [-76.685015, 0.6351], [-76.684988, 0.635113], [-76.684971, 0.63512], [-76.684955, 0.635127], [-76.684922, 0.635141], [-76.684894, 0.635153], [-76.684816, 0.635185], [-76.684745, 0.635214], [-76.684686, 0.635238], [-76.684638, 0.635257], [-76.684577, 0.63528], [-76.684532, 0.635297], [-76.68451, 0.635306], [-76.68448, 0.635319], [-76.684424, 0.635343], [-76.684387, 0.635359], [-76.684256, 0.635418], [-76.684191, 0.635447], [-76.684155, 0.635463], [-76.684105, 0.635484], [-76.684036, 0.635514], [-76.683995, 0.635531], [-76.683967, 0.635542], [-76.683958, 0.635545], [-76.683946, 0.635549], [-76.683931, 0.635555], [-76.683907, 0.635562], [-76.683884, 0.635569], [-76.683861, 0.635575], [-76.683841, 0.63558], [-76.68383, 0.635582], [-76.683811, 0.635586], [-76.68379, 0.63559], [-76.68378, 0.635591], [-76.68377, 0.635593], [-76.68375, 0.635595], [-76.683733, 0.635596], [-76.68372, 0.635596], [-76.683706, 0.635596], [-76.683691, 0.635597], [-76.683689, 0.635596], [-76.68368, 0.635595], [-76.683667, 0.635593], [-76.683638, 0.635588], [-76.683627, 0.635586], [-76.683599, 0.63558], [-76.68357, 0.635574], [-76.683557, 0.635571], [-76.68353, 0.635564], [-76.683492, 0.635553], [-76.683446, 0.63554], [-76.683387, 0.635524], [-76.683335, 0.63551], [-76.683284, 0.635496], [-76.68325, 0.635488], [-76.683208, 0.635476], [-76.683159, 0.635462], [-76.683108, 0.635447], [-76.68307, 0.635436], [-76.682977, 0.635407], [-76.682925, 0.63539], [-76.682802, 0.635349], [-76.682786, 0.635344], [-76.682757, 0.635335], [-76.682732, 0.635327], [-76.682707, 0.635321], [-76.682683, 0.635315], [-76.682658, 0.63531], [-76.682636, 0.635306], [-76.682633, 0.635306], [-76.682629, 0.635306], [-76.682599, 0.635304], [-76.682585, 0.635304], [-76.682562, 0.635303], [-76.682549, 0.635303], [-76.682523, 0.635304], [-76.682496, 0.635305], [-76.682472, 0.635306], [-76.682453, 0.635307], [-76.682416, 0.63531], [-76.682398, 0.635312], [-76.682387, 0.635314], [-76.682366, 0.635317], [-76.682352, 0.635319], [-76.682323, 0.635324], [-76.682277, 0.635333], [-76.682187, 0.635349], [-76.682154, 0.635355], [-76.682131, 0.635358], [-76.682106, 0.635362], [-76.682074, 0.635366], [-76.682044, 0.63537], [-76.682017, 0.635373], [-76.681963, 0.635378], [-76.681904, 0.635382], [-76.68179, 0.635391], [-76.681749, 0.635394], [-76.681732, 0.635396], [-76.681696, 0.6354], [-76.681651, 0.635406], [-76.681616, 0.635411], [-76.68158, 0.635416], [-76.681545, 0.635422], [-76.681515, 0.635428], [-76.6815, 0.635431], [-76.681471, 0.635437], [-76.68144, 0.635445], [-76.681401, 0.635454], [-76.681373, 0.635462], [-76.681301, 0.635482], [-76.681267, 0.635492], [-76.681233, 0.635501], [-76.681209, 0.635507], [-76.6812, 0.635509], [-76.681165, 0.635516], [-76.681134, 0.635522], [-76.681088, 0.635531], [-76.681057, 0.635535], [-76.681043, 0.635537], [-76.68103, 0.635539], [-76.681005, 0.635542], [-76.680972, 0.635546], [-76.680923, 0.63555], [-76.680856, 0.635556], [-76.680792, 0.63556], [-76.6807, 0.635565], [-76.68063, 0.635569], [-76.680578, 0.635572], [-76.680526, 0.635576], [-76.680488, 0.63558], [-76.680401, 0.635588], [-76.680372, 0.635591], [-76.680321, 0.635597], [-76.680276, 0.635602], [-76.680251, 0.635605], [-76.680223, 0.635609], [-76.680189, 0.635615], [-76.680165, 0.635619], [-76.680096, 0.63563], [-76.680061, 0.635636], [-76.679937, 0.635655], [-76.679884, 0.635664], [-76.679792, 0.63568], [-76.67977, 0.635684], [-76.67973, 0.635691], [-76.67971, 0.635695], [-76.679662, 0.635705], [-76.679607, 0.635717], [-76.679565, 0.635726], [-76.679463, 0.63575], [-76.679393, 0.635767], [-76.679348, 0.635778], [-76.679325, 0.635784], [-76.67927, 0.635798], [-76.679235, 0.635808], [-76.679187, 0.635821], [-76.679136, 0.635836], [-76.679099, 0.635847], [-76.679068, 0.635857], [-76.679054, 0.635862], [-76.679, 0.63588], [-76.678981, 0.635886], [-76.678907, 0.635907], [-76.67886, 0.635921], [-76.678824, 0.635931], [-76.678786, 0.635942], [-76.678748, 0.635952], [-76.678716, 0.635959], [-76.678664, 0.635972], [-76.678616, 0.635983], [-76.678522, 0.636004], [-76.678493, 0.636011], [-76.67847, 0.636017], [-76.678422, 0.636029], [-76.678339, 0.63605], [-76.678277, 0.636065], [-76.678182, 0.636088], [-76.678157, 0.636094], [-76.678142, 0.636098], [-76.678115, 0.636106], [-76.678088, 0.636115], [-76.678062, 0.636124], [-76.678033, 0.636134], [-76.678004, 0.636146], [-76.67797, 0.636159], [-76.67795, 0.636167], [-76.677851, 0.63621], [-76.677819, 0.636224], [-76.677814, 0.636227], [-76.67781, 0.636229], [-76.67777, 0.636252], [-76.677764, 0.636256], [-76.67776, 0.636259], [-76.677652, 0.636337], [-76.677574, 0.636395], [-76.677557, 0.636407], [-76.677534, 0.636425], [-76.677512, 0.636443], [-76.677476, 0.636473], [-76.67746, 0.636487], [-76.677451, 0.636495], [-76.677434, 0.636511], [-76.677377, 0.636565], [-76.677336, 0.636604], [-76.6773, 0.636637], [-76.677272, 0.636662], [-76.677259, 0.636674], [-76.677236, 0.636694], [-76.677206, 0.636719], [-76.677175, 0.636745], [-76.677157, 0.636758], [-76.677142, 0.63677], [-76.677106, 0.636797], [-76.677082, 0.636814], [-76.677056, 0.636833], [-76.677034, 0.636848], [-76.676971, 0.636892], [-76.676928, 0.636921], [-76.676897, 0.636943], [-76.67685, 0.636976], [-76.676848, 0.636978], [-76.676828, 0.636996], [-76.676819, 0.637006], [-76.676796, 0.637029], [-76.67677, 0.637055], [-76.676748, 0.637078], [-76.676737, 0.63709], [-76.676726, 0.637103], [-76.676704, 0.637128], [-76.676692, 0.637143], [-76.676669, 0.63717], [-76.676659, 0.637182], [-76.676643, 0.637204], [-76.676615, 0.63724], [-76.676605, 0.637253], [-76.676596, 0.637266], [-76.676576, 0.637294], [-76.676567, 0.637307], [-76.67656, 0.637318], [-76.676545, 0.637341], [-76.676537, 0.637354], [-76.676522, 0.637379], [-76.676513, 0.637395], [-76.676497, 0.637424], [-76.67649, 0.637436], [-76.676477, 0.637462], [-76.676466, 0.637483], [-76.676459, 0.637498], [-76.676445, 0.637528], [-76.676433, 0.637555], [-76.676415, 0.637598], [-76.676404, 0.637624], [-76.676398, 0.637638], [-76.676376, 0.637695], [-76.676357, 0.637743], [-76.67635, 0.637761], [-76.676335, 0.637799], [-76.676324, 0.637827], [-76.676312, 0.637858], [-76.676285, 0.637923], [-76.676263, 0.637973], [-76.676244, 0.638018], [-76.67623, 0.63805], [-76.676218, 0.638078], [-76.676204, 0.638107], [-76.676187, 0.638141], [-76.676166, 0.638184], [-76.676151, 0.638211], [-76.67614, 0.638232], [-76.676121, 0.638267], [-76.676112, 0.638283], [-76.676089, 0.638322], [-76.67607, 0.638354], [-76.676049, 0.638387], [-76.676018, 0.638437], [-76.675996, 0.638472], [-76.675963, 0.638524], [-76.675929, 0.63858], [-76.675912, 0.638608], [-76.675885, 0.63865], [-76.675861, 0.638688], [-76.675836, 0.638727], [-76.675809, 0.638767], [-76.675797, 0.638784], [-76.675776, 0.638814], [-76.675763, 0.638832], [-76.675743, 0.638858], [-76.675731, 0.638874], [-76.675711, 0.6389], [-76.675699, 0.638915], [-76.675669, 0.638951], [-76.675653, 0.63897], [-76.675627, 0.639], [-76.675615, 0.639014], [-76.675599, 0.639032], [-76.675584, 0.639047], [-76.675573, 0.639059], [-76.67556, 0.639072], [-76.675545, 0.639087], [-76.675532, 0.6391], [-76.675519, 0.639113], [-76.675506, 0.639125], [-76.675495, 0.639136], [-76.675481, 0.639148], [-76.675468, 0.63916], [-76.675445, 0.639179], [-76.675435, 0.639188], [-76.675424, 0.639197], [-76.675396, 0.639219], [-76.67538, 0.639232], [-76.675371, 0.639239], [-76.67536, 0.639246], [-76.675325, 0.639272], [-76.675284, 0.6393], [-76.675269, 0.63931], [-76.675244, 0.639326], [-76.675211, 0.639347], [-76.675197, 0.639356], [-76.675187, 0.639362], [-76.675137, 0.63939], [-76.675108, 0.639408], [-76.675076, 0.639427], [-76.675056, 0.639439], [-76.675054, 0.63944], [-76.675022, 0.639456], [-76.675017, 0.639458], [-76.674993, 0.639464], [-76.674926, 0.639478], [-76.674811, 0.639504], [-76.674783, 0.63951], [-76.674768, 0.639513], [-76.674736, 0.63952], [-76.674682, 0.63953], [-76.674568, 0.63955], [-76.674532, 0.639557], [-76.674506, 0.639562], [-76.674491, 0.639565], [-76.674467, 0.639571], [-76.674445, 0.639576], [-76.674432, 0.63958], [-76.6744, 0.639589], [-76.674367, 0.639598], [-76.674335, 0.639609], [-76.674302, 0.63962], [-76.674285, 0.639626], [-76.67425, 0.639639], [-76.674216, 0.639652], [-76.674185, 0.639665], [-76.674156, 0.639677], [-76.674121, 0.639692], [-76.674096, 0.639703], [-76.674045, 0.639728], [-76.674021, 0.63974], [-76.673997, 0.639751], [-76.67395, 0.639775], [-76.673914, 0.639794], [-76.673877, 0.639815], [-76.673853, 0.639828], [-76.673837, 0.639838], [-76.673813, 0.639853], [-76.673798, 0.639863], [-76.673763, 0.639885], [-76.673672, 0.639946], [-76.673631, 0.639973], [-76.6736, 0.639993], [-76.673569, 0.640013], [-76.673543, 0.640029], [-76.673523, 0.640041], [-76.673504, 0.640052], [-76.673485, 0.640064], [-76.673462, 0.640076], [-76.673446, 0.640085], [-76.673417, 0.640101], [-76.673402, 0.640108], [-76.673371, 0.640124], [-76.673344, 0.640136], [-76.673319, 0.640147], [-76.673304, 0.640153], [-76.673275, 0.640165], [-76.673245, 0.640176], [-76.673215, 0.640187], [-76.673198, 0.640193], [-76.673171, 0.640202], [-76.673145, 0.640209], [-76.673132, 0.640213], [-76.673104, 0.64022], [-76.673077, 0.640227], [-76.67306, 0.640231], [-76.673034, 0.640236], [-76.67302, 0.640239], [-76.672995, 0.640244], [-76.672971, 0.640248], [-76.672945, 0.640252], [-76.672919, 0.640256], [-76.672901, 0.640258], [-76.67287, 0.640261], [-76.672851, 0.640263], [-76.672817, 0.640266], [-76.672789, 0.640269], [-76.67275, 0.640272], [-76.672661, 0.640277], [-76.672622, 0.64028], [-76.672601, 0.640281], [-76.672539, 0.640283], [-76.672476, 0.640285], [-76.672427, 0.640287], [-76.672332, 0.640289], [-76.672292, 0.64029], [-76.67225, 0.640292], [-76.672172, 0.640297], [-76.672102, 0.6403], [-76.672064, 0.640302], [-76.672047, 0.640302], [-76.672019, 0.640303], [-76.671992, 0.640303], [-76.671975, 0.640303], [-76.671932, 0.640302], [-76.671906, 0.640301], [-76.671882, 0.6403], [-76.671843, 0.640298], [-76.671798, 0.640296], [-76.671735, 0.640292], [-76.671711, 0.64029], [-76.671672, 0.640287], [-76.671629, 0.640283], [-76.671518, 0.640272], [-76.671483, 0.640269], [-76.671435, 0.640264], [-76.67137, 0.640256], [-76.671351, 0.640253], [-76.671312, 0.640248], [-76.671259, 0.64024], [-76.671228, 0.640235], [-76.671135, 0.64022], [-76.671037, 0.640203], [-76.671, 0.640196], [-76.670968, 0.64019], [-76.670926, 0.640181], [-76.670873, 0.64017], [-76.670839, 0.640162], [-76.670734, 0.640138], [-76.670627, 0.640114], [-76.670582, 0.640104], [-76.670559, 0.640099], [-76.67052, 0.640091], [-76.67049, 0.640086], [-76.670463, 0.640081], [-76.670434, 0.640076], [-76.670409, 0.640072], [-76.670394, 0.64007], [-76.670367, 0.640066], [-76.670335, 0.640063], [-76.67032, 0.640061], [-76.670288, 0.640058], [-76.670251, 0.640056], [-76.670211, 0.640053], [-76.670172, 0.640051], [-76.670128, 0.640048], [-76.670092, 0.640047], [-76.67006, 0.640046], [-76.670041, 0.640046], [-76.669998, 0.640046], [-76.669944, 0.640046], [-76.669861, 0.640047], [-76.669789, 0.640048], [-76.669767, 0.640049], [-76.669745, 0.64005], [-76.669706, 0.640051], [-76.669636, 0.640055], [-76.669617, 0.640056], [-76.669577, 0.640057], [-76.669532, 0.640058], [-76.669501, 0.640058], [-76.66944, 0.640058], [-76.669417, 0.640058], [-76.669339, 0.640057], [-76.669295, 0.640056], [-76.669265, 0.640055], [-76.66922, 0.640054], [-76.669133, 0.64005], [-76.669082, 0.640049], [-76.668908, 0.640044], [-76.668856, 0.640043], [-76.668758, 0.640042], [-76.66866, 0.640041], [-76.668616, 0.640041], [-76.668572, 0.640041], [-76.668442, 0.64004], [-76.668358, 0.640039], [-76.668246, 0.640038], [-76.668202, 0.640037], [-76.668182, 0.640036], [-76.668141, 0.640035], [-76.668108, 0.640033], [-76.668086, 0.640031], [-76.668067, 0.64003], [-76.668032, 0.640027], [-76.668014, 0.640025], [-76.667989, 0.640022], [-76.667963, 0.640019], [-76.667949, 0.640017], [-76.667933, 0.640014], [-76.667791, 0.639991], [-76.667752, 0.639985], [-76.667735, 0.639983], [-76.667706, 0.639979], [-76.667683, 0.639976], [-76.667647, 0.639973], [-76.66762, 0.639971], [-76.667571, 0.639967], [-76.667524, 0.639964], [-76.667488, 0.639963], [-76.667442, 0.639961], [-76.667393, 0.63996], [-76.667332, 0.639959], [-76.667216, 0.639959], [-76.667192, 0.639959], [-76.667165, 0.639957], [-76.667142, 0.639955], [-76.667125, 0.639954], [-76.667111, 0.639952], [-76.667098, 0.63995], [-76.667071, 0.639946], [-76.667056, 0.639943], [-76.667029, 0.639938], [-76.667017, 0.639935], [-76.667004, 0.639932], [-76.666974, 0.639925], [-76.666961, 0.639922], [-76.666918, 0.63991], [-76.666796, 0.639875], [-76.666745, 0.63986], [-76.666734, 0.639857], [-76.666718, 0.639852], [-76.6667, 0.639845], [-76.666678, 0.639836], [-76.6666, 0.639802], [-76.666578, 0.639793], [-76.666538, 0.639777], [-76.666468, 0.639749], [-76.666406, 0.639724], [-76.666381, 0.639714], [-76.666341, 0.639697], [-76.666308, 0.639682], [-76.666287, 0.639672], [-76.666255, 0.639657], [-76.666195, 0.639627], [-76.66619, 0.639624], [-76.666188, 0.639623], [-76.666172, 0.639609], [-76.666154, 0.639593], [-76.666129, 0.63957], [-76.666116, 0.639558], [-76.666092, 0.639535], [-76.666069, 0.639512], [-76.666056, 0.639499], [-76.666046, 0.639488], [-76.666031, 0.639472], [-76.666016, 0.639455], [-76.666004, 0.639441], [-76.665989, 0.639424], [-76.665948, 0.639375], [-76.665907, 0.639325], [-76.665883, 0.639295], [-76.665861, 0.639266], [-76.665848, 0.63925], [-76.665819, 0.63921], [-76.665804, 0.639189], [-76.665777, 0.639151], [-76.66576, 0.639126], [-76.665739, 0.639094], [-76.665727, 0.639076], [-76.665703, 0.639039], [-76.665693, 0.639023], [-76.665679, 0.638999], [-76.665668, 0.638981], [-76.665649, 0.638948], [-76.665628, 0.638911], [-76.665618, 0.638894], [-76.665603, 0.638867], [-76.665586, 0.638834], [-76.665568, 0.638799], [-76.66556, 0.638782], [-76.665549, 0.638759], [-76.665537, 0.638734], [-76.665534, 0.638727], [-76.66552, 0.638694], [-76.665516, 0.638685], [-76.665506, 0.638659], [-76.665488, 0.638612], [-76.665482, 0.638595], [-76.66547, 0.638562], [-76.665464, 0.638544], [-76.665453, 0.638512], [-76.665443, 0.63848], [-76.665433, 0.638446], [-76.665428, 0.638428], [-76.665419, 0.638394], [-76.665403, 0.638332], [-76.665379, 0.638241], [-76.665372, 0.638209], [-76.665363, 0.638173], [-76.665355, 0.638135], [-76.665349, 0.638109], [-76.665347, 0.638097], [-76.665345, 0.638083], [-76.66534, 0.638055], [-76.665336, 0.638029], [-76.665333, 0.638005], [-76.665329, 0.637971], [-76.665326, 0.637938], [-76.665318, 0.637856], [-76.665315, 0.637827], [-76.665315, 0.637825], [-76.665314, 0.63782], [-76.665308, 0.637803], [-76.665296, 0.637769], [-76.665286, 0.637742], [-76.665276, 0.637717], [-76.665266, 0.637695], [-76.665257, 0.637676], [-76.665255, 0.637673], [-76.665242, 0.637652], [-76.665235, 0.637641], [-76.665229, 0.637631], [-76.665222, 0.63762], [-76.665208, 0.637601], [-76.665199, 0.63759], [-76.665191, 0.637579], [-76.665182, 0.637568], [-76.665174, 0.637558], [-76.665156, 0.637538], [-76.665145, 0.637526], [-76.665137, 0.637517], [-76.66513, 0.63751], [-76.665116, 0.637496], [-76.665101, 0.637481], [-76.66509, 0.637471], [-76.665079, 0.637461], [-76.665057, 0.63744], [-76.665026, 0.637414], [-76.664988, 0.637382], [-76.664972, 0.63737], [-76.664929, 0.637334], [-76.664882, 0.637295], [-76.664844, 0.637264], [-76.664798, 0.637225], [-76.66478, 0.637209], [-76.664714, 0.63715], [-76.664675, 0.637116], [-76.664642, 0.637087], [-76.664624, 0.637072], [-76.664584, 0.637038], [-76.664567, 0.637024], [-76.664528, 0.636992], [-76.664471, 0.636947], [-76.664386, 0.63688], [-76.664332, 0.636839], [-76.664279, 0.636798], [-76.664222, 0.636755], [-76.664098, 0.636664], [-76.66403, 0.636612], [-76.66395, 0.636552], [-76.663906, 0.63652], [-76.663816, 0.636455], [-76.663763, 0.636416], [-76.66371, 0.636376], [-76.663601, 0.636293], [-76.663543, 0.63625], [-76.663508, 0.636223], [-76.66349, 0.636211], [-76.663474, 0.636199], [-76.66346, 0.636189], [-76.663431, 0.636169], [-76.663419, 0.636161], [-76.663395, 0.636147], [-76.663384, 0.63614], [-76.663371, 0.636132], [-76.663297, 0.63609], [-76.663266, 0.636072], [-76.663235, 0.636053], [-76.663196, 0.63603], [-76.66315, 0.636001], [-76.663116, 0.63598], [-76.663097, 0.635967], [-76.663002, 0.635904], [-76.662979, 0.635889], [-76.662955, 0.635872], [-76.662935, 0.635859], [-76.662901, 0.635834], [-76.662809, 0.635768], [-76.662714, 0.635702], [-76.662693, 0.635687], [-76.662663, 0.635665], [-76.662634, 0.635643], [-76.662572, 0.635596], [-76.662519, 0.635555], [-76.662492, 0.635534], [-76.662447, 0.635499], [-76.662377, 0.635443], [-76.662283, 0.635371], [-76.662234, 0.635333], [-76.662208, 0.635314], [-76.662174, 0.635289], [-76.662146, 0.635269], [-76.662117, 0.635249], [-76.662104, 0.635241], [-76.662093, 0.635234], [-76.662086, 0.635229], [-76.66202, 0.63519], [-76.662, 0.635179], [-76.661949, 0.63515], [-76.661918, 0.635132], [-76.661892, 0.635119], [-76.661868, 0.635107], [-76.661856, 0.635101], [-76.661833, 0.635091], [-76.661819, 0.635084], [-76.661809, 0.63508], [-76.661791, 0.635073], [-76.661774, 0.635067], [-76.661756, 0.635062], [-76.661747, 0.635059], [-76.661726, 0.635054], [-76.661705, 0.635049], [-76.661695, 0.635046], [-76.661684, 0.635044], [-76.661663, 0.635041], [-76.66164, 0.635037], [-76.661613, 0.635034], [-76.661584, 0.63503], [-76.661554, 0.635028], [-76.661539, 0.635027], [-76.661506, 0.635025], [-76.661473, 0.635023], [-76.661448, 0.635023], [-76.661431, 0.635023], [-76.661398, 0.635023], [-76.661362, 0.635024], [-76.661337, 0.635024], [-76.661234, 0.635029], [-76.661173, 0.635031], [-76.661136, 0.635032], [-76.661091, 0.635032], [-76.661054, 0.635032], [-76.661, 0.635032], [-76.660956, 0.635031], [-76.660915, 0.63503], [-76.660888, 0.63503], [-76.660859, 0.63503], [-76.660743, 0.635031], [-76.660601, 0.635031], [-76.660571, 0.635031], [-76.660517, 0.635031], [-76.660465, 0.635032], [-76.660337, 0.635036], [-76.660275, 0.635037], [-76.660232, 0.635038], [-76.660174, 0.635038], [-76.660089, 0.635038], [-76.660032, 0.635037], [-76.659994, 0.635037], [-76.659977, 0.635036], [-76.659954, 0.635036], [-76.659928, 0.635034], [-76.659916, 0.635033], [-76.659905, 0.635032], [-76.659884, 0.63503], [-76.659859, 0.635027], [-76.659834, 0.635023], [-76.659808, 0.635018], [-76.659794, 0.635015], [-76.659779, 0.635012], [-76.659754, 0.635007], [-76.65972, 0.634998], [-76.659699, 0.634993], [-76.659637, 0.634977], [-76.659596, 0.634966], [-76.659568, 0.634958], [-76.659535, 0.634949], [-76.659504, 0.634942], [-76.659423, 0.634921], [-76.659391, 0.634913], [-76.659357, 0.634904], [-76.659318, 0.634893], [-76.659268, 0.634878], [-76.65925, 0.634873], [-76.65924, 0.634869], [-76.659216, 0.63486], [-76.659193, 0.634851], [-76.659173, 0.634843], [-76.659152, 0.634833], [-76.659143, 0.634828], [-76.659125, 0.634819], [-76.659117, 0.634815], [-76.659108, 0.63481], [-76.659099, 0.634804], [-76.65908, 0.634792], [-76.65907, 0.634785], [-76.659049, 0.634771], [-76.65904, 0.634764], [-76.659019, 0.634748], [-76.659006, 0.634738], [-76.658994, 0.634728], [-76.658981, 0.634717], [-76.658969, 0.634706], [-76.658956, 0.634695], [-76.658944, 0.634684], [-76.658932, 0.634673], [-76.658919, 0.634661], [-76.658905, 0.634648], [-76.658889, 0.634631], [-76.658872, 0.634615], [-76.658845, 0.634586], [-76.658814, 0.634553], [-76.658774, 0.634512], [-76.658735, 0.63447], [-76.658699, 0.634431], [-76.658596, 0.634315], [-76.658555, 0.634268], [-76.65852, 0.63423], [-76.658427, 0.63413], [-76.658394, 0.634093], [-76.658373, 0.63407], [-76.658319, 0.63401], [-76.658286, 0.633973], [-76.658273, 0.633958], [-76.658259, 0.633942], [-76.658246, 0.633927], [-76.658232, 0.633909], [-76.658194, 0.633863], [-76.658177, 0.633842], [-76.658158, 0.63382], [-76.658143, 0.633804], [-76.658129, 0.633787], [-76.658099, 0.633755], [-76.658057, 0.633711], [-76.658046, 0.633699], [-76.658039, 0.633693], [-76.658025, 0.633679], [-76.65799, 0.633649], [-76.657981, 0.633641], [-76.657974, 0.633634], [-76.657967, 0.633628], [-76.657962, 0.633622], [-76.657957, 0.633616], [-76.657917, 0.63357], [-76.657899, 0.633551], [-76.657889, 0.63354], [-76.657871, 0.633521], [-76.657833, 0.633483], [-76.657824, 0.633475], [-76.657784, 0.633438], [-76.657761, 0.633417], [-76.657739, 0.633397], [-76.657711, 0.633374], [-76.65768, 0.633347], [-76.657664, 0.633335], [-76.657651, 0.633324], [-76.657626, 0.633305], [-76.65761, 0.633293], [-76.657592, 0.63328], [-76.657546, 0.633251], [-76.657532, 0.633242], [-76.657497, 0.63322], [-76.657455, 0.633195], [-76.657424, 0.633177], [-76.657408, 0.633168], [-76.65737, 0.633148], [-76.657345, 0.633133], [-76.657297, 0.633107], [-76.65725, 0.633079], [-76.657236, 0.633071], [-76.657109, 0.633003], [-76.657064, 0.632979], [-76.657046, 0.63297], [-76.657023, 0.632959], [-76.657004, 0.632949], [-76.656967, 0.632932], [-76.656875, 0.63289], [-76.656832, 0.63287], [-76.656791, 0.632851], [-76.656765, 0.632838], [-76.656719, 0.632816], [-76.656695, 0.632803], [-76.656653, 0.632782], [-76.65662, 0.632765], [-76.656603, 0.632755], [-76.656585, 0.632745], [-76.656552, 0.632726], [-76.656517, 0.632705], [-76.656466, 0.632673], [-76.65645, 0.632664], [-76.656425, 0.632648], [-76.656403, 0.632637], [-76.656383, 0.632626], [-76.656375, 0.632622], [-76.656358, 0.632614], [-76.656342, 0.632608], [-76.65632, 0.632599], [-76.656266, 0.63258], [-76.656236, 0.632569], [-76.656223, 0.632564], [-76.656196, 0.632553], [-76.656168, 0.632542], [-76.656141, 0.63253], [-76.656117, 0.632518], [-76.656042, 0.632482], [-76.656, 0.632462], [-76.655959, 0.632443], [-76.655906, 0.632418], [-76.655864, 0.6324], [-76.655814, 0.632378], [-76.655775, 0.632361], [-76.655722, 0.632339], [-76.65567, 0.632318], [-76.65558, 0.632282], [-76.655524, 0.632259], [-76.655485, 0.632244], [-76.655471, 0.632239], [-76.655444, 0.632229], [-76.655309, 0.632179], [-76.655255, 0.632159], [-76.655227, 0.632148], [-76.655198, 0.632136], [-76.655184, 0.63213], [-76.65516, 0.632119], [-76.655134, 0.632106], [-76.65512, 0.632099], [-76.655106, 0.632092], [-76.655085, 0.632081], [-76.655072, 0.632073], [-76.655044, 0.632057], [-76.65502, 0.632043], [-76.655007, 0.632034], [-76.655002, 0.632031], [-76.654995, 0.632025], [-76.654984, 0.632017], [-76.654948, 0.631989], [-76.654913, 0.631963], [-76.654888, 0.631945], [-76.654847, 0.631915], [-76.654828, 0.631901], [-76.654823, 0.631897], [-76.654802, 0.63188], [-76.654788, 0.631869], [-76.654786, 0.631867], [-76.654783, 0.631864], [-76.65478, 0.63186], [-76.654753, 0.631826], [-76.654742, 0.631813], [-76.65473, 0.631799], [-76.654716, 0.631783], [-76.654701, 0.631766], [-76.654687, 0.631751], [-76.65468, 0.631743], [-76.654643, 0.631704], [-76.65456, 0.631619], [-76.654546, 0.631605], [-76.654534, 0.631592], [-76.654523, 0.631582], [-76.654502, 0.631562], [-76.654474, 0.631536], [-76.654442, 0.631506], [-76.654421, 0.631487], [-76.654409, 0.631476], [-76.654396, 0.631465], [-76.654379, 0.631451], [-76.654316, 0.631397], [-76.654296, 0.631381], [-76.654276, 0.631363], [-76.654251, 0.631342], [-76.654231, 0.631325], [-76.654209, 0.631308], [-76.654199, 0.631301], [-76.654191, 0.631295], [-76.654182, 0.631289], [-76.654171, 0.631281], [-76.654145, 0.631264], [-76.654127, 0.631253], [-76.654093, 0.631232], [-76.654062, 0.631213], [-76.654047, 0.631204], [-76.654032, 0.631196], [-76.654021, 0.63119], [-76.654, 0.631179], [-76.65399, 0.631174], [-76.653969, 0.631163], [-76.653957, 0.631158], [-76.653949, 0.631154], [-76.653945, 0.631153], [-76.653925, 0.631148], [-76.653893, 0.631141], [-76.653848, 0.631132], [-76.653816, 0.631125], [-76.653784, 0.631118], [-76.653694, 0.631096], [-76.65369, 0.631095], [-76.653686, 0.631095], [-76.65368, 0.631095], [-76.653674, 0.631095], [-76.65365, 0.631098], [-76.653624, 0.631101], [-76.653586, 0.631106], [-76.653568, 0.631108], [-76.653542, 0.631112], [-76.653507, 0.631118], [-76.653485, 0.631122], [-76.653452, 0.631128], [-76.653406, 0.631136], [-76.65334, 0.63115], [-76.653285, 0.631161], [-76.653213, 0.631177], [-76.653157, 0.631188], [-76.653116, 0.631196], [-76.653012, 0.631215], [-76.652952, 0.631226], [-76.65289, 0.631239], [-76.652812, 0.631255], [-76.652752, 0.631268], [-76.652725, 0.631273], [-76.65268, 0.631282], [-76.652648, 0.631288], [-76.652632, 0.63129], [-76.652599, 0.631296], [-76.652584, 0.631298], [-76.652559, 0.631301], [-76.652511, 0.631306], [-76.652393, 0.631318], [-76.652359, 0.631322], [-76.652325, 0.631327], [-76.652285, 0.631332], [-76.65225, 0.631337], [-76.652218, 0.631343], [-76.652146, 0.631355], [-76.652116, 0.631359], [-76.652088, 0.631363], [-76.652076, 0.631364], [-76.652067, 0.631365], [-76.652064, 0.631365], [-76.652059, 0.631365], [-76.652055, 0.631364], [-76.652027, 0.631357], [-76.652005, 0.631351], [-76.651987, 0.631346], [-76.65195, 0.631335], [-76.651888, 0.631315], [-76.651844, 0.631302], [-76.651813, 0.631293], [-76.651786, 0.631285], [-76.651769, 0.631281], [-76.651751, 0.631276], [-76.651714, 0.631267], [-76.651694, 0.631263], [-76.65166, 0.631255], [-76.651606, 0.631244], [-76.651526, 0.631228], [-76.651469, 0.631218], [-76.651431, 0.631211], [-76.651411, 0.631208], [-76.65137, 0.631202], [-76.651324, 0.631195], [-76.651268, 0.631188], [-76.651238, 0.631184], [-76.651165, 0.631176], [-76.651118, 0.631171], [-76.651077, 0.631166], [-76.651033, 0.631161], [-76.651011, 0.631158], [-76.650993, 0.631156], [-76.650948, 0.631149], [-76.650927, 0.631146], [-76.650892, 0.63114], [-76.650872, 0.631136], [-76.650834, 0.631129], [-76.650785, 0.631119], [-76.650694, 0.6311], [-76.650669, 0.631095], [-76.650634, 0.631088], [-76.650606, 0.631083], [-76.650576, 0.631079], [-76.65055, 0.631075], [-76.650522, 0.631072], [-76.650494, 0.631069], [-76.650479, 0.631068], [-76.650442, 0.631066], [-76.650405, 0.631063], [-76.65037, 0.631062], [-76.650349, 0.631061], [-76.650309, 0.63106], [-76.650284, 0.631059], [-76.650215, 0.631058], [-76.650167, 0.631058], [-76.650131, 0.631058], [-76.650028, 0.63106], [-76.64998, 0.63106], [-76.649933, 0.63106], [-76.649846, 0.631059], [-76.649792, 0.631059], [-76.649777, 0.631059], [-76.649754, 0.631059], [-76.649727, 0.63106], [-76.649712, 0.631061], [-76.649675, 0.631063], [-76.649621, 0.631066], [-76.649592, 0.631068], [-76.649558, 0.631069], [-76.649534, 0.63107], [-76.649499, 0.631071], [-76.649436, 0.631071], [-76.649411, 0.631072], [-76.649369, 0.631073], [-76.649335, 0.631074], [-76.649289, 0.631075], [-76.649265, 0.631075], [-76.649248, 0.631075], [-76.64924, 0.631074], [-76.649231, 0.631074], [-76.649217, 0.631072], [-76.649204, 0.63107], [-76.649189, 0.631067], [-76.649179, 0.631066], [-76.649144, 0.631059], [-76.649127, 0.631056], [-76.649105, 0.631051], [-76.649087, 0.631047], [-76.649041, 0.631038], [-76.649018, 0.631033], [-76.648984, 0.631025], [-76.648975, 0.631022], [-76.648963, 0.631019], [-76.648935, 0.63101], [-76.648919, 0.631004], [-76.648893, 0.630994], [-76.648876, 0.630987], [-76.648844, 0.630974], [-76.648817, 0.630962], [-76.648797, 0.630952], [-76.648775, 0.63094], [-76.648763, 0.630934], [-76.648722, 0.630911], [-76.648682, 0.630888], [-76.648672, 0.630882], [-76.648661, 0.630875], [-76.648632, 0.630857], [-76.648619, 0.630849], [-76.648596, 0.630833], [-76.648572, 0.630817], [-76.648522, 0.630779], [-76.648482, 0.630749], [-76.648452, 0.630727], [-76.648428, 0.630709], [-76.648397, 0.630688], [-76.648359, 0.630662], [-76.648347, 0.630654], [-76.648331, 0.630642], [-76.64829, 0.630612], [-76.648267, 0.630595], [-76.648258, 0.630587], [-76.648228, 0.630563], [-76.648217, 0.630553], [-76.648195, 0.630534], [-76.648178, 0.630518], [-76.648165, 0.630506], [-76.648154, 0.630495], [-76.648144, 0.630486], [-76.648129, 0.63047], [-76.648116, 0.630456], [-76.648105, 0.630445], [-76.648085, 0.630422], [-76.648073, 0.630408], [-76.648062, 0.630394], [-76.648052, 0.630381], [-76.648034, 0.630359], [-76.648016, 0.630335], [-76.648002, 0.630316], [-76.647977, 0.63028], [-76.647961, 0.630257], [-76.647942, 0.630228], [-76.647925, 0.630203], [-76.647891, 0.630153], [-76.647884, 0.63014], [-76.647866, 0.630111], [-76.647846, 0.630075], [-76.647837, 0.630059], [-76.647826, 0.63004], [-76.647809, 0.630012], [-76.647777, 0.62996], [-76.647747, 0.629913], [-76.647728, 0.629884], [-76.647709, 0.629857], [-76.647702, 0.629846], [-76.647692, 0.629833], [-76.647685, 0.629823], [-76.647677, 0.629815], [-76.647661, 0.629795], [-76.647642, 0.629773], [-76.647621, 0.629751], [-76.647612, 0.629741], [-76.647602, 0.629731], [-76.647593, 0.629723], [-76.647578, 0.629708], [-76.647545, 0.629678], [-76.647533, 0.629667], [-76.647494, 0.629634], [-76.647431, 0.629585], [-76.647398, 0.629559], [-76.647384, 0.629548], [-76.647359, 0.62953], [-76.647274, 0.629464], [-76.647253, 0.629449], [-76.647243, 0.629441], [-76.647233, 0.629434], [-76.647216, 0.629424], [-76.647191, 0.629409], [-76.647172, 0.629398], [-76.647118, 0.629368], [-76.647037, 0.629322], [-76.646987, 0.629292], [-76.646959, 0.629276], [-76.646881, 0.629226], [-76.646798, 0.629173], [-76.646786, 0.629165], [-76.646728, 0.629129], [-76.646686, 0.629101], [-76.646677, 0.629096], [-76.646648, 0.629077], [-76.646572, 0.629027], [-76.646544, 0.629009], [-76.64651, 0.628988], [-76.646485, 0.628973], [-76.646457, 0.628956], [-76.646441, 0.628946], [-76.646415, 0.628931], [-76.646385, 0.628912], [-76.646279, 0.628848], [-76.646269, 0.628842], [-76.64625, 0.62883], [-76.646229, 0.628817], [-76.646208, 0.628803], [-76.646163, 0.628773], [-76.646105, 0.628733], [-76.646079, 0.628715], [-76.646045, 0.62869], [-76.646032, 0.62868], [-76.646014, 0.628666], [-76.645992, 0.628648], [-76.645973, 0.628632], [-76.645915, 0.628583], [-76.645897, 0.628568], [-76.64586, 0.628538], [-76.64579, 0.628477], [-76.645758, 0.628451], [-76.645755, 0.628448], [-76.645748, 0.628442], [-76.645704, 0.628401], [-76.645661, 0.628361], [-76.645653, 0.628354], [-76.645522, 0.628227], [-76.645495, 0.628203], [-76.645434, 0.628147], [-76.645369, 0.628089], [-76.645336, 0.62806], [-76.645316, 0.628042], [-76.645235, 0.627968], [-76.645094, 0.627838], [-76.645068, 0.627813], [-76.645038, 0.627784], [-76.644985, 0.627735], [-76.644943, 0.627695], [-76.644925, 0.627678], [-76.644879, 0.627636], [-76.644792, 0.627555], [-76.644719, 0.627489], [-76.644665, 0.62744], [-76.644646, 0.627422], [-76.644601, 0.627377], [-76.644587, 0.627364], [-76.644507, 0.627282], [-76.644476, 0.627249], [-76.644464, 0.627236], [-76.644421, 0.627189], [-76.644404, 0.627171], [-76.644382, 0.627147], [-76.64437, 0.627134], [-76.644298, 0.627059], [-76.644264, 0.627025], [-76.644244, 0.627004], [-76.644237, 0.626997], [-76.644175, 0.626936], [-76.644135, 0.626897], [-76.644124, 0.626887], [-76.644103, 0.626867], [-76.644075, 0.626843], [-76.644049, 0.626821], [-76.644036, 0.62681], [-76.643995, 0.626776], [-76.643983, 0.626766], [-76.643943, 0.626734], [-76.643932, 0.626725], [-76.643909, 0.626705], [-76.64389, 0.626688], [-76.643875, 0.626675], [-76.643854, 0.626656], [-76.643832, 0.626636], [-76.643799, 0.626605], [-76.643732, 0.62654], [-76.643703, 0.626512], [-76.643674, 0.626485], [-76.64362, 0.626435], [-76.643593, 0.62641], [-76.643541, 0.626361], [-76.643502, 0.626325], [-76.643433, 0.626256], [-76.643419, 0.626242], [-76.64339, 0.626212], [-76.643351, 0.62617], [-76.643332, 0.626149], [-76.64331, 0.626125], [-76.643282, 0.626093], [-76.643257, 0.626065], [-76.643236, 0.626043], [-76.643188, 0.625995], [-76.643161, 0.625967], [-76.64313, 0.625934], [-76.643083, 0.625884], [-76.643074, 0.625875], [-76.643036, 0.625837], [-76.643005, 0.625807], [-76.642964, 0.625769], [-76.642934, 0.625742], [-76.642871, 0.625685], [-76.642849, 0.625665], [-76.642814, 0.625631], [-76.642785, 0.625604], [-76.642753, 0.625571], [-76.642734, 0.625551], [-76.64271, 0.625526], [-76.642679, 0.625494], [-76.642646, 0.62546], [-76.642615, 0.62543], [-76.642596, 0.62541], [-76.642572, 0.625384], [-76.642566, 0.625379], [-76.642559, 0.62537], [-76.642552, 0.625362], [-76.642543, 0.625351], [-76.642525, 0.625328], [-76.642501, 0.625297], [-76.642494, 0.625288], [-76.642479, 0.625265], [-76.64247, 0.625253], [-76.642448, 0.625221], [-76.642432, 0.625197], [-76.642401, 0.625148], [-76.642391, 0.625131], [-76.642389, 0.625127], [-76.642383, 0.625117], [-76.642368, 0.625089], [-76.642343, 0.625043], [-76.642336, 0.625028], [-76.642317, 0.624989], [-76.6423, 0.624951], [-76.642285, 0.62492], [-76.642273, 0.624899], [-76.642264, 0.624885], [-76.642252, 0.624865], [-76.642234, 0.624838], [-76.64222, 0.624816], [-76.642212, 0.624806], [-76.642199, 0.624789], [-76.642188, 0.624773], [-76.642181, 0.624765], [-76.642179, 0.624762], [-76.642171, 0.624753], [-76.642155, 0.624736], [-76.642134, 0.624714], [-76.642107, 0.624687], [-76.642056, 0.624635], [-76.64202, 0.624597], [-76.641986, 0.624561], [-76.64197, 0.624544], [-76.641966, 0.62454], [-76.641936, 0.624504], [-76.64191, 0.624473], [-76.6419, 0.624461], [-76.641888, 0.624446], [-76.64188, 0.624434], [-76.64186, 0.624408], [-76.641844, 0.624384], [-76.641797, 0.624315], [-76.641766, 0.62427], [-76.641759, 0.624259], [-76.641739, 0.62423], [-76.641727, 0.624211], [-76.641699, 0.624168], [-76.641659, 0.624107], [-76.641633, 0.624066], [-76.641618, 0.62404], [-76.641597, 0.624004], [-76.641591, 0.623994], [-76.64157, 0.623955], [-76.641562, 0.623941], [-76.641553, 0.623924], [-76.641518, 0.623854], [-76.641511, 0.623838], [-76.641496, 0.623806], [-76.641481, 0.623775], [-76.641452, 0.623715], [-76.641428, 0.623665], [-76.64142, 0.623646], [-76.641407, 0.623618], [-76.641376, 0.62355], [-76.641367, 0.623529], [-76.641355, 0.623503], [-76.641349, 0.623487], [-76.641333, 0.623447], [-76.641294, 0.623353], [-76.641269, 0.62329], [-76.641252, 0.62325], [-76.641241, 0.623226], [-76.64123, 0.623199], [-76.641219, 0.623173], [-76.641197, 0.62312], [-76.641153, 0.623013], [-76.641149, 0.623003], [-76.641127, 0.622947], [-76.641082, 0.622834], [-76.641075, 0.622817], [-76.64107, 0.622806], [-76.641063, 0.622792], [-76.641029, 0.622721], [-76.640994, 0.622646], [-76.640975, 0.622605], [-76.640961, 0.622577], [-76.640948, 0.62255], [-76.640928, 0.622508], [-76.64092, 0.622493], [-76.640906, 0.622465], [-76.640895, 0.622445], [-76.640884, 0.622424], [-76.64086, 0.62238], [-76.640855, 0.62237], [-76.640823, 0.622311], [-76.640804, 0.622276], [-76.640784, 0.622239], [-76.640759, 0.622193], [-76.640722, 0.622132], [-76.640692, 0.62208], [-76.640644, 0.621995], [-76.640631, 0.621973], [-76.640609, 0.621936], [-76.640585, 0.621898], [-76.640559, 0.621858], [-76.640518, 0.621795], [-76.640477, 0.62173], [-76.640464, 0.621709], [-76.640414, 0.621627], [-76.640364, 0.621541], [-76.640347, 0.621512], [-76.640339, 0.621498], [-76.640328, 0.621478], [-76.640308, 0.621443], [-76.640291, 0.621411], [-76.640281, 0.621392], [-76.640264, 0.621359], [-76.640249, 0.621329], [-76.640239, 0.62131], [-76.640221, 0.621274], [-76.640199, 0.621229], [-76.640186, 0.621204], [-76.640176, 0.621185], [-76.640166, 0.621167], [-76.640154, 0.621145], [-76.64014, 0.621122], [-76.640121, 0.621092], [-76.64011, 0.621073], [-76.640097, 0.621055], [-76.640088, 0.621042], [-76.64008, 0.621031], [-76.640071, 0.621018], [-76.640059, 0.621003], [-76.640053, 0.620996], [-76.640046, 0.620987], [-76.640038, 0.620978], [-76.640028, 0.620967], [-76.64002, 0.620959], [-76.640008, 0.620948], [-76.639998, 0.620938], [-76.639987, 0.620927], [-76.639975, 0.620917], [-76.639952, 0.620897], [-76.639937, 0.620885], [-76.639916, 0.620868], [-76.639901, 0.620857], [-76.639864, 0.620829], [-76.639828, 0.620802], [-76.639824, 0.6208], [-76.639815, 0.620794], [-76.639774, 0.620769], [-76.639768, 0.620765], [-76.639753, 0.620756], [-76.639715, 0.620734], [-76.6397, 0.620725], [-76.639663, 0.620706], [-76.639628, 0.620689], [-76.639605, 0.620678], [-76.639518, 0.620637], [-76.639482, 0.620621], [-76.639461, 0.620612], [-76.63942, 0.620596], [-76.639395, 0.620586], [-76.639352, 0.620569], [-76.639338, 0.620563], [-76.639311, 0.620552], [-76.639252, 0.620527], [-76.639204, 0.620506], [-76.639175, 0.620493], [-76.639038, 0.620435], [-76.638996, 0.620416], [-76.638961, 0.6204], [-76.638943, 0.620391], [-76.638911, 0.620378], [-76.638901, 0.620374], [-76.638896, 0.620373], [-76.638859, 0.620362], [-76.638855, 0.620361], [-76.638842, 0.620358], [-76.638804, 0.620352], [-76.638793, 0.62035], [-76.638743, 0.620344], [-76.638725, 0.620341], [-76.638649, 0.62033], [-76.638615, 0.620325], [-76.638579, 0.620321], [-76.638516, 0.620314], [-76.638467, 0.620309], [-76.638435, 0.620305], [-76.638408, 0.620301], [-76.638369, 0.620295], [-76.638348, 0.62029], [-76.638321, 0.620284], [-76.638316, 0.620283], [-76.638296, 0.620274], [-76.638187, 0.620222], [-76.638149, 0.620204], [-76.638112, 0.620186], [-76.638097, 0.620179], [-76.638082, 0.620172], [-76.638058, 0.620161], [-76.63804, 0.620154], [-76.63802, 0.620146], [-76.637998, 0.620137], [-76.63797, 0.620127], [-76.637941, 0.620117], [-76.637887, 0.6201], [-76.637847, 0.620087], [-76.637816, 0.620078], [-76.637772, 0.620064], [-76.637718, 0.620047], [-76.637693, 0.620039], [-76.63764, 0.620021], [-76.637603, 0.620007], [-76.637568, 0.619994], [-76.63755, 0.619987], [-76.637542, 0.619983], [-76.637487, 0.61996], [-76.63746, 0.619947], [-76.637443, 0.61994], [-76.63743, 0.619933], [-76.637407, 0.619922], [-76.637377, 0.619907], [-76.637341, 0.619887], [-76.637325, 0.619878], [-76.637315, 0.619872], [-76.637291, 0.619856], [-76.637272, 0.619843], [-76.63724, 0.619821], [-76.63721, 0.6198], [-76.637159, 0.619765], [-76.637087, 0.619713], [-76.637048, 0.619685], [-76.637024, 0.619668], [-76.636998, 0.619651], [-76.636965, 0.61963], [-76.636907, 0.619594], [-76.636876, 0.619574], [-76.636855, 0.61956], [-76.636839, 0.619548], [-76.636815, 0.61953], [-76.636791, 0.619512], [-76.636777, 0.619501], [-76.636755, 0.619482], [-76.636747, 0.619475], [-76.636738, 0.619467], [-76.636729, 0.61946], [-76.636707, 0.619444], [-76.636697, 0.619437], [-76.636651, 0.619405], [-76.6366, 0.619371], [-76.636576, 0.619354], [-76.636565, 0.619347], [-76.636539, 0.619327], [-76.636457, 0.619265], [-76.636433, 0.619248], [-76.636364, 0.619198], [-76.636349, 0.619187], [-76.636334, 0.619175], [-76.636323, 0.619167], [-76.636309, 0.619155], [-76.636295, 0.619144], [-76.636268, 0.619122], [-76.636245, 0.619102], [-76.636232, 0.61909], [-76.636221, 0.619079], [-76.636207, 0.619067], [-76.636198, 0.619057], [-76.636191, 0.61905], [-76.636183, 0.619042], [-76.636174, 0.619033], [-76.636165, 0.619022], [-76.636156, 0.619012], [-76.636144, 0.618998], [-76.636136, 0.618989], [-76.636124, 0.618972], [-76.636116, 0.618962], [-76.636104, 0.618944], [-76.636102, 0.618941], [-76.6361, 0.618939], [-76.636097, 0.618932], [-76.636087, 0.618911], [-76.636075, 0.618883], [-76.636034, 0.618784], [-76.636004, 0.618714], [-76.635973, 0.618644], [-76.635948, 0.618588], [-76.635919, 0.618526], [-76.635901, 0.618487], [-76.635878, 0.618439], [-76.635836, 0.618351], [-76.635811, 0.618299], [-76.635789, 0.618255], [-76.635777, 0.618233], [-76.635757, 0.618193], [-76.63575, 0.61818], [-76.635735, 0.618154], [-76.635717, 0.618123], [-76.635705, 0.618101], [-76.635697, 0.618089], [-76.63568, 0.618063], [-76.635661, 0.618034], [-76.635636, 0.617999], [-76.635624, 0.617982], [-76.635617, 0.617972], [-76.635597, 0.617945], [-76.635589, 0.617936], [-76.635555, 0.617897], [-76.635521, 0.61786], [-76.635436, 0.617772], [-76.635417, 0.617752], [-76.635357, 0.617687], [-76.635326, 0.617655], [-76.635304, 0.617633], [-76.635279, 0.617607], [-76.635238, 0.617567], [-76.63519, 0.617521], [-76.635148, 0.617481], [-76.635112, 0.617448], [-76.635092, 0.61743], [-76.63507, 0.61741], [-76.635049, 0.617391], [-76.635019, 0.617366], [-76.634986, 0.617337], [-76.634915, 0.617275], [-76.634837, 0.617207], [-76.634807, 0.617181], [-76.634768, 0.617146], [-76.634738, 0.617119], [-76.634719, 0.617103], [-76.634701, 0.617088], [-76.634687, 0.617076], [-76.634679, 0.617069], [-76.634666, 0.617059], [-76.634651, 0.617047], [-76.634638, 0.617037], [-76.634623, 0.617026], [-76.634609, 0.617015], [-76.634595, 0.617005], [-76.634566, 0.616985], [-76.63455, 0.616973], [-76.634534, 0.616963], [-76.634519, 0.616953], [-76.634507, 0.616946], [-76.634497, 0.616939], [-76.634482, 0.616931], [-76.634461, 0.616919], [-76.634399, 0.616883], [-76.634364, 0.616862], [-76.634303, 0.616825], [-76.634279, 0.616811], [-76.63426, 0.616801], [-76.634249, 0.616795], [-76.634228, 0.616785], [-76.634182, 0.616763], [-76.634153, 0.616748], [-76.634128, 0.616735], [-76.63411, 0.616725], [-76.634097, 0.616718], [-76.634076, 0.616705], [-76.634054, 0.616691], [-76.634043, 0.616684], [-76.634017, 0.616666], [-76.633984, 0.616643], [-76.633931, 0.616604], [-76.633859, 0.61655], [-76.633819, 0.616521], [-76.633762, 0.616481], [-76.633719, 0.616452], [-76.633623, 0.616384], [-76.633536, 0.616325], [-76.633498, 0.616298], [-76.633492, 0.616294], [-76.63342, 0.616241], [-76.633337, 0.61618], [-76.633265, 0.616127], [-76.63322, 0.616093], [-76.633125, 0.616028], [-76.63309, 0.616003], [-76.633033, 0.615964], [-76.632933, 0.615894], [-76.632895, 0.615866], [-76.632853, 0.615835], [-76.632811, 0.615804], [-76.632724, 0.615742], [-76.632696, 0.615722], [-76.632663, 0.6157], [-76.632581, 0.615645], [-76.632536, 0.615614], [-76.63249, 0.615583], [-76.632462, 0.615564], [-76.632399, 0.615522], [-76.632314, 0.615467], [-76.632294, 0.615454], [-76.632278, 0.615443], [-76.632261, 0.615431], [-76.632235, 0.615412], [-76.63214, 0.615339], [-76.632114, 0.61532], [-76.632102, 0.615311], [-76.632056, 0.61528], [-76.631959, 0.615212], [-76.631941, 0.615199], [-76.631871, 0.615152], [-76.631816, 0.615113], [-76.631754, 0.61507], [-76.631663, 0.615005], [-76.631622, 0.614976], [-76.631567, 0.614935], [-76.631519, 0.6149], [-76.631479, 0.61487], [-76.631464, 0.614858], [-76.631435, 0.614835], [-76.631388, 0.614797], [-76.631364, 0.614777], [-76.631338, 0.614756], [-76.631325, 0.614745], [-76.631302, 0.614728], [-76.631274, 0.614708], [-76.631263, 0.614699], [-76.631236, 0.614682], [-76.631208, 0.614663], [-76.631181, 0.614646], [-76.630982, 0.614523], [-76.630953, 0.614506], [-76.630933, 0.614495], [-76.63089, 0.614471], [-76.630787, 0.614414], [-76.630736, 0.614385], [-76.630663, 0.614343], [-76.630635, 0.614327], [-76.630608, 0.614311], [-76.630541, 0.614272], [-76.630489, 0.614241], [-76.630456, 0.614221], [-76.630416, 0.614197], [-76.630394, 0.614184], [-76.630327, 0.614145], [-76.630297, 0.614128], [-76.630278, 0.614117], [-76.630256, 0.614104], [-76.630235, 0.614092], [-76.630177, 0.614059], [-76.630162, 0.61405], [-76.630149, 0.614043], [-76.630124, 0.614031], [-76.630112, 0.614025], [-76.630085, 0.614012], [-76.630071, 0.614006], [-76.629973, 0.613964], [-76.629937, 0.613949], [-76.629873, 0.613924], [-76.6298, 0.613896], [-76.629723, 0.613865], [-76.629672, 0.613846], [-76.62957, 0.613806], [-76.62954, 0.613794], [-76.629501, 0.613778], [-76.629486, 0.613772], [-76.62946, 0.613761], [-76.629442, 0.613754], [-76.629365, 0.613719], [-76.629271, 0.613679], [-76.629222, 0.613659], [-76.629117, 0.613616], [-76.62908, 0.613601], [-76.629068, 0.613595], [-76.629034, 0.613581], [-76.629011, 0.613571], [-76.628971, 0.613556], [-76.628947, 0.613546], [-76.628914, 0.613533], [-76.628892, 0.613523], [-76.628868, 0.613515], [-76.628845, 0.613506], [-76.62882, 0.613496], [-76.628708, 0.613453], [-76.628686, 0.613446], [-76.628675, 0.613442], [-76.628652, 0.613435], [-76.628607, 0.613421], [-76.628592, 0.613417], [-76.628577, 0.613413], [-76.62852, 0.6134], [-76.628421, 0.613376], [-76.628405, 0.613373], [-76.628385, 0.613368], [-76.628365, 0.613364], [-76.628269, 0.613344], [-76.628228, 0.613336], [-76.628197, 0.613331], [-76.628164, 0.613326], [-76.628063, 0.61331], [-76.628029, 0.613305], [-76.627963, 0.613296], [-76.627884, 0.613286], [-76.627844, 0.61328], [-76.627828, 0.613278], [-76.627811, 0.613274], [-76.627803, 0.613272], [-76.627772, 0.613263], [-76.627739, 0.613252], [-76.62771, 0.61324], [-76.627699, 0.613235], [-76.627651, 0.613213], [-76.627619, 0.613197], [-76.62758, 0.613179], [-76.627535, 0.613156], [-76.627498, 0.613137], [-76.627489, 0.613133], [-76.627478, 0.613126], [-76.627436, 0.613099], [-76.627373, 0.613061], [-76.627354, 0.613049], [-76.627316, 0.613023], [-76.627303, 0.613015], [-76.627289, 0.613004], [-76.627267, 0.612988], [-76.627248, 0.612974], [-76.627217, 0.612951], [-76.627192, 0.612931], [-76.627182, 0.612923], [-76.627168, 0.612911], [-76.627159, 0.612903], [-76.627151, 0.612896], [-76.627142, 0.612887], [-76.627133, 0.612878], [-76.627123, 0.612868], [-76.627105, 0.61285], [-76.627071, 0.612814], [-76.627015, 0.612755], [-76.626985, 0.612723], [-76.626977, 0.612714], [-76.626958, 0.612692], [-76.626942, 0.612672], [-76.626911, 0.612636], [-76.626896, 0.612619], [-76.626875, 0.612594], [-76.626837, 0.612546], [-76.626812, 0.612515], [-76.626794, 0.612492], [-76.626769, 0.61246], [-76.626745, 0.61243], [-76.626715, 0.612392], [-76.62666, 0.612321], [-76.626615, 0.612263], [-76.62661, 0.612256], [-76.6266, 0.612242], [-76.626537, 0.612153], [-76.626488, 0.612085], [-76.626452, 0.612035], [-76.626404, 0.61197], [-76.626379, 0.611935], [-76.626349, 0.611894], [-76.626323, 0.611857], [-76.626283, 0.611801], [-76.626241, 0.611746], [-76.626222, 0.611721], [-76.62621, 0.611707], [-76.626195, 0.611688], [-76.626184, 0.611674], [-76.626142, 0.611625], [-76.626126, 0.611606], [-76.626108, 0.611585], [-76.626093, 0.611568], [-76.626078, 0.611552], [-76.62605, 0.61152], [-76.625989, 0.611455], [-76.625966, 0.61143], [-76.625948, 0.611409], [-76.625899, 0.611352], [-76.62587, 0.611318], [-76.625836, 0.611276], [-76.625809, 0.611245], [-76.625794, 0.611228], [-76.62578, 0.611212], [-76.625764, 0.611194], [-76.625749, 0.611178], [-76.625741, 0.61117], [-76.625731, 0.611161], [-76.625719, 0.61115], [-76.625704, 0.611135], [-76.625644, 0.611081], [-76.62561, 0.611051], [-76.625595, 0.611038], [-76.625576, 0.611021], [-76.625561, 0.611008], [-76.625535, 0.610987], [-76.625522, 0.610978], [-76.625498, 0.610959], [-76.625488, 0.610952], [-76.625465, 0.610936], [-76.625452, 0.610927], [-76.625427, 0.61091], [-76.625415, 0.610903], [-76.625381, 0.610883], [-76.625347, 0.610862], [-76.625336, 0.610856], [-76.625308, 0.610841], [-76.625288, 0.61083], [-76.625257, 0.610815], [-76.625235, 0.610804], [-76.625213, 0.610793], [-76.625182, 0.610779], [-76.625167, 0.610772], [-76.625157, 0.610768], [-76.625133, 0.610758], [-76.625095, 0.610742], [-76.625076, 0.610734], [-76.625048, 0.610722], [-76.625008, 0.610704], [-76.624934, 0.610669], [-76.624923, 0.610664], [-76.624908, 0.610657], [-76.624894, 0.610651], [-76.624857, 0.610636], [-76.624821, 0.61062], [-76.624779, 0.610601], [-76.624735, 0.610581], [-76.624698, 0.610564], [-76.624668, 0.610551], [-76.624586, 0.610512], [-76.624571, 0.610505], [-76.624537, 0.610488], [-76.624514, 0.610476], [-76.62448, 0.610457], [-76.624467, 0.610451], [-76.624438, 0.610434], [-76.624415, 0.61042], [-76.624396, 0.610408], [-76.624306, 0.610351], [-76.624255, 0.610317], [-76.624201, 0.610279], [-76.624164, 0.610249], [-76.624155, 0.610241], [-76.62415, 0.610237], [-76.624129, 0.610217], [-76.624115, 0.610205], [-76.624102, 0.610192], [-76.624078, 0.610168], [-76.62406, 0.610148], [-76.624055, 0.610143], [-76.624036, 0.610122], [-76.62402, 0.610103], [-76.624015, 0.610097], [-76.623993, 0.610068], [-76.62397, 0.610037], [-76.623945, 0.610003], [-76.623914, 0.609961], [-76.623892, 0.609931], [-76.623872, 0.609903], [-76.623863, 0.60989], [-76.623844, 0.609863], [-76.623803, 0.609802], [-76.623781, 0.609771], [-76.623758, 0.609739], [-76.623727, 0.609696], [-76.623669, 0.609615], [-76.623663, 0.609606], [-76.623649, 0.609584], [-76.623601, 0.609511], [-76.623585, 0.609488], [-76.623565, 0.60946], [-76.623531, 0.609412], [-76.623482, 0.609344], [-76.623448, 0.609296], [-76.623425, 0.609264], [-76.623397, 0.609225], [-76.623372, 0.609191], [-76.623352, 0.609163], [-76.623336, 0.609141], [-76.623303, 0.609094], [-76.623287, 0.609071], [-76.623278, 0.609058], [-76.623259, 0.609029], [-76.623225, 0.608978], [-76.623194, 0.608933], [-76.623131, 0.608842], [-76.623091, 0.608783], [-76.623035, 0.608703], [-76.623002, 0.608656], [-76.622974, 0.608618], [-76.622964, 0.608604], [-76.622954, 0.608591], [-76.622907, 0.60853], [-76.622894, 0.608514], [-76.62286, 0.608466], [-76.622849, 0.608453], [-76.622829, 0.608427], [-76.622822, 0.608417], [-76.622811, 0.608405], [-76.622798, 0.60839], [-76.622784, 0.608375], [-76.622771, 0.608362], [-76.622764, 0.608355], [-76.622756, 0.608348], [-76.622748, 0.608341], [-76.622737, 0.608331], [-76.622701, 0.6083], [-76.622683, 0.608285], [-76.622668, 0.608272], [-76.62265, 0.608256], [-76.622625, 0.608233], [-76.622602, 0.60821], [-76.622588, 0.608197], [-76.622575, 0.608183], [-76.622564, 0.608172], [-76.622544, 0.608151], [-76.622523, 0.608128], [-76.622501, 0.608102], [-76.622479, 0.608078], [-76.622452, 0.608049], [-76.622425, 0.60802], [-76.62241, 0.608005], [-76.622395, 0.60799], [-76.62237, 0.607966], [-76.622344, 0.607941], [-76.62231, 0.60791], [-76.622283, 0.607886], [-76.622233, 0.607841], [-76.622218, 0.607828], [-76.622186, 0.6078], [-76.622144, 0.607764], [-76.622111, 0.607737], [-76.622052, 0.607689], [-76.622031, 0.607671], [-76.62202, 0.607662], [-76.621984, 0.607631], [-76.621922, 0.607578], [-76.62189, 0.607551], [-76.621876, 0.60754], [-76.62187, 0.607535], [-76.621811, 0.607493], [-76.621742, 0.607443], [-76.621712, 0.607422], [-76.621685, 0.607404], [-76.621642, 0.607377], [-76.621615, 0.60736], [-76.621588, 0.607344], [-76.621572, 0.607335], [-76.621545, 0.607319], [-76.621532, 0.607312], [-76.62149, 0.607289], [-76.621473, 0.60728], [-76.621426, 0.607256], [-76.62139, 0.607238], [-76.621368, 0.607226], [-76.621355, 0.607218], [-76.621328, 0.607203], [-76.621288, 0.607179], [-76.62126, 0.607162], [-76.621228, 0.607143], [-76.621214, 0.607136], [-76.621183, 0.607119], [-76.621171, 0.607113], [-76.621148, 0.607102], [-76.621115, 0.607086], [-76.621078, 0.607069], [-76.621058, 0.60706], [-76.62103, 0.607049], [-76.620935, 0.60701], [-76.620899, 0.606995], [-76.620815, 0.606957], [-76.62077, 0.606938], [-76.62073, 0.606922], [-76.620708, 0.606913], [-76.620695, 0.606909], [-76.620679, 0.606903], [-76.620618, 0.606882], [-76.620577, 0.606868], [-76.620567, 0.606865], [-76.620526, 0.606849], [-76.620505, 0.606841], [-76.620487, 0.606834], [-76.620461, 0.606822], [-76.62043, 0.606808], [-76.620401, 0.606794], [-76.620392, 0.606789], [-76.620369, 0.606777], [-76.620345, 0.606763], [-76.620336, 0.606758], [-76.620297, 0.606733], [-76.620283, 0.606724], [-76.620263, 0.606709], [-76.620239, 0.606691], [-76.620225, 0.60668], [-76.620177, 0.606641], [-76.620096, 0.606574], [-76.620075, 0.606557], [-76.620017, 0.606511], [-76.619968, 0.606471], [-76.619941, 0.606448], [-76.619929, 0.606437], [-76.619919, 0.606429], [-76.619902, 0.606413], [-76.619891, 0.606402], [-76.619882, 0.606393], [-76.61987, 0.606381], [-76.619843, 0.60635], [-76.619828, 0.606333], [-76.619822, 0.606325], [-76.619805, 0.606304], [-76.619788, 0.606283], [-76.61978, 0.606271], [-76.619772, 0.606261], [-76.619765, 0.606251], [-76.619752, 0.606232], [-76.619732, 0.606206], [-76.619695, 0.606153], [-76.619685, 0.60614], [-76.619629, 0.606066], [-76.619599, 0.606025], [-76.619591, 0.606012], [-76.619582, 0.605998], [-76.619568, 0.605974], [-76.619563, 0.605966], [-76.619557, 0.605955], [-76.619546, 0.605934], [-76.619523, 0.605888], [-76.61951, 0.605863], [-76.619497, 0.605838], [-76.619482, 0.605812], [-76.619428, 0.605717], [-76.619404, 0.605675], [-76.619389, 0.605651], [-76.619383, 0.605641], [-76.619374, 0.605627], [-76.619362, 0.605608], [-76.619338, 0.605573], [-76.619315, 0.60554], [-76.619308, 0.605529], [-76.619291, 0.605507], [-76.61927, 0.60548], [-76.61925, 0.605455], [-76.619218, 0.605416], [-76.619183, 0.605376], [-76.619171, 0.605361], [-76.619147, 0.605332], [-76.619114, 0.605293], [-76.619067, 0.605236], [-76.619051, 0.605216], [-76.619023, 0.605182], [-76.618984, 0.605136], [-76.618974, 0.605123], [-76.618946, 0.605089], [-76.618919, 0.605056], [-76.618886, 0.605015], [-76.618832, 0.604952], [-76.618764, 0.604872], [-76.618744, 0.604849], [-76.618724, 0.604826], [-76.618708, 0.604808], [-76.618681, 0.604779], [-76.618593, 0.604684], [-76.618556, 0.604644], [-76.618536, 0.604624], [-76.618519, 0.604605], [-76.618503, 0.604587], [-76.618479, 0.60456], [-76.61846, 0.604538], [-76.61842, 0.60449], [-76.618381, 0.604443], [-76.618342, 0.604397], [-76.618321, 0.604374], [-76.618293, 0.604343], [-76.618257, 0.604303], [-76.618201, 0.60424], [-76.618167, 0.604202], [-76.618156, 0.604189], [-76.61814, 0.604169], [-76.618117, 0.604139], [-76.618077, 0.604086], [-76.618063, 0.604069], [-76.618046, 0.604049], [-76.618013, 0.604008], [-76.617983, 0.60397], [-76.617954, 0.603936], [-76.617944, 0.603923], [-76.617932, 0.603909], [-76.617904, 0.603877], [-76.617889, 0.603861], [-76.617789, 0.603745], [-76.617726, 0.603674], [-76.617705, 0.60365], [-76.617692, 0.603634], [-76.617662, 0.603599], [-76.617578, 0.603497], [-76.617547, 0.603458], [-76.617528, 0.603434], [-76.617507, 0.603406], [-76.617447, 0.603325], [-76.617402, 0.603267], [-76.617377, 0.603232], [-76.617351, 0.603196], [-76.617327, 0.603162], [-76.617315, 0.603145], [-76.61729, 0.603106], [-76.617264, 0.603066], [-76.617248, 0.60304], [-76.617224, 0.603002], [-76.617191, 0.602945], [-76.617172, 0.602912], [-76.617164, 0.602897], [-76.61715, 0.602871], [-76.617144, 0.602861], [-76.617134, 0.602841], [-76.617116, 0.602802], [-76.617087, 0.602739], [-76.617051, 0.602662], [-76.617037, 0.602634], [-76.617025, 0.60261], [-76.617015, 0.602591], [-76.617, 0.602565], [-76.616951, 0.602478], [-76.616936, 0.60245], [-76.616921, 0.602423], [-76.616901, 0.602384], [-76.616863, 0.602311], [-76.616852, 0.60229], [-76.616843, 0.602273], [-76.61681, 0.602212], [-76.616783, 0.60216], [-76.61677, 0.602135], [-76.616759, 0.602112], [-76.616746, 0.602086], [-76.616739, 0.60207], [-76.616733, 0.602056], [-76.616728, 0.602043], [-76.616726, 0.602039], [-76.616723, 0.602029], [-76.616717, 0.602011], [-76.616714, 0.601999], [-76.616709, 0.601982], [-76.616704, 0.60196], [-76.616701, 0.601949], [-76.616701, 0.601946], [-76.6167, 0.601941], [-76.616699, 0.601912], [-76.616699, 0.60188], [-76.616699, 0.601816], [-76.616699, 0.601789], [-76.6167, 0.601757], [-76.616701, 0.601724], [-76.616705, 0.601608], [-76.616708, 0.601543], [-76.61671, 0.6015], [-76.616713, 0.601454], [-76.616721, 0.601353], [-76.616725, 0.601283], [-76.616726, 0.601264], [-76.616728, 0.601235], [-76.616731, 0.601194], [-76.616736, 0.601137], [-76.616738, 0.601111], [-76.616742, 0.60108], [-76.616747, 0.601035], [-76.616756, 0.60095], [-76.616768, 0.600842], [-76.616771, 0.600809], [-76.616775, 0.600772], [-76.616778, 0.600731], [-76.616786, 0.600626], [-76.616789, 0.600584], [-76.616792, 0.600548], [-76.616793, 0.600519], [-76.616796, 0.600461], [-76.616801, 0.600329], [-76.616802, 0.600311], [-76.616803, 0.600292], [-76.616806, 0.600249], [-76.616807, 0.600226], [-76.616812, 0.600107], [-76.616815, 0.600051], [-76.616819, 0.599973], [-76.616822, 0.59993], [-76.616824, 0.59991], [-76.616827, 0.599868], [-76.616829, 0.599848], [-76.61683, 0.599835], [-76.616831, 0.599812], [-76.616832, 0.599786], [-76.616833, 0.599767], [-76.616835, 0.599692], [-76.616836, 0.599662], [-76.616837, 0.599637], [-76.616839, 0.599603], [-76.616842, 0.599569], [-76.616844, 0.599543], [-76.616847, 0.599514], [-76.61685, 0.599486], [-76.616852, 0.599472], [-76.616856, 0.59945], [-76.616861, 0.599419], [-76.616869, 0.599376], [-76.616876, 0.599342], [-76.616886, 0.599299], [-76.616896, 0.599259], [-76.616905, 0.599225], [-76.616912, 0.599199], [-76.616921, 0.599166], [-76.61693, 0.599135], [-76.616938, 0.599109], [-76.61695, 0.599072], [-76.616971, 0.599012], [-76.617013, 0.59889], [-76.617026, 0.598853], [-76.617037, 0.598818], [-76.617046, 0.59879], [-76.617054, 0.598761], [-76.617058, 0.598746], [-76.617067, 0.598709], [-76.617072, 0.59869], [-76.617075, 0.598677], [-76.61708, 0.598654], [-76.617086, 0.598622], [-76.617089, 0.598607], [-76.617089, 0.598602], [-76.61709, 0.598579], [-76.61709, 0.598554], [-76.61709, 0.598531], [-76.617089, 0.598504], [-76.617088, 0.598487], [-76.617087, 0.598465], [-76.617086, 0.59845], [-76.617085, 0.598408], [-76.617083, 0.59835], [-76.617081, 0.598291], [-76.617081, 0.598266], [-76.61708, 0.598244], [-76.61708, 0.598205], [-76.61708, 0.598183], [-76.617081, 0.598146], [-76.617082, 0.598114], [-76.617083, 0.598089], [-76.617084, 0.598067], [-76.617085, 0.598045], [-76.617089, 0.598002], [-76.617093, 0.597971], [-76.617097, 0.597941], [-76.617101, 0.597913], [-76.617105, 0.597887], [-76.617111, 0.59785], [-76.617119, 0.597807], [-76.617139, 0.597707], [-76.617154, 0.597631], [-76.617162, 0.597585], [-76.617166, 0.597564], [-76.617169, 0.597547], [-76.617172, 0.597529], [-76.61718, 0.597474], [-76.617183, 0.597453], [-76.617189, 0.597421], [-76.617197, 0.597371], [-76.617202, 0.597345], [-76.617208, 0.597317], [-76.617214, 0.597285], [-76.617223, 0.597216], [-76.617238, 0.597125], [-76.617246, 0.597069], [-76.61725, 0.597038], [-76.617253, 0.597016], [-76.617254, 0.597001], [-76.617257, 0.596972], [-76.617259, 0.596944], [-76.617261, 0.596922], [-76.617263, 0.596879], [-76.617264, 0.596845], [-76.617264, 0.596838], [-76.61726, 0.5968], [-76.617255, 0.596755], [-76.617251, 0.596726], [-76.617247, 0.596702], [-76.617242, 0.596674], [-76.617239, 0.596653], [-76.617231, 0.596609], [-76.617214, 0.596522], [-76.617199, 0.596449], [-76.617193, 0.59642], [-76.617187, 0.596394], [-76.617183, 0.596374], [-76.617166, 0.596298], [-76.61716, 0.596268], [-76.617153, 0.596236], [-76.617144, 0.596192], [-76.617139, 0.596171], [-76.61713, 0.596128], [-76.617124, 0.596094], [-76.617122, 0.596081], [-76.617115, 0.596033], [-76.617111, 0.596003], [-76.617107, 0.595972], [-76.617102, 0.595932], [-76.617096, 0.595874], [-76.617096, 0.595869], [-76.617097, 0.595843], [-76.617099, 0.595805], [-76.6171, 0.595802], [-76.617106, 0.595766], [-76.617111, 0.595742], [-76.617113, 0.595729], [-76.617118, 0.595708], [-76.617124, 0.595682], [-76.617128, 0.595672], [-76.617138, 0.595638], [-76.617147, 0.595609], [-76.617158, 0.595575], [-76.617167, 0.59555], [-76.617178, 0.595518], [-76.617189, 0.595489], [-76.617196, 0.59547], [-76.617208, 0.595441], [-76.617221, 0.595409], [-76.61723, 0.595388], [-76.617238, 0.595368], [-76.617254, 0.595333], [-76.617285, 0.595266], [-76.6173, 0.595233], [-76.617318, 0.595193], [-76.617335, 0.595155], [-76.617386, 0.595044], [-76.617408, 0.594996], [-76.617424, 0.59496], [-76.617433, 0.594939], [-76.617444, 0.594914], [-76.617453, 0.594893], [-76.61746, 0.594875], [-76.617466, 0.594862], [-76.617474, 0.59484], [-76.617479, 0.594822], [-76.617482, 0.594811], [-76.617486, 0.594791], [-76.617487, 0.594782], [-76.617489, 0.594761], [-76.61749, 0.594746], [-76.61749, 0.594737], [-76.61749, 0.594728], [-76.617488, 0.594713], [-76.617487, 0.594704], [-76.617484, 0.594687], [-76.617482, 0.594678], [-76.61748, 0.594669], [-76.617479, 0.594663], [-76.617473, 0.594648], [-76.617467, 0.594633], [-76.617459, 0.594616], [-76.617455, 0.594607], [-76.617445, 0.594589], [-76.61744, 0.59458], [-76.617429, 0.59456], [-76.617423, 0.59455], [-76.617417, 0.594539], [-76.61741, 0.594529], [-76.617396, 0.594508], [-76.61738, 0.594486], [-76.617369, 0.594471], [-76.617331, 0.594422], [-76.617299, 0.594381], [-76.617281, 0.594358], [-76.617239, 0.594306], [-76.617217, 0.594279], [-76.617207, 0.594266], [-76.617193, 0.594247], [-76.617182, 0.594232], [-76.617173, 0.594219], [-76.617164, 0.594206], [-76.617155, 0.594193], [-76.617141, 0.594171], [-76.617127, 0.594148], [-76.61712, 0.594135], [-76.617104, 0.594108], [-76.617095, 0.594091], [-76.617069, 0.594042], [-76.617055, 0.594016], [-76.617018, 0.593944], [-76.617001, 0.59391], [-76.616981, 0.59387], [-76.616973, 0.593853], [-76.616964, 0.593834], [-76.616946, 0.593792], [-76.616937, 0.593772], [-76.616914, 0.59372], [-76.616873, 0.593624], [-76.616858, 0.593587], [-76.616846, 0.593557], [-76.616834, 0.593525], [-76.616829, 0.593512], [-76.616821, 0.59349], [-76.616811, 0.59346], [-76.616802, 0.593431], [-76.616799, 0.593421], [-76.616793, 0.593399], [-76.616787, 0.593378], [-76.616783, 0.593362], [-76.61678, 0.59335], [-76.616775, 0.593327], [-76.616771, 0.593303], [-76.616767, 0.593279], [-76.616764, 0.593252], [-76.616761, 0.593235], [-76.616751, 0.593154], [-76.616749, 0.593132], [-76.616745, 0.593108], [-76.616738, 0.593065], [-76.616734, 0.593039], [-76.616722, 0.592966], [-76.616712, 0.59291], [-76.616708, 0.592884], [-76.616697, 0.592814], [-76.616685, 0.592742], [-76.616678, 0.5927], [-76.61667, 0.592648], [-76.61666, 0.592573], [-76.616654, 0.592526], [-76.61665, 0.592492], [-76.616647, 0.592465], [-76.616645, 0.592442], [-76.616643, 0.592424], [-76.616642, 0.592412], [-76.616641, 0.592386], [-76.61664, 0.592359], [-76.616639, 0.592332], [-76.616639, 0.592321], [-76.61664, 0.592297], [-76.61664, 0.592286], [-76.616641, 0.592271], [-76.616642, 0.59225], [-76.616644, 0.592226], [-76.616649, 0.592178], [-76.616654, 0.592132], [-76.616656, 0.592116], [-76.616658, 0.592099], [-76.616661, 0.59208], [-76.616663, 0.592066], [-76.616666, 0.592049], [-76.61667, 0.592027], [-76.616673, 0.592015], [-76.616678, 0.591992], [-76.616684, 0.591969], [-76.61669, 0.591948], [-76.616699, 0.591921], [-76.616703, 0.591908], [-76.616709, 0.591893], [-76.616717, 0.591871], [-76.616729, 0.591839], [-76.61674, 0.591813], [-76.616753, 0.591785], [-76.61676, 0.591768], [-76.616775, 0.591736], [-76.61679, 0.591704], [-76.6168, 0.591684], [-76.616839, 0.591604], [-76.616849, 0.591584], [-76.616867, 0.591545], [-76.616879, 0.59152], [-76.616888, 0.591497], [-76.616896, 0.59148], [-76.616902, 0.591465], [-76.616913, 0.591436], [-76.616914, 0.591433], [-76.616916, 0.591428], [-76.616921, 0.591411], [-76.616924, 0.591401], [-76.616925, 0.591396], [-76.616928, 0.591372], [-76.61693, 0.59136], [-76.616932, 0.591338], [-76.616934, 0.591317], [-76.616934, 0.59131], [-76.616934, 0.591297], [-76.616933, 0.591289], [-76.616932, 0.59127], [-76.616931, 0.59126], [-76.616928, 0.591238], [-76.616925, 0.591213], [-76.616917, 0.591168], [-76.616911, 0.591135], [-76.616908, 0.591118], [-76.616893, 0.591042], [-76.616875, 0.590956], [-76.61687, 0.590931], [-76.616864, 0.590895], [-76.61686, 0.590876], [-76.616856, 0.590848], [-76.616853, 0.590824], [-76.616849, 0.590791], [-76.616843, 0.590734], [-76.616841, 0.590714], [-76.616839, 0.590681], [-76.616838, 0.590659], [-76.616836, 0.590621], [-76.616834, 0.59058], [-76.616832, 0.590535], [-76.616831, 0.590502], [-76.616831, 0.590485], [-76.616831, 0.59047], [-76.616831, 0.590448], [-76.616832, 0.590416], [-76.616833, 0.590393], [-76.616836, 0.590329], [-76.616838, 0.590294], [-76.616839, 0.590268], [-76.616839, 0.590251], [-76.61684, 0.590226], [-76.61684, 0.590174], [-76.61684, 0.590149], [-76.61684, 0.590132], [-76.616839, 0.590107], [-76.616837, 0.590082], [-76.616836, 0.59006], [-76.616834, 0.590039], [-76.616832, 0.59003], [-76.61683, 0.590013], [-76.616827, 0.589993], [-76.616824, 0.589983], [-76.616821, 0.589968], [-76.616816, 0.58995], [-76.616813, 0.589941], [-76.61681, 0.589931], [-76.616804, 0.589915], [-76.6168, 0.589904], [-76.61679, 0.58988], [-76.616776, 0.589846], [-76.616762, 0.589813], [-76.616749, 0.589783], [-76.616722, 0.589723], [-76.616703, 0.589678], [-76.616685, 0.589636], [-76.616679, 0.589625], [-76.616658, 0.589577], [-76.616649, 0.589559], [-76.616637, 0.589531], [-76.616628, 0.589507], [-76.616614, 0.589475], [-76.6166, 0.589439], [-76.616595, 0.589425], [-76.616582, 0.589391], [-76.61658, 0.589383], [-76.616566, 0.589346], [-76.616559, 0.589327], [-76.616548, 0.5893], [-76.616541, 0.589283], [-76.616536, 0.589271], [-76.616524, 0.589243], [-76.616513, 0.589216], [-76.616492, 0.589168], [-76.616482, 0.589144], [-76.616456, 0.589081], [-76.616443, 0.589051], [-76.616433, 0.589029], [-76.616431, 0.589027], [-76.616403, 0.588982], [-76.616385, 0.588954], [-76.61637, 0.588932], [-76.616353, 0.588905], [-76.616333, 0.588877], [-76.61631, 0.588847], [-76.616303, 0.588838], [-76.6163, 0.588834], [-76.616297, 0.588831], [-76.616294, 0.588828], [-76.616291, 0.588826], [-76.616282, 0.588818], [-76.616258, 0.588799], [-76.616243, 0.588788], [-76.61624, 0.588785], [-76.616232, 0.588781], [-76.616209, 0.588766], [-76.616202, 0.588763], [-76.616199, 0.588761], [-76.616193, 0.588759], [-76.616171, 0.588749], [-76.616157, 0.588744], [-76.616147, 0.58874], [-76.616115, 0.588728], [-76.616075, 0.588714], [-76.616056, 0.588708], [-76.616023, 0.588697], [-76.616004, 0.588692], [-76.615982, 0.588686], [-76.615954, 0.58868], [-76.61593, 0.588674], [-76.615892, 0.588666], [-76.615844, 0.588656], [-76.615798, 0.588648], [-76.615773, 0.588644], [-76.615736, 0.588638], [-76.615704, 0.588633], [-76.615658, 0.588627], [-76.615622, 0.588622], [-76.615586, 0.588618], [-76.615497, 0.588608], [-76.615476, 0.588606], [-76.615461, 0.588605], [-76.615417, 0.588603], [-76.615374, 0.588601], [-76.615347, 0.588599], [-76.615276, 0.588595], [-76.615226, 0.588591], [-76.615207, 0.588589], [-76.615189, 0.588588], [-76.615174, 0.588587], [-76.615154, 0.588585], [-76.61513, 0.588583], [-76.615116, 0.588581], [-76.615094, 0.588578], [-76.615072, 0.588574], [-76.615039, 0.588568], [-76.61502, 0.588565], [-76.615006, 0.588562], [-76.614989, 0.588558], [-76.614976, 0.588555], [-76.61495, 0.588549], [-76.61494, 0.588546], [-76.614915, 0.588539], [-76.614885, 0.58853], [-76.614862, 0.588523], [-76.614833, 0.588512], [-76.614821, 0.588508], [-76.6148, 0.5885], [-76.614777, 0.58849], [-76.614755, 0.588481], [-76.614715, 0.588464], [-76.614672, 0.588444], [-76.614628, 0.588423], [-76.614605, 0.588412], [-76.614586, 0.588402], [-76.614556, 0.588382], [-76.614541, 0.588371], [-76.614538, 0.588369], [-76.614518, 0.588351], [-76.614466, 0.588303], [-76.614435, 0.588269], [-76.61442, 0.588253], [-76.61441, 0.588241], [-76.614378, 0.588203], [-76.614355, 0.588175], [-76.614336, 0.588151], [-76.614307, 0.588114], [-76.614288, 0.588089], [-76.614272, 0.588067], [-76.614257, 0.588047], [-76.614237, 0.588017], [-76.614226, 0.588], [-76.614219, 0.587989], [-76.614198, 0.587956], [-76.61418, 0.587927], [-76.614139, 0.587858], [-76.614118, 0.587822], [-76.614093, 0.587777], [-76.614065, 0.587724], [-76.614034, 0.587667], [-76.614019, 0.58764], [-76.614005, 0.587615], [-76.613977, 0.587567], [-76.613952, 0.587525], [-76.613925, 0.587478], [-76.613897, 0.587427], [-76.61388, 0.587396], [-76.613846, 0.587333], [-76.613809, 0.587265], [-76.613788, 0.587228], [-76.61377, 0.587197], [-76.613759, 0.587178], [-76.613742, 0.58715], [-76.613679, 0.587049], [-76.613675, 0.587043], [-76.613655, 0.58701], [-76.613645, 0.586994], [-76.613635, 0.586975], [-76.613596, 0.586905], [-76.613569, 0.586856], [-76.613544, 0.586813], [-76.613527, 0.586782], [-76.613514, 0.586761], [-76.613476, 0.586698], [-76.613457, 0.586669], [-76.613435, 0.586633], [-76.613387, 0.586558], [-76.613372, 0.586535], [-76.613351, 0.586501], [-76.613332, 0.586469], [-76.613299, 0.586416], [-76.613254, 0.586338], [-76.613225, 0.586291], [-76.613214, 0.586272], [-76.613175, 0.58621], [-76.613151, 0.586172], [-76.613125, 0.586131], [-76.613096, 0.586087], [-76.613065, 0.58604], [-76.612948, 0.585866], [-76.612915, 0.585816], [-76.612887, 0.585774], [-76.612845, 0.585709], [-76.612809, 0.585655], [-76.612793, 0.585629], [-76.612779, 0.585608], [-76.612772, 0.585596], [-76.612753, 0.585566], [-76.612728, 0.585523], [-76.612701, 0.585475], [-76.612645, 0.585375], [-76.612618, 0.585327], [-76.612595, 0.585284], [-76.612575, 0.585248], [-76.612529, 0.585164], [-76.612511, 0.585129], [-76.612482, 0.585075], [-76.612407, 0.584928], [-76.612392, 0.584899], [-76.612367, 0.58485], [-76.612346, 0.584807], [-76.612339, 0.584792], [-76.612305, 0.584727], [-76.612281, 0.584681], [-76.612263, 0.584644], [-76.612253, 0.584623], [-76.61224, 0.584594], [-76.612217, 0.584545], [-76.612209, 0.584526], [-76.612197, 0.584502], [-76.612186, 0.584478], [-76.612171, 0.584449], [-76.612152, 0.584411], [-76.61212, 0.584349], [-76.612081, 0.584275], [-76.612015, 0.584148], [-76.611985, 0.58409], [-76.61195, 0.584026], [-76.611858, 0.583849], [-76.611754, 0.583653], [-76.611741, 0.583629], [-76.611721, 0.583591], [-76.611692, 0.583539], [-76.611629, 0.583426], [-76.611602, 0.583376], [-76.611569, 0.58332], [-76.611549, 0.583285], [-76.611497, 0.58319], [-76.611461, 0.583124], [-76.611405, 0.583025], [-76.611378, 0.582978], [-76.611329, 0.582893], [-76.611321, 0.582879], [-76.611301, 0.582846], [-76.611275, 0.582804], [-76.611259, 0.582778], [-76.611231, 0.582735], [-76.611204, 0.582693], [-76.6112, 0.582687], [-76.611194, 0.582677], [-76.611185, 0.58266], [-76.611179, 0.58265], [-76.611171, 0.582636], [-76.611164, 0.582622], [-76.611139, 0.582574], [-76.611116, 0.582529], [-76.611086, 0.582469], [-76.611063, 0.582419], [-76.611059, 0.582411], [-76.611051, 0.582391], [-76.611048, 0.582384], [-76.611042, 0.582367], [-76.61104, 0.582362], [-76.611037, 0.582356], [-76.611021, 0.582321], [-76.61098, 0.582231], [-76.610947, 0.582154], [-76.610933, 0.582122], [-76.610897, 0.582035], [-76.610866, 0.581962], [-76.610839, 0.5819], [-76.610814, 0.581842], [-76.610778, 0.581756], [-76.610761, 0.581717], [-76.610737, 0.58166], [-76.610716, 0.581612], [-76.610701, 0.581578], [-76.610658, 0.581483], [-76.610621, 0.5814], [-76.610587, 0.581324], [-76.610561, 0.581269], [-76.610488, 0.581113], [-76.610453, 0.581039], [-76.610425, 0.580982], [-76.610396, 0.58092], [-76.610375, 0.580875], [-76.610349, 0.580823], [-76.610314, 0.580752], [-76.610293, 0.580709], [-76.610281, 0.580684], [-76.610255, 0.58063], [-76.610231, 0.580577], [-76.610215, 0.580544], [-76.610208, 0.580531], [-76.610186, 0.580486], [-76.610125, 0.580367], [-76.610104, 0.580326], [-76.610086, 0.580289], [-76.610077, 0.580272], [-76.610069, 0.580255], [-76.610039, 0.580188], [-76.610007, 0.58012], [-76.609985, 0.580074], [-76.609965, 0.580033], [-76.609942, 0.579986], [-76.609926, 0.579952], [-76.60991, 0.57992], [-76.609883, 0.579867], [-76.609877, 0.579855], [-76.609833, 0.579769], [-76.6098, 0.579704], [-76.60979, 0.579685], [-76.60978, 0.579667], [-76.609766, 0.579642], [-76.609757, 0.579627], [-76.60975, 0.579615], [-76.609734, 0.579589], [-76.609724, 0.579574], [-76.609692, 0.579526], [-76.609662, 0.579482], [-76.609651, 0.579468], [-76.60964, 0.579452], [-76.609619, 0.579426], [-76.609588, 0.579388], [-76.609574, 0.579372], [-76.609563, 0.57936], [-76.609547, 0.579342], [-76.609537, 0.579331], [-76.609529, 0.579323], [-76.60952, 0.579314], [-76.609512, 0.579307], [-76.609505, 0.5793], [-76.609503, 0.579298], [-76.609492, 0.579291], [-76.609484, 0.579286], [-76.609467, 0.579276], [-76.609457, 0.579271], [-76.609438, 0.57926], [-76.609427, 0.579254], [-76.609402, 0.579243], [-76.609386, 0.579235], [-76.609376, 0.57923], [-76.609336, 0.579213], [-76.609318, 0.579205], [-76.609316, 0.579205], [-76.609308, 0.579202], [-76.609275, 0.579192], [-76.609242, 0.579182], [-76.609204, 0.579172], [-76.609151, 0.579158], [-76.609088, 0.579142], [-76.609054, 0.579134], [-76.608981, 0.579117], [-76.608946, 0.579108], [-76.608897, 0.579095], [-76.608744, 0.579053], [-76.608665, 0.57903], [-76.608621, 0.579018], [-76.608583, 0.579006], [-76.608567, 0.579002], [-76.608428, 0.578964], [-76.608325, 0.578936], [-76.608295, 0.578927], [-76.608242, 0.578913], [-76.608207, 0.578904], [-76.608186, 0.578898], [-76.608154, 0.578889], [-76.608125, 0.578881], [-76.608105, 0.578874], [-76.608041, 0.578853], [-76.607995, 0.578838], [-76.607929, 0.578818], [-76.60783, 0.578786], [-76.607798, 0.578777], [-76.60777, 0.578769], [-76.607741, 0.578761], [-76.607632, 0.578734], [-76.60761, 0.578728], [-76.607599, 0.578725], [-76.607528, 0.578705], [-76.607464, 0.578687], [-76.607405, 0.578669], [-76.60731, 0.578639], [-76.607282, 0.578631], [-76.607269, 0.578628], [-76.607249, 0.578623], [-76.607229, 0.578618], [-76.607199, 0.578611], [-76.607127, 0.578593], [-76.607058, 0.578576], [-76.607006, 0.578563], [-76.60696, 0.578551], [-76.606937, 0.578544], [-76.606873, 0.578526], [-76.606838, 0.578516], [-76.606702, 0.578475], [-76.606624, 0.578451], [-76.606561, 0.578432], [-76.606483, 0.578409], [-76.606403, 0.578387], [-76.60633, 0.578366], [-76.606264, 0.578349], [-76.606246, 0.578344], [-76.606185, 0.578329], [-76.606143, 0.578319], [-76.606096, 0.578309], [-76.606079, 0.578305], [-76.606056, 0.578299], [-76.606015, 0.578289], [-76.605982, 0.57828], [-76.605966, 0.578275], [-76.605942, 0.578268], [-76.605914, 0.57826], [-76.605868, 0.578245], [-76.605825, 0.578231], [-76.605804, 0.578225], [-76.605721, 0.5782], [-76.605651, 0.578179], [-76.605614, 0.578168], [-76.605569, 0.578155], [-76.605531, 0.578145], [-76.605513, 0.578141], [-76.605436, 0.578122], [-76.605411, 0.578115], [-76.605349, 0.578099], [-76.605299, 0.578085], [-76.605241, 0.578069], [-76.605198, 0.578056], [-76.605181, 0.578051], [-76.605163, 0.578046], [-76.605123, 0.578033], [-76.605062, 0.578013], [-76.605034, 0.578004], [-76.604989, 0.577988], [-76.604956, 0.577977], [-76.604915, 0.577964], [-76.604882, 0.577954], [-76.60485, 0.577944], [-76.604823, 0.577936], [-76.604771, 0.577921], [-76.604708, 0.577903], [-76.604551, 0.577857], [-76.604517, 0.577847], [-76.604423, 0.577818], [-76.604389, 0.577809], [-76.604345, 0.577796], [-76.604279, 0.577778], [-76.604215, 0.577759], [-76.604167, 0.577746], [-76.604066, 0.577718], [-76.604024, 0.577707], [-76.603989, 0.577697], [-76.603961, 0.577689], [-76.603934, 0.577681], [-76.603897, 0.57767], [-76.60385, 0.577654], [-76.603792, 0.577635], [-76.603765, 0.577626], [-76.60367, 0.577595], [-76.603603, 0.577574], [-76.603523, 0.57755], [-76.603501, 0.577543], [-76.603485, 0.577539], [-76.603403, 0.577516], [-76.603374, 0.577508], [-76.603347, 0.577502], [-76.603329, 0.577498], [-76.603281, 0.577487], [-76.60326, 0.577483], [-76.603224, 0.577475], [-76.603203, 0.57747], [-76.60316, 0.577459], [-76.603121, 0.577449], [-76.6031, 0.577444], [-76.603042, 0.577428], [-76.602948, 0.577402], [-76.602864, 0.577379], [-76.602846, 0.577374], [-76.602771, 0.577355], [-76.602733, 0.577344], [-76.602685, 0.577331], [-76.602662, 0.577324], [-76.602482, 0.57727], [-76.60244, 0.577258], [-76.602381, 0.577241], [-76.602259, 0.577207], [-76.602167, 0.57718], [-76.602118, 0.577166], [-76.602085, 0.577157], [-76.602039, 0.577145], [-76.601997, 0.577134], [-76.601958, 0.577124], [-76.601888, 0.577106], [-76.601838, 0.577092], [-76.601791, 0.577079], [-76.60173, 0.577062], [-76.601684, 0.577048], [-76.601641, 0.577035], [-76.601564, 0.577011], [-76.601536, 0.577002], [-76.601491, 0.576989], [-76.601452, 0.576978], [-76.601423, 0.57697], [-76.601382, 0.576959], [-76.601355, 0.576952], [-76.601318, 0.576944], [-76.60128, 0.576935], [-76.601246, 0.576928], [-76.601158, 0.57691], [-76.601134, 0.576905], [-76.601114, 0.576901], [-76.601086, 0.576894], [-76.60106, 0.576887], [-76.601036, 0.576881], [-76.601, 0.57687], [-76.600931, 0.576849], [-76.600906, 0.576842], [-76.600877, 0.576834], [-76.600823, 0.57682], [-76.600785, 0.576811], [-76.600676, 0.576785], [-76.600614, 0.576771], [-76.600559, 0.576758], [-76.600531, 0.576751], [-76.600381, 0.576714], [-76.600337, 0.576704], [-76.600296, 0.576694], [-76.600272, 0.576689], [-76.600234, 0.576682], [-76.60017, 0.576668], [-76.600129, 0.57666], [-76.600103, 0.576654], [-76.600064, 0.576645], [-76.600045, 0.576641], [-76.600006, 0.576631], [-76.599984, 0.576625], [-76.599919, 0.576607], [-76.59989, 0.5766], [-76.599872, 0.576595], [-76.599835, 0.576586], [-76.599792, 0.576577], [-76.599762, 0.57657], [-76.599701, 0.576558], [-76.599553, 0.576528], [-76.599434, 0.576505], [-76.599351, 0.576489], [-76.599323, 0.576484], [-76.599308, 0.576481], [-76.599277, 0.576476], [-76.599254, 0.576473], [-76.599211, 0.576467], [-76.599098, 0.576452], [-76.599057, 0.576447], [-76.59902, 0.576442], [-76.598986, 0.576438], [-76.598972, 0.576437], [-76.598944, 0.576435], [-76.598921, 0.576433], [-76.598908, 0.576433], [-76.598892, 0.576432], [-76.598874, 0.576432], [-76.598856, 0.576433], [-76.598844, 0.576433], [-76.598823, 0.576435], [-76.598812, 0.576436], [-76.598788, 0.576439], [-76.598755, 0.576443], [-76.598733, 0.576447], [-76.598681, 0.576455], [-76.598636, 0.576461], [-76.598596, 0.576466], [-76.598587, 0.576467], [-76.598566, 0.576469], [-76.59854, 0.57647], [-76.598503, 0.576472], [-76.598453, 0.576474], [-76.598429, 0.576476], [-76.598408, 0.576477], [-76.598373, 0.57648], [-76.598341, 0.576483], [-76.598325, 0.576484], [-76.59829, 0.576489], [-76.598238, 0.576496], [-76.598205, 0.5765], [-76.598166, 0.576504], [-76.598121, 0.576509], [-76.598089, 0.576511], [-76.598031, 0.576516], [-76.597918, 0.576523], [-76.597797, 0.576531], [-76.597717, 0.576537], [-76.597639, 0.576545], [-76.597621, 0.576547], [-76.597598, 0.576548], [-76.597563, 0.576551], [-76.597528, 0.576553], [-76.597502, 0.576554], [-76.59744, 0.576557], [-76.597409, 0.576558], [-76.597393, 0.576559], [-76.597386, 0.57656], [-76.597359, 0.576563], [-76.597347, 0.576564], [-76.597303, 0.576566], [-76.597264, 0.576567], [-76.597217, 0.576569], [-76.597155, 0.576569], [-76.59712, 0.57657], [-76.597104, 0.576571], [-76.597076, 0.576572], [-76.59706, 0.576573], [-76.597026, 0.576576], [-76.596863, 0.57659], [-76.596824, 0.576593], [-76.596807, 0.576594], [-76.596759, 0.576597], [-76.59666, 0.576603], [-76.596574, 0.576608], [-76.59652, 0.576611], [-76.596461, 0.576615], [-76.5964, 0.576619], [-76.596259, 0.576629], [-76.596222, 0.576631], [-76.596186, 0.576633], [-76.596139, 0.576636], [-76.596121, 0.576637], [-76.596107, 0.576637], [-76.59603, 0.576639], [-76.59597, 0.576641], [-76.5959, 0.576643], [-76.595868, 0.576645], [-76.595838, 0.576647], [-76.595787, 0.576651], [-76.595743, 0.576655], [-76.595726, 0.576657], [-76.5957, 0.576659], [-76.595678, 0.57666], [-76.595606, 0.576665], [-76.595519, 0.576671], [-76.59544, 0.576676], [-76.595349, 0.576682], [-76.595324, 0.576683], [-76.595309, 0.576685], [-76.595294, 0.576686], [-76.595207, 0.576696], [-76.595192, 0.576698], [-76.595138, 0.576703], [-76.595058, 0.57671], [-76.595026, 0.576713], [-76.594991, 0.576715], [-76.594871, 0.576724], [-76.594854, 0.576725], [-76.594831, 0.576727], [-76.594755, 0.576734], [-76.594725, 0.576736], [-76.594714, 0.576737], [-76.594682, 0.576739], [-76.594605, 0.576743], [-76.594568, 0.576745], [-76.594539, 0.576747], [-76.594511, 0.576749], [-76.594484, 0.576752], [-76.59447, 0.576753], [-76.594439, 0.576757], [-76.594407, 0.576761], [-76.594383, 0.576764], [-76.594355, 0.576769], [-76.594254, 0.576789], [-76.594225, 0.576795], [-76.594213, 0.576797], [-76.594189, 0.576803], [-76.594174, 0.576806], [-76.594154, 0.576812], [-76.59413, 0.576819], [-76.59412, 0.576822], [-76.59411, 0.576825], [-76.59409, 0.576832], [-76.594067, 0.57684], [-76.594045, 0.576849], [-76.594032, 0.576855], [-76.594018, 0.576861], [-76.593993, 0.576873], [-76.593963, 0.576887], [-76.593948, 0.576894], [-76.593921, 0.576908], [-76.593896, 0.576922], [-76.593866, 0.576939], [-76.593829, 0.576961], [-76.593812, 0.576971], [-76.593766, 0.577], [-76.593713, 0.577034], [-76.59367, 0.57706], [-76.593645, 0.577076], [-76.593612, 0.577095], [-76.593588, 0.577108], [-76.59353, 0.577141], [-76.593496, 0.57716], [-76.59347, 0.577175], [-76.593429, 0.577198], [-76.593402, 0.577214], [-76.593339, 0.577253], [-76.593315, 0.577267], [-76.593289, 0.577282], [-76.593253, 0.577301], [-76.593223, 0.577317], [-76.593189, 0.577335], [-76.593171, 0.577345], [-76.593157, 0.577352], [-76.593142, 0.577361], [-76.593116, 0.577376], [-76.593102, 0.577384], [-76.593086, 0.577394], [-76.593022, 0.577434], [-76.592951, 0.577477], [-76.592915, 0.577498], [-76.592897, 0.577509], [-76.592861, 0.577529], [-76.592812, 0.577557], [-76.592704, 0.577616], [-76.592657, 0.577641], [-76.592634, 0.577654], [-76.592608, 0.577668], [-76.592538, 0.577708], [-76.592506, 0.577725], [-76.592451, 0.577756], [-76.592411, 0.577777], [-76.592385, 0.57779], [-76.592356, 0.577805], [-76.592328, 0.577818], [-76.592311, 0.577827], [-76.592295, 0.577834], [-76.59227, 0.577845], [-76.59223, 0.577863], [-76.592206, 0.577872], [-76.592162, 0.577891], [-76.592133, 0.577903], [-76.592115, 0.577909], [-76.59209, 0.577919], [-76.592053, 0.577932], [-76.591962, 0.577963], [-76.591913, 0.577979], [-76.591884, 0.577988], [-76.591873, 0.577991], [-76.59185, 0.577997], [-76.591811, 0.578007], [-76.591793, 0.578011], [-76.591758, 0.578019], [-76.591726, 0.578025], [-76.59167, 0.578036], [-76.591442, 0.578079], [-76.591417, 0.578084], [-76.591388, 0.578088], [-76.591338, 0.578096], [-76.591258, 0.578109], [-76.591229, 0.578113], [-76.591182, 0.578121], [-76.591157, 0.578126], [-76.591136, 0.578131], [-76.591111, 0.578137], [-76.591097, 0.57814], [-76.591057, 0.578151], [-76.590999, 0.578167], [-76.590927, 0.578188], [-76.59084, 0.578212], [-76.590806, 0.578222], [-76.590768, 0.578233], [-76.590733, 0.578244], [-76.590695, 0.578257], [-76.590663, 0.578268], [-76.590626, 0.578281], [-76.590599, 0.578291], [-76.590573, 0.578302], [-76.590562, 0.578306], [-76.59054, 0.578316], [-76.590513, 0.578328], [-76.590476, 0.578347], [-76.590467, 0.578351], [-76.590445, 0.578363], [-76.590413, 0.57838], [-76.590372, 0.578402], [-76.590241, 0.578478], [-76.590162, 0.578522], [-76.590128, 0.578541], [-76.590097, 0.578558], [-76.590076, 0.578569], [-76.589997, 0.57861], [-76.589933, 0.578642], [-76.589906, 0.578656], [-76.58987, 0.578676], [-76.58985, 0.578686], [-76.589814, 0.578706], [-76.589797, 0.578716], [-76.589772, 0.578731], [-76.58974, 0.578752], [-76.589709, 0.578772], [-76.589669, 0.578799], [-76.58963, 0.578826], [-76.589559, 0.578875], [-76.58949, 0.578922], [-76.589472, 0.578934], [-76.589371, 0.579005], [-76.589302, 0.579052], [-76.58927, 0.579073], [-76.589257, 0.579082], [-76.589231, 0.579098], [-76.589177, 0.579132], [-76.58908, 0.579191], [-76.589038, 0.579216], [-76.588949, 0.579271], [-76.58891, 0.579295], [-76.588858, 0.579327], [-76.588813, 0.579355], [-76.588687, 0.579433], [-76.588634, 0.579466], [-76.588574, 0.579505], [-76.588479, 0.579567], [-76.588456, 0.579583], [-76.588414, 0.579611], [-76.588395, 0.579624], [-76.588368, 0.579644], [-76.588339, 0.579665], [-76.58832, 0.579679], [-76.588304, 0.579691], [-76.588263, 0.579723], [-76.588214, 0.579762], [-76.588182, 0.579788], [-76.58807, 0.579874], [-76.58801, 0.579921], [-76.587915, 0.579994], [-76.587854, 0.580041], [-76.587815, 0.580072], [-76.587645, 0.580202], [-76.587609, 0.580229], [-76.587521, 0.580293], [-76.587417, 0.58037], [-76.587352, 0.580417], [-76.587234, 0.580503], [-76.587215, 0.580517], [-76.587166, 0.580551], [-76.587149, 0.580564], [-76.587135, 0.580574], [-76.587123, 0.580583], [-76.587103, 0.580598], [-76.587085, 0.580613], [-76.587026, 0.580661], [-76.586996, 0.580684], [-76.5869, 0.58076], [-76.586877, 0.580779], [-76.586827, 0.580818], [-76.586783, 0.580853], [-76.586768, 0.580866], [-76.586744, 0.580886], [-76.586699, 0.580924], [-76.586633, 0.580982], [-76.586558, 0.581046], [-76.58651, 0.581087], [-76.58647, 0.581121], [-76.586437, 0.581149], [-76.586411, 0.58117], [-76.586371, 0.581202], [-76.586279, 0.581277], [-76.586174, 0.581361], [-76.586141, 0.581388], [-76.586125, 0.581401], [-76.586112, 0.581413], [-76.586097, 0.581426], [-76.58608, 0.581441], [-76.586033, 0.581483], [-76.585993, 0.58152], [-76.585941, 0.581566], [-76.58593, 0.581576], [-76.585898, 0.581604], [-76.585861, 0.581635], [-76.58575, 0.581727], [-76.58573, 0.581743], [-76.585701, 0.581766], [-76.585682, 0.581781], [-76.585653, 0.581804], [-76.585625, 0.581825], [-76.585522, 0.581902], [-76.585485, 0.58193], [-76.585421, 0.581979], [-76.585401, 0.581993], [-76.585376, 0.582012], [-76.585346, 0.582033], [-76.585309, 0.582059], [-76.58527, 0.582087], [-76.585205, 0.582132], [-76.585159, 0.582164], [-76.585135, 0.58218], [-76.585041, 0.582247], [-76.584969, 0.582298], [-76.584891, 0.582352], [-76.584848, 0.582382], [-76.584807, 0.58241], [-76.584775, 0.582431], [-76.584739, 0.582454], [-76.584699, 0.582481], [-76.584659, 0.582506], [-76.584586, 0.582552], [-76.584516, 0.582598], [-76.584484, 0.582619], [-76.58446, 0.582634], [-76.584402, 0.58267], [-76.584383, 0.582681], [-76.584371, 0.582689], [-76.584346, 0.582706], [-76.584333, 0.582715], [-76.584302, 0.582737], [-76.584285, 0.582749], [-76.584269, 0.582761], [-76.584246, 0.582778], [-76.584228, 0.582793], [-76.584211, 0.582806], [-76.584176, 0.582836], [-76.584111, 0.582893], [-76.584049, 0.582946], [-76.584029, 0.582964], [-76.584008, 0.582981], [-76.583974, 0.583009], [-76.58393, 0.583046], [-76.583878, 0.583087], [-76.583835, 0.583122], [-76.583782, 0.583163], [-76.583746, 0.58319], [-76.58373, 0.583203], [-76.583708, 0.583219], [-76.583686, 0.583234], [-76.583674, 0.583243], [-76.583648, 0.583259], [-76.583624, 0.583274], [-76.583616, 0.583279], [-76.583587, 0.583296], [-76.583571, 0.583304], [-76.583533, 0.583325], [-76.583511, 0.583337], [-76.583484, 0.583351], [-76.583471, 0.583357], [-76.583449, 0.583368], [-76.583438, 0.583373], [-76.583428, 0.583377], [-76.583407, 0.583386], [-76.583385, 0.583395], [-76.583376, 0.583398], [-76.583373, 0.583399], [-76.58336, 0.583403], [-76.583337, 0.583409], [-76.583327, 0.583411], [-76.583307, 0.583416], [-76.583302, 0.583417], [-76.583297, 0.583418], [-76.583269, 0.583422], [-76.583255, 0.583424], [-76.583232, 0.583426], [-76.583221, 0.583427], [-76.583202, 0.583429], [-76.583178, 0.58343], [-76.583165, 0.583431], [-76.583137, 0.583432], [-76.583122, 0.583432], [-76.583096, 0.583432], [-76.583063, 0.583431], [-76.583048, 0.583431], [-76.583021, 0.583429], [-76.582996, 0.583428], [-76.582985, 0.583426], [-76.582959, 0.583424], [-76.582946, 0.583422], [-76.582918, 0.583418], [-76.582895, 0.583414], [-76.582879, 0.583411], [-76.582866, 0.583408], [-76.582838, 0.583403], [-76.582813, 0.583397], [-76.582794, 0.583392], [-76.582761, 0.583384], [-76.58272, 0.583372], [-76.582653, 0.583352], [-76.58263, 0.583346], [-76.582598, 0.583336], [-76.582574, 0.583328], [-76.582529, 0.583312], [-76.582469, 0.583291], [-76.582401, 0.583266], [-76.582352, 0.583249], [-76.582306, 0.583233], [-76.582263, 0.583219], [-76.582229, 0.583208], [-76.582183, 0.583194], [-76.582163, 0.583188], [-76.582109, 0.583173], [-76.582089, 0.583167], [-76.581983, 0.583136], [-76.581956, 0.583128], [-76.581894, 0.58311], [-76.581791, 0.583082], [-76.581771, 0.583076], [-76.58166, 0.583043], [-76.581636, 0.583036], [-76.581576, 0.583018], [-76.581555, 0.583011], [-76.58148, 0.58299], [-76.581421, 0.582972], [-76.581318, 0.582942], [-76.581272, 0.582928], [-76.581256, 0.582923], [-76.581188, 0.582903], [-76.58115, 0.582893], [-76.581078, 0.582873], [-76.581052, 0.582866], [-76.581008, 0.582854], [-76.580959, 0.582842], [-76.580886, 0.582825], [-76.580853, 0.582817], [-76.580822, 0.58281], [-76.58079, 0.582804], [-76.580773, 0.582801], [-76.580749, 0.582798], [-76.58072, 0.582793], [-76.580681, 0.582789], [-76.580649, 0.582785], [-76.580626, 0.582783], [-76.580607, 0.582782], [-76.580585, 0.582781], [-76.580565, 0.582781], [-76.580555, 0.582781], [-76.580533, 0.582782], [-76.580522, 0.582782], [-76.580499, 0.582784], [-76.580456, 0.582788], [-76.580428, 0.58279], [-76.580395, 0.582794], [-76.580329, 0.582802], [-76.580275, 0.582809], [-76.580211, 0.582817], [-76.580069, 0.582834], [-76.58003, 0.582839], [-76.58001, 0.582841], [-76.579947, 0.582851], [-76.579892, 0.582859], [-76.579806, 0.582873], [-76.579762, 0.58288], [-76.579621, 0.582902], [-76.579513, 0.582918], [-76.57948, 0.582923], [-76.579452, 0.582926], [-76.579426, 0.582929], [-76.579394, 0.582932], [-76.579364, 0.582935], [-76.579332, 0.582937], [-76.579284, 0.582939], [-76.579236, 0.582942], [-76.579198, 0.582943], [-76.579142, 0.582944], [-76.57911, 0.582945], [-76.579041, 0.582947], [-76.578941, 0.58295], [-76.5789, 0.582951], [-76.578838, 0.582954], [-76.578782, 0.582956], [-76.578727, 0.582958], [-76.578721, 0.582958], [-76.578663, 0.582961], [-76.57863, 0.582962], [-76.578593, 0.582964], [-76.578541, 0.582965], [-76.57846, 0.582967], [-76.578452, 0.582967], [-76.578447, 0.582967], [-76.578442, 0.582965], [-76.578437, 0.582964], [-76.578432, 0.582961], [-76.57843, 0.582959], [-76.578427, 0.582958], [-76.578425, 0.582956], [-76.578423, 0.582954], [-76.57841, 0.582939], [-76.578408, 0.582936], [-76.578405, 0.582935], [-76.578401, 0.582931], [-76.578396, 0.582929], [-76.578391, 0.582927], [-76.578386, 0.582926], [-76.578381, 0.582925], [-76.578378, 0.582925], [-76.578265, 0.582926], [-76.578188, 0.582927], [-76.577967, 0.582931], [-76.577848, 0.582934], [-76.577753, 0.582936], [-76.577619, 0.582939], [-76.577515, 0.582941], [-76.577427, 0.582943], [-76.57732, 0.582944], [-76.577282, 0.582944], [-76.577233, 0.582946], [-76.577183, 0.582947], [-76.57715, 0.582949], [-76.577134, 0.58295], [-76.577103, 0.582952], [-76.577084, 0.582954], [-76.577077, 0.582955], [-76.57707, 0.582957], [-76.577067, 0.582958], [-76.577061, 0.58296], [-76.577058, 0.582962], [-76.577055, 0.582964], [-76.577022, 0.582984], [-76.576995, 0.583001], [-76.576989, 0.583004], [-76.576983, 0.583007], [-76.57698, 0.583008], [-76.576974, 0.583009], [-76.576968, 0.58301], [-76.576961, 0.58301], [-76.576951, 0.58301], [-76.57693, 0.583009], [-76.576754, 0.583001], [-76.576705, 0.582999], [-76.57665, 0.582996], [-76.576538, 0.58299], [-76.576431, 0.582984], [-76.576334, 0.582979], [-76.576171, 0.582971], [-76.575943, 0.58296], [-76.575752, 0.582951], [-76.575711, 0.582949], [-76.575679, 0.582948], [-76.575644, 0.582946], [-76.575606, 0.582946], [-76.575561, 0.582944], [-76.575532, 0.582944], [-76.575482, 0.582943], [-76.575442, 0.582944], [-76.575424, 0.582944], [-76.575345, 0.582945], [-76.57528, 0.582947], [-76.575244, 0.582949], [-76.575224, 0.58295], [-76.575197, 0.582952], [-76.575174, 0.582955], [-76.575155, 0.582957], [-76.575145, 0.582959], [-76.575135, 0.582962], [-76.575127, 0.582964], [-76.575109, 0.582969], [-76.575106, 0.58297], [-76.575103, 0.582971], [-76.575093, 0.582975], [-76.575073, 0.582985], [-76.575054, 0.582994], [-76.575043, 0.582999], [-76.575032, 0.583005], [-76.575011, 0.583017], [-76.574989, 0.58303], [-76.574978, 0.583037], [-76.574966, 0.583045], [-76.574942, 0.583061], [-76.574891, 0.583096], [-76.574868, 0.583112], [-76.574802, 0.583158], [-76.574753, 0.583193], [-76.574721, 0.583215], [-76.574698, 0.58323], [-76.574662, 0.583253], [-76.574577, 0.583307], [-76.57443, 0.5834], [-76.574356, 0.583446], [-76.574301, 0.58348], [-76.574289, 0.583487], [-76.57425, 0.58351], [-76.574229, 0.583522], [-76.574171, 0.583557], [-76.574147, 0.583571], [-76.574116, 0.583589], [-76.574082, 0.583608], [-76.574033, 0.583637], [-76.573999, 0.583657], [-76.573976, 0.583672], [-76.573957, 0.583684], [-76.573867, 0.583742], [-76.573804, 0.583782], [-76.573778, 0.583799], [-76.573743, 0.58382], [-76.573717, 0.583836], [-76.573692, 0.583851], [-76.573658, 0.583871], [-76.573642, 0.583881], [-76.573611, 0.583898], [-76.573585, 0.583912], [-76.573573, 0.583918], [-76.57355, 0.583929], [-76.573538, 0.583935], [-76.573517, 0.583944], [-76.573492, 0.583955], [-76.573467, 0.583965], [-76.573452, 0.58397], [-76.573431, 0.583978], [-76.573421, 0.583982], [-76.5734, 0.583989], [-76.57337, 0.583999], [-76.573331, 0.584011], [-76.573319, 0.584015], [-76.573302, 0.584019], [-76.573265, 0.584029], [-76.573226, 0.584039], [-76.573198, 0.584046], [-76.573161, 0.584054], [-76.572995, 0.584088], [-76.572948, 0.584098], [-76.572896, 0.584109], [-76.572794, 0.584131], [-76.572752, 0.584139], [-76.572701, 0.58415], [-76.572664, 0.584157], [-76.572612, 0.584166], [-76.57258, 0.584172], [-76.57252, 0.584185], [-76.572479, 0.584193], [-76.57245, 0.584199], [-76.572395, 0.58421], [-76.572367, 0.584215], [-76.572347, 0.584218], [-76.572323, 0.584221], [-76.572237, 0.584234], [-76.572214, 0.584238], [-76.572182, 0.584243], [-76.572152, 0.584249], [-76.572128, 0.584254], [-76.572117, 0.584256], [-76.572091, 0.584262], [-76.572, 0.584286], [-76.571947, 0.5843], [-76.571917, 0.584308], [-76.571893, 0.584315], [-76.571882, 0.584318], [-76.571862, 0.584325], [-76.571844, 0.584332], [-76.571834, 0.584336], [-76.571816, 0.584343], [-76.571809, 0.584346], [-76.5718, 0.584351], [-76.571784, 0.584358], [-76.571769, 0.584366], [-76.57176, 0.584371], [-76.571741, 0.584383], [-76.57172, 0.584396], [-76.571708, 0.584404], [-76.57168, 0.584424], [-76.571665, 0.584434], [-76.571634, 0.584457], [-76.571606, 0.584478], [-76.571588, 0.584491], [-76.571572, 0.584504], [-76.571495, 0.584566], [-76.57147, 0.584585], [-76.571455, 0.584597], [-76.571414, 0.584628], [-76.571349, 0.584675], [-76.571333, 0.584687], [-76.57126, 0.584741], [-76.571217, 0.584773], [-76.571179, 0.5848], [-76.571119, 0.584843], [-76.571089, 0.584865], [-76.571058, 0.584889], [-76.571043, 0.5849], [-76.571021, 0.584917], [-76.570988, 0.584943], [-76.570973, 0.584955], [-76.570958, 0.584967], [-76.570944, 0.584979], [-76.570932, 0.58499], [-76.570911, 0.585008], [-76.570895, 0.585024], [-76.570885, 0.585033], [-76.570863, 0.585055], [-76.570849, 0.585069], [-76.570836, 0.585083], [-76.570812, 0.585109], [-76.570793, 0.585132], [-76.570777, 0.585151], [-76.570762, 0.58517], [-76.570743, 0.585193], [-76.570726, 0.585216], [-76.57071, 0.585239], [-76.570693, 0.585265], [-76.570679, 0.585287], [-76.570644, 0.585341], [-76.570617, 0.585386], [-76.570586, 0.585438], [-76.570531, 0.585532], [-76.570499, 0.585584], [-76.570483, 0.58561], [-76.570454, 0.585659], [-76.570433, 0.585693], [-76.570421, 0.585714], [-76.570411, 0.585732], [-76.57039, 0.585771], [-76.570367, 0.585814], [-76.570346, 0.585852], [-76.570328, 0.585883], [-76.570309, 0.585915], [-76.570288, 0.58595], [-76.570266, 0.585984], [-76.570219, 0.586056], [-76.570208, 0.586073], [-76.570188, 0.586105], [-76.570176, 0.586124], [-76.570161, 0.586149], [-76.57013, 0.5862], [-76.570097, 0.586257], [-76.570074, 0.586296], [-76.570039, 0.586354], [-76.570015, 0.586398], [-76.569995, 0.586432], [-76.569946, 0.586521], [-76.569923, 0.586563], [-76.569903, 0.5866], [-76.569888, 0.586629], [-76.56988, 0.586645], [-76.569865, 0.586677], [-76.569857, 0.586696], [-76.56984, 0.586733], [-76.569827, 0.586762], [-76.569803, 0.586819], [-76.569786, 0.58686], [-76.569775, 0.586887], [-76.56976, 0.586922], [-76.569739, 0.586974], [-76.569718, 0.587029], [-76.56969, 0.587097], [-76.569658, 0.58718], [-76.569635, 0.587239], [-76.569617, 0.587285], [-76.569599, 0.587333], [-76.569592, 0.587353], [-76.569579, 0.587391], [-76.569556, 0.587459], [-76.569535, 0.587527], [-76.569507, 0.587614], [-76.569484, 0.587684], [-76.569469, 0.587729], [-76.569457, 0.58777], [-76.569447, 0.587803], [-76.569438, 0.587833], [-76.569431, 0.587862], [-76.569423, 0.587895], [-76.569416, 0.587927], [-76.569411, 0.587948], [-76.569405, 0.58798], [-76.569393, 0.588039], [-76.569389, 0.588062], [-76.569388, 0.58807], [-76.56937, 0.588185], [-76.569358, 0.588261], [-76.569351, 0.588322], [-76.569341, 0.588411], [-76.569334, 0.588469], [-76.569328, 0.588512], [-76.569325, 0.588533], [-76.56932, 0.588565], [-76.569316, 0.588589], [-76.569312, 0.588618], [-76.569308, 0.58865], [-76.569304, 0.588675], [-76.569287, 0.588775], [-76.569273, 0.588858], [-76.569268, 0.588894], [-76.569256, 0.588972], [-76.569248, 0.589022], [-76.569241, 0.589065], [-76.569237, 0.589089], [-76.569225, 0.589154], [-76.569216, 0.589208], [-76.569212, 0.58923], [-76.569206, 0.589268], [-76.569198, 0.589322], [-76.569192, 0.589367], [-76.569187, 0.589401], [-76.569179, 0.589466], [-76.569171, 0.589523], [-76.569166, 0.589559], [-76.569164, 0.589574], [-76.569161, 0.589587], [-76.569153, 0.589634], [-76.569142, 0.589686], [-76.569131, 0.589742], [-76.569117, 0.589822], [-76.569111, 0.589855], [-76.569104, 0.589893], [-76.569097, 0.589937], [-76.569084, 0.590006], [-76.569079, 0.590037], [-76.569076, 0.590057], [-76.56907, 0.590087], [-76.569062, 0.59013], [-76.56903, 0.59028], [-76.569025, 0.590303], [-76.569017, 0.590345], [-76.569011, 0.590381], [-76.569008, 0.590401], [-76.568998, 0.590464], [-76.568991, 0.590507], [-76.568988, 0.590528], [-76.568984, 0.59055], [-76.568979, 0.590577], [-76.568974, 0.590602], [-76.568961, 0.590667], [-76.568956, 0.590693], [-76.568948, 0.590737], [-76.56894, 0.590786], [-76.568937, 0.590804], [-76.568927, 0.590858], [-76.568922, 0.590884], [-76.568913, 0.590925], [-76.568902, 0.590975], [-76.568896, 0.591004], [-76.568886, 0.591045], [-76.568877, 0.591092], [-76.568861, 0.591166], [-76.568838, 0.591278], [-76.568825, 0.59134], [-76.568812, 0.591403], [-76.568803, 0.59145], [-76.568793, 0.591507], [-76.568784, 0.591552], [-76.568765, 0.591644], [-76.568757, 0.591679], [-76.568754, 0.591697], [-76.568746, 0.591744], [-76.568737, 0.591797], [-76.568728, 0.591852], [-76.568715, 0.591927], [-76.568689, 0.592067], [-76.568676, 0.592138], [-76.568669, 0.592174], [-76.568659, 0.592231], [-76.568649, 0.59229], [-76.568642, 0.59233], [-76.568639, 0.592354], [-76.568634, 0.592387], [-76.568634, 0.592389], [-76.568634, 0.592393], [-76.568635, 0.592397], [-76.568636, 0.5924], [-76.568637, 0.592402], [-76.568638, 0.592404], [-76.56864, 0.592406], [-76.568642, 0.592408], [-76.568643, 0.59241], [-76.568645, 0.592411], [-76.568647, 0.592413], [-76.568649, 0.592414], [-76.568653, 0.592415], [-76.568655, 0.592416], [-76.568679, 0.592421], [-76.568692, 0.592424]]}}
]
}
