{
"type": "FeatureCollection",
"features": [
{"type": "Feature", "properties": {"ProjectID": "P6476", "diameter": "12.75\"", "layer": "-1", "location": "underground", "man_made": "pipeline", "name": "Dixie Pipeline", "oneway": "yes", "operator": "Dixie Pipeline Company LLC", "start_date": "1961", "substance": "lpg", "usage": "transmission"}, "geometry": {"type": "LineString", "coordinates": [[-86.412533, 32.559897], [-86.405943, 32.56102], [-86.403891, 32.561696], [-86.397313, 32.561805], [-86.394153, 32.562073], [-86.393304, 32.561815], [-86.383154, 32.561656], [-86.381185, 32.561835], [-86.378037, 32.561864], [-86.367922, 32.560752], [-86.361615, 32.560881], [-86.349978, 32.560851], [-86.347892, 32.561775], [-86.337069, 32.561835], [-86.329394, 32.564667], [-86.325669, 32.565441], [-86.321295, 32.565889], [-86.317982, 32.566912], [-86.317322, 32.567031], [-86.31685, 32.566823], [-86.31606, 32.566832], [-86.309199, 32.567508], [-86.301783, 32.567389], [-86.298105, 32.567538], [-86.293047, 32.566296], [-86.283569, 32.567955], [-86.281517, 32.565849], [-86.273681, 32.565915], [-86.269546, 32.565944], [-86.267793, 32.565838], [-86.266788, 32.565599], [-86.266179, 32.565616], [-86.263134, 32.566343], [-86.254811, 32.566471], [-86.241433, 32.566874], [-86.239586, 32.566634], [-86.236592, 32.565967], [-86.23373, 32.565736], [-86.227487, 32.565573], [-86.223549, 32.564983], [-86.215317, 32.564821], [-86.211673, 32.566985], [-86.20876, 32.567156], [-86.203969, 32.566574], [-86.199727, 32.567703], [-86.19723, 32.568028], [-86.196834, 32.568028], [-86.190094, 32.565223], [-86.188886, 32.564838], [-86.188125, 32.564316], [-86.18439, 32.564205], [-86.18372, 32.564247], [-86.182878, 32.56453], [-86.181802, 32.564735], [-86.179498, 32.564752], [-86.178757, 32.564795], [-86.177711, 32.565017], [-86.177072, 32.564974], [-86.175387, 32.564769], [-86.170048, 32.565154], [-86.163917, 32.564632], [-86.159411, 32.564572], [-86.155198, 32.564359], [-86.150245, 32.566993], [-86.149443, 32.567874], [-86.147677, 32.56808], [-86.123774, 32.570689], [-86.117156, 32.569269], [-86.114811, 32.568353], [-86.108264, 32.56796], [-86.104478, 32.567857], [-86.102895, 32.567943], [-86.101108, 32.568294], [-86.097393, 32.569038], [-86.093405, 32.569106], [-86.091172, 32.569166], [-86.087771, 32.568927], [-86.069217, 32.568713], [-86.066131, 32.568815], [-86.056813, 32.569825], [-86.050622, 32.571227], [-86.048612, 32.571253], [-86.047871, 32.571501], [-86.045252, 32.571604], [-86.044034, 32.571715], [-86.042319, 32.572032], [-86.038655, 32.571493], [-86.035021, 32.570808], [-86.028434, 32.570398], [-86.01805, 32.570586], [-86.016791, 32.570304], [-86.015289, 32.570338], [-86.009565, 32.569029], [-85.991193, 32.569175], [-85.99031, 32.569474], [-85.983915, 32.5695], [-85.98289, 32.569893], [-85.970385, 32.570885], [-85.963595, 32.570056], [-85.96122, 32.570406], [-85.960195, 32.570415], [-85.959839, 32.570364], [-85.959068, 32.570047], [-85.955343, 32.569645], [-85.948857, 32.569953], [-85.947994, 32.570594], [-85.945832, 32.570612], [-85.945477, 32.570501], [-85.945244, 32.570304], [-85.945061, 32.569927], [-85.944817, 32.569654], [-85.944564, 32.569551], [-85.937875, 32.569534], [-85.935073, 32.5695], [-85.93284, 32.57021], [-85.932383, 32.570492], [-85.931998, 32.570586], [-85.931724, 32.570603], [-85.930353, 32.57092], [-85.929318, 32.570979], [-85.92876, 32.570903], [-85.928455, 32.570749], [-85.928049, 32.570278], [-85.927796, 32.570141], [-85.921969, 32.570252], [-85.920904, 32.570201], [-85.91995, 32.569876], [-85.919269, 32.569816], [-85.916539, 32.569525], [-85.912489, 32.569568], [-85.901273, 32.570903], [-85.895969, 32.569186], [-85.89493, 32.56885], [-85.893843, 32.568986], [-85.893488, 32.568909], [-85.89295, 32.568593], [-85.892311, 32.568456], [-85.889989, 32.568795]]}},
{"type": "Feature", "properties": {"ProjectID": "P6476", "diameter": "12.75\"", "layer": "-1", "location": "underground", "man_made": "pipeline", "name": "Dixie Pipeline", "oneway": "yes", "operator": "Dixie Pipeline Company LLC", "start_date": "1961", "substance": "lpg", "usage": "transmission"}, "geometry": {"type": "LineString", "coordinates": [[-85.889989, 32.568795], [-85.888971, 32.568944], [-85.886982, 32.569662], [-85.885744, 32.569808], [-85.877898, 32.572177], [-85.875583, 32.572913], [-85.871391, 32.573469], [-85.866184, 32.573828], [-85.86451, 32.573605], [-85.842738, 32.576685], [-85.834922, 32.57695], [-85.827634, 32.576881], [-85.816155, 32.579541], [-85.808824, 32.58049], [-85.80121, 32.584147], [-85.783779, 32.584494], [-85.775111, 32.582878], [-85.764882, 32.584655], [-85.760801, 32.584517], [-85.755638, 32.584182], [-85.751626, 32.584574], [-85.739316, 32.58477], [-85.73277, 32.585543], [-85.720843, 32.585913], [-85.701895, 32.586275], [-85.686436, 32.588225], [-85.68531, 32.588199], [-85.681737, 32.58861], [-85.671333, 32.590004], [-85.664137, 32.5905], [-85.649815, 32.587489], [-85.644354, 32.586284], [-85.643623, 32.586155], [-85.642233, 32.586138], [-85.635006, 32.586258], [-85.616462, 32.583957], [-85.600425, 32.584821], [-85.592721, 32.585018], [-85.590254, 32.584719], [-85.58795, 32.584505], [-85.580713, 32.58453], [-85.57488, 32.584006], [-85.566574, 32.582497], [-85.561559, 32.581983], [-85.560717, 32.581922], [-85.56041, 32.581861], [-85.559886, 32.581659], [-85.559272, 32.581438], [-85.554448, 32.580227], [-85.545658, 32.579287], [-85.543678, 32.579278], [-85.531508, 32.580809], [-85.524119, 32.581468], [-85.523074, 32.581066], [-85.517907, 32.577165], [-85.515532, 32.577012], [-85.50455, 32.575818], [-85.503843, 32.576509], [-85.501225, 32.576566], [-85.501476, 32.575493], [-85.486474, 32.571242], [-85.48482, 32.56936], [-85.472782, 32.569317], [-85.464794, 32.570455], [-85.461974, 32.570853], [-85.460187, 32.570806], [-85.459746, 32.570784], [-85.450736, 32.570515], [-85.438799, 32.569677], [-85.433511, 32.569643], [-85.404989, 32.569771], [-85.3854, 32.569882], [-85.378183, 32.57013], [-85.371118, 32.577178], [-85.369951, 32.57782]]}},
{"type": "Feature", "properties": {"ProjectID": "P6476", "diameter": "8.63\"", "layer": "-1", "location": "underground", "man_made": "pipeline", "manufacturer": "Stupp Corporation", "model": "API 5L", "name": "Dixie Pipeline", "oneway": "yes", "operator": "Dixie Pipeline Company LLC", "start_date": "1961", "substance": "lpg", "usage": "transmission"}, "geometry": {"type": "LineString", "coordinates": [[-82.29312, 33.5749], [-82.292683, 33.574999], [-82.288721, 33.57764], [-82.271143, 33.581755], [-82.243386, 33.587717], [-82.218396, 33.59069], [-82.217125, 33.591298], [-82.197009, 33.595423], [-82.188103, 33.595847], [-82.187046, 33.595461], [-82.174811, 33.596654], [-82.16464, 33.598389], [-82.16339, 33.598578], [-82.154226, 33.600938], [-82.152843, 33.601714], [-82.151836, 33.602309], [-82.150013, 33.603005], [-82.14892, 33.604919], [-82.145785, 33.60646], [-82.140402, 33.6086], [-82.139579, 33.610162], [-82.13927, 33.610497], [-82.138332, 33.610968], [-82.138016, 33.611622], [-82.137642, 33.611758], [-82.137326, 33.612268], [-82.136828, 33.61348], [-82.135641, 33.615115], [-82.134578, 33.615737], [-82.133764, 33.61667], [-82.131533, 33.617802], [-82.130635, 33.618338], [-82.127947, 33.619117], [-82.127017, 33.619785], [-82.126693, 33.620017], [-82.124082, 33.620791], [-82.118677, 33.62247], [-82.114804, 33.623791], [-82.111241, 33.625115], [-82.105917, 33.626239], [-82.096973, 33.628017], [-82.095374, 33.628918], [-82.091165, 33.631023], [-82.09059, 33.631246], [-82.089192, 33.631358], [-82.086085, 33.631924], [-82.084505, 33.632291], [-82.082379, 33.632522], [-82.072976, 33.633247], [-82.071386, 33.63363], [-82.06543, 33.635113], [-82.06271, 33.63591], [-82.061609, 33.636492], [-82.060805, 33.636939], [-82.059972, 33.637186], [-82.051856, 33.638784], [-82.045971, 33.639825], [-82.042413, 33.640712], [-82.037037, 33.642432], [-82.032268, 33.643867], [-82.027571, 33.644955], [-82.006748, 33.649628], [-81.997864, 33.651678], [-81.996885, 33.652061], [-81.99536, 33.652956], [-81.99023, 33.655887], [-81.987673, 33.656565], [-81.980206, 33.658584], [-81.976447, 33.659815], [-81.973797, 33.661055], [-81.971126, 33.661355], [-81.95513, 33.665864], [-81.939974, 33.670285], [-81.938369, 33.670622], [-81.934557, 33.670884], [-81.927925, 33.67252], [-81.911899, 33.675404], [-81.906392, 33.67734], [-81.90123, 33.678214], [-81.890126, 33.680087], [-81.885038, 33.681025]]}},
{"type": "Feature", "properties": {"ProjectID": "P6476", "diameter": "10.75\"", "layer": "-1", "location": "underground", "man_made": "pipeline", "name": "Dixie Pipeline", "oneway": "yes", "operator": "Dixie Pipeline Company LLC", "start_date": "1961", "substance": "lpg", "usage": "transmission"}, "geometry": {"type": "LineString", "coordinates": [[-84.733835, 32.775827], [-84.727416, 32.784391], [-84.726053, 32.786121], [-84.720676, 32.792542], [-84.71902, 32.793854], [-84.71779, 32.795016], [-84.714936, 32.798572], [-84.714134, 32.800301], [-84.702004, 32.813784], [-84.699055, 32.816043], [-84.691581, 32.82088], [-84.689473, 32.822657], [-84.688174, 32.823378], [-84.687972, 32.82349], [-84.677526, 32.832738], [-84.673186, 32.836536], [-84.670831, 32.839433], [-84.668843, 32.842235], [-84.668617, 32.842954], [-84.668315, 32.844096], [-84.656325, 32.858273], [-84.65114, 32.866021], [-84.646152, 32.871597], [-84.641766, 32.873693], [-84.640208, 32.876987], [-84.634684, 32.889111], [-84.632942, 32.893881], [-84.632128, 32.894166], [-84.626643, 32.900154], [-84.624984, 32.902574], [-84.616186, 32.918104], [-84.612329, 32.921965], [-84.607431, 32.929631], [-84.606732, 32.929833], [-84.596296, 32.940515], [-84.592534, 32.944302], [-84.581742, 32.95102], [-84.569771, 32.955552], [-84.567003, 32.956596], [-84.560565, 32.958541], [-84.554944, 32.961727], [-84.550088, 32.963593], [-84.549322, 32.963888], [-84.548592, 32.96459], [-84.547283, 32.965346], [-84.539365, 32.968443], [-84.533829, 32.970963], [-84.533121, 32.971737], [-84.521822, 32.97803], [-84.514015, 32.98228], [-84.503459, 32.988075], [-84.488971, 32.997774], [-84.484732, 33.000127], [-84.483887, 33.00089], [-84.475591, 33.005191], [-84.465289, 33.010687], [-84.464269, 33.011613], [-84.461859, 33.013151], [-84.454197, 33.016527], [-84.445798, 33.02095], [-84.429529, 33.03141], [-84.425602, 33.033946], [-84.422598, 33.03589], [-84.419078, 33.037777], [-84.418859, 33.037892], [-84.411277, 33.041764], [-84.407137, 33.043878], [-84.402413, 33.046292], [-84.399627, 33.047713], [-84.399087, 33.048011], [-84.398982, 33.048076], [-84.395131, 33.050441], [-84.390164, 33.053494], [-84.387489, 33.055138], [-84.38373, 33.057512], [-84.377895, 33.061445], [-84.376433, 33.062835], [-84.37492, 33.063739], [-84.366198, 33.068987], [-84.363539, 33.070558], [-84.353375, 33.076739], [-84.35151, 33.077872], [-84.349599, 33.079031], [-84.347683, 33.079825], [-84.34559, 33.08079], [-84.345323, 33.080923], [-84.34457, 33.08128], [-84.343495, 33.081792], [-84.342368, 33.082326], [-84.338209, 33.083416], [-84.336866, 33.083729], [-84.336539, 33.083779], [-84.334811, 33.085323], [-84.333953, 33.085642], [-84.332899, 33.086059], [-84.329483, 33.088014], [-84.328601, 33.088316], [-84.32629, 33.088994], [-84.32518, 33.089956], [-84.321421, 33.092148], [-84.316997, 33.094717], [-84.313539, 33.096637], [-84.310938, 33.097686], [-84.308732, 33.098526], [-84.306245, 33.100707], [-84.302805, 33.101118], [-84.299657, 33.102122], [-84.298905, 33.102694], [-84.298324, 33.103308], [-84.297024, 33.103671], [-84.292579, 33.105013], [-84.291864, 33.10523], [-84.287933, 33.108066], [-84.287211, 33.108426], [-84.286984, 33.108544], [-84.281956, 33.111024], [-84.276038, 33.113933], [-84.275708, 33.114082], [-84.275589, 33.114348], [-84.275535, 33.114505], [-84.268249, 33.117708], [-84.265617, 33.118885], [-84.26039, 33.121106], [-84.260314, 33.121138], [-84.252971, 33.124496], [-84.243379, 33.128764], [-84.237328, 33.132016], [-84.23529, 33.133526], [-84.233573, 33.134334], [-84.232586, 33.135035], [-84.230355, 33.1357], [-84.225226, 33.137892], [-84.219647, 33.140623], [-84.213317, 33.145223], [-84.212802, 33.145833], [-84.209927, 33.148025], [-84.208349, 33.148983], [-84.208015, 33.149245], [-84.206065, 33.150782], [-84.205817, 33.151073]]}},
{"type": "Feature", "properties": {"ProjectID": "P6476", "diameter": "12.75\"", "layer": "-1", "location": "underground", "man_made": "pipeline", "name": "Dixie Pipeline", "oneway": "yes", "operator": "Dixie Pipeline Company LLC", "start_date": "1961", "substance": "lpg", "usage": "transmission"}, "geometry": {"type": "LineString", "coordinates": [[-91.110428, 30.632297], [-91.104604, 30.634653], [-91.100171, 30.636226], [-91.094222, 30.637276], [-91.09025, 30.638293], [-91.088033, 30.639485], [-91.078741, 30.644666], [-91.076081, 30.644714], [-91.060562, 30.648894], [-91.052498, 30.651101], [-91.047982, 30.652587], [-91.04576, 30.653585], [-91.041966, 30.654925], [-91.036105, 30.656922], [-91.028049, 30.66004], [-91.025473, 30.661489], [-91.023661, 30.662999], [-91.022712, 30.663888], [-91.018749, 30.665751], [-91.017205, 30.666372], [-91.015365, 30.666944], [-91.014827, 30.66804], [-91.008074, 30.669514], [-91.000203, 30.671231], [-90.993549, 30.672448], [-90.986528, 30.673568], [-90.983654, 30.674019], [-90.982111, 30.674409], [-90.974919, 30.677404], [-90.973011, 30.678139], [-90.969214, 30.679693], [-90.958851, 30.683771], [-90.95752, 30.684161], [-90.955878, 30.68438], [-90.955071, 30.684441], [-90.953868, 30.684904], [-90.939711, 30.691052], [-90.927904, 30.696213], [-90.912233, 30.702848], [-90.903555, 30.706584], [-90.895061, 30.710248], [-90.879984, 30.716041], [-90.868432, 30.720313], [-90.863519, 30.722017], [-90.859301, 30.722772], [-90.855138, 30.723855], [-90.852602, 30.729492], [-90.852114, 30.730177], [-90.849406, 30.730939], [-90.847853, 30.731477], [-90.845405, 30.730964]]}},
{"type": "Feature", "properties": {"ProjectID": "P6476", "diameter": "8.63\"", "layer": "-1", "location": "underground", "man_made": "pipeline", "oneway": "reversible", "operator": "Dixie Pipeline Company LLC", "substance": "lpg", "usage": "transmission"}, "geometry": {"type": "LineString", "coordinates": [[-91.951123, 30.312675], [-91.951215, 30.312571], [-91.949494, 30.311296], [-91.942005, 30.307215], [-91.938199, 30.302518], [-91.93489, 30.292904], [-91.934636, 30.292361], [-91.93419, 30.291686], [-91.933672, 30.291186], [-91.932941, 30.290634], [-91.917213, 30.280061]]}},
{"type": "Feature", "properties": {"ProjectID": "P6476", "diameter": "8.63\"", "layer": "-1", "location": "underground", "man_made": "pipeline", "manufacturer": "Stupp Corporation", "model": "API 5L", "name": "Dixie Pipeline", "oneway": "yes", "operator": "Dixie Pipeline Company LLC", "start_date": "1961", "substance": "lpg", "usage": "transmission"}, "geometry": {"type": "LineString", "coordinates": [[-81.885038, 33.681025], [-81.87461, 33.682997], [-81.872975, 33.683596], [-81.852102, 33.686243], [-81.84796, 33.687242], [-81.842108, 33.688603], [-81.831019, 33.691424], [-81.827118, 33.691911], [-81.824477, 33.692448], [-81.822316, 33.69296], [-81.817139, 33.694883], [-81.813508, 33.696331], [-81.804969, 33.701325], [-81.798247, 33.703235], [-81.788764, 33.707591], [-81.786453, 33.708315], [-81.781336, 33.710088], [-81.777885, 33.710949], [-81.772002, 33.715031], [-81.767066, 33.718101], [-81.757417, 33.72368], [-81.75224, 33.726813], [-81.749134, 33.727374], [-81.748639, 33.727174], [-81.740716, 33.728323], [-81.734699, 33.729234], [-81.72553, 33.732578], [-81.721503, 33.734272], [-81.720681, 33.734118], [-81.715622, 33.736252], [-81.705918, 33.740427], [-81.695309, 33.746604], [-81.694259, 33.748799], [-81.687972, 33.752692], [-81.684325, 33.752567], [-81.680769, 33.754751], [-81.679823, 33.754676], [-81.673401, 33.757134], [-81.67085, 33.760065], [-81.658501, 33.765766], [-81.650233, 33.769571], [-81.646796, 33.771716], [-81.641769, 33.774772], [-81.640134, 33.775246], [-81.637808, 33.775832], [-81.632586, 33.780372], [-81.625608, 33.784426], [-81.620642, 33.785536], [-81.604481, 33.788155], [-81.590017, 33.794377]]}},
{"type": "Feature", "properties": {"ProjectID": "P6476", "diameter": "8.63\"", "layer": "-1", "location": "underground", "man_made": "pipeline", "manufacturer": "Stupp Corporation", "model": "API 5L", "name": "Dixie Pipeline", "oneway": "yes", "operator": "Dixie Pipeline Company LLC", "start_date": "1961", "substance": "lpg", "usage": "transmission"}, "geometry": {"type": "LineString", "coordinates": [[-80.359924, 34.440785], [-80.359685, 34.440942], [-80.355274, 34.445138], [-80.350914, 34.447015], [-80.343853, 34.451453], [-80.327863, 34.45775], [-80.324482, 34.460893], [-80.321677, 34.463166], [-80.316547, 34.465903], [-80.305481, 34.471313], [-80.294409, 34.479928], [-80.285032, 34.48893], [-80.263767, 34.499046], [-80.251429, 34.506031], [-80.243683, 34.508241], [-80.228856, 34.518443], [-80.223804, 34.521959], [-80.221517, 34.52373], [-80.20787, 34.535503], [-80.194588, 34.540576], [-80.191287, 34.541934], [-80.186605, 34.54457], [-80.178151, 34.549431], [-80.168667, 34.555192], [-80.16356, 34.55832], [-80.160513, 34.560635], [-80.150321, 34.567632], [-80.14045, 34.573586], [-80.125816, 34.582296], [-80.12028, 34.584805], [-80.117812, 34.585618], [-80.115538, 34.586854], [-80.111375, 34.588692], [-80.107491, 34.590423], [-80.096054, 34.598424], [-80.090524, 34.601275], [-80.085454, 34.604217], [-80.07956, 34.608111], [-80.078267, 34.608805], [-80.074573, 34.610509], [-80.06183, 34.616449], [-80.0564, 34.617728], [-80.050393, 34.618812], [-80.024456, 34.632007], [-80.010582, 34.63906], [-80.007903, 34.641021], [-80.00238, 34.645596], [-79.992755, 34.654122], [-79.982335, 34.660078], [-79.971935, 34.66681], [-79.959335, 34.677187], [-79.953368, 34.6822], [-79.94822, 34.688314], [-79.940677, 34.695228], [-79.936828, 34.695756], [-79.935888, 34.69744], [-79.934515, 34.697386], [-79.932149, 34.704809], [-79.927385, 34.708884], [-79.922729, 34.710983], [-79.918898, 34.714639], [-79.916669, 34.716886], [-79.915128, 34.717606]]}},
{"type": "Feature", "properties": {"ProjectID": "P6476", "diameter": "8.63\"", "layer": "-1", "location": "underground", "man_made": "pipeline", "name": "Dixie Pipeline", "oneway": "yes", "operator": "Dixie Pipeline Company LLC", "start_date": "1961", "substance": "lpg", "usage": "transmission"}, "geometry": {"type": "LineString", "coordinates": [[-79.10945, 35.46864], [-79.108109, 35.469597], [-79.097778, 35.475847], [-79.093836, 35.478015], [-79.091035, 35.479564], [-79.089736, 35.481457], [-79.087888, 35.48312], [-79.087553, 35.483712], [-79.087087, 35.485023], [-79.082016, 35.496849], [-79.079736, 35.498922], [-79.070954, 35.507762], [-79.058855, 35.519853], [-79.050516, 35.528398], [-79.041929, 35.537102], [-79.036427, 35.542938], [-79.028843, 35.547573], [-79.027809, 35.548378], [-79.023944, 35.551743], [-79.020874, 35.554693], [-79.014188, 35.563452], [-79.012763, 35.565401], [-79.012554, 35.566289], [-79.012034, 35.566793], [-79.011313, 35.567348], [-79.002122, 35.575136], [-78.990729, 35.58368], [-78.990488, 35.583854], [-78.990348, 35.583987], [-78.990297, 35.584128], [-78.990867, 35.588906], [-78.991723, 35.597051], [-78.992459, 35.60371], [-78.992849, 35.607433], [-78.992353, 35.607859], [-78.992035, 35.613591], [-78.991405, 35.622165], [-78.990938, 35.628747], [-78.991376, 35.632383], [-78.991001, 35.636882], [-78.990803, 35.640374], [-78.990513, 35.640632], [-78.989833, 35.643319], [-78.989904, 35.644964], [-78.989593, 35.650561], [-78.986478, 35.652154], [-78.9809, 35.655127], [-78.978097, 35.656657], [-78.97315, 35.659378], [-78.969901, 35.661091], [-78.966187, 35.663032], [-78.962164, 35.665277], [-78.9588, 35.666995], [-78.954345, 35.669347], [-78.951871, 35.670837], [-78.950698, 35.671354], [-78.947913, 35.672853], [-78.938732, 35.677674], [-78.933885, 35.68037], [-78.930462, 35.682126], [-78.928477, 35.682091], [-78.922679, 35.681914], [-78.916935, 35.681649], [-78.909827, 35.68136], [-78.904998, 35.681209], [-78.90491, 35.681206], [-78.904076, 35.680153], [-78.902905, 35.680331], [-78.901425, 35.680734], [-78.900824, 35.680648], [-78.897311, 35.680859], [-78.892164, 35.68117], [-78.886057, 35.681533], [-78.885639, 35.681843], [-78.879375, 35.681975], [-78.877697, 35.682188], [-78.874901, 35.682539], [-78.874144, 35.682539], [-78.871362, 35.682291], [-78.86926, 35.682338], [-78.862338, 35.682469]]}},
{"type": "Feature", "properties": {"ProjectID": "P6476", "layer": "-1", "location": "underground", "man_made": "pipeline", "name": "Dixie Pipeline", "oneway": "yes", "operator": "Dixie Pipeline Company", "substance": "lpg"}, "geometry": {"type": "LineString", "coordinates": [[-94.897892, 29.849514], [-94.898024, 29.849989], [-94.895935, 29.851036], [-94.895967, 29.851337], [-94.896017, 29.852431], [-94.896, 29.853282], [-94.895822, 29.854573], [-94.895449, 29.856517], [-94.894863, 29.859662], [-94.894514, 29.861603], [-94.893968, 29.86488], [-94.892218, 29.865639], [-94.890421, 29.867101], [-94.86941, 29.8779], [-94.856448, 29.884382], [-94.855684, 29.884644], [-94.85403, 29.88594], [-94.843135, 29.891731], [-94.841115, 29.893221], [-94.839779, 29.893993], [-94.838061, 29.895248], [-94.833546, 29.897881], [-94.832924, 29.898625], [-94.82668, 29.902271], [-94.819792, 29.905526], [-94.798056, 29.917616], [-94.773486, 29.933628], [-94.770268, 29.933051], [-94.765633, 29.939745], [-94.760311, 29.943241], [-94.751943, 29.946179], [-94.719563, 29.959695], [-94.716667, 29.959658], [-94.680274, 29.964435], [-94.658538, 29.969956], [-94.648775, 29.972187], [-94.626995, 29.979176], [-94.621073, 29.98122], [-94.620343, 29.982224], [-94.619149, 29.982402], [-94.590948, 29.995976], [-94.570685, 30.006069], [-94.555365, 30.012855], [-94.536309, 30.020112], [-94.535455, 30.021842], [-94.526768, 30.024863], [-94.506492, 30.032408], [-94.482936, 30.043957], [-94.481705, 30.044447], [-94.479596, 30.045022], [-94.478053, 30.045935], [-94.461021, 30.054794], [-94.435804, 30.066594], [-94.406389, 30.08135], [-94.375489, 30.088347], [-94.370488, 30.09073], [-94.357714, 30.09313], [-94.346307, 30.094938], [-94.30695, 30.099737], [-94.30568, 30.100853], [-94.267162, 30.120672], [-94.247454, 30.131011], [-94.246751, 30.131653], [-94.246458, 30.132194], [-94.24638, 30.133326], [-94.246243, 30.133579], [-94.236243, 30.139795], [-94.222472, 30.147278], [-94.212433, 30.152159], [-94.195264, 30.159185], [-94.190205, 30.160435], [-94.180673, 30.1603], [-94.169696, 30.158999], [-94.165047, 30.157581], [-94.162586, 30.157598], [-94.160887, 30.156669], [-94.12192, 30.156213], [-94.116275, 30.155926], [-94.112212, 30.15623], [-94.10981, 30.156939], [-94.052522, 30.157175], [-94.029981, 30.156821], [-94.023633, 30.156398], [-94.014043, 30.155858], [-94.014043, 30.154693], [-94.009687, 30.154608], [-94.009512, 30.152497], [-93.98994, 30.15167], [-93.956247, 30.167274], [-93.933765, 30.167831], [-93.932671, 30.167038], [-93.914096, 30.168625], [-93.912768, 30.16898], [-93.900775, 30.169875], [-93.865148, 30.178892], [-93.853351, 30.179364], [-93.850851, 30.18031], [-93.848136, 30.180428], [-93.843702, 30.183349], [-93.832334, 30.185949], [-93.82831, 30.18681], [-93.812216, 30.187587], [-93.809794, 30.18909], [-93.80325, 30.189309], [-93.801043, 30.189799], [-93.77569, 30.19407], [-93.762311, 30.197396], [-93.758189, 30.198071], [-93.757662, 30.198966], [-93.73893, 30.201312], [-93.716449, 30.204233], [-93.692248, 30.207102], [-93.675001, 30.209195], [-93.655781, 30.211981], [-93.646914, 30.214512], [-93.639882, 30.215221], [-93.630663, 30.21588], [-93.621951, 30.216892], [-93.608884, 30.218057], [-93.583492, 30.221736], [-93.574468, 30.223222], [-93.555288, 30.228993], [-93.53808, 30.234056], [-93.52179, 30.238815], [-93.497003, 30.245683], [-93.487706, 30.249091], [-93.469248, 30.256363], [-93.454774, 30.256397], [-93.435437, 30.259417], [-93.423913, 30.261998], [-93.418697, 30.264138], [-93.411184, 30.265768], [-93.407853, 30.266551], [-93.399557, 30.268314], [-93.393086, 30.268777], [-93.389177, 30.268239], [-93.380244, 30.266376], [-93.367112, 30.266176], [-93.363797, 30.2647], [-93.3619, 30.264513], [-93.34735, 30.266251], [-93.340458, 30.268402], [-93.338721, 30.269139], [-93.327022, 30.273178], [-93.324909, 30.273853], [-93.315827, 30.27734], [-93.312353, 30.280528], [-93.310572, 30.281829], [-93.309631, 30.282479], [-93.305519, 30.282604], [-93.30549, 30.283466], [-93.305186, 30.283679], [-93.303231, 30.284504], [-93.303246, 30.288455], [-93.300119, 30.289255], [-93.295022, 30.289355], [-93.292214, 30.292793], [-93.289173, 30.296368], [-93.284077, 30.299231], [-93.275477, 30.300878], [-93.275072, 30.300956], [-93.264739, 30.305699], [-93.260912, 30.307456], [-93.247144, 30.31368], [-93.243597, 30.314367], [-93.2406, 30.31533], [-93.236893, 30.317217], [-93.229263, 30.31718], [-93.217406, 30.31733], [-93.215089, 30.316655], [-93.206518, 30.31638], [-93.199363, 30.316163], [-93.198696, 30.315501], [-93.198421, 30.315351], [-93.189416, 30.315238], [-93.165006, 30.315213], [-93.159852, 30.315238], [-93.151715, 30.311301], [-93.149688, 30.310701], [-93.148588, 30.310564], [-93.145316, 30.310589], [-93.143318, 30.309689], [-93.133502, 30.307739], [-93.131707, 30.307764], [-93.112769, 30.305827], [-93.106949, 30.304464], [-93.099624, 30.305439], [-93.082337, 30.306676], [-93.071275, 30.306839], [-93.063067, 30.307314], [-93.061619, 30.307952], [-93.048661, 30.308464], [-93.033619, 30.308658], [-93.022803, 30.308761], [-93.013781, 30.308817]]}},
{"type": "Feature", "properties": {"ProjectID": "P6476", "diameter": "6.63\"", "layer": "-1", "location": "underground", "man_made": "pipeline", "name": "Dixie Pipeline", "oneway": "yes", "operator": "Dixie Pipeline Company LLC", "start_date": "1961", "substance": "lpg", "usage": "transmission"}, "geometry": {"type": "LineString", "coordinates": [[-79.890649, 34.737261], [-79.881508, 34.740488], [-79.875962, 34.747113], [-79.870994, 34.753693], [-79.863806, 34.761979], [-79.859321, 34.767197], [-79.845717, 34.779658], [-79.835203, 34.789474], [-79.831898, 34.793739], [-79.822178, 34.805227], [-79.810634, 34.819021], [-79.800313, 34.827494], [-79.788811, 34.837023], [-79.768641, 34.865708], [-79.767482, 34.866905], [-79.762976, 34.870039], [-79.753578, 34.88127], [-79.746867, 34.888081], [-79.743815, 34.891708], [-79.734159, 34.895105], [-79.729277, 34.899029], [-79.728179, 34.902524], [-79.726842, 34.903411], [-79.722915, 34.905769], [-79.722105, 34.906754], [-79.721469, 34.907168], [-79.718838, 34.908796], [-79.714825, 34.912509], [-79.708667, 34.925423], [-79.707787, 34.927059], [-79.69929, 34.926989], [-79.696458, 34.927816], [-79.691522, 34.932372], [-79.682832, 34.939232], [-79.679523, 34.941844], [-79.669212, 34.950665], [-79.665215, 34.953286], [-79.659592, 34.958756], [-79.659441, 34.95891]]}},
{"type": "Feature", "properties": {"ProjectID": "P6476", "diameter": "6.63\"", "layer": "-1", "location": "underground", "man_made": "pipeline", "name": "Dixie Pipeline (Opelika -> Alma Spur Line)", "oneway": "yes", "operator": "Dixie Pipeline Company LLC", "start_date": "1965", "substance": "lpg", "usage": "transmission"}, "geometry": {"type": "LineString", "coordinates": [[-84.949398, 32.218177], [-84.949449, 32.216169], [-84.949015, 32.215238], [-84.948826, 32.215097], [-84.948501, 32.214987], [-84.948363, 32.214907], [-84.948226, 32.214693], [-84.944846, 32.207921], [-84.944622, 32.207676], [-84.942595, 32.206096], [-84.941256, 32.204638], [-84.940062, 32.203897], [-84.937377, 32.203267], [-84.936987, 32.20304], [-84.933426, 32.199121], [-84.933411, 32.198992], [-84.933534, 32.198453], [-84.934287, 32.196469], [-84.934215, 32.196322], [-84.932026, 32.194187], [-84.93185, 32.194079], [-84.931733, 32.19384], [-84.931069, 32.191625], [-84.93062, 32.191129], [-84.918044, 32.178577], [-84.913475, 32.173214], [-84.909804, 32.168834], [-84.908242, 32.167346], [-84.901563, 32.161246], [-84.896838, 32.157981], [-84.894895, 32.15713], [-84.894114, 32.156576], [-84.892093, 32.155068], [-84.889837, 32.152947], [-84.890013, 32.152518], [-84.875114, 32.142755], [-84.875211, 32.141787], [-84.861319, 32.128058], [-84.859816, 32.126255], [-84.856594, 32.123535], [-84.843462, 32.114339], [-84.838189, 32.110775], [-84.82991, 32.104779], [-84.827986, 32.103456], [-84.826404, 32.101793], [-84.823065, 32.09956], [-84.818652, 32.096301], [-84.816621, 32.094978], [-84.812569, 32.091338], [-84.811066, 32.08975], [-84.811193, 32.089386], [-84.809152, 32.087509], [-84.807648, 32.082694], [-84.805129, 32.079732], [-84.804758, 32.078971], [-84.804739, 32.078789], [-84.804817, 32.078475], [-84.804876, 32.07821], [-84.804836, 32.077979], [-84.80304, 32.074148], [-84.796645, 32.07256], [-84.785397, 32.064129], [-84.775926, 32.057376], [-84.774843, 32.056723], [-84.77204, 32.055705], [-84.771201, 32.054993], [-84.770547, 32.054712], [-84.768467, 32.053686], [-84.768711, 32.052287], [-84.768564, 32.051998], [-84.76749, 32.05093], [-84.7671, 32.050425], [-84.76284, 32.041955]]}},
{"type": "Feature", "properties": {"ProjectID": "P6476", "diameter": "8.63\"", "layer": "-1", "location": "underground", "man_made": "pipeline", "manufacturer": "Stupp Corporation", "model": "API 5L", "name": "Dixie Pipeline", "oneway": "yes", "operator": "Dixie Pipeline Company LLC", "start_date": "1961", "substance": "lpg", "usage": "transmission"}, "geometry": {"type": "LineString", "coordinates": [[-82.713481, 33.49692], [-82.712718, 33.497008], [-82.707757, 33.498196], [-82.70247, 33.499183], [-82.701904, 33.500543], [-82.698453, 33.499813], [-82.682214, 33.502519], [-82.680703, 33.503077], [-82.678146, 33.503206], [-82.666782, 33.506956], [-82.663039, 33.508187], [-82.6611, 33.508158], [-82.652087, 33.51062], [-82.639211, 33.514335], [-82.63739, 33.5151], [-82.637081, 33.515299], [-82.636557, 33.515929], [-82.636347, 33.516126], [-82.636137, 33.516223], [-82.635956, 33.51627], [-82.631623, 33.516672], [-82.624725, 33.518479], [-82.619682, 33.519799], [-82.617019, 33.519837], [-82.613953, 33.51988], [-82.613832, 33.519728], [-82.613071, 33.519446], [-82.612719, 33.519378], [-82.612135, 33.519391], [-82.607945, 33.521678], [-82.605912, 33.522676], [-82.603481, 33.523186], [-82.600562, 33.523645], [-82.599975, 33.523739], [-82.596082, 33.52538], [-82.592438, 33.525979], [-82.584367, 33.527307], [-82.576353, 33.52866], [-82.571721, 33.529439], [-82.564562, 33.530658], [-82.562313, 33.531017], [-82.55224, 33.5336], [-82.550546, 33.533882], [-82.541372, 33.535475], [-82.537991, 33.536114], [-82.534809, 33.536656], [-82.533189, 33.536934], [-82.530679, 33.537284], [-82.5227, 33.538569], [-82.52246, 33.538881], [-82.522167, 33.539357], [-82.508169, 33.54317], [-82.507441, 33.543356], [-82.49953, 33.54477], [-82.498604, 33.544597], [-82.498104, 33.544701], [-82.492888, 33.545729], [-82.481509, 33.547716], [-82.47513, 33.548952], [-82.466265, 33.550666], [-82.465336, 33.550846], [-82.464406, 33.551025], [-82.455512, 33.552612], [-82.444166, 33.554203], [-82.441299, 33.554696], [-82.43663, 33.555811], [-82.435547, 33.555809], [-82.388132, 33.563366], [-82.386132, 33.56326], [-82.374843, 33.564995], [-82.370998, 33.56552], [-82.366628, 33.566034], [-82.357364, 33.567981], [-82.355464, 33.568931], [-82.352368, 33.569387], [-82.338769, 33.571693], [-82.320965, 33.572895], [-82.318236, 33.57181], [-82.316934, 33.571654], [-82.296949, 33.574032], [-82.29312, 33.5749]]}},
{"type": "Feature", "properties": {"ProjectID": "P6476", "diameter": "10.75\"", "layer": "-1", "location": "underground", "man_made": "pipeline", "name": "Dixie Pipeline", "oneway": "yes", "operator": "Dixie Pipeline Company LLC", "substance": "lpg", "usage": "transmission"}, "geometry": {"type": "LineString", "coordinates": [[-93.013781, 30.308817], [-93.001882, 30.308891], [-92.96358, 30.30915], [-92.95019, 30.309854], [-92.947379, 30.308835], [-92.917703, 30.30978], [-92.817989, 30.309113], [-92.791768, 30.309242], [-92.77177, 30.308853], [-92.751707, 30.309372], [-92.745183, 30.309391], [-92.734776, 30.309372], [-92.710551, 30.309409], [-92.70686, 30.309854], [-92.699543, 30.309631], [-92.694758, 30.309279], [-92.687763, 30.309131], [-92.661155, 30.308965], [-92.634805, 30.309335], [-92.626091, 30.309375], [-92.612679, 30.308386], [-92.610332, 30.308466], [-92.579647, 30.308961], [-92.564037, 30.306951], [-92.553784, 30.306871], [-92.54584, 30.303793], [-92.530248, 30.303921], [-92.523173, 30.303911], [-92.517037, 30.303903], [-92.499978, 30.304107], [-92.460882, 30.30168], [-92.430691, 30.300401], [-92.412066, 30.298901], [-92.400229, 30.297622], [-92.384149, 30.297594], [-92.375671, 30.298363], [-92.351321, 30.299022], [-92.34841, 30.298981], [-92.338915, 30.298432], [-92.325268, 30.298253], [-92.319685, 30.298624], [-92.315359, 30.299256], [-92.298325, 30.299077], [-92.296989, 30.299723], [-92.264463, 30.299228], [-92.245265, 30.301645], [-92.232477, 30.302675], [-92.220199, 30.303554], [-92.21021, 30.305051], [-92.203435, 30.305078], [-92.158948, 30.304515], [-92.144586, 30.304103], [-92.136283, 30.303925], [-92.112362, 30.303609], [-92.108051, 30.303046], [-92.100512, 30.302785], [-92.099558, 30.303156], [-92.098238, 30.303348], [-92.089872, 30.303417], [-92.074428, 30.303471], [-92.064392, 30.302167], [-92.054578, 30.302263], [-92.039087, 30.302153], [-92.033743, 30.302016], [-92.025567, 30.301824], [-92.021718, 30.302908], [-92.007929, 30.302167], [-92.005177, 30.303403], [-91.99724, 30.302593], [-91.993646, 30.303499], [-91.977537, 30.306162], [-91.97102, 30.306635], [-91.96303, 30.307169], [-91.954842, 30.311794], [-91.951741, 30.313018], [-91.951355, 30.312804]]}},
{"type": "Feature", "properties": {"ProjectID": "P6476", "diameter": "8.63\"", "layer": "-1", "location": "underground", "man_made": "pipeline", "manufacturer": "Stupp Corporation", "model": "API 5L", "name": "Dixie Pipeline", "oneway": "yes", "operator": "Dixie Pipeline Company LLC", "start_date": "1961", "substance": "lpg", "usage": "transmission"}, "geometry": {"type": "LineString", "coordinates": [[-80.552583, 34.323218], [-80.541935, 34.329303], [-80.534485, 34.336074], [-80.52372, 34.340859], [-80.521062, 34.342062], [-80.518793, 34.345441], [-80.514444, 34.34849], [-80.508416, 34.353137], [-80.50588, 34.355019], [-80.498739, 34.358233], [-80.493556, 34.361492], [-80.492755, 34.362934], [-80.488217, 34.365073], [-80.480431, 34.369039], [-80.474547, 34.373042], [-80.46595, 34.376953], [-80.463125, 34.380909], [-80.457107, 34.383792], [-80.452046, 34.386665], [-80.432605, 34.393934], [-80.422371, 34.398101], [-80.41408, 34.401518], [-80.398944, 34.413907], [-80.395038, 34.416077], [-80.393628, 34.417278], [-80.390147, 34.419914], [-80.384279, 34.422439], [-80.374601, 34.429235], [-80.374091, 34.430584], [-80.370369, 34.432836], [-80.364307, 34.437886], [-80.360397, 34.440463], [-80.359924, 34.440785]]}},
{"type": "Feature", "properties": {"ProjectID": "P6476", "diameter": "8.63\"", "layer": "-1", "location": "underground", "man_made": "pipeline", "manufacturer": "Stupp Corporation", "model": "API 5L", "name": "Dixie Pipeline", "oneway": "yes", "operator": "Dixie Pipeline Company LLC", "start_date": "1961", "substance": "lpg", "usage": "transmission"}, "geometry": {"type": "LineString", "coordinates": [[-81.176883, 33.974722], [-81.176303, 33.974769], [-81.175918, 33.975539], [-81.17652, 33.979054], [-81.168078, 33.983681], [-81.165852, 33.984973], [-81.164758, 33.985468], [-81.160379, 33.986733], [-81.152074, 33.989417], [-81.149199, 33.994678], [-81.14871, 33.998027], [-81.143443, 34.003493], [-81.140753, 34.006241], [-81.141037, 34.009472], [-81.141775, 34.011549], [-81.141661, 34.01199], [-81.140206, 34.014579], [-81.13934, 34.015508], [-81.137417, 34.017215], [-81.134854, 34.019544], [-81.135827, 34.020315], [-81.134684, 34.023192], [-81.13264, 34.028722], [-81.132505, 34.030898], [-81.130702, 34.034027], [-81.131263, 34.034339], [-81.128047, 34.040827], [-81.126088, 34.044397], [-81.125896, 34.044991], [-81.124441, 34.044915], [-81.121403, 34.048884], [-81.120594, 34.04989], [-81.118438, 34.049394], [-81.115427, 34.050714], [-81.11483, 34.050486], [-81.110114, 34.052426], [-81.109726, 34.052433], [-81.107047, 34.053956], [-81.100616, 34.057221], [-81.097418, 34.059345], [-81.08026, 34.06741], [-81.078888, 34.068137], [-81.075292, 34.070652], [-81.073386, 34.073561], [-81.071416, 34.074752], [-81.065482, 34.078413], [-81.060228, 34.079712], [-81.059556, 34.080205], [-81.057312, 34.083904], [-81.052969, 34.086395], [-81.051902, 34.087319], [-81.04944, 34.089705], [-81.048776, 34.090405], [-81.044825, 34.094271], [-81.038581, 34.095886], [-81.034004, 34.097042], [-81.032365, 34.098245], [-81.032111, 34.098334], [-81.025816, 34.096943], [-81.015618, 34.099247], [-81.011352, 34.10106], [-81.009036, 34.101582], [-81.008167, 34.102049], [-81.006325, 34.101545], [-81.003738, 34.102156], [-80.999953, 34.102899], [-80.993761, 34.10424], [-80.985893, 34.104837], [-80.984173, 34.105163], [-80.982307, 34.105704], [-80.978452, 34.106909], [-80.969071, 34.109982], [-80.96801, 34.112245], [-80.96508, 34.117344], [-80.955482, 34.119729], [-80.951336, 34.123691], [-80.945913, 34.120404], [-80.941017, 34.12184], [-80.936396, 34.127227], [-80.93259, 34.128073], [-80.926474, 34.129298], [-80.923707, 34.130446], [-80.920691, 34.13112], [-80.91643, 34.133194], [-80.915475, 34.13363], [-80.912148, 34.135216], [-80.905713, 34.136874], [-80.896473, 34.139384], [-80.89438, 34.140095], [-80.893813, 34.140337], [-80.893395, 34.140711], [-80.892783, 34.141216], [-80.892242, 34.141749], [-80.890215, 34.144439], [-80.888946, 34.146384], [-80.887779, 34.14785], [-80.884033, 34.152121], [-80.866441, 34.165437], [-80.864076, 34.166385], [-80.861092, 34.166784], [-80.858677, 34.167095], [-80.853118, 34.168289], [-80.85114, 34.16934], [-80.849862, 34.17027], [-80.845425, 34.172762], [-80.844251, 34.173468], [-80.842648, 34.174314], [-80.841511, 34.174654], [-80.839559, 34.175845], [-80.832876, 34.179823], [-80.828176, 34.183582], [-80.824463, 34.18489], [-80.821701, 34.184886], [-80.816281, 34.185837], [-80.815076, 34.186998], [-80.813794, 34.188078], [-80.811834, 34.189302], [-80.811046, 34.189893], [-80.801519, 34.193339], [-80.797959, 34.194516], [-80.790324, 34.198568], [-80.785832, 34.200974], [-80.78158, 34.203007], [-80.776564, 34.204969], [-80.774488, 34.205835], [-80.771283, 34.208812], [-80.764992, 34.212674], [-80.756864, 34.213148], [-80.753302, 34.215538], [-80.749776, 34.217172], [-80.740967, 34.221283], [-80.737866, 34.222992], [-80.730063, 34.227436], [-80.729676, 34.228002], [-80.729314, 34.228397], [-80.70752, 34.239772], [-80.701564, 34.243286], [-80.692185, 34.248199], [-80.683865, 34.252374], [-80.681346, 34.255673], [-80.678284, 34.259037], [-80.676657, 34.262205], [-80.673866, 34.265657], [-80.671997, 34.269193], [-80.667962, 34.273141], [-80.662872, 34.278286], [-80.655637, 34.281329], [-80.646917, 34.285246], [-80.643919, 34.28705], [-80.637721, 34.290255], [-80.63237, 34.293123], [-80.627732, 34.295493], [-80.624799, 34.295568], [-80.621608, 34.296261], [-80.620639, 34.296069], [-80.614516, 34.298972], [-80.612591, 34.299986], [-80.611868, 34.300221], [-80.608987, 34.300466], [-80.600292, 34.302537], [-80.593445, 34.302515], [-80.590551, 34.302569], [-80.581957, 34.302902], [-80.5756, 34.307317], [-80.573576, 34.311263], [-80.566163, 34.317854], [-80.552583, 34.323218]]}},
{"type": "Feature", "properties": {"ProjectID": "P6476", "diameter": "12.75\"", "layer": "-1", "location": "underground", "man_made": "pipeline", "name": "Dixie Pipeline", "oneway": "yes", "operator": "Dixie Pipeline Company LLC", "start_date": "1961", "substance": "lpg", "usage": "transmission"}, "geometry": {"type": "LineString", "coordinates": [[-86.548515, 32.556703], [-86.543907, 32.55696], [-86.541166, 32.557918], [-86.536376, 32.557935], [-86.529433, 32.559757], [-86.524591, 32.559407], [-86.522744, 32.559116], [-86.521374, 32.559107], [-86.504849, 32.559792], [-86.493349, 32.559355], [-86.484681, 32.558303], [-86.478784, 32.55838], [-86.474744, 32.557439], [-86.466868, 32.557465], [-86.45822, 32.557661], [-86.446882, 32.558868], [-86.438813, 32.558833], [-86.437016, 32.558371], [-86.420928, 32.558602], [-86.417366, 32.55921], [-86.412533, 32.559897]]}},
{"type": "Feature", "properties": {"ProjectID": "P6476", "diameter": "12.75\"", "layer": "-1", "location": "underground", "man_made": "pipeline", "name": "Dixie Pipeline", "oneway": "yes", "operator": "Dixie Pipeline Company LLC", "start_date": "1961", "substance": "lpg", "usage": "transmission"}, "geometry": {"type": "LineString", "coordinates": [[-88.772704, 31.727698], [-88.771872, 31.728301], [-88.769531, 31.729984], [-88.764359, 31.733991], [-88.762955, 31.734478], [-88.759426, 31.737181], [-88.750836, 31.743496], [-88.742098, 31.749937], [-88.723808, 31.763588], [-88.720317, 31.766431], [-88.70693, 31.778388], [-88.704464, 31.780659], [-88.702556, 31.783701], [-88.69517, 31.797511], [-88.692319, 31.797946], [-88.690378, 31.799315], [-88.689445, 31.800012], [-88.688088, 31.800811], [-88.684054, 31.802981], [-88.683196, 31.804075], [-88.68253, 31.805151], [-88.682337, 31.805589], [-88.678818, 31.806902], [-88.667446, 31.81487], [-88.644207, 31.834889], [-88.634315, 31.842108], [-88.62305, 31.850383], [-88.594232, 31.871888], [-88.579562, 31.883545], [-88.574038, 31.887498], [-88.555065, 31.902775], [-88.546171, 31.910768], [-88.539669, 31.916742], [-88.537816, 31.918201]]}},
{"type": "Feature", "properties": {"ProjectID": "P6476", "diameter": "6.63\"", "layer": "-1", "location": "underground", "man_made": "pipeline", "name": "Dixie Pipeline", "oneway": "yes", "operator": "Dixie Pipeline Company LLC", "start_date": "1961", "substance": "lpg", "usage": "transmission"}, "geometry": {"type": "LineString", "coordinates": [[-79.659441, 34.95891], [-79.652868, 34.965637], [-79.646205, 34.971218], [-79.641914, 34.973487], [-79.641184, 34.974243], [-79.64097, 34.974893], [-79.640956, 34.977167], [-79.634989, 34.981579], [-79.631934, 34.98446], [-79.626448, 34.989257], [-79.624049, 34.991357], [-79.621165, 34.994456], [-79.61035, 35.002458], [-79.603612, 35.007428], [-79.597346, 35.015112], [-79.593227, 35.01933], [-79.582031, 35.02953], [-79.581468, 35.029978], [-79.570723, 35.037876], [-79.568271, 35.039343], [-79.56119, 35.047635], [-79.555676, 35.056067], [-79.55029, 35.062829], [-79.548043, 35.064928], [-79.54102, 35.071487], [-79.536948, 35.076571], [-79.532854, 35.079241], [-79.532539, 35.079556], [-79.525105, 35.089145], [-79.515957, 35.097316], [-79.510057, 35.104567], [-79.501238, 35.113309], [-79.498813, 35.11552], [-79.495208, 35.118206], [-79.484337, 35.130467], [-79.484268, 35.131396], [-79.474115, 35.139721], [-79.468694, 35.14131], [-79.467898, 35.142454], [-79.467007, 35.142542], [-79.466422, 35.143941], [-79.465575, 35.146775], [-79.464523, 35.147529], [-79.463708, 35.147863], [-79.461991, 35.150319], [-79.457855, 35.150829], [-79.451285, 35.168989], [-79.452368, 35.171562], [-79.442588, 35.182196], [-79.438142, 35.185083], [-79.437241, 35.185069], [-79.436891, 35.185129], [-79.436788, 35.185147], [-79.433611, 35.187349], [-79.430154, 35.189827], [-79.427738, 35.191835], [-79.418763, 35.190517], [-79.418593, 35.190557], [-79.418238, 35.192839], [-79.417365, 35.194124], [-79.416411, 35.198902], [-79.41637, 35.199416], [-79.415828, 35.201898], [-79.412681, 35.203903], [-79.408456, 35.20674], [-79.401989, 35.210801], [-79.397925, 35.214405], [-79.39429, 35.216734], [-79.392935, 35.216879], [-79.392096, 35.21828]]}},
{"type": "Feature", "properties": {"ProjectID": "P6476", "diameter": "6.63\"", "layer": "-1", "location": "underground", "man_made": "pipeline", "name": "Dixie Pipeline (Opelika -> Alma Spur Line)", "oneway": "yes", "operator": "Dixie Pipeline Company LLC", "start_date": "1965", "substance": "lpg", "usage": "transmission"}, "geometry": {"type": "LineString", "coordinates": [[-84.114182, 31.495936], [-84.104622, 31.495973], [-84.103993, 31.496542], [-84.094848, 31.498008], [-84.089764, 31.497999], [-84.079139, 31.497848], [-84.059814, 31.497805], [-84.051853, 31.497791], [-84.051332, 31.49787], [-84.049769, 31.498852], [-84.047062, 31.499604], [-84.044717, 31.500156], [-84.042876, 31.5005], [-84.041489, 31.500593], [-84.040455, 31.501102], [-84.040018, 31.501296], [-84.039404, 31.501324], [-84.03821, 31.50116], [-84.034402, 31.500894], [-84.031149, 31.500808], [-84.025257, 31.500515], [-84.020768, 31.500579], [-84.015514, 31.500622], [-84.00541, 31.500572], [-83.99986, 31.500609], [-83.996843, 31.501111], [-83.989279, 31.501063], [-83.971962, 31.501121], [-83.959068, 31.501208], [-83.956278, 31.501092], [-83.954135, 31.50085], [-83.951674, 31.500696], [-83.924978, 31.500628], [-83.909379, 31.500697], [-83.864184, 31.500541], [-83.863358, 31.500058], [-83.862822, 31.499706], [-83.860971, 31.499314], [-83.856397, 31.49878], [-83.855861, 31.498558], [-83.855096, 31.497879], [-83.853459, 31.497736], [-83.849848, 31.497736], [-83.846421, 31.49784], [-83.844585, 31.498258], [-83.843469, 31.498349], [-83.834916, 31.498336], [-83.830158, 31.498466], [-83.808402, 31.49621], [-83.8045, 31.496027], [-83.798885, 31.495936], [-83.784106, 31.49561], [-83.775921, 31.495114], [-83.767904, 31.49497], [-83.761952, 31.496301], [-83.752069, 31.496601], [-83.742889, 31.496731], [-83.723168, 31.49621], [-83.71258, 31.495323], [-83.708801, 31.49634], [-83.70721, 31.499836], [-83.69901, 31.502706], [-83.6855, 31.501741], [-83.682991, 31.502158], [-83.678845, 31.501976], [-83.675402, 31.501036], [-83.668135, 31.500984], [-83.66148, 31.501819], [-83.649913, 31.50161], [-83.633573, 31.500019], [-83.624118, 31.498558], [-83.616101, 31.496014], [-83.605713, 31.495923], [-83.593657, 31.497919], [-83.586343, 31.498297], [-83.580575, 31.498153], [-83.575374, 31.497879], [-83.565551, 31.498766], [-83.56295, 31.498362], [-83.560288, 31.498297], [-83.55198, 31.49874], [-83.542755, 31.499641], [-83.520509, 31.501089], [-83.510519, 31.500723], [-83.503726, 31.500045], [-83.495097, 31.503019], [-83.473723, 31.499601], [-83.462386, 31.49861], [-83.457291, 31.496823], [-83.456159, 31.496862], [-83.451982, 31.49874], [-83.441502, 31.500162], [-83.437907, 31.50071], [-83.436163, 31.501689], [-83.4335, 31.503437], [-83.431466, 31.50345], [-83.430837, 31.503642], [-83.430441, 31.503763], [-83.429951, 31.503763], [-83.427503, 31.502093], [-83.425346, 31.502954], [-83.415095, 31.505628], [-83.411102, 31.505824], [-83.398939, 31.505745], [-83.398663, 31.505706], [-83.397883, 31.505445], [-83.397378, 31.505341], [-83.381023, 31.505354], [-83.374826, 31.502341], [-83.356482, 31.50221], [-83.352887, 31.502458], [-83.332462, 31.502315], [-83.330565, 31.502523], [-83.327918, 31.503554], [-83.325118, 31.50448], [-83.324017, 31.504584], [-83.315709, 31.504258], [-83.314225, 31.503384], [-83.301144, 31.503541], [-83.299338, 31.504076], [-83.289822, 31.504676], [-83.28485, 31.505028], [-83.268311, 31.504976], [-83.262711, 31.50405], [-83.245116, 31.50401], [-83.242531, 31.50405], [-83.240925, 31.504285], [-83.240007, 31.504624], [-83.238507, 31.504872], [-83.235202, 31.504558], [-83.232892, 31.504663], [-83.218817, 31.507167], [-83.207158, 31.508954], [-83.200641, 31.511406], [-83.189411, 31.514928], [-83.173361, 31.518267], [-83.148806, 31.518124], [-83.141967, 31.518437], [-83.138876, 31.518671], [-83.134149, 31.519245], [-83.133215, 31.519793], [-83.126591, 31.520523], [-83.11406, 31.520797], [-83.111704, 31.521567], [-83.086812, 31.521358], [-83.083905, 31.522767], [-83.082941, 31.522798]]}},
{"type": "Feature", "properties": {"ProjectID": "P6476", "diameter": "12.75\"", "layer": "-1", "location": "underground", "man_made": "pipeline", "name": "Dixie Pipeline", "oneway": "yes", "operator": "Dixie Pipeline Company LLC", "start_date": "1961", "substance": "lpg", "usage": "transmission"}, "geometry": {"type": "LineString", "coordinates": [[-91.166869, 30.611969], [-91.166178, 30.611983], [-91.164238, 30.612158], [-91.162539, 30.612651], [-91.160654, 30.613557], [-91.15356, 30.616212], [-91.146411, 30.618597], [-91.139095, 30.621506], [-91.130671, 30.62502], [-91.120307, 30.628008], [-91.119162, 30.628612], [-91.116261, 30.630758], [-91.114359, 30.631808], [-91.111477, 30.632332], [-91.110428, 30.632297]]}},
{"type": "Feature", "properties": {"ProjectID": "P6476", "diameter": "10.75\"", "layer": "-1", "location": "underground", "man_made": "pipeline", "name": "Dixie Pipeline", "oneway": "yes", "operator": "Dixie Pipeline Company LLC", "substance": "lpg", "usage": "transmission"}, "geometry": {"type": "LineString", "coordinates": [[-91.560875, 30.496001], [-91.526374, 30.504693], [-91.522275, 30.505888], [-91.518305, 30.507274], [-91.513112, 30.507385], [-91.511482, 30.50916], [-91.481484, 30.514613], [-91.46906, 30.516758], [-91.466571, 30.516295], [-91.425436, 30.517663], [-91.406039, 30.518347], [-91.398335, 30.520658], [-91.389366, 30.525298], [-91.388593, 30.525907], [-91.387885, 30.527552], [-91.37735, 30.533042], [-91.365441, 30.53367], [-91.36175, 30.534262], [-91.358424, 30.534262], [-91.355313, 30.534909], [-91.333705, 30.53964], [-91.285179, 30.559513], [-91.281523, 30.559737], [-91.267214, 30.564112], [-91.262106, 30.562414], [-91.256861, 30.56061], [-91.255821, 30.56147], [-91.248454, 30.567655], [-91.24668, 30.569235], [-91.252989, 30.572975], [-91.251783, 30.574841], [-91.256717, 30.577827], [-91.252746, 30.583439], [-91.252415, 30.586286], [-91.252082, 30.587272], [-91.25162, 30.587654], [-91.251029, 30.587892], [-91.250678, 30.58794], [-91.249145, 30.587877], [-91.248387, 30.588036], [-91.234439, 30.586382], [-91.224482, 30.594731], [-91.214358, 30.598356], [-91.208502, 30.600201], [-91.191377, 30.604271], [-91.186777, 30.605432], [-91.184486, 30.606036], [-91.180292, 30.606339], [-91.176283, 30.607897], [-91.168764, 30.611681], [-91.167874, 30.611948], [-91.16774, 30.611951], [-91.166869, 30.611969]]}},
{"type": "Feature", "properties": {"ProjectID": "P6476", "diameter": "12.75\"", "layer": "1", "location": "overground", "man_made": "pipeline", "name": "Dixie Pipeline", "oneway": "yes", "operator": "Dixie Pipeline Company LLC", "start_date": "1961", "substance": "lpg", "usage": "transmission"}, "geometry": {"type": "LineString", "coordinates": [[-90.845405, 30.730964], [-90.845106, 30.731009], [-90.845096, 30.731093], [-90.844938, 30.731113], [-90.844905, 30.731049], [-90.840576, 30.731699], [-90.840567, 30.731771], [-90.840428, 30.731796], [-90.840403, 30.731691], [-90.839992, 30.731763]]}},
{"type": "Feature", "properties": {"ProjectID": "P6476", "diameter": "12.75\"", "layer": "-1", "location": "underground", "man_made": "pipeline", "name": "Dixie Pipeline", "oneway": "yes", "operator": "Dixie Pipeline Company LLC", "start_date": "1961", "substance": "lpg", "usage": "transmission"}, "geometry": {"type": "LineString", "coordinates": [[-89.582358, 31.259463], [-89.582075, 31.259696], [-89.57556, 31.265051], [-89.570357, 31.265751], [-89.567041, 31.2672], [-89.556479, 31.270518], [-89.544229, 31.274984], [-89.538248, 31.278382], [-89.536457, 31.27889], [-89.535042, 31.279017], [-89.52831, 31.278878], [-89.527977, 31.278926], [-89.527015, 31.279434], [-89.524141, 31.281001], [-89.519476, 31.283409], [-89.512809, 31.286958], [-89.505794, 31.290669], [-89.499789, 31.29383], [-89.4917, 31.298587], [-89.489477, 31.299074], [-89.489262, 31.299161], [-89.487731, 31.300023], [-89.48279, 31.303096], [-89.477672, 31.306216], [-89.470374, 31.310275], [-89.469408, 31.310477], [-89.465352, 31.311925], [-89.465439, 31.314017], [-89.465395, 31.314661], [-89.465197, 31.314872], [-89.459194, 31.317826], [-89.456541, 31.318297], [-89.456305, 31.318409], [-89.453861, 31.319566], [-89.449704, 31.322797], [-89.446491, 31.324449], [-89.441121, 31.327465], [-89.438431, 31.328964], [-89.437021, 31.329946], [-89.434704, 31.332411], [-89.431164, 31.334286], [-89.426055, 31.337054], [-89.418415, 31.340492], [-89.413418, 31.342686], [-89.411588, 31.346507], [-89.400492, 31.346516], [-89.373607, 31.346578], [-89.373558, 31.349082], [-89.369514, 31.352666], [-89.361568, 31.359583], [-89.356062, 31.364083], [-89.351288, 31.367636], [-89.348046, 31.369056], [-89.340206, 31.371602], [-89.333014, 31.374813], [-89.330421, 31.373031], [-89.319162, 31.375377], [-89.314021, 31.375769], [-89.306688, 31.37586], [-89.305674, 31.375166], [-89.305132, 31.375135], [-89.30479, 31.375145], [-89.304472, 31.375629], [-89.304154, 31.37589], [-89.291728, 31.37592], [-89.28904, 31.375719], [-89.285461, 31.375651], [-89.274744, 31.375674], [-89.273306, 31.375785], [-89.27247, 31.37641], [-89.272062, 31.376399], [-89.269022, 31.376152]]}},
{"type": "Feature", "properties": {"ProjectID": "P6476", "diameter": "8.63\"", "layer": "-1", "location": "underground", "man_made": "pipeline", "manufacturer": "Stupp Corporation", "model": "API 5L", "name": "Dixie Pipeline", "oneway": "yes", "operator": "Dixie Pipeline Company LLC", "start_date": "1961", "substance": "lpg", "usage": "transmission"}, "geometry": {"type": "LineString", "coordinates": [[-81.590017, 33.794377], [-81.58976, 33.79449], [-81.585514, 33.796236], [-81.582228, 33.796535], [-81.578686, 33.799203], [-81.573194, 33.801785], [-81.570508, 33.803056], [-81.566232, 33.805201], [-81.548945, 33.8105], [-81.545358, 33.811872], [-81.53532, 33.81444], [-81.534193, 33.814762], [-81.529498, 33.818392], [-81.525387, 33.819863], [-81.519324, 33.820785], [-81.518304, 33.82086], [-81.505624, 33.82657], [-81.502713, 33.827423], [-81.498144, 33.828948], [-81.495339, 33.830795], [-81.490019, 33.83426], [-81.478059, 33.842175], [-81.469086, 33.847185], [-81.466776, 33.849424], [-81.4562, 33.853715], [-81.45248, 33.855684], [-81.443712, 33.858176], [-81.431332, 33.86336], [-81.427956, 33.86483], [-81.420618, 33.868967], [-81.412755, 33.872518], [-81.404742, 33.875856], [-81.400676, 33.877302], [-81.399813, 33.877458], [-81.397145, 33.877941], [-81.392873, 33.879095], [-81.389291, 33.880067], [-81.382712, 33.881395], [-81.374956, 33.882908], [-81.373756, 33.882098], [-81.367003, 33.884751], [-81.35737, 33.889111], [-81.349972, 33.892586], [-81.339603, 33.899723], [-81.328469, 33.907906], [-81.317935, 33.915054], [-81.311798, 33.915751], [-81.301222, 33.919989], [-81.299191, 33.920583], [-81.295626, 33.921756], [-81.286739, 33.924704], [-81.282102, 33.926285], [-81.275177, 33.929718], [-81.273979, 33.930312], [-81.265921, 33.934585], [-81.263079, 33.935925], [-81.258674, 33.939591], [-81.249488, 33.944724], [-81.247822, 33.945346], [-81.239941, 33.947522], [-81.228882, 33.950051], [-81.22272, 33.954155], [-81.213832, 33.959149], [-81.209827, 33.961356], [-81.209284, 33.961828], [-81.208936, 33.962449], [-81.208923, 33.963617], [-81.203122, 33.965128], [-81.200766, 33.966355], [-81.198598, 33.967157], [-81.194262, 33.969353], [-81.185474, 33.971637], [-81.179712, 33.97378], [-81.178399, 33.974601], [-81.176883, 33.974722]]}},
{"type": "Feature", "properties": {"ProjectID": "P6476", "diameter": "12.75\"", "layer": "-1", "location": "underground", "man_made": "pipeline", "name": "Dixie Pipeline", "oneway": "yes", "operator": "Dixie Pipeline Company LLC", "start_date": "1961", "substance": "lpg", "usage": "transmission"}, "geometry": {"type": "LineString", "coordinates": [[-88.537816, 31.918201], [-88.524498, 31.92869], [-88.523812, 31.930183], [-88.522953, 31.931039], [-88.519241, 31.934335], [-88.51658, 31.93703], [-88.513169, 31.939433], [-88.511688, 31.940945], [-88.502976, 31.951742], [-88.501281, 31.953963], [-88.499629, 31.955256], [-88.497526, 31.956731], [-88.494608, 31.958205], [-88.492033, 31.960117], [-88.488492, 31.963994], [-88.485317, 31.965469], [-88.483772, 31.966324], [-88.482913, 31.967508], [-88.481991, 31.968309], [-88.4733, 31.97468], [-88.464395, 31.981869], [-88.45431, 31.992134], [-88.433346, 32.012951], [-88.432466, 32.01366], [-88.430578, 32.014406], [-88.430085, 32.014716], [-88.409832, 32.031392], [-88.393196, 32.045171], [-88.385593, 32.051575], [-88.376463, 32.059353], [-88.367525, 32.068087], [-88.3656, 32.068546], [-88.360972, 32.07147], [-88.356375, 32.074179], [-88.343263, 32.083024], [-88.327902, 32.092113], [-88.322661, 32.094982], [-88.318311, 32.097269]]}},
{"type": "Feature", "properties": {"ProjectID": "P6476", "diameter": "6.63\"", "layer": "-1", "location": "underground", "man_made": "pipeline", "name": "Dixie Pipeline (Opelika -> Alma Spur Line)", "oneway": "yes", "operator": "Dixie Pipeline Company LLC", "start_date": "1965", "substance": "lpg", "usage": "transmission"}, "geometry": {"type": "LineString", "coordinates": [[-84.76284, 32.041955], [-84.755354, 32.035495], [-84.748391, 32.029718], [-84.74348, 32.025463], [-84.732428, 32.015844], [-84.720369, 32.005603], [-84.719461, 32.005031], [-84.718827, 32.004568], [-84.692699, 31.982143], [-84.670643, 31.963417], [-84.668944, 31.961777], [-84.667333, 31.961064], [-84.656935, 31.950618], [-84.654847, 31.94843], [-84.650198, 31.943559], [-84.642358, 31.935299], [-84.632145, 31.930451], [-84.626716, 31.926524], [-84.625769, 31.924775], [-84.602102, 31.902638], [-84.595824, 31.895816], [-84.596117, 31.895153], [-84.589087, 31.887601], [-84.580124, 31.878216], [-84.571796, 31.866774], [-84.571249, 31.865828], [-84.570976, 31.865314], [-84.5708, 31.865082], [-84.570605, 31.864916], [-84.569775, 31.864535], [-84.569452, 31.864311], [-84.559708, 31.850885], [-84.554514, 31.845535], [-84.55261, 31.843819], [-84.543364, 31.834305], [-84.539049, 31.830456], [-84.536793, 31.828407], [-84.536471, 31.828257], [-84.535309, 31.828125], [-84.535016, 31.827992], [-84.528123, 31.821588], [-84.517744, 31.81461], [-84.504993, 31.802754], [-84.497309, 31.795368], [-84.495903, 31.795152], [-84.484226, 31.783418], [-84.484499, 31.782438], [-84.473935, 31.775184], [-84.473251, 31.77374], [-84.47083, 31.771598], [-84.47084, 31.769125], [-84.467354, 31.763613], [-84.461632, 31.751832], [-84.461193, 31.751135], [-84.454183, 31.736629], [-84.451429, 31.733781], [-84.451098, 31.733624], [-84.45016, 31.733491], [-84.432322, 31.721441], [-84.432049, 31.721341], [-84.431287, 31.721133], [-84.429647, 31.719356], [-84.429422, 31.71826], [-84.414123, 31.704912], [-84.413849, 31.704239], [-84.40843, 31.698208], [-84.400307, 31.689635], [-84.391178, 31.680014], [-84.390358, 31.679806], [-84.390006, 31.679574], [-84.383914, 31.67384], [-84.381121, 31.671364], [-84.380867, 31.671264], [-84.38033, 31.671065], [-84.37374, 31.664492], [-84.367804, 31.659148], [-84.36176, 31.654012], [-84.361623, 31.653289], [-84.355218, 31.65112], [-84.351202, 31.650911], [-84.349126, 31.650804], [-84.346366, 31.646357], [-84.343736, 31.642118], [-84.338879, 31.637222], [-84.325163, 31.623397], [-84.31962, 31.61781], [-84.315832, 31.61194], [-84.315783, 31.609894], [-84.313508, 31.60794], [-84.310374, 31.604364], [-84.302836, 31.598635], [-84.287217, 31.587095], [-84.286053, 31.586235], [-84.285965, 31.58255], [-84.27829, 31.572178], [-84.272657, 31.564558], [-84.266701, 31.556854], [-84.265481, 31.554932], [-84.265334, 31.554508], [-84.265227, 31.553501], [-84.265061, 31.545846], [-84.254994, 31.540271], [-84.244909, 31.526831], [-84.241521, 31.522403], [-84.228847, 31.522395], [-84.228359, 31.522254], [-84.226367, 31.512399], [-84.223839, 31.510626], [-84.220431, 31.510126], [-84.211439, 31.507263], [-84.206528, 31.503842], [-84.169143, 31.504041], [-84.155181, 31.500886], [-84.150797, 31.501144], [-84.124962, 31.501103], [-84.120191, 31.501029], [-84.120061, 31.498389], [-84.117642, 31.498343], [-84.117607, 31.495868], [-84.114182, 31.495936]]}},
{"type": "Feature", "properties": {"ProjectID": "P6476", "diameter": "12.75\"", "layer": "-1", "location": "underground", "man_made": "pipeline", "name": "Dixie Pipeline", "oneway": "yes", "operator": "Dixie Pipeline Company LLC", "start_date": "1961", "substance": "lpg", "usage": "transmission"}, "geometry": {"type": "LineString", "coordinates": [[-87.769942, 32.509043], [-87.769531, 32.509136], [-87.770024, 32.510441], [-87.769983, 32.511283], [-87.765655, 32.511988], [-87.758781, 32.513801], [-87.74569, 32.515718], [-87.74213, 32.515729], [-87.741117, 32.515995], [-87.73249, 32.516364], [-87.728683, 32.516396], [-87.72859, 32.516398], [-87.724626, 32.516484], [-87.722171, 32.516666], [-87.719947, 32.516983], [-87.716767, 32.517432], [-87.715366, 32.517617], [-87.71473, 32.51768], [-87.713503, 32.517829], [-87.712761, 32.517921], [-87.712546, 32.517899], [-87.712277, 32.517925], [-87.708014, 32.518372], [-87.707978, 32.518377], [-87.70791, 32.518383], [-87.703318, 32.518867], [-87.696883, 32.519502], [-87.69588, 32.519581], [-87.695046, 32.519295], [-87.694358, 32.519357], [-87.684309, 32.520325], [-87.683689, 32.520422], [-87.683325, 32.520453], [-87.679597, 32.520777], [-87.673766, 32.521285], [-87.671508, 32.521507], [-87.669286, 32.521717], [-87.668674, 32.521777], [-87.664155, 32.522236], [-87.658316, 32.522821], [-87.657076, 32.522956], [-87.653774, 32.523275], [-87.647438, 32.523888], [-87.647398, 32.523891], [-87.647376, 32.523896], [-87.646885, 32.523957], [-87.645383, 32.524143], [-87.643069, 32.524591], [-87.634992, 32.524745], [-87.627516, 32.524887], [-87.626946, 32.524901], [-87.626851, 32.524904], [-87.62665, 32.52491], [-87.625006, 32.525093], [-87.620933, 32.525379], [-87.614228, 32.52584], [-87.608055, 32.526269], [-87.602215, 32.526719], [-87.596735, 32.52714], [-87.595496, 32.527237], [-87.594769, 32.527572], [-87.593999, 32.527928], [-87.591451, 32.527709], [-87.567958, 32.525743], [-87.565859, 32.525575], [-87.558513, 32.524951], [-87.557623, 32.524949], [-87.55101, 32.524932], [-87.549423, 32.524928], [-87.538422, 32.525058], [-87.528859, 32.525173], [-87.526564, 32.525202], [-87.524833, 32.525216], [-87.515389, 32.525463], [-87.500427, 32.525432], [-87.497851, 32.525441], [-87.495925, 32.525343], [-87.490964, 32.524861], [-87.489446, 32.524682], [-87.486007, 32.524715], [-87.483417, 32.524704], [-87.479357, 32.524714], [-87.477419, 32.524904], [-87.475101, 32.525076], [-87.467231, 32.525184], [-87.464457, 32.525454], [-87.46279, 32.525532], [-87.455815, 32.525543], [-87.455673, 32.525536], [-87.454624, 32.525484], [-87.453606, 32.52543], [-87.449771, 32.525188], [-87.447257, 32.524896], [-87.443753, 32.524475], [-87.441595, 32.524212], [-87.437497, 32.523676], [-87.434154, 32.523257], [-87.430531, 32.522881], [-87.426023, 32.522435], [-87.422893, 32.522246], [-87.415202, 32.522641], [-87.409952, 32.522909], [-87.397259, 32.52382], [-87.392289, 32.524166], [-87.385926, 32.524576], [-87.38422, 32.524715], [-87.379144, 32.524912], [-87.367699, 32.525163], [-87.366766, 32.524578], [-87.362659, 32.524454], [-87.33441, 32.524436], [-87.329249, 32.524273], [-87.322383, 32.524164], [-87.321289, 32.524599], [-87.308757, 32.524056], [-87.299288, 32.523956], [-87.298204, 32.523224], [-87.288287, 32.523314], [-87.284033, 32.523653], [-87.281227, 32.523766], [-87.259877, 32.524164], [-87.222905, 32.524635], [-87.201544, 32.525829], [-87.17724, 32.527411], [-87.176622, 32.527487], [-87.167111, 32.528925], [-87.162016, 32.529147], [-87.159427, 32.528634], [-87.155509, 32.527342], [-87.144872, 32.527427], [-87.142639, 32.529413], [-87.136691, 32.529738], [-87.099379, 32.530063], [-87.08841, 32.527918], [-87.08682, 32.527969], [-87.085918, 32.527998]]}},
{"type": "Feature", "properties": {"ProjectID": "P6476", "diameter": "6.63\"", "layer": "-1", "location": "underground", "man_made": "pipeline", "name": "Dixie Pipeline", "oneway": "yes", "operator": "Dixie Pipeline Company LLC", "start_date": "1961", "substance": "lpg", "usage": "transmission"}, "geometry": {"type": "LineString", "coordinates": [[-79.915128, 34.717606], [-79.913674, 34.718285], [-79.911989, 34.72075], [-79.909275, 34.723594], [-79.901142, 34.730754], [-79.890649, 34.737261]]}},
{"type": "Feature", "properties": {"ProjectID": "P6476", "diameter": "6.63\"", "layer": "-1", "location": "underground", "man_made": "pipeline", "name": "Dixie Pipeline", "oneway": "yes", "operator": "Dixie Pipeline Company LLC", "start_date": "1961", "substance": "lpg", "usage": "transmission"}, "geometry": {"type": "LineString", "coordinates": [[-78.862338, 35.682469], [-78.859508, 35.685802], [-78.85749, 35.687759], [-78.853459, 35.691855], [-78.850048, 35.695189], [-78.845699, 35.699398], [-78.841204, 35.703772], [-78.840171, 35.704382], [-78.839208, 35.70571], [-78.83855, 35.706371], [-78.837979, 35.706945], [-78.837678, 35.707165], [-78.837382, 35.707321], [-78.835508, 35.708017]]}},
{"type": "Feature", "properties": {"ProjectID": "P6476", "diameter": "10.75\"", "layer": "-1", "location": "underground", "man_made": "pipeline", "name": "Dixie Pipeline", "oneway": "yes", "operator": "Dixie Pipeline Company LLC", "substance": "lpg", "usage": "transmission"}, "geometry": {"type": "LineString", "coordinates": [[-91.951355, 30.312804], [-91.951123, 30.312675], [-91.950834, 30.312514], [-91.940808, 30.316345], [-91.932504, 30.31929], [-91.925594, 30.323124], [-91.923921, 30.322365], [-91.904501, 30.334274], [-91.890438, 30.337979], [-91.873073, 30.343081], [-91.870117, 30.345918], [-91.850128, 30.353172], [-91.840004, 30.360489], [-91.820422, 30.371838], [-91.79672, 30.382278], [-91.793228, 30.38317], [-91.792852, 30.383349], [-91.79055, 30.384445], [-91.773572, 30.394421], [-91.728218, 30.420582], [-91.723323, 30.429057], [-91.720736, 30.430905], [-91.71815, 30.432243], [-91.708691, 30.43562], [-91.707472, 30.43648], [-91.696332, 30.436703], [-91.683881, 30.442803], [-91.672464, 30.448346], [-91.647967, 30.463602], [-91.637714, 30.469095], [-91.609401, 30.483151], [-91.564533, 30.494042], [-91.562795, 30.495447], [-91.560875, 30.496001]]}},
{"type": "Feature", "properties": {"ProjectID": "P6476", "diameter": "12.75\"", "layer": "-1", "location": "underground", "man_made": "pipeline", "name": "Dixie Pipeline", "oneway": "yes", "operator": "Dixie Pipeline Company LLC", "start_date": "1961", "substance": "lpg", "usage": "transmission"}, "geometry": {"type": "LineString", "coordinates": [[-90.839992, 30.731763], [-90.839777, 30.731755], [-90.837881, 30.730293], [-90.836658, 30.729804], [-90.836008, 30.729762], [-90.831377, 30.732819], [-90.830721, 30.733132], [-90.824266, 30.734994], [-90.823277, 30.735283], [-90.819104, 30.736035], [-90.818555, 30.736133], [-90.816538, 30.736952], [-90.8156, 30.737187], [-90.815511, 30.737235]]}},
{"type": "Feature", "properties": {"ProjectID": "P6476", "diameter": "12.75\"", "layer": "-1", "location": "underground", "man_made": "pipeline", "name": "Dixie Pipeline", "oneway": "yes", "operator": "Dixie Pipeline Company LLC", "start_date": "1961", "substance": "lpg", "usage": "transmission"}, "geometry": {"type": "LineString", "coordinates": [[-87.085918, 32.527998], [-87.084949, 32.528036], [-87.084644, 32.528048], [-87.083099, 32.527838], [-87.07643, 32.527556], [-87.075486, 32.528086], [-87.063824, 32.530773], [-87.058992, 32.531124], [-87.051725, 32.531543], [-87.048567, 32.531601], [-87.046063, 32.532137], [-87.041089, 32.532044], [-87.01683, 32.533482], [-87.013532, 32.533704], [-86.989171, 32.534269], [-86.986451, 32.533841], [-86.983477, 32.533738], [-86.97286, 32.534047], [-86.968526, 32.534851], [-86.966679, 32.533738], [-86.960487, 32.537948], [-86.948023, 32.542946], [-86.940197, 32.542193], [-86.932514, 32.541482], [-86.925165, 32.543211], [-86.913817, 32.543331], [-86.910041, 32.54428], [-86.906702, 32.545744], [-86.904723, 32.545735], [-86.903007, 32.545667], [-86.902185, 32.545974], [-86.898409, 32.545932], [-86.891964, 32.54541], [-86.889599, 32.544854], [-86.888087, 32.544948], [-86.880444, 32.544922], [-86.876059, 32.543647], [-86.859291, 32.544383], [-86.851567, 32.545076], [-86.846583, 32.544768], [-86.843741, 32.543964], [-86.834727, 32.544221], [-86.827501, 32.541654], [-86.820934, 32.541354], [-86.801334, 32.543673], [-86.786129, 32.544948], [-86.784738, 32.546462], [-86.777258, 32.546573], [-86.766783, 32.547369], [-86.758033, 32.546881], [-86.751172, 32.547421], [-86.745833, 32.54873], [-86.742006, 32.549431], [-86.739286, 32.549388], [-86.735815, 32.55027], [-86.734028, 32.549414], [-86.73214, 32.549474], [-86.722173, 32.551005], [-86.71117, 32.551767], [-86.696341, 32.548841], [-86.692687, 32.548635], [-86.674559, 32.548986], [-86.658126, 32.54926], [-86.650351, 32.548601], [-86.649509, 32.548986], [-86.634791, 32.547711], [-86.62998, 32.547001], [-86.615201, 32.547284], [-86.611091, 32.546907], [-86.610552, 32.547352], [-86.60702, 32.547857], [-86.595459, 32.548473], [-86.590628, 32.548789], [-86.586294, 32.549696], [-86.585116, 32.550304], [-86.579656, 32.551288], [-86.578844, 32.551741], [-86.573464, 32.553504], [-86.567313, 32.554034], [-86.56573, 32.555206], [-86.557752, 32.556378], [-86.55491, 32.55672], [-86.548515, 32.556703]]}},
{"type": "Feature", "properties": {"ProjectID": "P6476", "diameter": "8.63\"", "layer": "-1", "location": "underground", "man_made": "pipeline", "manufacturer": "Stupp Corporation", "model": "API 5L", "name": "Dixie Pipeline", "oneway": "yes", "operator": "Dixie Pipeline Company LLC", "start_date": "1961", "substance": "lpg", "usage": "transmission"}, "geometry": {"type": "LineString", "coordinates": [[-83.44785, 33.362989], [-83.444454, 33.362495], [-83.436612, 33.363737], [-83.424649, 33.366228], [-83.409987, 33.369305], [-83.396048, 33.372188], [-83.385055, 33.373933], [-83.379816, 33.37421], [-83.376366, 33.375524], [-83.371658, 33.376673], [-83.357713, 33.380504], [-83.351678, 33.381335], [-83.347063, 33.382245], [-83.342073, 33.383144], [-83.337157, 33.385509], [-83.324159, 33.388632], [-83.312807, 33.391377], [-83.306869, 33.393374], [-83.300891, 33.395148], [-83.295546, 33.394251], [-83.286477, 33.38669], [-83.276103, 33.387552], [-83.272188, 33.388049], [-83.260264, 33.386172], [-83.253947, 33.386636], [-83.247477, 33.386805], [-83.24592, 33.386982], [-83.24077, 33.388839], [-83.236143, 33.391477], [-83.229236, 33.395544], [-83.220725, 33.400507], [-83.216434, 33.402954], [-83.212986, 33.404681], [-83.212742, 33.404959], [-83.211062, 33.408209], [-83.209077, 33.412034], [-83.207429, 33.412364], [-83.197413, 33.414078], [-83.183208, 33.416347], [-83.176658, 33.417216], [-83.165303, 33.418812], [-83.147777, 33.421591], [-83.142781, 33.422365], [-83.133186, 33.422709], [-83.11844, 33.424056], [-83.111041, 33.424887], [-83.109926, 33.42513], [-83.096759, 33.426577], [-83.095231, 33.426606], [-83.088502, 33.427509], [-83.081344, 33.429185], [-83.078151, 33.428956], [-83.071988, 33.429586], [-83.06186, 33.430603], [-83.0535, 33.431434], [-83.044624, 33.432944]]}},
{"type": "Feature", "properties": {"ProjectID": "P6476", "diameter": "12.75\"", "layer": "-1", "location": "underground", "man_made": "pipeline", "name": "Dixie Pipeline", "oneway": "yes", "operator": "Dixie Pipeline Company LLC", "start_date": "1961", "substance": "lpg", "usage": "transmission"}, "geometry": {"type": "LineString", "coordinates": [[-88.318311, 32.097269], [-88.305688, 32.10398], [-88.305044, 32.104434], [-88.303542, 32.106524], [-88.303199, 32.106761], [-88.301976, 32.10716], [-88.301246, 32.107506], [-88.299444, 32.109578], [-88.298285, 32.110268], [-88.278544, 32.121009], [-88.268266, 32.126697], [-88.259726, 32.132494], [-88.258095, 32.133348], [-88.255456, 32.135892], [-88.247538, 32.141797], [-88.240369, 32.147022], [-88.169971, 32.197894], [-88.169601, 32.198045], [-88.168875, 32.19816], [-88.16856, 32.198357], [-88.167916, 32.198971], [-88.167122, 32.199887], [-88.16159, 32.203931], [-88.14713, 32.214312], [-88.146267, 32.215668], [-88.126192, 32.230148], [-88.12559, 32.230542], [-88.123618, 32.230866], [-88.123248, 32.231028], [-88.096382, 32.254655], [-88.096094, 32.255038], [-88.095697, 32.257527], [-88.082291, 32.266073], [-88.081743, 32.266513], [-88.081675, 32.266895], [-88.081702, 32.267208], [-88.081866, 32.267821], [-88.080908, 32.269489], [-88.080702, 32.269651], [-88.077731, 32.270589], [-88.076279, 32.270207], [-88.075951, 32.270195], [-88.074349, 32.270612], [-88.073472, 32.270982], [-88.067077, 32.275185], [-88.047455, 32.287584], [-88.045428, 32.288811], [-88.044045, 32.28976], [-88.031063, 32.298002], [-88.013851, 32.309032], [-87.991749, 32.323232], [-87.991517, 32.323556], [-87.991503, 32.324053], [-87.991503, 32.324493], [-87.98875, 32.328057], [-87.985574, 32.330371], [-87.983589, 32.331668], [-87.983163, 32.332366], [-87.982797, 32.332966], [-87.982506, 32.333167], [-87.981503, 32.333317], [-87.981336, 32.3334], [-87.974756, 32.338239], [-87.970483, 32.3409], [-87.964513, 32.344567], [-87.963171, 32.348107], [-87.951874, 32.35705], [-87.941056, 32.366546], [-87.927034, 32.379372], [-87.922131, 32.38801], [-87.918722, 32.389316], [-87.906973, 32.399538], [-87.905918, 32.400578], [-87.905562, 32.402116], [-87.904741, 32.40311], [-87.90003, 32.4057], [-87.898688, 32.406949], [-87.896661, 32.409446], [-87.885241, 32.421746], [-87.884502, 32.422555], [-87.883748, 32.422809], [-87.882694, 32.422948], [-87.881448, 32.423225], [-87.880695, 32.423653], [-87.879983, 32.424115], [-87.879216, 32.425121], [-87.876381, 32.427594], [-87.875395, 32.428403], [-87.873026, 32.429987], [-87.865016, 32.436517], [-87.862811, 32.438296], [-87.860154, 32.440238], [-87.858826, 32.442272], [-87.856827, 32.444988], [-87.850145, 32.448547], [-87.848186, 32.449656], [-87.842052, 32.453573], [-87.839642, 32.455341], [-87.838012, 32.456347], [-87.837259, 32.45704], [-87.831562, 32.463013], [-87.829782, 32.463025], [-87.827441, 32.465347], [-87.820032, 32.47102], [-87.81906, 32.470812], [-87.818403, 32.471932], [-87.817828, 32.472764], [-87.803628, 32.487839], [-87.797589, 32.494446], [-87.79296, 32.500036], [-87.791714, 32.500394], [-87.789154, 32.502969], [-87.78914, 32.505024], [-87.786032, 32.508535], [-87.783621, 32.509528], [-87.781595, 32.510371], [-87.780171, 32.512207], [-87.771475, 32.511052], [-87.770352, 32.508951], [-87.769942, 32.509043]]}},
{"type": "Feature", "properties": {"ProjectID": "P6476", "diameter": "6.63\"", "layer": "-1", "location": "underground", "man_made": "pipeline", "name": "Dixie Pipeline", "oneway": "yes", "operator": "Dixie Pipeline Company LLC", "start_date": "1961", "substance": "lpg", "usage": "transmission"}, "geometry": {"type": "LineString", "coordinates": [[-79.392096, 35.21828], [-79.390472, 35.220801], [-79.390766, 35.222128], [-79.390959, 35.223314], [-79.388554, 35.225245], [-79.382737, 35.230234], [-79.374959, 35.236274], [-79.362772, 35.245691], [-79.357172, 35.251931], [-79.357117, 35.252266], [-79.357651, 35.253641], [-79.357569, 35.254122], [-79.356925, 35.256101], [-79.352529, 35.255732], [-79.337521, 35.267685], [-79.333509, 35.272168], [-79.331975, 35.278283], [-79.313421, 35.300593], [-79.289936, 35.312718], [-79.28691, 35.317511], [-79.286266, 35.318092], [-79.27853, 35.32236], [-79.27701, 35.324126], [-79.275572, 35.325735], [-79.274463, 35.326494], [-79.273381, 35.328326], [-79.26029, 35.334828], [-79.250814, 35.342726], [-79.242885, 35.349349], [-79.233971, 35.355604], [-79.22622, 35.358876], [-79.225098, 35.358485], [-79.219456, 35.361846], [-79.209788, 35.37203], [-79.208378, 35.371729], [-79.197245, 35.382503], [-79.189453, 35.387839], [-79.180134, 35.397862], [-79.178212, 35.401533], [-79.175901, 35.401533], [-79.173626, 35.404503], [-79.168392, 35.409942], [-79.168168, 35.409999], [-79.167578, 35.410076], [-79.167354, 35.410239], [-79.151554, 35.426986], [-79.150966, 35.429242], [-79.14559, 35.433518], [-79.144969, 35.432987], [-79.144572, 35.432922], [-79.143156, 35.433233], [-79.14279, 35.433518], [-79.142345, 35.433583], [-79.141836, 35.433557], [-79.133756, 35.434905], [-79.131466, 35.435527], [-79.130973, 35.435708], [-79.130496, 35.435838], [-79.130003, 35.435838], [-79.126965, 35.434879], [-79.126252, 35.434811], [-79.121569, 35.438325], [-79.121076, 35.438905], [-79.120966, 35.439318], [-79.120993, 35.440077], [-79.121062, 35.441337], [-79.120528, 35.442096], [-79.121264, 35.443416], [-79.121346, 35.44501], [-79.122477, 35.448905], [-79.122795, 35.452792], [-79.117148, 35.459348], [-79.116464, 35.460501], [-79.115939, 35.461991], [-79.113983, 35.464569], [-79.113494, 35.464898], [-79.113184, 35.466087], [-79.10945, 35.46864]]}},
{"type": "Feature", "properties": {"ProjectID": "P6476", "diameter": "8.63\"", "layer": "-1", "location": "underground", "man_made": "pipeline", "manufacturer": "Stupp Corporation", "model": "API 5L", "name": "Dixie Pipeline", "oneway": "yes", "operator": "Dixie Pipeline Company LLC", "start_date": "1961", "substance": "lpg", "usage": "transmission"}, "geometry": {"type": "LineString", "coordinates": [[-84.205817, 33.151073], [-84.205435, 33.15152], [-84.205129, 33.151662], [-84.204639, 33.151807], [-84.192654, 33.155337], [-84.190486, 33.155912], [-84.189263, 33.156019], [-84.182976, 33.15787], [-84.172008, 33.161235], [-84.168552, 33.161727], [-84.166244, 33.161227], [-84.13103, 33.175043], [-84.103643, 33.186081], [-84.074962, 33.197241], [-84.066263, 33.20274], [-84.06314, 33.20273], [-84.062061, 33.204034], [-84.061462, 33.204636], [-84.057817, 33.207795], [-84.053622, 33.210643], [-84.051824, 33.211376], [-84.048479, 33.21304], [-84.046046, 33.214204], [-84.044392, 33.214444], [-84.040029, 33.217132], [-84.036061, 33.219077], [-84.030439, 33.221354], [-84.022836, 33.224379], [-84.019398, 33.225235], [-84.007839, 33.228898], [-84.004606, 33.230028], [-83.996623, 33.232605], [-83.98002, 33.239436], [-83.977638, 33.240486], [-83.974484, 33.241742], [-83.971802, 33.24289], [-83.970536, 33.243626], [-83.969237, 33.2442], [-83.965815, 33.245609], [-83.965246, 33.245878], [-83.964236, 33.24636], [-83.963614, 33.246808], [-83.962627, 33.247275], [-83.960633, 33.248068], [-83.958357, 33.249016], [-83.955193, 33.250338], [-83.955082, 33.250382], [-83.952694, 33.251323], [-83.951052, 33.251971], [-83.946986, 33.253563], [-83.945216, 33.25412], [-83.943231, 33.254815], [-83.940506, 33.255721], [-83.938479, 33.256379], [-83.937298, 33.256798], [-83.936472, 33.257076], [-83.934755, 33.257654], [-83.932729, 33.258347], [-83.931794, 33.258673], [-83.930238, 33.259341], [-83.92761, 33.260463], [-83.925666, 33.261266], [-83.922605, 33.262548], [-83.920716, 33.263419], [-83.913548, 33.266375], [-83.912711, 33.268223], [-83.909664, 33.270484], [-83.909257, 33.271201], [-83.904417, 33.272102], [-83.899605, 33.272978], [-83.898805, 33.272877], [-83.89809, 33.273081], [-83.891779, 33.274906], [-83.885625, 33.276701], [-83.879774, 33.278428], [-83.874561, 33.279922]]}},
{"type": "Feature", "properties": {"ProjectID": "P6476", "diameter": "6.63\"", "layer": "-1", "location": "underground", "man_made": "pipeline", "name": "Dixie Pipeline (Opelika -> Alma Spur Line)", "oneway": "yes", "operator": "Dixie Pipeline Company LLC", "start_date": "1965", "substance": "lpg", "usage": "transmission"}, "geometry": {"type": "LineString", "coordinates": [[-83.082941, 31.522798], [-83.074021, 31.523093], [-83.055823, 31.523085], [-83.051235, 31.521802], [-83.041312, 31.52225], [-83.034378, 31.522699], [-83.022971, 31.522107], [-83.02012, 31.521614], [-83.002757, 31.525435], [-82.993792, 31.527865], [-82.98389, 31.531435], [-82.980712, 31.532054], [-82.961856, 31.53235], [-82.954048, 31.532673], [-82.939706, 31.533668], [-82.932445, 31.53435], [-82.916514, 31.533722], [-82.915714, 31.534215], [-82.911705, 31.534081], [-82.911126, 31.535103], [-82.910505, 31.535337], [-82.909643, 31.535247], [-82.90878, 31.534117], [-82.897773, 31.534242], [-82.89046, 31.532879], [-82.880158, 31.532664], [-82.878064, 31.531866], [-82.87274, 31.531866], [-82.865795, 31.531731], [-82.851516, 31.531606], [-82.844855, 31.536108], [-82.842561, 31.536135], [-82.827061, 31.538807], [-82.805006, 31.539256], [-82.794157, 31.539444], [-82.779688, 31.540323], [-82.743922, 31.544655], [-82.724381, 31.544412], [-82.709955, 31.544906], [-82.698054, 31.545345], [-82.690972, 31.544852], [-82.688573, 31.546358], [-82.683596, 31.546018], [-82.682312, 31.545695], [-82.663003, 31.544708], [-82.651249, 31.543982], [-82.637433, 31.546314], [-82.618187, 31.546062], [-82.580758, 31.545471], [-82.579906, 31.544771], [-82.563017, 31.547677], [-82.551021, 31.55008], [-82.540772, 31.547614], [-82.535183, 31.547286], [-82.535198, 31.547915]]}},
{"type": "Feature", "properties": {"ProjectID": "P6476", "diameter": "8.63\"", "layer": "-1", "location": "underground", "man_made": "pipeline", "manufacturer": "Stupp Corporation", "model": "API 5L", "name": "Dixie Pipeline", "oneway": "yes", "operator": "Dixie Pipeline Company LLC", "start_date": "1961", "substance": "lpg", "usage": "transmission"}, "geometry": {"type": "LineString", "coordinates": [[-83.874561, 33.279922], [-83.873519, 33.28024], [-83.867114, 33.28207], [-83.86171, 33.283632], [-83.855954, 33.285313], [-83.849785, 33.287094], [-83.84335, 33.288925], [-83.836829, 33.290797], [-83.831821, 33.292135], [-83.827962, 33.293244], [-83.827357, 33.293418], [-83.826065, 33.293799], [-83.814828, 33.297033], [-83.810596, 33.298246], [-83.803475, 33.300317], [-83.797092, 33.300665], [-83.794426, 33.300856], [-83.793069, 33.30158], [-83.791834, 33.30242], [-83.789751, 33.303778], [-83.789518, 33.30377], [-83.787904, 33.303758], [-83.787042, 33.304082], [-83.78356, 33.30539], [-83.778578, 33.307295], [-83.772514, 33.309605], [-83.770069, 33.31046], [-83.769694, 33.310629], [-83.769358, 33.310893], [-83.768302, 33.312489], [-83.766132, 33.313475], [-83.765896, 33.313614], [-83.762002, 33.316278], [-83.759546, 33.318076], [-83.754753, 33.318957], [-83.753729, 33.31906], [-83.747231, 33.319683], [-83.734544, 33.32085], [-83.731038, 33.321161], [-83.72725, 33.321506], [-83.724522, 33.323721], [-83.723327, 33.323937], [-83.718989, 33.324628], [-83.71439, 33.325376], [-83.706715, 33.326624], [-83.699284, 33.329521], [-83.694014, 33.332015], [-83.691065, 33.33327], [-83.687618, 33.332972], [-83.67703, 33.336283], [-83.671122, 33.338099], [-83.667157, 33.338242], [-83.661673, 33.338483], [-83.660436, 33.338286], [-83.657252, 33.338397], [-83.653734, 33.336946], [-83.651531, 33.336007], [-83.649832, 33.335784], [-83.64943, 33.335727], [-83.646968, 33.335451], [-83.644388, 33.336033], [-83.638854, 33.337283], [-83.632329, 33.338612], [-83.627552, 33.339543], [-83.625487, 33.339357], [-83.622328, 33.339011], [-83.621887, 33.338863], [-83.621146, 33.338263], [-83.62093, 33.338099], [-83.61964, 33.337905], [-83.618096, 33.337868], [-83.617593, 33.337826], [-83.613356, 33.339111], [-83.609945, 33.340202], [-83.603991, 33.342005], [-83.6024, 33.34245], [-83.60105, 33.342407], [-83.599851, 33.342199], [-83.59887, 33.342146], [-83.592737, 33.342582], [-83.589532, 33.342809], [-83.585497, 33.343064], [-83.576449, 33.343699], [-83.568184, 33.344265], [-83.564075, 33.344542], [-83.562592, 33.344631], [-83.552065, 33.345403], [-83.546234, 33.345751], [-83.542267, 33.34604], [-83.533355, 33.347824], [-83.518068, 33.349743], [-83.509912, 33.351262], [-83.493587, 33.356108], [-83.471783, 33.364089], [-83.449844, 33.363269], [-83.44785, 33.362989]]}},
{"type": "Feature", "properties": {"ProjectID": "P6476", "diameter": "6.63\"", "layer": "-1", "location": "underground", "man_made": "pipeline", "name": "Dixie Pipeline (Opelika -> Alma Spur Line)", "oneway": "yes", "operator": "Dixie Pipeline Company LLC", "start_date": "1965", "substance": "lpg", "usage": "transmission"}, "geometry": {"type": "LineString", "coordinates": [[-85.369951, 32.57782], [-85.369642, 32.577657], [-85.367056, 32.575763], [-85.360542, 32.5707], [-85.354479, 32.565417], [-85.354752, 32.563986], [-85.35197, 32.559196], [-85.344745, 32.548498], [-85.34245, 32.547222], [-85.341542, 32.545699], [-85.341229, 32.545551], [-85.339082, 32.545387], [-85.338691, 32.545263], [-85.338261, 32.545066], [-85.333721, 32.541708], [-85.329093, 32.538053], [-85.324202, 32.535032], [-85.323391, 32.534448], [-85.32015, 32.531871], [-85.312261, 32.525747], [-85.310357, 32.524496], [-85.307486, 32.522832], [-85.305709, 32.52084], [-85.297015, 32.516451], [-85.29203, 32.51399], [-85.28707, 32.511586], [-85.286748, 32.510821], [-85.283409, 32.509124], [-85.28201, 32.508202], [-85.277111, 32.504937], [-85.276438, 32.504357], [-85.276257, 32.504284], [-85.275953, 32.504229], [-85.27549, 32.504143], [-85.275309, 32.504083], [-85.275085, 32.503906], [-85.265191, 32.49254], [-85.26407, 32.490825], [-85.25773, 32.480782], [-85.256869, 32.479317], [-85.25663, 32.476191], [-85.253981, 32.474329], [-85.25092, 32.472144], [-85.248994, 32.471283], [-85.246527, 32.468236], [-85.236561, 32.460866], [-85.229831, 32.455822], [-85.225141, 32.45239], [-85.223353, 32.451455], [-85.223006, 32.450429], [-85.221783, 32.449226], [-85.219626, 32.447205], [-85.219554, 32.447144], [-85.219402, 32.447107], [-85.217513, 32.446991], [-85.217303, 32.446942], [-85.216963, 32.446808], [-85.213793, 32.443241], [-85.206947, 32.438715], [-85.206505, 32.438361], [-85.205658, 32.437457], [-85.197256, 32.428056], [-85.196952, 32.427824], [-85.195172, 32.426889], [-85.194368, 32.42637], [-85.193095, 32.425381], [-85.179496, 32.417744], [-85.177991, 32.417671], [-85.166752, 32.407626], [-85.16618, 32.407254], [-85.161353, 32.40539], [-85.16094, 32.405335], [-85.159898, 32.405329], [-85.157958, 32.402592], [-85.154796, 32.399182], [-85.150099, 32.39653], [-85.149447, 32.395943], [-85.142652, 32.390126], [-85.142022, 32.388732], [-85.131912, 32.380421], [-85.122569, 32.372921], [-85.108594, 32.36146], [-85.106857, 32.360017], [-85.105865, 32.358923], [-85.103774, 32.357749], [-85.103238, 32.355371], [-85.101603, 32.35158], [-85.100691, 32.350315], [-85.098882, 32.348603], [-85.095849, 32.343021], [-85.092998, 32.340691], [-85.088598, 32.336863], [-85.088518, 32.336753], [-85.088069, 32.33553], [-85.087939, 32.335365], [-85.080159, 32.32862], [-85.079095, 32.32807], [-85.078024, 32.327495], [-85.077908, 32.327428], [-85.0778, 32.327275], [-85.077445, 32.32662], [-85.077199, 32.326351], [-85.071974, 32.321911], [-85.070903, 32.320902], [-85.062406, 32.313752], [-85.061531, 32.313012], [-85.061371, 32.312425], [-85.057348, 32.310425], [-85.057116, 32.310388], [-85.055907, 32.31056], [-85.055726, 32.310566], [-85.055509, 32.310535], [-85.0553, 32.310382], [-85.04917, 32.305226], [-85.042056, 32.299182], [-85.03898, 32.296576], [-85.038386, 32.296276], [-85.036432, 32.295628], [-85.03623, 32.295469], [-85.035549, 32.294404], [-85.034268, 32.292477], [-85.026221, 32.284426], [-85.022284, 32.280522], [-85.020663, 32.278968], [-85.01928, 32.277769], [-85.009438, 32.269569], [-85.008917, 32.268058], [-85.003575, 32.263217], [-85.002287, 32.261687], [-84.998994, 32.261626], [-84.991613, 32.252599], [-84.991497, 32.252489], [-84.991316, 32.252421], [-84.990404, 32.252446], [-84.99031, 32.252427], [-84.990122, 32.252323], [-84.987922, 32.249532], [-84.987581, 32.248547], [-84.987278, 32.247372], [-84.980033, 32.241734], [-84.972658, 32.237994], [-84.968902, 32.236219], [-84.96278, 32.232485], [-84.95982, 32.230085], [-84.959632, 32.228811], [-84.949326, 32.221024], [-84.949398, 32.218177]]}},
{"type": "Feature", "properties": {"ProjectID": "P6476", "diameter": "12.75\"", "layer": "-1", "location": "underground", "man_made": "pipeline", "name": "Dixie Pipeline", "oneway": "yes", "operator": "Dixie Pipeline Company LLC", "start_date": "1961", "substance": "lpg", "usage": "transmission"}, "geometry": {"type": "LineString", "coordinates": [[-90.815511, 30.737235], [-90.815228, 30.737388], [-90.805931, 30.740883], [-90.786834, 30.748149], [-90.772795, 30.753276], [-90.769072, 30.75465], [-90.766884, 30.75541], [-90.761304, 30.757475], [-90.756697, 30.759135], [-90.752308, 30.760888], [-90.739344, 30.765527], [-90.721804, 30.772605], [-90.712856, 30.7762], [-90.701274, 30.780758], [-90.693821, 30.784866], [-90.683663, 30.792658], [-90.682813, 30.793314], [-90.674851, 30.796734], [-90.668825, 30.799306], [-90.660223, 30.803085], [-90.653136, 30.806017], [-90.649032, 30.807785], [-90.641958, 30.810802], [-90.639173, 30.811966], [-90.630805, 30.815554], [-90.626923, 30.817184], [-90.618764, 30.820688], [-90.614968, 30.821683], [-90.609299, 30.821587], [-90.606008, 30.826646], [-90.603223, 30.827429], [-90.598392, 30.829239], [-90.588052, 30.834096], [-90.578575, 30.838678], [-90.577453, 30.839197], [-90.568888, 30.841747], [-90.566016, 30.842604], [-90.56333, 30.843588], [-90.554592, 30.847037], [-90.546611, 30.850128], [-90.542921, 30.851627], [-90.540904, 30.852341], [-90.535094, 30.854297], [-90.534011, 30.854594], [-90.532376, 30.854963], [-90.532162, 30.855035], [-90.531872, 30.855251], [-90.53147, 30.855468], [-90.522499, 30.858493], [-90.512564, 30.861882], [-90.511856, 30.862094], [-90.508197, 30.862195], [-90.495591, 30.86622], [-90.490023, 30.867988], [-90.484272, 30.870097], [-90.478099, 30.87251], [-90.46855, 30.876212], [-90.460954, 30.879122], [-90.456877, 30.880724], [-90.453057, 30.881497], [-90.448637, 30.882436], [-90.437535, 30.883303], [-90.437092, 30.884128], [-90.433727, 30.885292], [-90.428502, 30.887396], [-90.425815, 30.887861], [-90.422722, 30.88893], [-90.419049, 30.890167], [-90.417472, 30.891182], [-90.415561, 30.8915], [-90.412357, 30.893086], [-90.410681, 30.894006], [-90.407403, 30.895688], [-90.40177, 30.899008], [-90.397864, 30.900214], [-90.392219, 30.902667], [-90.391073, 30.903143], [-90.386365, 30.903809], [-90.383592, 30.904158], [-90.38183, 30.904476], [-90.376493, 30.907627], [-90.369077, 30.912098], [-90.368881, 30.912266], [-90.367732, 30.912747], [-90.363361, 30.915575], [-90.356515, 30.919021], [-90.35239, 30.920864], [-90.344178, 30.92424], [-90.335283, 30.927532], [-90.329347, 30.929471], [-90.32294, 30.932289], [-90.321509, 30.932986], [-90.305995, 30.938566], [-90.296319, 30.941565], [-90.291929, 30.943015], [-90.291343, 30.943155], [-90.288741, 30.94487], [-90.288042, 30.945303], [-90.287587, 30.94547], [-90.285294, 30.946181], [-90.275455, 30.948803], [-90.267454, 30.950895], [-90.262576, 30.95321], [-90.25451, 30.956822], [-90.252721, 30.957603], [-90.252006, 30.958537], [-90.247078, 30.959974], [-90.235789, 30.963102], [-90.233916, 30.962637], [-90.233213, 30.962616], [-90.232708, 30.963462]]}},
{"type": "Feature", "properties": {"ProjectID": "P6476", "diameter": "12.75\"", "layer": "-1", "location": "underground", "man_made": "pipeline", "name": "Dixie Pipeline", "oneway": "yes", "operator": "Dixie Pipeline Company LLC", "start_date": "1961", "substance": "lpg", "usage": "transmission"}, "geometry": {"type": "LineString", "coordinates": [[-89.269022, 31.376152], [-89.258729, 31.375744], [-89.258628, 31.379143], [-89.253564, 31.380389], [-89.251353, 31.380444], [-89.246247, 31.381799], [-89.241783, 31.385921], [-89.238565, 31.38942], [-89.237041, 31.390042], [-89.236934, 31.390794], [-89.231183, 31.396527], [-89.231269, 31.398028], [-89.229874, 31.398761], [-89.227922, 31.400409], [-89.223845, 31.404091], [-89.216742, 31.410665], [-89.20743, 31.418393], [-89.205134, 31.419144], [-89.202838, 31.423484], [-89.198847, 31.426889], [-89.185457, 31.437307], [-89.178569, 31.44269], [-89.178118, 31.443641], [-89.176831, 31.445234], [-89.174921, 31.447559], [-89.170759, 31.452026], [-89.16945, 31.452428], [-89.168377, 31.452996], [-89.16209, 31.460738], [-89.149966, 31.469798], [-89.13413, 31.482498], [-89.109025, 31.494173], [-89.077074, 31.510309], [-89.07068, 31.513986], [-89.056904, 31.523662], [-89.040789, 31.533941], [-88.992166, 31.56373], [-88.987446, 31.564954], [-88.984914, 31.568191], [-88.967554, 31.579269], [-88.948843, 31.591479], [-88.943176, 31.595243], [-88.931334, 31.603615], [-88.908911, 31.619678], [-88.891793, 31.631719], [-88.883682, 31.637691], [-88.876906, 31.642674], [-88.870401, 31.647928], [-88.866281, 31.651557], [-88.858345, 31.659368], [-88.856643, 31.663173], [-88.837382, 31.679254], [-88.82251, 31.68885], [-88.817294, 31.69226], [-88.813922, 31.694466], [-88.812045, 31.696253], [-88.811345, 31.698093], [-88.810566, 31.698526], [-88.809611, 31.698946], [-88.807687, 31.700543], [-88.801086, 31.705752], [-88.776422, 31.725648], [-88.774667, 31.726166], [-88.773304, 31.727241], [-88.772704, 31.727698]]}},
{"type": "Feature", "properties": {"ProjectID": "P6476", "diameter": "12.75\"", "layer": "-1", "location": "underground", "man_made": "pipeline", "name": "Dixie Pipeline", "oneway": "yes", "operator": "Dixie Pipeline Company LLC", "start_date": "1961", "substance": "lpg", "usage": "transmission"}, "geometry": {"type": "LineString", "coordinates": [[-90.232708, 30.963462], [-90.225548, 30.964762], [-90.215824, 30.966304], [-90.206975, 30.967847], [-90.204769, 30.96827], [-90.202132, 30.968355], [-90.200641, 30.968175], [-90.196389, 30.969126], [-90.187232, 30.971504], [-90.178408, 30.973606], [-90.177816, 30.974135], [-90.170545, 30.979323], [-90.166305, 30.981531], [-90.164802, 30.982556], [-90.16087, 30.983908], [-90.158159, 30.984859], [-90.153821, 30.985853], [-90.145865, 30.988302], [-90.142241, 30.989399], [-90.141652, 30.990375], [-90.1315, 30.995307], [-90.126288, 30.997829], [-90.12598, 30.998246], [-90.11983, 31.001229], [-90.114953, 31.003584], [-90.11292, 31.004473], [-90.10932, 31.00677], [-90.103139, 31.00908], [-90.096733, 31.011587], [-90.093825, 31.012809], [-90.085544, 31.019014], [-90.084224, 31.019944], [-90.083031, 31.020355], [-90.081714, 31.020743], [-90.079982, 31.021481], [-90.078436, 31.022429], [-90.077902, 31.022441], [-90.077662, 31.022441], [-90.07407, 31.022417], [-90.072005, 31.022403], [-90.067691, 31.023976], [-90.060411, 31.02664], [-90.058603, 31.027301], [-90.054922, 31.028768], [-90.052537, 31.030141], [-90.050131, 31.031717], [-90.049114, 31.032297], [-90.048154, 31.032529], [-90.043731, 31.033485], [-90.0407, 31.03447], [-90.03944, 31.035032], [-90.03897, 31.035254], [-90.03853, 31.035463], [-90.038471, 31.035496], [-90.037785, 31.035896], [-90.035727, 31.038295], [-90.030234, 31.040434], [-90.02268, 31.043419], [-90.018529, 31.04411], [-90.018029, 31.044335], [-90.016549, 31.045815], [-90.009372, 31.048625], [-90.008198, 31.049291], [-90.005618, 31.050768], [-90.003537, 31.052055], [-90.000084, 31.05404], [-89.997196, 31.056221], [-89.986539, 31.059736], [-89.983091, 31.06078], [-89.981058, 31.061735], [-89.976609, 31.063983], [-89.971704, 31.066464], [-89.964778, 31.069916], [-89.958899, 31.071805], [-89.955868, 31.073357], [-89.95344, 31.073104], [-89.952405, 31.073515], [-89.950642, 31.074244], [-89.950063, 31.074835], [-89.948584, 31.076587], [-89.943962, 31.079036], [-89.936802, 31.082857], [-89.933265, 31.085527], [-89.928656, 31.089021], [-89.928323, 31.089612], [-89.925341, 31.091891], [-89.923714, 31.093115], [-89.920965, 31.093506], [-89.915161, 31.094973], [-89.912277, 31.096039], [-89.908296, 31.097791], [-89.902627, 31.100144], [-89.897463, 31.102043], [-89.892669, 31.103858], [-89.89188, 31.104133], [-89.887049, 31.105072], [-89.886137, 31.10561], [-89.881454, 31.107393], [-89.880616, 31.107995], [-89.878373, 31.109746], [-89.874633, 31.111314], [-89.869917, 31.111704], [-89.864843, 31.113779], [-89.860078, 31.115477], [-89.85946, 31.115644], [-89.854289, 31.121213], [-89.853817, 31.121422], [-89.846369, 31.123886], [-89.840662, 31.127394], [-89.837556, 31.130206], [-89.836564, 31.131709], [-89.835913, 31.131876], [-89.834905, 31.132057], [-89.833018, 31.132308], [-89.828351, 31.134465], [-89.821343, 31.137681], [-89.816106, 31.139921], [-89.812024, 31.141814], [-89.809227, 31.146227], [-89.797974, 31.150736], [-89.796608, 31.151111], [-89.785892, 31.155412], [-89.784591, 31.155913], [-89.783501, 31.156775], [-89.779371, 31.160074], [-89.779062, 31.160296], [-89.772459, 31.162801], [-89.764475, 31.16589], [-89.763759, 31.166266], [-89.755547, 31.171345], [-89.749302, 31.173654], [-89.737139, 31.178162], [-89.734585, 31.179067], [-89.733691, 31.179665], [-89.729382, 31.182642], [-89.723218, 31.18676], [-89.717478, 31.189946], [-89.710323, 31.193994], [-89.706143, 31.19615], [-89.698988, 31.19935], [-89.693248, 31.201825], [-89.684922, 31.20636], [-89.674205, 31.211423], [-89.664822, 31.21547], [-89.655943, 31.216846], [-89.653162, 31.217723], [-89.647373, 31.220004], [-89.643129, 31.221756], [-89.639096, 31.225316], [-89.636071, 31.228139], [-89.629599, 31.232268], [-89.623744, 31.235912], [-89.617191, 31.238748], [-89.605206, 31.244463], [-89.599482, 31.247174], [-89.592001, 31.252081], [-89.588863, 31.25418], [-89.58264, 31.259234], [-89.582358, 31.259463]]}},
{"type": "Feature", "properties": {"ProjectID": "P6476", "diameter": "8.63\"", "layer": "-1", "location": "underground", "man_made": "pipeline", "manufacturer": "Stupp Corporation", "model": "API 5L", "name": "Dixie Pipeline", "oneway": "yes", "operator": "Dixie Pipeline Company LLC", "start_date": "1961", "substance": "lpg", "usage": "transmission"}, "geometry": {"type": "LineString", "coordinates": [[-83.044624, 33.432944], [-83.042892, 33.433239], [-83.039699, 33.434672], [-83.039029, 33.434915], [-83.031545, 33.436777], [-83.023185, 33.438124], [-83.007272, 33.440674], [-82.985826, 33.444639], [-82.981151, 33.44551], [-82.968889, 33.447735], [-82.958263, 33.44974], [-82.944221, 33.451832], [-82.930402, 33.453923], [-82.919381, 33.455799], [-82.908361, 33.458019], [-82.891881, 33.46147], [-82.882526, 33.463275], [-82.861377, 33.467027], [-82.849807, 33.468759], [-82.833997, 33.47201], [-82.814737, 33.475847], [-82.805415, 33.477093], [-82.788404, 33.479341], [-82.786258, 33.479556], [-82.77716, 33.480544], [-82.77074, 33.48126], [-82.770105, 33.481374], [-82.769401, 33.482305], [-82.757282, 33.485254], [-82.748956, 33.487545], [-82.727498, 33.493328], [-82.714898, 33.496822], [-82.714047, 33.496867], [-82.71376, 33.496891], [-82.713481, 33.49692]]}},
{"type": "Feature", "properties": {"ProjectID": "P6476", "diameter": "10.75\"", "layer": "-1", "location": "underground", "man_made": "pipeline", "name": "Dixie Pipeline", "oneway": "yes", "operator": "Dixie Pipeline Company LLC", "start_date": "1961", "substance": "lpg", "usage": "transmission"}, "geometry": {"type": "LineString", "coordinates": [[-85.369951, 32.57782], [-85.369464, 32.577845], [-85.368329, 32.577851], [-85.366568, 32.576914], [-85.364181, 32.576746], [-85.359821, 32.576487], [-85.341469, 32.576311], [-85.339271, 32.575975], [-85.33612, 32.576633], [-85.332267, 32.576472], [-85.326864, 32.576231], [-85.318632, 32.575945], [-85.317786, 32.576647], [-85.315142, 32.576828], [-85.301615, 32.577712], [-85.290303, 32.578588], [-85.279734, 32.577556], [-85.263881, 32.576021], [-85.262184, 32.575845], [-85.254147, 32.575121], [-85.250541, 32.574322], [-85.246452, 32.573487], [-85.242986, 32.571969], [-85.240116, 32.570649], [-85.233761, 32.570772], [-85.232936, 32.570802], [-85.225891, 32.570668], [-85.218765, 32.57069], [-85.215766, 32.570951], [-85.205669, 32.5719], [-85.201915, 32.572259], [-85.18897, 32.572146], [-85.182845, 32.572134], [-85.175379, 32.572402], [-85.171935, 32.572523], [-85.1707, 32.57267], [-85.16728, 32.573312], [-85.159596, 32.574546], [-85.152139, 32.576109], [-85.151094, 32.577722], [-85.141583, 32.579518], [-85.135112, 32.58077], [-85.12855, 32.582085], [-85.116567, 32.584493], [-85.113844, 32.584438], [-85.104697, 32.584219], [-85.100758, 32.585577], [-85.096012, 32.588094], [-85.082292, 32.588129], [-85.08067, 32.588175], [-85.078558, 32.589047], [-85.074309, 32.590464], [-85.067254, 32.592805], [-85.056025, 32.598718], [-85.054257, 32.600108], [-85.038679, 32.606806], [-85.037225, 32.608159], [-85.027861, 32.608167], [-85.026366, 32.607912], [-85.025922, 32.60799], [-85.020464, 32.611211], [-84.992226, 32.612847], [-84.987677, 32.613507], [-84.983943, 32.618834], [-84.975182, 32.622125], [-84.96062, 32.630547], [-84.953691, 32.63654], [-84.953044, 32.637355], [-84.95263, 32.637727], [-84.951574, 32.63863], [-84.94843, 32.643324], [-84.947447, 32.643673], [-84.944136, 32.648465], [-84.928803, 32.652883], [-84.928184, 32.653263], [-84.915638, 32.657099], [-84.897008, 32.664304], [-84.894424, 32.665921], [-84.890815, 32.666705], [-84.890764, 32.667673], [-84.881747, 32.673395], [-84.869434, 32.684745], [-84.865882, 32.685805], [-84.856723, 32.687971], [-84.855195, 32.688265], [-84.834677, 32.69832], [-84.830701, 32.700419], [-84.830248, 32.700848], [-84.829725, 32.701718], [-84.829349, 32.702787], [-84.82913, 32.703409], [-84.82736, 32.704541], [-84.823581, 32.707007], [-84.817139, 32.71139], [-84.814917, 32.712534], [-84.812439, 32.713749], [-84.810896, 32.715524], [-84.796626, 32.724957], [-84.796017, 32.725874], [-84.790949, 32.729208], [-84.774966, 32.740402], [-84.769006, 32.744022], [-84.767137, 32.745082], [-84.75274, 32.758262], [-84.741655, 32.765476], [-84.733835, 32.775827]]}}
]
}
