{
"type": "FeatureCollection",
"features": [
{"type": "Feature", "properties": {"ProjectID": "P7370"}, "geometry": {"type": "LineString", "coordinates": [[-120.038968, 34.479364], [-120.039883, 34.479523], [-120.040799, 34.479683], [-120.041715, 34.479842], [-120.042526, 34.479672], [-120.043441, 34.479831], [-120.044357, 34.479991], [-120.045168, 34.47982], [-120.045363, 34.479074], [-120.045154, 34.478413], [-120.045349, 34.477667], [-120.045545, 34.476921], [-120.045741, 34.476174], [-120.045531, 34.475514], [-120.045727, 34.474767], [-120.045517, 34.474107], [-120.045713, 34.47336], [-120.045504, 34.4727], [-120.045699, 34.471953], [-120.04549, 34.471293], [-120.04528, 34.470632], [-120.045476, 34.469886], [-120.045266, 34.469225], [-120.045057, 34.468564], [-120.045252, 34.467818], [-120.045448, 34.467072], [-120.046154, 34.466571], [-120.046965, 34.4664], [-120.047775, 34.466229], [-120.048586, 34.466058], [-120.049396, 34.465887], [-120.050207, 34.465716], [-120.051018, 34.465545], [-120.051933, 34.465705], [-120.052744, 34.465534], [-120.053555, 34.465363], [-120.05447, 34.465523], [-120.055385, 34.465682], [-120.056196, 34.465511], [-120.057216, 34.466001], [-120.058132, 34.46616], [-120.059152, 34.46665], [-120.060068, 34.46681], [-120.060983, 34.466969], [-120.061899, 34.467128], [-120.062709, 34.466957], [-120.063625, 34.467117], [-120.06454, 34.467276], [-120.065351, 34.467105], [-120.066162, 34.466934], [-120.067077, 34.467094], [-120.067993, 34.467253], [-120.068803, 34.467082], [-120.069719, 34.467241], [-120.070634, 34.467401], [-120.071445, 34.46723], [-120.072361, 34.467389], [-120.073171, 34.467218], [-120.074087, 34.467377], [-120.074897, 34.467206], [-120.075813, 34.467365], [-120.076623, 34.467194], [-120.077434, 34.467023], [-120.07814, 34.466522], [-120.078845, 34.46602], [-120.079551, 34.465519], [-120.080257, 34.465018], [-120.080962, 34.464516], [-120.081668, 34.464015], [-120.082478, 34.463844], [-120.083289, 34.463672], [-120.083995, 34.463171], [-120.084805, 34.463], [-120.085616, 34.462829], [-120.086426, 34.462658], [-120.087342, 34.462817], [-120.088152, 34.462646], [-120.089068, 34.462805], [-120.089983, 34.462964], [-120.090794, 34.462793], [-120.091709, 34.462952], [-120.092325, 34.463527], [-120.093135, 34.463356], [-120.09375, 34.463931], [-120.094666, 34.46409], [-120.095581, 34.464249], [-120.096197, 34.464824], [-120.097112, 34.464984], [-120.098133, 34.465473], [-120.099048, 34.465632], [-120.099664, 34.466207], [-120.100279, 34.466782], [-120.101195, 34.466941], [-120.10181, 34.467516], [-120.102726, 34.467675], [-120.103641, 34.467835], [-120.104257, 34.46841], [-120.105172, 34.468569], [-120.106088, 34.468728], [-120.107004, 34.468887], [-120.107919, 34.469046], [-120.108835, 34.469205], [-120.109855, 34.469694], [-120.110771, 34.469853], [-120.111687, 34.470012], [-120.112708, 34.470502], [-120.113728, 34.470991], [-120.114644, 34.47115], [-120.115259, 34.471725], [-120.11628, 34.472214], [-120.117196, 34.472373], [-120.118112, 34.472532], [-120.119027, 34.472691], [-120.119838, 34.47252], [-120.120754, 34.472679], [-120.121564, 34.472507], [-120.12248, 34.472666], [-120.123396, 34.472825], [-120.124311, 34.472984], [-120.125122, 34.472813], [-120.126037, 34.472972], [-120.126953, 34.47313], [-120.127869, 34.473289], [-120.128785, 34.473448], [-120.1297, 34.473607], [-120.130616, 34.473766], [-120.131637, 34.474255], [-120.132553, 34.474414], [-120.133468, 34.474573], [-120.134384, 34.474732], [-120.1353, 34.474891], [-120.136111, 34.474719], [-120.137026, 34.474878], [-120.137837, 34.474706], [-120.138753, 34.474865], [-120.139563, 34.474694], [-120.140374, 34.474522], [-120.141289, 34.474681], [-120.1421, 34.474509], [-120.142911, 34.474338], [-120.143721, 34.474166], [-120.144532, 34.473995], [-120.145447, 34.474154], [-120.146258, 34.473982], [-120.147068, 34.47381], [-120.147984, 34.473969], [-120.148795, 34.473798], [-120.149605, 34.473626], [-120.150521, 34.473785], [-120.151331, 34.473613], [-120.152142, 34.473442], [-120.152952, 34.47327], [-120.153868, 34.473429], [-120.154679, 34.473257], [-120.155489, 34.473085], [-120.156405, 34.473244], [-120.157215, 34.473073], [-120.158026, 34.472901], [-120.158942, 34.47306], [-120.159752, 34.472888], [-120.160563, 34.472716], [-120.161373, 34.472545], [-120.162289, 34.472703], [-120.163099, 34.472532], [-120.164015, 34.47269], [-120.164931, 34.472849], [-120.165847, 34.473007], [-120.166763, 34.473166], [-120.167678, 34.473325], [-120.168594, 34.473483], [-120.16951, 34.473642], [-120.170426, 34.4738], [-120.171342, 34.473959], [-120.172152, 34.473787], [-120.172962, 34.473615], [-120.173773, 34.473444], [-120.174689, 34.473602], [-120.175499, 34.47343], [-120.17631, 34.473259], [-120.177225, 34.473417], [-120.178141, 34.473576], [-120.178952, 34.473404], [-120.179868, 34.473562], [-120.180889, 34.474051], [-120.181805, 34.474209], [-120.18272, 34.474368], [-120.183742, 34.474857], [-120.184658, 34.475015], [-120.185468, 34.474843], [-120.186384, 34.475002], [-120.1873, 34.47516], [-120.18811, 34.474988], [-120.189026, 34.475147], [-120.189836, 34.474975], [-120.190647, 34.474803], [-120.191563, 34.474961], [-120.192373, 34.47479], [-120.193289, 34.474948], [-120.194205, 34.475106], [-120.195121, 34.475265], [-120.196037, 34.475423], [-120.196953, 34.475581], [-120.197868, 34.47574], [-120.198784, 34.475898], [-120.199806, 34.476387], [-120.200722, 34.476545], [-120.201532, 34.476373], [-120.202448, 34.476531], [-120.203258, 34.476359], [-120.204174, 34.476518], [-120.204985, 34.476346], [-120.205795, 34.476174], [-120.206606, 34.476002], [-120.207521, 34.47616], [-120.208332, 34.475988], [-120.209142, 34.475816], [-120.209953, 34.475644], [-120.210869, 34.475802], [-120.211679, 34.47563], [-120.212489, 34.475458], [-120.213405, 34.475616], [-120.214321, 34.475775], [-120.215237, 34.475933], [-120.216153, 34.476091], [-120.216769, 34.476666], [-120.217386, 34.47724], [-120.218302, 34.477398], [-120.218513, 34.478059], [-120.219429, 34.478217], [-120.220045, 34.478791], [-120.220855, 34.478619], [-120.221771, 34.478777], [-120.222388, 34.479352], [-120.223304, 34.47951], [-120.22422, 34.479668], [-120.225136, 34.479826], [-120.225841, 34.479324], [-120.226035, 34.478577], [-120.226739, 34.478075], [-120.22755, 34.477903], [-120.228254, 34.4774], [-120.229065, 34.477228], [-120.229875, 34.477056], [-120.23058, 34.476554], [-120.23139, 34.476382], [-120.232306, 34.47654], [-120.233117, 34.476368], [-120.234033, 34.476526], [-120.234949, 34.476684], [-120.235865, 34.476842], [-120.236675, 34.47667], [-120.238102, 34.477072], [-120.238718, 34.477646], [-120.238929, 34.478306], [-120.239546, 34.478881], [-120.239757, 34.479541], [-120.239969, 34.480202], [-120.24018, 34.480862], [-120.240391, 34.481522], [-120.240602, 34.482183], [-120.240814, 34.482843], [-120.240215, 34.483676], [-120.23951, 34.484178], [-120.238805, 34.484681], [-120.237995, 34.484853], [-120.23729, 34.485355], [-120.237096, 34.486102], [-120.237307, 34.486762], [-120.237519, 34.487423], [-120.237609, 34.487704], [-120.237699, 34.487985], [-120.237789, 34.488267], [-120.237879, 34.488548], [-120.237969, 34.488829], [-120.238059, 34.489111], [-120.237976, 34.489429], [-120.238066, 34.48971], [-120.238156, 34.489991], [-120.238419, 34.490236], [-120.238509, 34.490517], [-120.238772, 34.490762], [-120.238862, 34.491043], [-120.238952, 34.491325], [-120.239214, 34.491569], [-120.239304, 34.491851], [-120.239394, 34.492132], [-120.239484, 34.492413], [-120.239574, 34.492695], [-120.239664, 34.492976], [-120.239754, 34.493257], [-120.239844, 34.493539], [-120.239935, 34.49382], [-120.240025, 34.494101], [-120.240115, 34.494383], [-120.240205, 34.494664], [-120.240295, 34.494945], [-120.240385, 34.495227], [-120.240475, 34.495508], [-120.240565, 34.495789], [-120.240655, 34.496071], [-120.240745, 34.496352], [-120.240835, 34.496633], [-120.24058, 34.496988], [-120.240324, 34.497343], [-120.240024, 34.497557], [-120.239769, 34.497911], [-120.239469, 34.498126], [-120.239213, 34.49848], [-120.238913, 34.498694], [-120.23883, 34.499012], [-120.23853, 34.499226], [-120.238447, 34.499544], [-120.238365, 34.499862], [-120.238019, 34.499936], [-120.237937, 34.500254], [-120.237854, 34.500572], [-120.237772, 34.50089], [-120.237689, 34.501208], [-120.237434, 34.501562], [-120.237351, 34.50188], [-120.237051, 34.502094], [-120.23675, 34.502308], [-120.236668, 34.502626], [-120.236367, 34.50284], [-120.236067, 34.503054], [-120.235767, 34.503268], [-120.235339, 34.50366], [-120.235038, 34.503874], [-120.234783, 34.504229], [-120.234528, 34.504583], [-120.234445, 34.504901], [-120.234363, 34.505219], [-120.234062, 34.505433], [-120.233762, 34.505647], [-120.233462, 34.505861], [-120.233161, 34.506075], [-120.232861, 34.506289], [-120.232516, 34.506363], [-120.23217, 34.506436], [-120.23187, 34.50665], [-120.231524, 34.506723], [-120.231179, 34.506797], [-120.230834, 34.50687], [-120.230533, 34.507084], [-120.230188, 34.507157], [-120.229843, 34.507231], [-120.229542, 34.507445], [-120.22946, 34.507763], [-120.229159, 34.507977], [-120.229249, 34.508258], [-120.229167, 34.508576], [-120.229084, 34.508894], [-120.229174, 34.509175], [-120.229091, 34.509493], [-120.228836, 34.509848], [-120.228581, 34.510203], [-120.22828, 34.510417], [-120.22798, 34.510631], [-120.227679, 34.510845], [-120.227379, 34.511059], [-120.227079, 34.511273], [-120.226733, 34.511346], [-120.226388, 34.511419], [-120.226043, 34.511493], [-120.225697, 34.511566], [-120.225352, 34.511639], [-120.225006, 34.511712], [-120.224616, 34.511645], [-120.224271, 34.511718], [-120.22388, 34.511651], [-120.223535, 34.511724], [-120.223189, 34.511798], [-120.222799, 34.51173], [-120.222499, 34.511944], [-120.222198, 34.512158], [-120.221898, 34.512372], [-120.221598, 34.512586], [-120.221515, 34.512904], [-120.221214, 34.513118], [-120.221304, 34.5134], [-120.221004, 34.513613], [-120.220921, 34.513931], [-120.221011, 34.514213], [-120.220929, 34.514531], [-120.220846, 34.514849], [-120.220763, 34.515167], [-120.220508, 34.515521], [-120.220425, 34.515839], [-120.22017, 34.516194], [-120.219914, 34.516549], [-120.219831, 34.516867], [-120.219749, 34.517185], [-120.219666, 34.517503], [-120.219756, 34.517784], [-120.219673, 34.518102], [-120.219591, 34.51842], [-120.219508, 34.518738], [-120.219598, 34.519019], [-120.219688, 34.519301], [-120.219605, 34.519619], [-120.219695, 34.5199], [-120.219612, 34.520218], [-120.219702, 34.520499], [-120.21962, 34.520817], [-120.219364, 34.521172], [-120.219281, 34.52149], [-120.219199, 34.521808], [-120.219289, 34.522089], [-120.219206, 34.522407], [-120.218906, 34.522621], [-120.218996, 34.522903], [-120.218913, 34.523221], [-120.218657, 34.523575], [-120.218575, 34.523893], [-120.218274, 34.524107], [-120.218019, 34.524462], [-120.217718, 34.524676], [-120.217418, 34.52489], [-120.217117, 34.525104], [-120.216772, 34.525177], [-120.216471, 34.525391], [-120.216216, 34.525746], [-120.215871, 34.525819], [-120.21557, 34.526033], [-120.21527, 34.526247], [-120.214969, 34.526461], [-120.214669, 34.526675], [-120.214413, 34.527029], [-120.214113, 34.527243], [-120.213812, 34.527457], [-120.213512, 34.527671], [-120.213256, 34.528026], [-120.212911, 34.528099], [-120.21261, 34.528313], [-120.21231, 34.528527], [-120.212009, 34.528741], [-120.211664, 34.528814], [-120.211363, 34.529028], [-120.211018, 34.529101], [-120.210672, 34.529175], [-120.210372, 34.529389], [-120.210026, 34.529462], [-120.209681, 34.529535], [-120.209335, 34.529609], [-120.20899, 34.529682], [-120.208644, 34.529755], [-120.208299, 34.529828], [-120.207781, 34.529938], [-120.207435, 34.530011], [-120.20709, 34.530085], [-120.206572, 34.530195], [-120.206226, 34.530268], [-120.205881, 34.530341], [-120.205535, 34.530414], [-120.20519, 34.530488], [-120.204844, 34.530561], [-120.204499, 34.530634], [-120.204153, 34.530707], [-120.203808, 34.530781], [-120.203462, 34.530854], [-120.203117, 34.530927], [-120.202771, 34.531], [-120.202426, 34.531074], [-120.20208, 34.531147], [-120.20178, 34.531361], [-120.201697, 34.531679], [-120.201351, 34.531752], [-120.201096, 34.532107], [-120.201013, 34.532425], [-120.200712, 34.532638], [-120.20063, 34.532956], [-120.200547, 34.533274], [-120.200246, 34.533488], [-120.200164, 34.533806], [-120.200081, 34.534124], [-120.199998, 34.534442], [-120.200088, 34.534724], [-120.200005, 34.535042], [-120.200095, 34.535323], [-120.200012, 34.535641], [-120.200102, 34.535922], [-120.200192, 34.536204], [-120.200282, 34.536485], [-120.200199, 34.536803], [-120.200289, 34.537084], [-120.200379, 34.537366], [-120.200296, 34.537684], [-120.200213, 34.538002], [-120.200303, 34.538283], [-120.20022, 34.538601], [-120.20031, 34.538882], [-120.200228, 34.5392], [-120.200145, 34.539518], [-120.200235, 34.5398], [-120.200152, 34.540118], [-120.200069, 34.540436], [-120.200159, 34.540717], [-120.200249, 34.540998], [-120.200166, 34.541316], [-120.200256, 34.541598], [-120.199955, 34.541811], [-120.199873, 34.542129], [-120.199963, 34.542411], [-120.200053, 34.542692], [-120.200142, 34.542973], [-120.200232, 34.543255], [-120.200322, 34.543536], [-120.200412, 34.543818], [-120.200502, 34.544099], [-120.200592, 34.54438], [-120.200509, 34.544698], [-120.200427, 34.545016], [-120.200126, 34.54523], [-120.200043, 34.545548], [-120.199788, 34.545903], [-120.199877, 34.546184], [-120.199795, 34.546502], [-120.199712, 34.54682], [-120.199802, 34.547101], [-120.199719, 34.547419], [-120.199809, 34.547701], [-120.199899, 34.547982], [-120.199816, 34.5483], [-120.199906, 34.548581], [-120.199996, 34.548863], [-120.200086, 34.549144], [-120.200176, 34.549425], [-120.200266, 34.549707], [-120.200356, 34.549988], [-120.200446, 34.550269], [-120.200536, 34.550551], [-120.200626, 34.550832], [-120.200888, 34.551077], [-120.200978, 34.551358], [-120.201068, 34.55164], [-120.201158, 34.551921], [-120.201248, 34.552202], [-120.201338, 34.552484], [-120.201428, 34.552765], [-120.201518, 34.553046], [-120.201435, 34.553364], [-120.201525, 34.553646], [-120.201442, 34.553964], [-120.20136, 34.554282], [-120.20145, 34.554563], [-120.201367, 34.554881], [-120.201066, 34.555095], [-120.20081, 34.555449], [-120.20051, 34.555663], [-120.200427, 34.555981], [-120.200344, 34.556299], [-120.200261, 34.556617], [-120.200006, 34.556972], [-120.199923, 34.55729], [-120.19984, 34.557608], [-120.199584, 34.557962], [-120.199284, 34.558176], [-120.198983, 34.55839], [-120.198682, 34.558604], [-120.198382, 34.558818], [-120.198036, 34.558891], [-120.197563, 34.559142], [-120.197217, 34.559215], [-120.196871, 34.559288], [-120.196526, 34.559361], [-120.19618, 34.559435], [-120.195879, 34.559648], [-120.195534, 34.559722], [-120.195188, 34.559795], [-120.194843, 34.559868], [-120.194497, 34.559941], [-120.194151, 34.560015], [-120.193851, 34.560228], [-120.193505, 34.560302], [-120.193204, 34.560516], [-120.192904, 34.560729], [-120.192558, 34.560803], [-120.192257, 34.561017], [-120.192002, 34.561371], [-120.191701, 34.561585], [-120.1914, 34.561799], [-120.191145, 34.562153], [-120.190844, 34.562367], [-120.190761, 34.562685], [-120.190505, 34.56304], [-120.190423, 34.563358], [-120.19034, 34.563676], [-120.190257, 34.563994], [-120.190174, 34.564312], [-120.190264, 34.564593], [-120.190181, 34.564911], [-120.190098, 34.565229], [-120.190015, 34.565547], [-120.189759, 34.565901], [-120.189676, 34.566219], [-120.189766, 34.566501], [-120.189684, 34.566819], [-120.189601, 34.567137], [-120.189691, 34.567418], [-120.189608, 34.567736], [-120.189698, 34.568017], [-120.189788, 34.568299], [-120.19005, 34.568543], [-120.19014, 34.568825], [-120.19023, 34.569106], [-120.190493, 34.569351], [-120.190756, 34.569596], [-120.190846, 34.569877], [-120.191108, 34.570122], [-120.191198, 34.570403], [-120.191461, 34.570648], [-120.191551, 34.570929], [-120.191641, 34.57121], [-120.191904, 34.571455], [-120.191994, 34.571737], [-120.192257, 34.571981], [-120.192347, 34.572263], [-120.192437, 34.572544], [-120.192527, 34.572825], [-120.192616, 34.573107], [-120.192706, 34.573388], [-120.192796, 34.573669], [-120.192713, 34.573987], [-120.192803, 34.574269], [-120.192893, 34.57455], [-120.192811, 34.574868], [-120.1929, 34.575149], [-120.19299, 34.575431], [-120.192908, 34.575749], [-120.192997, 34.57603], [-120.193087, 34.576311], [-120.193177, 34.576593], [-120.193267, 34.576874], [-120.193357, 34.577155], [-120.193447, 34.577437], [-120.193537, 34.577718], [-120.193627, 34.577999], [-120.193717, 34.578281], [-120.193634, 34.578599], [-120.193724, 34.57888], [-120.193814, 34.579161], [-120.193731, 34.579479], [-120.193476, 34.579834], [-120.193566, 34.580115], [-120.193265, 34.580329], [-120.193182, 34.580647], [-120.192881, 34.580861], [-120.192798, 34.581179], [-120.192498, 34.581393], [-120.192415, 34.581711], [-120.192114, 34.581925], [-120.191858, 34.582279], [-120.191775, 34.582597], [-120.191474, 34.582811], [-120.191392, 34.583129], [-120.191136, 34.583484], [-120.191053, 34.583802], [-120.19097, 34.584119], [-120.190669, 34.584333], [-120.190759, 34.584615], [-120.190676, 34.584933], [-120.190375, 34.585147], [-120.190465, 34.585428], [-120.190383, 34.585746], [-120.1903, 34.586064], [-120.190217, 34.586382], [-120.190134, 34.5867], [-120.190224, 34.586981], [-120.190314, 34.587262], [-120.190404, 34.587544], [-120.190494, 34.587825], [-120.190584, 34.588106], [-120.190674, 34.588388], [-120.190936, 34.588633], [-120.191199, 34.588877], [-120.191289, 34.589159], [-120.191552, 34.589403], [-120.191815, 34.589648], [-120.192078, 34.589893], [-120.192168, 34.590174], [-120.192431, 34.590419], [-120.192521, 34.5907], [-120.192783, 34.590945], [-120.192873, 34.591226], [-120.192963, 34.591508], [-120.193053, 34.591789], [-120.193143, 34.59207], [-120.193233, 34.592352], [-120.193323, 34.592633], [-120.193413, 34.592914], [-120.193503, 34.593196], [-120.193593, 34.593477], [-120.19351, 34.593795], [-120.193427, 34.594113], [-120.193344, 34.594431], [-120.193434, 34.594712], [-120.193524, 34.594994], [-120.193442, 34.595312], [-120.193359, 34.595629], [-120.193449, 34.595911], [-120.193539, 34.596192], [-120.193456, 34.59651], [-120.193546, 34.596791], [-120.193636, 34.597073], [-120.193726, 34.597354], [-120.193816, 34.597635], [-120.194079, 34.59788], [-120.194169, 34.598162], [-120.194431, 34.598406], [-120.194694, 34.598651], [-120.195085, 34.598718], [-120.195348, 34.598963], [-120.195784, 34.599171], [-120.19622, 34.599379], [-120.196482, 34.599624], [-120.196873, 34.599692], [-120.197136, 34.599936], [-120.197527, 34.600004], [-120.19779, 34.600249], [-120.198226, 34.600457], [-120.198489, 34.600701], [-120.198879, 34.600769], [-120.198969, 34.60105], [-120.199232, 34.601295], [-120.199578, 34.601222], [-120.199969, 34.601289], [-120.200059, 34.60157], [-120.200149, 34.601852], [-120.200412, 34.602096], [-120.200675, 34.602341], [-120.200938, 34.602586], [-120.201201, 34.602831], [-120.201637, 34.603039], [-120.201899, 34.603283], [-120.202162, 34.603528], [-120.202553, 34.603596], [-120.202816, 34.60384], [-120.203207, 34.603908], [-120.20347, 34.604152], [-120.203906, 34.60436], [-120.204169, 34.604605], [-120.204432, 34.60485], [-120.204823, 34.604917], [-120.204913, 34.605199], [-120.205176, 34.605443], [-120.205266, 34.605725], [-120.205528, 34.605969], [-120.205791, 34.606214], [-120.206054, 34.606459], [-120.206445, 34.606526], [-120.206836, 34.606594], [-120.207227, 34.606661], [-120.207618, 34.606728], [-120.208009, 34.606796], [-120.208399, 34.606863], [-120.20879, 34.606931], [-120.209181, 34.606998], [-120.209572, 34.607065], [-120.209963, 34.607133], [-120.210354, 34.6072], [-120.210745, 34.607268], [-120.211135, 34.607335], [-120.211398, 34.60758], [-120.211661, 34.607824], [-120.211751, 34.608106], [-120.212014, 34.60835], [-120.212105, 34.608632], [-120.212195, 34.608913], [-120.212112, 34.609231], [-120.212029, 34.609549], [-120.211946, 34.609867], [-120.212036, 34.610148], [-120.21178, 34.610503], [-120.211697, 34.610821], [-120.211615, 34.611139], [-120.211314, 34.611353], [-120.211404, 34.611634], [-120.211148, 34.611989], [-120.211065, 34.612307], [-120.210982, 34.612625], [-120.210682, 34.612838], [-120.210599, 34.613156], [-120.210516, 34.613474], [-120.21026, 34.613829], [-120.21035, 34.61411], [-120.210004, 34.614184], [-120.209703, 34.614397], [-120.209403, 34.614611], [-120.209102, 34.614825], [-120.208846, 34.61518], [-120.208545, 34.615394], [-120.208462, 34.615712], [-120.208161, 34.615926], [-120.208079, 34.616244], [-120.207996, 34.616562], [-120.207695, 34.616775], [-120.207612, 34.617093], [-120.207529, 34.617411], [-120.207228, 34.617625], [-120.207145, 34.617943], [-120.207063, 34.618261], [-120.206762, 34.618475], [-120.206679, 34.618793], [-120.206423, 34.619148], [-120.206167, 34.619502], [-120.205911, 34.619857], [-120.205828, 34.620175], [-120.205528, 34.620389], [-120.205618, 34.62067], [-120.205535, 34.620988], [-120.205234, 34.621202], [-120.205151, 34.62152], [-120.205068, 34.621838], [-120.204767, 34.622052], [-120.204684, 34.62237], [-120.204383, 34.622583], [-120.204301, 34.622901], [-120.204218, 34.623219], [-120.203872, 34.623293], [-120.203616, 34.623647], [-120.203315, 34.623861], [-120.203059, 34.624216], [-120.202758, 34.62443], [-120.202457, 34.624643], [-120.202157, 34.624857], [-120.201811, 34.624931], [-120.20151, 34.625144], [-120.201209, 34.625358], [-120.200863, 34.625432], [-120.20078, 34.62575], [-120.200479, 34.625963], [-120.200178, 34.626177], [-120.200095, 34.626495], [-120.199839, 34.62685], [-120.199756, 34.627168], [-120.199456, 34.627382], [-120.199373, 34.6277], [-120.199072, 34.627913], [-120.198771, 34.628127], [-120.198515, 34.628482], [-120.198214, 34.628696], [-120.197913, 34.62891], [-120.197567, 34.628983], [-120.197311, 34.629337], [-120.196965, 34.629411], [-120.196664, 34.629625], [-120.196363, 34.629838], [-120.196281, 34.630156], [-120.19598, 34.63037], [-120.195897, 34.630688], [-120.195814, 34.631006], [-120.195731, 34.631324], [-120.195475, 34.631679], [-120.195392, 34.631997], [-120.195136, 34.632351], [-120.19488, 34.632706], [-120.194624, 34.63306], [-120.194368, 34.633415], [-120.194112, 34.633769], [-120.193811, 34.633983], [-120.193728, 34.634301], [-120.193427, 34.634515], [-120.193127, 34.634729], [-120.193044, 34.635047], [-120.192743, 34.635261], [-120.19266, 34.635579], [-120.192359, 34.635792], [-120.192449, 34.636074], [-120.192366, 34.636392], [-120.192283, 34.63671], [-120.1922, 34.637028], [-120.19229, 34.637309], [-120.192207, 34.637627], [-120.192297, 34.637908], [-120.192387, 34.638189], [-120.192477, 34.638471], [-120.192567, 34.638752], [-120.192484, 34.63907], [-120.192574, 34.639351], [-120.192491, 34.639669], [-120.192408, 34.639987], [-120.192325, 34.640305], [-120.192024, 34.640519], [-120.191941, 34.640837], [-120.191595, 34.64091], [-120.191512, 34.641228], [-120.191166, 34.641301], [-120.190865, 34.641515], [-120.190519, 34.641588], [-120.190218, 34.641802], [-120.190135, 34.64212], [-120.190052, 34.642438], [-120.189751, 34.642652], [-120.189668, 34.64297], [-120.189585, 34.643288], [-120.189284, 34.643502], [-120.189374, 34.643783], [-120.189073, 34.643997], [-120.18899, 34.644315], [-120.188689, 34.644529], [-120.188607, 34.644847], [-120.188306, 34.64506], [-120.188005, 34.645274], [-120.187703, 34.645488], [-120.187402, 34.645702], [-120.187101, 34.645916], [-120.186755, 34.645989], [-120.186409, 34.646062], [-120.186108, 34.646276], [-120.185762, 34.646349], [-120.185416, 34.646422], [-120.185115, 34.646636], [-120.184769, 34.646709], [-120.184423, 34.646783], [-120.184122, 34.646997], [-120.183776, 34.64707], [-120.183475, 34.647284], [-120.183392, 34.647601], [-120.183091, 34.647815], [-120.183181, 34.648097], [-120.183098, 34.648415], [-120.182797, 34.648628], [-120.182887, 34.64891], [-120.182804, 34.649228], [-120.182894, 34.649509], [-120.182984, 34.64979], [-120.182901, 34.650108], [-120.182991, 34.65039], [-120.183081, 34.650671], [-120.183171, 34.650952], [-120.183088, 34.65127], [-120.183178, 34.651552], [-120.183095, 34.651869], [-120.183185, 34.652151], [-120.183102, 34.652469], [-120.183192, 34.65275], [-120.183109, 34.653068], [-120.183199, 34.653349], [-120.183116, 34.653667], [-120.183033, 34.653985], [-120.18295, 34.654303], [-120.18304, 34.654584], [-120.182957, 34.654902], [-120.182874, 34.65522], [-120.182791, 34.655538], [-120.182708, 34.655856], [-120.182625, 34.656174], [-120.182715, 34.656455], [-120.182632, 34.656773], [-120.182722, 34.657055], [-120.182639, 34.657372], [-120.182556, 34.65769], [-120.182646, 34.657972], [-120.182563, 34.65829], [-120.18248, 34.658608], [-120.182397, 34.658925], [-120.182314, 34.659243], [-120.182404, 34.659525], [-120.182321, 34.659843], [-120.182238, 34.660161], [-120.182328, 34.660442], [-120.182245, 34.66076], [-120.182162, 34.661078], [-120.182252, 34.661359], [-120.182169, 34.661677], [-120.182086, 34.661995], [-120.182176, 34.662276], [-120.182093, 34.662594], [-120.18201, 34.662912], [-120.1821, 34.663193], [-120.182017, 34.663511], [-120.181934, 34.663829], [-120.182024, 34.66411], [-120.181941, 34.664428], [-120.181858, 34.664746], [-120.181775, 34.665064], [-120.181692, 34.665382], [-120.181609, 34.6657], [-120.181526, 34.666018], [-120.181269, 34.666372], [-120.181186, 34.66669], [-120.181103, 34.667008], [-120.18102, 34.667326], [-120.180937, 34.667644], [-120.180854, 34.667962], [-120.180944, 34.668243], [-120.181034, 34.668525], [-120.180951, 34.668843], [-120.181041, 34.669124], [-120.181131, 34.669405], [-120.181394, 34.66965], [-120.181484, 34.669931], [-120.181747, 34.670176], [-120.182011, 34.670421], [-120.182274, 34.670666], [-120.182537, 34.67091], [-120.1828, 34.671155], [-120.183063, 34.6714], [-120.183153, 34.671681], [-120.183243, 34.671962], [-120.183506, 34.672207], [-120.183596, 34.672488], [-120.183686, 34.67277], [-120.183776, 34.673051], [-120.183866, 34.673332], [-120.183956, 34.673614], [-120.184046, 34.673895], [-120.184136, 34.674176], [-120.1844, 34.674421], [-120.18449, 34.674702], [-120.18458, 34.674984], [-120.184843, 34.675229], [-120.184933, 34.67551], [-120.185023, 34.675791], [-120.185113, 34.676073], [-120.185203, 34.676354], [-120.185293, 34.676635], [-120.185383, 34.676916], [-120.185473, 34.677198], [-120.185563, 34.677479], [-120.185653, 34.67776], [-120.185788, 34.678182], [-120.185878, 34.678464], [-120.185968, 34.678745], [-120.186058, 34.679026], [-120.186148, 34.679308], [-120.186239, 34.679589], [-120.186329, 34.67987], [-120.186419, 34.680152], [-120.186509, 34.680433], [-120.186599, 34.680714], [-120.186689, 34.680996], [-120.186779, 34.681277], [-120.186869, 34.681558], [-120.186831, 34.682017], [-120.186921, 34.682298], [-120.187011, 34.682579], [-120.186928, 34.682897], [-120.187018, 34.683179], [-120.186935, 34.683497], [-120.186852, 34.683815], [-120.186942, 34.684096], [-120.186859, 34.684414], [-120.186949, 34.684695], [-120.186866, 34.685013], [-120.186956, 34.685294], [-120.186873, 34.685612], [-120.186963, 34.685894], [-120.18688, 34.686211], [-120.186797, 34.686529], [-120.186887, 34.686811], [-120.186804, 34.687129], [-120.186721, 34.687447], [-120.186638, 34.687764], [-120.186555, 34.688082], [-120.186472, 34.6884], [-120.186171, 34.688614], [-120.186261, 34.688895], [-120.18596, 34.689109], [-120.185877, 34.689427], [-120.185794, 34.689745], [-120.185492, 34.689959], [-120.185409, 34.690277], [-120.185326, 34.690595], [-120.185025, 34.690809], [-120.185115, 34.69109], [-120.184814, 34.691304], [-120.184731, 34.691622], [-120.184648, 34.69194], [-120.184347, 34.692153], [-120.18409, 34.692508], [-120.183789, 34.692722], [-120.183533, 34.693076], [-120.183232, 34.69329], [-120.183149, 34.693608], [-120.182893, 34.693962], [-120.18281, 34.69428], [-120.182508, 34.694494], [-120.182162, 34.694567], [-120.181906, 34.694922], [-120.18156, 34.694995], [-120.181477, 34.695313], [-120.181175, 34.695527], [-120.181092, 34.695845], [-120.180836, 34.696199], [-120.180753, 34.696517], [-120.18067, 34.696835], [-120.180369, 34.697049], [-120.180459, 34.69733], [-120.180376, 34.697648], [-120.180293, 34.697966], [-120.180383, 34.698247], [-120.1803, 34.698565], [-120.18039, 34.698846], [-120.18048, 34.699128], [-120.180397, 34.699446], [-120.180487, 34.699727], [-120.180577, 34.700008], [-120.180667, 34.70029], [-120.180584, 34.700607], [-120.180674, 34.700889], [-120.180764, 34.70117], [-120.180681, 34.701488], [-120.180598, 34.701806], [-120.180297, 34.70202], [-120.179995, 34.702234], [-120.179694, 34.702447], [-120.179393, 34.702661], [-120.179046, 34.702734], [-120.178745, 34.702948], [-120.178444, 34.703162], [-120.178098, 34.703235], [-120.177796, 34.703449], [-120.177495, 34.703663], [-120.177194, 34.703877], [-120.176893, 34.70409], [-120.176418, 34.704341], [-120.176162, 34.704695], [-120.176079, 34.705013], [-120.175778, 34.705227], [-120.175694, 34.705545], [-120.175785, 34.705826], [-120.175875, 34.706108], [-120.175573, 34.706321], [-120.175663, 34.706603], [-120.17558, 34.706921], [-120.17567, 34.707202], [-120.175587, 34.70752], [-120.175677, 34.707801], [-120.175594, 34.708119], [-120.175684, 34.7084], [-120.175774, 34.708682], [-120.175691, 34.709], [-120.175781, 34.709281], [-120.175698, 34.709599], [-120.175788, 34.70988], [-120.175923, 34.710302], [-120.17584, 34.71062], [-120.17593, 34.710901], [-120.175847, 34.711219], [-120.175764, 34.711537], [-120.175681, 34.711855], [-120.175598, 34.712173], [-120.175515, 34.712491], [-120.175213, 34.712705], [-120.174957, 34.713059], [-120.174656, 34.713273], [-120.174399, 34.713627], [-120.174098, 34.713841], [-120.173797, 34.714055], [-120.173714, 34.714373], [-120.173412, 34.714587], [-120.173156, 34.714941], [-120.172855, 34.715155], [-120.172598, 34.715509], [-120.172342, 34.715864], [-120.172086, 34.716218], [-120.17183, 34.716573], [-120.171746, 34.716891], [-120.171663, 34.717208], [-120.171407, 34.717563], [-120.171106, 34.717777], [-120.170849, 34.718131], [-120.170593, 34.718486], [-120.17051, 34.718804], [-120.170254, 34.719158], [-120.17017, 34.719476], [-120.170087, 34.719794], [-120.170004, 34.720112], [-120.169921, 34.72043], [-120.169838, 34.720747], [-120.169536, 34.720961], [-120.169453, 34.721279], [-120.169197, 34.721634], [-120.169114, 34.721951], [-120.169031, 34.722269], [-120.169121, 34.722551], [-120.169038, 34.722869], [-120.169128, 34.72315], [-120.169044, 34.723468], [-120.168961, 34.723786], [-120.168878, 34.724104], [-120.168795, 34.724421], [-120.168712, 34.724739], [-120.168629, 34.725057], [-120.168546, 34.725375], [-120.168636, 34.725656], [-120.168552, 34.725974], [-120.168469, 34.726292], [-120.168386, 34.72661], [-120.168476, 34.726891], [-120.168566, 34.727173], [-120.168483, 34.727491], [-120.168573, 34.727772], [-120.168663, 34.728053], [-120.16858, 34.728371], [-120.16867, 34.728652], [-120.168933, 34.728897], [-120.169023, 34.729178], [-120.169113, 34.72946], [-120.169203, 34.729741], [-120.169294, 34.730022], [-120.169384, 34.730304], [-120.169474, 34.730585], [-120.169737, 34.73083], [-120.169827, 34.731111], [-120.169917, 34.731392], [-120.170007, 34.731674], [-120.17027, 34.731919], [-120.17036, 34.7322], [-120.17045, 34.732481], [-120.170714, 34.732726], [-120.170804, 34.733007], [-120.170894, 34.733289], [-120.170984, 34.73357], [-120.171247, 34.733815], [-120.171337, 34.734096], [-120.171427, 34.734377], [-120.171517, 34.734659], [-120.171607, 34.73494], [-120.171698, 34.735221], [-120.171788, 34.735502], [-120.171878, 34.735784], [-120.171968, 34.736065], [-120.172058, 34.736346], [-120.172148, 34.736628], [-120.172238, 34.736909], [-120.172328, 34.73719], [-120.172418, 34.737472], [-120.172681, 34.737716], [-120.172771, 34.737998], [-120.172907, 34.73842], [-120.172997, 34.738701], [-120.173087, 34.738982], [-120.173177, 34.739264], [-120.17344, 34.739508], [-120.17353, 34.73979], [-120.17362, 34.740071], [-120.17371, 34.740352], [-120.1738, 34.740634], [-120.17389, 34.740915], [-120.173981, 34.741196], [-120.174071, 34.741478], [-120.174161, 34.741759], [-120.174251, 34.74204], [-120.174341, 34.742322], [-120.174431, 34.742603], [-120.174521, 34.742884], [-120.174611, 34.743165], [-120.174701, 34.743447], [-120.174791, 34.743728], [-120.174881, 34.744009], [-120.174972, 34.744291], [-120.174888, 34.744609], [-120.174978, 34.74489], [-120.175069, 34.745171], [-120.175159, 34.745453], [-120.175249, 34.745734], [-120.175339, 34.746015], [-120.175256, 34.746333], [-120.175346, 34.746614], [-120.175436, 34.746896], [-120.175526, 34.747177], [-120.175443, 34.747495], [-120.175533, 34.747776], [-120.175623, 34.748057], [-120.175713, 34.748339], [-120.17563, 34.748657], [-120.17572, 34.748938], [-120.17581, 34.749219], [-120.1759, 34.749501], [-120.17599, 34.749782], [-120.17608, 34.750063], [-120.176171, 34.750344], [-120.176261, 34.750626], [-120.176177, 34.750944], [-120.176268, 34.751225], [-120.176358, 34.751506], [-120.176275, 34.751824], [-120.176365, 34.752105], [-120.176455, 34.752387], [-120.176545, 34.752668], [-120.176635, 34.752949], [-120.176725, 34.753231], [-120.176815, 34.753512], [-120.176905, 34.753793], [-120.176995, 34.754075], [-120.177085, 34.754356], [-120.177002, 34.754674], [-120.177092, 34.754955], [-120.177009, 34.755273], [-120.177099, 34.755554], [-120.17719, 34.755836], [-120.17728, 34.756117], [-120.17737, 34.756398], [-120.177287, 34.756716], [-120.177377, 34.756997], [-120.177467, 34.757279], [-120.177557, 34.75756], [-120.177647, 34.757841], [-120.177737, 34.758123], [-120.177827, 34.758404], [-120.177917, 34.758685], [-120.178008, 34.758966], [-120.178098, 34.759248], [-120.178188, 34.759529], [-120.178278, 34.75981], [-120.178368, 34.760092], [-120.178458, 34.760373], [-120.178548, 34.760654], [-120.178812, 34.760899], [-120.178902, 34.76118], [-120.179165, 34.761425], [-120.179255, 34.761706], [-120.179519, 34.761951], [-120.179782, 34.762196], [-120.179872, 34.762477], [-120.180136, 34.762722], [-120.180399, 34.762967], [-120.180662, 34.763211], [-120.180926, 34.763456], [-120.181189, 34.763701], [-120.181453, 34.763945], [-120.181543, 34.764227], [-120.181806, 34.764471], [-120.18207, 34.764716], [-120.18216, 34.764997], [-120.18225, 34.765279], [-120.182513, 34.765523], [-120.182603, 34.765805], [-120.182694, 34.766086], [-120.182957, 34.766331], [-120.183047, 34.766612], [-120.183137, 34.766893], [-120.183401, 34.767138], [-120.183491, 34.767419], [-120.183408, 34.767737], [-120.183498, 34.768019], [-120.183588, 34.7683], [-120.183678, 34.768581], [-120.183768, 34.768862], [-120.183858, 34.769144], [-120.183949, 34.769425], [-120.184039, 34.769706], [-120.184129, 34.769988], [-120.184219, 34.770269], [-120.184309, 34.77055], [-120.184399, 34.770831], [-120.184316, 34.771149], [-120.184406, 34.771431], [-120.184323, 34.771749], [-120.184413, 34.77203], [-120.184504, 34.772311], [-120.18442, 34.772629], [-120.184511, 34.77291], [-120.184601, 34.773192], [-120.184691, 34.773473], [-120.184781, 34.773754], [-120.184871, 34.774035], [-120.184961, 34.774317], [-120.184878, 34.774635], [-120.184968, 34.774916], [-120.185059, 34.775197], [-120.185149, 34.775479], [-120.185239, 34.77576], [-120.185329, 34.776041], [-120.185419, 34.776322], [-120.185509, 34.776604], [-120.1856, 34.776885], [-120.185516, 34.777203], [-120.185433, 34.777521], [-120.185177, 34.777875], [-120.185267, 34.778157], [-120.185184, 34.778474], [-120.185101, 34.778792], [-120.185018, 34.77911], [-120.185108, 34.779391], [-120.185025, 34.779709], [-120.184941, 34.780027], [-120.185032, 34.780308], [-120.185122, 34.78059], [-120.185212, 34.780871], [-120.185129, 34.781189], [-120.185219, 34.78147], [-120.185309, 34.781752], [-120.185399, 34.782033], [-120.185316, 34.782351], [-120.185406, 34.782632], [-120.185323, 34.78295], [-120.185413, 34.783231], [-120.18533, 34.783549], [-120.18542, 34.78383], [-120.185337, 34.784148], [-120.185254, 34.784466], [-120.185344, 34.784747], [-120.185261, 34.785065], [-120.185351, 34.785347], [-120.185268, 34.785664], [-120.185185, 34.785982], [-120.185275, 34.786264], [-120.185192, 34.786581], [-120.185109, 34.786899], [-120.185026, 34.787217], [-120.184943, 34.787535], [-120.184859, 34.787853], [-120.184776, 34.788171], [-120.184866, 34.788452], [-120.184783, 34.78877], [-120.184873, 34.789051], [-120.18479, 34.789369], [-120.184881, 34.78965], [-120.184971, 34.789932], [-120.185061, 34.790213], [-120.184978, 34.790531], [-120.185068, 34.790812], [-120.185158, 34.791093], [-120.185248, 34.791375], [-120.185338, 34.791656], [-120.185429, 34.791937], [-120.185519, 34.792219], [-120.185609, 34.7925], [-120.185699, 34.792781], [-120.185789, 34.793062], [-120.18588, 34.793344], [-120.18597, 34.793625], [-120.18606, 34.793906], [-120.186323, 34.794151], [-120.186414, 34.794432], [-120.186504, 34.794714], [-120.186594, 34.794995], [-120.186684, 34.795276], [-120.186774, 34.795557], [-120.186865, 34.795839], [-120.186955, 34.79612], [-120.187045, 34.796401], [-120.187135, 34.796683], [-120.187225, 34.796964], [-120.187316, 34.797245], [-120.187406, 34.797526], [-120.187496, 34.797808], [-120.187413, 34.798126], [-120.187503, 34.798407], [-120.187767, 34.798652], [-120.187857, 34.798933], [-120.187947, 34.799214], [-120.188037, 34.799495], [-120.188127, 34.799777], [-120.188391, 34.800021], [-120.188654, 34.800266], [-120.189046, 34.800334], [-120.18931, 34.800578], [-120.189747, 34.800786], [-120.19001, 34.801031], [-120.190274, 34.801276], [-120.190666, 34.801343], [-120.190756, 34.801624], [-120.191193, 34.801833], [-120.191456, 34.802077], [-120.191155, 34.802291], [-120.191245, 34.802572], [-120.191162, 34.80289], [-120.191252, 34.803171], [-120.191169, 34.803489], [-120.190867, 34.803703], [-120.190958, 34.803984], [-120.190874, 34.804302], [-120.190965, 34.804584], [-120.190882, 34.804902], [-120.190972, 34.805183], [-120.191062, 34.805464], [-120.191152, 34.805745], [-120.191242, 34.806027], [-120.191506, 34.806271], [-120.19177, 34.806516], [-120.192033, 34.806761], [-120.192297, 34.807005], [-120.19256, 34.80725], [-120.192824, 34.807495], [-120.193261, 34.807703], [-120.193698, 34.807911], [-120.19409, 34.807978], [-120.194353, 34.808223], [-120.1947, 34.80815], [-120.194964, 34.808394], [-120.195356, 34.808462], [-120.195446, 34.808743], [-120.195709, 34.808988], [-120.195973, 34.809233], [-120.196237, 34.809477], [-120.1965, 34.809722], [-120.196764, 34.809967], [-120.197028, 34.810211], [-120.197291, 34.810456], [-120.197728, 34.810664], [-120.19812, 34.810731], [-120.198384, 34.810976], [-120.198821, 34.811184], [-120.199258, 34.811392], [-120.19965, 34.81146], [-120.200132, 34.811808], [-120.200524, 34.811876], [-120.200787, 34.81212], [-120.201051, 34.812365], [-120.201314, 34.81261], [-120.201578, 34.812854], [-120.201842, 34.813099], [-120.202105, 34.813344], [-120.202369, 34.813588], [-120.202459, 34.81387], [-120.202723, 34.814114], [-120.202987, 34.814359], [-120.20325, 34.814604], [-120.203642, 34.814671], [-120.203732, 34.814952], [-120.20417, 34.81516], [-120.204433, 34.815405], [-120.204697, 34.81565], [-120.204961, 34.815894], [-120.205224, 34.816139], [-120.205488, 34.816384], [-120.205752, 34.816628], [-120.205842, 34.816909], [-120.205932, 34.817191], [-120.206196, 34.817435], [-120.206286, 34.817717], [-120.206203, 34.818034], [-120.206293, 34.818316], [-120.206384, 34.818597], [-120.2063, 34.818915], [-120.206391, 34.819196], [-120.206481, 34.819477], [-120.206571, 34.819759], [-120.206488, 34.820077], [-120.206578, 34.820358], [-120.206669, 34.820639], [-120.206586, 34.820957], [-120.206676, 34.821238], [-120.206766, 34.821519], [-120.206683, 34.821837], [-120.206773, 34.822119], [-120.206864, 34.8224], [-120.206954, 34.822681], [-120.207044, 34.822962], [-120.207135, 34.823244], [-120.207225, 34.823525], [-120.207315, 34.823806], [-120.207579, 34.824051], [-120.207843, 34.824295], [-120.20828, 34.824504], [-120.208543, 34.824748], [-120.208935, 34.824816], [-120.209199, 34.82506], [-120.209591, 34.825128], [-120.209983, 34.825195], [-120.210247, 34.82544], [-120.210684, 34.825648], [-120.211121, 34.825856], [-120.211513, 34.825923], [-120.211777, 34.826168], [-120.212124, 34.826094], [-120.212387, 34.826339], [-120.212779, 34.826406], [-120.213043, 34.826651], [-120.21348, 34.826859], [-120.213872, 34.826926], [-120.214136, 34.827171], [-120.214528, 34.827238], [-120.21492, 34.827306], [-120.215183, 34.82755], [-120.215621, 34.827758], [-120.215884, 34.828003], [-120.216148, 34.828248], [-120.216412, 34.828492], [-120.216804, 34.82856], [-120.216894, 34.828841], [-120.217158, 34.829086], [-120.217248, 34.829367], [-120.217512, 34.829611], [-120.217776, 34.829856], [-120.21804, 34.830101], [-120.218303, 34.830345], [-120.218394, 34.830626], [-120.218657, 34.830871], [-120.218748, 34.831152], [-120.219011, 34.831397], [-120.219102, 34.831678], [-120.219366, 34.831923], [-120.219629, 34.832167], [-120.219893, 34.832412], [-120.219983, 34.832693], [-120.220247, 34.832938], [-120.220511, 34.833183], [-120.220601, 34.833464], [-120.220865, 34.833708], [-120.221129, 34.833953], [-120.221219, 34.834234], [-120.22131, 34.834515], [-120.221573, 34.83476], [-120.221664, 34.835041], [-120.221754, 34.835323], [-120.221845, 34.835604], [-120.221935, 34.835885], [-120.222025, 34.836166], [-120.222116, 34.836448], [-120.222033, 34.836765], [-120.222123, 34.837047], [-120.222213, 34.837328], [-120.222304, 34.837609], [-120.222221, 34.837927], [-120.222311, 34.838208], [-120.222401, 34.83849], [-120.222492, 34.838771], [-120.222409, 34.839089], [-120.222326, 34.839407], [-120.222243, 34.839724], [-120.221941, 34.839938], [-120.221858, 34.840256], [-120.221775, 34.840574], [-120.221473, 34.840788], [-120.22139, 34.841106], [-120.221307, 34.841424], [-120.221005, 34.841638], [-120.220922, 34.841956], [-120.220621, 34.842169], [-120.220538, 34.842487], [-120.220454, 34.842805], [-120.220153, 34.843019], [-120.220243, 34.8433], [-120.22016, 34.843618], [-120.22025, 34.8439], [-120.220167, 34.844217], [-120.220258, 34.844499], [-120.220348, 34.84478], [-120.220265, 34.845098], [-120.220355, 34.845379], [-120.220446, 34.84566], [-120.220536, 34.845941], [-120.220453, 34.846259], [-120.220543, 34.846541], [-120.22046, 34.846858], [-120.220377, 34.847176], [-120.220468, 34.847458], [-120.220385, 34.847775], [-120.220302, 34.848093], [-120.220219, 34.848411], [-120.220135, 34.848729], [-120.220052, 34.849047], [-120.219969, 34.849365], [-120.219886, 34.849683], [-120.219803, 34.850001], [-120.21972, 34.850319], [-120.219637, 34.850636], [-120.219554, 34.850954], [-120.219471, 34.851272], [-120.219388, 34.85159], [-120.219305, 34.851908], [-120.219395, 34.852189], [-120.219312, 34.852507], [-120.219229, 34.852825], [-120.219146, 34.853143], [-120.219063, 34.853461], [-120.21898, 34.853779], [-120.218897, 34.854096], [-120.21864, 34.854451], [-120.218557, 34.854769], [-120.218474, 34.855087], [-120.218391, 34.855405], [-120.218134, 34.855759], [-120.218225, 34.85604], [-120.218141, 34.856358], [-120.218058, 34.856676], [-120.217975, 34.856994], [-120.217892, 34.857312], [-120.217809, 34.85763], [-120.217899, 34.857911], [-120.217816, 34.858229], [-120.217907, 34.85851], [-120.217997, 34.858791], [-120.218088, 34.859073], [-120.218178, 34.859354], [-120.218268, 34.859635], [-120.218359, 34.859916], [-120.218449, 34.860198], [-120.218713, 34.860442], [-120.218803, 34.860723], [-120.219067, 34.860968], [-120.219158, 34.861249], [-120.219421, 34.861494], [-120.219685, 34.861738], [-120.219949, 34.861983], [-120.220213, 34.862228], [-120.220477, 34.862472], [-120.220741, 34.862717], [-120.221005, 34.862961], [-120.221269, 34.863206], [-120.221706, 34.863414], [-120.221796, 34.863695], [-120.22206, 34.86394], [-120.222324, 34.864184], [-120.222414, 34.864466], [-120.222807, 34.864533], [-120.222897, 34.864814], [-120.223161, 34.865059], [-120.223553, 34.865126], [-120.223817, 34.865371], [-120.224254, 34.865579], [-120.224692, 34.865787], [-120.224956, 34.866031], [-120.225393, 34.866239], [-120.225657, 34.866484], [-120.225921, 34.866728], [-120.226185, 34.866973], [-120.226494, 34.867358], [-120.226977, 34.867707], [-120.227459, 34.868055], [-120.227723, 34.8683], [-120.228115, 34.868367], [-120.228379, 34.868612], [-120.228643, 34.868856], [-120.22908, 34.869064], [-120.229344, 34.869309], [-120.229608, 34.869554], [-120.230001, 34.869621], [-120.230264, 34.869865], [-120.230657, 34.869933], [-120.230921, 34.870177], [-120.231313, 34.870245], [-120.231577, 34.870489], [-120.231969, 34.870557], [-120.232406, 34.870764], [-120.232844, 34.870972], [-120.233236, 34.87104], [-120.233673, 34.871248], [-120.234066, 34.871315], [-120.23433, 34.871559], [-120.234722, 34.871627], [-120.234986, 34.871871], [-120.235378, 34.871939], [-120.235642, 34.872183], [-120.236034, 34.87225], [-120.236298, 34.872495], [-120.23669, 34.872562], [-120.236954, 34.872807], [-120.237347, 34.872874], [-120.237611, 34.873119], [-120.238003, 34.873186], [-120.238267, 34.873431], [-120.238659, 34.873498], [-120.238923, 34.873742], [-120.239315, 34.87381], [-120.239579, 34.874054], [-120.239971, 34.874122], [-120.240318, 34.874048], [-120.240756, 34.874256], [-120.241148, 34.874323], [-120.241495, 34.87425], [-120.241887, 34.874317], [-120.242325, 34.874525], [-120.242717, 34.874593], [-120.243109, 34.87466], [-120.243547, 34.874868], [-120.243811, 34.875112], [-120.244075, 34.875357], [-120.244467, 34.875424], [-120.244558, 34.875705], [-120.244995, 34.875913], [-120.245259, 34.876158], [-120.245523, 34.876402], [-120.245787, 34.876647], [-120.246225, 34.876855], [-120.246662, 34.877063], [-120.246926, 34.877307], [-120.24719, 34.877552], [-120.247454, 34.877796], [-120.247718, 34.878041], [-120.247982, 34.878285], [-120.248246, 34.87853], [-120.24851, 34.878774], [-120.248774, 34.879019], [-120.249166, 34.879086], [-120.249257, 34.879367], [-120.249521, 34.879612], [-120.249785, 34.879856], [-120.250049, 34.880101], [-120.250441, 34.880168], [-120.250705, 34.880413], [-120.250969, 34.880657], [-120.251233, 34.880902], [-120.251671, 34.88111], [-120.251935, 34.881354], [-120.252199, 34.881599], [-120.252591, 34.881666], [-120.252855, 34.88191], [-120.253119, 34.882155], [-120.253383, 34.882399], [-120.253776, 34.882467], [-120.25404, 34.882711], [-120.254304, 34.882956], [-120.254568, 34.8832], [-120.254832, 34.883445], [-120.255096, 34.883689], [-120.25536, 34.883934], [-120.255624, 34.884178], [-120.255888, 34.884423], [-120.255979, 34.884704], [-120.256243, 34.884949], [-120.256507, 34.885193], [-120.256771, 34.885438], [-120.257035, 34.885682], [-120.257299, 34.885927], [-120.257737, 34.886134], [-120.258001, 34.886379], [-120.258265, 34.886624], [-120.258702, 34.886831], [-120.258793, 34.887113], [-120.259231, 34.88732], [-120.259495, 34.887565], [-120.259932, 34.887773], [-120.260023, 34.888054], [-120.260415, 34.888121], [-120.260679, 34.888366], [-120.260943, 34.88861], [-120.261336, 34.888677], [-120.2616, 34.888922], [-120.262037, 34.88913], [-120.262128, 34.889411], [-120.262392, 34.889655], [-120.262483, 34.889937], [-120.262747, 34.890181], [-120.262837, 34.890462], [-120.262928, 34.890743], [-120.263018, 34.891025], [-120.263109, 34.891306], [-120.2632, 34.891587], [-120.26329, 34.891868], [-120.263207, 34.892186], [-120.262906, 34.8924], [-120.262649, 34.892755], [-120.26274, 34.893036], [-120.262657, 34.893354], [-120.262574, 34.893672], [-120.262491, 34.89399], [-120.262581, 34.894271], [-120.262672, 34.894552], [-120.26237, 34.894766], [-120.262068, 34.89498], [-120.261985, 34.895298], [-120.261684, 34.895512], [-120.261382, 34.895726], [-120.261299, 34.896044], [-120.260997, 34.896258], [-120.260914, 34.896576], [-120.260831, 34.896894], [-120.260748, 34.897211], [-120.260839, 34.897493], [-120.260756, 34.89781], [-120.260673, 34.898128], [-120.26059, 34.898446], [-120.260507, 34.898764], [-120.260424, 34.899082], [-120.260515, 34.899363], [-120.260605, 34.899644], [-120.260696, 34.899926], [-120.260786, 34.900207], [-120.260877, 34.900488], [-120.260968, 34.900769], [-120.261058, 34.90105], [-120.261149, 34.901332], [-120.261066, 34.90165], [-120.261156, 34.901931], [-120.261073, 34.902249], [-120.261164, 34.90253], [-120.261255, 34.902811], [-120.261172, 34.903129], [-120.261262, 34.90341], [-120.261179, 34.903728], [-120.26127, 34.904009], [-120.26136, 34.90429], [-120.261277, 34.904608], [-120.261194, 34.904926], [-120.261112, 34.905244], [-120.261202, 34.905525], [-120.260946, 34.90588], [-120.260863, 34.906198], [-120.26078, 34.906516], [-120.260697, 34.906833], [-120.260614, 34.907151], [-120.260531, 34.907469], [-120.260229, 34.907683], [-120.260146, 34.908001], [-120.259844, 34.908215], [-120.259761, 34.908533], [-120.259459, 34.908747], [-120.259157, 34.908961], [-120.25881, 34.909034], [-120.258508, 34.909248], [-120.258207, 34.909462], [-120.257905, 34.909676], [-120.257603, 34.90989], [-120.257301, 34.910104], [-120.256999, 34.910318], [-120.256916, 34.910636], [-120.256614, 34.91085], [-120.256531, 34.911168], [-120.256448, 34.911486], [-120.256147, 34.9117], [-120.256064, 34.912018], [-120.255981, 34.912336], [-120.255898, 34.912653], [-120.255815, 34.912971], [-120.255905, 34.913253], [-120.255822, 34.91357], [-120.255739, 34.913888], [-120.25583, 34.91417], [-120.255747, 34.914487], [-120.255664, 34.914805], [-120.255581, 34.915123], [-120.255498, 34.915441], [-120.255415, 34.915759], [-120.255332, 34.916077], [-120.255249, 34.916395], [-120.255166, 34.916713], [-120.255083, 34.91703], [-120.255173, 34.917312], [-120.25509, 34.91763], [-120.255007, 34.917947], [-120.255098, 34.918229], [-120.255015, 34.918546], [-120.255105, 34.918828], [-120.255022, 34.919146], [-120.254939, 34.919463], [-120.25503, 34.919745], [-120.254947, 34.920063], [-120.255038, 34.920344], [-120.254955, 34.920662], [-120.254872, 34.920979], [-120.254789, 34.921297], [-120.254879, 34.921579], [-120.254796, 34.921896], [-120.254713, 34.922214], [-120.254804, 34.922496], [-120.254721, 34.922813], [-120.254811, 34.923095], [-120.254728, 34.923412], [-120.254645, 34.92373], [-120.254343, 34.923944], [-120.254042, 34.924158], [-120.25374, 34.924372], [-120.253657, 34.92469], [-120.253355, 34.924904], [-120.253053, 34.925118], [-120.25297, 34.925436], [-120.252623, 34.925509], [-120.252321, 34.925723], [-120.252064, 34.926078], [-120.251762, 34.926292], [-120.25146, 34.926506], [-120.251158, 34.92672], [-120.250856, 34.926934], [-120.250554, 34.927148], [-120.250252, 34.927362], [-120.24995, 34.927575], [-120.249603, 34.927649], [-120.249301, 34.927863], [-120.248999, 34.928077], [-120.248652, 34.92815], [-120.248395, 34.928505], [-120.248093, 34.928719], [-120.247792, 34.928933], [-120.24749, 34.929146], [-120.247188, 34.92936], [-120.246886, 34.929574], [-120.246584, 34.929788], [-120.246282, 34.930002], [-120.24598, 34.930216], [-120.245678, 34.93043], [-120.245202, 34.930681], [-120.2449, 34.930895], [-120.244644, 34.931249], [-120.244342, 34.931463], [-120.244085, 34.931818], [-120.244002, 34.932136], [-120.2437, 34.932349], [-120.243617, 34.932667], [-120.24336, 34.933022], [-120.243277, 34.93334], [-120.242975, 34.933554], [-120.243066, 34.933835], [-120.242809, 34.934189], [-120.242726, 34.934507], [-120.242643, 34.934825], [-120.24256, 34.935143], [-120.242477, 34.935461], [-120.242394, 34.935779], [-120.24231, 34.936097], [-120.242227, 34.936414], [-120.242318, 34.936696], [-120.242235, 34.937014], [-120.242325, 34.937295], [-120.242416, 34.937576], [-120.242507, 34.937857], [-120.242597, 34.938138], [-120.242514, 34.938456], [-120.242431, 34.938774], [-120.242348, 34.939092], [-120.242438, 34.939373], [-120.242355, 34.939691], [-120.242272, 34.940009], [-120.242189, 34.940327], [-120.242106, 34.940645], [-120.242023, 34.940962], [-120.24194, 34.94128], [-120.241857, 34.941598], [-120.241774, 34.941916], [-120.241691, 34.942234], [-120.241608, 34.942552], [-120.241698, 34.942833], [-120.241615, 34.943151], [-120.241532, 34.943469], [-120.241623, 34.94375], [-120.24154, 34.944068], [-120.241456, 34.944386], [-120.241547, 34.944667], [-120.241464, 34.944985], [-120.241554, 34.945266], [-120.241471, 34.945584], [-120.241215, 34.945938], [-120.241132, 34.946256], [-120.241048, 34.946574], [-120.240746, 34.946788], [-120.24049, 34.947142], [-120.240188, 34.947356], [-120.240105, 34.947674], [-120.240021, 34.947992], [-120.239719, 34.948206], [-120.239636, 34.948524], [-120.239379, 34.948878], [-120.239296, 34.949196], [-120.238994, 34.94941], [-120.238911, 34.949728], [-120.238609, 34.949942], [-120.238526, 34.95026], [-120.238224, 34.950474], [-120.237922, 34.950688], [-120.23762, 34.950902], [-120.237363, 34.951256], [-120.237061, 34.95147], [-120.236759, 34.951684], [-120.236457, 34.951898], [-120.236155, 34.952112], [-120.235807, 34.952185], [-120.235505, 34.952399], [-120.235158, 34.952472], [-120.234856, 34.952686], [-120.234509, 34.95276], [-120.234161, 34.952833], [-120.233859, 34.953047], [-120.233512, 34.95312], [-120.23321, 34.953334], [-120.232908, 34.953548], [-120.232998, 34.953829], [-120.232915, 34.954147], [-120.232832, 34.954465], [-120.232575, 34.954819], [-120.232492, 34.955137], [-120.232409, 34.955455], [-120.232326, 34.955773], [-120.232243, 34.956091], [-120.232333, 34.956372], [-120.23225, 34.95669], [-120.23234, 34.956971], [-120.232431, 34.957252], [-120.232522, 34.957533], [-120.232612, 34.957815], [-120.232703, 34.958096], [-120.232793, 34.958377], [-120.233057, 34.958621], [-120.233148, 34.958903], [-120.233239, 34.959184], [-120.233503, 34.959428], [-120.233593, 34.95971], [-120.233858, 34.959954], [-120.233948, 34.960235], [-120.234212, 34.96048], [-120.234303, 34.960761], [-120.234567, 34.961006], [-120.234658, 34.961287], [-120.234748, 34.961568], [-120.234839, 34.961849], [-120.23493, 34.96213], [-120.23502, 34.962412], [-120.235111, 34.962693], [-120.235028, 34.963011], [-120.235118, 34.963292], [-120.235035, 34.96361], [-120.235126, 34.963891], [-120.235042, 34.964209], [-120.234959, 34.964527], [-120.234876, 34.964845], [-120.234793, 34.965162], [-120.234536, 34.965517], [-120.234234, 34.965731], [-120.233932, 34.965945], [-120.23363, 34.966159], [-120.233373, 34.966513], [-120.233071, 34.966727], [-120.232769, 34.966941], [-120.232466, 34.967155], [-120.232164, 34.967369], [-120.231862, 34.967583], [-120.23156, 34.967796], [-120.231258, 34.96801], [-120.230956, 34.968224], [-120.230654, 34.968438], [-120.230351, 34.968652], [-120.230049, 34.968866], [-120.229702, 34.968939], [-120.2294, 34.969153], [-120.229097, 34.969367], [-120.22875, 34.96944], [-120.228448, 34.969654], [-120.2281, 34.969727], [-120.227798, 34.969941], [-120.227451, 34.970015], [-120.227149, 34.970229], [-120.226847, 34.970442], [-120.226544, 34.970656], [-120.226287, 34.971011], [-120.225985, 34.971225], [-120.225902, 34.971543], [-120.225819, 34.97186], [-120.225562, 34.972215], [-120.225479, 34.972533], [-120.225396, 34.972851], [-120.225312, 34.973168], [-120.225229, 34.973486], [-120.225146, 34.973804], [-120.224889, 34.974159], [-120.224806, 34.974476], [-120.224723, 34.974794], [-120.22464, 34.975112], [-120.224556, 34.97543], [-120.224473, 34.975748], [-120.22439, 34.976066], [-120.224307, 34.976383], [-120.224224, 34.976701], [-120.224314, 34.976982], [-120.224231, 34.9773], [-120.224148, 34.977618], [-120.224238, 34.977899], [-120.224155, 34.978217], [-120.224072, 34.978535], [-120.223989, 34.978853], [-120.223905, 34.979171], [-120.223822, 34.979489], [-120.223913, 34.97977], [-120.22383, 34.980088], [-120.223746, 34.980405], [-120.223837, 34.980687], [-120.223754, 34.981004], [-120.223844, 34.981286], [-120.223761, 34.981604], [-120.223852, 34.981885], [-120.223768, 34.982203], [-120.223685, 34.98252], [-120.223776, 34.982802], [-120.223693, 34.983119], [-120.223609, 34.983437], [-120.223526, 34.983755], [-120.223443, 34.984073], [-120.22336, 34.984391], [-120.22345, 34.984672], [-120.223367, 34.98499], [-120.223284, 34.985308], [-120.223201, 34.985625], [-120.223117, 34.985943], [-120.223034, 34.986261], [-120.222951, 34.986579], [-120.222868, 34.986897], [-120.222785, 34.987215], [-120.222701, 34.987533], [-120.222618, 34.98785], [-120.222709, 34.988132], [-120.222626, 34.988449], [-120.222716, 34.988731], [-120.222807, 34.989012], [-120.222897, 34.989293], [-120.222988, 34.989574], [-120.223078, 34.989855], [-120.223169, 34.990137], [-120.223259, 34.990418], [-120.22335, 34.990699], [-120.223441, 34.99098], [-120.223531, 34.991261], [-120.223622, 34.991543], [-120.223538, 34.99186], [-120.223629, 34.992142], [-120.22372, 34.992423], [-120.22381, 34.992704], [-120.223727, 34.993022], [-120.223817, 34.993303], [-120.223734, 34.993621], [-120.223825, 34.993902], [-120.223742, 34.99422], [-120.223658, 34.994538], [-120.223575, 34.994856], [-120.223492, 34.995173], [-120.223409, 34.995491], [-120.223325, 34.995809], [-120.223416, 34.99609], [-120.223333, 34.996408], [-120.22325, 34.996726], [-120.223166, 34.997044], [-120.223083, 34.997362], [-120.222826, 34.997716], [-120.222743, 34.998034], [-120.222833, 34.998315], [-120.22275, 34.998633], [-120.222667, 34.998951], [-120.222584, 34.999269], [-120.222501, 34.999586], [-120.222417, 34.999904], [-120.222334, 35.000222], [-120.222425, 35.000503], [-120.222341, 35.000821], [-120.222258, 35.001139], [-120.222349, 35.00142], [-120.222266, 35.001738], [-120.222009, 35.002092], [-120.221925, 35.00241], [-120.221842, 35.002728], [-120.221759, 35.003046], [-120.221676, 35.003364], [-120.221592, 35.003682], [-120.221509, 35.003999], [-120.2216, 35.004281], [-120.221516, 35.004598], [-120.221607, 35.00488], [-120.221524, 35.005198], [-120.221614, 35.005479], [-120.221705, 35.00576], [-120.221622, 35.006078], [-120.221538, 35.006396], [-120.221455, 35.006713], [-120.221372, 35.007031], [-120.221289, 35.007349], [-120.221205, 35.007667], [-120.221296, 35.007948], [-120.221213, 35.008266], [-120.22113, 35.008584], [-120.221046, 35.008902], [-120.220963, 35.009219], [-120.22088, 35.009537], [-120.220797, 35.009855], [-120.220713, 35.010173], [-120.220411, 35.010387], [-120.220328, 35.010705], [-120.220025, 35.010918], [-120.219942, 35.011236], [-120.21964, 35.01145], [-120.219337, 35.011664], [-120.219035, 35.011878], [-120.218733, 35.012092], [-120.218649, 35.012409], [-120.218302, 35.012483], [-120.217999, 35.012697], [-120.217742, 35.013051], [-120.21744, 35.013265], [-120.217138, 35.013479], [-120.216835, 35.013693], [-120.216533, 35.013906], [-120.216231, 35.01412], [-120.215928, 35.014334], [-120.215626, 35.014548], [-120.215323, 35.014762], [-120.215021, 35.014976], [-120.214719, 35.01519], [-120.214416, 35.015403], [-120.214069, 35.015477], [-120.213766, 35.01569], [-120.213464, 35.015904], [-120.213116, 35.015978], [-120.212814, 35.016191], [-120.212466, 35.016265], [-120.212118, 35.016338], [-120.211771, 35.016411], [-120.211468, 35.016625], [-120.211121, 35.016698], [-120.210773, 35.016771], [-120.210425, 35.016845], [-120.210123, 35.017058], [-120.209775, 35.017132], [-120.209473, 35.017345], [-120.209125, 35.017419], [-120.208823, 35.017633], [-120.208475, 35.017706], [-120.208128, 35.017779], [-120.207825, 35.017993], [-120.207477, 35.018066], [-120.20713, 35.018139], [-120.206827, 35.018353], [-120.206525, 35.018567], [-120.206177, 35.01864], [-120.205875, 35.018854], [-120.205572, 35.019068], [-120.20527, 35.019282], [-120.204922, 35.019355], [-120.20462, 35.019569], [-120.204272, 35.019642], [-120.20397, 35.019856], [-120.203667, 35.020069], [-120.203365, 35.020283], [-120.203062, 35.020497], [-120.20276, 35.020711], [-120.202458, 35.020925], [-120.202155, 35.021138], [-120.201853, 35.021352], [-120.20155, 35.021566], [-120.201248, 35.02178], [-120.200945, 35.021994], [-120.200643, 35.022208], [-120.20034, 35.022421], [-120.200038, 35.022635], [-120.19969, 35.022708], [-120.199388, 35.022922], [-120.199085, 35.023136], [-120.198738, 35.023209], [-120.198435, 35.023423], [-120.198088, 35.023496], [-120.197785, 35.02371], [-120.197437, 35.023783], [-120.196961, 35.024033], [-120.196613, 35.024107], [-120.196311, 35.02432], [-120.195963, 35.024394], [-120.195615, 35.024467], [-120.195268, 35.02454], [-120.194965, 35.024754], [-120.194618, 35.024827], [-120.19427, 35.0249], [-120.193922, 35.024973], [-120.193227, 35.02512], [-120.192879, 35.025193], [-120.192357, 35.025303], [-120.191836, 35.025412], [-120.191533, 35.025626], [-120.191186, 35.025699], [-120.190838, 35.025773], [-120.19049, 35.025846], [-120.190052, 35.025638], [-120.189659, 35.02557], [-120.189311, 35.025643], [-120.188918, 35.025576], [-120.188397, 35.025686], [-120.188004, 35.025618], [-120.187611, 35.025551], [-120.187218, 35.025483], [-120.18687, 35.025557], [-120.186477, 35.025489], [-120.186084, 35.025422], [-120.185691, 35.025354], [-120.185343, 35.025427], [-120.18495, 35.02536], [-120.184558, 35.025292], [-120.184165, 35.025225], [-120.183772, 35.025157], [-120.183379, 35.02509], [-120.182986, 35.025023], [-120.182419, 35.024992], [-120.181981, 35.024784], [-120.181414, 35.024753], [-120.181066, 35.024826], [-120.180673, 35.024758], [-120.18028, 35.024691], [-120.179932, 35.024764], [-120.17954, 35.024697], [-120.179147, 35.024629], [-120.178799, 35.024702], [-120.178451, 35.024775], [-120.178058, 35.024708], [-120.177537, 35.024818], [-120.177189, 35.024891], [-120.176667, 35.025], [-120.175927, 35.025006], [-120.175579, 35.025079], [-120.175231, 35.025152], [-120.174883, 35.025225], [-120.17449, 35.025158], [-120.174143, 35.025231], [-120.173795, 35.025304], [-120.173402, 35.025237], [-120.172661, 35.025242], [-120.17214, 35.025352], [-120.171747, 35.025284], [-120.171399, 35.025358], [-120.171006, 35.02529], [-120.170484, 35.0254], [-120.170137, 35.025473], [-120.169744, 35.025405], [-120.169396, 35.025478], [-120.169048, 35.025552], [-120.168655, 35.025484], [-120.168308, 35.025557], [-120.167915, 35.02549], [-120.167522, 35.025422], [-120.167129, 35.025355], [-120.166517, 35.025183], [-120.166124, 35.025116], [-120.165731, 35.025048], [-120.165338, 35.02498], [-120.165074, 35.024736], [-120.164726, 35.024809], [-120.164333, 35.024741], [-120.16394, 35.024674], [-120.163592, 35.024747], [-120.163244, 35.02482], [-120.162897, 35.024893], [-120.162549, 35.024966], [-120.162201, 35.025039], [-120.161853, 35.025112], [-120.161551, 35.025326], [-120.161248, 35.02554], [-120.161165, 35.025858], [-120.160862, 35.026071], [-120.160779, 35.026389], [-120.160476, 35.026603], [-120.160393, 35.026921], [-120.160045, 35.026994], [-120.159961, 35.027311], [-120.159878, 35.027629], [-120.159575, 35.027843], [-120.159492, 35.028161], [-120.159408, 35.028478], [-120.159325, 35.028796], [-120.159241, 35.029114], [-120.159158, 35.029432], [-120.159248, 35.029713], [-120.15921, 35.030171], [-120.159126, 35.030489], [-120.159043, 35.030807], [-120.158959, 35.031125], [-120.158876, 35.031442], [-120.158966, 35.031724], [-120.158882, 35.032042], [-120.158799, 35.032359], [-120.158889, 35.032641], [-120.158806, 35.032958], [-120.158722, 35.033276], [-120.158639, 35.033594], [-120.158555, 35.033912], [-120.158472, 35.034229], [-120.158562, 35.034511], [-120.158478, 35.034828], [-120.158395, 35.035146], [-120.158311, 35.035464], [-120.158228, 35.035782], [-120.158144, 35.0361], [-120.158061, 35.036417], [-120.157977, 35.036735], [-120.15772, 35.037089], [-120.157636, 35.037407], [-120.157379, 35.037761], [-120.157076, 35.037975], [-120.157167, 35.038256], [-120.156864, 35.03847], [-120.156607, 35.038824], [-120.156523, 35.039142], [-120.15622, 35.039356], [-120.156137, 35.039674], [-120.156053, 35.039991], [-120.155796, 35.040346], [-120.155712, 35.040663], [-120.155455, 35.041018], [-120.155371, 35.041336], [-120.155288, 35.041653], [-120.15503, 35.042008], [-120.154818, 35.042503], [-120.15456, 35.042857], [-120.154522, 35.043315], [-120.154265, 35.04367], [-120.154181, 35.043987], [-120.154097, 35.044305], [-120.153885, 35.0448], [-120.153628, 35.045154], [-120.153544, 35.045472], [-120.153287, 35.045826], [-120.152984, 35.04604], [-120.1529, 35.046358], [-120.152598, 35.046571], [-120.15234, 35.046926], [-120.152038, 35.047139], [-120.15178, 35.047494], [-120.151477, 35.047707], [-120.151175, 35.047921], [-120.150917, 35.048275], [-120.15066, 35.04863], [-120.150402, 35.048984], [-120.150319, 35.049302], [-120.150235, 35.049619], [-120.150151, 35.049937], [-120.149894, 35.050292], [-120.14981, 35.050609], [-120.149727, 35.050927], [-120.149643, 35.051245], [-120.14956, 35.051563], [-120.149476, 35.05188], [-120.149392, 35.052198], [-120.149309, 35.052516], [-120.149051, 35.05287], [-120.148968, 35.053188], [-120.14871, 35.053542], [-120.148453, 35.053896], [-120.148195, 35.054251], [-120.148111, 35.054569], [-120.147854, 35.054923], [-120.147551, 35.055136], [-120.147294, 35.055491], [-120.14721, 35.055809], [-120.146907, 35.056022], [-120.146824, 35.05634], [-120.146521, 35.056554], [-120.146437, 35.056871], [-120.146354, 35.057189], [-120.14627, 35.057507], [-120.146187, 35.057825], [-120.145929, 35.058179], [-120.145845, 35.058497], [-120.145633, 35.058992], [-120.145549, 35.059309], [-120.145247, 35.059523], [-120.145163, 35.059841], [-120.145079, 35.060159], [-120.144996, 35.060476], [-120.144738, 35.060831], [-120.144655, 35.061148], [-120.144571, 35.061466], [-120.144487, 35.061784], [-120.144404, 35.062102], [-120.14432, 35.062419], [-120.144237, 35.062737], [-120.143934, 35.062951], [-120.14385, 35.063268], [-120.143547, 35.063482], [-120.14329, 35.063836], [-120.143032, 35.064191], [-120.142729, 35.064404], [-120.142427, 35.064618], [-120.142124, 35.064832], [-120.141821, 35.065045], [-120.141518, 35.065259], [-120.14117, 35.065332], [-120.140822, 35.065405], [-120.14052, 35.065619], [-120.140172, 35.065692], [-120.139824, 35.065765], [-120.139521, 35.065978], [-120.139173, 35.066051], [-120.138825, 35.066124], [-120.138477, 35.066197], [-120.138129, 35.06627], [-120.137781, 35.066343], [-120.137259, 35.066453], [-120.136911, 35.066526], [-120.136563, 35.066599], [-120.136215, 35.066672], [-120.135822, 35.066604], [-120.135429, 35.066537], [-120.135036, 35.066469], [-120.134643, 35.066401], [-120.134295, 35.066474], [-120.133902, 35.066407], [-120.133637, 35.066162], [-120.133199, 35.065954], [-120.132761, 35.065746], [-120.132368, 35.065678], [-120.132103, 35.065433], [-120.131665, 35.065225], [-120.131401, 35.06498], [-120.130963, 35.064772], [-120.130698, 35.064527], [-120.13035, 35.0646], [-120.129957, 35.064532], [-120.129564, 35.064465], [-120.129216, 35.064538], [-120.128868, 35.064611], [-120.12852, 35.064684], [-120.128172, 35.064757], [-120.127869, 35.06497], [-120.127521, 35.065043], [-120.127174, 35.065116], [-120.126871, 35.06533], [-120.126568, 35.065544], [-120.12631, 35.065898], [-120.125962, 35.065971], [-120.125659, 35.066184], [-120.125402, 35.066539], [-120.125054, 35.066612], [-120.124751, 35.066825], [-120.124448, 35.067039], [-120.1241, 35.067112], [-120.123797, 35.067325], [-120.123494, 35.067539], [-120.123146, 35.067612], [-120.122798, 35.067685], [-120.122496, 35.067898], [-120.122148, 35.067971], [-120.122064, 35.068289], [-120.121716, 35.068362], [-120.121413, 35.068576], [-120.121065, 35.068649], [-120.120717, 35.068722], [-120.120414, 35.068935], [-120.120066, 35.069008], [-120.119763, 35.069222], [-120.119415, 35.069295], [-120.119113, 35.069508], [-120.11881, 35.069722], [-120.118507, 35.069935], [-120.118423, 35.070253], [-120.118339, 35.070571], [-120.118256, 35.070889], [-120.118346, 35.07117], [-120.118436, 35.071451], [-120.118352, 35.071769], [-120.118443, 35.07205], [-120.118707, 35.072295], [-120.118797, 35.072576], [-120.118887, 35.072857], [-120.118978, 35.073139], [-120.119068, 35.07342], [-120.119158, 35.073701], [-120.119075, 35.074019], [-120.119165, 35.0743], [-120.119081, 35.074618], [-120.118997, 35.074936], [-120.118694, 35.075149], [-120.118611, 35.075467], [-120.118308, 35.075681], [-120.118224, 35.075998], [-120.117966, 35.076353], [-120.118057, 35.076634], [-120.118147, 35.076915], [-120.118237, 35.077196], [-120.118327, 35.077478], [-120.118418, 35.077759], [-120.118682, 35.078004], [-120.118772, 35.078285], [-120.118863, 35.078566], [-120.118953, 35.078847], [-120.118869, 35.079165], [-120.118611, 35.079519], [-120.118354, 35.079874], [-120.118096, 35.080228], [-120.117793, 35.080441], [-120.11749, 35.080655], [-120.117187, 35.080868], [-120.116884, 35.081082], [-120.116581, 35.081296], [-120.116278, 35.081509], [-120.11593, 35.081582], [-120.115672, 35.081936], [-120.11537, 35.08215], [-120.115067, 35.082364], [-120.114983, 35.082681], [-120.11468, 35.082895], [-120.114422, 35.083249], [-120.114164, 35.083603], [-120.113907, 35.083957], [-120.113649, 35.084312], [-120.113565, 35.084629], [-120.113307, 35.084984], [-120.113049, 35.085338], [-120.112837, 35.085833], [-120.112753, 35.08615], [-120.11245, 35.086364], [-120.112366, 35.086682], [-120.111979, 35.087213], [-120.111896, 35.087531], [-120.111638, 35.087885], [-120.111554, 35.088203], [-120.11147, 35.08852], [-120.111212, 35.088874], [-120.111, 35.089369], [-120.110916, 35.089687], [-120.110658, 35.090041], [-120.1104, 35.090395], [-120.110142, 35.09075], [-120.110059, 35.091067], [-120.109801, 35.091421], [-120.109543, 35.091776], [-120.109285, 35.09213], [-120.109201, 35.092448], [-120.108898, 35.092661], [-120.108815, 35.092979], [-120.108512, 35.093192], [-120.108428, 35.09351], [-120.10808, 35.093583], [-120.107822, 35.093937], [-120.107519, 35.094151], [-120.107261, 35.094505], [-120.106958, 35.094718], [-120.106655, 35.094932], [-120.106307, 35.095005], [-120.106004, 35.095218], [-120.105656, 35.095291], [-120.105134, 35.095401], [-120.104785, 35.095474], [-120.104437, 35.095547], [-120.104089, 35.095619], [-120.103696, 35.095552], [-120.103348, 35.095625], [-120.103, 35.095698], [-120.102652, 35.09577], [-120.102349, 35.095984], [-120.102, 35.096057], [-120.101652, 35.09613], [-120.101304, 35.096203], [-120.100956, 35.096276], [-120.100653, 35.096489], [-120.100305, 35.096562], [-120.100002, 35.096776], [-120.099654, 35.096848], [-120.099306, 35.096921], [-120.099003, 35.097135], [-120.0987, 35.097348], [-120.098397, 35.097562], [-120.098093, 35.097775], [-120.09779, 35.097989], [-120.097487, 35.098203], [-120.097184, 35.098416], [-120.096881, 35.09863], [-120.096578, 35.098843], [-120.096275, 35.099057], [-120.095927, 35.09913], [-120.095624, 35.099343], [-120.095276, 35.099416], [-120.094928, 35.099489], [-120.09458, 35.099562], [-120.094186, 35.099494], [-120.093838, 35.099567], [-120.09349, 35.09964], [-120.093142, 35.099713], [-120.092749, 35.099645], [-120.0924, 35.099718], [-120.092007, 35.09965], [-120.091614, 35.099582], [-120.091221, 35.099514], [-120.090956, 35.09927], [-120.090692, 35.099025], [-120.090428, 35.09878], [-120.090164, 35.098535], [-120.089899, 35.09829], [-120.089809, 35.098009], [-120.089545, 35.097764], [-120.089281, 35.097519], [-120.08919, 35.097238], [-120.0891, 35.096957], [-120.088836, 35.096712], [-120.088746, 35.096431], [-120.088307, 35.096222], [-120.088043, 35.095977], [-120.087605, 35.095769], [-120.087341, 35.095524], [-120.086947, 35.095456], [-120.086683, 35.095211], [-120.086419, 35.094967], [-120.086155, 35.094722], [-120.08589, 35.094477], [-120.085626, 35.094232], [-120.085362, 35.093987], [-120.085098, 35.093742], [-120.084833, 35.093497], [-120.084395, 35.093289], [-120.084131, 35.093044], [-120.083693, 35.092836], [-120.083299, 35.092768], [-120.082861, 35.09256], [-120.082597, 35.092315], [-120.082204, 35.092247], [-120.08181, 35.092179], [-120.081372, 35.091971], [-120.080979, 35.091903], [-120.080412, 35.091871], [-120.079973, 35.091663], [-120.079451, 35.091772], [-120.079058, 35.091704], [-120.07871, 35.091777], [-120.078317, 35.09171], [-120.077969, 35.091782], [-120.07762, 35.091855], [-120.077272, 35.091928], [-120.076969, 35.092141], [-120.076621, 35.092214], [-120.076363, 35.092568], [-120.07606, 35.092782], [-120.075802, 35.093136], [-120.075544, 35.09349], [-120.075241, 35.093704], [-120.075157, 35.094021], [-120.074899, 35.094375], [-120.074596, 35.094589], [-120.074338, 35.094943], [-120.07408, 35.095297], [-120.073996, 35.095615], [-120.073738, 35.095969], [-120.07348, 35.096323], [-120.073222, 35.096677], [-120.072964, 35.097031], [-120.072661, 35.097245], [-120.072313, 35.097317], [-120.071964, 35.09739], [-120.071616, 35.097463], [-120.071268, 35.097536], [-120.07092, 35.097609], [-120.070527, 35.097541], [-120.070133, 35.097473], [-120.069785, 35.097546], [-120.069437, 35.097619], [-120.069044, 35.097551], [-120.068651, 35.097483], [-120.068083, 35.097452], [-120.06769, 35.097384], [-120.067297, 35.097316], [-120.066949, 35.097389], [-120.066555, 35.097321], [-120.066162, 35.097253], [-120.065595, 35.097222], [-120.065157, 35.097013], [-120.064763, 35.096945], [-120.06437, 35.096877], [-120.063977, 35.096809], [-120.063584, 35.096742], [-120.063016, 35.09671], [-120.062623, 35.096642], [-120.06223, 35.096574], [-120.061966, 35.09633], [-120.061702, 35.096085], [-120.061263, 35.095876], [-120.06087, 35.095808], [-120.060303, 35.095777], [-120.059865, 35.095568], [-120.059517, 35.095641], [-120.059123, 35.095573], [-120.058775, 35.095646], [-120.058382, 35.095578], [-120.058034, 35.095651], [-120.057641, 35.095583], [-120.057292, 35.095656], [-120.056899, 35.095588], [-120.056506, 35.09552], [-120.056113, 35.095452], [-120.055765, 35.095525], [-120.055371, 35.095457], [-120.054978, 35.095389], [-120.05463, 35.095462], [-120.054237, 35.095394], [-120.05367, 35.095362], [-120.052928, 35.095367], [-120.052361, 35.095336], [-120.051794, 35.095304], [-120.0514, 35.095236], [-120.050833, 35.095205], [-120.050485, 35.095278], [-120.050092, 35.09521], [-120.049654, 35.095001], [-120.04926, 35.094933], [-120.048867, 35.094865], [-120.048603, 35.09462], [-120.04821, 35.094552], [-120.047772, 35.094344], [-120.047378, 35.094276], [-120.04694, 35.094067], [-120.046547, 35.094], [-120.046283, 35.093755], [-120.04589, 35.093687], [-120.045626, 35.093442], [-120.045232, 35.093374], [-120.044968, 35.093129], [-120.044575, 35.093061], [-120.044182, 35.092993], [-120.043918, 35.092748], [-120.043654, 35.092503], [-120.043261, 35.092435], [-120.042996, 35.09219], [-120.042558, 35.091982], [-120.04212, 35.091773], [-120.041682, 35.091565], [-120.041418, 35.09132], [-120.041025, 35.091252], [-120.040761, 35.091007], [-120.040322, 35.090798], [-120.039884, 35.09059], [-120.03962, 35.090345], [-120.039182, 35.090136], [-120.038744, 35.089927], [-120.03848, 35.089682], [-120.038216, 35.089437], [-120.037778, 35.089229], [-120.037339, 35.08902], [-120.036901, 35.088812], [-120.036637, 35.088567], [-120.036199, 35.088358], [-120.035761, 35.088149], [-120.035497, 35.087905], [-120.035059, 35.087696], [-120.034795, 35.087451], [-120.034357, 35.087242], [-120.033918, 35.087034], [-120.03348, 35.086825], [-120.032868, 35.086653], [-120.03243, 35.086444], [-120.032037, 35.086376], [-120.031644, 35.086308], [-120.031251, 35.08624], [-120.030812, 35.086032], [-120.030374, 35.085823], [-120.030026, 35.085896], [-120.029588, 35.085687], [-120.029195, 35.085619], [-120.028802, 35.085551], [-120.028364, 35.085343], [-120.027796, 35.085311], [-120.027229, 35.085279], [-120.026791, 35.085071], [-120.026398, 35.085003], [-120.026005, 35.084935], [-120.025612, 35.084867], [-120.025219, 35.084799], [-120.024826, 35.084731], [-120.024387, 35.084522], [-120.023994, 35.084454], [-120.023601, 35.084386], [-120.023208, 35.084318], [-120.02277, 35.084109], [-120.022377, 35.084041], [-120.021939, 35.083833], [-120.021501, 35.083624], [-120.021153, 35.083697], [-120.020715, 35.083488], [-120.020366, 35.083561], [-120.019973, 35.083493], [-120.01958, 35.083425], [-120.019142, 35.083216], [-120.018749, 35.083148], [-120.018182, 35.083116], [-120.017789, 35.083048], [-120.017396, 35.08298], [-120.016828, 35.082949], [-120.01639, 35.08274], [-120.015997, 35.082672], [-120.015604, 35.082604], [-120.015211, 35.082536], [-120.014947, 35.082291], [-120.014464, 35.081942], [-120.014026, 35.081733], [-120.013762, 35.081488], [-120.013369, 35.08142], [-120.013279, 35.081138], [-120.013015, 35.080893], [-120.012622, 35.080825], [-120.012532, 35.080544], [-120.012139, 35.080476], [-120.011875, 35.080231], [-120.011482, 35.080163], [-120.011218, 35.079918], [-120.010825, 35.07985], [-120.010561, 35.079605], [-120.010168, 35.079537], [-120.00973, 35.079328], [-120.009337, 35.07926], [-120.008899, 35.079051], [-120.008461, 35.078843], [-120.008197, 35.078598], [-120.007585, 35.078425], [-120.007147, 35.078217], [-120.006883, 35.077972], [-120.006445, 35.077763], [-120.006181, 35.077518], [-120.005743, 35.077309], [-120.005479, 35.077064], [-120.005086, 35.076996], [-120.004822, 35.076751], [-120.004732, 35.07647], [-120.004468, 35.076225], [-120.004075, 35.076157], [-120.003985, 35.075875], [-120.003547, 35.075666], [-120.003283, 35.075421], [-120.002845, 35.075213], [-120.002452, 35.075145], [-120.002188, 35.0749], [-120.001795, 35.074832], [-120.001531, 35.074586], [-120.001138, 35.074518], [-120.0007, 35.07431], [-120.000263, 35.074101], [-119.999869, 35.074033], [-119.999606, 35.073788], [-119.999213, 35.07372], [-119.998819, 35.073652], [-119.998426, 35.073584], [-119.998033, 35.073516], [-119.99777, 35.07327], [-119.997506, 35.073025], [-119.997113, 35.072957], [-119.996849, 35.072712], [-119.996585, 35.072467], [-119.996192, 35.072399], [-119.995928, 35.072154], [-119.995535, 35.072086], [-119.995271, 35.071841], [-119.995181, 35.07156], [-119.994788, 35.071491], [-119.994524, 35.071246], [-119.99426, 35.071001], [-119.993867, 35.070933], [-119.993429, 35.070725], [-119.993036, 35.070656], [-119.992773, 35.070411], [-119.99238, 35.070343], [-119.991723, 35.07003], [-119.99133, 35.069962], [-119.990892, 35.069753], [-119.990499, 35.069685], [-119.990235, 35.06944], [-119.989842, 35.069372], [-119.989578, 35.069127], [-119.989185, 35.069059], [-119.988921, 35.068814], [-119.988528, 35.068746], [-119.98809, 35.068537], [-119.987478, 35.068364], [-119.98704, 35.068155], [-119.986603, 35.067947], [-119.98621, 35.067879], [-119.985817, 35.06781], [-119.985424, 35.067742], [-119.984812, 35.06757], [-119.984374, 35.067361], [-119.983762, 35.067188], [-119.983195, 35.067157], [-119.982757, 35.066948], [-119.982364, 35.06688], [-119.981752, 35.066707], [-119.981359, 35.066639], [-119.980966, 35.066571], [-119.980528, 35.066362], [-119.98009, 35.066153], [-119.979697, 35.066085], [-119.979259, 35.065876], [-119.978866, 35.065808], [-119.978428, 35.065599], [-119.978165, 35.065354], [-119.977772, 35.065286], [-119.977508, 35.065041], [-119.977115, 35.064973], [-119.976677, 35.064764], [-119.976239, 35.064555], [-119.975801, 35.064346], [-119.975319, 35.063997], [-119.974881, 35.063788], [-119.974617, 35.063543], [-119.974353, 35.063298], [-119.97409, 35.063053], [-119.974, 35.062771], [-119.973607, 35.062703], [-119.973343, 35.062458], [-119.973079, 35.062213], [-119.972641, 35.062004], [-119.972378, 35.061759], [-119.971985, 35.061691], [-119.971547, 35.061482], [-119.971109, 35.061273], [-119.970716, 35.061205], [-119.970278, 35.060996], [-119.969885, 35.060928], [-119.969492, 35.06086], [-119.969055, 35.060651], [-119.968662, 35.060583], [-119.968269, 35.060514], [-119.967831, 35.060306], [-119.967483, 35.060378], [-119.967045, 35.060169], [-119.966652, 35.060101], [-119.966304, 35.060174], [-119.965866, 35.059965], [-119.965518, 35.060037], [-119.965125, 35.059969], [-119.964777, 35.060041], [-119.964384, 35.059973], [-119.963991, 35.059905], [-119.963643, 35.059978], [-119.96325, 35.059909], [-119.962857, 35.059841], [-119.962509, 35.059914], [-119.962116, 35.059845], [-119.961768, 35.059918], [-119.96142, 35.05999], [-119.961072, 35.060063], [-119.960724, 35.060135], [-119.960376, 35.060208], [-119.960028, 35.06028], [-119.959679, 35.060353], [-119.959331, 35.060425], [-119.958983, 35.060498], [-119.958635, 35.06057], [-119.958113, 35.060679], [-119.957591, 35.060788], [-119.957243, 35.06086], [-119.956895, 35.060933], [-119.956372, 35.061041], [-119.956024, 35.061114], [-119.955676, 35.061186], [-119.955109, 35.061154], [-119.954761, 35.061227], [-119.954413, 35.061299], [-119.954065, 35.061372], [-119.953672, 35.061304], [-119.953324, 35.061376], [-119.952931, 35.061308], [-119.952667, 35.061063], [-119.952319, 35.061135], [-119.951707, 35.060962], [-119.951314, 35.060894], [-119.950747, 35.060862], [-119.95031, 35.060653], [-119.949743, 35.060621], [-119.94935, 35.060553], [-119.948912, 35.060344], [-119.948519, 35.060276], [-119.947952, 35.060244], [-119.94734, 35.060071], [-119.946599, 35.060075], [-119.946032, 35.060043], [-119.945465, 35.060011], [-119.944943, 35.06012], [-119.94455, 35.060052], [-119.944202, 35.060124], [-119.943809, 35.060056], [-119.943242, 35.060024], [-119.942894, 35.060096], [-119.942546, 35.060169], [-119.942198, 35.060241], [-119.941631, 35.060209], [-119.941283, 35.060281], [-119.94089, 35.060213], [-119.940542, 35.060286], [-119.940194, 35.060358], [-119.939845, 35.06043], [-119.939497, 35.060503], [-119.939149, 35.060575], [-119.938756, 35.060507], [-119.938363, 35.060439], [-119.93797, 35.06037], [-119.937577, 35.060302], [-119.937185, 35.060234], [-119.936662, 35.060343], [-119.936269, 35.060274], [-119.935921, 35.060347], [-119.935354, 35.060315], [-119.935006, 35.060387], [-119.934658, 35.060459], [-119.934136, 35.060568], [-119.933395, 35.060572], [-119.933047, 35.060645], [-119.932699, 35.060717], [-119.93235, 35.060789], [-119.931828, 35.060898], [-119.931306, 35.061007], [-119.930784, 35.061115], [-119.930436, 35.061188], [-119.930088, 35.06126], [-119.929565, 35.061369], [-119.929217, 35.061441], [-119.92878, 35.061232], [-119.928387, 35.061164], [-119.928123, 35.060918], [-119.927685, 35.060709], [-119.927248, 35.0605], [-119.926855, 35.060432], [-119.926591, 35.060187], [-119.926327, 35.059942], [-119.925935, 35.059873], [-119.925671, 35.059628], [-119.925233, 35.059419], [-119.924796, 35.05921], [-119.924358, 35.059001], [-119.92392, 35.058792], [-119.923483, 35.058583], [-119.923219, 35.058338], [-119.922781, 35.058129], [-119.922518, 35.057883], [-119.922125, 35.057815], [-119.921687, 35.057606], [-119.92125, 35.057397], [-119.920812, 35.057188], [-119.920374, 35.056979], [-119.919937, 35.05677], [-119.919544, 35.056702], [-119.91928, 35.056456], [-119.918842, 35.056247], [-119.918579, 35.056002], [-119.918186, 35.055934], [-119.917922, 35.055688], [-119.917659, 35.055443], [-119.917221, 35.055234], [-119.916958, 35.054989], [-119.916565, 35.054921], [-119.916301, 35.054675], [-119.916038, 35.05443], [-119.9156, 35.054221], [-119.915162, 35.054012], [-119.914899, 35.053767], [-119.914506, 35.053698], [-119.914242, 35.053453], [-119.913805, 35.053244], [-119.913541, 35.052999], [-119.913148, 35.05293], [-119.912885, 35.052685], [-119.912447, 35.052476], [-119.912054, 35.052408], [-119.911791, 35.052163], [-119.911443, 35.052235], [-119.911005, 35.052026], [-119.910612, 35.051957], [-119.910175, 35.051748], [-119.909782, 35.05168], [-119.909344, 35.051471], [-119.908951, 35.051403], [-119.908514, 35.051193], [-119.908121, 35.051125], [-119.907683, 35.050916], [-119.907246, 35.050707], [-119.906982, 35.050462], [-119.90659, 35.050393], [-119.906326, 35.050148], [-119.905933, 35.05008], [-119.90567, 35.049834], [-119.90374, 35.048435], [-119.903348, 35.048367], [-119.902955, 35.048298], [-119.902865, 35.048017], [-119.902602, 35.047772], [-119.902338, 35.047526], [-119.902075, 35.047281], [-119.901811, 35.047036], [-119.901548, 35.04679], [-119.90111, 35.046581], [-119.900847, 35.046336], [-119.900409, 35.046127], [-119.900146, 35.045882], [-119.899882, 35.045636], [-119.899445, 35.045427], [-119.899007, 35.045218], [-119.898744, 35.044973], [-119.898351, 35.044904], [-119.898088, 35.044659], [-119.897695, 35.044591], [-119.897431, 35.044345], [-119.897083, 35.044418], [-119.89682, 35.044172], [-119.896556, 35.043927], [-119.896163, 35.043859], [-119.895726, 35.04365], [-119.895288, 35.04344], [-119.894896, 35.043372], [-119.894503, 35.043304], [-119.894065, 35.043094], [-119.893673, 35.043026], [-119.89328, 35.042958], [-119.892887, 35.042889], [-119.892494, 35.042821], [-119.892101, 35.042752], [-119.891709, 35.042684], [-119.891361, 35.042756], [-119.890968, 35.042688], [-119.89062, 35.04276], [-119.890227, 35.042692], [-119.889879, 35.042764], [-119.889486, 35.042695], [-119.889138, 35.042768], [-119.888745, 35.042699], [-119.888178, 35.042667], [-119.88783, 35.042739], [-119.887482, 35.042811], [-119.887089, 35.042743], [-119.886741, 35.042815], [-119.886393, 35.042888], [-119.886, 35.042819], [-119.885652, 35.042891], [-119.885259, 35.042823], [-119.884867, 35.042754], [-119.884474, 35.042686], [-119.884081, 35.042618], [-119.883688, 35.042549], [-119.88334, 35.042621], [-119.882947, 35.042553], [-119.882555, 35.042484], [-119.882162, 35.042416], [-119.881769, 35.042347], [-119.881202, 35.042315], [-119.880635, 35.042283], [-119.880287, 35.042355], [-119.879721, 35.042323], [-119.879328, 35.042254], [-119.878935, 35.042186], [-119.878542, 35.042117], [-119.878149, 35.042049], [-119.877757, 35.04198], [-119.877145, 35.041807], [-119.876752, 35.041739], [-119.87636, 35.04167], [-119.875922, 35.041461], [-119.875529, 35.041393], [-119.875137, 35.041324], [-119.874744, 35.041256], [-119.874351, 35.041187], [-119.873958, 35.041119], [-119.873566, 35.04105], [-119.873128, 35.040841], [-119.872735, 35.040772], [-119.872298, 35.040563], [-119.872209, 35.040282], [-119.871816, 35.040213], [-119.871553, 35.039968], [-119.87116, 35.039899], [-119.870722, 35.03969], [-119.87033, 35.039622], [-119.870066, 35.039376], [-119.869499, 35.039344], [-119.868103, 35.039034], [-119.86771, 35.038965], [-119.867317, 35.038897], [-119.866924, 35.038828], [-119.866094, 35.03855], [-119.865701, 35.038482], [-119.864871, 35.038204], [-119.864434, 35.037995], [-119.864041, 35.037926], [-119.863604, 35.037717], [-119.863211, 35.037648], [-119.862818, 35.03758], [-119.862555, 35.037335], [-119.862162, 35.037266], [-119.861725, 35.037057], [-119.861332, 35.036988], [-119.860895, 35.036779], [-119.860502, 35.03671], [-119.860109, 35.036642], [-119.859717, 35.036573], [-119.859324, 35.036505], [-119.858931, 35.036436], [-119.858538, 35.036368], [-119.858146, 35.036299], [-119.857753, 35.036231], [-119.85749, 35.035985], [-119.857097, 35.035917], [-119.85666, 35.035707], [-119.856222, 35.035498], [-119.855785, 35.035289], [-119.855347, 35.03508], [-119.85491, 35.03487], [-119.854647, 35.034625], [-119.854254, 35.034556], [-119.853817, 35.034347], [-119.853553, 35.034102], [-119.85329, 35.033856], [-119.852853, 35.033647], [-119.85259, 35.033402], [-119.852326, 35.033156], [-119.851889, 35.032947], [-119.851626, 35.032701], [-119.851362, 35.032456], [-119.851099, 35.032211], [-119.850836, 35.031965], [-119.850573, 35.03172], [-119.850309, 35.031475], [-119.850046, 35.031229], [-119.849783, 35.030984], [-119.849519, 35.030738], [-119.849256, 35.030493], [-119.848993, 35.030248], [-119.84873, 35.030002], [-119.84864, 35.029721], [-119.848248, 35.029652], [-119.848158, 35.029371], [-119.847766, 35.029302], [-119.847503, 35.029057], [-119.847239, 35.028811], [-119.846976, 35.028566], [-119.846713, 35.02832], [-119.84645, 35.028075], [-119.846186, 35.02783], [-119.846097, 35.027548], [-119.845834, 35.027303], [-119.845571, 35.027057], [-119.845481, 35.026776], [-119.845218, 35.02653], [-119.84491, 35.026144], [-119.844647, 35.025899], [-119.844558, 35.025617], [-119.844295, 35.025372], [-119.844205, 35.025091], [-119.843768, 35.024881], [-119.843679, 35.0246], [-119.843416, 35.024354], [-119.843152, 35.024109], [-119.842889, 35.023863], [-119.842626, 35.023618], [-119.842537, 35.023337], [-119.842274, 35.023091], [-119.84201, 35.022846], [-119.841747, 35.0226], [-119.841484, 35.022355], [-119.841221, 35.02211], [-119.841132, 35.021828], [-119.840868, 35.021583], [-119.840605, 35.021337], [-119.840342, 35.021092], [-119.840079, 35.020846], [-119.839815, 35.020601], [-119.839552, 35.020356], [-119.839289, 35.02011], [-119.839026, 35.019865], [-119.838718, 35.019479], [-119.838455, 35.019233], [-119.838192, 35.018988], [-119.837929, 35.018742], [-119.837665, 35.018497], [-119.837402, 35.018251], [-119.837139, 35.018006], [-119.836876, 35.017761], [-119.836613, 35.017515], [-119.836523, 35.017234], [-119.83626, 35.016988], [-119.835997, 35.016743], [-119.835908, 35.016461], [-119.835645, 35.016216], [-119.835208, 35.016006], [-119.834944, 35.015761], [-119.834681, 35.015516], [-119.834418, 35.01527], [-119.834155, 35.015025], [-119.833892, 35.014779], [-119.833454, 35.01457], [-119.833191, 35.014325], [-119.832928, 35.014079], [-119.832665, 35.013834], [-119.832402, 35.013588], [-119.832009, 35.01352], [-119.831746, 35.013274], [-119.831309, 35.013065], [-119.83122, 35.012783], [-119.830957, 35.012538], [-119.830694, 35.012292], [-119.83043, 35.012047], [-119.830167, 35.011801], [-119.830078, 35.01152], [-119.829815, 35.011275], [-119.829726, 35.010993], [-119.829463, 35.010748], [-119.8292, 35.010502], [-119.828936, 35.010257], [-119.828673, 35.010011], [-119.82841, 35.009766], [-119.828147, 35.00952], [-119.827884, 35.009275], [-119.827621, 35.009029], [-119.827358, 35.008784], [-119.827094, 35.008539], [-119.826702, 35.00847], [-119.826439, 35.008224], [-119.826176, 35.007979], [-119.825783, 35.00791], [-119.825391, 35.007842], [-119.824998, 35.007773], [-119.824561, 35.007564], [-119.824168, 35.007495], [-119.823776, 35.007426], [-119.823513, 35.007181], [-119.823165, 35.007253], [-119.822728, 35.007044], [-119.822335, 35.006975], [-119.821943, 35.006906], [-119.82155, 35.006838], [-119.821157, 35.006769], [-119.820765, 35.0067], [-119.820328, 35.006491], [-119.819935, 35.006422], [-119.819543, 35.006353], [-119.81915, 35.006285], [-119.818758, 35.006216], [-119.818365, 35.006147], [-119.817973, 35.006079], [-119.81758, 35.00601], [-119.817188, 35.005941], [-119.81684, 35.006013], [-119.816447, 35.005945], [-119.816054, 35.005876], [-119.815488, 35.005843], [-119.81514, 35.005915], [-119.814747, 35.005847], [-119.814399, 35.005919], [-119.814007, 35.00585], [-119.81344, 35.005817], [-119.813092, 35.005889], [-119.812744, 35.005961], [-119.812178, 35.005929], [-119.811611, 35.005896], [-119.811263, 35.005968], [-119.810871, 35.005899], [-119.810523, 35.005971], [-119.809956, 35.005939], [-119.809608, 35.006011], [-119.809216, 35.005942], [-119.808868, 35.006014], [-119.80852, 35.006086], [-119.808127, 35.006018], [-119.807779, 35.00609], [-119.807431, 35.006162], [-119.807083, 35.006234], [-119.806517, 35.006201], [-119.806169, 35.006273], [-119.805821, 35.006345], [-119.805428, 35.006276], [-119.80508, 35.006348], [-119.804732, 35.00642], [-119.80434, 35.006352], [-119.803947, 35.006283], [-119.803555, 35.006214], [-119.803207, 35.006286], [-119.802814, 35.006217], [-119.802466, 35.006289], [-119.802029, 35.00608], [-119.801637, 35.006011], [-119.801199, 35.005802], [-119.800807, 35.005733], [-119.800544, 35.005487], [-119.800151, 35.005419], [-119.799888, 35.005173], [-119.799496, 35.005104], [-119.799233, 35.004859], [-119.79897, 35.004613], [-119.798577, 35.004545], [-119.798314, 35.004299], [-119.798051, 35.004054], [-119.797614, 35.003844], [-119.797177, 35.003635], [-119.796914, 35.003389], [-119.796651, 35.003144], [-119.796214, 35.002934], [-119.795951, 35.002689], [-119.795688, 35.002443], [-119.795425, 35.002198], [-119.795162, 35.001952], [-119.794899, 35.001706], [-119.794636, 35.001461], [-119.793455, 35.000656], [-119.793366, 35.000374], [-119.793103, 35.000129], [-119.79284, 34.999883], [-119.792577, 34.999637], [-119.792488, 34.999356], [-119.792225, 34.99911], [-119.791962, 34.998865], [-119.791699, 34.998619], [-119.791436, 34.998374], [-119.791173, 34.998128], [-119.79091, 34.997883], [-119.790647, 34.997637], [-119.790558, 34.997356], [-119.790295, 34.99711], [-119.790032, 34.996865], [-119.789769, 34.996619], [-119.789506, 34.996374], [-119.789243, 34.996128], [-119.78898, 34.995882], [-119.788543, 34.995673], [-119.78828, 34.995427], [-119.788191, 34.995146], [-119.787928, 34.9949], [-119.787492, 34.994691], [-119.787229, 34.994445], [-119.786966, 34.9942], [-119.786529, 34.99399], [-119.786266, 34.993745], [-119.785873, 34.993676], [-119.78561, 34.99343], [-119.785173, 34.993221], [-119.784781, 34.993152], [-119.784518, 34.992906], [-119.784126, 34.992838], [-119.783733, 34.992769], [-119.783341, 34.9927], [-119.78273, 34.992526], [-119.782163, 34.992494], [-119.781771, 34.992425], [-119.781423, 34.992497], [-119.781031, 34.992428], [-119.780638, 34.992359], [-119.780072, 34.992326], [-119.779679, 34.992257], [-119.779287, 34.992189], [-119.778895, 34.99212], [-119.778502, 34.992051], [-119.77811, 34.991982], [-119.777588, 34.99209], [-119.777195, 34.992021], [-119.776629, 34.991988], [-119.776236, 34.99192], [-119.77567, 34.991887], [-119.775322, 34.991959], [-119.77493, 34.99189], [-119.774537, 34.991821], [-119.774145, 34.991752], [-119.773752, 34.991683], [-119.77336, 34.991615], [-119.773097, 34.991369], [-119.772749, 34.991441], [-119.772357, 34.991372], [-119.77192, 34.991162], [-119.771527, 34.991094], [-119.771135, 34.991025], [-119.770743, 34.990956], [-119.77035, 34.990887], [-119.769958, 34.990818], [-119.769565, 34.990749], [-119.769173, 34.990681], [-119.768781, 34.990612], [-119.768388, 34.990543], [-119.767951, 34.990333], [-119.767603, 34.990405], [-119.767166, 34.990195], [-119.766774, 34.990127], [-119.766382, 34.990058], [-119.765989, 34.989989], [-119.765597, 34.98992], [-119.76516, 34.98971], [-119.764768, 34.989642], [-119.764375, 34.989573], [-119.763983, 34.989504], [-119.76359, 34.989435], [-119.763198, 34.989366], [-119.762761, 34.989156], [-119.762369, 34.989088], [-119.761976, 34.989019], [-119.761365, 34.988845], [-119.760755, 34.988671], [-119.760362, 34.988602], [-119.759925, 34.988393], [-119.759663, 34.988147], [-119.75927, 34.988078], [-119.758833, 34.987869], [-119.758397, 34.987659], [-119.75796, 34.987449], [-119.757567, 34.98738], [-119.757305, 34.987135], [-119.757042, 34.986889], [-119.756605, 34.98668], [-119.756168, 34.98647], [-119.755731, 34.98626], [-119.755295, 34.98605], [-119.754858, 34.985841], [-119.754595, 34.985595], [-119.754332, 34.98535], [-119.75394, 34.985281], [-119.753633, 34.984894], [-119.753196, 34.984685], [-119.752933, 34.984439], [-119.75267, 34.984193], [-119.752407, 34.983948], [-119.752145, 34.983702], [-119.751882, 34.983456], [-119.751619, 34.983211], [-119.751356, 34.982965], [-119.751093, 34.98272], [-119.750831, 34.982474], [-119.750568, 34.982228], [-119.750305, 34.981983], [-119.749868, 34.981773], [-119.749605, 34.981527], [-119.749169, 34.981318], [-119.748906, 34.981072], [-119.748514, 34.981003], [-119.748077, 34.980793], [-119.74764, 34.980584], [-119.747377, 34.980338], [-119.746941, 34.980128], [-119.746504, 34.979919], [-119.745849, 34.979604], [-119.745456, 34.979535], [-119.74502, 34.979325], [-119.744583, 34.979116], [-119.744146, 34.978906], [-119.743754, 34.978837], [-119.743491, 34.978591], [-119.743099, 34.978523], [-119.742533, 34.97849], [-119.74214, 34.978421], [-119.741748, 34.978352], [-119.741182, 34.978319], [-119.740789, 34.97825], [-119.740223, 34.978217], [-119.739657, 34.978184], [-119.73909, 34.978151], [-119.738132, 34.978049], [-119.737565, 34.978016], [-119.737044, 34.978123], [-119.736696, 34.978195], [-119.736303, 34.978126], [-119.735781, 34.978234], [-119.735389, 34.978165], [-119.734519, 34.978345], [-119.733779, 34.978347], [-119.733083, 34.978491], [-119.732735, 34.978563], [-119.732387, 34.978635], [-119.732039, 34.978706], [-119.731603, 34.978497], [-119.731255, 34.978569], [-119.730862, 34.9785], [-119.73047, 34.978431], [-119.729904, 34.978398], [-119.729337, 34.978364], [-119.728945, 34.978295], [-119.728553, 34.978226], [-119.72816, 34.978157], [-119.727768, 34.978088], [-119.727376, 34.97802], [-119.726984, 34.977951], [-119.726591, 34.977882], [-119.726199, 34.977813], [-119.725807, 34.977744], [-119.725544, 34.977498], [-119.725196, 34.97757], [-119.724804, 34.977501], [-119.724193, 34.977327], [-119.723801, 34.977258], [-119.723408, 34.977189], [-119.723016, 34.97712], [-119.722624, 34.977051], [-119.722231, 34.976982], [-119.721839, 34.976913], [-119.721447, 34.976844], [-119.721055, 34.976775], [-119.720662, 34.976706], [-119.720314, 34.976777], [-119.719922, 34.976708], [-119.71953, 34.976639], [-119.719137, 34.97657], [-119.718616, 34.976678], [-119.718223, 34.976609], [-119.717831, 34.97654], [-119.717439, 34.976471], [-119.717091, 34.976543], [-119.716524, 34.97651], [-119.716132, 34.976441], [-119.715784, 34.976512], [-119.715392, 34.976443], [-119.715044, 34.976515], [-119.714652, 34.976446], [-119.714304, 34.976518], [-119.713911, 34.976449], [-119.713563, 34.976521], [-119.713215, 34.976592], [-119.712868, 34.976664], [-119.712475, 34.976595], [-119.712127, 34.976667], [-119.711735, 34.976598], [-119.711213, 34.976705], [-119.710647, 34.976672], [-119.710254, 34.976603], [-119.709907, 34.976675], [-119.709559, 34.976747], [-119.709166, 34.976678], [-119.708818, 34.976749], [-119.708426, 34.97668], [-119.708078, 34.976752], [-119.707686, 34.976683], [-119.707294, 34.976614], [-119.706946, 34.976686], [-119.706598, 34.976758], [-119.70625, 34.976829], [-119.705946, 34.977042], [-119.705598, 34.977114], [-119.705294, 34.977326], [-119.704991, 34.977539], [-119.704687, 34.977751], [-119.704339, 34.977823], [-119.704035, 34.978035], [-119.703558, 34.978284], [-119.70321, 34.978356], [-119.702862, 34.978427], [-119.702514, 34.978499], [-119.702122, 34.97843], [-119.701774, 34.978502], [-119.701252, 34.978609], [-119.70073, 34.978717], [-119.699989, 34.978719], [-119.699249, 34.978722], [-119.698857, 34.978653], [-119.698509, 34.978725], [-119.698117, 34.978656], [-119.697724, 34.978587], [-119.697376, 34.978658], [-119.696462, 34.978697], [-119.69594, 34.978804], [-119.695592, 34.978876], [-119.695244, 34.978948], [-119.694852, 34.978879], [-119.694504, 34.97895], [-119.693982, 34.979058], [-119.693634, 34.97913], [-119.693197, 34.97892], [-119.692849, 34.978991], [-119.692501, 34.979063], [-119.692109, 34.978994], [-119.691717, 34.978925], [-119.691369, 34.978997], [-119.690977, 34.978927], [-119.690629, 34.978999], [-119.690236, 34.97893], [-119.689844, 34.978861], [-119.689496, 34.978933], [-119.689104, 34.978864], [-119.688756, 34.978935], [-119.688363, 34.978866], [-119.688015, 34.978938], [-119.687667, 34.979009], [-119.687275, 34.97894], [-119.686927, 34.979012], [-119.686579, 34.979084], [-119.686187, 34.979015], [-119.685795, 34.978945], [-119.685447, 34.979017], [-119.685099, 34.979089], [-119.684751, 34.97916], [-119.684358, 34.979091], [-119.68401, 34.979163], [-119.683618, 34.979094], [-119.68327, 34.979166], [-119.682878, 34.979096], [-119.682486, 34.979027], [-119.682138, 34.979099], [-119.681745, 34.97903], [-119.681397, 34.979101], [-119.681049, 34.979173], [-119.680657, 34.979104], [-119.680309, 34.979176], [-119.679961, 34.979247], [-119.679613, 34.979319], [-119.679221, 34.97925], [-119.678873, 34.979321], [-119.678481, 34.979252], [-119.678088, 34.979183], [-119.67774, 34.979255], [-119.677348, 34.979186], [-119.677, 34.979257], [-119.676608, 34.979188], [-119.67626, 34.97926], [-119.675867, 34.979191], [-119.675519, 34.979262], [-119.675127, 34.979193], [-119.674735, 34.979124], [-119.674387, 34.979196], [-119.673995, 34.979126], [-119.673647, 34.979198], [-119.673254, 34.979129], [-119.672862, 34.97906], [-119.67247, 34.978991], [-119.672122, 34.979062], [-119.67173, 34.978993], [-119.671337, 34.978924], [-119.670945, 34.978855], [-119.670682, 34.978609], [-119.67029, 34.97854], [-119.669898, 34.978471], [-119.669506, 34.978401], [-119.669113, 34.978332], [-119.668721, 34.978263], [-119.668329, 34.978194], [-119.667937, 34.978125], [-119.66737, 34.978091], [-119.666978, 34.978022], [-119.666586, 34.977953], [-119.666194, 34.977884], [-119.665801, 34.977814], [-119.665409, 34.977745], [-119.665017, 34.977676], [-119.664625, 34.977607], [-119.664232, 34.977538], [-119.66384, 34.977468], [-119.663492, 34.97754], [-119.662926, 34.977507], [-119.662534, 34.977438], [-119.662186, 34.977509], [-119.661619, 34.977476], [-119.658959, 34.976674], [-119.658567, 34.976605], [-119.658219, 34.976676], [-119.657782, 34.976466], [-119.65739, 34.976397], [-119.656998, 34.976328], [-119.656735, 34.976082], [-119.656343, 34.976013], [-119.655951, 34.975943], [-119.655559, 34.975874], [-119.655167, 34.975805], [-119.65473, 34.975595], [-119.654338, 34.975526], [-119.653946, 34.975456], [-119.653509, 34.975246], [-119.653117, 34.975177], [-119.652725, 34.975108], [-119.652332, 34.975039], [-119.65194, 34.974969], [-119.651504, 34.974759], [-119.651112, 34.97469], [-119.650719, 34.974621], [-119.650457, 34.974375], [-119.650065, 34.974306], [-119.649802, 34.97406], [-119.64941, 34.973991], [-119.649148, 34.973745], [-119.648755, 34.973676], [-119.648363, 34.973606], [-119.647927, 34.973396], [-119.647534, 34.973327], [-119.647142, 34.973258], [-119.64688, 34.973012], [-119.646532, 34.973083], [-119.64614, 34.973014], [-119.645747, 34.972945], [-119.645485, 34.972699], [-119.645093, 34.97263], [-119.644701, 34.97256], [-119.644438, 34.972315], [-119.644002, 34.972105], [-119.64361, 34.972035], [-119.643173, 34.971825], [-119.642781, 34.971756], [-119.642389, 34.971687], [-119.641997, 34.971617], [-119.64156, 34.971407], [-119.640994, 34.971374], [-119.640602, 34.971304], [-119.64021, 34.971235], [-119.639773, 34.971025], [-119.639381, 34.970956], [-119.638989, 34.970887], [-119.638552, 34.970676], [-119.63816, 34.970607], [-119.637768, 34.970538], [-119.637332, 34.970328], [-119.636939, 34.970258], [-119.636547, 34.970189], [-119.636155, 34.97012], [-119.635763, 34.970051], [-119.635371, 34.969981], [-119.634804, 34.969948], [-119.634542, 34.969702], [-119.633976, 34.969668], [-119.633584, 34.969599], [-119.633236, 34.969671], [-119.632844, 34.969601], [-119.632407, 34.969391], [-119.632015, 34.969322], [-119.631623, 34.969252], [-119.63136, 34.969007], [-119.630968, 34.968937], [-119.630576, 34.968868], [-119.630184, 34.968799], [-119.629748, 34.968588], [-119.629355, 34.968519], [-119.628745, 34.968345], [-119.628309, 34.968135], [-119.627916, 34.968065], [-119.62748, 34.967855], [-119.627088, 34.967786], [-119.626652, 34.967576], [-119.626259, 34.967506], [-119.625867, 34.967437], [-119.625475, 34.967368], [-119.625039, 34.967158], [-119.624647, 34.967088], [-119.624384, 34.966842], [-119.624036, 34.966914], [-119.6236, 34.966704], [-119.623252, 34.966775], [-119.622816, 34.966565], [-119.622424, 34.966496], [-119.622031, 34.966426], [-119.621769, 34.96618], [-119.621377, 34.966111], [-119.620985, 34.966042], [-119.620548, 34.965831], [-119.620156, 34.965762], [-119.619764, 34.965693], [-119.619328, 34.965483], [-119.61898, 34.965554], [-119.618588, 34.965485], [-119.618151, 34.965275], [-119.617803, 34.965346], [-119.617367, 34.965136], [-119.616975, 34.965066], [-119.616583, 34.964997], [-119.616235, 34.965069], [-119.615843, 34.964999], [-119.61545, 34.96493], [-119.615058, 34.96486], [-119.61471, 34.964932], [-119.614318, 34.964863], [-119.613926, 34.964793], [-119.613578, 34.964865], [-119.613186, 34.964795], [-119.612794, 34.964726], [-119.612228, 34.964692], [-119.611836, 34.964623], [-119.611488, 34.964694], [-119.611095, 34.964625], [-119.610703, 34.964556], [-119.610311, 34.964486], [-119.609963, 34.964558], [-119.609615, 34.964629], [-119.609223, 34.96456], [-119.608831, 34.96449], [-119.608439, 34.964421], [-119.608047, 34.964352], [-119.60748, 34.964318], [-119.607132, 34.964389], [-119.606522, 34.964215], [-119.606174, 34.964286], [-119.605608, 34.964253], [-119.604998, 34.964078], [-119.604606, 34.964009], [-119.604214, 34.963939], [-119.603647, 34.963906], [-119.603037, 34.963731], [-119.602645, 34.963662], [-119.602253, 34.963592], [-119.601861, 34.963523], [-119.601469, 34.963453], [-119.601077, 34.963384], [-119.600684, 34.963315], [-119.600292, 34.963245], [-119.5999, 34.963176], [-119.599508, 34.963106], [-119.599072, 34.962896], [-119.59868, 34.962827], [-119.598288, 34.962757], [-119.597721, 34.962724], [-119.597329, 34.962654], [-119.596763, 34.96262], [-119.596371, 34.962551], [-119.596023, 34.962622], [-119.595631, 34.962553], [-119.595239, 34.962484], [-119.594847, 34.962414], [-119.594455, 34.962345], [-119.594063, 34.962275], [-119.59367, 34.962206], [-119.593278, 34.962136], [-119.592886, 34.962067], [-119.592494, 34.961998], [-119.592102, 34.961928], [-119.59171, 34.961859], [-119.591318, 34.961789], [-119.590926, 34.96172], [-119.590578, 34.961791], [-119.590186, 34.961722], [-119.589619, 34.961688], [-119.589227, 34.961619], [-119.588835, 34.961549], [-119.588443, 34.96148], [-119.588051, 34.96141], [-119.587659, 34.961341], [-119.587223, 34.96113], [-119.586831, 34.961061], [-119.586394, 34.960851], [-119.586002, 34.960781], [-119.58561, 34.960712], [-119.585348, 34.960466], [-119.584956, 34.960396], [-119.58452, 34.960186], [-119.58391, 34.960011], [-119.583518, 34.959942], [-119.583081, 34.959731], [-119.582689, 34.959662], [-119.582253, 34.959452], [-119.581861, 34.959382], [-119.581469, 34.959313], [-119.581033, 34.959102], [-119.580685, 34.959174], [-119.580249, 34.958963], [-119.579638, 34.958789], [-119.579246, 34.958719], [-119.578854, 34.95865], [-119.578506, 34.958721], [-119.578114, 34.958652], [-119.577722, 34.958582], [-119.577112, 34.958408], [-119.576764, 34.958479], [-119.576154, 34.958304], [-119.575762, 34.958235], [-119.57537, 34.958165], [-119.575022, 34.958237], [-119.574586, 34.958026], [-119.574193, 34.957957], [-119.573801, 34.957887], [-119.573409, 34.957818], [-119.573017, 34.957748], [-119.572625, 34.957679], [-119.572277, 34.95775], [-119.571841, 34.95754], [-119.571449, 34.95747], [-119.571057, 34.957401], [-119.570665, 34.957331], [-119.570273, 34.957262], [-119.569881, 34.957192], [-119.569489, 34.957123], [-119.569097, 34.957053], [-119.568705, 34.956984], [-119.568312, 34.956914], [-119.567746, 34.95688], [-119.567398, 34.956952], [-119.566962, 34.956741], [-119.56657, 34.956672], [-119.566004, 34.956638], [-119.565394, 34.956463], [-119.564784, 34.956288], [-119.564218, 34.956254], [-119.563826, 34.956185], [-119.563434, 34.956115], [-119.563042, 34.956046], [-119.56265, 34.955976], [-119.562258, 34.955907], [-119.561866, 34.955837], [-119.561474, 34.955768], [-119.561082, 34.955698], [-119.560253, 34.955418], [-119.559861, 34.955349], [-119.559513, 34.95542], [-119.559077, 34.95521], [-119.558685, 34.95514], [-119.558293, 34.95507], [-119.557901, 34.955001], [-119.557465, 34.95479], [-119.557203, 34.954544], [-119.556941, 34.954298], [-119.556549, 34.954229], [-119.556287, 34.953983], [-119.556025, 34.953737], [-119.555633, 34.953667], [-119.555545, 34.953385], [-119.555109, 34.953175], [-119.554846, 34.952929], [-119.554454, 34.952859], [-119.554366, 34.952578], [-119.553974, 34.952508], [-119.553538, 34.952298], [-119.553276, 34.952051], [-119.552884, 34.951982], [-119.552492, 34.951912], [-119.5521, 34.951843], [-119.551752, 34.951914], [-119.551186, 34.95188], [-119.550838, 34.951951], [-119.550446, 34.951882], [-119.550098, 34.951953], [-119.54975, 34.952024], [-119.549402, 34.952096], [-119.549054, 34.952167], [-119.548488, 34.952133], [-119.547922, 34.952099], [-119.547574, 34.95217], [-119.547226, 34.952242], [-119.546834, 34.952172], [-119.546312, 34.952279], [-119.545746, 34.952245], [-119.54518, 34.952211], [-119.544832, 34.952282], [-119.54444, 34.952213], [-119.544048, 34.952143], [-119.543656, 34.952073], [-119.543264, 34.952004], [-119.542916, 34.952075], [-119.542524, 34.952005], [-119.541914, 34.951831], [-119.541566, 34.951902], [-119.541174, 34.951832], [-119.540782, 34.951763], [-119.54039, 34.951693], [-119.539998, 34.951623], [-119.53965, 34.951695], [-119.53904, 34.95152], [-119.538648, 34.95145], [-119.538256, 34.951381], [-119.537516, 34.951382], [-119.537124, 34.951313], [-119.536732, 34.951243], [-119.53634, 34.951173], [-119.535948, 34.951104], [-119.5356, 34.951175], [-119.534816, 34.951036], [-119.53425, 34.951002], [-119.533858, 34.950932], [-119.533466, 34.950862], [-119.533074, 34.950793], [-119.532682, 34.950723], [-119.53229, 34.950653], [-119.531942, 34.950725], [-119.53155, 34.950655], [-119.530984, 34.950621], [-119.530592, 34.950551], [-119.529852, 34.950553], [-119.529242, 34.950378], [-119.52885, 34.950308], [-119.52811, 34.95031], [-119.527718, 34.95024], [-119.527326, 34.950171], [-119.52676, 34.950136], [-119.526194, 34.950102], [-119.525802, 34.950033], [-119.525454, 34.950104], [-119.525062, 34.950034], [-119.52467, 34.949965], [-119.524278, 34.949895], [-119.523886, 34.949825], [-119.52332, 34.949791], [-119.522928, 34.949722], [-119.52284, 34.94944], [-119.522448, 34.94937], [-119.522056, 34.9493], [-119.521402, 34.948985], [-119.520662, 34.948986], [-119.52027, 34.948916], [-119.519878, 34.948847], [-119.519486, 34.948777], [-119.519138, 34.948848], [-119.518746, 34.948779], [-119.51818, 34.948744], [-119.517788, 34.948675], [-119.517178, 34.9485], [-119.516787, 34.94843], [-119.516439, 34.948501], [-119.515481, 34.948398], [-119.515133, 34.948469], [-119.514611, 34.948575], [-119.513653, 34.948472], [-119.513261, 34.948402], [-119.512869, 34.948332], [-119.512477, 34.948263], [-119.512129, 34.948334], [-119.511563, 34.9483], [-119.511171, 34.94823], [-119.510605, 34.948196], [-119.510257, 34.948267], [-119.509169, 34.948339], [-119.508429, 34.948341], [-119.507863, 34.948307], [-119.507123, 34.948308], [-119.506557, 34.948274], [-119.506165, 34.948204], [-119.505817, 34.948275], [-119.505425, 34.948206], [-119.505077, 34.948277], [-119.504685, 34.948207], [-119.504293, 34.948137], [-119.503727, 34.948103], [-119.503335, 34.948033], [-119.502725, 34.947858], [-119.502333, 34.947789], [-119.501941, 34.947719], [-119.501549, 34.947649], [-119.501157, 34.947579], [-119.500765, 34.94751], [-119.500417, 34.947581], [-119.499981, 34.94737], [-119.49959, 34.9473], [-119.499198, 34.947231], [-119.498762, 34.94702], [-119.49837, 34.94695], [-119.497978, 34.946881], [-119.497586, 34.946811], [-119.497194, 34.946741], [-119.496802, 34.946671], [-119.496192, 34.946496], [-119.4958, 34.946426], [-119.495452, 34.946498], [-119.495016, 34.946287], [-119.494624, 34.946217], [-119.494188, 34.946006], [-119.493797, 34.945937], [-119.493405, 34.945867], [-119.493057, 34.945938], [-119.492621, 34.945727], [-119.492229, 34.945658], [-119.491837, 34.945588], [-119.491489, 34.945659], [-119.491097, 34.945589], [-119.490705, 34.945519], [-119.490357, 34.94559], [-119.489791, 34.945556], [-119.489051, 34.945558], [-119.488659, 34.945488], [-119.488311, 34.945559], [-119.487963, 34.94563], [-119.487571, 34.94556], [-119.487005, 34.945526], [-119.486613, 34.945456], [-119.485873, 34.945457], [-119.485481, 34.945388], [-119.485133, 34.945459], [-119.484741, 34.945389], [-119.48435, 34.945319], [-119.483958, 34.945249], [-119.48361, 34.94532], [-119.483218, 34.945251], [-119.482652, 34.945216], [-119.48226, 34.945147], [-119.481912, 34.945218], [-119.48139, 34.945324], [-119.480998, 34.945254], [-119.48065, 34.945325], [-119.480302, 34.945397], [-119.479954, 34.945468], [-119.479606, 34.945539], [-119.479214, 34.945469], [-119.478866, 34.94554], [-119.478518, 34.945611], [-119.47817, 34.945682], [-119.477822, 34.945753], [-119.47743, 34.945683], [-119.477082, 34.945754], [-119.476734, 34.945825], [-119.476386, 34.945896], [-119.475994, 34.945827], [-119.475472, 34.945933], [-119.475124, 34.946004], [-119.474732, 34.945934], [-119.47434, 34.945865], [-119.473818, 34.945971], [-119.473426, 34.945901], [-119.473034, 34.945832], [-119.472642, 34.945762], [-119.47225, 34.945692], [-119.471858, 34.945622], [-119.47151, 34.945693], [-119.471118, 34.945623], [-119.470204, 34.94566], [-119.469508, 34.945802], [-119.46916, 34.945873], [-119.468594, 34.945839], [-119.468246, 34.94591], [-119.46768, 34.945875], [-119.467158, 34.945982], [-119.46681, 34.946053], [-119.466288, 34.94616], [-119.46594, 34.946231], [-119.465592, 34.946302], [-119.4652, 34.946232], [-119.464852, 34.946303], [-119.46433, 34.946409], [-119.463982, 34.94648], [-119.46359, 34.94641], [-119.463242, 34.946481], [-119.462894, 34.946552], [-119.462502, 34.946483], [-119.46198, 34.946589], [-119.461632, 34.94666], [-119.461328, 34.946872], [-119.460849, 34.947119], [-119.460501, 34.94719], [-119.460153, 34.947262], [-119.459675, 34.947509], [-119.459327, 34.94758], [-119.458849, 34.947827], [-119.458588, 34.94818], [-119.45824, 34.948251], [-119.457936, 34.948463], [-119.45785, 34.94878], [-119.457502, 34.948851], [-119.457197, 34.949063], [-119.456937, 34.949416], [-119.456589, 34.949487], [-119.456285, 34.949699], [-119.455981, 34.949911], [-119.455676, 34.950123], [-119.455372, 34.950335], [-119.455068, 34.950547], [-119.454764, 34.950758], [-119.454677, 34.951076], [-119.454329, 34.951147], [-119.454025, 34.951359], [-119.453939, 34.951676], [-119.453634, 34.951888], [-119.45333, 34.9521], [-119.45307, 34.952452], [-119.452983, 34.95277], [-119.452897, 34.953087], [-119.452593, 34.953299], [-119.452506, 34.953616], [-119.452246, 34.953969], [-119.45216, 34.954286], [-119.452073, 34.954604], [-119.451987, 34.954921], [-119.451901, 34.955238], [-119.451814, 34.955555], [-119.451728, 34.955873], [-119.451816, 34.956155], [-119.451729, 34.956472], [-119.451817, 34.956754], [-119.451905, 34.957035], [-119.451818, 34.957353], [-119.451906, 34.957635], [-119.451994, 34.957916], [-119.451907, 34.958234], [-119.451995, 34.958515], [-119.452083, 34.958797], [-119.45217, 34.959079], [-119.452258, 34.959361], [-119.452172, 34.959678], [-119.452433, 34.959924], [-119.452521, 34.960206], [-119.452609, 34.960488], [-119.452697, 34.96077], [-119.452784, 34.961052], [-119.453046, 34.961298], [-119.453134, 34.96158], [-119.453221, 34.961861], [-119.453483, 34.962108], [-119.453615, 34.96253], [-119.453702, 34.962812], [-119.45379, 34.963094], [-119.453878, 34.963376], [-119.45414, 34.963622], [-119.454227, 34.963904], [-119.454315, 34.964186], [-119.454403, 34.964467], [-119.45449, 34.964749], [-119.454578, 34.965031], [-119.45484, 34.965277], [-119.454928, 34.965559], [-119.455015, 34.965841], [-119.454929, 34.966158], [-119.455017, 34.96644], [-119.455104, 34.966722], [-119.455192, 34.967004], [-119.45528, 34.967285], [-119.455194, 34.967603], [-119.455281, 34.967884], [-119.455195, 34.968202], [-119.455109, 34.968519], [-119.454804, 34.968731], [-119.454718, 34.969048], [-119.454457, 34.969401], [-119.454197, 34.969754], [-119.454111, 34.970071], [-119.453632, 34.970318], [-119.453328, 34.97053], [-119.453024, 34.970742], [-119.452719, 34.970954], [-119.452415, 34.971166], [-119.452067, 34.971237], [-119.451806, 34.97159], [-119.451502, 34.971802], [-119.451198, 34.972014], [-119.450893, 34.972225], [-119.450589, 34.972437], [-119.450241, 34.972508], [-119.450154, 34.972826], [-119.44985, 34.973037], [-119.449764, 34.973355], [-119.449503, 34.973707], [-119.449591, 34.973989], [-119.449505, 34.974307], [-119.449418, 34.974624], [-119.449332, 34.974941], [-119.449071, 34.975294], [-119.448985, 34.975611], [-119.448898, 34.975928], [-119.448594, 34.97614], [-119.448508, 34.976458], [-119.448421, 34.976775], [-119.448117, 34.976987], [-119.447857, 34.977339], [-119.447552, 34.977551], [-119.447466, 34.977869], [-119.447161, 34.978081], [-119.446857, 34.978292], [-119.446553, 34.978504], [-119.446292, 34.978857], [-119.44577, 34.978963], [-119.445465, 34.979175], [-119.445161, 34.979387], [-119.444857, 34.979599], [-119.444552, 34.979811], [-119.444292, 34.980164], [-119.443987, 34.980376], [-119.443683, 34.980587], [-119.443379, 34.980799], [-119.443118, 34.981152], [-119.442858, 34.981505], [-119.442553, 34.981717], [-119.442467, 34.982034], [-119.441902, 34.982598], [-119.441815, 34.982916], [-119.441729, 34.983233], [-119.441382, 34.983903], [-119.441078, 34.984115], [-119.440643, 34.984503], [-119.440382, 34.984856], [-119.440078, 34.985068], [-119.439774, 34.98528], [-119.439513, 34.985632], [-119.439209, 34.985844], [-119.43947, 34.98609], [-119.439384, 34.986408], [-119.439297, 34.986725], [-119.439385, 34.987007], [-119.439299, 34.987324], [-119.439212, 34.987641], [-119.438952, 34.987994], [-119.438691, 34.988347], [-119.438605, 34.988664], [-119.4383, 34.988876], [-119.438214, 34.989193], [-119.437909, 34.989405], [-119.437823, 34.989722], [-119.437736, 34.99004], [-119.437476, 34.990392], [-119.437171, 34.990604], [-119.437085, 34.990921], [-119.43678, 34.991133], [-119.43652, 34.991486], [-119.436215, 34.991698], [-119.436129, 34.992015], [-119.435825, 34.992227], [-119.435564, 34.99258], [-119.435259, 34.992792], [-119.434999, 34.993144], [-119.434694, 34.993356], [-119.434608, 34.993673], [-119.434303, 34.993885], [-119.433999, 34.994097], [-119.433695, 34.994309], [-119.433608, 34.994626], [-119.433304, 34.994838], [-119.433217, 34.995155], [-119.432913, 34.995367], [-119.432652, 34.99572], [-119.432348, 34.995932], [-119.432087, 34.996284], [-119.432, 34.996602], [-119.43174, 34.996954], [-119.431131, 34.997378], [-119.430826, 34.99759], [-119.430522, 34.997802], [-119.430217, 34.998013], [-119.429913, 34.998225], [-119.429608, 34.998437], [-119.42926, 34.998508], [-119.428956, 34.99872], [-119.428651, 34.998932], [-119.428347, 34.999143], [-119.428042, 34.999355], [-119.427956, 34.999673], [-119.427869, 34.99999], [-119.427783, 35.000307], [-119.427696, 35.000624], [-119.427392, 35.000836], [-119.427305, 35.001153], [-119.427219, 35.001471], [-119.427132, 35.001788], [-119.426871, 35.002141], [-119.426785, 35.002458], [-119.426698, 35.002775], [-119.426612, 35.003092], [-119.426525, 35.00341], [-119.426613, 35.003691], [-119.426526, 35.004009], [-119.42644, 35.004326], [-119.426528, 35.004608], [-119.426441, 35.004925], [-119.426355, 35.005242], [-119.426442, 35.005524], [-119.426356, 35.005841], [-119.426269, 35.006159], [-119.426008, 35.006511], [-119.426096, 35.006793], [-119.425835, 35.007146], [-119.425749, 35.007463], [-119.425488, 35.007816], [-119.425184, 35.008028], [-119.425097, 35.008345], [-119.424749, 35.008416], [-119.424488, 35.008768], [-119.42414, 35.008839], [-119.423835, 35.009051], [-119.423531, 35.009263], [-119.423182, 35.009334], [-119.422878, 35.009546], [-119.422529, 35.009616], [-119.422225, 35.009828], [-119.421876, 35.009899], [-119.421398, 35.010146], [-119.421049, 35.010217], [-119.420745, 35.010429], [-119.420528, 35.010923], [-119.420223, 35.011134], [-119.419962, 35.011487], [-119.419702, 35.01184], [-119.419441, 35.012193], [-119.41918, 35.012545], [-119.419094, 35.012862], [-119.418833, 35.013215], [-119.418746, 35.013532], [-119.418485, 35.013885], [-119.418225, 35.014238], [-119.418138, 35.014555], [-119.417877, 35.014908], [-119.417617, 35.01526], [-119.417312, 35.015472], [-119.417051, 35.015825], [-119.41679, 35.016178], [-119.416486, 35.016389], [-119.416399, 35.016707], [-119.416095, 35.016918], [-119.41579, 35.01713], [-119.415486, 35.017342], [-119.415399, 35.017659], [-119.415138, 35.018012], [-119.414877, 35.018365], [-119.414791, 35.018682], [-119.414704, 35.018999], [-119.414618, 35.019316], [-119.414531, 35.019633], [-119.414444, 35.019951], [-119.414358, 35.020268], [-119.414445, 35.02055], [-119.414359, 35.020867], [-119.414272, 35.021184], [-119.414186, 35.021502], [-119.413925, 35.021854], [-119.413838, 35.022171], [-119.413577, 35.022524], [-119.413491, 35.022841], [-119.413404, 35.023159], [-119.4131, 35.02337], [-119.412795, 35.023582], [-119.41249, 35.023794], [-119.412186, 35.024006], [-119.411837, 35.024077], [-119.411489, 35.024147], [-119.410966, 35.024254], [-119.410618, 35.024325], [-119.410139, 35.024572], [-119.40979, 35.024643], [-119.409442, 35.024713], [-119.409093, 35.024784], [-119.408745, 35.024855], [-119.408397, 35.024926], [-119.408048, 35.024997], [-119.407743, 35.025209], [-119.407395, 35.025279], [-119.406872, 35.025386], [-119.406524, 35.025457], [-119.406175, 35.025527], [-119.405871, 35.025739], [-119.405522, 35.02581], [-119.405174, 35.025881], [-119.404825, 35.025952], [-119.404477, 35.026023], [-119.404172, 35.026234], [-119.403824, 35.026305], [-119.403475, 35.026376], [-119.403171, 35.026588], [-119.402822, 35.026659], [-119.402517, 35.02687], [-119.402169, 35.026941], [-119.401864, 35.027153], [-119.401516, 35.027224], [-119.401167, 35.027295], [-119.400819, 35.027365], [-119.400514, 35.027577], [-119.400166, 35.027648], [-119.399817, 35.027719], [-119.399469, 35.02779], [-119.398946, 35.027896], [-119.398598, 35.027967], [-119.398075, 35.028073], [-119.397552, 35.028179], [-119.397204, 35.02825], [-119.396855, 35.028321], [-119.396507, 35.028392], [-119.396158, 35.028462], [-119.39581, 35.028533], [-119.395461, 35.028604], [-119.395157, 35.028816], [-119.394852, 35.029027], [-119.394547, 35.029239], [-119.394242, 35.029451], [-119.393938, 35.029663], [-119.393851, 35.02998], [-119.393546, 35.030192], [-119.393285, 35.030544], [-119.393199, 35.030861], [-119.392938, 35.031214], [-119.392851, 35.031531], [-119.392764, 35.031849], [-119.392678, 35.032166], [-119.392591, 35.032483], [-119.392504, 35.0328], [-119.392418, 35.033117], [-119.392113, 35.033329], [-119.3922, 35.033611], [-119.391896, 35.033823], [-119.391809, 35.03414], [-119.391548, 35.034492], [-119.391243, 35.034704], [-119.391157, 35.035021], [-119.390852, 35.035233], [-119.390591, 35.035586], [-119.390286, 35.035797], [-119.390025, 35.03615], [-119.38972, 35.036362], [-119.389459, 35.036714], [-119.389199, 35.037067], [-119.388894, 35.037279], [-119.388807, 35.037596], [-119.388502, 35.037808], [-119.388198, 35.038019], [-119.388111, 35.038337], [-119.387806, 35.038548], [-119.387501, 35.03876], [-119.38724, 35.039113], [-119.386979, 35.039465], [-119.386675, 35.039677], [-119.38637, 35.039889], [-119.386283, 35.040206], [-119.385934, 35.040277], [-119.38563, 35.040488], [-119.385281, 35.040559], [-119.384933, 35.04063], [-119.384584, 35.040701], [-119.384105, 35.040948], [-119.383582, 35.041054], [-119.383234, 35.041125], [-119.382885, 35.041195], [-119.382537, 35.041266], [-119.382014, 35.041372], [-119.381665, 35.041443], [-119.381317, 35.041514], [-119.380968, 35.041585], [-119.380619, 35.041655], [-119.380271, 35.041726], [-119.379748, 35.041832], [-119.379399, 35.041903], [-119.379051, 35.041974], [-119.378572, 35.042221], [-119.378223, 35.042292], [-119.377918, 35.042503], [-119.377439, 35.04275], [-119.377004, 35.043138], [-119.376655, 35.043209], [-119.376176, 35.043456], [-119.375872, 35.043668], [-119.375567, 35.04388], [-119.375218, 35.04395], [-119.374957, 35.044303], [-119.374652, 35.044515], [-119.374347, 35.044726], [-119.374043, 35.044938], [-119.373738, 35.04515], [-119.373433, 35.045361], [-119.373128, 35.045573], [-119.372867, 35.045925], [-119.372388, 35.046172], [-119.372083, 35.046384], [-119.371604, 35.046631], [-119.371299, 35.046843], [-119.370994, 35.047054], [-119.370733, 35.047407], [-119.370428, 35.047619], [-119.370124, 35.04783], [-119.369862, 35.048183], [-119.369558, 35.048395], [-119.369078, 35.048642], [-119.368774, 35.048853], [-119.368469, 35.049065], [-119.368164, 35.049277], [-119.367903, 35.049629], [-119.367598, 35.049841], [-119.367162, 35.050229], [-119.366858, 35.05044], [-119.366509, 35.050511], [-119.366074, 35.050899], [-119.365594, 35.051146], [-119.365071, 35.051252], [-119.364767, 35.051464], [-119.364418, 35.051534], [-119.364113, 35.051746], [-119.363808, 35.051958], [-119.363503, 35.052169], [-119.363198, 35.052381], [-119.362894, 35.052593], [-119.362589, 35.052804], [-119.362284, 35.053016], [-119.361979, 35.053228], [-119.36163, 35.053298], [-119.361151, 35.053545], [-119.360802, 35.053616], [-119.360454, 35.053687], [-119.360105, 35.053757], [-119.359757, 35.053828], [-119.358885, 35.054005], [-119.358362, 35.054111], [-119.358013, 35.054182], [-119.357665, 35.054252], [-119.357316, 35.054323], [-119.356967, 35.054394], [-119.356619, 35.054464], [-119.355922, 35.054606], [-119.355399, 35.054712], [-119.35505, 35.054783], [-119.354658, 35.054712], [-119.354309, 35.054783], [-119.353917, 35.054713], [-119.353568, 35.054783], [-119.353045, 35.054889], [-119.352653, 35.054819], [-119.352304, 35.05489], [-119.351912, 35.05482], [-119.351563, 35.05489], [-119.351171, 35.05482], [-119.350778, 35.05475], [-119.35043, 35.054821], [-119.350037, 35.05475], [-119.349122, 35.054786], [-119.348555, 35.054751], [-119.348032, 35.054857], [-119.34764, 35.054787], [-119.347291, 35.054858], [-119.346899, 35.054787], [-119.34655, 35.054858], [-119.346158, 35.054788], [-119.345809, 35.054858], [-119.345242, 35.054824], [-119.344894, 35.054894], [-119.344545, 35.054965], [-119.343979, 35.05493], [-119.34363, 35.055001], [-119.343281, 35.055071], [-119.342889, 35.055001], [-119.34254, 35.055072], [-119.342148, 35.055001], [-119.341799, 35.055072], [-119.341407, 35.055002], [-119.341058, 35.055072], [-119.340796, 35.054826], [-119.340448, 35.054897], [-119.340099, 35.054967], [-119.339707, 35.054897], [-119.339314, 35.054827], [-119.338966, 35.054897], [-119.338617, 35.054968], [-119.338225, 35.054898], [-119.337876, 35.054968], [-119.337484, 35.054898], [-119.336917, 35.054863], [-119.336568, 35.054934], [-119.336176, 35.054863], [-119.335827, 35.054934], [-119.335435, 35.054864], [-119.335043, 35.054793], [-119.334694, 35.054864], [-119.334345, 35.054935], [-119.333953, 35.054864], [-119.333561, 35.054794], [-119.333212, 35.054865], [-119.33282, 35.054794], [-119.332471, 35.054865], [-119.332079, 35.054795], [-119.33173, 35.054865], [-119.331338, 35.054795], [-119.330989, 35.054866], [-119.330597, 35.054795], [-119.330074, 35.054901], [-119.329507, 35.054866], [-119.329115, 35.054796], [-119.328766, 35.054867], [-119.328374, 35.054796], [-119.327981, 35.054726], [-119.327415, 35.054691], [-119.327066, 35.054762], [-119.326674, 35.054691], [-119.326325, 35.054762], [-119.325976, 35.054832], [-119.325584, 35.054762], [-119.325192, 35.054692], [-119.324843, 35.054762], [-119.324494, 35.054833], [-119.324102, 35.054763], [-119.32371, 35.054692], [-119.323361, 35.054763], [-119.323012, 35.054834], [-119.32262, 35.054763], [-119.322228, 35.054693], [-119.321879, 35.054763], [-119.321487, 35.054693], [-119.321138, 35.054764], [-119.320746, 35.054693], [-119.320397, 35.054764], [-119.320005, 35.054694], [-119.319656, 35.054764], [-119.319264, 35.054694], [-119.318871, 35.054624], [-119.318523, 35.054694], [-119.31813, 35.054624], [-119.317782, 35.054694], [-119.317389, 35.054624], [-119.316866, 35.05473], [-119.316518, 35.0548], [-119.316125, 35.05473], [-119.31582, 35.054942]]}}
]
}
